,obj_ID,alpha,delta,u,g,r,i,z,run_ID,rerun_ID,cam_col,field_ID,spec_obj_ID,class,redshift,plate,MJD,fiber_ID
59674,1.2376793228627151e+18,38.1085457990656,-4.56185996643927,24.88282,22.73346,22.09007,21.90676,22.09997,7881,301,3,276,1.049228693045224e+19,GALAXY,0.885777,9319,58043,93
853,1.2376634787254776e+18,341.439508727364,-0.271693793301624,21.90152,23.33696,21.31207,20.20925,19.34572,4192,301,3,232,1.0302238544614414e+19,GALAXY,0.9257445,9150,58043,925
86929,1.2376792552097068e+18,37.5476173595254,-3.54203213547634,23.71694,22.99913,23.83202,21.50384,22.97031,7865,301,5,165,1.049250188497547e+19,GALAXY,1.07563,9319,58043,875
39708,1.237663479261693e+18,339.988738024678,0.0784398978991191,25.78359,23.08053,21.51049,20.48397,19.59986,4192,301,4,222,1.0302155531486515e+19,GALAXY,0.6582459,9150,58043,623
32482,1.2376786184759547e+18,324.274124280958,1.58634768979605,21.61619,21.30076,21.18163,20.94457,21.04649,7717,301,3,91,1.0316834286595232e+19,QSO,1.924694,9163,58043,776
11662,1.237678597537596e+18,323.355881379806,2.13741911128214,21.06315,20.67923,20.39056,20.49134,20.42321,7712,301,4,85,1.0316774912967332e+19,QSO,1.010389,9163,58043,560
61474,1.2376793228622566e+18,37.1086542582677,-4.52594357026922,22.3537,22.22798,21.73524,21.19611,20.67804,7881,301,3,269,1.0492350702126651e+19,GALAXY,0.8930632,9319,58043,325
89192,1.2376792552096412e+18,37.3718666379798,-3.42826221543664,26.56256,22.55008,23.08574,22.6236,21.64147,7865,301,5,164,1.0492487316446405e+19,GALAXY,0.9418268,9319,58043,822
6923,1.2376792546730314e+18,37.9689946148591,-3.89898045070871,23.22944,23.00701,21.40472,21.89845,21.02765,7865,301,4,168,1.0492293527522e+19,GALAXY,0.4321865,9319,58043,117
8899,1.2376799982336748e+18,339.546781741505,-1.71090325514235,25.84624,23.64051,22.17637,20.93344,19.98602,8038,301,5,83,1.0302105503707451e+19,GALAXY,0.6531492,9150,58043,441
18951,1.237678597537792e+18,323.8375880745,2.1923537055967,19.79872,19.40881,19.36359,18.82294,18.66698,7712,301,4,88,1.0316806523926632e+19,QSO,0.4484404,9163,58043,675
76462,1.2376792552092467e+18,36.4427343292321,-3.48988199651319,23.09651,21.96937,21.49453,20.91697,20.67013,7865,301,5,158,1.0492435639399895e+19,GALAXY,0.7345859,9319,58043,634
94562,1.2376792541362916e+18,38.2758942258646,-4.24547539955475,21.59396,23.1837,21.35838,20.69086,20.25779,7865,301,3,170,1.0492279233870844e+19,GALAXY,0.7478494,9319,58043,65
12662,1.237678597537596e+18,323.368479651822,2.09640119679336,21.83497,21.84059,21.90944,21.68125,21.26449,7712,301,4,85,1.0316776287356869e+19,QSO,2.086027,9163,58043,565
20920,1.2376785975385137e+18,325.528900703525,2.14602949465014,21.58301,21.3586,21.07288,20.85673,20.36143,7712,301,4,99,1.0316891186322e+19,QSO,1.41282,9163,58043,983
2772,1.2376634588527342e+18,323.011263684035,0.965574993716152,22.53833,21.6549,21.26357,20.87731,20.6147,4187,301,6,102,1.0316753472490592e+19,GALAXY,1.263215,9163,58043,482
13110,1.2376786184757583e+18,323.807747862831,1.63058268930373,23.84572,23.36625,22.05199,20.55342,19.64332,7717,301,3,88,1.0316811471729e+19,STAR,8.877727e-05,9163,58043,693
63073,1.2376788799628908e+18,36.57211389079,-2.63910863173022,22.06465,22.05946,21.76873,21.55767,21.07852,7778,301,2,561,1.0492444985248731e+19,QSO,1.102316,9319,58043,668
42264,1.237663479261889e+18,340.430741723633,0.198444438231385,20.51487,20.20351,19.95679,20.01874,19.92678,4192,301,4,225,1.0302179720742328e+19,QSO,0.9888262,9150,58043,711
71217,1.2376637831198804e+18,351.38660013711,-0.739873509913798,20.58048,20.44359,20.18147,20.20352,20.18426,4263,301,2,58,1.0307646217677724e+19,QSO,1.154936,9155,58043,118
34958,1.237679998234068e+18,340.437886685645,-1.79996080446787,23.95503,24.44694,22.53944,21.33697,19.98894,8038,301,5,89,1.0302074717381876e+19,GALAXY,0.8175306,9150,58043,329
76771,1.237678617938888e+18,323.912690074982,1.20588435651937,26.7856,22.80841,22.25649,20.91692,19.92155,7717,301,2,88,1.031670701812432e+19,GALAXY,0.7701967,9163,58043,313
61348,1.237679322862781e+18,38.2457297076747,-4.47977496436862,23.02545,22.42909,21.63512,20.88041,20.62373,7881,301,3,277,1.0492288579719682e+19,GALAXY,0.7035329,9319,58043,99
2937,1.237663458853389e+18,324.37006497211,0.944689356681435,24.01639,22.91194,21.92953,20.66899,19.94918,4187,301,6,112,1.0316682279112692e+19,GALAXY,0.7259385,9163,58043,223
36056,1.237656906346726e+18,340.868778734605,-0.845750200275813,25.29871,22.80663,22.19319,22.0641,22.09744,2662,301,1,155,1.0302049153736528e+19,QSO,2.997177,9150,58043,236
20807,1.237678617938954e+18,324.036828125166,1.05420988258045,24.80675,24.05857,22.50991,21.01179,19.78243,7717,301,2,89,1.0316705368856875e+19,GALAXY,0.690564,9163,58043,307
63881,1.2376571909006953e+18,349.647620848602,-0.171161277210062,24.54122,24.75902,23.35447,20.6632,18.81916,2728,301,3,344,1.0307758092985848e+19,STAR,2.244912e-05,9155,58043,525
88608,1.2376786179395425e+18,325.298202665855,1.1375571600152,19.62751,19.27454,18.70303,18.63308,18.67644,7717,301,2,98,1.0316640772548743e+19,QSO,1.326102,9163,58043,72
87806,1.2376786179391496e+18,324.519376011228,1.18815246111974,21.81566,21.46446,21.3786,21.42118,21.16619,7717,301,2,92,1.0316672108630137e+19,STAR,-0.0002371779,9163,58043,186
37802,1.2376634792622172e+18,341.103685365167,0.0320500824956508,26.67826,24.5334,22.01525,20.73459,19.87836,4192,301,4,230,1.0302223151451623e+19,GALAXY,0.652125,9150,58043,869
788,1.2376634787247567e+18,339.773912446339,-0.379776613349852,24.87718,23.058,22.22028,21.1415,19.95624,4192,301,3,221,1.030214178759117e+19,QSO,1.018138,9150,58043,573
41513,1.237663479261955e+18,340.566864132236,0.0903273874351441,22.32915,22.98938,21.85756,20.59529,19.70114,4192,301,4,226,1.0302192365126e+19,GALAXY,0.769887,9150,58043,757
60408,1.2376793228624532e+18,37.5297156161865,-4.43255673646158,24.91814,22.16315,21.45009,20.82489,20.60129,7881,301,3,272,1.04923328350627e+19,GALAXY,0.6649171,9319,58043,260
79559,1.2376634787255424e+18,341.548848965483,-0.247672884696118,21.32734,21.04142,20.79715,20.54294,20.62663,4192,301,3,233,1.0302243217538832e+19,QSO,1.532022,9150,58043,942
46320,1.2376788879886912e+18,36.4133731234968,-3.36206131377295,25.98651,23.26208,23.40236,22.32248,21.84703,7780,301,1,145,1.0492433715254548e+19,GALAXY,0.9480103,9319,58043,627
9809,1.2376785964645747e+18,325.114669203969,1.36105400586921,21.34739,20.91992,20.86308,20.58972,20.7486,7712,301,2,96,1.0316647369618512e+19,QSO,1.696445,9163,58043,96
39779,1.2376786174021478e+18,324.159806876592,0.834817463215158,23.32608,21.86419,21.27422,20.96897,20.5379,7717,301,1,90,1.0316702894955717e+19,QSO,2.329271,9163,58043,298
17875,1.237678597538317e+18,324.995322428533,2.27970621364251,21.71974,21.48303,21.01538,21.03214,21.6456,7712,301,4,96,1.0316869745845228e+19,GALAXY,0.249212,9163,58043,905
52979,1.2376785975380552e+18,324.491307934723,2.16074931424816,22.06184,20.81943,19.75732,19.28303,19.14013,7712,301,4,92,1.0316839509275464e+19,GALAXY,0.1819497,9163,58043,795
88201,1.2376792552101647e+18,38.6079493776862,-3.52661016933168,24.63586,22.98591,22.8729,21.55898,21.56234,7865,301,5,172,1.049252167618477e+19,GALAXY,0.7682124,9319,58043,947
68709,1.2376792552098373e+18,37.8617690187496,-3.56867760199361,22.39387,22.47739,21.82834,21.19378,21.66825,7865,301,5,167,1.049250545838826e+19,GALAXY,0.8895003,9319,58043,888
30993,1.2376786179389532e+18,324.013205832566,1.19184405329446,22.3999,22.30476,21.8111,21.46958,21.36375,7717,301,2,89,1.0316705093979e+19,GALAXY,0.720858,9163,58043,306
79350,1.23766347872528e+18,341.002488688327,-0.331753081609306,21.5318,20.66298,20.3982,20.22842,19.99458,4192,301,3,229,1.0302219852916742e+19,QSO,2.193009,9150,58043,857
64591,1.2376792552093783e+18,36.7290840044283,-3.58432206308924,25.95969,22.65095,21.75093,20.88427,20.6146,7865,301,5,160,1.0492457629632453e+19,GALAXY,0.7619871,9319,58043,714
46063,1.2376785980747945e+18,324.062689934311,2.72727317134375,21.40476,21.12878,21.12048,20.81689,20.97213,7712,301,5,90,1.0316814495385932e+19,QSO,1.708997,9163,58043,704
12401,1.2376785964641815e+18,324.1328358096,1.33013980243235,20.26866,20.10304,19.94849,19.76422,19.66154,7712,301,2,90,1.0316696572763857e+19,QSO,1.510097,9163,58043,275
61279,1.237679255209509e+18,37.0704192841322,-3.54199016105982,22.54655,22.22466,21.70891,21.3331,20.86966,7865,301,5,162,1.0492460378411522e+19,GALAXY,0.9051946,9319,58043,724
79314,1.2376637831196183e+18,350.74424737187,-0.632132861699992,21.96251,21.9449,21.43921,21.23038,21.12172,4263,301,2,54,1.030782818685212e+19,QSO,1.140433,9155,58043,780
45098,1.2376785980751224e+18,324.826994534234,2.64367563525695,22.2074,22.59039,22.10266,22.05024,21.31364,7712,301,5,95,1.0316859300484764e+19,QSO,0.9122155,9163,58043,867
9924,1.237678597538054e+18,324.485349544768,2.18151025543871,18.52436,17.55066,17.13126,16.98332,16.92586,7712,301,4,92,1.031683923439756e+19,STAR,-0.0002593251,9163,58043,794
65304,1.2376788799631532e+18,37.2587037021588,-2.58818340056957,22.81015,22.83892,22.433,21.81157,21.4021,7778,301,2,565,1.0492416123068504e+19,GALAXY,0.8928461,9319,58043,563
78839,1.2376637831199465e+18,351.508479992897,-0.828238841813274,25.36088,22.73931,21.3451,20.3404,19.4337,4263,301,2,59,1.0307634397927723e+19,GALAXY,0.6377665,9155,58043,75
79971,1.237679998238524e+18,350.625895083708,-1.8035056138827,22.76291,23.52315,21.52765,20.43867,19.78194,8038,301,5,157,1.030768167692772e+19,GALAXY,0.5767053,9155,58043,247
88001,1.2376792552092475e+18,36.4878797916529,-3.60473138564298,23.47434,22.84417,22.26344,21.55726,20.83414,7865,301,5,158,1.049243261574292e+19,QSO,0.6855502,9319,58043,623
77758,1.2376637831194222e+18,350.386357297354,-0.750608110352529,23.0722,21.17981,20.52685,20.40714,20.02031,4263,301,2,51,1.0307794376869566e+19,QSO,2.646363,9155,58043,657
85053,1.2376571909010885e+18,350.514330245056,-0.199615395906401,23.32267,21.84151,21.69245,21.68511,21.08862,2728,301,3,350,1.0307801798573052e+19,STAR,8.669104e-05,9155,58043,684
41555,1.2376634792622822e+18,341.257949308325,0.0464857337606891,23.04436,21.56871,21.08251,20.82855,20.52234,4192,301,4,231,1.030223524607953e+19,STAR,-0.0002388975,9150,58043,913
78695,1.23766347872528e+18,340.948697197415,-0.332341052960393,22.50598,22.4546,22.19961,21.97944,22.57174,4192,301,3,229,1.0302206658777209e+19,QSO,1.785721,9150,58043,809
48846,1.237678617401952e+18,323.769762835315,0.699462713630309,23.25766,22.20472,21.84525,20.6972,19.95426,7717,301,1,87,1.0316723510798735e+19,GALAXY,0.853505,9163,58043,373
60479,1.23767932286206e+18,36.6470284238828,-4.54145558009073,22.50594,21.88988,21.1492,20.54006,19.95382,7881,301,3,266,1.0492373791870837e+19,GALAXY,0.4365892,9319,58043,409
44566,1.2376634792619548e+18,340.636415762845,0.206781731649505,22.48322,22.24365,21.65047,21.56478,20.87878,4192,301,4,226,1.030219209024814e+19,QSO,0.9137844,9150,58043,756
61098,1.2376793228624532e+18,37.5731331164925,-4.60148926238203,22.36342,22.75465,22.24936,21.46029,22.63921,7881,301,3,272,1.0492318266533632e+19,GALAXY,0.7122424,9319,58043,207
94623,1.2376792541360955e+18,37.8271304458008,-4.29931980247714,22.98363,23.79601,22.26351,21.77957,22.04458,7865,301,3,167,1.0492301498981308e+19,GALAXY,0.8803521,9319,58043,146
43923,1.2376634792620856e+18,340.915268932636,0.0125483060511657,21.65278,21.16391,20.94569,20.84503,20.41455,4192,301,4,228,1.0302199786829535e+19,QSO,2.166481,9150,58043,784
8105,1.2376799982336092e+18,339.483922059533,-1.64639569695145,23.96083,22.96254,21.76707,20.69744,20.00106,8038,301,5,82,1.0302108802242337e+19,GALAXY,0.7746814,9150,58043,453
61285,1.2376793228625183e+18,37.6863864449174,-4.50684158095402,22.14,22.07866,21.31601,20.57645,20.48865,7881,301,3,273,1.0492321839946422e+19,GALAXY,0.7128178,9319,58043,220
36677,1.2376569063463987e+18,340.199011081698,-1.03273202247444,24.74791,23.38172,21.89289,20.56961,19.858,2662,301,1,150,1.0302091210056292e+19,GALAXY,0.7208268,9150,58043,389
68534,1.23767925521023e+18,38.7442256601415,-3.46639765359574,23.12786,22.74812,22.13486,21.56924,21.16407,7865,301,5,173,1.0492523325452212e+19,GALAXY,0.7496575,9319,58043,953
84423,1.2376637831200773e+18,351.787305555334,-0.631284608644397,21.90829,21.97066,21.92879,21.4262,21.67976,4263,301,2,61,1.0307882887555602e+19,QSO,1.812636,9155,58043,979
65783,1.237679255209575e+18,37.2380272488564,-3.60086211327222,22.67181,22.01034,21.64084,21.0292,20.80676,7865,301,5,163,1.049247852035338e+19,GALAXY,0.8442491,9319,58043,790
51999,1.2376785980748595e+18,324.2591457266,2.627141472718,18.73691,17.71581,17.35007,17.1951,17.12573,7712,301,5,91,1.031682659001384e+19,STAR,3.825104e-05,9163,58043,748
17159,1.2376786184895206e+18,355.307496911584,2.13054085268818,24.2332,22.12302,21.45438,21.33943,21.31906,7717,301,3,298,1.033260293262176e+19,GALAXY,1.214464,9177,58044,798
81301,1.237663463146e+18,355.012642819829,1.07693057347549,22.79812,22.52144,21.71057,21.48061,21.03264,4188,301,6,76,1.0332469616836893e+19,QSO,1.217175,9177,58044,313
63500,1.237680327341967e+18,348.223600871975,30.5589350320658,23.72951,23.56975,22.35725,21.22124,19.97224,8115,301,2,181,8.748417508351172e+18,GALAXY,0.8296372,7770,58044,637
38334,1.2376794334503905e+18,12.9363365482809,-3.69498598660543,22.9901,22.69906,22.09585,21.50255,20.58689,7907,301,1,158,1.0513867045187375e+19,GALAXY,0.931671,9338,58044,777
9363,1.2376634626088635e+18,354.37879938768,0.658864601276388,22.20613,21.47264,20.9359,20.8716,20.19895,4188,301,5,72,1.033250672535433e+19,GALAXY,0.1408435,9177,58044,448
32053,1.2376786184896512e+18,355.536071397592,2.15208682527189,19.91886,19.73633,19.51033,19.22589,19.17394,7717,301,3,300,1.0332613927738e+19,QSO,1.575984,9177,58044,838
26639,1.2376785964778127e+18,355.299786903684,1.92066042020094,21.99962,22.40388,21.90638,21.94586,21.82632,7712,301,2,298,1.0332596060674089e+19,QSO,1.085704,9177,58044,773
89929,1.2376803273419668e+18,348.259758299028,30.6371291156353,25.63603,22.18945,21.45761,21.36393,20.83637,8115,301,2,181,8.748415859083728e+18,STAR,-0.0007451861,7770,58044,631
38763,1.2376794334499315e+18,11.9662296570375,-3.67933162835155,22.83581,23.27967,21.80661,21.45508,21.15517,7907,301,1,151,1.0513819216431569e+19,GALAXY,0.0,9338,58044,603
35428,1.2376794334503247e+18,12.8310129481533,-3.56399476639264,23.73895,22.11839,21.60076,20.95722,20.7304,7907,301,1,157,1.0513856324949e+19,GALAXY,0.9642634,9338,58044,738
99767,1.2376794339873265e+18,13.0607159216568,-3.20353927064664,23.63581,22.41118,21.69165,21.37523,22.948,7907,301,2,159,1.0513873092501328e+19,GALAXY,1.019857,9338,58044,799
81606,1.2376794345238694e+18,12.3173726348092,-2.78539306835809,23.34342,22.43078,22.17708,21.77524,21.54782,7907,301,3,154,1.0513824164233892e+19,GALAXY,1.161401,9338,58044,621
90409,1.237656909037372e+18,355.317310344902,1.08367563890551,23.95152,23.81099,22.55265,22.94361,22.45769,2662,301,6,251,1.0332456972453171e+19,QSO,1.349918,9177,58044,267
64020,1.2376803278788375e+18,348.163649913644,31.0888726364919,24.70254,24.66041,21.81008,20.67804,19.78566,8115,301,3,181,8.748414759572101e+18,GALAXY,0.6828046,7770,58044,627
90553,1.237656909037831e+18,356.30796686374,1.05309099140011,23.58412,21.32781,21.08185,21.03352,21.31747,2662,301,6,258,1.0332393200778762e+19,QSO,3.118125,9177,58044,35
81580,1.237679434523739e+18,12.094407936862,-2.70245663303134,23.65607,22.82023,22.09236,21.41813,20.83893,7907,301,3,152,1.0513813993751337e+19,GALAXY,0.74251,9338,58044,584
63319,1.2376792551996134e+18,14.4196085838336,-4.20805734794523,22.50042,22.109,21.31636,20.85601,21.29357,7865,301,5,11,1.0513654289687402e+19,GALAXY,0.8801693,9338,58044,3
70189,1.2376794334502587e+18,12.5983332768308,-3.65300305131608,22.8426,22.25071,21.85383,21.18218,20.57391,7907,301,1,156,1.0513832960326916e+19,QSO,0.6601806,9338,58044,653
34334,1.237680327342098e+18,348.577388286117,30.5835480305867,26.12649,24.4421,22.59461,20.90797,19.94414,8115,301,2,183,8.748435100537214e+18,GALAXY,0.7937121,7770,58044,701
6165,1.237678617415713e+18,355.116002284472,1.29426362993867,22.22948,22.23781,21.72729,21.6903,21.36674,7717,301,1,297,1.0332470991226427e+19,QSO,1.221857,9177,58044,318
66616,1.2376803273426217e+18,349.875319995026,30.9495701996357,22.41324,21.18813,20.39528,19.82888,19.6772,8115,301,2,191,8.748492000263952e+18,QSO,4.52965,7770,58044,908
17656,1.237663462608798e+18,354.227837665513,0.768312180481091,21.10172,20.76809,20.41996,20.33622,20.15458,4188,301,5,71,1.0332511948034562e+19,QSO,1.010811,9177,58044,467
11160,1.2376785964781404e+18,356.130848953138,1.96611468726687,18.61111,17.72275,17.42807,17.32525,17.30806,7712,301,2,303,1.0332639216505475e+19,STAR,-0.000401905,9177,58044,930
69384,1.2376794334502584e+18,12.6125274236441,-3.70464131427204,19.27993,19.13455,18.96393,18.9979,18.94599,7907,301,1,156,1.0513845604710636e+19,QSO,0.9368958,9338,58044,699
98625,1.2376794339877197e+18,13.9624701106909,-3.27783544858972,22.85839,22.09746,21.50583,20.89058,20.43799,7907,301,2,165,1.051390910150714e+19,GALAXY,0.9758971,9338,58044,930
33677,1.237679433450587e+18,13.4374986198699,-3.60643096305293,23.49058,23.33836,21.8513,21.10387,21.40429,7907,301,1,161,1.051388848566412e+19,GALAXY,0.8545436,9338,58044,855
33905,1.2376794334507832e+18,13.81725644814,-3.6503664152699,23.18846,22.98734,22.30411,21.6073,21.48893,7907,301,1,164,1.0513909651263e+19,GALAXY,0.9315285,9338,58044,932
23182,1.2376786174153196e+18,354.321092522914,1.21887897076549,24.63466,21.62017,21.52542,20.62241,21.35367,7717,301,1,291,1.0332514696813631e+19,STAR,-0.0002239347,9177,58044,477
92888,1.2376805297426924e+18,349.715545401772,28.9584112943784,25.253,24.23628,22.57835,21.5363,19.46729,8162,301,3,187,8.748272922572118e+18,STAR,-5.562326e-05,7770,58044,111
30839,1.2376634626087982e+18,354.149072432256,0.641839218275186,23.27384,22.89132,21.52078,20.36515,19.68492,4188,301,5,71,1.0332509749011306e+19,GALAXY,0.6627697,9177,58044,459
34421,1.2376794334507182e+18,13.6783217736915,-3.69891894199689,23.84511,23.33004,22.52944,21.75977,21.31288,7907,301,1,163,1.0513898381268769e+19,GALAXY,0.8964079,9338,58044,891
78471,1.2376785964782065e+18,356.284840536925,1.84257750591935,22.31287,21.88437,21.66495,21.59542,22.07701,7712,301,2,304,1.033264966186594e+19,QSO,4.480655,9177,58044,968
72239,1.2376790791315791e+18,12.8940133365242,-4.16770851573327,22.88765,21.67577,21.82951,21.17132,21.87876,7824,301,5,402,1.0513727407210648e+19,GALAXY,1.074813,9338,58044,269
39771,1.237680529742234e+18,348.604326669703,28.7964180164432,21.5894,21.35123,21.30849,21.03385,20.98121,8162,301,3,180,8.748332571077925e+18,QSO,1.911665,7770,58044,328
14598,1.2376786184893893e+18,355.000388562529,2.04567249304652,20.43629,20.26619,20.04957,19.9266,19.88053,7717,301,3,296,1.0332572696052e+19,QSO,1.392406,9177,58044,688
82038,1.2376664084400704e+18,354.662958736902,0.302143224963014,21.32607,21.29364,20.94462,20.95998,21.08178,4874,301,4,385,1.0332494355848516e+19,QSO,1.359667,9177,58044,403
91709,1.2376803273425556e+18,349.75852038331,30.8653991967426,21.62809,21.36662,21.16348,20.97299,20.69924,8115,301,2,190,8.748492550019766e+18,QSO,1.630257,7770,58044,910
99384,1.2376786184892582e+18,354.693727852404,2.21029485703923,22.38449,22.06467,21.99723,21.49527,21.26889,7717,301,3,294,1.0332557852645e+19,QSO,1.793228,9177,58044,634
35771,1.23767943345039e+18,13.0053749438278,-3.6698264532842,23.10214,22.51864,22.75517,21.66558,20.75903,7907,301,1,158,1.0513875566402492e+19,GALAXY,0.9091054,9338,58044,808
52430,1.2376634626087982e+18,354.172762238058,0.635143030656644,22.36302,25.11466,23.64958,21.56833,19.5086,4188,301,5,71,1.0332509199255493e+19,GALAXY,1.042778,9177,58044,457
97797,1.2376794339875886e+18,13.6945018100562,-3.16132951727647,22.92943,22.66485,22.01466,21.33856,21.49774,7907,301,2,163,1.051390635272807e+19,GALAXY,0.7813005,9338,58044,920
90320,1.2376792551996134e+18,14.4008689615491,-4.17282705613814,22.93064,22.28835,22.18694,21.34157,20.95292,7865,301,5,11,1.0513654014809496e+19,GALAXY,0.868854,9338,58044,2
15634,1.2376786174157135e+18,355.178600816421,1.22058081831327,22.82014,21.88338,20.83717,20.65679,20.16571,7717,301,1,297,1.0332460545866e+19,GALAXY,0.3567697,9177,58044,280
35209,1.2376794334503245e+18,12.7705728632518,-3.53128349644699,23.19389,22.57477,21.97452,20.9181,20.62997,7907,301,1,157,1.0513853301292e+19,GALAXY,0.7103335,9338,58044,727
86474,1.237680309614871e+18,350.154057860787,30.5193179485704,22.41918,22.30455,21.88045,21.75975,22.20144,8111,301,1,23,8.748506843670928e+18,QSO,1.021466,7770,58044,962
42493,1.2376805297422996e+18,348.786459104506,28.9387328200954,23.12137,21.28718,20.65256,20.37842,19.97094,8162,301,3,181,8.748321575961646e+18,STAR,-0.0004946977,7770,58044,288
33198,1.237679433450718e+18,13.7495110981792,-3.70570822973035,23.20403,22.94597,22.09162,21.77692,21.97189,7907,301,1,163,1.0513910475896674e+19,GALAXY,0.8982557,9338,58044,935
33197,1.2376794334502587e+18,12.6579660320965,-3.65795688576854,24.59768,22.68698,22.06961,22.00803,21.42264,7907,301,1,156,1.0513844505199e+19,GALAXY,0.8452833,9338,58044,695
94005,1.2376805313531092e+18,349.028119025358,30.2113315978,24.70163,23.9483,21.68237,20.57982,19.90602,8162,301,6,184,8.748464787351165e+18,GALAXY,0.5717164,7770,58044,809
81160,1.237666408440202e+18,354.872366554896,0.28845678191466,23.83756,23.63194,21.81523,20.53004,19.58034,4874,301,4,387,1.0332482810976424e+19,STAR,5.421687e-05,9177,58044,361
10199,1.2376637831268283e+18,7.32008182180842,-0.725096171432277,24.25942,22.68723,22.92883,21.32475,21.28336,4263,301,2,164,1.0588127235910425e+19,GALAXY,0.7286826,9404,58045,598
49301,1.237678598075778e+18,326.400783677414,2.68765541007665,22.18793,21.6235,21.71319,21.65761,21.55742,7712,301,5,105,1.0317951390442609e+19,STAR,0.000400138,9164,58045,744
42706,1.23766347925586e+18,326.614791215584,0.195334167779456,26.54974,22.29626,21.84684,21.824,21.54239,4192,301,4,133,1.031780295637286e+19,QSO,4.884435,9164,58045,204
431,1.2376637825905464e+18,8.63712835287605,-1.12755828661999,24.58678,24.46593,22.82553,21.62336,22.53122,4263,301,1,173,1.058820859977088e+19,QSO,1.396341,9404,58045,894
40370,1.237678881560528e+18,6.92392993478688,-1.86263520733584,22.89571,23.57789,22.13501,21.88633,21.21231,7778,301,5,363,1.0588096724462752e+19,GALAXY,0.6811675,9404,58045,487
6509,1.2376785959279657e+18,325.620147025707,0.962626169754208,22.29366,21.67668,21.48,21.54706,22.46748,7712,301,1,100,1.0317863704390291e+19,GALAXY,0.09559149,9164,58045,425
53869,1.23767859807545e+18,325.660781294385,2.70690664390228,21.61815,21.45084,21.13159,20.89824,21.13285,7712,301,5,100,1.0317907409977496e+19,QSO,1.193494,9164,58045,584
44001,1.2376786190134812e+18,325.787926088243,2.13510904996602,21.16607,20.24475,19.73064,19.32269,19.2336,7717,301,4,101,1.031791345729145e+19,QSO,1.584457,9164,58045,606
2369,1.2376785980755151e+18,325.788352802546,2.57935001323966,22.63746,22.06437,22.00526,21.8906,21.21479,7712,301,5,101,1.031791977948331e+19,QSO,2.042975,9164,58045,629
17234,1.2376637825903496e+18,8.1277648148887,-1.05994921501391,23.18517,22.91646,22.2078,21.35195,20.55765,4263,301,1,170,1.058817533954414e+19,GALAXY,0.8882542,9404,58045,773
4071,1.237678597538383e+18,325.151402585171,2.22806402328378,25.4358,23.51759,22.86939,20.66332,19.27509,7712,301,4,97,1.031788459511122e+19,STAR,-0.0001574765,9164,58045,501
87880,1.2376788810239844e+18,7.62037687259861,-2.28047713750385,21.08767,22.75562,20.74794,27.18834,24.82069,7778,301,4,368,1.0588054393265084e+19,GALAXY,0.7439822,9404,58045,333
59147,1.237678618476938e+18,326.47483051239,1.71451591858322,24.55677,24.6879,22.33577,20.9903,19.93244,7717,301,3,106,1.0317948916541446e+19,GALAXY,0.8546647,9164,58045,735
39237,1.2376785980757115e+18,326.305856921034,2.66700731100897,19.98124,18.2943,18.0749,18.74955,17.14323,7712,301,5,104,1.031794039532633e+19,STAR,-9.908578e-05,9164,58045,704
74987,1.237678596465755e+18,327.743038023268,1.47758343986461,23.09164,22.22212,22.167,21.94154,21.88937,7712,301,2,114,1.0317756776884492e+19,QSO,2.745981,9164,58045,36
2102,1.237678597538449e+18,325.323054450679,2.3365724778384,26.62829,23.79118,22.51077,21.2401,19.97439,7712,301,4,98,1.0317900538029824e+19,GALAXY,0.5328962,9164,58045,559
44140,1.23767861901394e+18,326.868754891926,2.08673112714808,20.50524,20.40612,20.15168,20.10262,20.20348,7717,301,4,108,1.0317978878233303e+19,QSO,1.377763,9164,58045,844
14597,1.237678618477e+18,326.685899133026,1.58604411801494,24.5038,22.74532,21.49451,20.284,19.52192,7717,301,3,107,1.0317972006285627e+19,STAR,-7.848802e-05,9164,58045,819
30922,1.2376786174028685e+18,325.893785801099,0.711033341809212,21.88587,21.811,21.5933,21.72217,21.23778,7717,301,1,101,1.0317847486593784e+19,QSO,1.345634,9164,58045,366
12427,1.2376785964656888e+18,327.646994993077,1.37370003663827,24.58206,23.29251,21.8219,20.63581,19.89141,7712,301,2,113,1.0317766947367e+19,STAR,3.032744e-05,9164,58045,73
78442,1.237678617403328e+18,326.940220644817,0.721064802485852,23.58,24.58974,21.86559,20.7861,19.76007,7717,301,1,108,1.031777849223914e+19,GALAXY,0.8205345,9164,58045,115
19713,1.2376785975385787e+18,325.701127842983,2.1801718282036,26.40409,22.89466,21.95409,20.67513,19.12831,7712,301,4,100,1.0317912082901916e+19,STAR,-5.181538e-05,9164,58045,601
57204,1.237678618477266e+18,327.344480542203,1.76015882305914,25.356,22.37437,21.87085,21.94735,21.87646,7717,301,3,111,1.0318004716756556e+19,QSO,2.99304,9164,58045,938
46763,1.2376785980759089e+18,326.703955640864,2.74429858486803,22.07924,21.73695,21.66167,21.30228,20.52828,7712,301,5,107,1.031797283091935e+19,QSO,1.16957,9164,58045,822
72335,1.237663783127352e+18,8.47486039040536,-0.828218704193999,23.24648,22.26088,21.75206,20.72809,20.39907,4263,301,2,172,1.0588204476602276e+19,GALAXY,0.8004893,9404,58045,879
4104,1.2376786179398715e+18,326.149204083196,1.15613619917296,26.75752,24.45655,21.51336,20.29082,19.58034,7717,301,2,103,1.031784336342518e+19,GALAXY,0.6405165,9164,58045,351
20214,1.2376786179395438e+18,325.409877486715,1.2290488795792,25.25332,23.932,22.02895,20.61303,19.62186,7717,301,2,98,1.0317876348774e+19,GALAXY,0.882912,9164,58045,471
33273,1.2376785980761705e+18,327.264383829947,2.71701411574571,19.21515,18.20545,17.8681,17.7408,17.67252,7712,301,5,111,1.0317994821151904e+19,STAR,-0.0007201091,9164,58045,902
18794,1.2376785964646405e+18,325.245869938043,1.30560644320909,19.94631,19.88399,19.77982,19.76478,19.86666,7712,301,2,97,1.031787744828564e+19,QSO,1.353425,9164,58045,475
58128,1.2376637825906117e+18,8.80518779588429,-1.24729585809903,23.55416,22.45807,21.89606,21.43402,21.67369,4263,301,1,174,1.0588217945619716e+19,GALAXY,0.9885793,9404,58045,928
5944,1.2376637825900877e+18,7.49249603114338,-1.22409657394769,23.81879,23.05846,22.47901,22.02016,21.84715,4263,301,1,166,1.0588132458590657e+19,GALAXY,0.7007921,9404,58045,617
88459,1.2376788810239846e+18,7.65853580648786,-2.15927948062134,23.20207,23.76075,23.19597,21.89464,22.08176,7778,301,4,368,1.058805741692206e+19,GALAXY,0.9040493,9404,58045,344
55767,1.2376786184771343e+18,327.007490741131,1.65866623830174,21.09286,21.04448,20.68461,20.78607,20.44163,7717,301,3,109,1.0317992897006555e+19,QSO,0.99762,9164,58045,895
48397,1.237678597539038e+18,326.68116555106,2.21954405193798,22.56817,21.82708,21.91277,21.88699,21.24607,7712,301,4,107,1.0317967333361211e+19,QSO,2.31029,9164,58045,802
52803,1.2376785980754496e+18,325.690882520406,2.72618229028885,18.98342,17.95575,17.58178,17.44495,17.44171,7712,301,5,100,1.0317906860221684e+19,STAR,-0.0004663914,9164,58045,582
32486,1.2376785980762355e+18,327.428145607474,2.612726026828,17.5311,16.52293,16.17419,16.03068,15.98111,7712,301,5,112,1.031800801529144e+19,STAR,-0.0002232865,9164,58045,950
84030,1.237678619013743e+18,326.321161451707,2.1425563458989,21.13421,20.8303,20.70939,20.75696,20.30217,7717,301,4,105,1.0317945343128656e+19,QSO,0.7376223,9164,58045,722
37694,1.2376785964656238e+18,327.445756374346,1.46473355778506,22.33292,21.82874,21.76876,22.25147,22.56677,7712,301,2,112,1.0317772994681e+19,STAR,0.0003801477,9164,58045,95
77355,1.2376786179398057e+18,326.00846408468,1.26507316967348,25.52955,22.87627,21.34976,20.11641,19.39617,7717,301,2,102,1.031784501269262e+19,GALAXY,0.8185779,9164,58045,357
41799,1.237663479255663e+18,326.130759772972,0.139097465631781,23.8602,22.39911,22.02092,21.79905,22.00725,4192,301,4,130,1.0317835666843783e+19,GALAXY,0.9350556,9164,58045,323
36124,1.2376637825903498e+18,8.10107824832315,-1.1726003916291,23.45144,22.48441,22.09065,21.0088,20.59789,4263,301,1,170,1.058817616417786e+19,GALAXY,0.7449145,9404,58045,776
50897,1.237678598075974e+18,326.879345818381,2.60440381252827,22.03013,22.12166,21.4298,21.35979,20.92703,7712,301,5,108,1.0317973380675164e+19,QSO,1.308604,9164,58045,824
78753,1.237678618476282e+18,325.025599646134,1.68876095060938,19.03123,18.13781,17.88409,17.81497,17.75051,7717,301,3,96,1.0317887618768196e+19,STAR,-0.0004861016,9164,58045,512
68018,1.2376804744453169e+18,348.995157700945,31.844056572858,21.91498,21.8049,21.09998,20.69321,20.76464,8149,301,4,192,8.742769866925431e+18,QSO,1.605262,7765,58047,571
70820,1.2376792552085258e+18,34.7900477181474,-3.57633416352945,22.52725,23.08279,22.76066,23.02292,22.02871,7865,301,5,147,1.0497004660036227e+19,GALAXY,0.9832478,9323,58047,872
51421,1.2376793228612736e+18,34.8684750933174,-4.57219362987255,22.98437,22.55386,22.48455,21.90215,22.4551,7881,301,3,254,1.0496813619890903e+19,GALAXY,0.8876557,9323,58047,177
87960,1.237679255207675e+18,32.8352128086525,-3.63974633517453,24.41456,22.75345,24.20717,22.42524,21.40038,7865,301,5,134,1.049691202618159e+19,GALAXY,1.034406,9323,58047,535
78820,1.237680474446234e+18,351.514028621361,32.1736978363843,21.09501,20.72106,20.61588,20.35271,19.96974,8149,301,4,206,8.742884491012627e+18,QSO,1.725852,7765,58047,988
61864,1.237678887987774e+18,34.3310431938701,-3.29369959857569,22.90015,22.29268,22.06311,21.58432,20.73833,7780,301,1,131,1.0496979646146695e+19,GALAXY,0.4141151,9323,58047,781
60062,1.237678887988036e+18,34.9694529675095,-3.35596728846654,23.17063,22.98202,22.23838,21.78794,22.00423,7780,301,1,135,1.0497000811745532e+19,GALAXY,0.706371,9323,58047,858
6198,1.2376793244719516e+18,34.8971000310021,-3.47286026963346,24.06676,22.7442,22.73168,21.71577,21.22738,7881,301,6,255,1.0497009607838554e+19,GALAXY,0.7922363,9323,58047,890
68441,1.2376792552085263e+18,34.8644001204613,-3.50726929739958,21.60578,22.44639,21.78384,21.39721,20.69323,7865,301,5,147,1.04970074088153e+19,GALAXY,0.7916719,9323,58047,882
96952,1.237679322861208e+18,34.7759190548497,-4.74936465412653,23.60051,22.89945,22.43456,22.34243,21.16999,7881,301,3,253,1.0496810046478113e+19,GALAXY,0.8501905,9323,58047,164
80780,1.2376804744462336e+18,351.488600779263,32.0141545704679,22.85037,22.40556,22.74877,21.7458,19.28479,8149,301,4,206,8.742886690035882e+18,STAR,-0.0001006775,7765,58047,996
74572,1.237679255208592e+18,35.0190636034278,-3.70100048903666,23.5258,23.89886,21.45044,21.11762,21.38567,7865,301,5,148,1.0497009332960647e+19,GALAXY,0.8433206,9323,58047,889
55670,1.2376793228610767e+18,34.4803919088734,-4.76412137315209,22.67161,22.69214,21.86686,21.4682,22.40378,7881,301,3,251,1.0496833960856e+19,GALAXY,0.6995536,9323,58047,251
57070,1.237679322861208e+18,34.6947422836414,-4.71179984489061,22.18574,22.63834,21.94279,21.3646,21.14485,7881,301,3,253,1.0496822690861832e+19,GALAXY,0.7451013,9323,58047,210
77349,1.2376792552083302e+18,34.3868778421012,-3.61304034020834,24.85023,23.23907,22.62404,21.96241,21.23141,7865,301,5,144,1.0496982394925769e+19,GALAXY,1.137236,9323,58047,791
73536,1.2376793228612736e+18,34.9072325283527,-4.73176687054718,23.10192,22.39983,21.90106,21.29966,20.77234,7881,301,3,254,1.049680125038509e+19,GALAXY,0.8270719,9323,58047,132
78996,1.2376792552085263e+18,34.8519868321522,-3.54635505782319,27.13375,21.4061,20.89223,20.91728,20.14501,7865,301,5,147,1.0497004110280415e+19,GALAXY,0.2054766,9323,58047,870
57547,1.2376805071858575e+18,349.869045725601,32.8837353453817,25.00563,23.29195,21.79628,20.47912,19.64362,8157,301,1,61,8.742807250320774e+18,STAR,-0.0001080759,7765,58047,707
87756,1.2376792552081992e+18,34.0740069826731,-3.66904340035851,23.18003,22.47812,23.07899,21.96325,20.8209,7865,301,5,142,1.0496960404693211e+19,GALAXY,1.449731,9323,58047,711
77198,1.2376793228608804e+18,33.9714460724262,-4.61074596273278,25.00584,22.39335,21.68036,21.04875,20.51893,7881,301,3,248,1.0496868045716476e+19,GALAXY,0.7504268,9323,58047,375
41748,1.237680507185661e+18,349.363992323606,32.8571784585802,22.20197,21.97418,21.46612,21.93212,21.63013,8157,301,1,58,8.742784985210312e+18,STAR,-0.0009608658,7765,58047,626
73392,1.2376793228608804e+18,33.9266759627508,-4.70880894697211,25.1758,22.52545,21.82394,21.31926,22.10578,7881,301,3,248,1.049686777083857e+19,GALAXY,0.7139218,9323,58047,374
57793,1.237680507185529e+18,348.933579602409,32.8475034878244,22.64615,22.49826,20.22257,20.04609,19.41956,8157,301,1,56,8.74277453984985e+18,STAR,-0.0006053374,7765,58047,588
80166,1.2376804744457098e+18,349.990573785729,31.9937162053096,22.06586,20.52057,20.01528,19.86966,19.85381,8149,301,4,198,8.742825942018448e+18,STAR,-0.000295708,7765,58047,775
73391,1.23767932286088e+18,33.9113301356372,-4.68572769471689,23.09756,21.83386,21.37352,20.72006,20.08821,7881,301,3,248,1.0496868320594385e+19,GALAXY,0.7447008,9323,58047,376
41921,1.2376803289534963e+18,350.419219027193,32.2496605714121,23.27486,21.44262,21.0739,20.89302,20.68933,8115,301,5,195,8.742844358838213e+18,STAR,-0.0005200246,7765,58047,842
68788,1.237679255208854e+18,35.6433133691422,-3.5858798816935,25.55103,22.06384,21.31186,20.64158,20.17401,7865,301,5,152,1.0497038195140876e+19,QSO,1.036778,9323,58047,994
28511,1.237679254671328e+18,34.1605451015296,-4.01739918025844,23.35934,22.62471,22.80797,22.40327,21.61049,7865,301,4,142,1.0496852377675782e+19,GALAXY,1.147493,9323,58047,318
77038,1.2376792552078712e+18,33.3882757785359,-3.67322849412634,22.09596,22.24555,21.92149,21.47294,22.1231,7865,301,5,137,1.0496928518856e+19,QSO,1.009998,9323,58047,595
79785,1.237679255208461e+18,34.6797048041796,-3.68404564743632,24.7168,23.25701,22.08543,22.16354,21.89598,7865,301,5,146,1.0496994489553672e+19,GALAXY,0.7866732,9323,58047,835
79965,1.2376792552085263e+18,34.8533905343655,-3.57424965018831,23.07037,23.01727,22.40503,21.63397,21.88464,7865,301,5,147,1.0497004934914136e+19,GALAXY,0.7445557,9323,58047,873
87428,1.237679255208526e+18,34.766393773086,-3.63391930442167,23.52527,22.59064,21.86706,21.85724,20.94644,7865,301,5,147,1.0497003285646694e+19,GALAXY,0.2039909,9323,58047,867
57092,1.237680507185988e+18,350.116149743644,32.9522739612547,20.83356,20.70545,20.59128,20.51369,20.10658,8157,301,1,63,8.742828965675424e+18,QSO,2.045211,7765,58047,786
70633,1.2376793228614702e+18,35.3248336589402,-4.60902526821156,23.8671,22.7658,22.27096,22.04592,21.4944,7881,301,3,257,1.0496780359664165e+19,GALAXY,0.8973641,9323,58047,56
93898,1.2376637841995208e+18,4.84194831921072,0.102459503509209,23.38993,22.55406,22.06499,21.30017,21.36227,4263,301,4,148,1.0589245989042e+19,GALAXY,0.7822698,9405,58048,572
37666,1.2376785964658862e+18,328.128707852176,1.40270070910449,27.19712,24.85959,23.37349,21.23725,19.43996,7712,301,2,116,1.0319042930661417e+19,STAR,2.541198e-05,9165,58048,619
90749,1.2376637841998487e+18,5.60022655403139,0.128783349595588,21.69533,21.24315,20.73061,19.92044,19.47918,4263,301,4,153,1.0589290519262943e+19,GALAXY,0.7964304,9405,58048,734
1053,1.2376785980764337e+18,327.93837217304,2.68406645655093,25.02266,23.31994,22.00178,20.52622,19.75092,7712,301,5,115,1.0319032485301e+19,STAR,-0.0001732829,9165,58048,581
53149,1.2376785975395625e+18,327.946062439209,2.2608970649137,23.69225,21.01529,20.79181,20.71504,20.31437,7712,301,4,115,1.0319037707981185e+19,QSO,2.727194,9165,58048,600
80154,1.237678618478117e+18,329.269574816059,1.63110034325006,19.28166,18.29607,17.92479,17.80782,17.75676,7717,301,3,124,1.0319120171353266e+19,STAR,-0.0005367408,9165,58048,900
9801,1.237663783125648e+18,4.58886003315289,-0.830296404621495,22.45391,22.69549,23.21997,22.86199,22.45523,4263,301,2,146,1.0589214652960629e+19,GALAXY,1.214442,9405,58048,458
21871,1.2376785975396275e+18,328.093533895075,2.32158057506212,20.59248,20.44299,20.45638,20.17366,19.83505,7712,301,4,116,1.031904705383e+19,QSO,1.989516,9165,58048,634
39920,1.2376634792567772e+18,328.782897682003,0.200702376267735,21.93226,19.90794,18.52413,17.95903,17.64745,4192,301,4,147,1.0318930230719568e+19,GALAXY,0.2620562,9165,58048,209
92244,1.237663784199521e+18,4.92620820367749,0.157931490633996,23.90239,22.77746,21.92966,21.12506,20.83644,4263,301,4,148,1.0589256159524575e+19,GALAXY,0.8422485,9405,58048,609
77586,1.237678617408898e+18,339.650025065418,1.08735295051214,24.94921,24.34962,22.12268,20.58961,19.79261,7717,301,1,193,1.032457787219564e+19,GALAXY,0.7214963,9170,58048,275
91874,1.2376634803349102e+18,338.732624161543,0.931899587622341,22.26207,22.52799,21.4439,20.23651,19.23667,4192,301,6,214,1.032461910388168e+19,GALAXY,0.8012646,9170,58048,425
8340,1.237678617408832e+18,339.442233801719,1.09623005448276,21.68841,22.03551,21.33183,21.27795,21.51905,7717,301,1,192,1.0324587492922382e+19,QSO,1.4631,9170,58048,310
86115,1.237663480330192e+18,327.938283379848,0.879356652652662,26.69379,23.27294,21.66582,20.53894,19.86976,4192,301,6,142,1.0318990703859096e+19,GALAXY,0.5770605,9165,58048,429
44002,1.237678619015119e+18,329.467310519357,2.17132802308482,19.44598,19.32295,19.06496,19.08012,19.25153,7717,301,4,126,1.0319126493545124e+19,QSO,1.083467,9165,58048,923
36258,1.2376634792614958e+18,339.506029725114,0.158022669787294,25.92829,23.6733,21.72764,20.69231,19.9704,4192,301,4,219,1.032457952146308e+19,GALAXY,0.7979634,9170,58048,281
38900,1.2376634792565809e+18,328.322420293244,0.186218343357534,22.39445,20.59424,19.25086,18.68231,18.18548,4192,301,4,144,1.031897228703933e+19,GALAXY,0.2195757,9165,58048,362
78337,1.237678596470736e+18,339.071021009965,1.76305559982739,24.23294,24.44314,23.98848,21.80555,19.39965,7712,301,2,190,1.0324680126777e+19,STAR,-7.289198e-06,9170,58048,647
83195,1.237678619019117e+18,338.693669637729,2.32100752331969,21.34652,21.19046,21.14055,21.07939,20.80794,7717,301,4,187,1.0324666932637487e+19,QSO,2.090956,9170,58048,599
91873,1.2376634803347136e+18,338.391014282847,0.961240909847643,22.89304,23.52517,21.60533,20.35691,19.63676,4192,301,6,211,1.032463724582354e+19,GALAXY,0.0,9170,58048,491
39921,1.237663479256646e+18,328.441644878923,0.206083599893696,24.17092,20.87496,19.43654,18.87855,18.62984,4192,301,4,145,1.0318962666312587e+19,GALAXY,0.2230985,9165,58048,327
29862,1.2376785975399547e+18,328.760264818704,2.37817314580115,19.03771,18.06603,17.70796,17.54041,17.48965,7712,301,4,121,1.0319078939667225e+19,STAR,-0.0002770668,9165,58048,750
92875,1.2376786184772004e+18,327.164428962165,1.5566694348113,22.46819,22.16681,21.83834,21.41922,21.32069,7717,301,3,110,1.0319015717748627e+19,QSO,1.59894,9165,58048,520
52804,1.2376785980770225e+18,329.173065927257,2.72894190906415,23.46399,20.19878,19.91203,19.87005,19.72152,7712,301,5,124,1.0319098730876525e+19,QSO,3.165196,9165,58048,822
23617,1.237678617408439e+18,338.511600060176,0.993542428070155,22.68297,22.74221,22.58256,22.13238,21.9523,7717,301,1,186,1.0324629824120052e+19,QSO,1.993158,9170,58048,464
98447,1.2376786174043756e+18,329.292318871455,0.971023039644221,21.83102,21.82819,21.56483,21.45551,21.23267,7717,301,1,124,1.031890659121957e+19,QSO,0.8203245,9165,58048,123
31919,1.237678598076433e+18,327.820958876784,2.72635361458774,21.14016,20.92339,20.75251,20.44686,20.49987,7712,301,5,115,1.0319033035056765e+19,QSO,1.529524,9165,58048,583
3251,1.2376785959341263e+18,339.701761370685,1.34984943506356,21.22529,21.30157,21.29521,20.99635,21.09134,7712,301,1,194,1.0324576222928196e+19,QSO,2.142441,9170,58048,269
3185,1.2376785975397583e+18,328.400392503993,2.24793097873633,21.00199,21.08834,20.86,20.87079,20.69422,7712,301,4,118,1.0319069868696295e+19,QSO,1.172026,9165,58048,717
9173,1.2376786184829668e+18,340.331226600808,2.00588897037698,19.83494,19.71754,19.61695,19.32324,19.19221,7717,301,3,198,1.0324746372352596e+19,QSO,1.708194,9170,58048,888
3915,1.237678617945507e+18,338.912128902058,1.55076752365943,24.8322,23.45645,21.48016,20.2025,19.50491,7717,301,2,189,1.0324660885323536e+19,GALAXY,0.6185887,9170,58048,577
79344,1.2376786184780516e+18,329.048817545102,1.67406462912864,20.99719,20.43581,19.93278,19.67865,19.52069,7717,301,3,123,1.031910725209164e+19,QSO,1.438757,9165,58048,853
39958,1.2376634792614963e+18,339.514904778277,0.204448641752188,26.43163,23.00959,21.52107,20.36575,19.6982,4192,301,4,219,1.0324580071218897e+19,GALAXY,0.7591951,9170,58048,283
17878,1.2376785975451978e+18,340.708133960886,2.61598363450943,18.926,17.91319,17.58059,17.43358,17.35239,7712,301,4,201,1.0324766438439805e+19,STAR,-0.0006998185,9170,58048,961
49053,1.237678598076433e+18,327.874261204676,2.70593344172815,19.51536,18.89628,18.69775,18.6339,18.5999,7712,301,5,115,1.0319034684324209e+19,QSO,2.746325,9165,58048,589
98087,1.237663783662519e+18,4.61333939804023,-0.357552401777161,22.7744,22.48086,22.25417,21.51593,20.98959,4263,301,3,146,1.0589220150518764e+19,GALAXY,0.879618,9405,58048,478
71625,1.237663783126042e+18,5.51186097948258,-0.686203794856798,24.27926,23.24593,22.53228,21.77864,21.65249,4263,301,2,152,1.0589161051768773e+19,GALAXY,0.5107193,9405,58048,263
14987,1.237678596471653e+18,341.160714964442,1.8213770856451,24.6419,24.0257,22.87641,21.32522,19.96494,7712,301,2,204,1.032477578428864e+19,GALAXY,0.8039581,9170,58048,995
741,1.237663782589236e+18,5.65743022750796,-1.05712216659161,23.20474,22.42033,21.94366,21.46567,21.41541,4263,301,1,153,1.0589168748350167e+19,GALAXY,0.794432,9405,58048,291
70038,1.2376785975403492e+18,329.657896123549,2.3700328385426,26.36166,23.77678,21.76479,20.61739,19.92018,7712,301,4,127,1.0319135839394e+19,GALAXY,0.5798582,9165,58048,957
43127,1.2376785980768256e+18,328.715942653705,2.71150339675673,19.00316,18.39012,18.10358,17.8819,17.80479,7712,301,5,121,1.0319076740644e+19,QSO,1.573868,9165,58048,742
37459,1.2376634792567112e+18,328.598980251106,0.0807838633888056,22.5582,20.59412,19.38505,18.89169,18.50438,4192,301,4,146,1.031895057168468e+19,GALAXY,0.1487639,9165,58048,283
51372,1.2376786184823777e+18,338.998604053641,1.86276752947593,24.20161,22.52679,21.62947,20.8977,20.16442,7717,301,3,189,1.0324670780928186e+19,QSO,0.5421947,9170,58048,613
75675,1.2376785964708014e+18,339.252626050074,1.81372124087096,23.99995,23.90099,22.07302,20.90554,19.93515,7712,301,2,191,1.032468947262586e+19,STAR,4.287084e-05,9170,58048,681
16740,1.2376785975400863e+18,329.14308400429,2.29979113964716,21.41841,21.15718,20.98257,20.50611,20.72783,7712,301,4,123,1.0319101204777687e+19,QSO,1.68035,9165,58048,831
92523,1.2376637841998487e+18,5.61983001124445,0.121449603728642,23.52961,22.51377,22.42124,21.98366,21.55799,4263,301,4,153,1.05893006897455e+19,GALAXY,0.8604462,9405,58048,771
8859,1.23767861847779e+18,328.461551575114,1.64565801587478,22.69053,22.23413,21.96463,21.61641,21.37269,7717,301,3,119,1.0319064646016063e+19,QSO,1.797964,9165,58048,698
30517,1.2376785980765642e+18,328.137422012281,2.70524213828081,21.94835,21.57425,21.10101,21.05415,20.59236,7712,301,5,117,1.0319043755295136e+19,QSO,1.238981,9165,58048,622
30386,1.2376785975400863e+18,329.154606364354,2.32058047764942,21.13471,21.00473,20.97057,20.76012,20.67495,7712,301,4,123,1.0319100655021871e+19,QSO,1.999282,9165,58048,829
28957,1.2376786184828357e+18,340.031387151276,2.01140796111442,21.72852,22.17123,21.75371,21.55616,21.67356,7717,301,3,196,1.0324733727968877e+19,QSO,1.386337,9170,58048,842
86145,1.237663783126565e+18,6.72533846342237,-0.652948001980948,19.70056,19.64332,19.53294,19.20673,19.16541,4263,301,2,160,1.0589095355949e+19,QSO,1.781007,9405,58048,24
99406,1.237663204916855e+18,6.14077264296668,0.783277012083388,23.82696,22.54927,21.74872,21.16466,21.74987,4128,301,5,164,1.0589329002169915e+19,GALAXY,0.7175658,9405,58048,874
8713,1.237678618482246e+18,338.705035209492,1.90462477451086,20.48124,20.1586,19.9721,19.75688,19.62883,7717,301,3,187,1.0324658411422372e+19,QSO,0.5328879,9170,58048,568
30388,1.2376785975403484e+18,329.632506832442,2.40793753434682,21.44147,21.53028,21.38375,21.43083,21.31389,7712,301,4,127,1.031913419012652e+19,GALAXY,1.60736,9165,58048,951
6080,1.2376785959298017e+18,329.880005300039,1.08108824673626,22.27909,21.87095,21.53851,21.28041,21.00012,7712,301,1,128,1.031899977483e+19,GALAXY,0.0,9165,58048,462
2224,1.2376637825892362e+18,5.62607439007201,-1.14943759861681,23.40257,22.14829,21.44191,21.14162,21.88998,4263,301,1,153,1.0589166824204818e+19,GALAXY,0.8628711,9405,58048,284
8662,1.2376786184776584e+18,328.24764237013,1.69900787910418,20.43968,20.34973,20.19748,20.07639,19.91418,7717,301,3,117,1.0319052001632344e+19,QSO,1.417172,9165,58048,652
8574,1.2376786184832947e+18,341.061634061692,2.03464959945779,22.43719,22.29818,22.04377,21.89367,22.00899,7717,301,3,203,1.0324772210875849e+19,QSO,2.751895,9170,58048,982
47366,1.2376786190147917e+18,328.796877423541,2.10026252070414,21.30151,21.08946,20.76484,20.67834,20.6534,7717,301,4,121,1.0319082238202108e+19,QSO,1.112682,9165,58048,762
77766,1.2376786174043763e+18,329.270768445658,0.970813596838509,24.12102,23.28649,21.6534,20.55553,19.85631,7717,301,1,124,1.0318907690731198e+19,GALAXY,0.7896355,9165,58048,127
12082,1.237678596466279e+18,328.893936096607,1.39724031785291,21.43437,21.01838,20.59454,20.53677,20.48073,7712,301,2,122,1.0318938202178867e+19,QSO,1.031956,9165,58048,238
31289,1.2376785980768911e+18,328.908902732359,2.73175028150726,18.02534,17.03457,16.63467,16.47771,16.40326,7712,301,5,122,1.0319087735760249e+19,STAR,-0.0004400294,9165,58048,782
33123,1.2376786179411804e+18,329.030477794887,1.38411396667702,22.64953,21.0991,19.71533,19.19733,18.81992,7717,301,2,123,1.0318926107551e+19,GALAXY,0.2157412,9165,58048,194
78389,1.2376786174040484e+18,328.567286301037,0.897364020291504,24.20774,22.7113,21.91525,20.69826,19.87412,7717,301,1,119,1.0318957168754448e+19,GALAXY,0.9313512,9165,58048,307
43023,1.2376786190150548e+18,329.412020733578,2.17288142934008,22.60121,23.72037,21.71832,20.5958,19.86213,7717,301,4,125,1.0319115498428848e+19,QSO,1.003785,9165,58048,883
42626,1.2376637836631744e+18,6.10069268568352,-0.417093048726626,22.81054,23.48632,23.09906,22.1683,22.1529,4263,301,3,156,1.058912971568738e+19,GALAXY,0.0255943,9405,58048,149
30389,1.237678597540349e+18,329.69541961262,2.30194456906111,21.95005,22.17308,21.67539,21.72201,21.09921,7712,301,4,127,1.0319136114271869e+19,QSO,1.172659,9165,58048,958
6706,1.2376785959298662e+18,330.001781315237,1.05064777181235,23.27454,22.23433,21.35084,21.07222,21.21848,7712,301,1,129,1.031888157733e+19,QSO,1.136675,9165,58048,32
31621,1.237678598076498e+18,328.029434127849,2.71895414863463,19.70701,19.45247,19.25898,19.1122,19.15286,7712,301,5,116,1.0319044305050948e+19,QSO,1.414123,9165,58048,624
86025,1.2376634803354348e+18,340.039882278119,0.978212068088579,26.49942,23.2128,21.76173,20.69086,19.93699,4192,301,6,222,1.032454268782355e+19,GALAXY,0.6537318,9170,58048,147
33128,1.2376786174085696e+18,338.824149806977,1.13060428275829,22.27524,21.85064,21.67371,21.99427,22.82688,7717,301,1,188,1.03246199285154e+19,GALAXY,0.05846667,9170,58048,428
18796,1.2376785964711283e+18,339.985701815652,1.82671225870603,21.4931,21.43837,21.05136,21.00206,20.78062,7712,301,2,196,1.0324736476747944e+19,QSO,1.137859,9170,58048,852
70176,1.237678597539825e+18,328.427000726482,2.33801445232396,24.78409,23.99604,22.168,20.7888,19.90673,7712,301,4,119,1.031906931894048e+19,QSO,1.182465,9165,58048,715
64948,1.2376790791290885e+18,7.21391352092712,-4.31309310521003,23.84479,22.05772,21.11728,20.95709,20.378,7824,301,5,364,1.052278930725276e+19,GALAXY,0.6885492,9346,58049,468
18042,1.237663462607749e+18,351.765248126996,0.668995453976134,22.30286,21.87397,21.85804,21.47425,21.95411,4188,301,5,55,1.0330147723240825e+19,QSO,1.885248,9175,58049,58
10197,1.2376785964759782e+18,351.139689096819,1.87090326233725,21.80655,21.27338,21.10211,21.20774,20.80268,7712,301,2,270,1.0330375871903586e+19,QSO,2.697288,9175,58049,888
17321,1.237678596475781e+18,350.706563823667,1.94810374160047,19.38854,19.25045,19.05377,18.81679,18.66156,7712,301,2,267,1.0330342061921e+19,QSO,1.978615,9175,58049,765
25458,1.237678881026147e+18,12.6381724391709,-2.22797482954974,22.89671,23.38481,21.97057,21.70857,20.84351,7778,301,4,401,1.0528353110967212e+19,GALAXY,0.7746318,9351,58049,229
99608,1.2376794339847703e+18,7.27206024643804,-3.20815734945636,22.16131,22.06964,21.44789,21.07268,20.63849,7907,301,2,120,1.0522815420653918e+19,GALAXY,0.8481368,9346,58049,563
94604,1.237678879950373e+18,7.97923545865571,-2.97097492076686,23.61122,22.20009,21.57851,20.97094,20.6956,7778,301,2,370,1.0522843733078331e+19,GALAXY,0.8971055,9346,58049,666
19161,1.2376637825921193e+18,12.2048158482204,-1.0810718089627,22.92715,22.48175,22.20677,21.66339,21.67184,4263,301,1,197,1.0528476256269525e+19,GALAXY,0.9050393,9351,58049,677
73270,1.2376634626076838e+18,351.631225334709,0.836856090441951,21.699,21.68907,21.58787,21.87112,22.82691,4188,301,5,54,1.0330149372508264e+19,GALAXY,0.02814544,9175,58049,64
5773,1.2376793244600248e+18,7.72815963334664,-4.04921797145863,22.04002,22.51442,21.4649,21.56537,20.37474,7881,301,6,73,1.0522766492386482e+19,GALAXY,0.7055988,9346,58049,385
30583,1.2376805297432827e+18,351.252053254195,29.1561695537888,24.58572,23.41877,22.24736,21.14275,20.04815,8162,301,3,196,8.744968340458723e+18,STAR,-0.0007304308,7767,58049,377
31186,1.237678617950618e+18,350.698940471047,1.59678490805403,22.35279,22.12647,21.67843,21.52227,21.27501,7717,301,2,267,1.0330346185089636e+19,QSO,1.664668,9175,58049,780
9183,1.237678595938714e+18,350.261926190612,1.46164926771954,21.48112,21.234,21.17993,20.94984,21.19767,7712,301,1,264,1.0330241181729184e+19,QSO,1.850714,9175,58049,398
5857,1.2376793244605489e+18,8.8389774296385,-4.10189375340955,25.91674,23.47158,22.69388,21.88438,21.73295,7881,301,6,81,1.0522699422177188e+19,GALAXY,0.8249896,9346,58049,141
53505,1.237679079129219e+18,7.48683453211434,-4.26339992423233,21.50154,21.84579,21.23023,21.27461,21.53758,7824,301,5,366,1.0522779411648109e+19,QSO,1.157449,9346,58049,432
32336,1.2376634626072256e+18,350.627131335631,0.630927566948604,22.73244,24.86158,22.00117,20.8641,19.96319,4188,301,5,47,1.0330213419060582e+19,GALAXY,0.6646081,9175,58049,297
31185,1.237678617950487e+18,350.420084850784,1.70820640034007,21.37994,21.02958,20.95691,20.87512,20.47081,7717,301,2,265,1.033032254558964e+19,QSO,2.218108,9175,58049,694
31415,1.237678617950487e+18,350.390461625748,1.76449666305536,20.92231,20.91438,20.48272,20.55499,20.44172,7717,301,2,265,1.0330321995833823e+19,QSO,1.368032,9175,58049,692
32393,1.237678618488144e+18,352.084409741262,2.04220514649921,21.74715,21.66815,21.41055,21.26972,20.96734,7717,301,3,277,1.033040335969428e+19,QSO,1.301111,9175,58049,988
77092,1.237663462607094e+18,350.35726512121,0.673389708290883,22.24026,21.90443,21.94305,21.6242,21.23949,4188,301,5,45,1.033022358954314e+19,QSO,1.735192,9175,58049,334
29086,1.2376634626074875e+18,351.212855025863,0.807350809954487,22.86929,22.47762,22.26368,21.64417,21.7912,4188,301,5,51,1.0330179609078e+19,QSO,1.715892,9175,58049,174
42650,1.23768052974361e+18,352.071140703937,29.3578719803232,22.37711,20.82178,20.04423,19.73395,19.44213,8162,301,3,201,8.744925184627333e+18,STAR,-0.0005454919,7767,58049,220
5341,1.2376637825921843e+18,12.2957849334975,-1.16879824880909,24.72499,22.5027,22.30844,21.39596,22.12706,4263,301,1,198,1.052847460700208e+19,GALAXY,0.6917407,9351,58049,671
74179,1.2376794334482929e+18,8.16099577299211,-3.61216667025631,23.95897,22.24248,23.11666,22.41892,21.43841,7907,301,1,126,1.0522872045502749e+19,GALAXY,0.8990848,9346,58049,769
9332,1.237678618487161e+18,349.922453129816,2.06575595870231,20.09216,19.84479,19.77434,19.65447,19.59841,7717,301,3,262,1.0330286811461736e+19,QSO,1.869973,9175,58049,564
9823,1.237663462607225e+18,350.621376614831,0.742720668189234,22.26142,22.30677,21.78615,21.6727,21.04755,4188,301,5,47,1.0330213144182675e+19,QSO,1.147499,9175,58049,296
77385,1.237663462607356e+18,350.932006796523,0.770819345774601,20.91699,20.6865,20.60242,20.4311,20.09465,4188,301,5,49,1.0330191703705932e+19,QSO,1.994968,9175,58049,218
54699,1.2376803337849416e+18,352.780522848036,30.3957227055023,25.175,24.47396,22.76111,21.14272,20.14602,8116,301,6,189,8.74513326720289e+18,GALAXY,0.8104895,7767,58049,977
52071,1.237663462607291e+18,350.771326603226,0.660751165987887,25.89344,24.7589,21.34464,20.00217,18.75846,4188,301,5,48,1.0330202423944305e+19,GALAXY,0.8781672,9175,58049,257
41155,1.23768052974361e+18,352.133451537089,29.2802532062814,22.45704,22.36084,21.82794,21.73152,21.04804,8162,301,3,201,8.744913364877335e+18,QSO,1.001532,7767,58049,177
31650,1.2376786179507487e+18,350.89384842877,1.65998499044898,20.32379,20.21276,19.92762,19.97025,19.9231,7717,301,2,269,1.0330356080694286e+19,QSO,1.016538,9175,58049,816
81890,1.2376634631442273e+18,350.906009681365,1.14005753644653,22.72634,22.19517,21.76377,21.50622,21.33621,4188,301,6,49,1.0330185381514074e+19,QSO,1.450702,9175,58049,195
19925,1.2376785975495232e+18,350.669131513975,2.72617160052029,20.72263,20.61585,20.88618,20.49648,20.66054,7712,301,4,267,1.0330335739729172e+19,QSO,1.892175,9175,58049,742
20665,1.2376637825924467e+18,12.9378351896695,-1.09529271014556,24.06241,22.49892,21.71812,21.15016,21.83418,4263,301,1,202,1.052851968697882e+19,GALAXY,0.6372653,9351,58049,835
94443,1.2376805297439375e+18,352.956475227613,29.4298823247836,21.12906,19.99959,19.41594,19.21216,19.07388,8162,301,3,206,8.744882028795943e+18,STAR,-0.001044765,7767,58049,63
30259,1.2376634626070943e+18,350.325073459258,0.817075089414585,22.94654,24.69287,21.66712,20.63102,19.95445,4188,301,5,45,1.0330235959049e+19,STAR,-0.002433863,9175,58049,379
74569,1.2376634626070287e+18,350.215944932512,0.701189124384931,22.45312,22.44065,21.92126,21.79382,21.81786,4188,301,5,44,1.0330233485147787e+19,QSO,1.123358,9175,58049,370
74437,1.2376634626069627e+18,349.960251496791,0.6985726674929,18.72496,17.78008,17.49537,17.36968,17.33802,4188,301,5,43,1.0330256300014064e+19,GALAXY,0.0,9175,58049,453
79953,1.2376805297432827e+18,351.237744651833,29.2555227878874,21.86316,22.17156,22.39018,22.37563,22.48059,8162,301,3,196,8.74496861533663e+18,QSO,1.39244,7767,58049,378
21198,1.2376805297438728e+18,352.914215147868,29.2828904476843,23.36193,23.34216,21.5087,20.27034,19.5825,8162,301,3,205,8.74486883465641e+18,GALAXY,0.6522136,7767,58049,15
73627,1.237679433448162e+18,7.86022174553787,-3.6050034779832,24.28704,23.293,22.79771,21.70436,21.10083,7907,301,1,124,1.0522851429659728e+19,GALAXY,0.883831,9346,58049,694
11937,1.2376634626071603e+18,350.405902705771,0.808312803393425,22.62705,24.05655,22.20133,20.6997,19.77935,4188,301,5,46,1.0330224963932674e+19,GALAXY,0.9008628,9175,58049,339
30698,1.237663462607619e+18,351.443676118924,0.816725764996726,25.56875,23.43289,23.63105,21.84121,19.51238,4188,301,5,53,1.0330168339083844e+19,GALAXY,1.023695,9175,58049,133
30229,1.23767861795029e+18,349.975429017651,1.65145886545019,21.34117,21.22615,21.02212,20.73413,20.66236,7717,301,2,262,1.0330290384874529e+19,QSO,1.95524,9175,58049,577
74068,1.2376794334481615e+18,7.87432800761549,-3.74822184526965,23.66188,22.44189,22.58051,22.03414,21.16387,7907,301,1,124,1.0522852804049265e+19,GALAXY,0.8503957,9346,58049,699
3956,1.2376786179504225e+18,350.272433861452,1.62208492741104,22.81259,23.51193,22.15751,20.63057,19.97523,7717,301,2,264,1.0330311275595454e+19,GALAXY,0.6896725,9175,58049,653
31831,1.2376786184878164e+18,351.36446747308,2.13992664794487,21.75378,21.11223,20.50969,20.03392,19.6944,7717,301,3,272,1.0330385217752422e+19,QSO,0.4776027,9175,58049,922
32839,1.2376786179507497e+18,351.015991150487,1.79267719154486,22.90997,22.20928,21.89419,22.31108,21.4579,7717,301,2,269,1.0330367350688471e+19,QSO,2.537013,9175,58049,857
99525,1.2376794339856878e+18,9.31998868801034,-3.29804450262419,22.14405,22.15036,21.52705,20.82613,20.28036,7907,301,2,134,1.0522922073281812e+19,QSO,0.7603139,9346,58049,951
47107,1.23768052974361e+18,352.204607249663,29.2103637846819,21.63751,20.26629,19.75755,19.61845,19.56358,8162,301,3,201,8.744875156848269e+18,GALAXY,0.0,7767,58049,38
37597,1.237678879950439e+18,8.08867802721478,-2.93166818319613,24.45055,22.90256,22.23999,21.58043,22.34184,7778,301,2,371,1.0522855003072518e+19,GALAXY,0.8174079,9346,58049,707
78364,1.237663462607356e+18,350.973742937243,0.748866679254775,20.884,20.85507,20.86433,20.52354,20.33959,4188,301,5,49,1.0330190604194306e+19,QSO,1.897972,9175,58049,214
50960,1.2376803337845486e+18,351.845940708108,30.2344409204017,24.36432,22.44359,21.64644,20.49744,19.7769,8116,301,6,183,8.745076642354059e+18,GALAXY,0.6635111,7767,58049,771
62620,1.2376790791292196e+18,7.53160938644743,-4.24840405986443,24.59943,22.2242,21.44488,21.11871,19.83125,7824,301,5,366,1.052276841653183e+19,GALAXY,0.8062516,9346,58049,392
4335,1.237679324460483e+18,8.71004866534544,-4.0707037839626,23.12619,22.63982,22.07531,21.69108,21.66378,7881,301,6,80,1.0522700521688816e+19,GALAXY,0.8389166,9346,58049,145
74371,1.237663462606832e+18,349.667192531751,0.758763984222488,21.37704,21.14395,21.04492,20.62161,20.40626,4188,301,5,41,1.0330257949281507e+19,QSO,1.968657,9175,58049,459
63311,1.2376790791290227e+18,7.07338897416305,-4.23371198047427,22.27383,21.99512,21.54929,20.79667,20.05411,7824,301,5,363,1.0522787383107408e+19,GALAXY,0.8489804,9346,58049,461
41586,1.237678619024163e+18,350.150570569621,2.55418187091007,21.64886,21.82639,21.80354,21.58173,21.19652,7717,301,4,264,1.0330304953403597e+19,QSO,1.727141,9175,58049,630
73018,1.2376634626070292e+18,350.156831940347,0.768733482600991,24.75142,24.40385,22.23702,20.91356,19.97404,4188,301,5,44,1.0330245304897788e+19,GALAXY,0.9008855,9175,58049,413
53007,1.2376634626078152e+18,351.969421235272,0.729526440653951,22.63523,22.26993,21.52372,20.49918,19.80583,4188,301,5,56,1.0330145799095474e+19,GALAXY,0.8491437,9175,58049,51
97897,1.2376786174048343e+18,330.283562760056,0.86033044740122,22.21346,22.37255,22.14652,21.83719,21.2199,7717,301,1,131,1.0320114129915107e+19,QSO,1.032571,9166,58051,420
97941,1.237678617405424e+18,331.63966606324,0.832682588187271,22.2655,21.93077,21.41536,21.34442,22.35658,7717,301,1,140,1.0320032216298838e+19,QSO,1.296524,9166,58051,122
97220,1.2376786174050312e+18,330.789138056224,0.927224466778802,22.48127,22.36099,21.8985,22.02588,22.09545,7717,301,1,134,1.0320071248961624e+19,QSO,1.023947,9166,58051,264
4726,1.2376786174055557e+18,331.989935857587,0.868822902880387,24.12581,22.61959,22.31841,22.25586,21.84293,7717,301,1,142,1.032001572362442e+19,GALAXY,0.984849,9166,58051,62
6352,1.237678617942427e+18,331.953962825783,1.28934864997643,23.40213,23.01863,21.37639,20.12816,19.43245,7717,301,2,142,1.0320019846793e+19,GALAXY,0.6975357,9166,58051,77
16600,1.2376785975412004e+18,331.694815477478,2.32272823705891,21.51415,21.63853,21.23005,21.26271,21.34581,7712,301,4,140,1.0320249919601136e+19,QSO,1.318677,9166,58051,914
53903,1.2376785975410693e+18,331.260385289757,2.48956528785885,22.36378,22.17597,21.53142,21.3154,22.65895,7712,301,4,138,1.0320226829857e+19,QSO,1.254778,9166,58051,830
9473,1.237678618478838e+18,330.877395865367,1.70767171891555,19.59518,19.39183,19.15234,19.28842,19.31075,7717,301,3,135,1.032021198645e+19,QSO,1.040092,9166,58051,776
8733,1.2376785959304563e+18,331.437012601457,1.13561846259772,21.92957,22.23729,22.32156,22.30883,21.43851,7712,301,1,138,1.0320040462636e+19,QSO,1.563894,9166,58051,152
94560,1.237663204918428e+18,9.74764706836538,0.834252777653621,22.31624,22.43335,21.78344,21.39,20.8014,4128,301,5,188,1.0593833976237152e+19,GALAXY,0.949263,9409,58051,879
99649,1.237678617405162e+18,330.987870899842,0.872703046070008,21.97766,21.55678,21.34989,21.16167,20.63579,7717,301,1,136,1.032007014945e+19,QSO,0.7401952,9166,58051,260
16425,1.2376785975413317e+18,331.92225387377,2.35330734476464,21.59864,21.29992,20.6158,20.47356,20.54177,7712,301,4,142,1.03202603649616e+19,QSO,1.197956,9166,58051,952
95520,1.237663204917904e+18,8.56052693455706,0.753217398875999,23.39728,22.48383,22.3383,21.37003,21.04148,4128,301,5,180,1.0593757560179e+19,GALAXY,0.7832993,9409,58051,601
68963,1.237678597540349e+18,329.630913791217,2.39698569692503,24.59332,23.98831,21.80461,20.62147,19.86485,7712,301,4,127,1.0320268061543e+19,GALAXY,0.0,9166,58051,980
7230,1.2376785959301286e+18,330.566531408584,1.17392228616205,22.00133,22.07711,21.34751,21.12254,21.41203,7712,301,1,133,1.0320092964316273e+19,QSO,1.444492,9166,58051,343
70763,1.2376785975406766e+18,330.401102574339,2.40631922022799,22.45746,23.84094,21.84659,20.65486,19.94456,7712,301,4,132,1.0320173778420914e+19,GALAXY,0.654495,9166,58051,637
16799,1.2376785975408727e+18,330.893188164466,2.2984665745868,20.71011,20.41683,20.32428,19.99127,19.7409,7712,301,4,135,1.0320207588403468e+19,GALAXY,0.9916806,9166,58051,760
14461,1.2376786184783795e+18,329.819664343102,1.62805579289225,21.73322,21.69935,21.47162,21.14964,21.42778,7717,301,3,128,1.0320144916240683e+19,QSO,1.683612,9166,58051,532
13539,1.2376786174048343e+18,330.364164733685,0.851885494496091,22.35012,22.17938,21.93444,22.10674,21.70671,7717,301,1,131,1.0320113580159291e+19,GALAXY,1.666511,9166,58051,418
97557,1.237678617405293e+18,331.297877790658,0.893462380548343,21.69862,21.66333,21.58088,21.20633,21.30129,7717,301,1,138,1.0320048434095348e+19,QSO,2.049403,9166,58051,181
16703,1.2376785975413967e+18,332.019086597317,2.37037576816634,20.08691,19.98875,19.67757,19.63372,19.77521,7712,301,4,143,1.0320261189595322e+19,QSO,1.240049,9166,58051,955
3382,1.2376637825907436e+18,9.11885106182978,-1.16410381854543,23.63873,23.88372,22.18237,21.4869,20.67017,4263,301,1,176,1.0593672348027867e+19,GALAXY,0.8283839,9409,58051,291
16771,1.2376786184786417e+18,330.392664385866,1.72084041512082,22.13069,22.13337,21.89462,21.67027,21.75155,7717,301,3,132,1.0320177626711611e+19,QSO,0.865151,9166,58051,651
98554,1.237678617405424e+18,331.672242136855,0.993964423125002,20.66764,20.65216,20.3762,20.29177,20.52867,7717,301,1,140,1.0320034965077907e+19,QSO,1.174003,9166,58051,132
93023,1.2376632049180347e+18,8.81785272735661,0.828817497382821,23.13631,22.89373,23.18487,22.16325,21.84421,4128,301,5,182,1.0593768005539484e+19,GALAXY,1.033347,9409,58051,639
98344,1.237678617405424e+18,331.604104888348,0.928245450056676,21.33936,21.15465,21.01653,20.724,20.69621,7717,301,1,140,1.0320032766054652e+19,QSO,1.722902,9166,58051,124
68964,1.237678597540611e+18,330.295612399376,2.34111565689622,22.8081,23.23996,21.5022,20.16687,19.2196,7712,301,4,131,1.032017157939766e+19,GALAXY,0.7280941,9166,58051,629
59723,1.23767861847897e+18,331.155282572037,1.80992262730188,26.21532,23.06029,21.27586,20.19583,19.20066,7717,301,3,137,1.0320220782543e+19,GALAXY,0.7669661,9166,58051,808
18668,1.237663784201946e+18,10.3925375963777,0.0759481763913742,23.20198,22.64924,22.11412,21.87436,22.04907,4263,301,4,185,1.0593601704405785e+19,GALAXY,1.084333,9409,58051,34
32785,1.2376786174047035e+18,330.084828159503,0.966959835234432,23.38003,22.57685,21.77923,21.42796,21.02067,7717,301,1,129,1.0320125399909292e+19,GALAXY,1.610079,9166,58051,461
46826,1.237678619015185e+18,329.73643907632,2.18221720361621,20.95915,20.59284,20.43192,20.33065,20.25542,7717,301,4,127,1.0320142167461616e+19,QSO,0.932746,9166,58051,522
76228,1.237678596466672e+18,329.819925365132,1.57328048081795,20.88342,21.17545,20.99291,20.68382,20.61615,7712,301,2,128,1.032014629063022e+19,QSO,1.678425,9166,58051,537
72222,1.2376785975404805e+18,330.055131441337,2.4347887944904,23.30222,23.41264,21.66271,20.47243,19.81914,7712,301,4,129,1.032015178818836e+19,GALAXY,0.6127012,9166,58051,557
30149,1.2376785975408077e+18,330.811624544945,2.30844715651326,22.16833,22.11172,21.78726,21.84303,21.18559,7712,301,4,134,1.032020566425812e+19,QSO,0.9088884,9166,58051,753
17400,1.237678597541e+18,331.24663323758,2.45147786727382,21.55254,21.24759,21.21711,20.85801,20.3976,7712,301,4,137,1.032022628010114e+19,QSO,1.694644,9166,58051,828
21267,1.237678597540807e+18,330.794220863035,2.33863318124564,20.91977,20.99087,20.5521,20.50634,21.03711,7712,301,4,134,1.0320205389380213e+19,QSO,1.334861,9166,58051,752
79772,1.237678618479428e+18,332.243542038915,1.70736765975556,21.34,20.73075,20.2371,20.06624,19.89153,7717,301,3,144,1.032027300934532e+19,QSO,2.107629,9166,58051,998
88310,1.2376786184790346e+18,331.347861300155,1.75775799630088,22.30424,22.05751,21.91479,21.67955,21.78934,7717,301,3,138,1.0320232877170907e+19,QSO,2.012636,9166,58051,852
32868,1.2376785980778744e+18,331.193277542486,2.73536011689508,19.90965,19.55469,19.52613,19.49307,19.35724,7712,301,5,137,1.0320224905711604e+19,QSO,0.7785946,9166,58051,823
20475,1.2376785975404795e+18,329.913359504929,2.30554945850623,21.56158,21.18456,21.21085,21.35713,20.74407,7712,301,4,129,1.0320152063066264e+19,QSO,2.234538,9166,58051,558
46626,1.2376786190152504e+18,329.860882225125,2.13030518388085,19.87128,19.84221,19.74873,19.40275,19.45092,7717,301,4,128,1.0320141892583709e+19,QSO,1.884243,9166,58051,521
22363,1.2376785975409382e+18,331.079140806136,2.40820376627659,20.68903,20.57674,20.52822,20.13095,19.90171,7712,301,4,136,1.0320216934252304e+19,QSO,1.890345,9166,58051,794
20258,1.237678597541069e+18,331.30689799292,2.29900897368001,20.43896,20.1369,20.12962,19.91313,19.93802,7712,301,4,138,1.032023892448486e+19,QSO,1.868591,9166,58051,874
30310,1.237678597541069e+18,331.299825858782,2.44578262390187,21.7568,20.17581,19.90348,19.71694,19.63303,7712,301,4,138,1.0320239474240672e+19,QSO,2.875792,9166,58051,876
31170,1.2376785975412e+18,331.689598083483,2.37241257010073,19.54784,19.83712,19.95624,19.45789,19.16335,7712,301,4,140,1.0320248820089508e+19,QSO,2.021854,9166,58051,910
41003,1.2376634792578916e+18,331.238886791266,0.201203503818071,22.90914,21.54735,21.17424,20.81643,20.60504,4192,301,4,164,1.0320055031165114e+19,QSO,3.176916,9166,58051,205
20295,1.237678597541069e+18,331.294346926515,2.37963634858438,19.76243,19.60289,19.56026,19.21642,19.174,7712,301,4,138,1.0320238374729e+19,QSO,1.726004,9166,58051,872
31214,1.2376785975409388e+18,331.06554328554,2.31639581529749,22.29082,22.27239,21.82913,21.70362,22.13196,7712,301,4,136,1.0320217758886e+19,STAR,-0.0007901663,9166,58051,797
17270,1.2376785975413312e+18,331.911949221648,2.46062567777534,18.737,17.79608,17.52375,17.43009,17.4432,7712,301,4,142,1.0320260090083697e+19,STAR,-0.0001193837,9166,58051,951
73140,1.237678597540808e+18,330.690529597024,2.37478057959828,24.05647,23.3986,22.13189,20.79449,19.9549,7712,301,4,134,1.032019466914184e+19,GALAXY,0.637359,9166,58051,713
32039,1.2376785975407416e+18,330.605004539074,2.31996251050622,21.5435,21.75841,21.53544,21.51399,21.64873,7712,301,4,133,1.0320195493775565e+19,QSO,1.448456,9166,58051,716
17268,1.2376637842016184e+18,9.62898114646105,0.0303558959284892,22.6116,23.16685,22.3165,21.72766,21.28734,4263,301,4,180,1.0593635239510432e+19,GALAXY,0.8925752,9409,58051,156
18562,1.2376637842011597e+18,8.53917851790541,0.200632441161519,24.93623,22.7405,22.10034,21.0161,22.092,4263,301,4,173,1.059376140846972e+19,GALAXY,0.7294406,9409,58051,615
38735,1.2376634792576947e+18,330.799088727189,0.114431557802243,23.10575,22.20193,21.95001,21.92955,21.36647,4192,301,4,161,1.0320077571153484e+19,QSO,1.358581,9166,58051,287
87353,1.237663783127548e+18,8.95781102090588,-0.640403155977717,19.50377,19.22217,18.87485,18.89433,18.96365,4263,301,2,175,1.0593682518510426e+19,QSO,1.067616,9409,58051,328
86773,1.2376514957549243e+18,115.294257288517,39.7705504803563,22.30266,19.95974,19.27146,19.04682,18.96458,1402,301,3,52,1.0548792207577731e+19,QSO,3.437153,9369,58054,858
53344,1.237651496827946e+18,113.254918414553,38.7777844105448,24.88479,22.5552,21.75882,20.58738,19.83256,1402,301,5,41,1.054868088202542e+19,GALAXY,0.0,9369,58054,453
85317,1.2376514957543995e+18,114.434994894691,38.748736712858,23.43702,21.85108,21.38747,20.9868,22.82477,1402,301,3,44,1.0548636626682405e+19,GALAXY,0.2728842,9369,58054,292
61882,1.2376737045039685e+18,114.036052309941,40.3288458467443,21.84434,21.25306,20.97601,20.92946,21.02589,6573,301,2,205,1.0548741355164948e+19,QSO,2.585463,9369,58054,673
16170,1.237651495218251e+18,116.059698226426,40.0197001584294,23.41982,22.86707,22.10216,21.01045,19.9482,1402,301,2,55,1.0548823268781216e+19,GALAXY,0.6300159,9369,58054,971
34744,1.2376512724168873e+18,115.140127623955,38.9641058802306,21.08689,20.86912,20.78868,20.63469,20.90628,1350,301,3,56,1.0548605015723104e+19,QSO,1.536425,9369,58054,177
90111,1.237651495754728e+18,114.909620841465,39.3572911038395,22.24489,22.09034,21.62122,21.54432,22.24745,1402,301,3,49,1.0548621783275428e+19,QSO,1.370156,9369,58054,238
64005,1.237651496828667e+18,114.27297372611,40.1715272941975,22.9218,23.10917,21.28561,20.13262,19.29569,1402,301,5,52,1.0548753449792854e+19,GALAXY,0.6047317,9369,58054,717
89158,1.2376514957545969e+18,114.986043622052,39.1122970821371,21.11462,20.96345,20.75187,20.65014,21.06867,1402,301,3,47,1.0548617385228917e+19,QSO,1.41068,9369,58054,222
16952,1.2376737050407089e+18,113.526115349227,40.5949352671309,25.25417,23.38395,21.93188,20.6666,19.95329,6573,301,3,203,1.0548716066397508e+19,GALAXY,0.7490191,9369,58054,581
95691,1.2376737045037064e+18,113.259119331864,40.1759645842653,22.21504,21.41981,20.85409,20.227,19.8337,6573,301,2,201,1.0548710293961464e+19,QSO,1.683532,9369,58054,560
20861,1.2376514962915996e+18,114.622707559574,39.5726254429879,21.82203,22.42214,21.22466,20.09297,19.43578,1402,301,4,49,1.05486325035138e+19,GALAXY,0.5662415,9369,58054,277
905,1.2376576085724367e+18,125.154590769096,39.1458319170482,21.31796,21.52921,21.47432,21.64456,21.22232,2825,301,5,133,1.0539592593804909e+19,QSO,1.421458,9361,58055,158
60331,1.237657596225061e+18,125.366139698122,40.1158056220985,21.56442,21.2999,21.05547,20.67064,20.52459,2822,301,6,143,1.0539788306874653e+19,QSO,1.703912,9361,58055,870
20669,1.23765760857224e+18,124.670706568442,38.7392737069381,24.63468,22.1506,20.85291,19.7709,20.86134,2825,301,5,130,1.053962118110723e+19,GALAXY,0.3485487,9361,58055,262
34484,1.2376786222449303e+18,40.3052196599132,3.54065531739536,22.45782,22.88503,22.17801,21.33004,21.38964,7718,301,2,257,1.0602771631448543e+19,GALAXY,0.7851895,9417,58055,626
67312,1.2376575962242094e+18,123.824452531126,38.7007688371053,22.34124,22.50274,21.88602,21.72128,22.40171,2822,301,6,130,1.0539659664014205e+19,QSO,1.440047,9361,58055,402
1738,1.2376576085723717e+18,125.087373319051,38.9809923562126,21.93628,21.75338,21.36153,21.25124,20.97005,2825,301,5,132,1.0539590394781653e+19,QSO,1.191034,9361,58055,150
231,1.2376786222449303e+18,40.2911141770661,3.58641110858978,24.7618,23.50528,22.25379,21.97982,21.52896,7718,301,2,257,1.0602771081692731e+19,GALAXY,0.7652147,9417,58055,624
67938,1.2376575962240783e+18,123.469122028507,38.3895351500826,20.59607,20.50572,20.39312,20.21984,20.61378,2822,301,6,128,1.0539667910351411e+19,QSO,1.471296,9361,58055,432
66878,1.2376535874080612e+18,121.835213044338,40.479865904639,23.56903,24.96632,21.23925,20.15401,19.37014,1889,301,3,114,1.0538650587217811e+19,GALAXY,0.7423063,9360,58055,827
99601,1.2376576085719124e+18,124.224621304007,38.1377318365518,25.40781,23.29679,21.72454,20.64298,19.89582,2825,301,5,125,1.053961760769444e+19,GALAXY,0.6456832,9361,58055,249
780,1.2376786195826609e+18,39.6982779290703,2.6378361254082,22.05317,21.91947,21.32886,20.81042,20.38565,7717,301,5,594,1.0602745518047384e+19,GALAXY,0.4894837,9417,58055,531
24814,1.2376576085722406e+18,124.833067430939,38.7543395624756,24.3384,21.59698,20.43385,19.98714,19.81427,2825,301,5,130,1.0539604688432814e+19,STAR,-5.388723e-05,9361,58055,202
8073,1.2376551083595543e+18,123.858554512509,40.1440209080984,25.48208,23.32279,21.65209,20.23937,19.53882,2243,301,4,56,1.0539734155927e+19,GALAXY,0.7611719,9361,58055,673
31251,1.2376576080351726e+18,124.873686325522,38.0966704299645,19.62047,19.59606,19.30614,19.2916,19.51835,2825,301,4,127,1.0539600015508396e+19,QSO,1.207493,9361,58055,185
24630,1.2376576085718472e+18,124.016605547801,38.0410098717582,21.98601,21.87491,21.41499,21.38116,21.49035,2825,301,5,124,1.0539634925002576e+19,QSO,1.185841,9361,58055,312
867,1.2376786190465774e+18,41.5022561961227,2.19740489714422,22.68279,22.82815,22.1316,21.3951,20.25259,7717,301,4,606,1.0602643263466e+19,GALAXY,0.8845224,9417,58055,159
65708,1.2376535874070126e+18,120.045934934812,38.5071567348773,23.35911,22.36938,21.41292,20.38471,19.68582,1889,301,3,98,1.0538550531659684e+19,GALAXY,0.6854342,9360,58055,463
36755,1.237678622245e+18,40.3908418027002,3.52981965403257,22.88621,22.64928,21.50358,20.84581,21.03163,7718,301,2,258,1.0602782351686916e+19,GALAXY,0.7597203,9417,58055,665
85214,1.237653587407144e+18,120.163162278382,38.8396878486123,24.67908,23.78707,22.00603,20.69099,19.71298,1889,301,3,100,1.0538552180927123e+19,GALAXY,0.7471877,9360,58055,469
24387,1.2376576085718477e+18,124.032502466204,38.1438005753061,25.5813,23.16139,21.57265,20.74478,20.52785,2825,301,5,124,1.0539636024514204e+19,STAR,2.874679e-05,9361,58055,316
31196,1.2376576080359593e+18,126.394112703834,39.4665631382232,21.92931,21.89681,21.65818,21.37344,21.22423,2825,301,4,139,1.0539824041002555e+19,QSO,1.115924,9361,58055,1000
65651,1.2376575962245368e+18,124.20408873445,39.2818105667434,21.34081,21.31691,21.33721,21.33417,20.59952,2822,301,6,135,1.0539642071828158e+19,QSO,2.124879,9361,58055,338
49384,1.2376575956877317e+18,124.887933436283,39.0652700375234,21.0842,20.74854,20.59748,20.51482,20.15588,2822,301,5,136,1.0539609361357232e+19,QSO,0.9084672,9361,58055,219
34594,1.2376786222452577e+18,40.9944117564436,3.4578346808793,23.75393,22.4363,22.74627,21.59675,22.03938,7718,301,2,262,1.0602816711425284e+19,GALAXY,0.8169333,9417,58055,790
35947,1.237678622245e+18,40.3675080891463,3.53374051829552,22.8736,22.47504,21.62268,21.07212,21.48249,7718,301,2,258,1.0602783451198544e+19,GALAXY,0.672715,9417,58055,669
51410,1.237657609108784e+18,123.745361883355,38.4776164291835,21.20304,20.9107,20.81115,20.51428,20.47952,2825,301,6,125,1.0539658564502575e+19,QSO,1.635929,9361,58055,398
7344,1.2376576080353695e+18,125.308510120134,38.3880618224651,22.18898,21.51239,21.3168,20.13411,19.19178,2825,301,4,130,1.0539586821368865e+19,GALAXY,1.120722,9361,58055,137
31705,1.2376784380908014e+18,41.2999283903838,1.86443342054059,20.50314,19.74917,19.61854,19.58352,19.42087,7675,301,3,144,1.060265260931484e+19,QSO,2.684394,9417,58055,193
45704,1.2376576091094387e+18,124.991163344408,39.5512089535768,20.88062,20.96888,21.14853,20.79111,20.19597,2825,301,6,135,1.0539781160049072e+19,QSO,1.124449,9361,58055,844
34164,1.237657608035762e+18,125.864928434888,39.0859089655633,21.26222,21.13056,20.79759,20.73554,20.66417,2825,301,4,136,1.0539568404549095e+19,QSO,1.107016,9361,58055,70
25819,1.2376576085728965e+18,126.165139033927,39.8252294158972,22.72596,22.13059,21.46025,21.03362,20.60738,2825,301,5,140,1.053981909320023e+19,QSO,1.931582,9361,58055,982
19252,1.2376576085728955e+18,126.238051801974,39.7795035163603,22.14933,24.29816,22.78695,21.5944,19.84809,2825,301,5,140,1.0539819917834e+19,STAR,-7.089489e-05,9361,58055,985
46,1.237678622245192e+18,40.7957426727124,3.56436811387184,22.79262,22.29579,22.23841,21.55672,21.01273,7718,301,2,261,1.0602805166553192e+19,GALAXY,1.065883,9417,58055,748
45220,1.2376576091086528e+18,123.502907641917,38.3054236049441,22.2541,22.0762,21.75249,21.80902,21.50205,2825,301,6,123,1.0539668460107223e+19,QSO,1.032331,9361,58055,434
49605,1.2376786190469704e+18,42.3868578949179,2.05207198751323,24.48928,23.84402,22.29381,22.05075,21.64824,7717,301,4,612,1.060260917860554e+19,GALAXY,0.1907072,9417,58055,35
59972,1.237657596224144e+18,123.507787414772,38.5826000925448,23.69466,21.75263,21.79142,21.59994,21.04545,2822,301,6,129,1.0539670934008388e+19,QSO,2.291454,9361,58055,443
32411,1.2376576080356972e+18,125.878125080866,38.878483782891,20.96568,20.64033,20.65265,20.48461,20.43703,2825,301,4,135,1.053956620552584e+19,QSO,2.117214,9361,58055,62
84134,1.237653587407799e+18,121.316803955798,40.0590083250446,25.18049,24.92011,21.78472,20.65179,19.50672,1889,301,3,110,1.0538627497473628e+19,GALAXY,0.8367217,9360,58055,743
22823,1.2376576085723712e+18,125.148960641169,38.9561897992565,24.62662,22.75648,21.43134,20.41873,20.95386,2825,301,5,132,1.053958984502584e+19,GALAXY,0.3977398,9361,58055,148
46050,1.237657609109308e+18,124.832096414138,39.2520002911525,24.91071,23.09413,21.54535,20.12004,19.22534,2825,301,6,133,1.053960963623514e+19,STAR,2.850995e-05,9361,58055,220
140,1.2376786222448645e+18,40.1255063822218,3.50401340629323,23.04723,22.91427,22.99111,22.17126,21.21337,7718,301,2,256,1.0602760086576452e+19,GALAXY,0.9313549,9417,58055,584
85013,1.2376535874074056e+18,120.714644843266,39.3279607815071,24.56002,23.006,21.40993,20.00112,19.30049,1889,301,3,104,1.0538604407729445e+19,GALAXY,0.676531,9360,58055,659
60018,1.237657609109374e+18,125.051196581323,39.4391058704799,22.87825,22.76069,21.32455,20.74169,20.39662,2825,301,6,134,1.0539784458584e+19,GALAXY,0.3487221,9361,58055,856
48046,1.237657609109177e+18,124.514705177882,39.1794088330579,23.04949,21.72237,21.22692,20.64615,20.39073,2825,301,6,131,1.0539629152566532e+19,QSO,0.7277507,9361,58055,291
82799,1.2376535874069476e+18,119.887773268974,38.4833836884593,24.77005,23.04283,21.4225,20.33633,19.59318,1889,301,3,97,1.0538549981903868e+19,QSO,1.524913,9360,58055,461
60949,1.2376575962240783e+18,123.491700112668,38.5439322897369,21.95879,22.03342,21.97411,21.72163,21.83519,2822,301,6,128,1.0539667635473504e+19,QSO,2.00781,9361,58055,431
60020,1.237657609108e+18,122.219708649094,37.0919869354532,23.42381,22.21821,21.53561,21.31081,20.84304,2825,301,6,113,1.0537423807135896e+19,GALAXY,0.2604149,9359,58056,460
48329,1.2376576091079316e+18,122.155852092664,36.9392611229369,21.33145,21.25793,21.31032,21.0863,20.89869,2825,301,6,112,1.0537422707624268e+19,QSO,2.04609,9359,58056,456
2412,1.2376576091081943e+18,122.565306218233,37.4476944194642,24.97915,26.03195,22.62009,20.92159,19.61817,2825,301,6,116,1.0537475209304496e+19,GALAXY,0.781101,9359,58056,647
62077,1.2376738070470991e+18,127.837800621868,20.362103347049,23.38676,24.26527,22.65402,21.9799,22.50757,6597,301,1,217,1.0771722313311476e+19,GALAXY,0.7315177,9567,58056,865
11257,1.2376575870993695e+18,44.0585804770644,0.661413949873174,19.54795,19.11612,18.89162,18.99609,18.93547,2820,301,5,160,1.0549765825157683e+19,QSO,0.9137511,9370,58056,304
88268,1.2376786195842342e+18,43.2668095089701,2.40297238425454,22.81356,22.59679,21.99503,21.21532,20.59368,7717,301,5,618,1.0549832345611164e+19,GALAXY,0.6931776,9370,58056,546
45149,1.2376576091081285e+18,122.355281849873,37.3323741862392,24.20048,21.40418,19.78718,17.92836,16.86095,2825,301,6,115,1.053746668808938e+19,STAR,9.610856e-05,9359,58056,616
31888,1.2376671423245194e+18,127.386414930736,18.8222641468327,24.47015,24.04198,22.13415,21.73698,22.32124,5045,301,3,109,1.0771537320480102e+19,GALAXY,0.8552483,9567,58056,192
66674,1.23765759622375e+18,122.736310563443,37.973185156058,18.96962,18.05407,17.61895,17.44733,17.55184,2822,301,6,123,1.0537483730519611e+19,STAR,-0.0008986564,9359,58056,678
65024,1.2376575962234888e+18,122.220748923722,37.4794861027159,20.06894,20.07112,19.74521,19.65868,19.57855,2822,301,6,119,1.0537464489066123e+19,QSO,1.226268,9359,58056,608
29436,1.2376784380915884e+18,43.1294892869125,1.78366885141226,23.5772,22.56451,21.83622,20.9694,20.33954,7675,301,3,156,1.0549837293413489e+19,GALAXY,0.9518773,9370,58056,564
25539,1.2376576069606446e+18,123.969020008282,36.1786376434145,22.00723,21.41095,21.09645,20.64891,20.14674,2825,301,2,115,1.0537322102310328e+19,QSO,2.095433,9359,58056,90
25991,1.2376738070465093e+18,126.409918913937,19.7919458454036,22.84608,22.45575,21.81188,20.86378,20.3896,6597,301,1,208,1.077164754652079e+19,GALAXY,0.8331207,9567,58056,593
50940,1.2376576091083246e+18,122.969952977304,37.6356174533618,21.58504,22.04785,21.67443,21.70801,22.50449,2825,301,6,118,1.0537496649781236e+19,QSO,1.4738,9359,58056,725
46316,1.2376663010900055e+18,44.7251908033653,0.386416444255644,23.28028,22.93819,22.27879,21.3329,21.20653,4849,301,4,753,1.0549709750064669e+19,GALAXY,0.7737252,9370,58056,100
49519,1.2376663010901363e+18,44.9800971960275,0.320522026274124,23.49439,22.05085,21.52759,20.68826,20.42381,4849,301,4,755,1.0549696830803e+19,GALAXY,0.758924,9370,58056,53
62004,1.237657596223882e+18,123.113725267762,38.0954609516523,23.59813,21.81235,21.57969,21.69701,21.62576,2822,301,6,125,1.0537503796606818e+19,QSO,3.187756,9359,58056,751
45867,1.237657609108391e+18,122.988314392734,37.8204598364437,22.23624,21.19518,21.01932,20.93053,20.87303,2825,301,6,119,1.053749362612426e+19,QSO,2.707235,9359,58056,714
56888,1.2376738070470991e+18,127.706387743082,20.3236726845523,23.01655,22.5765,22.04847,21.12296,20.53436,6597,301,1,217,1.077171104331729e+19,GALAXY,0.7715093,9567,58056,824
61109,1.2376575962230292e+18,121.427808610938,36.6240936960719,18.57014,17.59102,17.11067,16.88651,16.81792,2822,301,6,112,1.0537430953961478e+19,STAR,-0.0004566769,9359,58056,486
59197,1.2376663016269422e+18,44.8801927140489,0.653295210397625,23.07618,22.22493,21.92305,21.23619,21.26077,4849,301,5,754,1.0549701503727458e+19,GALAXY,0.7941215,9370,58056,70
58391,1.2376671428609318e+18,126.304073226448,18.67536085204,22.4311,22.80867,22.14457,21.68847,22.22068,5045,301,4,102,1.0771601641910327e+19,GALAXY,0.9221575,9567,58056,426
62057,1.2376663010900718e+18,44.8052584661089,0.251908917738971,25.0415,23.45438,22.38655,22.79593,21.64671,4849,301,4,754,1.0549706176651876e+19,QSO,2.046196,9370,58056,87
47863,1.237673807046443e+18,126.340870304995,19.72389658237,25.0304,23.86361,23.55623,21.84369,21.89864,6597,301,1,207,1.077164892091032e+19,GALAXY,0.7179482,9567,58056,598
67116,1.2376575962235535e+18,122.423593641291,37.5301169809416,24.63465,22.78526,20.58284,20.31437,22.8269,2822,301,6,120,1.0537478232961473e+19,GALAXY,0.5366584,9359,58056,658
21502,1.237678617974408e+18,44.9643361872237,1.21509672465119,25.30314,22.72284,22.17811,20.91529,20.66387,7717,301,2,630,1.0549955216035568e+19,GALAXY,0.8299238,9370,58056,993
2886,1.237666301626745e+18,44.4704304413967,0.639666156192665,22.11873,22.02027,21.50283,21.1007,20.59886,4849,301,5,751,1.0549722669326293e+19,QSO,0.9566863,9370,58056,147
45395,1.237657609107932e+18,122.102788368882,37.050398482104,22.96683,21.5653,20.52369,19.92445,19.39816,2825,301,6,112,1.0537422982502177e+19,QSO,0.7841867,9359,58056,457
1360,1.23764594397361e+18,44.211129087325,0.973934515533952,23.89452,24.07803,22.85078,23.69384,22.94704,109,301,6,64,1.0549758128576289e+19,GALAXY,0.2834576,9370,58056,276
45396,1.237657609108e+18,122.24092764817,37.0258408384807,20.70434,20.3939,20.3722,20.00059,19.9385,2825,301,6,113,1.0537422432746365e+19,QSO,1.673867,9359,58056,455
34257,1.2376671423245197e+18,127.493494481169,18.8211569627325,24.26142,22.28852,21.64685,21.11366,20.93271,5045,301,3,109,1.0771539519503356e+19,GALAXY,1.03627,9567,58056,200
47717,1.2376576091079311e+18,122.178767974866,37.0056139290082,21.83101,21.26967,20.81918,20.36643,20.15665,2825,301,6,112,1.053742078347892e+19,QSO,1.573245,9359,58056,449
609,1.2376576085719124e+18,124.127364468297,38.2413889393056,22.18258,20.35624,19.56327,19.20953,19.07584,2825,301,5,125,1.05375584973103e+19,STAR,-5.664595e-05,9359,58056,950
21579,1.2376738070463782e+18,126.180497116121,19.6685618356962,24.89853,22.70196,22.14276,21.32918,20.66878,6597,301,1,206,1.0771628030189392e+19,QSO,0.7816942,9567,58056,522
23991,1.2376576069610376e+18,124.711905625184,36.8848815414126,20.60261,20.43611,20.33417,20.175,19.97709,2825,301,2,121,1.053730038695568e+19,QSO,2.117693,9359,58056,11
5834,1.2376786179742766e+18,44.7422937136205,1.23029170122727,23.30352,22.57424,22.08555,21.82588,21.42008,7717,301,2,628,1.0549939273117e+19,GALAXY,0.1546744,9370,58056,935
1396,1.237657608571454e+18,123.403717508815,37.3820781822253,21.64454,21.29835,20.91699,20.69115,20.77178,2825,301,5,118,1.0537531009519604e+19,GALAXY,0.0,9359,58056,850
38456,1.2376576080346483e+18,123.769822821324,37.2397275741849,21.75937,21.33332,21.28609,21.00017,21.18284,2825,301,4,119,1.0537541454880068e+19,QSO,1.634506,9359,58056,888
48303,1.237657609108587e+18,123.306293732888,38.1533422257263,20.36807,20.58918,20.10602,20.14341,19.97088,2825,301,6,122,1.0537512867577747e+19,QSO,1.278747,9359,58056,784
87082,1.2376671068904494e+18,128.242182696889,18.0597587587401,24.45079,22.48936,23.34148,22.64347,21.16893,5037,301,1,100,1.077149608879406e+19,QSO,1.152369,9567,58056,42
92891,1.2376738070469673e+18,127.477874965756,20.1011232686812,23.67353,23.10941,22.95012,22.52821,21.32028,6597,301,1,215,1.0771702247224269e+19,GALAXY,1.073132,9567,58056,792
23253,1.2376738070468367e+18,127.216042435303,20.0823107444439,23.09212,22.66648,22.42814,21.34291,21.34392,6597,301,1,213,1.0771689877718456e+19,GALAXY,0.8421499,9567,58056,747
33032,1.237667142324388e+18,127.123819765373,18.5822704044787,24.00262,23.33196,22.1132,21.70258,21.41982,5045,301,3,107,1.0771561234858e+19,GALAXY,0.9070665,9567,58056,279
65524,1.2376575962238817e+18,123.212772171555,38.147474656203,21.12735,20.85339,20.75434,20.55244,20.39177,2822,301,6,125,1.053750269709519e+19,QSO,1.701921,9359,58056,747
41841,1.2376576085718472e+18,124.065583502095,37.9852671670151,22.11895,21.90704,21.51361,21.55155,21.18233,2825,301,5,124,1.0537547227316115e+19,GALAXY,0.968424,9359,58056,909
33283,1.2376671423245194e+18,127.371384596583,18.8006783031474,22.21151,22.28691,21.73364,21.33545,21.28153,5045,301,3,109,1.0771548040718471e+19,GALAXY,0.7036123,9567,58056,231
843,1.2376663016270067e+18,44.9638286006063,0.6293301175212,19.78907,19.3839,19.42823,19.17646,19.00586,4849,301,5,755,1.054968308690769e+19,QSO,0.4703995,9370,58056,3
99172,1.2376575946124823e+18,122.703784862399,35.9831622534512,21.05365,19.01694,18.09941,17.68628,17.35489,2822,301,3,113,1.0537393570566132e+19,GALAXY,0.0803253,9359,58056,350
46031,1.23764594397361e+18,44.273789667689,0.968262986803593,23.31561,22.49249,22.28233,21.86224,21.87251,109,301,6,64,1.054974713346e+19,GALAXY,0.9722549,9370,58056,236
10341,1.2376786195846267e+18,44.2107108361733,2.52782249795765,22.40351,22.90587,22.09842,21.64281,21.77298,7717,301,5,624,1.054988677143674e+19,GALAXY,0.6976764,9370,58056,744
42956,1.2376634792586783e+18,333.132963683162,0.134496810708361,22.5157,21.19022,20.70003,20.27267,20.30002,4192,301,4,176,1.0321191651528432e+19,QSO,0.1361548,9167,58064,244
9668,1.2376786184792968e+18,331.996258640763,1.72408383016123,20.16096,19.98714,19.72664,19.54912,19.65872,7717,301,3,142,1.032126999173191e+19,QSO,1.434752,9167,58064,529
46290,1.237678597542052e+18,333.620814165929,2.48447992775949,21.932,22.01067,21.40931,21.37469,21.65343,7712,301,4,153,1.0321364274854e+19,QSO,1.316898,9167,58064,872
41474,1.2376785975416591e+18,332.656167170247,2.36787915220213,22.09981,21.49068,21.2301,21.37088,20.53561,7712,301,4,147,1.0321299403668e+19,QSO,1.568816,9167,58064,636
5407,1.2376785980783332e+18,332.286428038103,2.74130296791927,21.28614,20.85301,19.84577,18.65384,23.54844,7712,301,5,144,1.0321275214412145e+19,STAR,0.0001695055,9167,58064,548
45084,1.237663479258809e+18,333.359040614193,0.146559575229841,22.76057,22.16555,21.89418,21.84515,21.15919,4192,301,4,178,1.032117983177843e+19,QSO,2.066288,9167,58064,201
31598,1.237678597541266e+18,331.791361863842,2.30840495478254,20.91707,20.55844,20.16861,20.059,19.9854,7712,301,4,141,1.032128703416214e+19,GALAXY,0.0,9167,58064,591
21122,1.2376786179428193e+18,332.798685579869,1.29256740041742,21.53761,21.47638,20.92192,21.10735,21.00425,7717,301,2,148,1.0321211992493543e+19,QSO,1.143606,9167,58064,318
17316,1.2376785959308495e+18,332.212099803426,1.17462772816689,22.91551,21.98527,21.73064,21.8669,22.17887,7712,301,1,144,1.03212537739354e+19,QSO,1.804059,9167,58064,470
31367,1.2376785975414625e+18,332.289196311262,2.38331430999601,20.43316,20.09226,19.89281,19.62624,19.62645,7712,301,4,144,1.032127823806912e+19,QSO,1.532846,9167,58064,559
13470,1.237678596467786e+18,332.385058002517,1.49582434819864,19.33554,19.1257,19.05024,19.06969,19.02587,7712,301,2,145,1.0321283185871444e+19,QSO,0.835991,9167,58064,577
99424,1.2376786174056863e+18,332.189150583611,0.891207931297956,20.98431,20.83077,20.55067,20.21466,20.25094,7717,301,1,144,1.0321251574912143e+19,QSO,1.887136,9167,58064,462
31821,1.2376785975416591e+18,332.684135217398,2.35241603414369,21.83054,21.54954,21.09377,20.84337,21.04235,7712,301,4,147,1.0321310398784231e+19,STAR,1.091191e-05,9167,58064,676
8283,1.2376786174058176e+18,332.510368215321,0.95803875419132,22.99405,22.16861,21.54275,21.455,21.10708,7717,301,1,146,1.0321230684191216e+19,QSO,1.414917,9167,58064,386
9669,1.2376786184801487e+18,333.809088686738,1.88071690059273,20.29622,20.1789,19.91713,20.06277,20.02129,7717,301,3,155,1.0321380767528407e+19,QSO,0.9611523,9167,58064,932
4336,1.2376786179426235e+18,332.362125846359,1.41051420148685,23.60187,23.7385,21.99003,20.61961,19.60914,7717,301,2,145,1.0321245252720284e+19,GALAXY,0.6568653,9167,58064,439
12619,1.2376785975418552e+18,333.125552280753,2.40566099677627,18.84732,18.35741,18.05136,18.01059,18.0277,7712,301,4,150,1.032133128950516e+19,QSO,1.283517,9167,58064,752
35052,1.2376785975414625e+18,332.191476429089,2.35359714435732,21.14035,20.86289,20.73259,20.56528,20.30119,7712,301,4,144,1.0321277963191212e+19,QSO,1.549046,9167,58064,558
42679,1.237663479258743e+18,333.294363630236,0.094369605194595,21.16353,20.7667,20.49028,20.45797,20.25457,4192,301,4,177,1.032118010665634e+19,QSO,0.993043,9167,58064,202
46623,1.237663479258809e+18,333.420848380095,0.16327117728908,23.34675,22.13117,21.74218,21.24006,21.21406,4192,301,4,178,1.0321169111540062e+19,QSO,1.506878,9167,58064,162
16800,1.2376785975423145e+18,334.112642712577,2.38048917352503,21.74891,21.09216,20.93247,20.70296,20.66037,7712,301,4,157,1.0321387914354e+19,QSO,1.609434,9167,58064,958
12111,1.2376785975419868e+18,333.397777194166,2.51092864600678,21.68779,21.47167,21.09575,21.08189,21.32708,7712,301,4,152,1.0321351355592366e+19,QSO,1.092313,9167,58064,825
31062,1.2376785975415936e+18,332.563270090241,2.45011910016753,21.65285,21.4022,21.10274,21.07665,21.10007,7712,301,4,146,1.0321298304156324e+19,QSO,1.210582,9167,58064,632
4916,1.2376785959316362e+18,334.0741682022,1.11292826326589,21.4324,21.40776,21.45235,20.98886,21.30894,7712,301,1,156,1.032113255277844e+19,QSO,1.897409,9167,58064,29
10446,1.2376785975421834e+18,333.860608523052,2.45736698647435,21.2764,21.19705,21.11993,21.02006,20.69525,7712,301,4,155,1.0321374995092363e+19,QSO,1.528067,9167,58064,911
18500,1.2376785975418555e+18,333.102131242207,2.35312989271978,20.5755,20.55678,20.31782,20.14162,20.01746,7712,301,4,150,1.0321331839261e+19,QSO,1.454155,9167,58064,754
4915,1.2376785959312433e+18,333.126784061549,1.22401551281794,22.46639,23.59152,21.65757,20.54868,19.89394,7712,301,1,150,1.0321197973720291e+19,STAR,-0.0002161365,9167,58064,267
10484,1.2376785975419213e+18,333.215268945797,2.41586533766902,21.39675,21.24991,20.93378,20.84661,20.52058,7712,301,4,151,1.0321330189993531e+19,QSO,2.12878,9167,58064,748
99886,1.23767861740549e+18,331.81353168837,1.01615585920247,22.66638,21.4768,21.57884,21.62237,21.45171,7717,301,1,141,1.032125927149354e+19,STAR,-0.001017406,9167,58064,490
12535,1.2376785975417247e+18,332.902682373974,2.37228558830522,20.65468,20.37499,20.1762,19.89956,19.78907,7712,301,4,148,1.0321321943656323e+19,QSO,1.539969,9167,58064,718
30474,1.2376785975415936e+18,332.54258402143,2.45444331645744,20.86947,20.89543,20.58785,20.48674,20.56969,7712,301,4,146,1.032129885391214e+19,QSO,1.232918,9167,58064,634
12259,1.2376785975419213e+18,333.238816283441,2.39162012993686,21.83128,21.79597,21.8577,21.48692,21.45597,7712,301,4,151,1.0321340910231902e+19,QSO,2.124474,9167,58064,787
15821,1.237678596467786e+18,332.397640412967,1.63430047140711,20.52383,20.6084,20.38834,20.40352,20.29535,7712,301,2,145,1.0321284010505165e+19,QSO,1.200906,9167,58064,580
30414,1.2376786174060142e+18,332.955484451059,0.878629499489768,22.70485,21.72865,21.68932,21.49533,21.9649,7717,301,1,149,1.032120704469122e+19,STAR,-0.0009893134,9167,58064,300
16427,1.2376785975422487e+18,334.087624482949,2.52724406973725,20.11775,19.79945,19.56405,19.46201,19.16192,7712,301,4,156,1.0321384890697e+19,QSO,2.111516,9167,58064,947
16296,1.23767859754238e+18,334.310423063024,2.37300191901138,21.76706,21.44377,21.3781,20.96519,21.77631,7712,301,4,158,1.0321387639476085e+19,QSO,1.709165,9167,58064,957
10258,1.2376786184800837e+18,333.694252822067,1.79392580749516,22.60942,21.41381,21.25971,21.07938,20.7422,7717,301,3,154,1.0321369772412131e+19,QSO,2.723454,9167,58064,892
19815,1.2376786179431468e+18,333.559846301886,1.41904454670201,20.16629,19.53006,18.93955,18.61207,18.48976,7717,301,2,153,1.0321168561784248e+19,QSO,1.348464,9167,58064,160
47316,1.2376634792623475e+18,341.442333575953,0.0697621806450085,23.05823,22.05204,22.13708,21.90195,21.88471,4192,301,4,232,1.0303261640586711e+19,GALAXY,0.06981183,9151,58067,551
44509,1.2376634792631995e+18,343.456573394213,0.132783548864571,24.34593,22.61868,21.88983,21.24616,20.7909,4192,301,4,245,1.0303360321755304e+19,QSO,6.462293,9151,58067,910
93089,1.2376637841993902e+18,4.63210300000971,0.0657096473351912,22.46106,22.1155,21.35949,20.90704,20.37959,4263,301,4,146,1.0590233900558342e+19,GALAXY,0.2703407,9406,58067,70
52155,1.237678617407e+18,335.287723142344,0.923115497363324,22.57696,22.28352,21.9113,21.67833,21.41657,7717,301,1,164,1.0322316451974e+19,QSO,1.181425,9168,58067,240
52156,1.2376786174064732e+18,334.124343222298,0.904169077821462,22.49231,22.12374,21.77118,21.54987,21.34679,7717,301,1,156,1.032237115267746e+19,QSO,1.044286,9168,58067,439
37387,1.2376634792628068e+18,342.515280587558,0.139490421693223,26.24065,25.02512,22.05693,20.78541,19.76686,4192,301,4,239,1.030329352642392e+19,GALAXY,0.7718661,9151,58067,667
38415,1.23766347926261e+18,342.129529391597,0.0504279716153712,24.83906,22.88705,22.30487,21.92636,22.50741,4192,301,4,236,1.0303272910580896e+19,QSO,1.08234,9151,58067,592
9453,1.237678618480673e+18,335.027509746785,1.76335269698436,20.3397,20.22797,20.09101,19.91621,19.59182,7717,301,3,163,1.0322441796299545e+19,QSO,1.982584,9168,58067,696
79255,1.2376634787254769e+18,341.410300034886,-0.259563497108088,23.64517,22.4968,22.14997,21.87918,21.50326,4192,301,3,232,1.0303247896691364e+19,GALAXY,1.454937,9151,58067,501
60852,1.2376786184802145e+18,333.972749581818,1.88926215193993,25.31123,22.82172,21.58045,20.38747,19.61208,7717,301,3,156,1.0322389844375132e+19,STAR,-4.206682e-05,9168,58067,507
45976,1.2376634792630684e+18,343.060897815209,0.0127132288325605,23.08447,23.01563,22.03595,21.60019,21.24582,4192,301,4,243,1.0303338881278564e+19,QSO,1.618254,9151,58067,832
42064,1.2376786190178063e+18,335.70339478351,2.2818407416954,21.98246,22.16693,21.86223,21.47462,21.0762,7717,301,4,167,1.0322492098956515e+19,QSO,1.478893,9168,58067,879
18621,1.2376785964690967e+18,335.380249688099,1.72008292141437,21.15881,21.01185,20.71532,20.25028,20.23396,7712,301,2,165,1.0322473132380936e+19,QSO,1.741147,9168,58067,810
41554,1.2376634792630687e+18,343.085588147493,0.192104130607835,22.42105,22.55482,22.01598,21.80808,21.46143,4192,301,4,243,1.0303338056644844e+19,QSO,1.846172,9151,58067,829
42069,1.2376634792631342e+18,343.329015584512,0.0628820623830794,22.26698,21.97371,21.80792,21.53811,21.96218,4192,301,4,244,1.0303360596633213e+19,QSO,1.618589,9151,58067,911
40921,1.2376634792630692e+18,343.153243905736,0.0283497960377138,22.56716,24.12459,21.98305,20.69029,19.91203,4192,301,4,243,1.030335180054019e+19,GALAXY,0.8992414,9151,58067,879
39470,1.237663479263331e+18,343.71001466643,0.0120549242142592,23.52549,22.57484,21.47427,20.413,19.48092,4192,301,4,247,1.0303370492237865e+19,GALAXY,0.6973024,9151,58067,947
92675,1.2376634803339272e+18,336.597012241819,0.937100849635432,23.23474,22.32916,22.23465,21.93312,21.74526,4192,301,6,199,1.0322252130543751e+19,QSO,1.947217,9168,58067,6
16601,1.237678597542642e+18,334.904853315141,2.39417617227026,20.91304,20.69071,20.41439,20.02526,19.77811,7712,301,4,162,1.0322435199229776e+19,QSO,1.684891,9168,58067,672
22094,1.2376785975427077e+18,335.081810108181,2.48595245256886,20.96062,20.66963,20.41076,20.2918,20.5243,7712,301,4,163,1.0322445094834428e+19,QSO,2.130712,9168,58067,708
20012,1.2376785975431662e+18,336.175143293564,2.47269684337148,18.47835,17.49837,17.18938,17.07072,17.0379,7712,301,4,170,1.0322510790654188e+19,STAR,-0.0006718289,9168,58067,947
1790,1.237678595944284e+18,2.88477513210796,1.49063834059769,19.16559,19.07357,19.0556,18.82552,18.74828,7712,301,1,349,1.0590364192686232e+19,QSO,1.656637,9406,58067,544
16297,1.237678597542642e+18,334.878293853903,2.49596182460646,19.65735,18.96127,18.71444,18.50768,18.20236,7712,301,4,162,1.0322433549962336e+19,QSO,2.215896,9168,58067,666
79309,1.2376634787260664e+18,342.890259812328,-0.415769597672512,21.7943,21.89383,21.62706,21.5544,21.36683,4192,301,3,241,1.0303322663482057e+19,GALAXY,1.272875,9151,58067,773
90797,1.2376634803331407e+18,334.754182535558,0.88510100500801,23.47745,23.31987,21.73588,20.54342,19.87383,4192,301,6,187,1.0322348062933277e+19,GALAXY,0.7585877,9168,58067,355
10784,1.2376785975429043e+18,335.496361393149,2.44155993385682,20.66966,20.45322,19.99732,19.64344,19.29063,7712,301,4,166,1.0322467634822795e+19,QSO,2.032367,9168,58067,790
15186,1.2376785964691633e+18,335.511874973402,1.64590602089851,25.50131,22.92196,22.55234,21.19552,19.98282,7712,301,2,166,1.0322486051642565e+19,GALAXY,0.8321748,9168,58067,857
40017,1.237678881549649e+18,342.15466585853,-1.64020616140078,23.2791,23.36005,22.35427,21.07537,20.05617,7778,301,5,197,1.0303213811830905e+19,QSO,0.8316076,9151,58067,377
79970,1.2376634787256727e+18,341.85326118742,-0.340344282153601,21.93404,20.63673,20.43415,20.5382,21.06658,4192,301,3,235,1.030325559327276e+19,STAR,-0.0007837468,9151,58067,529
22272,1.2376637841995215e+18,4.84689287407259,0.0557894942054393,23.01682,22.8552,22.60337,21.46398,21.4114,4263,301,4,148,1.0590222630564155e+19,GALAXY,0.8625203,9406,58067,29
20742,1.2376785975427735e+18,335.23739110545,2.46795643028302,22.44694,22.1607,21.98629,21.79349,21.60276,7712,301,4,164,1.0322456089950704e+19,QSO,1.24159,9168,58067,748
56979,1.2376571909074455e+18,5.09658817288351,-0.186313302935706,19.52687,19.38479,19.3728,18.97205,19.05479,2728,301,3,447,1.0590216308372296e+19,QSO,1.642302,9406,58067,6
79481,1.2376634787258696e+18,342.381039468353,-0.335644660023419,23.31309,21.52183,21.00342,22.17044,20.41958,4192,301,3,238,1.0303286929354152e+19,STAR,-4.820284e-05,9151,58067,643
79482,1.23766347872587e+18,342.428086380656,-0.372821284612969,22.05195,22.04175,21.76458,21.47415,21.29247,4192,301,3,238,1.030328802886578e+19,QSO,1.535128,9151,58067,647
53243,1.237679998235313e+18,343.351678664808,-1.83028735197035,25.88139,23.45703,21.75517,20.59221,19.84685,8038,301,5,108,1.030314399284254e+19,GALAXY,0.6353942,9151,58067,123
80864,1.237663478726e+18,342.607794203068,-0.237495054549805,22.83047,22.387,22.35038,22.05487,22.46294,4192,301,3,240,1.0303310568854147e+19,QSO,1.965685,9151,58067,729
32079,1.2376786179439345e+18,335.408949330348,1.4224217230609,25.35108,23.17944,21.68666,20.34211,19.67777,7717,301,2,165,1.0322309580026305e+19,GALAXY,0.6730606,9168,58067,215
41025,1.2376634792632655e+18,343.621668730386,0.121074088519946,24.07847,23.64118,22.43271,20.67517,19.9546,4192,301,4,246,1.0303369942482e+19,GALAXY,0.8146964,9151,58067,945
1386,1.2376634787258696e+18,342.353884034953,-0.276984225507732,22.12356,22.12916,21.48356,22.50001,21.51569,4192,301,3,238,1.0303287753987873e+19,QSO,0.5198511,9151,58067,646
88651,1.237663480333468e+18,335.48060437178,0.846866297293405,22.34096,23.12741,21.17899,20.15644,19.33856,4192,301,6,192,1.0322304632224e+19,GALAXY,0.5120884,9168,58067,197
17271,1.2376785975425766e+18,334.824263183795,2.45111066147049,21.26255,20.93962,20.74865,20.57619,20.74002,7712,301,4,161,1.0322433000206522e+19,QSO,1.311166,9168,58067,664
43183,1.2376634792628065e+18,342.497577669394,0.0944975624846548,23.95669,22.04625,21.58198,21.48511,21.90666,4192,301,4,239,1.0303294900813451e+19,QSO,3.022532,9151,58067,672
43319,1.237663479262937e+18,342.850733546483,0.0557177243166051,21.76913,21.30635,20.9678,20.9036,20.85217,4192,301,4,241,1.0303327886162289e+19,QSO,0.8694044,9151,58067,792
78815,1.237663783125189e+18,3.54805943988003,-0.828993783645039,24.60054,23.65705,22.37174,21.53168,21.34632,4263,301,2,139,1.0590303994424613e+19,GALAXY,0.8531509,9406,58067,325
14666,1.2376785964694907e+18,336.367985425867,1.7522124050234,24.1418,25.31924,22.40237,20.91775,19.9753,7712,301,2,171,1.0322524534549537e+19,GALAXY,0.7266014,9168,58067,997
44185,1.237663479262479e+18,341.840020977255,0.0833119006294379,22.43548,22.46775,21.571,21.80858,21.37103,4192,301,4,234,1.030326191546462e+19,QSO,1.27486,9151,58067,552
43577,1.2376634792632e+18,343.47469555655,0.115385004072056,23.96113,22.35276,22.26366,21.81123,22.55213,4192,301,4,245,1.0303372691261118e+19,STAR,0.001125413,9151,58067,955
37705,1.2376634792624136e+18,341.616926390756,0.121648537495758,22.88007,22.45063,22.10801,21.85991,21.1934,4192,301,4,233,1.0303259991319271e+19,STAR,-9.517949e-05,9151,58067,545
42163,1.2376634792630687e+18,343.134157907752,0.102469982998209,22.44645,22.05551,21.93335,21.65026,21.82302,4192,301,4,243,1.0303337781766937e+19,QSO,1.492887,9151,58067,828
81071,1.237663478726394e+18,343.605843233385,-0.292608287573108,21.5844,21.15813,21.11641,20.75954,21.00206,4192,301,3,246,1.0303364994679724e+19,QSO,0.6046085,9151,58067,927
15737,1.237678597542576e+18,334.853388056356,2.40779502184724,18.46065,18.34158,18.10519,18.05034,17.77084,7712,301,4,161,1.0322434649474e+19,QSO,0.2852544,9168,58067,670
42207,1.237678619018134e+18,336.430814613277,2.348890425509,21.53154,21.14513,20.95442,20.79732,20.42245,7717,301,4,172,1.0322520686258835e+19,QSO,0.8488367,9168,58067,983
91880,1.2376637841992586e+18,4.2520129794579,0.129056409105383,22.86526,22.94216,22.10271,21.49748,21.39187,4263,301,4,144,1.0590255066157177e+19,GALAXY,0.8445074,9406,58067,147
92113,1.2376637841992584e+18,4.20625601086445,0.153284375729553,22.11597,22.22484,21.65718,21.00777,20.41691,4263,301,4,144,1.0590255615913e+19,GALAXY,0.827822,9406,58067,149
41007,1.2376634792628723e+18,342.630076642538,0.13137451647859,24.11694,23.53156,22.00573,20.81261,19.9885,4192,301,4,240,1.0303303971784382e+19,STAR,4.16286e-05,9151,58067,705
32743,1.2376786174066696e+18,334.501933692163,1.06851644934346,24.00749,22.10531,22.02268,22.09351,21.8332,7717,301,1,159,1.0322373076822809e+19,QSO,3.150012,9168,58067,446
12068,1.2376785975425108e+18,334.604690617786,2.36988366502828,20.64259,20.27517,19.89377,20.02014,19.79206,7712,301,4,160,1.0322412659241409e+19,QSO,0.9924716,9168,58067,590
99787,1.237663783662322e+18,4.18305229811267,-0.377761514191763,21.91764,21.9553,21.54452,21.42748,21.85878,4263,301,3,143,1.0590262212982755e+19,GALAXY,1.059405,9406,58067,173
42752,1.2376634792628723e+18,342.609589286308,0.0800730721286027,25.15026,24.6821,22.43666,21.01936,20.01205,4192,301,4,240,1.0303305621051824e+19,STAR,0.00012003,9151,58067,711
42754,1.2376634792628723e+18,342.720856851476,0.148971117613379,23.02841,23.1375,21.8725,20.72587,19.63487,4192,301,4,240,1.03033166161681e+19,STAR,4.38448e-05,9151,58067,751
15819,1.2376786174197112e+18,4.29662302376983,1.44366787028862,24.20165,23.1095,22.7522,22.10525,20.93274,7717,301,1,358,1.0590452703372268e+19,GALAXY,0.928218,9406,58067,866
44067,1.2376634792631342e+18,343.262111966706,0.0297404825359717,22.10863,22.02124,21.87699,21.63417,22.20053,4192,301,4,244,1.0303362795656468e+19,QSO,1.659943,9151,58067,919
22826,1.2376792546725071e+18,36.8491641624668,-4.03750443311546,20.38225,19.94596,19.94335,19.69992,19.89004,7865,301,4,160,1.0491150585604364e+19,QSO,1.819172,9318,58068,55
37061,1.237678879951356e+18,10.175912645974,-3.10243734017665,22.59093,23.12088,22.25331,21.62912,20.94847,7778,301,2,385,1.052619696898391e+19,GALAXY,0.9076662,9349,58068,577
80044,1.2376794345234107e+18,11.2908936763944,-2.75468207047281,23.39168,22.69824,22.15433,21.45803,20.71816,7907,301,3,147,1.0526248646030416e+19,GALAXY,0.7785875,9349,58068,765
81579,1.2376794345233454e+18,11.1984666939847,-2.78293035489781,22.20721,22.13946,21.55131,20.72939,20.83215,7907,301,3,146,1.0526249470664137e+19,GALAXY,0.675852,9349,58068,768
1860,1.2376785959355028e+18,342.855096557758,1.36542968542699,22.38019,22.35356,22.01939,21.80078,21.91123,7712,301,1,215,1.0325638351496172e+19,QSO,1.209607,9171,58068,37
82857,1.2376788810250982e+18,10.1780012635354,-2.13884766078327,22.57517,21.78842,21.87088,21.54813,20.5916,7778,301,4,385,1.0526187898013e+19,GALAXY,1.255323,9349,58068,544
81578,1.2376794345233454e+18,11.1917096785585,-2.82522045948904,22.83081,22.60972,22.04456,21.67374,21.04521,7907,301,3,146,1.052623847554786e+19,GALAXY,0.8538038,9349,58068,728
82251,1.23767943452328e+18,11.0453564956738,-2.84787000231416,22.91926,22.54412,21.88242,21.29284,21.10222,7907,301,3,145,1.052623930018158e+19,GALAXY,0.8547719,9349,58068,731
6739,1.2376788799520123e+18,11.7622787229412,-3.01522698434128,25.85473,23.74156,23.3497,22.14996,22.74536,7778,301,2,395,1.052628438015832e+19,GALAXY,1.300249,9349,58068,895
2749,1.2376785959347817e+18,341.272346904109,1.26310256648659,21.43326,21.56292,21.54988,21.67597,21.24421,7712,301,1,204,1.032575380021709e+19,STAR,-0.002675624,9171,58068,457
37015,1.237663479262414e+18,341.654481362626,0.184772287637279,25.96898,23.26111,21.23474,20.04261,19.37436,4192,301,4,233,1.0325696075856632e+19,GALAXY,0.6426451,9171,58068,247
42751,1.23766347926261e+18,342.007447539626,0.103165062769947,23.12255,22.30978,21.93297,21.55281,21.09296,4192,301,4,236,1.032567820879268e+19,GALAXY,0.01601929,9171,58068,182
34364,1.2376786184838843e+18,342.417262823549,1.97766594238416,21.14868,21.52391,21.08522,21.10768,21.05741,7717,301,3,212,1.0325872272595e+19,QSO,1.320692,9171,58068,888
34087,1.2376794334501937e+18,12.5450277284893,-3.54923604739113,23.10674,22.49794,21.75329,21.05789,20.9065,7907,301,1,155,1.0526045786135091e+19,GALAXY,0.7894072,9349,58068,27
68257,1.2376792552093783e+18,36.7721480283033,-3.58854932427917,26.60456,21.35875,20.5834,20.05387,19.32669,7865,301,5,160,1.0491156083162503e+19,GALAXY,0.7049003,9318,58068,75
33300,1.2376794334501937e+18,12.5063330216529,-3.71004342680851,22.55408,22.7068,21.50907,20.986,20.62536,7907,301,1,155,1.0526044686623463e+19,GALAXY,0.9704113,9349,58068,23
37373,1.2376794334494728e+18,10.8987914030171,-3.65829804838377,23.72701,22.70919,21.94481,20.84469,20.61259,7907,301,1,144,1.0526134571699e+19,GALAXY,0.8893229,9349,58068,350
2881,1.2376786174101427e+18,342.461536043885,1.05812996106854,22.42423,22.64833,21.76453,21.76426,22.04024,7717,301,1,212,1.0325668038310124e+19,QSO,1.339545,9171,58068,145
76907,1.237679255209509e+18,37.0594728208199,-3.54022269564136,24.06348,22.99769,22.56009,21.82577,20.92074,7865,301,5,162,1.0491145362924132e+19,GALAXY,0.9912632,9318,58068,36
74864,1.2376794334492104e+18,10.2154697190879,-3.55343911971841,24.06221,22.88583,22.65039,22.69128,22.51591,7907,301,1,140,1.052615738656531e+19,QSO,1.049986,9349,58068,433
2861,1.2376785959355028e+18,342.923955200376,1.38774996096831,22.58407,22.37467,21.95717,21.94377,21.31475,7712,301,1,215,1.0325638076618269e+19,QSO,1.896298,9171,58068,36
23076,1.23767861741047e+18,343.242573844344,1.14549961847707,22.56366,21.90947,21.64738,21.95233,21.32959,7717,301,1,217,1.0325630929792686e+19,GALAXY,0.01657831,9171,58068,10
22194,1.237678889599239e+18,36.3088276096122,-1.97852179294654,23.38865,22.73588,22.33046,21.99324,21.59107,7780,301,4,144,1.0491373511586896e+19,GALAXY,0.001205874,9318,58068,866
3506,1.2376786174098153e+18,341.66603720913,1.04474972811352,22.29458,22.09767,21.66557,21.86027,21.91649,7717,301,1,207,1.0325718890722908e+19,QSO,1.645744,9171,58068,330
81224,1.2376794345232796e+18,10.9420111326167,-2.70857613073429,22.60739,22.26751,21.67105,21.56005,21.19381,7907,301,3,145,1.0526226930675767e+19,QSO,2.280017,9349,58068,686
64957,1.2376788799627597e+18,36.3610055403086,-2.76344174088238,22.41379,22.55215,21.90839,21.19138,20.87362,7778,301,2,559,1.04913776347555e+19,GALAXY,0.792707,9318,58068,881
84257,1.2376788810250327e+18,10.1065022930473,-2.21224508575808,25.05763,22.80019,22.83345,22.08962,23.21513,7778,301,4,384,1.0526188722646702e+19,GALAXY,0.7892236,9349,58068,547
32381,1.2376788810251633e+18,10.3299972904809,-2.15863015694272,22.62615,22.64453,23.60552,22.35951,20.89771,7778,301,4,386,1.0526199717763e+19,GALAXY,1.150818,9349,58068,587
81604,1.2376794345234107e+18,11.3350070735918,-2.7069509609769,24.43159,22.18369,21.71036,21.20134,20.63053,7907,301,3,147,1.05262599160246e+19,GALAXY,0.7550604,9349,58068,806
7144,1.237678879952077e+18,11.8616342051801,-3.10435522758276,22.58051,22.38366,23.10257,22.37435,21.0804,7778,301,2,396,1.0526296474786224e+19,GALAXY,0.943078,9349,58068,939
79711,1.237679255208526e+18,34.7720798786882,-3.56992579563179,23.04228,22.66422,22.03242,22.615,22.15268,7865,301,5,147,1.0491267133836909e+19,GALAXY,1.009869,9318,58068,479
50573,1.2376793233981445e+18,34.8534059326912,-4.17737641568299,22.63614,22.22431,21.33529,21.04333,20.17754,7881,301,4,254,1.0491259987011328e+19,GALAXY,0.7612551,9318,58068,453
21237,1.2376785975457224e+18,341.990501749148,2.6704332827995,21.65679,21.4614,21.15335,20.97743,21.33055,7712,301,4,209,1.0325832140420567e+19,QSO,1.387821,9171,58068,742
37744,1.237678879962301e+18,35.2206180095216,-2.76166146799076,23.90523,22.71436,21.84749,21.44977,21.2721,7778,301,2,552,1.0491301493575277e+19,GALAXY,0.7370814,9318,58068,604
32175,1.2376786184834255e+18,341.34784741331,1.87869700833229,19.86884,19.48019,19.25661,19.02583,18.88938,7717,301,3,205,1.0325794757025225e+19,QSO,0.6780998,9171,58068,606
39814,1.2376788895989112e+18,35.5528869537123,-2.07859493596012,25.34877,22.95891,22.19344,21.7155,21.20247,7780,301,4,139,1.0491328981366e+19,GALAXY,0.7374834,9318,58068,704
81811,1.2376794345238694e+18,12.3062766337212,-2.72222220620612,25.70005,22.20466,21.48043,20.70807,21.62369,7907,301,3,154,1.0526304721123432e+19,GALAXY,0.7887791,9349,58068,969
1516,1.237678595934782e+18,341.183762159113,1.25716577872108,22.88832,21.31242,21.01424,21.01096,20.7485,7712,301,1,204,1.0325753525339183e+19,QSO,2.97196,9171,58068,456
37652,1.2376794334495383e+18,11.090785629579,-3.66215595630782,22.34234,22.47042,21.85171,21.00214,20.89824,7907,301,1,145,1.0526122751949e+19,GALAXY,0.7804089,9349,58068,307
33629,1.2376794334500623e+18,12.2428328343725,-3.68246950300288,23.85115,22.3312,21.93924,21.01676,20.65751,7907,301,1,153,1.0526062278809508e+19,GALAXY,0.8441684,9349,58068,87
85855,1.2376634803358935e+18,341.046243640162,0.873708975300619,24.52974,25.24643,21.9962,20.93951,20.03252,4192,301,6,229,1.03257581982636e+19,GALAXY,0.8651819,9171,58068,473
66233,1.237679255209509e+18,37.0687014551603,-3.5710764313299,23.00674,21.79105,21.10949,20.34437,19.97816,7865,301,5,162,1.0491140689999714e+19,GALAXY,0.7790102,9318,58068,19
22529,1.2376788895986483e+18,34.9502098352066,-2.06355177520232,18.88199,18.02531,17.69935,17.5771,17.54687,7780,301,4,135,1.049128500090086e+19,STAR,-0.0004486129,9318,58068,544
34575,1.237678879415403e+18,12.3932600791995,-3.3213205193512,22.89128,22.33762,21.87348,21.1643,21.24364,7778,301,1,399,1.0526059530030438e+19,QSO,6.37154,9349,58068,77
77633,1.237678596471784e+18,341.601269247098,1.78507979472538,23.22267,22.16196,21.9116,21.97333,22.55188,7712,301,2,206,1.0325817297013594e+19,GALAXY,0.1748297,9171,58068,688
61624,1.237678879962891e+18,36.5626863525816,-2.73576278372168,24.12019,22.81318,22.05792,21.20504,20.65063,7778,301,2,561,1.0491388904749685e+19,GALAXY,0.855378,9318,58068,922
20412,1.2376785959355684e+18,343.093514326173,1.30110460376829,22.60674,22.21121,21.82336,21.79486,21.73237,7712,301,1,216,1.0325632579060128e+19,QSO,2.13941,9171,58068,16
85405,1.2376634803365484e+18,342.493859181644,0.966824986833301,22.52542,21.86826,21.64746,21.36839,21.34916,4192,301,6,239,1.0325656218560125e+19,QSO,1.510302,9171,58068,102
42263,1.2376634792624783e+18,341.71708197753,0.0970053093588944,21.35068,21.23301,20.63018,20.63859,20.47439,4192,301,4,234,1.0325694701467095e+19,QSO,1.309817,9171,58068,242
91204,1.2376794345236073e+18,11.7185808950026,-2.80141920876159,23.24598,22.45627,21.73286,21.34005,21.46001,7907,301,3,150,1.0526281356501342e+19,GALAXY,0.7943872,9349,58068,884
83864,1.2376788810250988e+18,10.2386091568231,-2.07176225384437,22.83674,22.7413,21.93088,21.08181,20.41218,7778,301,4,385,1.0526187348257167e+19,GALAXY,0.8261186,9349,58068,542
49472,1.2376786184842122e+18,343.230471788714,2.01335261207317,22.00933,22.01819,21.40603,21.32058,21.50402,7717,301,3,217,1.0325900035263584e+19,QSO,1.292092,9171,58068,989
19672,1.237678597545329e+18,341.086883271,2.53782645357688,21.47446,21.09623,21.05917,20.68583,20.60541,7712,301,4,203,1.032578898458918e+19,QSO,1.780871,9171,58068,585
7943,1.23767861848336e+18,341.19313537699,2.06148011810198,19.39365,18.99688,18.73339,18.53248,18.49347,7717,301,3,204,1.032578376190895e+19,QSO,1.475634,9171,58068,566
34013,1.2376794334501937e+18,12.5571707431788,-3.71739709661952,23.06802,22.98672,22.71532,21.4571,21.50706,7907,301,1,155,1.052604496150137e+19,GALAXY,0.6024916,9349,58068,24
28615,1.2376792546716557e+18,34.8836818186653,-4.09616267791274,24.54176,22.81438,22.58251,21.80495,21.29198,7865,301,4,147,1.0491261911156677e+19,GALAXY,0.7549247,9318,58068,460
20088,1.2376786179462267e+18,340.570177545516,1.56230209174378,19.09659,18.76143,18.49755,18.58061,18.44262,7717,301,2,200,1.0325770292891509e+19,QSO,0.8455169,9171,58068,517
34420,1.2376794334501937e+18,12.5097581324777,-3.66117179307423,22.78011,23.26213,22.54943,21.26524,20.98594,7907,301,1,155,1.0526046061013e+19,GALAXY,0.9168524,9349,58068,28
86277,1.2376788799511598e+18,9.81067774736377,-3.05698507458464,24.18023,24.65379,23.14706,23.94551,22.32796,7778,301,2,382,1.0526179376797864e+19,GALAXY,1.802111,9349,58068,513
38598,1.2376634792627415e+18,342.398721572214,0.190387439913516,24.33155,25.31594,22.17375,21.01527,20.05306,4192,301,4,238,1.0325661441240357e+19,GALAXY,0.6981364,9171,58068,121
48661,1.2376786174100116e+18,342.084423505619,1.21287322140567,23.57665,22.41473,22.58752,22.26953,21.95111,7717,301,1,210,1.0325704047315931e+19,QSO,2.229088,9171,58068,276
46189,1.2376788879881672e+18,35.1978972618147,-3.28312823536892,24.32129,23.46714,22.39534,22.95559,22.64895,7780,301,1,137,1.0491304517232253e+19,GALAXY,0.2239701,9318,58068,615
84942,1.2376788810250982e+18,10.2271069000758,-2.22860847154673,22.63454,22.7393,22.64141,20.99814,21.14775,7778,301,4,385,1.0526188997524607e+19,GALAXY,0.8994606,9349,58068,548
73441,1.2376793228617976e+18,36.0044138049677,-4.52619602104592,25.35011,22.42389,22.00308,21.38922,21.35857,7881,301,3,262,1.0491195115825287e+19,GALAXY,0.8277795,9318,58068,217
19816,1.2376786179474063e+18,343.376051968917,1.62535947614605,20.28669,20.04779,19.86598,19.54507,19.35386,7717,301,2,218,1.0325633403693849e+19,QSO,1.636338,9171,58068,19
23527,1.2376786174100767e+18,342.245452613839,1.208187018253,22.6358,22.41719,21.87715,21.72428,22.02931,7717,301,1,211,1.032568810439733e+19,QSO,2.846963,9171,58068,218
4051,1.2376793244726075e+18,36.4532786808505,-3.42820270077715,21.09469,23.38202,21.67928,20.35183,19.77484,7881,301,6,265,1.0491166528523e+19,QSO,1.024218,9318,58068,113
96786,1.2376792541355707e+18,36.7203214041138,-4.43269840445628,21.64758,21.80444,20.94476,20.28782,20.25528,7865,301,3,159,1.0491149211214828e+19,GALAXY,0.6882104,9318,58068,50
8341,1.2376786174104049e+18,342.965227841345,1.14878347372474,21.99827,21.53067,21.31318,21.29574,21.23307,7717,301,1,216,1.0325635877595e+19,QSO,0.8106249,9171,58068,28
31625,1.2376786184837532e+18,342.046526418632,2.08413949204384,21.46274,21.36184,21.38937,20.98647,21.02486,7717,301,3,210,1.03258491828508e+19,QSO,1.775793,9171,58068,804
4870,1.2376793244718863e+18,34.8684245494543,-3.42951682458496,23.79545,23.02423,22.69093,21.82784,21.55769,7881,301,6,254,1.0491283076755511e+19,GALAXY,1.293307,9318,58068,537
35107,1.2376785975453292e+18,341.035153994944,2.62850583677028,21.92996,21.79434,21.42712,21.28794,21.43844,7712,301,4,203,1.0325776889961271e+19,QSO,1.021053,9171,58068,541
71717,1.237679255206298e+18,29.7125667064157,-3.84593439109424,22.91317,23.09021,22.62143,21.612,21.26126,7865,301,5,113,1.049462366797538e+19,GALAXY,0.7830575,9321,58069,402
99325,1.2376632049175764e+18,7.76084620298374,0.650755859333714,22.79282,22.71282,21.84369,21.69951,20.4494,4128,301,5,175,1.0594748770213452e+19,GALAXY,0.8072765,9410,58069,111
19353,1.2376634626055867e+18,346.870657302978,0.709289304500195,22.50873,21.90872,21.78653,21.81237,21.05307,4188,301,5,22,1.0327916264727796e+19,QSO,1.714978,9173,58069,132
18345,1.2376634626052593e+18,346.050179431493,0.741407998131203,23.21607,22.51852,21.75943,21.12403,20.60516,4188,301,5,17,1.0327961894460348e+19,QSO,0.6170394,9173,58069,298
29330,1.237663462605063e+18,345.631360257241,0.691627165454003,26.80472,22.95872,21.50512,20.32357,19.62877,4188,301,5,14,1.0327994604931277e+19,GALAXY,0.5988404,9173,58069,417
11776,1.2376785975435597e+18,337.081694672932,2.46804288410713,21.72568,21.51813,21.21839,21.00036,20.81262,7712,301,4,176,1.0323572644042269e+19,QSO,1.046989,9169,58069,714
32302,1.2376786184852603e+18,345.580519391931,1.97447909060312,18.88096,18.49444,18.54747,18.34552,18.16525,7717,301,3,233,1.032803446222778e+19,QSO,0.4492692,9173,58069,562
60842,1.237678881033487e+18,29.4270117652342,-1.99780451995339,25.66724,23.1043,23.13638,21.86656,21.32244,7778,301,4,513,1.0494677818923e+19,GALAXY,0.7679145,9321,58069,599
87750,1.237663480333862e+18,336.308478529381,0.899274651439354,26.18556,23.97329,22.34916,20.73849,19.99237,4192,301,6,198,1.0323509147245765e+19,QSO,0.5898397,9169,58069,483
7580,1.2376786174084388e+18,338.483097649702,1.0492195303503,23.14373,23.06083,22.38191,22.23534,21.83582,7717,301,1,186,1.0323384627553917e+19,QSO,1.420802,9169,58069,30
32838,1.2376786179493071e+18,347.67186775239,1.71260433587739,19.97185,19.94102,19.94485,19.78659,19.53424,7717,301,2,247,1.0328153484361488e+19,QSO,1.967044,9173,58069,995
99074,1.2376632049173796e+18,7.36764761597487,0.805301286252438,22.49863,22.25685,21.93308,21.37491,20.5309,4128,301,5,172,1.0594783679707632e+19,GALAXY,0.786819,9410,58069,238
42518,1.237679324474245e+18,40.1341277823949,-3.08843444291528,25.78224,23.1948,22.58185,22.09978,22.1444,7881,301,6,290,1.0493647301649912e+19,GALAXY,0.7626945,9320,58069,946
79890,1.237663462605259e+18,346.044971506691,0.707298887522678,21.86203,21.5049,21.15321,21.11064,21.09105,4188,301,5,17,1.0327961344704537e+19,QSO,1.106454,9173,58069,296
8035,1.2376786184851297e+18,345.334749168025,1.98364114467608,20.07361,19.27167,19.20472,19.0479,18.65302,7717,301,3,231,1.0328026765646387e+19,QSO,2.292263,9173,58069,534
6353,1.2376786179486523e+18,346.183502822011,1.69872349835301,24.09527,22.97074,21.86176,20.73466,19.92021,7717,301,2,237,1.0328082290983588e+19,GALAXY,0.6512606,9173,58069,736
28671,1.2376634626057838e+18,347.285915235753,0.815696166100758,24.07562,23.08727,21.97453,20.6135,19.86055,4188,301,5,25,1.0327896198640589e+19,GALAXY,0.7159453,9173,58069,59
34275,1.237678597547296e+18,345.636128687893,2.59090733764838,25.61757,23.6519,22.16333,20.61407,19.89936,7712,301,4,233,1.0328052329291733e+19,STAR,-0.000144605,9173,58069,627
22084,1.2376786179448507e+18,337.527789109918,1.41183263038408,19.39323,18.65552,18.61027,18.35777,18.32368,7717,301,2,179,1.032359655842017e+19,QSO,2.262326,9169,58069,801
98440,1.2376788810332902e+18,28.968491085438,-2.01624337938143,24.27942,22.71563,21.70428,20.84879,20.26318,7778,301,4,510,1.0494651155766071e+19,GALAXY,0.933432,9321,58069,502
7641,1.2376786174124362e+18,347.691007579607,1.29067974287679,22.43727,21.68248,21.24222,21.62474,21.06874,7717,301,1,247,1.0327883829134776e+19,GALAXY,0.2668516,9173,58069,14
61389,1.2376793228627151e+18,38.1080183662125,-4.56834788966489,23.87786,22.78782,21.99643,21.68233,20.97091,7881,301,3,276,1.0493504090260396e+19,GALAXY,0.7548461,9320,58069,425
6430,1.237678617957958e+18,7.39663901495021,1.6578230308666,24.83684,22.40216,21.76792,20.99038,20.50443,7717,301,2,379,1.0594934587678544e+19,GALAXY,0.7984237,9410,58069,787
52647,1.2376634626050624e+18,345.616694271821,0.634074254148706,21.34223,19.56083,18.31887,17.76665,17.40397,4188,301,5,14,1.032799487980918e+19,GALAXY,0.1952607,9173,58069,418
74890,1.2376634626055867e+18,346.905500042678,0.736805099217553,25.6951,22.58273,22.00311,22.03761,21.93756,4188,301,5,22,1.0327916814483608e+19,GALAXY,1.597464,9173,58069,134
92983,1.237663480334124e+18,337.01979164376,0.863565127851785,23.43617,23.58825,21.87758,20.46049,19.6679,4192,301,6,202,1.032348055994344e+19,GALAXY,0.6489804,9169,58069,379
75586,1.237663462605e+18,345.506938180558,0.636727510675341,20.89089,20.82166,20.46491,20.27677,20.26167,4188,301,5,13,1.0328002301512667e+19,QSO,1.456909,9173,58069,445
42419,1.2376664084361385e+18,345.677196996455,0.385566584886226,20.7961,20.71014,20.55056,20.48284,20.38638,4874,301,4,325,1.0327990756640575e+19,QSO,1.003281,9173,58069,403
20928,1.2376785964831214e+18,7.3776478017312,1.94740950911975,22.03944,22.07644,21.76626,21.32392,20.66799,7712,301,2,379,1.0594937611335522e+19,GALAXY,0.9273857,9410,58069,798
75020,1.237663462605914e+18,347.571416160058,0.811627531936614,18.87478,17.93982,17.65439,17.54299,17.55058,4188,301,5,27,1.0327894824251054e+19,STAR,-0.0004382656,9173,58069,54
96215,1.2376792541366848e+18,39.2892045118852,-4.34044053287929,22.70705,22.75057,22.02555,21.38037,21.50176,7865,301,3,176,1.0493451313702265e+19,GALAXY,0.7817708,9320,58069,233
19288,1.237663462605325e+18,346.286677957383,0.717732773842889,25.06102,22.02152,21.21791,20.96089,21.02631,4188,301,5,18,1.0327950349588257e+19,QSO,3.889583,9173,58069,256
67742,1.2376792552068224e+18,30.9235642518523,-3.8191737328275,24.77546,22.77468,22.24471,21.59118,22.30628,7865,301,5,121,1.0494540929725389e+19,GALAXY,0.7492744,9321,58069,101
29155,1.2376634626057185e+18,347.208673198489,0.671198224535745,23.16205,25.16637,21.30825,20.29378,19.61495,4188,301,5,24,1.032790609424524e+19,GALAXY,0.6263173,9173,58069,95
75976,1.2376634626051937e+18,346.020991677806,0.688511614877109,22.16986,21.74332,21.50212,21.26182,20.81746,4188,301,5,16,1.0327971240309185e+19,QSO,1.96581,9173,58069,332
17856,1.237663462605128e+18,345.7527259374,0.656838484075994,22.05037,22.13232,21.66245,21.59291,21.48476,4188,301,5,15,1.032798333493709e+19,QSO,1.083469,9173,58069,376
29097,1.2376634626056527e+18,347.059951699392,0.751760727398766,22.28126,22.59728,21.94855,21.63484,21.67823,4188,301,5,23,1.0327907468634771e+19,QSO,1.251908,9173,58069,100
75517,1.2376788799604004e+18,30.9312599573674,-2.7677366712788,23.6602,22.7388,22.73469,22.34646,21.47262,7778,301,2,523,1.049455164996376e+19,GALAXY,1.437783,9321,58069,140
75520,1.237663462604931e+18,345.335732898744,0.670076476548583,22.34623,22.2009,22.04192,22.12834,21.43483,4188,301,5,12,1.032800669955918e+19,QSO,1.61242,9173,58069,461
67671,1.2376792552064947e+18,30.2298960134348,-3.73790746645514,24.45562,22.56412,22.20873,21.54448,21.5381,7865,301,5,116,1.0494591507260266e+19,GALAXY,0.7779199,9321,58069,285
13162,1.237678596469949e+18,337.401309449076,1.6004913888267,22.6613,21.49633,20.94045,20.60543,20.08918,7712,301,2,178,1.0323589961350404e+19,QSO,0.6780426,9169,58069,777
89090,1.2376793228631089e+18,39.1097218077796,-4.51707385225846,24.91125,22.92941,22.52747,22.47258,21.50481,7881,301,3,282,1.0493459834917378e+19,GALAXY,0.7127061,9320,58069,264
99174,1.2376788810334213e+18,29.2936201357521,-2.01038592664091,23.15889,22.04649,21.63665,20.89503,20.49697,7778,301,4,512,1.0494664624783512e+19,GALAXY,0.8750736,9321,58069,551
32582,1.2376786179485862e+18,346.089593565052,1.55914774130938,21.03645,20.59904,20.50513,20.27997,20.07143,7717,301,2,236,1.0328081191472e+19,QSO,0.4964626,9173,58069,732
12358,1.2376793244695923e+18,29.6191783639624,-3.54506662878798,23.54681,22.68483,22.4987,21.22666,21.47203,7881,301,6,219,1.0494627241388167e+19,GALAXY,0.7172735,9321,58069,415
42109,1.2376634792606438e+18,337.539449949349,0.176394281939839,21.2424,21.13256,20.88822,20.86861,21.1807,4192,301,4,206,1.0323426408995772e+19,QSO,0.7467827,9169,58069,182
89135,1.2376792552103616e+18,39.0614146848306,-3.36387595644703,22.53184,22.93756,21.89745,21.02926,20.99049,7865,301,5,175,1.0493595074847594e+19,QSO,4.749865,9320,58069,756
52189,1.2376793228629775e+18,38.7536856237838,-4.55686831876696,22.77247,22.57884,21.79276,21.53128,21.08803,7881,301,3,280,1.0493481550272e+19,GALAXY,0.6235948,9320,58069,343
28909,1.2376786184815908e+18,337.236568985652,1.94845490027231,21.2684,21.11564,21.17686,20.92505,20.96746,7717,301,3,177,1.0323577591844592e+19,QSO,1.768739,9169,58069,732
21118,1.2376788804975987e+18,31.7350277180367,-2.35338858727793,22.6762,22.54952,21.87659,21.37142,21.51892,7778,301,3,528,1.0494784746428848e+19,GALAXY,0.8129851,9321,58069,988
21168,1.2376788804969436e+18,30.1800299516769,-2.463708451892,21.72998,21.83817,21.24312,20.39531,19.93112,7778,301,3,518,1.049471437768467e+19,GALAXY,0.7795961,9321,58069,732
50454,1.2376634626058496e+18,347.483846656276,0.702758980606218,22.17286,23.01201,21.54692,20.54385,19.77122,4188,301,5,26,1.0327894549373147e+19,GALAXY,0.7412366,9173,58069,53
83728,1.237679255210886e+18,40.2393023532732,-3.36652761489538,24.21714,23.29904,22.44292,21.38655,20.72474,7865,301,5,183,1.0493653074086e+19,GALAXY,0.798815,9320,58069,967
77557,1.2376634626051937e+18,346.002779843152,0.732771130952721,21.44346,20.89731,20.7493,20.60015,20.00742,4188,301,5,16,1.0327972339820812e+19,QSO,0.7533914,9173,58069,336
69551,1.2376792552103616e+18,39.0204872260499,-3.38094988175213,25.37857,23.58882,23.4646,21.64816,21.87846,7865,301,5,175,1.0493578857051085e+19,GALAXY,0.843473,9320,58069,697
59673,1.2376793228625843e+18,37.8644416956399,-4.43248012798386,23.7291,22.65089,22.04579,21.54655,21.5687,7881,301,3,274,1.0493517009522e+19,GALAXY,0.7009683,9320,58069,472
74082,1.2376634626053903e+18,346.427408761107,0.73394790289847,23.12099,22.27622,22.49208,21.98228,21.94736,4188,301,5,19,1.03279401791057e+19,QSO,1.736786,9173,58069,219
23085,1.2376792546741455e+18,40.4899046450205,-3.67320809758426,24.00878,22.98571,22.36419,21.71659,21.77653,7865,301,4,185,1.04936585716441e+19,QSO,0.5582199,9320,58069,987
51332,1.2376786174078487e+18,337.141952415333,1.10811098917914,23.3288,22.4019,21.81219,21.67504,21.69653,7717,301,1,177,1.0323469839705068e+19,QSO,1.996713,9169,58069,340
35447,1.237678889596879e+18,30.9619119348234,-2.11419626294679,20.68383,19.29691,18.52551,18.34923,18.00836,7780,301,4,108,1.0494766054731176e+19,QSO,0.9701805,9321,58069,920
31079,1.2376786179491103e+18,347.208285057583,1.72736301129937,19.62516,19.52205,19.37979,19.46615,19.39152,7717,301,2,244,1.032813534241963e+19,QSO,0.9122967,9173,58069,929
31078,1.237678617948783e+18,346.518150962055,1.60805945229635,21.31428,20.71113,20.7434,20.75067,20.36006,7717,301,2,239,1.0328104281216143e+19,QSO,2.318576,9173,58069,816
68736,1.237679255206626e+18,30.5504886662842,-3.83315306564788,23.42859,22.78681,22.38594,21.42923,21.53324,7865,301,5,118,1.0494570891417244e+19,GALAXY,0.897804,9321,58069,210
9463,1.2376634626053243e+18,346.282000345076,0.68462273171759,21.4034,21.73221,21.90946,22.40654,21.505,4188,301,5,18,1.0327949799832445e+19,QSO,1.23179,9173,58069,254
94526,1.237679254136816e+18,39.5495173837306,-4.29507608480653,23.75557,22.28409,21.85167,21.29589,21.89071,7865,301,3,178,1.0493440043708078e+19,GALAXY,0.8183817,9320,58069,192
7241,1.2376786174114532e+18,345.43724294221,1.23523983990452,21.30268,21.13542,20.86589,20.91135,20.78125,7717,301,1,232,1.0328010272972e+19,QSO,2.149341,9173,58069,474
30364,1.2376786179485862e+18,346.059419444496,1.5492965122026,21.11771,20.97059,20.83176,20.71746,21.08967,7717,301,2,236,1.0328071845623126e+19,QSO,1.400608,9173,58069,698
84126,1.2376792552061673e+18,29.4942901459663,-3.78375963608288,24.97425,21.99588,22.55379,22.17671,20.49977,7865,301,5,111,1.0494634388213748e+19,GALAXY,1.476272,9321,58069,441
86731,1.237679255206888e+18,31.1100735743502,-3.77634282173155,23.08954,22.66949,22.00535,21.18033,20.7698,7865,301,5,122,1.049452636119632e+19,GALAXY,0.8984419,9321,58069,48
76650,1.2376792552063636e+18,29.8400965271395,-3.87836306813408,22.27695,22.55045,21.91354,21.16057,20.77324,7865,301,5,114,1.0494614322126545e+19,GALAXY,0.7691077,9321,58069,368
11159,1.237678596473553e+18,345.520730095693,1.73020894258922,20.02,19.50528,19.08817,18.88983,18.60654,7712,301,2,233,1.0328037485884758e+19,QSO,0.7792696,9173,58069,573
97077,1.2376793228631084e+18,39.1447372918463,-4.53354834681286,23.51481,23.279,24.26684,21.88466,22.75946,7881,301,3,282,1.0493460934429e+19,GALAXY,0.8496889,9320,58069,268
31833,1.2376786179484557e+18,345.781189380465,1.65503695021125,22.44597,21.87146,21.7425,21.23168,21.3976,7717,301,2,234,1.0328059201239409e+19,GALAXY,0.7875895,9173,58069,652
23536,1.237679254673884e+18,40.0188734204098,-3.70517278492637,24.569,22.41627,22.1233,21.63947,21.23952,7865,301,4,181,1.049364042970224e+19,QSO,0.6074973,9320,58069,921
30977,1.2376786174077837e+18,337.019499371158,0.976072385811509,23.20611,22.79941,22.42201,22.11134,21.79549,7717,301,1,176,1.0323476436774836e+19,GALAXY,0.06528144,9169,58069,364
79036,1.23766346260539e+18,346.353989281243,0.744410073420122,21.92498,21.9002,21.29519,21.32155,21.12011,4188,301,5,19,1.0327940453983609e+19,QSO,1.340573,9173,58069,220
30332,1.2376634626057185e+18,347.109890810087,0.64324841254999,25.47776,22.83424,21.17257,20.15879,19.33171,4188,301,5,24,1.0327906644001053e+19,GALAXY,0.7547708,9173,58069,97
85973,1.2376634803345172e+18,337.84581918153,0.898562384504645,26.17386,23.35386,22.60852,20.89963,20.03686,4192,301,6,208,1.0323417887780655e+19,GALAXY,0.846042,9169,58069,151
19553,1.2376785975432973e+18,336.46922357717,2.46982492678165,22.46062,22.49099,22.63918,22.06166,21.36259,7712,301,4,172,1.0323527014309712e+19,QSO,1.571061,9169,58069,548
80337,1.2376634631422612e+18,346.377141353588,1.06817364152089,25.82504,22.33824,21.79782,21.33955,21.258,4188,301,6,19,1.0327944027396395e+19,GALAXY,0.463219,9173,58069,233
24886,1.2376637842003732e+18,6.79381940346722,0.193685215351013,26.04488,23.03838,22.04006,21.2754,20.66788,4263,301,4,161,1.0594820513347164e+19,GALAXY,0.8587589,9410,58069,372
19705,1.237678617420825e+18,6.77804083194309,1.24778869550482,22.63632,22.39639,21.6348,20.75653,20.12702,7717,301,1,375,1.0594897479161108e+19,GALAXY,0.795137,9410,58069,652
43290,1.2376664084362035e+18,345.800504822932,0.36131883656991,21.32274,20.9462,21.03645,20.84215,20.97589,4874,301,4,326,1.0327980036402209e+19,QSO,1.609678,9173,58069,364
96822,1.237663463142589e+18,347.199497985867,1.09663505621057,22.54502,22.57528,21.90508,21.98659,22.33481,4188,301,6,24,1.0327898122785935e+19,QSO,1.443683,9173,58069,66
77625,1.2376792552067564e+18,30.7800993641333,-3.7271228083219,23.88495,22.86383,21.66203,20.91166,20.53577,7865,301,5,120,1.0494559896301e+19,GALAXY,0.758869,9321,58069,170
60318,1.2376793228629773e+18,38.7194826618409,-4.53145378331616,22.9117,22.77164,21.65712,21.09466,20.49203,7881,301,3,280,1.0493482374905747e+19,GALAXY,0.8441759,9320,58069,346
19686,1.2376786179446543e+18,336.964020298926,1.52737710823233,21.20499,20.81901,20.60308,20.36058,20.42592,7717,301,2,176,1.0323557250879476e+19,QSO,1.526917,9169,58069,658
97614,1.2376788810334863e+18,29.3642843091467,-1.86139951548761,22.65694,22.34942,22.01714,21.31898,20.96031,7778,301,4,513,1.049467671941142e+19,GALAXY,0.7905646,9321,58069,595
53557,1.237663462605e+18,345.482791579644,0.641301737076793,26.12316,23.16348,22.26781,20.84213,19.99376,4188,301,5,13,1.0328002851268483e+19,GALAXY,0.7083778,9173,58069,447
11117,1.2376634626051942e+18,346.031052709999,0.736087960469151,22.42141,22.63074,21.82649,21.73497,21.19912,4188,301,5,16,1.0327962444216162e+19,QSO,1.474314,9173,58069,300
31357,1.2376786179492416e+18,347.493713994528,1.6637389439653,21.21454,20.62638,20.38175,20.0413,20.20817,7717,301,2,246,1.032815320948358e+19,QSO,1.557133,9173,58069,994
31649,1.2376786179489797e+18,346.904737946985,1.71555109301897,20.37206,20.13128,19.93574,19.6855,19.65954,7717,301,2,242,1.0328125996570792e+19,QSO,1.623156,9173,58069,895
76252,1.237663462605259e+18,346.183127759871,0.636903491694581,21.98359,21.25492,20.99369,21.07181,20.80348,4188,301,5,17,1.0327959695437093e+19,QSO,2.444424,9173,58069,290
77796,1.237663462604931e+18,345.308652581166,0.767464121564748,21.53108,21.64757,21.36157,21.28695,21.20126,4188,301,5,12,1.03280075241929e+19,QSO,1.408412,9173,58069,464
56205,1.237679322863633e+18,40.2972183173108,-4.34113958221264,22.36167,22.16349,21.58163,20.93647,20.80027,7881,301,3,290,1.0493394688853432e+19,GALAXY,0.862996,9320,58069,27
4254,1.237678617944655e+18,337.00156380987,1.41200066650993,23.70543,24.06512,22.70004,20.78318,19.55062,7717,301,2,176,1.0323477261408555e+19,GALAXY,0.9714414,9169,58069,367
20352,1.2376788804970092e+18,30.3076286595899,-2.32017119690603,22.5062,22.58568,21.90273,20.9909,21.10202,7778,301,3,519,1.0494723998411411e+19,GALAXY,0.7647554,9321,58069,767
33578,1.2376786174075213e+18,336.416199930421,1.06071659047724,22.47631,22.06513,21.65523,21.74542,21.49961,7717,301,1,172,1.03235066733446e+19,GALAXY,0.2887611,9169,58069,474
2457,1.237663782600049e+18,30.3540083639631,-1.18794193314634,24.4444,22.14621,21.33159,20.64761,20.60081,4263,301,1,318,1.049471712646374e+19,GALAXY,0.7195217,9321,58069,742
97459,1.23767888103329e+18,28.9440124419138,-2.01237428060896,24.73908,22.88155,22.40908,21.9179,22.91446,7778,301,4,510,1.0494650880888166e+19,QSO,0.8425239,9321,58069,501
30143,1.2376786179483896e+18,345.625850349888,1.72779347948894,20.42586,20.56546,20.14095,20.04505,20.1881,7717,301,2,233,1.032804793124522e+19,QSO,1.247121,9173,58069,611
68209,1.2376792552066255e+18,30.4960262581638,-3.72448643257968,22.97987,22.93139,22.54928,21.81188,21.46199,7865,301,5,118,1.049457144117306e+19,GALAXY,0.8473778,9321,58069,212
17112,1.237678890670228e+18,29.952824026089,-1.39575185493084,23.61956,22.43414,21.85131,21.2184,20.80302,7780,301,6,102,1.0494696785498626e+19,QSO,1.949014,9321,58069,668
23243,1.2376792546729004e+18,37.7244133027428,-3.95057968073005,20.62127,20.09745,20.10931,19.89655,19.54684,7865,301,4,166,1.0493534876586e+19,QSO,0.6934788,9320,58069,537
37070,1.2376786190185935e+18,337.524107153828,2.37231322611313,23.00422,23.79464,22.20883,20.98566,20.02448,7717,301,4,179,1.0323594359396915e+19,GALAXY,0.8216356,9169,58069,793
11627,1.2376634626049316e+18,345.315391920733,0.735617734726496,23.16592,22.41416,22.00809,22.27641,21.68799,4188,301,5,12,1.0328006974437087e+19,GALAXY,0.9206733,9173,58069,462
11070,1.2376785964696212e+18,336.617006221441,1.69284674332684,21.95147,21.04575,20.39272,19.89092,19.58762,7712,301,2,173,1.0323534710891108e+19,QSO,1.577599,9169,58069,576
23901,1.2376792546734244e+18,38.8310621356148,-3.78736646791114,17.86522,17.73638,17.74804,17.6799,17.19352,7865,301,4,174,1.0493583255097596e+19,QSO,0.3780543,9320,58069,713
76160,1.2376792552104271e+18,39.227904291229,-3.42670771428098,22.83417,21.83179,21.10453,20.36534,20.26254,7865,301,5,176,1.0493601122161547e+19,GALAXY,0.6731815,9320,58069,778
31960,1.2376634626053253e+18,346.188764611321,0.66712325417069,25.76684,23.99767,22.08485,21.03236,19.95102,4188,301,5,18,1.0327961069826628e+19,QSO,1.122779,9173,58069,295
77665,1.237663462605128e+18,345.805381153662,0.736347590281488,21.54957,21.80073,21.48136,21.40966,21.09657,4188,301,5,15,1.0327984434448716e+19,QSO,1.451602,9173,58069,380
915,1.237678597543953e+18,337.859794292644,2.61767953958904,21.75798,21.64022,21.44066,21.41939,21.20748,7712,301,4,182,1.0323614975239936e+19,QSO,2.1354,9169,58069,868
49493,1.237678596473815e+18,346.14112242403,1.91017040468585,25.08295,24.82296,23.12029,21.09182,19.97717,7712,301,2,237,1.0328081466349867e+19,STAR,-3.084309e-05,9173,58069,733
10871,1.2376785975436247e+18,337.181889803477,2.53962211463032,20.22067,19.95722,20.03878,19.74884,19.48205,7712,301,4,177,1.0323581989891105e+19,QSO,2.150254,9169,58069,748
30801,1.237678617949241e+18,347.523117062315,1.65496928065655,18.24969,17.28706,16.97703,16.84593,16.80216,7717,301,2,246,1.0328154308995207e+19,STAR,-9.01341e-05,9173,58069,998
14025,1.2376793244698547e+18,30.1972830475716,-3.58545288256763,22.15583,22.95139,22.70987,21.7926,21.23449,7881,301,6,223,1.049459398116143e+19,GALAXY,0.9453567,9321,58069,294
30598,1.2376786179483896e+18,345.509878380869,1.60738027941104,21.87583,21.53651,21.13446,20.95456,20.65733,7717,301,2,233,1.0328038860274293e+19,QSO,0.9486882,9173,58069,578
27698,1.2376786184851953e+18,345.390350524247,2.12554125401787,23.77129,22.22041,22.09286,21.69494,21.03417,7717,301,3,232,1.0328035011983596e+19,GALAXY,1.110176,9173,58069,564
17009,1.2376786184820495e+18,338.250670126744,1.99512906823191,22.11277,22.2095,21.89188,21.73126,21.77346,7717,301,3,184,1.032364246303063e+19,QSO,1.292115,9169,58069,968
16951,1.2376785964700795e+18,337.685967547695,1.69734940660985,20.59913,19.87973,18.91635,18.39912,18.28391,7712,301,2,180,1.0323601231344589e+19,QSO,1.580227,9169,58069,818
31913,1.2376786184854574e+18,345.947724782468,2.08654716705532,23.40507,22.19787,21.58045,20.84311,20.56098,7717,301,3,236,1.0328067447576617e+19,QSO,1.840802,9173,58069,682
74242,1.2376792552066255e+18,30.4585760894497,-3.82131053324531,24.48383,22.55975,21.8559,21.45272,22.24478,7865,301,5,118,1.0494581061899805e+19,GALAXY,0.7770166,9321,58069,247
30945,1.237663462605915e+18,347.562672737454,0.837221012149965,23.26256,23.88436,21.46679,20.24644,19.60166,4188,301,5,27,1.0327881904989428e+19,GALAXY,0.7224029,9173,58069,7
76173,1.2376634626056522e+18,346.991336778212,0.63828269701987,22.02044,22.22353,21.99912,21.6608,22.05749,4188,301,5,23,1.0327914615460354e+19,QSO,1.792955,9173,58069,126
10638,1.2376785975435597e+18,337.094848610271,2.45295345622119,20.66113,20.34997,20.04437,20.06153,19.99031,7712,301,4,176,1.032357236916436e+19,QSO,0.9394343,9169,58069,713
76172,1.2376634626055212e+18,346.721031239942,0.674425922943323,21.43241,21.28713,20.88071,20.90323,20.28832,4188,301,5,21,1.0327926160332444e+19,QSO,1.089891,9173,58069,168
19991,1.2376788804969436e+18,30.1478919497522,-2.40594525454948,22.3946,22.9666,22.26505,21.85703,21.095,7778,301,3,518,1.0494701733301e+19,GALAXY,0.8230233,9321,58069,686
11617,1.237678617411715e+18,346.049447241812,1.12987548510444,21.69614,21.73368,21.7248,21.41155,22.51748,7717,301,1,236,1.0327964918117325e+19,GALAXY,0.1145617,9173,58069,309
31414,1.2376786179494382e+18,348.033925456355,1.68215984283256,21.99528,21.40217,21.17903,20.79593,20.55269,7717,301,2,249,1.032918730018628e+19,QSO,1.837566,9174,58070,660
55638,1.2376672099731384e+18,137.024867107385,19.8445082231729,24.74516,23.07318,22.49771,21.96707,22.10472,5061,301,1,153,1.0767017228413196e+19,GALAXY,0.6833097,9563,58070,132
32920,1.2376786179495035e+18,348.137317011444,1.72682042127261,21.78833,21.72118,21.54877,21.26221,20.99983,7717,301,2,250,1.03291840016514e+19,QSO,1.444593,9174,58070,648
31313,1.237678617949766e+18,348.767264700185,1.59606689749412,21.60449,21.29578,21.00232,20.87313,20.80494,7717,301,2,254,1.032923073089558e+19,QSO,1.007779,9174,58070,818
90533,1.2376664068464315e+18,33.3716873907465,-0.852949703841589,22.36525,22.21188,21.96691,21.40463,21.08325,4874,301,1,644,1.0490176693213616e+19,GALAXY,0.8180456,9317,58070,608
98137,1.2376664068469563e+18,34.6850907785536,-1.00433260713897,23.32356,22.76953,21.35605,20.75916,20.20848,4874,301,1,652,1.0490258881707792e+19,GALAXY,0.8929495,9317,58070,907
20030,1.237663462605915e+18,347.651965715153,0.666886834010829,22.31573,21.76444,21.54809,21.18481,20.97357,4188,301,5,27,1.032912545265722e+19,QSO,1.598413,9174,58070,435
224,1.2376786184866373e+18,348.702998694595,2.03085667287022,24.88311,21.48462,19.59986,19.5388,19.68916,7717,301,3,254,1.0329226607727e+19,QSO,4.11414,9174,58070,803
41160,1.2376672115836856e+18,136.293234970425,21.0574546349484,22.93943,22.75436,21.57623,20.88016,20.06401,5061,301,4,152,1.0767180231012e+19,GALAXY,0.2657053,9563,58070,725
72434,1.23767887996217e+18,34.9169978981221,-2.71793885144264,24.93007,23.34751,22.49759,22.23576,21.17475,7778,301,2,550,1.0490026884754332e+19,GALAXY,0.8797515,9317,58070,63
30802,1.2376786179495035e+18,348.148566426995,1.71080196585905,19.06308,18.10937,17.77435,17.63524,17.61843,7717,301,2,250,1.0329183451895585e+19,STAR,-0.0005119199,9174,58070,646
66032,1.2376788895982556e+18,34.063512932122,-2.07746379698187,23.49489,22.81465,21.78702,21.61685,20.73704,7780,301,4,129,1.0490229469771747e+19,GALAXY,0.4843189,9317,58070,800
28640,1.2376634626059804e+18,347.686998032152,0.699745307167847,26.07971,22.94293,21.4755,20.38384,19.68245,4188,301,5,28,1.0329126552168847e+19,GALAXY,1.150678,9174,58070,439
18758,1.23766346260598e+18,347.734208573619,0.682514603853239,23.19522,22.42649,22.38568,21.87935,21.54357,4188,301,5,28,1.0329114732418849e+19,QSO,1.594511,9174,58070,396
15189,1.2376637826015565e+18,33.79700208909,-1.16894501012811,22.90799,21.71268,21.016,20.1807,19.71547,4263,301,1,341,1.0490186588818266e+19,GALAXY,0.7646311,9317,58070,644
4756,1.2376786179502907e+18,349.962304520458,1.70018392544304,24.28407,23.59125,21.70512,20.50923,19.85782,7717,301,2,262,1.0329277735017669e+19,GALAXY,0.7035683,9174,58070,989
14219,1.2376786174203008e+18,5.64231619323573,1.42136803522561,21.02236,21.30271,20.99397,20.53569,19.87927,7717,301,1,367,1.0595904356951e+19,GALAXY,0.8743406,9411,58070,219
55186,1.2376672099729418e+18,136.607434633721,19.6204856324128,24.68207,22.7583,21.9194,21.42992,21.25388,5061,301,1,150,1.076704828961668e+19,GALAXY,0.8809386,9563,58070,245
28994,1.2376634626063078e+18,348.470436533149,0.824939220515336,24.30721,22.62812,21.83093,21.50419,21.48518,4188,301,5,33,1.0329077074145595e+19,QSO,1.113829,9174,58070,259
77667,1.237663462606504e+18,348.944481155943,0.744165780904584,21.728,21.33834,21.19881,21.01447,20.54584,4188,301,5,36,1.0329053984401414e+19,QSO,2.153634,9174,58070,175
33181,1.237678881035453e+18,33.8497437809507,-1.88287311347991,26.72219,23.83582,22.5599,21.59041,22.92754,7778,301,4,543,1.0490205005638e+19,GALAXY,0.9468959,9317,58070,711
30706,1.2376786179498967e+18,349.081610334088,1.66459882228423,19.93997,19.71856,19.40306,19.20693,19.18048,7717,301,2,256,1.032925217137232e+19,QSO,1.467123,9174,58070,896
61500,1.237678619567653e+18,5.37475735263695,3.11007443535202,22.75825,22.63338,22.2499,21.52222,21.46414,7717,301,5,365,1.059603849736961e+19,GALAXY,1.005185,9411,58070,707
23668,1.2376785964822694e+18,5.42932106292767,1.89685202767509,23.62437,24.04418,22.57,22.33003,21.44483,7712,301,2,366,1.0595920849625438e+19,GALAXY,1.088603,9411,58070,279
59937,1.23766721158421e+18,137.508353225401,21.4265221323224,23.38245,23.1435,22.44577,20.93321,20.4327,5061,301,4,160,1.076724455244224e+19,GALAXY,0.9513395,9563,58070,959
31282,1.237678617949569e+18,348.224436787567,1.6414345660622,19.08486,18.93373,18.76077,18.56208,18.5278,7717,301,2,251,1.0329196096279304e+19,QSO,1.527322,9174,58070,692
97251,1.237666406846693e+18,33.9557961188395,-0.96575173741572,24.25638,24.16,22.29656,21.66886,21.46708,4874,301,1,648,1.0490215725876402e+19,GALAXY,0.8820189,9317,58070,750
77895,1.2376634626065695e+18,349.052283077026,0.794178465021296,21.84859,21.31917,20.9084,20.65568,20.79985,4188,301,5,37,1.0329043813918855e+19,QSO,1.465248,9174,58070,138
97110,1.2376664068470216e+18,34.7921459323143,-0.875791176680464,22.63196,22.07895,21.5298,21.12599,21.02471,4874,301,1,653,1.049025723244035e+19,GALAXY,1.097158,9317,58070,901
33321,1.23767861848644e+18,348.255149968957,2.04130833428192,20.54224,20.04589,19.70988,19.69321,19.43071,7717,301,3,251,1.0329194172134e+19,QSO,0.8702716,9174,58070,685
89642,1.23766640843758e+18,348.930339720556,0.411751245493075,22.34777,21.43876,21.35177,21.21786,21.09497,4874,301,4,347,1.032905068586653e+19,GALAXY,0.02930512,9174,58070,163
64741,1.2376672110463557e+18,135.427590464492,20.2979562776832,22.85284,22.97526,22.29991,21.85218,21.95225,5061,301,3,145,1.0767109037634116e+19,GALAXY,0.8665813,9563,58070,466
95306,1.2376672099732695e+18,137.232504648632,20.058102089351,25.52099,23.56248,22.37132,21.49503,21.80184,5061,301,1,155,1.0767008432320174e+19,GALAXY,0.9657014,9563,58070,100
66923,1.2376786190307174e+18,5.15723436985485,2.70184110404019,24.21172,23.01336,21.93917,21.04045,20.39565,7717,301,4,364,1.0596028601765e+19,GALAXY,0.7542644,9411,58070,671
51611,1.2376785964817457e+18,4.31153244705723,1.95924177208151,23.68258,24.08382,23.71241,22.39145,22.93135,7712,301,2,358,1.0595981597642873e+19,GALAXY,0.6198402,9411,58070,500
33075,1.2376786179493071e+18,347.682595901953,1.66561847273354,22.18892,21.99009,21.91598,21.66643,20.87937,7717,301,2,247,1.0329149916790936e+19,QSO,1.943846,9174,58070,524
11071,1.2376785964751913e+18,349.31895737526,1.97305199664993,20.68177,20.62321,20.71039,20.35101,20.35004,7712,301,2,258,1.03292631664886e+19,QSO,1.88341,9174,58070,936
31094,1.237663462606767e+18,349.617599248624,0.784792091689194,27.20067,27.036,21.95029,20.80305,19.0463,4188,301,5,40,1.0329022098564209e+19,GALAXY,0.9317523,9174,58070,59
33076,1.2376786179500933e+18,349.498464875979,1.62396334732957,18.75052,18.75332,18.71226,18.45236,18.39577,7717,301,2,259,1.0329280758674645e+19,QSO,1.897746,9174,58070,1000
28378,1.237663462606374e+18,348.69859653894,0.72986826044198,22.8333,23.70251,22.06648,20.94419,19.90726,4188,301,5,34,1.0329060031715369e+19,GALAXY,0.8438789,9174,58070,197
30897,1.2376634626068324e+18,349.689629878575,0.674746160928277,23.97303,23.53982,21.88599,20.76455,19.99363,4188,301,5,41,1.032902099905258e+19,GALAXY,0.7138806,9174,58070,55
18011,1.2376788906720627e+18,34.2454552300152,-1.31554511035179,22.76054,22.06827,21.66928,21.19702,21.06887,7780,301,6,130,1.0490223147579888e+19,QSO,0.9026758,9317,58070,777
33832,1.2376634626067663e+18,349.541004092705,0.66379318236139,22.50349,22.79385,21.88699,22.25372,21.55931,4188,301,5,40,1.0329021548808397e+19,QSO,1.341977,9174,58070,57
31207,1.2376634626063078e+18,348.533382767471,0.82720042153279,22.86143,22.68613,22.08721,21.36404,21.17299,4188,301,5,33,1.0329070202197924e+19,GALAXY,0.9107299,9174,58070,234
86039,1.237678618486506e+18,348.39874512546,2.14899243217881,22.53242,22.15783,21.96515,21.77373,21.11682,7717,301,3,252,1.0329187849942096e+19,GALAXY,0.4103749,9174,58070,662
79851,1.237663463142851e+18,347.794652853429,1.06830966893728,22.87115,22.76209,22.26759,21.92696,23.26407,4188,301,6,28,1.0329130675337452e+19,QSO,1.896628,9174,58070,454
71551,1.2376634626061107e+18,348.127779132823,0.816882610136558,18.51833,17.63333,17.36997,17.26497,17.2265,4188,301,5,30,1.032910538657e+19,STAR,-0.0007249406,9174,58070,362
8036,1.23767861848644e+18,348.195424772185,2.08737631700658,21.08191,20.46226,20.33036,20.24014,19.87863,7717,301,3,251,1.0329196371157211e+19,QSO,2.357052,9174,58070,693
65384,1.2376664084373176e+18,348.385368852351,0.410341780002945,24.63464,21.9774,22.96407,21.83256,21.11293,4874,301,4,343,1.0329072950977e+19,QSO,1.24981,9174,58070,244
96116,1.2376634631429166e+18,347.878447238558,1.08758108580078,25.25487,22.81055,23.15382,22.45182,21.38488,4188,301,6,29,1.032911913046536e+19,QSO,1.815131,9174,58070,412
32784,1.237678617956975e+18,5.25066718381572,1.856450932148,23.17549,22.58651,22.27728,22.13817,21.58101,7717,301,2,364,1.0595931294985902e+19,GALAXY,1.401019,9411,58070,317
12044,1.237663462606374e+18,348.68524413227,0.695184136341399,26.29708,23.01393,21.79261,20.64426,19.76287,4188,301,5,34,1.032905948195955e+19,GALAXY,0.8521023,9174,58070,195
22291,1.2376672105103368e+18,137.524276931013,20.5810342044877,22.50374,22.58577,22.0433,21.47362,21.15405,5061,301,2,158,1.0766991939645755e+19,GALAXY,0.7876778,9563,58070,40
30104,1.2376786174206285e+18,6.35356812113503,1.43394808414731,24.49137,23.62609,23.10512,23.50208,22.57612,7717,301,1,372,1.0595862025753352e+19,GALAXY,0.8048706,9411,58070,65
75810,1.237663462606504e+18,348.960194564559,0.680984135976534,19.97422,19.80908,19.54785,19.29446,19.50671,4188,301,5,36,1.0329054809035137e+19,QSO,1.487094,9174,58070,178
16825,1.2376786184868334e+18,349.223478776185,2.1931947286072,22.31153,21.68388,21.40652,21.11569,20.62921,7717,301,3,257,1.032921148944209e+19,QSO,1.489108,9174,58070,748
56434,1.237667209973007e+18,136.710817528946,19.7852433922337,23.16204,22.20881,21.30311,20.36271,20.58301,5061,301,1,151,1.0767037294500403e+19,GALAXY,0.7578656,9563,58070,205
94777,1.2376672099734e+18,137.585888868555,20.0500250270559,24.04975,22.77078,22.04192,21.75086,21.51096,5061,301,1,157,1.076699606281436e+19,GALAXY,0.2757564,9563,58070,55
77797,1.237663462606439e+18,348.863617907451,0.699459207668766,20.63563,20.46015,20.22999,20.34473,20.1624,4188,301,5,35,1.0329053709523507e+19,QSO,0.9497125,9174,58070,174
54973,1.2376672099732037e+18,137.131281669734,19.8458902154997,23.44274,22.49367,22.85216,22.00905,22.19599,5061,301,1,154,1.0767017778169e+19,GALAXY,0.8615329,9563,58070,134
77792,1.2376634626068974e+18,349.781189091261,0.800336525606215,22.42319,21.69293,21.39879,21.10824,20.88527,4188,301,5,42,1.0329006430523513e+19,QSO,1.561415,9174,58070,2
8464,1.2376786184869645e+18,349.428500611183,2.15687799466223,21.09408,20.78397,20.37593,20.18951,20.25767,7717,301,3,259,1.0329262616732785e+19,QSO,1.496609,9174,58070,934
32101,1.2376672115842747e+18,137.691492040278,21.3831611025633,22.50413,22.39102,22.25051,21.40763,22.03414,5061,301,4,161,1.0767245926831772e+19,GALAXY,0.7682744,9563,58070,964
56963,1.2376672099732695e+18,137.293898290671,20.1006509107268,22.76347,22.73236,21.88375,21.42089,20.9238,5061,301,1,155,1.076700788256436e+19,GALAXY,0.8287488,9563,58070,98
77570,1.2376785964746025e+18,347.962975809765,1.91283738295802,25.37529,24.02931,22.99846,21.70628,19.97938,7712,301,2,249,1.0329171632145586e+19,STAR,3.656765e-05,9174,58070,603
19354,1.2376634626058488e+18,347.389840939098,0.687995666008116,21.27739,21.44506,21.13063,21.1894,21.0889,4188,301,5,26,1.032913809704094e+19,QSO,1.255318,9174,58070,481
98759,1.2376664068469555e+18,34.5485190088164,-0.865243033124192,22.34725,23.18574,22.28133,21.66448,21.28058,4874,301,1,652,1.0490242663911285e+19,GALAXY,0.8488784,9317,58070,848
31755,1.2376634626062423e+18,348.320453897922,0.836118417935017,22.97609,23.1906,21.42695,20.41641,19.29639,4188,301,5,32,1.032909466633164e+19,GALAXY,0.9278277,9174,58070,323
87359,1.2376786184867676e+18,349.084394110562,2.12208071602094,19.23343,18.23389,17.86171,17.7585,17.7133,7717,301,3,256,1.0329262341854876e+19,STAR,-0.0005769549,9174,58070,933
18691,1.2376786179495695e+18,348.308723849021,1.73147026033465,21.24315,21.3019,20.82597,20.76175,20.70038,7717,301,2,251,1.032919362237814e+19,QSO,1.296758,9174,58070,683
84337,1.2376664084373837e+18,348.427661741702,0.405400560459642,22.26809,22.27559,22.09938,21.9182,22.1702,4874,301,4,344,1.0329073500732807e+19,QSO,1.77042,9174,58070,246
71018,1.2376786195673907e+18,4.77835296351094,3.03595007347159,24.3986,21.92965,21.53717,20.74574,20.65619,7717,301,5,361,1.0596004687387056e+19,GALAXY,0.8580739,9411,58070,584
93465,1.2376672539967493e+18,137.316973453546,21.1777847009037,24.20017,22.78867,22.38304,22.03734,21.19041,5071,301,3,156,1.076723465683759e+19,GALAXY,0.8847621,9563,58070,923
31830,1.237678618487161e+18,349.900466909891,2.14176410355496,22.12644,21.7653,21.6926,21.59233,21.14264,7717,301,3,262,1.0329278009895571e+19,QSO,2.577727,9174,58070,990
31832,1.237663462606439e+18,348.769781534883,0.668034973172939,22.04608,21.23879,20.88666,20.46771,20.14405,4188,301,5,35,1.0329058657325832e+19,QSO,2.225038,9174,58070,192
17789,1.2376672110464868e+18,135.809041986286,20.2924347768159,23.22688,23.07945,22.11203,21.50894,21.19779,5061,301,3,147,1.0767085673012e+19,GALAXY,0.819604,9563,58070,381
22653,1.2376786174197765e+18,4.36625642346246,1.32802364097279,23.52773,23.46401,22.34983,21.6727,21.77503,7717,301,1,359,1.0595968678381246e+19,QSO,1.276422,9411,58070,453
33392,1.2376672099729416e+18,136.579021151707,19.6438073321785,22.4766,23.3995,22.84011,21.22641,20.17176,5061,301,1,150,1.0767047739860867e+19,GALAXY,0.7313282,9563,58070,243
31855,1.237678618486309e+18,347.947778209143,2.06450681173935,21.89228,21.53177,21.18443,21.10702,20.95538,7717,301,3,249,1.032917383116884e+19,QSO,0.9528558,9174,58070,611
96316,1.2376672099730724e+18,136.896257035391,19.7789355547917,22.4076,23.44118,22.454,22.28107,20.76265,5061,301,1,152,1.076702767377366e+19,GALAXY,0.7353262,9563,58070,170
31971,1.2376786184867023e+18,348.910398612959,2.17002903059716,22.19364,21.45286,21.34158,21.42401,20.56523,7717,301,3,255,1.0329224133825812e+19,QSO,2.527266,9174,58070,794
75116,1.2376634626066355e+18,349.32272262003,0.758916078411085,23.52494,22.90668,22.43912,22.03386,22.85613,4188,301,5,38,1.032903281880258e+19,QSO,1.773794,9174,58070,98
70177,1.23766378313869e+18,34.3687138071749,-0.701084997336874,23.99493,23.36613,21.65003,20.70994,21.70946,4263,301,2,345,1.0490230019527563e+19,GALAXY,0.7829492,9317,58070,802
15400,1.2376785975481467e+18,347.514377100127,2.63166656083416,21.31376,21.15033,21.06993,20.91426,20.54511,7712,301,4,246,1.032915596410489e+19,QSO,1.209644,9174,58070,546
48627,1.2376664079177487e+18,27.83148576983,-0.172092121643043,22.77248,22.81785,22.85338,21.87668,21.62537,4874,301,3,607,1.0558855488036164e+19,GALAXY,0.9684672,9378,58071,604
7277,1.2376788815699643e+18,28.4741930532066,-1.59046482071792,23.15338,22.67961,23.08188,22.32506,21.60398,7778,301,5,507,1.0558751309309432e+19,QSO,5.458624,9378,58071,225
5474,1.2376803337855311e+18,354.279755542092,30.5687031909132,24.55583,23.36754,21.72783,20.66624,19.87394,8116,301,6,198,8.738175008235608e+18,GALAXY,0.6169931,7761,58071,239
25343,1.237678881032635e+18,27.4552981872306,-2.04787953647438,23.6174,21.97924,21.94006,20.97602,20.9638,7778,301,4,500,1.0558811782449e+19,GALAXY,0.8172591,9378,58071,445
57178,1.2376637836724147e+18,27.1125896158557,-0.370481328654899,23.0756,23.06197,22.6064,21.53214,20.81297,4263,301,3,297,1.0558830199268729e+19,GALAXY,1.003601,9378,58071,512
18108,1.237663782599591e+18,29.3089377017553,-1.08559708134576,25.45213,22.22637,21.56874,20.87042,20.60296,4263,301,1,311,1.0558958292373365e+19,GALAXY,0.7630286,9378,58071,978
46680,1.2376788895956997e+18,28.146485480958,-2.25275018930272,22.7527,22.97501,22.46823,21.47157,21.40977,7780,301,4,90,1.0558779621733847e+19,GALAXY,0.7559168,9378,58071,328
13046,1.2376637825991972e+18,28.3094590675291,-1.12724751129947,23.76076,22.60813,22.58567,22.25651,21.70579,4263,301,1,305,1.0558766427594316e+19,GALAXY,1.745657,9378,58071,280
52146,1.2376637842098757e+18,28.4740805151876,0.0352713961055439,23.82857,23.93829,23.14611,21.56689,21.28523,4263,301,4,306,1.0558901667524532e+19,GALAXY,0.8965706,9378,58071,772
48320,1.2376803096161162e+18,353.38769606743,30.7556845541827,21.3584,21.27533,21.16111,20.83298,20.8799,8111,301,1,42,8.738276987939084e+18,QSO,0.6431319,7761,58071,610
48319,1.2376788906697032e+18,28.7319927601793,-1.38066822084415,18.41973,17.49162,17.27705,17.1903,17.14694,7780,301,6,94,1.0558742238338505e+19,STAR,-0.0001467517,9378,58071,192
17768,1.2376637825992627e+18,28.5246407427866,-1.22981439130195,23.94554,22.48906,22.09518,21.65889,21.20404,4263,301,1,306,1.0558754882722224e+19,GALAXY,0.8952028,9378,58071,238
81234,1.2376637831364616e+18,29.2898280865145,-0.655638945742434,24.10205,23.42158,23.22398,22.45012,21.99801,4263,301,2,311,1.0558953894326852e+19,GALAXY,1.009002,9378,58071,962
30345,1.2376788810332247e+18,28.8107997004081,-1.89051226612935,22.60974,22.60092,22.58338,21.56448,20.67049,7778,301,4,509,1.0558738664925714e+19,GALAXY,1.144271,9378,58071,179
27665,1.2376788906701624e+18,29.8437392701883,-1.29487300644068,24.28076,22.53726,22.14689,21.26996,20.95369,7780,301,6,101,1.0558692485437348e+19,GALAXY,0.7329195,9378,58071,11
41714,1.2376805297445284e+18,354.6394655839,29.394276906094,22.96742,22.5326,22.63396,21.67246,21.7086,8162,301,3,215,8.738154942148401e+18,GALAXY,0.9171686,7761,58071,166
51465,1.2376637831360689e+18,28.3646969928489,-0.766060614253784,22.90856,22.90377,22.38977,21.49734,20.90976,4263,301,2,305,1.0558905790693136e+19,GALAXY,0.7782455,9378,58071,787
49031,1.2376664079178148e+18,27.9948469106467,-0.0676012011768376,24.45877,23.2228,23.34477,21.86112,21.56336,4874,301,3,608,1.05588686821757e+19,GALAXY,0.7932092,9378,58071,652
29728,1.2376788810328315e+18,27.9255601660551,-1.96678837743405,25.10235,22.59349,22.15714,21.28447,20.79835,7778,301,4,503,1.0558792266117569e+19,GALAXY,0.7752829,9378,58071,374
98378,1.2376788810330278e+18,28.3487075583772,-1.90186580013563,22.8355,22.16825,21.66417,20.87483,20.92121,7778,301,4,506,1.0558771100518732e+19,GALAXY,0.9115059,9378,58071,297
6044,1.2376788815698335e+18,28.2602588491032,-1.57667083170583,21.14704,22.12066,21.61523,20.52982,20.29331,7778,301,5,505,1.0558773299542e+19,GALAXY,0.9178634,9378,58071,305
79583,1.2376805292076572e+18,354.547771881126,29.0808491097507,22.99647,21.96442,21.10361,20.52319,20.14488,8162,301,2,215,8.73815411751468e+18,QSO,1.868495,7761,58071,163
46934,1.2376664079179456e+18,28.2833095361433,-0.155627900800544,22.39605,21.77119,20.66094,20.35112,19.61859,4874,301,3,610,1.0558897544355928e+19,GALAXY,0.8657548,9378,58071,757
22006,1.237678889596158e+18,29.2157763078243,-2.16625460718527,17.79253,16.75381,16.41487,16.29172,16.26048,7780,301,4,97,1.055871282640246e+19,STAR,5.087062e-05,9378,58071,85
4868,1.2376788815695055e+18,27.4160721667105,-1.64744842826167,25.15433,22.21756,22.28711,21.46276,21.56258,7778,301,5,500,1.055881645537338e+19,GALAXY,0.8942752,9378,58071,462
52405,1.2376803337852692e+18,353.573432472208,30.4893029297835,26.65548,23.34276,22.19798,20.7295,19.82044,8116,301,6,194,8.738214590654208e+18,QSO,0.9323685,7761,58071,383
51069,1.2376637831361344e+18,28.5600871953953,-0.771156223552699,23.33597,22.88771,22.48518,21.50536,20.64751,4263,301,2,306,1.055891706068732e+19,GALAXY,0.7276819,9378,58071,828
36914,1.2376803096160507e+18,353.224207309532,30.8011470758118,20.22749,20.06095,19.94577,19.71889,19.7875,8111,301,1,41,8.738265992822807e+18,QSO,1.862091,7761,58071,570
3531,1.2376637825997215e+18,29.6179555707459,-1.20569121077928,22.81359,22.36653,21.82594,21.2588,20.78651,4263,301,1,313,1.0558692760315257e+19,GALAXY,0.7256393,9378,58071,12
66142,1.2376788895961585e+18,29.2201536968572,-2.12130622421516,23.28812,22.55486,21.96234,21.4332,21.19573,7780,301,4,97,1.055871475054781e+19,GALAXY,0.1410807,9378,58071,92
17683,1.2376788906696384e+18,28.693577028826,-1.3971408137413,23.40188,22.06683,21.63166,21.12458,20.53381,7780,301,6,93,1.0558740863949e+19,QSO,0.8495542,9378,58071,187
48839,1.2376803096160507e+18,353.222131243459,30.8260218297217,21.24891,20.9702,20.69702,20.28509,20.161,8111,301,1,41,8.7382657179449e+18,QSO,1.751591,7761,58071,569
68178,1.2376637831363302e+18,28.9101015034282,-0.78672767728355,24.09373,23.52249,22.41626,21.91206,21.15936,4263,301,2,309,1.0558932728728e+19,GALAXY,0.8528801,9378,58071,885
20552,1.2376788895961582e+18,29.2908916879676,-2.16944009557368,19.03948,18.75217,18.91041,18.80953,18.69284,7780,301,4,97,1.055870210616409e+19,QSO,0.5204002,9378,58071,46
98379,1.2376788810330936e+18,28.5583508258977,-2.01143984774284,24.87774,22.41464,21.77138,21.19874,21.98086,7778,301,4,507,1.05587460866292e+19,GALAXY,0.8072673,9378,58071,206
1948,1.237663782599787e+18,29.6999147248917,-1.13020549112706,21.96211,22.08912,21.67283,21.15905,21.0847,4263,301,1,314,1.055869495933851e+19,GALAXY,1.18732,9378,58071,20
98069,1.23767888103329e+18,28.9088732255842,-1.99973995970231,24.61473,21.67764,21.34324,20.5057,20.42661,7778,301,4,510,1.0558725195908274e+19,GALAXY,0.7314929,9378,58071,130
88446,1.2376803096169684e+18,355.725638526042,31.0063114058343,22.75908,22.20043,22.06683,21.93946,22.2914,8111,301,1,55,8.738381991299536e+18,QSO,1.73907,7761,58071,992
87857,1.2376664068477425e+18,36.4570232382564,-0.867718274159402,22.97605,22.46201,22.19448,22.11248,21.41525,4874,301,1,664,1.0556636948466e+19,GALAXY,1.201608,9376,58072,725
92275,1.237680531356124e+18,356.974822726254,30.9032321158811,25.5669,24.29859,21.67963,20.64842,19.9799,8162,301,6,230,8.728165054393112e+18,GALAXY,0.7076499,7752,58072,687
82247,1.237678598629426e+18,4.72199934831798,3.71221683772376,22.93881,22.81578,22.04115,20.97846,20.80066,7712,301,6,361,1.0628751991986475e+19,GALAXY,0.8202486,9440,58072,934
30964,1.2376794350634936e+18,18.5971843181697,-2.38267132892448,22.60227,23.33744,22.47907,21.70369,21.11026,7907,301,4,196,1.0573415221028e+19,GALAXY,0.8432475,9391,58072,324
59000,1.2376637825947402e+18,18.2611088830457,-1.1280287816128,24.63634,23.01361,22.85571,21.41287,21.53116,4263,301,1,237,1.0507146280832358e+19,GALAXY,0.3978938,9332,58072,903
86531,1.237666406847677e+18,36.2042611362535,-0.852776656162649,23.08739,22.06248,21.73457,20.85901,20.88103,4874,301,1,663,1.0556618531646233e+19,GALAXY,0.832345,9376,58072,658
89399,1.2376664068483323e+18,37.7239054089335,-0.847541431503309,23.46174,22.0394,21.60155,20.74612,20.89432,4874,301,1,673,1.0556701819652e+19,GALAXY,0.6578656,9376,58072,961
33744,1.2376794350633623e+18,18.3797307114727,-2.31925603766986,23.86386,23.48882,22.40705,22.25875,22.2038,7907,301,4,194,1.0573425941266323e+19,GALAXY,0.7242944,9391,58072,363
61276,1.2376788906653125e+18,18.7260064777595,-1.45992033887066,18.43169,17.53618,17.17052,16.9859,16.943,7780,301,6,27,1.0507157275948636e+19,STAR,-0.00023905,9332,58072,943
77695,1.2376663381166664e+18,19.9143567695517,-1.01423950161992,22.77386,25.36245,22.92975,21.80104,21.13116,4858,301,1,487,1.0573347875940751e+19,GALAXY,1.035639,9391,58072,79
63074,1.2376788799632842e+18,37.5840773624733,-2.5549790144911,22.97724,22.55601,21.91754,21.48655,21.01321,7778,301,2,567,1.0556449481733462e+19,GALAXY,0.6996583,9376,58072,43
51167,1.237663232840762e+18,358.679352838793,30.5790450479216,20.95368,20.84107,20.84008,20.54523,20.72014,4135,301,1,265,8.72798720838732e+18,QSO,1.759891,7752,58072,40
64963,1.23765707008947e+18,36.7249507402146,-0.433198261286291,24.75661,23.38727,22.20994,21.37337,20.98723,2700,301,2,111,1.0556643820413671e+19,GALAXY,0.7572591,9376,58072,750
95970,1.2376663397268856e+18,18.9895982657574,0.380049008432948,22.01349,21.82824,21.53808,20.88823,20.54476,4858,301,4,481,1.0573530669748867e+19,GALAXY,0.8905736,9391,58072,744
80755,1.237657070089733e+18,37.3385252289549,-0.48912585398235,24.50414,22.91826,22.50656,21.23042,20.36201,2700,301,2,115,1.0556689175268315e+19,GALAXY,0.8102416,9376,58072,915
14102,1.2376785975552248e+18,3.65017708664357,2.81167137382664,23.78053,23.49199,22.81393,22.35376,21.98402,7712,301,4,354,1.0628584041585334e+19,GALAXY,0.8952946,9440,58072,323
28463,1.2376786216919375e+18,3.4022694330198,4.05937217079134,23.19074,24.36347,23.01757,21.67934,20.99082,7718,301,1,11,1.0628670903003929e+19,GALAXY,0.9099491,9440,58072,639
84585,1.2376664068482012e+18,37.4671671503689,-0.957937402564461,23.20128,22.56275,22.13543,21.58058,21.47025,4874,301,1,671,1.0556691099413664e+19,GALAXY,0.8574197,9376,58072,922
30575,1.237678621692593e+18,4.88390243423635,4.12323515989624,24.61822,23.5908,22.09303,21.03135,20.84018,7718,301,1,21,1.0628756664910895e+19,GALAXY,0.8948725,9440,58072,951
28462,1.237678621692527e+18,4.70651020138791,3.96004767541818,22.89356,22.82124,22.06098,21.5116,20.98503,7718,301,1,20,1.062874731906206e+19,GALAXY,0.8690215,9440,58072,917
27039,1.2376785986290975e+18,4.07268405111267,3.55281739653457,17.9297,17.0955,16.75965,16.63619,16.58196,7712,301,6,356,1.062871928151555e+19,STAR,2.679632e-05,9440,58072,815
76530,1.237663783132e+18,19.0186146129827,-0.819110584385924,22.5686,22.4656,22.14669,21.34599,22.87311,4263,301,2,243,1.0573538916086075e+19,GALAXY,1.002509,9391,58072,774
80546,1.2376785986294917e+18,4.95819629541336,3.74795328372883,22.82392,22.37625,22.30169,22.33701,21.86016,7712,301,6,362,1.0628759688567871e+19,GALAXY,1.178365,9440,58072,962
11008,1.23767859755588e+18,5.20039612522868,2.81154805476734,24.39544,24.61753,22.90437,22.46128,21.46213,7712,301,4,364,1.0628496080655112e+19,QSO,1.199118,9440,58072,3
23685,1.2376805297457733e+18,357.824419962821,29.6223148663081,24.75491,23.74445,21.69536,20.44197,19.68843,8162,301,3,234,8.728021018369874e+18,GALAXY,0.5606928,7752,58072,163
34974,1.2376803096174267e+18,356.879066208811,31.0754470808847,21.89296,20.46474,19.92549,19.6989,19.68085,8111,301,1,62,8.728153234643114e+18,STAR,-0.000549274,7752,58072,644
29528,1.2376785986286392e+18,2.92794892398263,3.74612943598294,25.7052,23.60631,22.64012,21.64687,21.46765,7712,301,6,349,1.0628649737405092e+19,GALAXY,0.833839,9440,58072,562
76083,1.237678598628901e+18,3.48482581853375,3.59142024176167,24.02832,23.02624,22.30341,21.8737,22.15822,7712,301,6,353,1.0628662106910906e+19,GALAXY,1.008202,9440,58072,607
18109,1.2376637826024087e+18,35.6623456135727,-1.17707984522844,22.67337,23.19201,22.66262,21.80922,20.68505,4263,301,1,354,1.055659819068112e+19,GALAXY,1.19481,9376,58072,584
61763,1.2376788906643948e+18,16.7171384929782,-1.47182602015013,19.25167,18.16816,17.75491,17.60376,17.54532,7780,301,6,13,1.0507061343559113e+19,STAR,-0.0003055627,9332,58072,594
62204,1.2376570700896668e+18,37.2163669350672,-0.586314864363531,22.25621,22.55788,22.07724,21.50337,21.25496,2700,301,2,114,1.055667103332646e+19,GALAXY,0.8461247,9376,58072,849
52286,1.2376786222292667e+18,4.41594600276079,4.40453008483172,23.04646,22.46188,21.84903,21.43258,21.01712,7718,301,2,18,1.062873385004462e+19,GALAXY,0.7925799,9440,58072,868
69503,1.237666338116666e+18,19.9096182346503,-1.03329999627766,22.95381,22.12997,21.47035,20.77448,20.15037,4858,301,1,487,1.0573348150818658e+19,GALAXY,0.755004,9391,58072,80
93038,1.2376805297457733e+18,357.796123001441,29.7289805019531,24.24171,22.19725,20.76608,19.82057,19.27918,8162,301,3,234,8.728022667637316e+18,STAR,-0.0002033196,7752,58072,169
3733,1.237663782594151e+18,16.8618931006149,-1.12537592226552,24.24743,23.11874,22.18522,22.61955,21.9421,4263,301,1,228,1.0507058869658e+19,GALAXY,0.1801174,9332,58072,585
86991,1.237666406848e+18,37.0336460617229,-0.986271004615138,23.15265,22.59249,22.25245,21.71022,20.98297,4874,301,1,668,1.0556677630396223e+19,GALAXY,0.9983732,9376,58072,873
83319,1.2376785986291635e+18,4.1751414794918,3.62695333652304,22.86816,23.3709,22.23162,21.36546,21.22921,7712,301,6,357,1.0628728902242292e+19,GALAXY,0.0,9440,58072,850
2585,1.237666338652816e+18,18.2170828195305,-0.540431012244817,22.8504,22.86227,22.41734,21.71473,20.78993,4858,301,2,476,1.0573492186841897e+19,GALAXY,0.8948057,9391,58072,604
30965,1.2376794350635592e+18,18.8040570057542,-2.33828216448865,23.20063,23.34118,22.30826,22.14876,21.12755,7907,301,4,197,1.0506909061198664e+19,GALAXY,0.8661482,9332,58072,40
35840,1.2376794350632307e+18,18.036857095421,-2.39876065388161,22.81175,22.8557,22.55348,21.70282,22.54365,7907,301,4,192,1.05069420465475e+19,GALAXY,0.8267679,9332,58072,160
40391,1.2376805292087703e+18,357.434600873267,29.252734589459,24.51377,24.62034,22.69834,20.95948,19.86639,8162,301,2,232,8.728042458846616e+18,STAR,-0.0001289991,7752,58072,241
91834,1.2376663397266893e+18,18.6008076592547,0.327159915361546,22.77405,22.94049,22.24419,22.0221,21.0948,4858,301,4,478,1.05735081297605e+19,GALAXY,0.8616833,9391,58072,662
89540,1.2376664068477425e+18,36.3890703613376,-1.02951927210372,23.15803,22.31659,21.96288,21.58833,21.13708,4874,301,1,664,1.0556630901152e+19,GALAXY,0.7741799,9376,58072,703
35514,1.237678597555356e+18,3.95372415026429,2.8968901506371,21.53001,20.28496,20.15084,20.04159,20.20083,7712,301,4,356,1.0628567823788825e+19,QSO,2.673394,9440,58072,264
83242,1.23766640684807e+18,37.1088141179315,-0.85762105609593,24.88762,22.45076,21.79706,21.16848,20.57683,4874,301,1,669,1.0556675431373e+19,GALAXY,0.7788612,9376,58072,865
31719,1.2376794350634278e+18,18.4644534222235,-2.30201244263493,22.47257,21.75571,20.87117,20.46138,19.59305,7907,301,4,195,1.0507153977413753e+19,GALAXY,0.7320276,9332,58072,931
17439,1.2376785986292943e+18,4.40342391713943,3.61042735771212,22.97952,22.40909,21.85991,21.48494,22.25424,7712,301,6,359,1.0628728077608573e+19,GALAXY,0.8042745,9440,58072,847
20375,1.2376632328406303e+18,358.488610503045,30.8256218053438,19.86452,19.57232,19.17212,19.03439,18.98935,4135,301,1,263,8.728243394596592e+18,QSO,1.379662,7752,58072,972
77140,1.2376785986294257e+18,4.80487491917017,3.55008760388345,23.78815,22.80348,22.13192,21.04794,21.33125,7712,301,6,361,1.0628759963445778e+19,GALAXY,0.891398,9440,58072,963
92760,1.237680531355993e+18,356.712803373583,30.9173088047964,23.0057,23.1423,21.48552,20.34488,19.48145,8162,301,6,228,8.728144163672186e+18,GALAXY,0.7503954,7752,58072,611
63502,1.237678598628901e+18,3.57249004027216,3.56640852254861,21.97994,21.79305,20.98702,20.26935,20.54056,7712,301,6,353,1.0628675026172533e+19,GALAXY,0.6677275,9440,58072,654
88894,1.237666406847939e+18,36.9266527467161,-0.997295140144933,23.09852,22.8405,22.32578,21.31407,20.89013,4874,301,1,667,1.055666553576832e+19,GALAXY,0.8661351,9376,58072,829
3227,1.237666338652815e+18,18.2159776443035,-0.50538509185509,24.86269,22.97363,22.35739,21.94236,22.68986,4858,301,2,476,1.0573491362208176e+19,GALAXY,0.6628178,9391,58072,601
34780,1.23767859755588e+18,5.2372981064504,2.73934306607011,17.77839,16.79123,16.5149,16.37613,16.32488,7712,301,4,364,1.0628496355533e+19,STAR,-0.0002596165,9440,58072,4
41156,1.2376805297452485e+18,356.457689844305,29.7164088756686,21.34204,21.20877,21.23659,20.9597,20.79462,8162,301,3,226,8.728100458084981e+18,QSO,2.058788,7752,58072,452
92863,1.2376805313562552e+18,357.417254641174,30.9171059190249,23.41828,23.8359,21.38036,20.20954,19.48669,8162,301,6,232,8.728187044625667e+18,GALAXY,0.7289355,7752,58072,767
78561,1.237666338116404e+18,19.3178350069765,-0.901156929396384,22.54435,22.69046,22.2233,21.54479,21.96346,4858,301,1,483,1.0573561730952352e+19,GALAXY,0.8032346,9391,58072,857
17418,1.2376805297455117e+18,357.138200485435,29.7525273060146,23.54916,23.24972,21.74052,20.71322,19.96589,8162,301,3,230,8.728067747614054e+18,GALAXY,0.5471044,7752,58072,333
22046,1.2376786222292667e+18,4.38740475462191,4.45914283583873,23.9463,22.53248,21.92225,21.65504,22.05466,7718,301,2,18,1.0628721480538806e+19,GALAXY,0.7939644,9440,58072,823
62948,1.2376788799628252e+18,36.4655623689991,-2.66569006335538,23.00759,22.05114,21.58251,21.07457,20.80449,7778,301,2,560,1.0556516002186942e+19,QSO,0.2912874,9376,58072,285
20438,1.237678881028506e+18,18.0865460653296,-2.17768586195505,25.03933,24.49786,22.43872,21.7367,22.74312,7778,301,4,437,1.0573436661504694e+19,GALAXY,0.7489545,9391,58072,402
92933,1.2376663397270822e+18,19.4484511242866,0.284528039973379,24.4216,22.66145,22.18103,21.60636,21.05193,4858,301,4,484,1.0573563655097702e+19,GALAXY,0.9562315,9391,58072,864
14420,1.2376805297455117e+18,357.100095774825,29.5788215448467,25.1283,24.51356,21.82181,20.63614,19.96545,8162,301,3,230,8.728066098346613e+18,GALAXY,0.8644847,7752,58072,327
64185,1.237678879963087e+18,37.063952381769,-2.68175351144662,26.32316,22.62172,22.04114,21.5085,20.62004,7778,301,2,564,1.055648466610555e+19,QSO,3.244684,9376,58072,171
17895,1.23768052974597e+18,358.251691444988,29.7316934289415,23.29369,23.26572,21.65374,20.41783,19.52922,8162,301,3,237,8.728000127648945e+18,GALAXY,0.6962678,7752,58072,87
71283,1.237666338116862e+18,20.3958392228594,-0.94108015251819,23.55461,22.73247,22.76391,21.71637,21.52949,4858,301,1,490,1.0573601038493e+19,GALAXY,0.7281687,9391,58072,1000
63577,1.2376788906650506e+18,18.1502414778987,-1.46293734484264,25.04276,23.21012,22.28995,21.73327,21.97014,7780,301,6,23,1.0507137484739336e+19,GALAXY,0.6877071,9332,58072,871
29729,1.237678881036239e+18,35.635848108125,-1.76776019209399,22.8771,22.73676,21.62024,21.04064,20.77246,7778,301,4,555,1.0556557233873e+19,GALAXY,0.6940609,9376,58072,435
31172,1.237679434526622e+18,18.6105040606088,-2.77813429088397,23.65453,23.04338,22.70753,22.17653,21.43625,7907,301,3,196,1.0506904663152157e+19,GALAXY,0.8933983,9332,58072,24
21689,1.2376632328406308e+18,358.419776424856,30.8224335405131,20.54996,20.00078,19.43512,19.23037,19.21463,4135,301,1,263,8.728242844840778e+18,QSO,1.345971,7752,58072,970
62631,1.2376785986290324e+18,3.83349213517448,3.63144781976191,23.48694,22.27309,21.92884,21.51291,21.69507,7712,301,6,355,1.062870581249811e+19,GALAXY,0.8008671,9440,58072,766
61762,1.2376788906654433e+18,19.0462196232319,-1.53673556605319,24.19173,22.80979,22.26605,21.4904,20.88419,7780,301,6,29,1.0573387458359351e+19,GALAXY,0.8786381,9391,58072,223
35340,1.2376794350631e+18,17.8215606927571,-2.29878868943313,23.10628,22.98116,22.21047,21.25663,21.16059,7907,301,4,190,1.0507123191088175e+19,GALAXY,0.9570704,9332,58072,819
74161,1.2376785986294254e+18,4.67693315205764,3.73590043589885,23.1078,22.60954,22.21845,21.54691,21.61701,7712,301,6,361,1.0628751442230663e+19,GALAXY,0.768337,9440,58072,932
56351,1.237657070089536e+18,36.8711393191426,-0.529248044253428,22.49994,22.75617,22.10331,22.00778,20.95884,2700,301,2,112,1.0556650967239252e+19,GALAXY,1.070908,9376,58072,776
75698,1.237678598628901e+18,3.4802811063347,3.63703467963816,22.78236,21.97613,21.25348,20.57745,20.62297,7712,301,6,353,1.0628661832033e+19,GALAXY,0.7802491,9440,58072,606
72491,1.237657070089405e+18,36.5916789623001,-0.422026989908312,24.21811,22.98777,22.97754,21.63648,21.41012,2700,301,2,110,1.0556626228227627e+19,GALAXY,0.8498857,9376,58072,686
67564,1.2376785986286387e+18,2.95386715904658,3.61958241310314,24.05886,23.40794,22.38744,21.49732,21.31514,7712,301,6,349,1.0628650012283e+19,GALAXY,0.7052754,9440,58072,563
3120,1.2376663386526848e+18,17.8883178927005,-0.607853272019514,24.85968,22.5873,22.44559,21.34626,21.92059,4858,301,2,474,1.0573483390748877e+19,GALAXY,0.8746495,9391,58072,572
26699,1.2376788810279163e+18,16.6622062574008,-2.21889236657793,23.29446,23.12788,21.79648,20.77197,20.47207,7778,301,4,428,1.0507056670634697e+19,GALAXY,0.8798338,9332,58072,577
59263,1.237678889599894e+18,37.7431983623954,-2.0968416926898,22.58105,22.35868,21.16683,20.63239,20.19582,7780,301,4,154,1.0556453604902066e+19,GALAXY,0.719025,9376,58072,58
94114,1.2376805313563863e+18,357.780221298638,31.0161325919829,27.05254,23.44684,21.81484,20.77514,19.9392,8162,301,6,234,8.72820848510241e+18,GALAXY,0.5702857,7752,58072,845
62729,1.2376570700895365e+18,36.9097174890743,-0.543633445233833,25.03095,22.71845,21.78068,21.21996,21.37812,2700,301,2,112,1.055664931797181e+19,GALAXY,0.7428778,9376,58072,770
47800,1.2376788906655744e+18,19.2919717879384,-1.41064173165516,18.94916,18.72398,18.85327,18.81091,18.38965,7780,301,6,31,1.0573377012998887e+19,QSO,0.3881767,9391,58072,185
91285,1.237666339727082e+18,19.3750230127857,0.325226531176609,22.74798,22.35804,21.99915,21.42665,20.41625,4858,301,4,484,1.0573552385103516e+19,GALAXY,0.9593782,9391,58072,823
71575,1.2376663381156828e+18,17.6507184464266,-0.970403380100138,23.85779,22.6626,22.00561,21.26913,20.91223,4858,301,1,472,1.0573474319777944e+19,QSO,0.5477307,9391,58072,539
80109,1.2376664068472837e+18,35.2918542156632,-0.955401121426015,22.57178,22.50107,22.14332,21.24257,20.72311,4874,301,1,657,1.0556580873373e+19,GALAXY,0.7266169,9376,58072,521
33411,1.2376794350631004e+18,17.8225258664938,-2.37759416099158,23.55494,22.82246,21.96601,21.09736,20.65625,7907,301,4,190,1.0506953041663777e+19,GALAXY,0.7940398,9332,58072,200
93123,1.237666339726558e+18,18.254237678445,0.259401030143876,22.44657,22.31415,21.90318,20.93418,20.60703,4858,301,4,476,1.0573486689283758e+19,GALAXY,0.7909737,9391,58072,584
97408,1.2376663397270822e+18,19.4722516780127,0.245898122750439,23.04968,22.39862,21.95142,21.50138,20.98429,4858,301,4,484,1.0573564204853516e+19,GALAXY,1.104626,9391,58072,866
69442,1.2376786195668017e+18,3.46126558373584,2.93730030620023,22.72176,22.40784,21.85024,21.88491,20.44861,7717,301,5,352,1.0628608230841143e+19,GALAXY,0.7487161,9440,58072,411
93129,1.2376805313559276e+18,356.498817940515,30.9695286607889,26.79265,23.3409,21.93802,20.72428,19.83608,8162,301,6,227,8.728133718311722e+18,GALAXY,0.828608,7752,58072,573
13028,1.237680529745446e+18,356.96875020405,29.7056340245905,25.46544,23.43135,21.61989,20.51161,19.64268,8162,301,3,229,8.728078742730333e+18,GALAXY,0.6894312,7752,58072,373
21762,1.23767862222907e+18,3.97171809935929,4.50538453167823,24.46569,22.53981,21.74315,21.21614,21.14812,7718,301,2,15,1.063313821876436e+19,GALAXY,0.7295468,9444,58073,507
87552,1.2376637847511373e+18,38.5115871892518,0.475444468415141,23.1959,22.41034,21.66635,21.3363,20.75955,4263,301,5,373,1.0562196903906531e+19,GALAXY,1.006168,9381,58073,472
61854,1.237678618508592e+18,38.896274133158,1.79417177011176,22.1836,22.61768,22.46016,21.34129,20.31895,7717,301,3,589,1.056222796511e+19,GALAXY,0.8954094,9381,58073,585
67371,1.2376785986299502e+18,5.89059720283626,3.63121265469972,23.48158,23.01486,21.39825,21.34863,23.04231,7712,301,6,369,1.063303843808414e+19,GALAXY,0.3614626,9444,58073,144
21822,1.2376786222297907e+18,5.5314412440448,4.51209197131979,23.70067,22.39277,21.67205,20.88517,19.81515,7718,301,2,26,1.063323250188644e+19,GALAXY,0.0,9444,58073,850
77597,1.2376570700910436e+18,40.4064236257167,-0.54031944110504,24.32114,22.7865,22.69663,21.8091,22.62283,2700,301,2,135,1.055092745947764e+19,GALAXY,0.7279516,9371,58073,434
15649,1.2376785986301468e+18,6.43723697141496,3.64189815244846,27.44667,20.71801,19.93708,19.98439,19.01162,7712,301,6,372,1.06330051778574e+19,GALAXY,0.9323588,9444,58073,23
61520,1.237657070091568e+18,41.5849343049892,-0.567203413843979,24.03918,22.40587,21.32429,20.82845,19.99255,2700,301,2,143,1.055086011439044e+19,GALAXY,0.8701633,9371,58073,189
80335,1.2376633074540872e+18,0.321550338614429,31.1209661848674,18.48297,18.36621,18.22684,18.1734,18.17867,4152,301,4,86,8.724799999073081e+18,QSO,1.145375,7749,58073,733
15725,1.237678598629819e+18,5.64650151784514,3.56257246131669,23.04084,22.26374,22.04945,21.24024,20.42934,7712,301,6,367,1.0633055480514367e+19,GALAXY,1.211771,9444,58073,206
38661,1.2376786216927887e+18,5.23420558121813,4.10833549118318,22.03757,22.30037,21.85388,21.33129,21.47837,7718,301,1,24,1.0633201165805e+19,GALAXY,0.7607239,9444,58073,736
54354,1.2376570700913055e+18,40.9995360734781,-0.443179361375252,23.275,22.58564,22.44677,22.0351,21.2936,2700,301,2,139,1.0550904369733456e+19,GALAXY,0.7317033,9371,58073,350
52497,1.2376786216925926e+18,4.82535438488924,4.1349892108333,22.381,21.75616,21.51234,20.94124,20.95691,7718,301,1,21,1.06331794504504e+19,GALAXY,0.7477109,9444,58073,657
15551,1.23767859862936e+18,4.65752449706514,3.68001946692315,22.38788,22.59921,21.93093,20.81675,21.61669,7712,301,6,360,1.063311128072948e+19,GALAXY,0.8041611,9444,58073,409
75411,1.2376786179728348e+18,41.3976897406665,1.22552821147599,23.07927,22.82371,22.65592,21.6798,21.16102,7717,301,2,606,1.0551012396750889e+19,GALAXY,0.8245655,9371,58073,743
67349,1.2376633063806735e+18,359.551690800587,30.1882389976717,20.80048,20.90835,20.60018,20.49288,20.47136,4152,301,2,91,8.724712587898673e+18,QSO,1.152517,7749,58073,415
69094,1.2376637831421632e+18,42.3042815889295,-0.809551009159288,23.74642,24.77581,22.66185,23.52801,22.22047,4263,301,2,398,1.0550824655140444e+19,QSO,1.072327,9371,58073,60
27674,1.237678621692134e+18,3.80039171337461,4.06684924779118,23.03883,22.99878,22.22943,21.66571,20.77173,7718,301,1,14,1.0633140692665522e+19,GALAXY,0.7634915,9444,58073,516
94755,1.2376570700908467e+18,39.8652791867971,-0.424546081744279,25.88957,22.24077,21.6039,20.74909,21.20548,2700,301,2,132,1.0562112791267e+19,GALAXY,0.7008449,9381,58073,166
56371,1.2376570700916987e+18,41.8247794889016,-0.509043674843572,22.25785,22.49615,21.29884,20.82212,20.61759,2700,301,2,145,1.0550848019762534e+19,GALAXY,0.7499279,9371,58073,145
3847,1.237680333787956e+18,0.799919328677674,30.7794478423304,24.96892,23.0113,21.64976,20.54921,19.85176,8116,301,6,235,8.724652114759145e+18,GALAXY,0.620405,7749,58073,195
67951,1.2376785986301468e+18,6.45386459712176,3.60940108470407,23.52685,22.63417,22.14077,21.82985,20.64436,7712,301,6,372,1.0633005452735304e+19,GALAXY,1.007826,9444,58073,24
96576,1.2376570700909775e+18,40.1610901470136,-0.498939648892838,23.57082,22.48588,22.3264,21.30172,20.49604,2700,301,2,134,1.0550937904838103e+19,GALAXY,0.8534898,9371,58073,472
37156,1.2376786222299223e+18,5.92081295568914,4.51534869184096,22.0869,21.64034,21.23644,21.00503,21.30443,7718,301,2,28,1.0633241297979464e+19,GALAXY,1.098776,9444,58073,882
20800,1.2376786222299223e+18,5.87139198925308,4.42608379921595,24.32583,22.63443,21.961,21.47196,21.42384,7718,301,2,28,1.0633234975787604e+19,QSO,0.879112,9444,58073,859
81394,1.2376633074546772e+18,0.498326994201193,29.7279286729625,19.02124,17.98779,17.60623,17.44224,17.3596,4152,301,4,95,8.724665583776586e+18,STAR,-0.0009083941,7749,58073,244
53674,1.2376786222294633e+18,4.7994496309874,4.43771865161558,25.11039,22.40619,21.29929,21.05608,20.68068,7718,301,2,21,1.0633178900694587e+19,GALAXY,0.3023889,9444,58073,655
56352,1.23765707009065e+18,39.4961876060927,-0.617224436709555,22.71233,22.16963,21.33947,20.67715,20.48475,2700,301,2,129,1.0562144677104212e+19,GALAXY,0.664371,9381,58073,282
56688,1.2376570700917645e+18,41.9830925430948,-0.61297706285133,23.0529,23.07604,22.26369,21.93304,22.57117,2700,301,2,146,1.0550836474890445e+19,GALAXY,0.7837796,9371,58073,103
8787,1.2376803337884147e+18,1.94578857384329,30.9101403655516,24.79399,22.94279,21.73328,20.64034,19.98419,8116,301,6,242,8.724602636735896e+18,GALAXY,0.6836765,7749,58073,15
66647,1.237678598629819e+18,5.68742049259072,3.55787874575314,23.43134,22.6776,22.19741,21.87713,22.40254,7712,301,6,367,1.0633054930758556e+19,GALAXY,0.8544672,9444,58073,204
3425,1.2376786614260206e+18,4.56527868160305,4.69109772449517,22.40835,22.61197,21.95123,21.58776,21.0362,7727,301,3,97,1.0633159384363194e+19,QSO,0.3682689,9444,58073,584
75920,1.2376637831413768e+18,40.5385912749983,-0.75528198294747,22.72672,22.20447,21.94799,21.0866,21.03163,4263,301,2,386,1.0550924435820665e+19,GALAXY,0.8539699,9371,58073,423
75907,1.2376785986295567e+18,5.06956107019886,3.71891525676984,22.48225,22.39693,21.8558,21.1953,20.77538,7712,301,6,363,1.0633089015619e+19,GALAXY,0.8485191,9444,58073,328
83290,1.2376785986291635e+18,4.16105036237798,3.55320551125697,25.68596,23.21935,22.46819,21.51475,21.98307,7712,301,6,357,1.063312722364808e+19,GALAXY,0.7453001,9444,58073,467
22568,1.2376786174353743e+18,40.1299132089428,0.813838831760976,24.03052,23.33333,23.85432,22.6694,21.92109,7717,301,1,597,1.0562313727017e+19,GALAXY,0.7181486,9381,58073,897
26488,1.237678621693379e+18,6.6093053994025,4.08986343603821,24.31472,22.77713,21.51537,21.05115,22.32854,7718,301,1,33,1.0633266586746905e+19,GALAXY,0.6413501,9444,58073,974
78250,1.2376786174355707e+18,40.5862242921305,0.804428698798262,22.97429,22.33366,21.50987,20.80454,20.54145,7717,301,1,600,1.0550964842873e+19,GALAXY,0.7959355,9371,58073,570
81079,1.237663307453891e+18,0.0476535900396584,31.4635275654924,20.06322,19.98324,19.80403,19.5094,19.48817,4152,301,4,83,8.724785980299827e+18,QSO,1.922303,7749,58073,682
55066,1.2376570700913713e+18,41.1277548299514,-0.444511735803714,23.23627,22.53287,21.96882,20.99263,20.76909,2700,301,2,140,1.055089254998346e+19,GALAXY,0.8708382,9371,58073,307
86774,1.237663784751858e+18,40.168872048366,0.449776089320204,23.51006,23.06693,22.25119,21.48621,20.7842,4263,301,5,384,1.0562106469075149e+19,GALAXY,0.8062305,9381,58073,143
51575,1.2376786222292014e+18,4.26476451219986,4.48729457022765,22.36273,22.46996,21.61423,21.10827,20.82922,7718,301,2,17,1.0633156360706216e+19,GALAXY,0.847199,9444,58073,573
82230,1.2376633074542835e+18,0.305209691657979,30.6659233942266,22.07896,21.60971,21.57213,21.47077,21.3373,4152,301,4,89,8.724672180846352e+18,QSO,2.332614,7749,58073,268
68517,1.237680333788349e+18,1.78162670309899,30.8609262372101,21.22579,20.97112,20.7173,20.73617,20.45371,8116,301,6,241,8.724609508683569e+18,QSO,1.339308,7749,58073,40
11038,1.237678598629229e+18,4.31628148738042,3.57306805738576,21.55986,21.68835,20.79849,20.17353,19.27853,7712,301,6,358,1.0633122000967848e+19,GALAXY,0.7937837,9444,58073,448
4777,1.2376786179723763e+18,40.4135937532449,1.32336121030976,23.10352,22.3208,21.91491,21.36147,20.69114,7717,301,2,599,1.0562320873842563e+19,GALAXY,0.9008638,9381,58073,923
82349,1.2376785986293604e+18,4.62530368370216,3.64109620565435,23.06031,22.92079,22.0535,24.02104,21.0979,7712,301,6,360,1.06331121053632e+19,GALAXY,0.9608933,9444,58073,412
81986,1.2376785986291635e+18,4.14712315205622,3.60330692396261,23.50313,22.69169,22.59727,21.71619,22.67655,7712,301,6,357,1.0633126948770177e+19,GALAXY,0.7430524,9444,58073,466
30276,1.2376785986290324e+18,3.8545983877238,3.7470649560801,25.30422,22.77629,22.63325,21.83318,21.3524,7712,301,6,355,1.0633133270962e+19,GALAXY,1.157966,9444,58073,489
88243,1.2376637847514652e+18,39.3220861494651,0.438587494443107,24.81982,22.68021,22.02293,21.58872,21.34167,4263,301,5,378,1.056215017466235e+19,GALAXY,0.766896,9381,58073,302
55927,1.2376570700913055e+18,40.9867454595997,-0.60654467855928,22.95724,22.23883,21.82833,21.27864,20.74012,2700,301,2,139,1.0550905744123e+19,GALAXY,0.7946768,9371,58073,355
81878,1.237663307454022e+18,0.216552425084046,31.1977338433738,18.1799,17.79855,17.68568,17.57729,17.51692,4152,301,4,85,8.724800273950988e+18,QSO,0.4369395,7749,58073,734
41126,1.2376570700907812e+18,39.6764197935196,-0.626275657999591,24.18802,24.79158,22.51056,22.63776,22.55659,2700,301,2,131,1.056212681004026e+19,GALAXY,0.7803283,9381,58073,217
56060,1.2376570700915676e+18,41.4820277333181,-0.622245283486464,22.03086,22.53199,22.08493,21.33205,20.9074,2700,301,2,143,1.0550869735117185e+19,GALAXY,1.103371,9371,58073,224
97509,1.237663784751334e+18,39.0261143428615,0.621613271951424,21.59513,23.69016,21.92963,21.32071,21.40523,4263,301,5,376,1.0562162544168163e+19,GALAXY,0.8530385,9381,58073,347
97510,1.237663784751334e+18,38.9495578640151,0.509416837050433,23.7822,23.26068,22.59414,22.23016,21.91348,4263,301,5,376,1.0562172989528627e+19,GALAXY,0.8684131,9381,58073,385
64195,1.2376570700914368e+18,41.3079433108922,-0.542754192423812,22.4747,22.79826,22.65861,21.72533,22.65443,2700,301,2,141,1.0550881005111368e+19,GALAXY,0.8355865,9371,58073,265
41228,1.237657070091633e+18,41.7331426414222,-0.550582460154829,23.53559,23.36303,22.18342,22.23722,21.93939,2700,301,2,144,1.0550858465123e+19,GALAXY,0.7274416,9371,58073,183
4012,1.2376786179720486e+18,39.6641693870348,1.22916805878072,22.99072,21.89442,21.37621,20.53039,20.30411,7717,301,2,594,1.056227716825536e+19,GALAXY,0.8679066,9381,58073,764
63552,1.2376785986292943e+18,4.44150891456542,3.66679250327458,22.29267,21.52087,21.20394,20.61595,20.12016,7712,301,6,359,1.0633121726089943e+19,GALAXY,0.8004251,9444,58073,447
79797,1.2376633074546775e+18,0.612113155228599,29.767711702418,20.93123,20.87353,20.85465,20.71391,20.71079,4152,301,4,95,8.724656237927751e+18,QSO,1.737439,7749,58073,210
80395,1.2376633074537605e+18,0.117016571528495,31.7846189863022,22.4807,22.10114,21.89476,21.79621,21.90291,4152,301,4,81,8.724794501514942e+18,GALAXY,1.100085,7749,58073,713
69349,1.2376633063802803e+18,359.317841206181,31.0766386430854,21.70288,21.41526,21.2992,21.11318,21.8698,4152,301,2,85,8.724755468852156e+18,QSO,1.418666,7749,58073,571
22367,1.2376786174353083e+18,39.8583779489845,0.90577319487117,22.44183,22.20526,21.32225,20.89421,20.73806,7717,301,1,596,1.056229146190652e+19,GALAXY,0.7856032,9381,58073,816
7785,1.237680333788284e+18,1.58893035584146,30.936264624972,24.12102,24.21168,22.79566,21.12517,20.00079,8116,301,6,240,8.724619679166126e+18,GALAXY,0.7650462,7749,58073,77
80020,1.2376633074536945e+18,359.913514862788,32.0239467981528,23.24156,22.20238,21.51735,20.69772,20.655,4152,301,4,80,8.724781032497502e+18,QSO,0.5922398,7749,58073,664
67582,1.237678598629885e+18,5.86185988493065,3.70684735095842,24.35242,22.92392,22.42977,21.30268,21.15524,7712,301,6,368,1.063304008735158e+19,GALAXY,0.8319071,9444,58073,150
95110,1.237657070091109e+18,40.4365072862518,-0.562836084203485,24.5491,23.17112,22.18635,21.89936,21.37975,2700,301,2,136,1.0550926909721827e+19,QSO,1.958337,9371,58073,432
39101,1.2376632339141755e+18,359.441861366642,31.5757826335677,24.68262,23.89117,22.07593,20.72643,19.91191,4135,301,3,260,8.724758217631226e+18,QSO,1.496072,7749,58073,581
93116,1.237657070090454e+18,39.0390296189485,-0.576076633624914,22.11053,22.89245,21.63966,21.34083,21.45644,2700,301,2,126,1.056215924563328e+19,GALAXY,1.030721,9381,58073,335
79991,1.237663307454481e+18,0.442193315786767,30.2984875421016,21.48293,21.3864,21.10998,20.85854,20.50237,4152,301,4,92,8.72466970694519e+18,QSO,1.50046,7749,58073,259
70405,1.237678598629819e+18,5.61470035830092,3.62994391150957,22.68635,22.61926,22.3085,21.2558,20.51116,7712,301,6,367,1.063305438100274e+19,GALAXY,0.9189686,9444,58073,202
80037,1.2376637831419013e+18,41.6759210380361,-0.714960696476767,22.47801,22.07915,21.89389,20.71778,20.12295,4263,301,2,394,1.0550868635605555e+19,GALAXY,0.8078082,9371,58073,220
96248,1.2376570700905843e+18,39.3248276543142,-0.462195533172205,25.26836,21.84167,22.45055,21.45977,21.12013,2700,301,2,128,1.0562157596365838e+19,GALAXY,1.028268,9381,58073,329
80927,1.2376785986299505e+18,5.90128736950049,3.69009637195931,22.70945,21.77936,21.31905,20.11423,19.95805,7712,301,6,369,1.0633039812473672e+19,GALAXY,0.8417046,9444,58073,149
72904,1.2376637836794268e+18,43.1303243348671,-0.248412285111615,23.98904,23.76553,23.04169,22.32223,22.30322,4263,301,3,404,1.0552106960593115e+19,GALAXY,0.8272625,9372,58074,629
96860,1.2376802774085143e+18,2.90870267531056,28.024571793757,21.97342,22.1505,21.66508,21.57683,21.70761,8103,301,5,113,8.721266443596092e+18,GALAXY,0.3255173,7746,58074,166
88334,1.2376802774085143e+18,2.93323949630468,27.9629376575054,25.86427,23.00079,21.38733,20.33588,19.44024,8103,301,5,113,8.721254074090282e+18,GALAXY,0.8143814,7746,58074,121
72443,1.2376786216939694e+18,7.96484298078946,4.08981873072513,22.80062,22.51543,22.25662,21.08074,20.67883,7718,301,1,42,1.0632139587345207e+19,QSO,1.592693,9443,58074,970
82779,1.2376785986304087e+18,7.06007200391167,3.64143150339754,23.46995,22.83646,22.0219,21.76244,20.65631,7712,301,6,376,1.0631935353060348e+19,GALAXY,1.061081,9443,58074,227
54427,1.2376786222298568e+18,5.74733266521991,4.53799806475137,22.35893,22.72844,22.08929,21.32654,20.65598,7718,301,2,27,1.0632024963258e+19,GALAXY,1.004294,9443,58074,553
62608,1.237680331641128e+18,2.56035941736127,29.3230674768113,22.23373,21.43219,21.05601,20.9545,21.18278,8116,301,2,245,8.72129722992167e+18,STAR,-0.0006708068,7746,58074,278
9617,1.2376788799537807e+18,15.7298737698212,-3.07861555422644,23.25509,22.47763,22.66909,22.52032,23.75124,7778,301,2,422,1.0481015837276e+19,QSO,2.753263,9309,58074,49
54426,1.2376786222298568e+18,5.72218550329694,4.5341437792321,23.48347,22.71513,22.04081,21.49904,21.14978,7718,301,2,27,1.0632025513013828e+19,GALAXY,0.8916968,9443,58074,555
3944,1.2376663386515054e+18,15.2653566293203,-0.422742990452027,22.68567,22.35053,21.6164,21.21786,20.99513,4858,301,2,456,1.0570100193503762e+19,GALAXY,0.7641888,9388,58074,552
39122,1.2376786216928548e+18,5.47267612653377,3.99295264314152,24.26685,22.78731,21.94531,21.33155,21.34073,7718,301,1,25,1.0632014792775457e+19,GALAXY,0.8661619,9443,58074,516
11979,1.2376637831426222e+18,43.4130671678473,-0.82126580572284,23.45432,22.38364,21.72852,21.45158,20.58759,4263,301,2,405,1.0552032468680331e+19,GALAXY,1.052555,9372,58074,358
54636,1.2376637831309568e+18,16.7044725083165,-0.73673634437619,22.56797,23.10252,22.62558,21.82842,21.43273,4263,301,2,227,1.0570180732730495e+19,GALAXY,0.7158381,9388,58074,845
9835,1.2376663000162634e+18,44.6660777322093,-0.583376958480505,24.12563,22.49776,21.76167,21.44528,21.36904,4849,301,2,753,1.0552191622988452e+19,GALAXY,0.7106012,9372,58074,937
82574,1.237678598629754e+18,5.49191574049831,3.71220554269796,23.57057,22.94757,22.12842,20.85649,21.43809,7712,301,6,366,1.0632010119851e+19,QSO,1.020905,9443,58074,499
58221,1.2376637825939543e+18,16.3820271359115,-1.11972836601854,23.34469,23.13071,22.22405,21.77083,21.8842,4263,301,1,225,1.057017221151538e+19,GALAXY,0.8624013,9388,58074,814
81893,1.237663783130301e+18,15.1246111967615,-0.806786895361837,22.96108,22.66129,22.16628,21.60283,22.12587,4263,301,2,217,1.0570094146189808e+19,GALAXY,0.8168652,9388,58074,530
77458,1.2376737018198103e+18,43.3194108633787,-1.88832569620154,22.7235,23.64286,22.31473,21.52335,21.86568,6572,301,5,208,1.0552033568192e+19,GALAXY,0.7799585,9372,58074,362
10989,1.2376785986307366e+18,7.80275399893605,3.57886085666619,21.6944,21.66593,21.44687,20.74237,19.86753,7712,301,6,381,1.0631893296740588e+19,GALAXY,0.8613037,9443,58074,74
38809,1.2376794350628383e+18,17.1384041227587,-2.2457332452432,25.57569,23.07071,22.5473,21.67619,20.63672,7907,301,4,186,1.0569960555527e+19,GALAXY,0.775754,9388,58074,44
66101,1.2376788896022533e+18,43.1821861470418,-1.76305767980077,22.47214,22.60829,22.11535,21.16522,20.96234,7780,301,4,190,1.0552045662819869e+19,GALAXY,0.8552169,9372,58074,406
52471,1.2376637831304325e+18,15.4397471014148,-0.641470907032375,23.40876,22.58765,21.96581,21.51195,22.82774,4263,301,2,219,1.057010321716074e+19,GALAXY,0.7379757,9388,58074,563
70774,1.2376663381155512e+18,17.3596412229889,-0.957041633950039,24.04532,22.92441,22.1282,22.21296,23.21907,4858,301,1,470,1.0570212893445607e+19,QSO,2.114132,9388,58074,962
65225,1.237678889602188e+18,43.0796878655164,-1.81417534159025,23.55471,22.60162,21.93849,21.26514,21.50328,7780,301,4,189,1.0552044288430332e+19,GALAXY,0.6667575,9372,58074,401
76612,1.2376637831428833e+18,43.9634465796111,-0.782866578991737,24.00813,23.77946,23.21556,22.40851,21.74039,4263,301,2,409,1.055200663015708e+19,GALAXY,0.967289,9372,58074,264
40592,1.2376570700920916e+18,42.7009228623412,-0.546629104966146,24.51299,23.85205,22.89016,24.0817,21.50712,2700,301,2,151,1.0552087994017536e+19,GALAXY,0.9498131,9372,58074,560
15848,1.237663783142949e+18,44.1188761575549,-0.697981427026123,22.84785,22.77835,22.66841,22.86375,22.70573,4263,301,2,410,1.055199975820941e+19,GALAXY,1.122191,9372,58074,239
69746,1.2376785986298191e+18,5.7052149563047,3.72018241962994,22.93431,22.86729,22.0027,21.70214,21.28751,7712,301,6,367,1.063200379765918e+19,GALAXY,0.7741182,9443,58074,476
73704,1.2376786216939692e+18,7.98758515388607,3.96881906464075,22.5412,22.79205,22.33485,21.51706,21.36595,7718,301,1,42,1.0632141786368465e+19,GALAXY,0.8039922,9443,58074,978
68344,1.237678598629885e+18,5.84255862361329,3.75372648146195,22.94649,22.46949,21.73551,21.2358,20.64996,7712,301,6,368,1.06319928025429e+19,GALAXY,0.6933077,9443,58074,436
51651,1.237663783130498e+18,15.5763781601524,-0.817172754573385,23.37791,22.32098,21.4567,20.68529,20.22648,4263,301,2,220,1.0570104591550271e+19,GALAXY,0.8698113,9388,58074,568
53130,1.2376637831304325e+18,15.5052383107306,-0.642327155412318,22.94099,22.57569,21.68618,21.10222,20.6356,4263,301,2,219,1.0570103492038644e+19,GALAXY,0.8602949,9388,58074,564
79077,1.2376663381141765e+18,14.1295099236406,-0.923787532133026,23.25905,23.42235,22.75911,22.04317,22.31963,4858,301,1,449,1.0481174166950402e+19,GALAXY,1.008098,9309,58074,625
55037,1.237657070092551e+18,43.7562150342413,-0.561673310935968,22.67352,23.03782,22.57811,22.13304,21.2515,2700,301,2,158,1.0552136922285e+19,GALAXY,0.7191564,9372,58074,738
33083,1.2376788810273267e+18,15.3642786749214,-2.05030548378981,22.95685,22.89313,21.95484,21.41678,20.39335,7778,301,4,419,1.057007243083516e+19,GALAXY,0.8179536,9388,58074,451
41525,1.237678622230381e+18,6.91258863007681,4.50055604811254,22.44714,22.8809,22.45703,22.51513,21.58997,7718,301,2,35,1.0632092308345217e+19,GALAXY,0.8574421,9443,58074,798
54635,1.237663783130432e+18,15.4291596127939,-0.683284726068014,25.48358,22.70959,22.69166,21.69613,21.08249,4263,301,2,219,1.0570103766916553e+19,GALAXY,0.9714234,9388,58074,565
36279,1.2376788799529293e+18,13.8823696217865,-2.93431665111402,22.49717,22.48335,21.59265,21.34073,21.30156,7778,301,2,409,1.0481128812095756e+19,GALAXY,0.8129945,9309,58074,460
16053,1.2376785986305395e+18,7.31175849032928,3.59216897358379,24.65166,23.25862,23.282,21.90052,23.05937,7712,301,6,378,1.0631915286973143e+19,GALAXY,1.101112,9443,58074,154
78259,1.2376663381139791e+18,13.7363156176702,-1.03295784151205,23.56721,23.53477,22.19686,21.76117,20.82865,4858,301,1,446,1.0481153001351567e+19,GALAXY,0.9937876,9309,58074,548
71713,1.2376786216939692e+18,7.96222554979892,3.9730173842999,22.2966,22.67016,21.94956,21.48659,20.62371,7718,301,1,42,1.0632141511490556e+19,GALAXY,1.095571,9443,58074,977
79654,1.2376663386514396e+18,15.0498128953428,-0.612813449671795,23.45222,23.12739,22.52813,22.39132,22.21032,4858,301,2,455,1.0570087274242136e+19,GALAXY,0.7856264,9388,58074,505
83469,1.2376637831305623e+18,15.7930337747429,-0.72093453658165,17.88744,16.82588,16.53753,16.40279,16.38582,4263,301,2,221,1.0570125207393294e+19,STAR,5.581818e-05,9388,58074,643
1170,1.237663782593168e+18,14.6197548718248,-1.24635412762821,24.27612,22.71917,21.91153,21.29066,21.34097,4263,301,1,213,1.048121045083412e+19,GALAXY,0.7674433,9309,58074,757
74698,1.2376786216939692e+18,8.00480904238884,4.06277249893027,22.19129,21.89356,21.55368,20.97653,20.7679,7718,301,1,42,1.0632138762711489e+19,GALAXY,0.8111948,9443,58074,967
84790,1.2376785986304087e+18,7.04292987345997,3.61052988887004,25.05272,22.91309,22.25125,21.69614,20.82194,7712,301,6,376,1.0631938376717326e+19,GALAXY,1.109099,9443,58074,238
19293,1.237678881028047e+18,16.9871755272888,-2.19611434133969,22.37601,22.30969,22.17265,21.60345,23.2826,7778,301,4,430,1.0569975398934e+19,GALAXY,0.7990431,9388,58074,98
85037,1.2376802774085804e+18,2.99552029380857,27.9772425116377,22.31507,23.26662,22.92155,21.06886,19.96838,8103,301,5,114,8.721254623846095e+18,GALAXY,0.8152366,7746,58074,123
78186,1.2376570700927475e+18,44.2107413473614,-0.522429760134041,23.31734,22.09566,22.39301,20.99396,20.7117,2700,301,2,161,1.0552175130314e+19,QSO,6.637523,9372,58074,877
70270,1.2376786216937073e+18,7.40716875455115,4.05891563547466,23.52597,23.41314,22.50655,21.29545,20.8039,7718,301,1,38,1.0632118421746377e+19,GALAXY,0.7734766,9443,58074,893
6144,1.2376737012830052e+18,43.7322845224207,-1.9655504641324,22.44333,23.06883,23.01432,22.56932,21.87008,6572,301,4,209,1.0552013502104754e+19,GALAXY,1.020076,9372,58074,289
81051,1.2376663381149624e+18,15.9846354789664,-0.910807475332804,23.55915,22.82925,21.81799,20.99715,20.73242,4858,301,1,461,1.0570137027143293e+19,GALAXY,0.8433436,9388,58074,686
83320,1.2376785986308024e+18,7.85813404374181,3.75205437146038,26.52192,23.40068,22.2569,21.35848,22.44067,7712,301,6,382,1.0631883401135935e+19,GALAXY,0.9403011,9443,58074,38
96286,1.2376802774085143e+18,2.87851614233222,27.9473742772153,21.68204,21.99684,21.74565,21.77541,21.27278,8103,301,5,113,8.721265344084466e+18,QSO,1.048781,7746,58074,162
74459,1.237678598629753e+18,5.44948555398491,3.5794966323196,22.61639,22.5149,21.76497,21.06042,20.63014,7712,301,6,366,1.063200902033941e+19,GALAXY,0.8696629,9443,58074,495
9069,1.2376663000162637e+18,44.6979735041368,-0.532509571302023,23.94186,22.97265,22.39564,22.27033,21.63625,4849,301,2,753,1.0552189973721e+19,GALAXY,0.6384057,9372,58074,931
34956,1.2376788896024494e+18,43.6374353555957,-1.91094929497177,19.09179,18.14029,17.7529,17.59616,17.51859,7780,301,4,193,1.0552024222343125e+19,STAR,9.092459e-07,9372,58074,328
53963,1.2376786222303813e+18,6.99786872661991,4.40740045213181,23.34395,22.58701,22.34938,22.07246,20.91933,7718,301,2,35,1.0632092033467308e+19,GALAXY,0.7730237,9443,58074,797
66528,1.2376803316408653e+18,1.8872110084443,29.2459002005741,20.38606,20.01607,19.59868,19.79572,19.68369,8116,301,2,241,8.721325267468179e+18,QSO,1.087211,7746,58074,380
78350,1.2376803316406036e+18,1.24484446327114,29.1363955085669,26.14717,23.67616,21.86553,20.82245,19.78535,8116,301,2,237,8.721350281357712e+18,GALAXY,0.6465605,7746,58074,471
67950,1.237678598630016e+18,6.14820518888882,3.75606354393821,22.45491,23.47873,22.83306,21.86852,21.7927,7712,301,6,370,1.0631980982792905e+19,GALAXY,0.9158141,9443,58074,393
74287,1.2376786216936417e+18,7.28411766678983,4.07741682644006,24.7438,23.06901,22.62095,22.31283,22.30757,7718,301,1,37,1.063210797638591e+19,GALAXY,1.058855,9443,58074,855
70513,1.2376786216939694e+18,8.00691278038528,4.15285794319346,26.08358,23.01508,22.92184,21.74565,21.84521,7718,301,1,42,1.0632138212955677e+19,GALAXY,0.9443879,9443,58074,965
95934,1.237680277408318e+18,2.40854054937313,27.8955336432826,23.50782,21.23427,20.77725,20.54049,20.88528,8103,301,5,110,8.721287609194928e+18,STAR,-0.0008884705,7746,58074,243
65727,1.2376570700921577e+18,42.954265616422,-0.525913306151489,22.3441,22.88105,22.23006,21.71334,21.24381,2700,301,2,152,1.0552098164500093e+19,GALAXY,0.8946701,9372,58074,597
69497,1.237678598629753e+18,5.53949746306841,3.69262860260307,24.01483,22.93052,22.47737,21.93063,22.12968,7712,301,6,366,1.063200544692662e+19,GALAXY,0.6869059,9443,58074,482
66041,1.2376788895921605e+18,20.1412080685622,-2.38009996212151,23.52334,21.68423,20.79035,20.06859,22.00799,7780,301,4,36,1.050824249399236e+19,GALAXY,0.8432658,9333,58076,795
88486,1.2376792552020383e+18,19.9767005841313,-4.09454591553536,22.53812,22.71287,22.48099,21.86913,22.48828,7865,301,5,48,1.050809405992261e+19,GALAXY,0.9366409,9333,58076,255
65410,1.237678889592161e+18,20.1698671624897,-2.28968414076417,22.96082,22.16035,21.37966,21.41195,21.39231,7780,301,4,36,1.050825321423073e+19,GALAXY,0.2194219,9333,58076,834
33304,1.2376637826026043e+18,36.1252389277983,-1.13880820760733,24.63464,22.52286,21.81828,22.12677,22.8273,4263,301,1,357,1.0555321107992564e+19,GALAXY,0.6126943,9375,58076,34
66707,1.2376792552025623e+18,21.2196232654455,-3.99973790980619,22.3692,22.23088,21.78449,21.11936,20.44499,7865,301,5,56,1.0508025065568e+19,GALAXY,0.792535,9333,58076,4
76209,1.2376792552021038e+18,20.1553260250394,-4.18296309669727,23.91154,22.34628,21.86346,21.36852,20.61955,7865,301,5,49,1.050808333968424e+19,GALAXY,1.45773,9333,58076,216
81133,1.2376802774094318e+18,5.34815885478577,28.1145489931342,19.64583,17.73354,16.77962,16.338,15.96871,8103,301,5,127,8.716777962287158e+18,GALAXY,0.09663366,7742,58076,221
89344,1.2376792552014487e+18,18.7128028933845,-4.13994085412182,22.34399,22.60523,22.26101,21.86699,21.37655,7865,301,5,39,1.0508149585259813e+19,QSO,0.6674087,9333,58076,457
61795,1.2376792552023004e+18,20.6163296009791,-4.03231265906331,21.63803,21.71495,21.28406,20.61392,20.01887,7865,301,5,52,1.050805255335866e+19,GALAXY,0.9283816,9333,58076,104
5375,1.2376793244650703e+18,19.1607534878639,-3.84480494186834,24.82747,23.62323,23.3008,21.86113,21.29159,7881,301,6,150,1.050813116844e+19,GALAXY,0.7246057,9333,58076,390
13540,1.2376786174218732e+18,9.22386548807322,1.26949566998423,23.21872,22.86228,22.17817,21.89227,21.68863,7717,301,1,391,1.0630783339785902e+19,GALAXY,1.194755,9442,58076,132
5366,1.2376792546650363e+18,19.7141337032335,-4.52537483770123,25.36346,22.96205,22.05567,21.30133,22.62099,7865,301,4,46,1.0508103680649351e+19,GALAXY,0.9445612,9333,58076,290
39876,1.2376788895920952e+18,19.917204322635,-2.24904765815729,22.12342,22.24291,21.83015,21.39512,20.89252,7780,301,4,35,1.0508229574730732e+19,GALAXY,0.8084235,9333,58076,748
31378,1.237679435063624e+18,18.9155290873558,-2.3653396790194,23.04957,22.77672,23.72239,22.96038,21.5682,7907,301,4,198,1.0508172949881903e+19,GALAXY,1.176404,9333,58076,542
67001,1.2376788895987144e+18,35.0645249739509,-2.03844248090779,22.88979,22.20464,21.36095,20.72942,20.15394,7780,301,4,136,1.055536921162628e+19,GALAXY,0.6699051,9375,58076,209
5165,1.2376786179589414e+18,9.70843539990432,1.72534556887834,23.44645,22.66171,22.12398,21.55759,20.964,7717,301,2,394,1.0630755302239392e+19,GALAXY,0.7689165,9442,58076,30
80867,1.237666406847677e+18,36.2633417490928,-0.977025018153501,22.0528,22.23989,22.01884,22.02402,21.07,4874,301,1,663,1.0555585540539e+19,GALAXY,0.7791163,9375,58076,996
13644,1.2376793244653983e+18,20.0422866635018,-3.93590728254806,25.44419,23.09552,22.26581,21.72645,21.76666,7881,301,6,155,1.0508085263829588e+19,GALAXY,0.7546697,9333,58076,223
5691,1.2376786174219397e+18,9.44287445042835,1.34838732734941,23.85477,24.15403,22.19213,21.63275,21.98098,7717,301,1,392,1.0630772619547531e+19,GALAXY,0.792257,9442,58076,93
29765,1.2376786174214804e+18,8.32256558159656,1.32444521111628,22.76031,23.19506,23.19353,22.04189,21.69278,7717,301,1,385,1.0630838865123105e+19,GALAXY,0.7895463,9442,58076,334
65265,1.2376792552018417e+18,19.5052711987599,-4.0406710911871,22.28842,22.78354,21.80146,21.02462,20.50076,7865,301,5,45,1.0508118798934235e+19,GALAXY,0.7871326,9333,58076,345
41708,1.2376794334531428e+18,19.2000470355395,-3.58773008998203,24.16988,22.67457,22.39018,21.44361,21.59405,7907,301,1,200,1.0508132817707487e+19,GALAXY,0.9701619,9333,58076,396
32224,1.237663782602343e+18,35.5861747071954,-1.13491500508528,23.45254,23.06751,21.85907,21.25912,20.2816,4263,301,1,353,1.0555344472614656e+19,GALAXY,0.7344354,9375,58076,119
48966,1.237678619031634e+18,7.3287905249955,2.49830794513976,20.1501,19.3855,19.24772,19.17921,18.98401,7717,301,4,378,1.0630886419001e+19,QSO,2.605274,9442,58076,507
77407,1.237679255202366e+18,20.7697695772913,-4.11474404617991,23.30153,22.45657,21.85496,21.37175,20.91982,7865,301,5,53,1.050805090409122e+19,GALAXY,0.9790374,9333,58076,98
31101,1.2376794350636244e+18,18.9100503970187,-2.29505125383549,22.90006,23.08623,22.55896,22.28658,23.07119,7907,301,4,198,1.0508172675004e+19,GALAXY,0.8479655,9333,58076,541
98264,1.2376664068467594e+18,34.1546911866243,-0.893779441535294,22.60159,22.31719,21.94673,21.41819,20.75458,4874,301,1,649,1.0555480537178591e+19,GALAXY,0.8803409,9375,58076,614
31895,1.2376794345268844e+18,19.3286290611481,-2.76523554090823,22.14283,22.93705,22.16909,21.95829,21.0439,7907,301,3,200,1.0508201537184223e+19,GALAXY,0.8588876,9333,58076,646
80692,1.2376794345274744e+18,20.6756160327513,-2.64100172715849,22.0813,21.9466,21.36202,20.54423,20.38855,7907,301,3,209,1.0508276303974914e+19,GALAXY,0.7680516,9333,58076,918
40729,1.2376788895988457e+18,35.4585450675879,-2.1141700950945,22.29344,22.54469,21.89929,20.97396,20.73999,7780,301,4,138,1.0555347496271632e+19,GALAXY,0.7453811,9375,58076,130
67576,1.237679255201645e+18,19.0751796180294,-4.01600938461651,21.47768,22.06488,21.10342,20.43646,19.67439,7865,301,5,42,1.0508139964533068e+19,GALAXY,0.839372,9333,58076,422
24662,1.2376788810296855e+18,20.6650826581479,-2.18488573609622,23.72514,23.05638,22.32834,21.25179,20.87217,7778,301,4,455,1.050828290104468e+19,GALAXY,0.8607515,9333,58076,942
85948,1.2376570700883569e+18,34.1462759672346,-0.596832603483302,24.44532,23.11214,22.32348,21.37062,21.14296,2700,301,2,94,1.0555477238643708e+19,GALAXY,0.8168913,9375,58076,602
99033,1.2376788895991076e+18,35.9611775396379,-1.9496464704755,24.46984,22.26394,21.39335,20.94973,20.98466,7780,301,4,142,1.0555324681405356e+19,GALAXY,0.8389615,9375,58076,47
68276,1.2376792552018414e+18,19.6051282830228,-4.05015799253412,22.95661,23.04025,21.83156,21.13104,20.93888,7865,301,5,45,1.0508108078695864e+19,GALAXY,0.8572111,9333,58076,306
86073,1.237679255202497e+18,21.0569984652107,-4.1627955525465,22.89003,22.45271,22.70175,21.92262,20.77308,7865,301,5,55,1.0508038809463314e+19,GALAXY,0.7961159,9333,58076,54
87326,1.2376570700883569e+18,34.1505196009964,-0.504408044931886,23.61695,22.95066,21.88188,20.84246,20.71524,2700,301,2,94,1.055548713424836e+19,GALAXY,1.039565,9375,58076,638
79995,1.2376664068467594e+18,34.174876986443,-0.851553296960861,23.69311,22.73928,22.43131,21.70934,21.37193,4874,301,1,649,1.055547916278906e+19,GALAXY,0.7589933,9375,58076,609
73006,1.2376570700888806e+18,35.3885378384972,-0.5198713755255,23.56966,21.88996,21.37039,21.00712,20.10634,2700,301,2,102,1.0555553929579747e+19,GALAXY,0.890833,9375,58076,881
79996,1.2376664068470868e+18,34.8506871583803,-0.854422143143679,23.16107,22.23847,21.50662,21.1294,20.36789,4874,301,1,654,1.055552204374254e+19,GALAXY,0.9223744,9375,58076,765
57437,1.2376570700885532e+18,34.6432705111385,-0.430107237886709,22.83787,22.69086,21.98252,21.51834,21.23866,2700,301,2,97,1.0555508849603e+19,GALAXY,0.927583,9375,58076,717
55810,1.237657070088684e+18,34.9418820779285,-0.494434125017513,22.56569,22.56514,22.33082,21.53341,21.32088,2700,301,2,99,1.0555520669353e+19,GALAXY,0.8330301,9375,58076,760
78710,1.2376570700881605e+18,33.7897165740678,-0.568429078963368,20.15108,21.09383,19.34737,18.12916,22.20082,2700,301,2,91,1.0555456073044875e+19,QSO,1.728116,9375,58076,525
62371,1.2376792552023004e+18,20.5686508636628,-4.08675836059174,22.68543,22.68722,21.83913,21.28436,20.80133,7865,301,5,52,1.0508061899207496e+19,GALAXY,0.7386843,9333,58076,138
86273,1.237657070088488e+18,34.5508293336868,-0.55230521551132,22.84441,23.42286,22.57922,21.17345,20.79371,2700,301,2,96,1.055549895399836e+19,GALAXY,0.9269627,9375,58076,681
86274,1.237657070088554e+18,34.686359826893,-0.539604123479123,22.45952,21.59382,20.97122,19.92437,19.85697,2700,301,2,97,1.0555509674236727e+19,GALAXY,0.7902175,9375,58076,720
86275,1.2376570700885535e+18,34.7210062850745,-0.564386713571738,22.72735,22.04241,21.9785,21.11165,20.0143,2700,301,2,97,1.0555510223992543e+19,GALAXY,1.056633,9375,58076,722
78671,1.23765707008816e+18,33.8194029557453,-0.50181276409398,23.35583,23.08721,22.74956,22.51635,22.61539,2700,301,2,91,1.0555465144015804e+19,GALAXY,1.112424,9375,58076,558
18372,1.2376785975576497e+18,9.25857348217374,2.73511993209758,19.43426,19.04672,19.02435,18.81263,18.46884,7712,301,4,391,1.0630989223338203e+19,QSO,2.219666,9442,58076,881
16162,1.2376786174216776e+18,8.81246242737564,1.42230037110646,23.29329,23.17259,21.8104,20.92943,20.18546,7717,301,1,388,1.0630817424646363e+19,GALAXY,1.341057,9442,58076,256
68183,1.2376792552025623e+18,21.2028799782951,-4.02356498751602,25.31363,22.46592,21.71858,20.9748,21.06523,7865,301,5,56,1.050802479069006e+19,GALAXY,0.8807685,9333,58076,3
64264,1.237679255202366e+18,20.7040845292932,-4.14077060466769,22.78926,22.16382,21.6894,20.90456,20.35724,7865,301,5,53,1.0508051453847e+19,GALAXY,0.7816578,9333,58076,100
56243,1.237657070088815e+18,35.3005967671291,-0.442489728159359,22.46083,22.32346,21.97764,21.22302,20.72257,2700,301,2,101,1.0555542384707656e+19,GALAXY,0.850073,9375,58076,839
56242,1.2376570700885527e+18,34.5969839950479,-0.536021811010854,23.03181,22.57348,21.6588,20.95672,20.68733,2700,301,2,97,1.0555496754975105e+19,GALAXY,0.7814837,9375,58076,673
85524,1.2376803316421765e+18,5.32267041941259,29.3659618687701,22.56065,22.38002,21.38425,20.28029,19.47657,8116,301,2,261,8.716791706182505e+18,QSO,1.351779,7742,58076,271
17473,1.237663782602671e+18,36.3116874852084,-1.17526988221654,22.69278,22.80197,22.08596,21.27327,20.57446,4263,301,1,358,1.0555315885312332e+19,GALAXY,0.8331605,9375,58076,15
63184,1.2376792552024315e+18,20.9112994738541,-4.07246625616604,24.37283,22.73117,22.14392,21.50735,21.55606,7865,301,5,54,1.0508040458730756e+19,GALAXY,0.8326606,9333,58076,60
99419,1.2376664068472177e+18,35.2435687082153,-0.92717881671451,23.61917,23.26632,22.25943,21.53307,21.95072,4874,301,1,656,1.0555544858608818e+19,GALAXY,0.764518,9375,58076,848
74601,1.2376570700884874e+18,34.4755827933997,-0.465567154006935,23.04083,22.4887,21.58847,21.27835,20.48413,2700,301,2,96,1.0555498129364636e+19,GALAXY,1.192152,9375,58076,678
68790,1.2376792552018417e+18,19.5139219572771,-4.07639809973047,23.95076,22.03179,21.24467,21.00357,21.24619,7865,301,5,45,1.0508119073812142e+19,QSO,1.809652,9333,58076,346
25763,1.2376788810363052e+18,35.8822874246089,-1.8268703007705,23.81219,22.56372,21.67987,20.87932,21.22584,7778,301,4,556,1.0555327430184423e+19,GALAXY,1.077541,9375,58076,57
78495,1.237678617421808e+18,9.01049978765673,1.42042058651532,23.14382,22.65869,22.10116,21.41699,20.82565,7717,301,1,390,1.0630796533925435e+19,GALAXY,1.193064,9442,58076,180
85280,1.2376792552024968e+18,20.9724051111103,-4.15024631204842,22.67726,22.65803,23.47047,22.70618,21.58186,7865,301,5,55,1.0508037984829592e+19,GALAXY,1.044304,9333,58076,51
45363,1.237678887981679e+18,20.4696570695538,-3.65749665253678,22.79082,23.2088,22.54908,21.78555,20.8486,7780,301,1,38,1.050806519774238e+19,GALAXY,0.8538353,9333,58076,150
22678,1.2376788895990415e+18,35.8314730357467,-2.07987536161657,18.73265,17.7614,17.40567,17.28337,17.25047,7780,301,4,141,1.0555323032137914e+19,STAR,0.0001606302,9375,58076,41
64197,1.237680331642504e+18,6.13425451848855,29.2312801001522,23.58526,20.91426,19.23924,18.61798,18.24736,8116,301,2,266,8.716748550351116e+18,GALAXY,0.3286799,7742,58076,114
67710,1.237679255202366e+18,20.7355258216788,-4.15681707173623,23.21932,22.62817,22.2241,21.45534,21.05659,7865,301,5,53,1.050805062921331e+19,GALAXY,0.7815369,9333,58076,97
85315,1.2376570700884874e+18,34.4697050926341,-0.49109132618555,23.20978,22.65256,22.42967,21.89106,21.65622,2700,301,2,96,1.0555498404242545e+19,GALAXY,0.8197529,9375,58076,679
55602,1.2376570700883564e+18,34.1895659582822,-0.451603960515737,23.11754,22.37682,21.95827,21.08514,20.73923,2700,301,2,94,1.0555486859370453e+19,GALAXY,0.7802703,9375,58076,637
63321,1.2376570700891428e+18,35.9494672598977,-0.576769102057337,23.54797,23.49595,22.92583,22.20565,21.48576,2700,301,2,106,1.0555576469568117e+19,GALAXY,0.8113018,9375,58076,963
87578,1.2376570700886843e+18,34.9994518234051,-0.545424992482656,23.57191,22.62992,23.01453,22.31318,21.05745,2700,301,2,99,1.0555521768864637e+19,GALAXY,1.131398,9375,58076,764
80341,1.2376664068471526e+18,35.0761186179542,-0.845341455079563,21.8757,22.10788,21.55649,20.87686,20.4384,4874,301,1,655,1.0555535237882075e+19,GALAXY,0.7186034,9375,58076,813
84219,1.2376792552019077e+18,19.6704111280304,-4.20302977730648,25.32807,22.3664,22.13553,20.69584,20.3523,7865,301,5,46,1.05081056047947e+19,GALAXY,0.7837562,9333,58076,297
98268,1.2376788895947167e+18,25.9307851430385,-2.33291083285344,22.70462,22.22869,21.6371,21.18738,21.32476,7780,301,4,75,1.0497940894690597e+19,GALAXY,0.9561343,9324,58077,182
48079,1.2376788895951752e+18,26.9290699556335,-2.21526109297087,25.16133,22.83855,22.08757,21.57481,22.64944,7780,301,4,82,1.0497899388126648e+19,GALAXY,0.8062003,9324,58077,31
73368,1.2376637831291215e+18,12.4650322943847,-0.687832585119769,24.50848,22.57971,22.31979,21.13805,21.11143,4263,301,2,199,1.0592738588214188e+19,GALAXY,0.9181035,9408,58077,990
74849,1.237678621693904e+18,7.83653810728134,3.96429138662577,22.25042,22.32018,22.39936,21.13188,20.70228,7718,301,1,41,1.0636534610249669e+19,GALAXY,0.7761142,9447,58077,575
80841,1.2376637831287276e+18,11.5774813635521,-0.736097363518261,19.05818,18.61592,18.55149,18.79715,18.67326,4263,301,2,193,1.059271055066768e+19,QSO,0.7260943,9408,58077,888
30277,1.237678598630605e+18,7.4108785639479,3.74521987676166,24.49249,23.09731,22.59336,21.54725,21.87695,7712,301,6,379,1.0636512345139206e+19,GALAXY,0.7725512,9447,58077,494
72893,1.2376786216941005e+18,8.36330026512621,4.12168523107453,25.07859,23.75239,22.49918,21.24532,21.87028,7718,301,1,44,1.0636567870476409e+19,GALAXY,0.8615929,9447,58077,696
74288,1.237678621694362e+18,8.86577596686107,4.05918391426244,24.74366,22.69077,22.0103,21.20321,21.46271,7718,301,1,48,1.0636590410464778e+19,GALAXY,0.9105427,9447,58077,778
13429,1.2376637825915295e+18,10.8126922812244,-1.24455824363925,24.31853,22.91763,22.27655,21.91298,21.27127,4263,301,1,188,1.0592562666353744e+19,GALAXY,0.9723135,9408,58077,350
33133,1.2376764419962972e+18,4.07770406905843,31.2520691405699,22.99954,23.70951,22.21017,20.8435,20.02934,7210,301,5,15,8.720124875698887e+18,GALAXY,0.5296333,7745,58077,109
5575,1.2376788815686538e+18,25.5833519109457,-1.66093812970014,22.44271,22.62648,22.30586,21.67906,22.30647,7778,301,5,487,1.0498092627295228e+19,GALAXY,0.7815676,9324,58077,734
46597,1.2376788895948475e+18,26.2124115017329,-2.21693967115662,21.86529,22.64618,22.17175,21.31689,21.02266,7780,301,4,77,1.0497932648353389e+19,GALAXY,0.9174982,9324,58077,152
52339,1.2376786222309711e+18,8.3702512832175,4.48950035284747,23.79384,22.41447,22.38409,21.74895,21.41467,7718,301,2,44,1.0636563197552e+19,QSO,0.8060138,9447,58077,679
46678,1.237678889594258e+18,24.9750596667205,-2.3177573076724,24.00079,23.14446,22.41088,21.9088,21.41905,7780,301,4,68,1.0498010163923149e+19,GALAXY,0.8590075,9324,58077,434
12288,1.2376764414594916e+18,4.6056339535067,31.1887634138929,22.43612,22.48971,22.06512,21.91774,21.19121,7210,301,4,16,8.720104259855866e+18,QSO,1.148567,7745,58077,34
48687,1.23767888959452e+18,25.458593075724,-2.23193984991336,22.99123,22.59348,22.27044,21.71955,21.55852,7780,301,4,72,1.0497977178574311e+19,GALAXY,0.7714502,9324,58077,314
47194,1.237678619032355e+18,8.99866311584026,2.67364329816656,19.68512,19.25322,19.1351,19.03036,18.82174,7717,301,4,389,1.0636421635429917e+19,QSO,2.186984,9447,58077,164
71985,1.2376637831290565e+18,12.4139743293848,-0.634303512731215,22.84234,23.4928,22.48439,22.25638,21.07033,4263,301,2,198,1.0592739412847909e+19,GALAXY,1.07507,9408,58077,993
18298,1.2376637842022085e+18,10.9464086147745,0.167875617224367,25.04534,22.35404,21.56535,20.91775,20.32561,4263,301,4,189,1.0592659698254895e+19,GALAXY,1.018415,9408,58077,703
82443,1.2376785986310643e+18,8.4960691552867,3.63979302628998,20.92367,19.80058,19.26196,19.07283,18.00495,7712,301,6,386,1.0636463141993863e+19,GALAXY,0.7283801,9447,58077,315
55291,1.23765719091046e+18,12.011182256343,-0.173569938750391,17.80666,16.84579,16.54552,16.43382,16.42947,2728,301,3,493,1.0592729242365352e+19,STAR,-0.0005360599,9408,58077,956
7968,1.2376788815688504e+18,26.0166203228293,-1.5689035133166,22.54574,22.18285,21.78362,20.80078,21.18379,7778,301,5,490,1.0498114617527783e+19,GALAXY,0.7895278,9324,58077,814
23365,1.237678621694821e+18,9.89770444102396,4.05632767143852,23.19035,23.15358,22.37719,22.02443,21.06861,7718,301,1,55,1.0636640987999656e+19,GALAXY,0.8206948,9447,58077,962
45193,1.2376786619651195e+18,9.67111141854451,4.99529528469555,21.89883,22.10371,21.80068,21.00661,20.75754,7727,301,4,131,1.0636625319959e+19,GALAXY,0.8561109,9447,58077,905
34924,1.2376785975577147e+18,9.41833648941451,2.74595467577303,18.19856,17.21931,16.94326,16.8337,16.81518,7712,301,4,392,1.0636398820563638e+19,STAR,0.000130017,9447,58077,81
73967,1.2376785986312604e+18,8.91434929402135,3.60473630045224,23.96681,22.56704,21.92427,21.34476,21.00976,7712,301,6,389,1.0636429057133402e+19,GALAXY,0.847292,9447,58077,191
76049,1.2376637831280727e+18,10.1439050645958,-0.687748522972843,22.58707,22.62198,22.39927,21.64332,21.75814,4263,301,2,183,1.0592623689249083e+19,GALAXY,0.8977607,9408,58077,572
76846,1.237678598631e+18,8.40964013973837,3.5617349933626,21.77503,22.05051,21.38184,20.58679,20.08527,7712,301,6,385,1.063647496174386e+19,GALAXY,0.889556,9447,58077,358
74628,1.2376786216947556e+18,9.81217688837467,3.97630213970321,22.52925,22.5059,21.9848,21.62418,21.12943,7718,301,1,54,1.0636397446174104e+19,GALAXY,0.8087498,9447,58077,76
61024,1.237676441459426e+18,4.38367637355827,31.0429348554002,22.91196,23.52088,22.06796,20.50195,19.75932,7210,301,4,15,8.720113330826795e+18,STAR,-5.14038e-06,7745,58077,67
47882,1.2376788895943237e+18,25.0951498686459,-2.26874977283633,22.10223,22.43138,21.65338,21.31271,20.67674,7780,301,4,69,1.049799806929524e+19,GALAXY,0.930557,9324,58077,390
3669,1.237678661427659e+18,8.44740727497947,4.6098580464895,21.19512,20.76142,20.87442,20.70557,20.69036,7727,301,3,122,1.063657226852292e+19,QSO,1.684609,9447,58077,712
83832,1.2376785986306053e+18,7.49409983211484,3.70906453436563,25.70244,22.86276,22.56224,21.52248,21.91991,7712,301,6,379,1.06365120702613e+19,GALAXY,0.8535129,9447,58077,493
63503,1.2376785986305395e+18,7.36634857518567,3.63714409350826,24.40368,22.30396,21.93783,21.33078,21.55197,7712,301,6,378,1.0636511795383392e+19,GALAXY,0.764535,9447,58077,492
23286,1.237663784202536e+18,11.6793062010225,0.181702123107718,22.67889,22.34414,21.81915,20.96011,20.53935,4263,301,4,194,1.059270422847582e+19,GALAXY,0.0424313,9408,58077,865
66575,1.2376788895952407e+18,27.1126785420372,-2.21318359216746,22.55295,22.16546,21.88532,21.16337,21.61977,7780,301,4,83,1.0497892516179e+19,GALAXY,0.7678141,9324,58077,6
70398,1.237678598631e+18,8.39725050833954,3.72477191665181,23.68208,22.49958,21.62689,21.19315,20.92545,7712,301,6,385,1.0636472212964792e+19,GALAXY,0.7287679,9447,58077,348
22447,1.237678621694297e+18,8.74631169915045,3.9500415564021,23.06878,23.05361,22.92518,21.55365,20.80956,7718,301,1,47,1.0636449398098516e+19,GALAXY,0.9796896,9447,58077,265
47956,1.2376788895943887e+18,25.2094507145025,-2.17576724183815,22.5925,22.07511,21.30123,21.23451,20.27753,7780,301,4,70,1.049799559539408e+19,GALAXY,0.7120366,9324,58077,381
74699,1.2376786216941005e+18,8.24045615832205,3.99252938322951,23.91161,22.74122,22.64641,21.92435,21.05587,7718,301,1,44,1.0636557150238e+19,GALAXY,0.8843925,9447,58077,657
73859,1.2376786216940347e+18,8.17791586994969,3.96896397943182,25.06188,22.48378,21.71642,21.27197,21.49846,7718,301,1,43,1.063648513222642e+19,GALAXY,1.061814,9447,58077,395
72695,1.2376786216937728e+18,7.58908995599626,4.00693934529187,22.84601,22.6796,21.41112,20.96671,20.8371,7718,301,1,39,1.0636522515621763e+19,GALAXY,0.7715826,9447,58077,531
78455,1.237663783128728e+18,11.5286005752981,-0.719482558360709,23.47809,24.08779,23.35711,21.9185,21.7743,4263,301,2,193,1.05927113753014e+19,GALAXY,0.8469172,9408,58077,891
47469,1.2376788895941268e+18,24.5913893910419,-2.15882183277232,23.38284,22.81778,21.83423,21.19059,20.3205,7780,301,4,66,1.0498019784649888e+19,GALAXY,0.8411548,9324,58077,469
72272,1.2376786216937723e+18,7.48107050827082,4.15630670387183,23.65968,22.84802,21.19464,20.56718,19.98922,7718,301,1,39,1.063651454416246e+19,GALAXY,0.9811012,9447,58077,502
5776,1.2376788815681948e+18,24.4523534433932,-1.59278643169586,22.48819,22.51936,22.1776,22.06682,21.36345,7778,301,5,480,1.049802968025454e+19,GALAXY,0.7516022,9324,58077,505
16899,1.2376637825915295e+18,10.8368602934343,-1.23439124967972,22.56853,21.95332,21.54915,20.83245,20.76439,4263,301,1,188,1.059255222099328e+19,GALAXY,1.005827,9408,58077,312
7195,1.2376804787314363e+18,3.51966652192368,32.741687730623,21.87414,22.04862,21.91098,22.11638,21.09846,8150,301,4,57,8.720310418286074e+18,QSO,2.29887,7745,58077,784
70737,1.2376785986317847e+18,10.196681320539,3.61171076019019,22.5047,22.13204,21.30042,21.93362,20.38105,7712,301,6,397,1.063638067862178e+19,GALAXY,1.137874,9447,58077,15
7450,1.2376803337885463e+18,2.29044718863207,30.8963349006517,22.0557,24.51227,22.24148,20.82176,19.61853,8116,301,6,244,8.720222732233759e+18,GALAXY,1.197602,7745,58077,465
23070,1.237663784201881e+18,10.3001253616904,0.168333272075788,22.91832,22.42314,21.88466,20.76857,20.48606,4263,301,4,184,1.059261599266769e+19,GALAXY,0.8233013,9408,58077,544
61944,1.237657190909674e+18,10.2242347318356,-0.0015289881617527,24.10443,22.81202,21.81298,21.71588,21.23022,2728,301,3,481,1.0592618191690949e+19,GALAXY,0.3450527,9408,58077,552
47003,1.237678889594586e+18,25.6929112034247,-2.13671287488884,22.2306,22.36472,21.63701,21.02734,21.54721,7780,301,4,73,1.0497964259312687e+19,GALAXY,0.7726948,9324,58077,267
83833,1.2376785986310643e+18,8.53282131458701,3.70684928243689,22.01463,22.62901,21.86532,21.47708,20.77388,7712,301,6,386,1.0636461767604328e+19,GALAXY,0.4544519,9447,58077,310
23582,1.2376637842021427e+18,10.8421504687571,0.0217526103617598,24.31248,22.96882,21.93303,21.51311,21.20634,4263,301,4,188,1.0592661622400244e+19,GALAXY,0.7179334,9408,58077,710
46896,1.2376788895941263e+18,24.554552770664,-2.14989289727934,22.44402,22.33838,21.67656,21.03877,21.37263,7780,301,4,66,1.0498028030987098e+19,GALAXY,0.7639169,9324,58077,499
40333,1.2376764414604083e+18,6.00282687645546,32.8572032557105,23.69555,22.19,21.89352,22.45667,22.43382,7210,301,4,30,8.715785378198739e+18,STAR,-0.0005415845,7741,58078,706
48170,1.2376803096210967e+18,6.71653129917956,31.2841023795453,20.70589,20.76982,20.50839,20.40178,20.65382,8111,301,1,118,8.715633095838291e+18,QSO,1.266823,7741,58078,152
16986,1.2376764414601464e+18,5.50263517079412,32.3989407031777,19.55534,19.47581,19.46725,19.17918,19.03857,7210,301,4,26,8.715755141628974e+18,QSO,1.730629,7741,58078,596
571,1.2376803337897252e+18,5.51917582307459,30.8422683424381,22.9368,24.60572,22.25064,20.89134,19.99133,8116,301,6,262,8.715699341413865e+18,GALAXY,0.8150764,7741,58078,393
92836,1.237676441460344e+18,5.91645997253499,32.7921963821975,27.20079,25.08556,22.21971,20.53504,19.782,7210,301,4,29,8.715786752588274e+18,GALAXY,0.769908,7741,58078,711
21506,1.2376764414599503e+18,5.25152732692499,32.1061697588637,24.04298,23.69886,21.48466,20.32778,19.61458,7210,301,4,23,8.715746620413859e+18,GALAXY,0.5189619,7741,58078,565
44454,1.237676441459885e+18,5.14053830434852,32.0009364452603,26.74833,23.41152,21.78619,20.38313,19.66299,7210,301,4,22,8.715735625297582e+18,GALAXY,0.7206019,7741,58078,525
44455,1.23767644145995e+18,5.24078304015063,31.970258099575,24.68421,22.77113,21.54528,20.4728,19.69364,7210,301,4,23,8.715747719925488e+18,GALAXY,0.5829557,7741,58078,569
20649,1.2376764414602117e+18,5.79848905309979,32.4979708564624,18.16374,17.63945,17.04443,16.5877,16.41792,7210,301,4,27,8.715777131861532e+18,QSO,0.1129549,7741,58078,676
48838,1.23768030962149e+18,7.76111666589031,31.2499036834202,21.56364,21.55945,21.80519,21.5352,21.17638,8111,301,1,124,8.715592139030157e+18,QSO,1.921621,7741,58078,3
19136,1.2376764419972795e+18,5.64287390513141,33.0248483419572,23.35983,23.1024,21.9835,20.76294,19.80229,7210,301,5,30,8.715762563332463e+18,GALAXY,0.8087505,7741,58078,623
505,1.2376803112320369e+18,7.67761857325428,32.6504212455323,20.67826,20.18382,20.03542,19.85044,19.61178,8111,301,4,123,8.715852448408033e+18,QSO,0.6620342,7741,58078,950
42439,1.237676441460278e+18,5.72653552924777,32.6628737356617,24.18081,24.53742,21.57044,20.49247,19.83034,7210,301,4,28,8.71577630722781e+18,GALAXY,0.5818408,7741,58078,673
20205,1.2376786174313108e+18,30.821483513566,1.05344586458672,24.55829,23.68861,23.0785,22.47612,21.87586,7717,301,1,535,1.056787120864024e+19,GALAXY,0.9361973,9386,58079,635
91155,1.2376786174319007e+18,32.1019450804829,1.17128569871181,23.47267,24.38331,22.18969,21.4079,21.10514,7717,301,1,544,1.0567941852262324e+19,GALAXY,0.7386156,9386,58079,892
89811,1.2376786174319012e+18,32.1096442663825,1.05465979475699,23.25885,21.97525,21.89753,21.02839,20.73944,7717,301,1,544,1.056794322665186e+19,GALAXY,0.9652869,9386,58079,897
89956,1.2376786174317704e+18,31.8849760458361,1.17431165608191,23.60813,23.79216,22.7423,21.51151,22.22549,7717,301,1,542,1.0567924534954189e+19,QSO,1.737514,9386,58079,829
89773,1.2376786174317048e+18,31.6823525128575,1.06554956397632,24.28342,23.99368,23.17197,22.29866,21.78874,7717,301,1,541,1.0567914639349537e+19,GALAXY,1.276906,9386,58079,793
90767,1.2376786174318356e+18,31.9484323267803,1.09600757697003,22.94066,23.09572,22.32212,21.65233,21.39988,7717,301,1,543,1.0567936354704183e+19,GALAXY,0.8673002,9386,58079,872
91936,1.2376786174320325e+18,32.4645502919946,1.04653638004845,21.98528,22.73911,21.52365,21.10472,21.09748,7717,301,1,546,1.0567954496646e+19,GALAXY,0.8845337,9386,58079,938
90202,1.2376786174317043e+18,31.7324065455907,0.997580549623994,23.72808,22.96921,22.00168,21.32034,20.97371,7717,301,1,541,1.0567926184221628e+19,GALAXY,0.7964633,9386,58079,835
87805,1.237663784748057e+18,31.4437487158944,0.563648645223796,24.24484,24.1611,23.36864,22.04558,21.42089,4263,301,5,326,1.0567780224053e+19,STAR,0.001950668,9386,58079,304
23141,1.2376786174315727e+18,31.3343974896793,1.11128061239574,22.70039,22.22109,21.64513,20.8275,20.1769,7717,301,1,539,1.0567893198872795e+19,QSO,0.7437524,9386,58079,715
88403,1.2376786174321636e+18,32.810908108112,1.09466148905275,22.48609,23.04387,21.8855,21.55849,21.44557,7717,301,1,548,1.0567970714442551e+19,GALAXY,0.5848714,9386,58079,997
91154,1.2376786174318356e+18,31.9666965396215,1.04425392686095,24.43751,23.80986,22.34727,21.51156,21.47633,7717,301,1,543,1.056793690446e+19,GALAXY,0.6537868,9386,58079,874
89083,1.2376637847475333e+18,30.3701710628186,0.427764443171328,23.49288,22.95403,22.66169,22.5594,21.87758,4263,301,5,318,1.0567829152320475e+19,GALAXY,0.9997164,9386,58079,482
8622,1.2376786174311145e+18,30.3217027308148,1.00873408755485,23.32149,23.182,22.2599,21.75397,21.63305,7717,301,1,532,1.056784509523908e+19,GALAXY,0.869127,9386,58079,540
25985,1.2376786174320973e+18,32.5418395279216,0.972616917931186,22.47936,22.3878,21.72115,21.30472,20.72688,7717,301,1,547,1.0567965766640228e+19,GALAXY,0.5862938,9386,58079,979
44085,1.237663462607815e+18,351.89621434982,0.653182666277285,22.47367,22.03489,22.15997,21.4872,21.79658,4188,301,5,56,1.033138137580728e+19,QSO,2.163006,9176,58080,450
75728,1.237678617959203e+18,10.2825534034856,1.69276416236265,23.83202,24.46788,23.56362,22.0506,21.87253,7717,301,2,398,1.0598285074670836e+19,GALAXY,0.9227252,9413,58080,688
19682,1.2376634626087324e+18,354.103498604328,0.82259645779674,21.55419,21.80657,21.30308,21.28855,20.88667,4188,301,5,70,1.0331259330016598e+19,QSO,1.10476,9176,58080,6
28159,1.2376634626087327e+18,354.061550902841,0.639307532061659,25.80348,26.43584,21.5328,20.47783,19.7645,4188,301,5,70,1.0331270600010785e+19,GALAXY,0.8285509,9176,58080,47
76726,1.2376785964764372e+18,352.185765454168,1.97447231868284,24.32713,23.35579,21.66233,20.6146,19.96709,7712,301,2,277,1.0331425081394483e+19,GALAXY,0.6043197,9176,58080,609
52285,1.237663462608274e+18,353.039694389934,0.707327479183628,24.51689,24.22556,21.72759,20.40971,19.73116,4188,301,5,63,1.033132832437124e+19,GALAXY,0.6217866,9176,58080,257
62164,1.2376786184965327e+18,11.3434338209652,2.0804346054822,22.24497,22.06237,21.54739,21.30246,20.57976,7717,301,3,405,1.059834582268827e+19,QSO,0.9046212,9413,58080,909
32334,1.2376786184879475e+18,351.736623965165,2.12120666177324,22.17106,22.0354,21.46907,21.49892,21.01985,7717,301,3,274,1.0331401716772395e+19,QSO,1.117894,9176,58080,524
3147,1.2376637826005737e+18,31.5121423232476,-1.05889503528248,22.6358,22.6691,22.49276,21.60714,21.64351,4263,301,1,326,1.0565463278192187e+19,GALAXY,0.827279,9384,58080,67
12603,1.2376785964761743e+18,351.593547611264,1.95006218139788,22.00161,21.55369,20.84567,20.47982,20.50977,7712,301,2,273,1.0331397868481696e+19,QSO,1.772032,9176,58080,510
78469,1.2376634631452756e+18,353.248669973923,1.14785926630851,22.132,22.17691,20.18095,19.37993,18.81404,4188,301,6,65,1.033130935779566e+19,GALAXY,0.4886238,9176,58080,188
87111,1.2376637831372475e+18,31.124356449525,-0.678427928199832,19.42192,19.10173,19.14175,18.92538,18.63135,4263,301,2,323,1.0565691976610765e+19,QSO,0.4404922,9384,58080,899
50728,1.2376785964843013e+18,10.1489606928776,2.03358634337942,22.87651,24.37917,24.42817,22.41215,22.23525,7712,301,2,397,1.0598271330775489e+19,GALAXY,0.7285482,9413,58080,638
78838,1.2376637831373133e+18,31.194805897014,-0.819254749184491,23.06422,22.55809,22.05868,21.48047,21.11226,4263,301,2,324,1.056547729696544e+19,GALAXY,0.7922086,9384,58080,118
18044,1.2376634626083392e+18,353.194079295031,0.775630734404518,21.66116,21.77375,21.35298,21.4339,21.39412,4188,301,5,64,1.0331318153888684e+19,QSO,1.332557,9176,58080,220
6707,1.2376785959474954e+18,10.3626091001917,1.5437341495945,25.04233,22.49654,22.23744,21.50385,22.50053,7712,301,1,398,1.0598285624426648e+19,GALAXY,-0.00219374,9413,58080,690
57384,1.237680507188151e+18,356.08315912383,33.4842077829018,21.86175,21.72291,21.47731,21.29945,21.23062,8157,301,1,96,8.737213210590206e+18,GALAXY,0.977864,7760,58080,836
50322,1.2376637831363963e+18,29.0633285089237,-0.711488065492046,25.53685,23.29301,22.97662,21.74573,21.41968,4263,301,2,310,1.0565582025448e+19,GALAXY,1.6597,9384,58080,499
30090,1.2376634626084708e+18,353.463464675051,0.733687791148464,24.74961,23.58529,21.77692,20.59441,19.81211,4188,301,5,66,1.0331295339022408e+19,GALAXY,0.7394623,9176,58080,137
31694,1.2376786184882757e+18,352.501296199042,2.161701577365,21.1355,20.54706,20.37459,20.41025,20.30572,7717,301,3,279,1.0331445147481692e+19,QSO,0.8765852,9176,58080,682
73186,1.2376664084392187e+18,352.698526254675,0.275440450095441,22.67227,22.55181,21.96026,21.89689,23.41463,4874,301,4,372,1.033134729094682e+19,QSO,1.615581,9176,58080,326
80954,1.2376634631453414e+18,353.495810438867,1.05711884898822,22.00098,20.85157,20.27656,19.78708,19.49183,4188,301,6,66,1.033128874195264e+19,GALAXY,0.1534112,9176,58080,113
60619,1.237678618488603e+18,353.203155436189,2.12509397781899,21.39468,21.44739,21.08755,21.09601,20.66275,7717,301,3,284,1.0331489127946803e+19,QSO,1.250262,9176,58080,842
31865,1.2376634626084708e+18,353.519623627407,0.823110761479734,23.16102,23.52056,21.82337,20.44564,19.79789,4188,301,5,66,1.033129588877822e+19,GALAXY,0.6188199,9176,58080,139
20793,1.2376785964846945e+18,11.0799370499835,1.93264351826016,24.53735,23.99479,22.87107,22.45379,22.74175,7712,301,2,403,1.0598336201961527e+19,GALAXY,0.2515972,9413,58080,874
18045,1.2376634626085358e+18,353.561497488734,0.726764869005137,21.06227,21.02157,21.05479,20.6972,20.28448,4188,301,5,67,1.0331295613900317e+19,QSO,1.985238,9176,58080,138
78004,1.2376785964769613e+18,353.413318718773,1.83154202290291,22.67651,21.92684,22.04525,21.88506,21.31939,7712,301,2,285,1.0331503146720055e+19,QSO,1.768939,9176,58080,893
7537,1.2376634626086016e+18,353.810261104228,0.836698132666021,25.69534,23.49617,21.85456,20.66221,19.96768,4188,301,5,68,1.033127444830148e+19,GALAXY,0.738781,9176,58080,61
42643,1.2376786179592044e+18,10.2888304631642,1.78078455482133,22.56258,21.76606,21.69095,20.32324,19.47487,7717,301,2,398,1.0598284524915e+19,GALAXY,1.015674,9413,58080,686
48997,1.2376786174153198e+18,354.245196305787,1.33489656513146,21.34604,21.27162,20.89753,20.8474,21.35349,7717,301,1,291,1.033126262855148e+19,QSO,1.22494,9176,58080,18
10191,1.2376634626081428e+18,352.68260258583,0.831232190526965,23.24151,22.86021,22.03395,21.91873,21.92107,4188,301,5,61,1.0331351139237515e+19,QSO,1.227611,9176,58080,340
54184,1.237663784210989e+18,31.0789268027783,0.152176573737893,23.87697,23.09066,23.04667,21.63417,21.89132,4263,301,4,323,1.056568070661658e+19,GALAXY,0.8386292,9384,58080,858
79634,1.237663463145276e+18,353.243816968265,1.098987022216,25.68149,23.56681,22.05277,20.68347,19.93076,4188,301,6,65,1.0331311831696824e+19,GALAXY,0.6470256,9176,58080,197
18425,1.2376634626086016e+18,353.724493303716,0.729294717767078,22.1398,21.2805,21.12017,20.83199,20.15217,4188,301,5,68,1.0331283519272407e+19,QSO,2.379751,9176,58080,94
96821,1.2376634631454072e+18,353.583838275803,1.15143077617031,24.51798,23.34122,22.10185,20.95001,19.96681,4188,301,6,67,1.0331289291708457e+19,GALAXY,0.6506832,9176,58080,115
217,1.2376803112271877e+18,354.438294950015,32.1956534454429,19.26509,18.22012,17.82656,17.64138,17.58769,8111,301,4,49,8.737113155032078e+18,STAR,-0.0004241176,7760,58080,472
1057,1.2376786184890616e+18,354.24837655953,2.17528334900679,21.80186,21.62832,21.6175,21.53371,20.83233,7717,301,3,291,1.0331528160609587e+19,GALAXY,0.8606403,9176,58080,984
19638,1.2376785975501783e+18,352.201328862047,2.74235853606601,19.8986,19.33352,19.00106,18.58655,18.47851,7712,301,4,277,1.0331417659691e+19,QSO,1.775745,9176,58080,582
79660,1.2376634631446858e+18,352.003503208938,1.07539286665208,21.79854,21.38504,21.38028,21.00947,20.40922,4188,301,6,56,1.0331374778737514e+19,QSO,0.8137353,9176,58080,426
41834,1.2376637836738565e+18,30.4551533426826,-0.340672829998437,23.82756,23.51763,23.47694,22.27375,22.33602,4263,301,3,319,1.056566091540728e+19,GALAXY,0.7063618,9384,58080,786
32974,1.2376786184884718e+18,352.96272112079,2.16478412265373,21.31909,21.06343,20.68092,20.4604,20.41184,7717,301,3,282,1.0331477583074712e+19,QSO,1.492807,9176,58080,800
89756,1.2376664068453834e+18,31.0500025467048,-1.00142596534489,22.95203,22.61164,22.45491,21.7796,21.28648,4874,301,1,628,1.0565486642814276e+19,GALAXY,1.018199,9384,58080,152
5573,1.2376786179594655e+18,10.8665480780059,1.65969808030478,24.1795,22.84575,21.78523,21.33259,20.9396,7717,301,2,402,1.0598319159531297e+19,GALAXY,0.9191803,9413,58080,812
19839,1.2376786174226604e+18,11.0927463222364,1.23787527313131,22.95941,22.11173,21.60048,20.76334,20.42434,7717,301,1,403,1.0598139389380155e+19,GALAXY,0.7226115,9413,58080,158
78470,1.2376634631454072e+18,353.570541862344,1.18929606642839,22.21395,22.68658,21.62252,20.44463,19.74566,4188,301,6,67,1.0331289841464269e+19,GALAXY,0.6581255,9176,58080,117
4306,1.2376786179512084e+18,351.947954055541,1.7626180771003,23.89296,23.64414,21.69606,20.59445,19.89466,7717,301,2,276,1.0331414086278207e+19,GALAXY,0.6901926,9176,58080,569
74353,1.2376786179594e+18,10.7505458927507,1.69732471483947,23.2425,23.0179,22.50497,21.85076,21.19283,7717,301,2,401,1.0598305965391763e+19,GALAXY,1.001171,9413,58080,764
90535,1.237666408439481e+18,353.313955482882,0.37830950282644,22.59127,22.69501,22.38639,22.19354,21.35527,4874,301,4,376,1.0331305784382872e+19,QSO,2.02425,9176,58080,175
17756,1.237663462608667e+18,353.926645530791,0.799403475812035,21.45464,21.51105,21.15196,21.09915,20.92048,4188,301,5,69,1.0331263453185202e+19,QSO,1.187235,9176,58080,21
17606,1.2376634626085358e+18,353.591947154929,0.8003757119166,21.54165,21.52221,21.35077,21.28721,21.90836,4188,301,5,67,1.0331296163656129e+19,QSO,1.005882,9176,58080,140
78681,1.237678596477158e+18,353.788737090061,2.01957665202376,21.94983,21.85133,21.38865,21.12753,20.99417,7712,301,2,288,1.033152266305145e+19,QSO,1.450586,9176,58080,964
28926,1.2376634626084705e+18,353.468785323959,0.676765557388626,21.88812,21.91827,21.67204,21.49741,20.95349,4188,301,5,66,1.0331293964632873e+19,QSO,1.458522,9176,58080,132
83388,1.237678619025146e+18,352.395467551722,2.55642801611857,22.13434,21.54003,21.42633,21.36849,20.84457,7717,301,4,279,1.0331440474557274e+19,QSO,2.291184,9176,58080,665
9268,1.237663462608208e+18,352.879886335471,0.658735966414013,24.33759,21.702,20.23762,19.57711,19.18666,4188,301,5,62,1.0331339044609612e+19,GALAXY,0.2740724,9176,58080,296
8528,1.2376786184880783e+18,352.03007650104,2.07720700523583,20.11025,20.06504,19.85526,19.86281,19.9256,7717,301,3,276,1.0331413261644489e+19,QSO,1.000013,9176,58080,566
7650,1.237678618488668e+18,353.303044067238,2.11112336261871,20.30155,19.9875,19.77072,19.4855,19.42329,7717,301,3,285,1.0331489677702615e+19,QSO,1.706391,9176,58080,844
13441,1.2376785975507028e+18,353.294259046817,2.69322071254125,23.15248,22.04206,22.87745,21.95785,22.86702,7712,301,4,285,1.0331484180144478e+19,GALAXY,0.05625342,9176,58080,824
78755,1.2376634631456689e+18,354.193885790899,1.1273557639922,21.66228,21.85624,21.62446,21.32306,20.87355,4188,301,6,71,1.0331261529039852e+19,QSO,1.353344,9176,58080,14
19648,1.2376634626086016e+18,353.725889872163,0.792588344165898,22.44294,21.78785,21.31964,21.10126,20.55476,4188,301,5,68,1.0331275547813108e+19,QSO,1.359721,9176,58080,65
19361,1.2376786174146644e+18,352.730658114138,1.22359944206322,21.39474,21.41653,21.10926,20.92718,20.82491,7717,301,1,281,1.033134454216775e+19,QSO,1.194162,9176,58080,316
95942,1.237663784747664e+18,30.620018983093,0.494592116463898,22.80346,22.92767,22.20195,21.8688,20.93022,4263,301,5,320,1.0565657067116585e+19,GALAXY,1.021713,9384,58080,772
77891,1.2376786184879475e+18,351.750905617279,2.08604551875052,22.52899,22.23359,22.05457,22.12143,22.27438,7717,301,3,274,1.03314019916503e+19,QSO,2.796814,9176,58080,525
1235,1.2376803112271877e+18,354.51104332461,32.2438337005812,21.59099,20.16745,19.5687,19.32621,19.29802,8111,301,4,49,8.737112605276264e+18,STAR,-0.0006115836,7760,58080,470
32568,1.237663782600311e+18,30.8979246636862,-1.09836866832443,23.20185,24.39608,22.69087,22.17944,22.12233,4263,301,1,322,1.0565497637930555e+19,GALAXY,0.6911123,9384,58080,192
19534,1.237663462608274e+18,353.046981333013,0.836045011898612,22.67222,22.11785,21.76357,21.49163,21.20007,4188,301,5,63,1.0331329149005e+19,QSO,1.484472,9176,58080,260
70017,1.237680502900655e+18,355.57168752563,33.6143502399458,23.37216,23.76055,21.51535,20.4451,19.72523,8156,301,1,210,8.737188746456488e+18,GALAXY,0.5346787,7760,58080,747
11170,1.2376634626077496e+18,351.8523658671,0.833801423065531,22.89461,22.66582,22.04426,21.37911,22.39627,4188,301,5,55,1.0331383574830537e+19,QSO,1.8716,9176,58080,458
31542,1.2376637825997868e+18,29.773012308931,-1.12119919420497,23.01212,22.34552,21.9319,21.4077,20.80472,4263,301,1,314,1.0565562509116594e+19,GALAXY,0.7137979,9384,58080,428
11246,1.237663462608208e+18,352.894099923289,0.639390188256324,24.86376,22.11495,20.48799,19.91589,19.43752,4188,301,5,62,1.0331326949981706e+19,GALAXY,0.2816732,9176,58080,252
96645,1.237663204919018e+18,11.0547963242052,0.829203880362164,22.40174,22.14226,21.55416,21.04963,20.28223,4128,301,5,197,1.059813636572318e+19,GALAXY,0.7955108,9413,58080,147
51830,1.237678617415058e+18,353.665194840853,1.39111320640495,22.49128,21.18666,21.01048,21.01886,20.8235,7717,301,1,287,1.0331279396103805e+19,QSO,3.252531,9176,58080,79
16089,1.2376637826004426e+18,31.2647863958513,-1.14133076468461,22.53768,22.20577,21.56143,20.65967,20.26564,4263,301,1,324,1.0565473723552651e+19,GALAXY,0.7678233,9384,58080,105
50763,1.237663783136527e+18,29.4407016955943,-0.82621103048727,23.01613,23.18656,22.96074,22.81149,21.82792,4263,301,2,312,1.0565573229355e+19,GALAXY,0.7555023,9384,58080,467
32750,1.237678618487882e+18,351.585412745899,2.07929294064234,21.25194,20.98284,20.6928,20.5486,20.28964,7717,301,3,273,1.0331395394580535e+19,QSO,0.9496137,9176,58080,501
37068,1.237678889593406e+18,22.9262049413303,-2.17321324107985,22.299,21.95942,21.60913,21.1403,20.71633,7780,301,4,55,1.0559937407645667e+19,GALAXY,0.8030019,9379,58081,444
18030,1.2376632328399754e+18,358.157053851067,32.2713889317673,21.65794,21.49387,21.34295,21.09358,20.61474,4135,301,1,253,8.726949819317507e+18,QSO,2.01735,7751,58081,362
81104,1.2376633074528422e+18,359.451285243198,33.8152779433431,23.93521,22.13658,22.45813,21.8571,21.58637,4152,301,4,67,8.727087258270979e+18,GALAXY,0.0,7751,58081,862
82755,1.2376788810246405e+18,9.17418585581017,-2.20244974090919,23.3574,22.88128,22.40032,21.07869,20.85188,7778,301,4,378,1.0527247552562354e+19,GALAXY,0.7897536,9350,58081,303
84256,1.2376788810249672e+18,9.93694847050139,-2.12233375800609,22.84772,22.5947,22.0669,20.958,22.91868,7778,301,4,383,1.052719477600422e+19,GALAXY,0.9374467,9350,58081,111
1190,1.2376803112289567e+18,359.368942195346,32.5708019221515,23.35233,21.75003,21.43908,21.06125,21.09481,8111,301,4,76,8.726870379602401e+18,QSO,1.959006,7751,58081,73
46452,1.2376786185097052e+18,41.4871673810875,1.61808599224336,17.96136,16.99306,16.67402,16.52548,16.50204,7717,301,3,606,1.0561088046564137e+19,STAR,-4.940842e-05,9380,58081,534
69132,1.237678617972901e+18,41.5415028751676,1.36909423393328,22.98905,23.6493,22.42048,21.93998,21.16948,7717,301,2,607,1.0561072928279255e+19,GALAXY,0.8012165,9380,58081,479
60197,1.2376786185076744e+18,36.8393892841318,1.7060002426445,22.56773,22.26644,21.74741,21.00276,22.04123,7717,301,3,575,1.0607152086209812e+19,GALAXY,0.7513276,9421,58081,178
84366,1.2376788810247703e+18,9.47230558146785,-2.12424050710346,22.45066,22.65254,22.06955,22.02889,22.26477,7778,301,4,380,1.0527237382079795e+19,QSO,1.825176,9350,58081,266
62817,1.237678890667606e+18,23.9699932018414,-1.39988383240261,19.68883,19.28091,19.27001,19.03915,19.09422,7780,301,6,62,1.0559878583773583e+19,QSO,0.5265539,9379,58081,230
84133,1.237678881024902e+18,9.80809285118438,-2.23739106978852,23.09267,22.95701,22.38121,21.3924,21.56784,7778,301,4,382,1.0527204946486776e+19,GALAXY,0.7238374,9350,58081,148
90380,1.2376632392727273e+18,43.0792253767445,0.621273222993403,23.12951,23.53976,22.70281,21.93061,21.38881,4136,301,5,105,1.0560972322965311e+19,GALAXY,0.8252915,9380,58081,113
84825,1.2376788810250982e+18,10.1681820029994,-2.18224458763291,24.49491,23.07961,23.19859,21.89082,21.43474,7778,301,4,385,1.0527183231132127e+19,GALAXY,0.9004775,9350,58081,69
59583,1.2376786185078054e+18,37.1496224604622,1.72437443680723,22.65463,22.76817,22.2653,21.99366,21.22453,7717,301,3,577,1.0607130095977257e+19,GALAXY,0.9667475,9421,58081,98
96880,1.2376632333771085e+18,358.709914579755,31.9108350028506,21.84888,21.70721,21.5379,21.14719,21.25713,4135,301,2,257,8.726915459579139e+18,QSO,1.655989,7751,58081,237
33375,1.2376786184903724e+18,357.308309532924,2.16668010181191,20.56222,20.47783,20.13923,20.24559,19.82223,7717,301,3,311,1.0333718662666803e+19,QSO,1.023453,9178,58081,761
66821,1.2376788895939302e+18,24.1229035138271,-2.33227285685618,24.33456,22.52315,22.06975,21.29309,21.06875,7780,301,4,63,1.055986181622126e+19,GALAXY,0.8660424,9379,58081,169
113,1.2376637825911365e+18,9.9131953773603,-1.11254843886015,23.19134,22.69088,21.71342,21.21746,21.42393,4263,301,1,182,1.0527405057603e+19,GALAXY,0.6868312,9350,58081,876
25345,1.2376785975522104e+18,356.804866256237,2.70803121330421,22.31016,21.86362,21.74308,21.48225,21.35401,7712,301,4,308,1.0333681554149364e+19,GALAXY,1.156058,9178,58081,626
23280,1.2376786174338007e+18,36.5482314287351,0.968771734045316,23.78996,22.2457,22.18921,21.53985,22.54353,7717,301,1,573,1.060717022815167e+19,GALAXY,0.9809951,9421,58081,244
47751,1.2376788895934715e+18,23.1762470923878,-2.24176467145995,22.54737,22.93542,22.21864,21.65114,22.58865,7780,301,4,56,1.0559915692291e+19,GALAXY,0.710355,9379,58081,365
57818,1.2376637825911355e+18,9.93139026616925,-1.05468874740639,24.08374,22.81196,22.32514,22.24672,21.10534,4263,301,1,182,1.0527404232969312e+19,GALAXY,1.00037,9350,58081,873
14599,1.2376786184899136e+18,356.132231829134,2.0522022437384,19.78936,19.85358,19.89161,19.53659,19.64444,7717,301,3,304,1.0333648568800532e+19,QSO,1.81748,9178,58081,506
84367,1.2376788810250982e+18,10.2324406613347,-2.21628474547078,23.29061,22.3708,22.40565,21.85776,21.03954,7778,301,4,385,1.0527181032108872e+19,GALAXY,0.966717,9350,58081,61
1601,1.2376661845732895e+18,357.849773501889,33.4905912439776,23.80782,22.20971,21.42966,20.40257,19.60061,4822,301,3,513,8.727013316114013e+18,GALAXY,0.7403606,7751,58081,593
5678,1.2376788815678671e+18,23.7349681532759,-1.59861065006911,25.43776,22.98775,21.44406,21.07257,20.74632,7778,301,5,475,1.055988792962242e+19,GALAXY,0.7249485,9379,58081,264
11122,1.2376785964792548e+18,358.567191322432,1.97840868921809,21.63826,21.27682,21.18328,21.15836,20.76874,7712,301,2,320,1.0333782159463307e+19,QSO,2.695332,9178,58081,992
80394,1.2376633074534976e+18,359.961212968671,32.3859481868599,17.27127,17.27238,17.1277,16.87727,16.87683,4152,301,4,77,8.72685251253845e+18,QSO,0.2396061,7751,58081,8
16336,1.2376786184901755e+18,356.831691114321,2.1980431800482,21.29631,21.22373,21.00294,20.9323,20.73877,7717,301,3,308,1.0333685402440065e+19,QSO,0.9792836,9178,58081,640
51682,1.2376632328398446e+18,357.954877824109,32.6881555212121,21.11388,20.80052,20.60626,20.30942,20.21002,4135,301,1,251,8.726954492241926e+18,QSO,1.938612,7751,58081,379
740,1.237663782597231e+18,23.9052801158756,-1.08095992111176,22.41057,22.86323,22.356,21.49314,21.7374,4263,301,1,275,1.0560028392232868e+19,GALAXY,0.8876982,9379,58081,775
41074,1.2376786222431603e+18,36.1665518827563,3.78985964039444,21.65384,21.60983,21.55972,20.53251,20.75691,7718,301,2,230,1.0607281278826076e+19,GALAXY,0.8503594,9421,58081,648
84922,1.2376788810248366e+18,9.66189310271841,-2.15923551167663,23.8094,22.56673,22.04949,21.19324,20.8542,7778,301,4,381,1.0527216216481e+19,GALAXY,0.783241,9350,58081,189
22328,1.237678617436488e+18,42.5721103407107,0.804457441356446,23.92756,23.96684,23.37726,22.23454,21.66755,7717,301,1,614,1.0561023175378098e+19,GALAXY,0.7287946,9380,58081,298
83587,1.237666408440988e+18,356.717341648058,0.234789278527194,24.11161,21.87853,21.85431,21.36307,21.02829,4874,301,4,399,1.0333620531254e+19,STAR,-0.000398163,9178,58081,404
1265,1.2376637825911365e+18,9.96198641600503,-1.06254986112987,22.85001,22.09837,21.88609,21.51597,20.68649,4263,301,1,182,1.0527402858579775e+19,GALAXY,0.8001733,9350,58081,868
1707,1.2376637825908088e+18,9.26898699334605,-1.24193985302643,23.63919,22.02075,21.22801,20.96877,20.75333,4263,301,1,177,1.0527361626893736e+19,GALAXY,0.7322862,9350,58081,718
80019,1.2376633074532362e+18,359.657097180943,32.9554808351353,21.97449,21.69863,21.38898,21.0602,20.86143,4152,301,4,73,8.727119693864e+18,QSO,2.063942,7751,58081,980
17791,1.237678618490438e+18,357.34732993438,2.1554067488283,23.18972,21.67578,21.73513,21.75652,21.14858,7717,301,3,312,1.033371893754471e+19,QSO,2.263449,9178,58081,762
80421,1.237663233913652e+18,358.991829744244,32.7490859208678,22.6256,22.02104,22.06787,22.44037,22.17338,4135,301,3,252,8.727075163643076e+18,STAR,-0.001960059,7751,58081,818
67806,1.2376637841962437e+18,357.432991869346,0.124914964476113,21.19069,20.90447,20.63713,20.42861,20.21453,4263,301,4,98,1.0333565555672635e+19,QSO,1.304582,9178,58081,204
79285,1.237663783134102e+18,23.8372763009755,-0.839097683913866,22.95551,22.9185,22.38129,21.95765,22.23054,4263,301,2,275,1.0560025643453798e+19,GALAXY,1.341483,9379,58081,765
84598,1.2376788810247703e+18,9.47809062946855,-2.09715537645978,26.23772,22.88719,22.77588,21.66647,21.44305,7778,301,4,380,1.0527229410620496e+19,GALAXY,0.8786436,9350,58081,237
40691,1.2376788895934715e+18,23.1469695219017,-2.22838043736538,22.33014,22.30875,21.72429,21.31496,21.23209,7780,301,4,56,1.05599266874073e+19,GALAXY,0.8043085,9379,58081,405
81475,1.2376633074531052e+18,359.669975598509,33.2938647707723,22.10298,21.85394,21.72458,21.72459,20.78441,4152,301,4,71,8.727115845573302e+18,QSO,3.088306,7751,58081,966
80809,1.2376633074533663e+18,359.836179024076,32.6544980300132,18.38044,17.51118,17.21918,17.08525,17.02419,4152,301,4,75,8.726853337172171e+18,STAR,-0.0007454198,7751,58081,11
21344,1.2376786179729006e+18,41.5163080445144,1.25662595995031,23.20366,23.04494,22.38772,22.06497,22.19768,7717,301,2,607,1.056107320315716e+19,GALAXY,0.9166301,9380,58081,480
86124,1.2376788810246405e+18,9.19199928789337,-2.16490139678672,25.56371,23.39447,22.62479,21.75104,20.99995,7778,301,4,378,1.0527248102318168e+19,GALAXY,0.8733722,9350,58081,305
5979,1.2376788815678671e+18,23.7374625227654,-1.70464254181355,21.37645,21.61299,20.66975,20.09883,19.55019,7778,301,5,475,1.0559887654744513e+19,QSO,1.603459,9379,58081,263
81810,1.2376633074533668e+18,359.657958553987,32.7251317430947,21.85802,21.95927,21.6562,21.61553,21.71421,4152,301,4,75,8.726860758875657e+18,GALAXY,0.0442231,7751,58081,38
85690,1.237678881024705e+18,9.29438805810778,-2.09512169016172,23.9481,22.33928,22.38416,21.41724,20.33179,7778,301,4,379,1.0527248652074e+19,GALAXY,1.015889,9350,58081,307
50782,1.237678617973687e+18,43.4322456337094,1.12446846167332,25.3576,23.22527,22.62622,22.22749,21.38257,7717,301,2,619,1.056096627565136e+19,QSO,3.28617,9380,58081,91
87856,1.2376784396993828e+18,36.6978488384501,3.26701392946542,22.61085,22.68451,22.00815,21.14459,20.66924,7675,301,6,113,1.060731508880863e+19,GALAXY,0.8296565,9421,58081,771
25061,1.2376803112289567e+18,359.241001236188,32.3789829327804,23.51639,24.85259,23.07429,21.42616,19.9522,8111,301,4,76,8.726879725451236e+18,STAR,-0.0004010164,7751,58081,107
5188,1.2376637825971658e+18,23.7822323670067,-1.21932182505562,23.75051,22.93376,22.37464,21.85574,21.1299,4263,301,1,274,1.0559890953279396e+19,GALAXY,0.9542253,9379,58081,275
5775,1.2376788815678671e+18,23.7121711787092,-1.65770283923351,22.54567,22.89732,22.06187,21.59363,21.77811,7778,301,5,475,1.0559887379866604e+19,GALAXY,0.6990581,9379,58081,262
62068,1.2376637831337743e+18,23.0941819597228,-0.649550430982299,24.19219,22.86654,21.79216,21.74923,21.6549,4263,301,2,270,1.0559972317139851e+19,GALAXY,1.335466,9379,58081,571
84659,1.237678881024967e+18,9.88496732560071,-2.1237708737527,25.99322,22.87697,22.18227,22.24566,21.29097,7778,301,4,383,1.0527195050882128e+19,GALAXY,0.7119778,9350,58081,112
39877,1.2376788895934062e+18,22.9895258486739,-2.20562961986079,22.22192,22.73547,21.95692,21.07217,21.2534,7780,301,4,55,1.0559937682523576e+19,GALAXY,0.713218,9379,58081,445
85213,1.2376788810246395e+18,9.15418882785757,-2.15639629653649,22.0577,22.34891,22.15841,21.3531,21.31405,7778,301,4,378,1.052725057621933e+19,GALAXY,0.8704994,9350,58081,314
18775,1.2376632328397133e+18,357.963133917781,32.9635194103243,19.45873,19.24692,18.92792,18.7261,18.5623,4135,301,1,249,8.727030633422151e+18,QSO,1.196496,7751,58081,656
6609,1.2376788815682606e+18,24.6293947034884,-1.60299672919821,23.14262,22.39561,22.78575,21.32671,21.69232,7778,301,5,481,1.0559833228918936e+19,GALAXY,0.7491019,9379,58081,65
86125,1.2376788810247055e+18,9.35896598583977,-2.14165923726831,24.15374,23.2101,22.52801,22.06432,21.37839,7778,301,4,379,1.0527237931835611e+19,STAR,0.001967684,9350,58081,268
80084,1.237663307453105e+18,359.53746099224,33.2519402104222,21.42546,21.34561,21.31317,21.16642,21.13607,4152,301,4,71,8.72710347606749e+18,QSO,1.996429,7751,58081,921
49217,1.2376788906709486e+18,31.6286427936913,-1.28059910479377,23.86467,19.93672,18.83133,18.57648,18.40966,7780,301,6,113,1.0489043096926704e+19,QSO,3.60787,9316,58082,580
17315,1.237678880497402e+18,31.2269700981185,-2.28026638663399,21.68178,21.62483,21.11809,21.07944,20.875,7778,301,3,525,1.0489013135234849e+19,QSO,1.155683,9316,58082,471
77750,1.2376785986318508e+18,10.3696861552827,3.72670269845575,22.30281,22.36153,21.68492,21.09426,21.04327,7712,301,6,398,1.0635326521932536e+19,GALAXY,0.7035833,9446,58082,276
80740,1.237678598631392e+18,9.18181790717369,3.68748840457604,23.24295,22.70765,21.49047,21.56686,23.60069,7712,301,6,391,1.0635387544827875e+19,QSO,1.281139,9446,58082,498
21559,1.2376786216950835e+18,10.5486986681231,3.96875210381979,24.62563,24.96409,23.13046,21.85462,22.27758,7718,301,1,59,1.0635465060397636e+19,QSO,5.987113,9446,58082,780
37069,1.2376803096237834e+18,13.8385885325797,31.0597416630143,18.5034,17.57362,17.24661,17.12704,17.04646,8111,301,1,159,8.690832786507192e+18,STAR,-0.00123914,7719,58082,41
49323,1.237678619032814e+18,9.95014183690995,2.60099799334384,24.76248,22.5864,22.52755,22.49058,23.19504,7717,301,4,396,1.0635350986066252e+19,GALAXY,0.9441981,9446,58082,365
8870,1.2376786195697505e+18,10.1965200241431,2.93989099676865,23.26871,22.76524,21.84339,21.42619,21.28275,7717,301,5,397,1.0635331194857e+19,GALAXY,0.8175768,9446,58082,293
73248,1.237678598631654e+18,9.8065007730072,3.7239334977941,23.22471,22.66013,22.23801,21.76053,21.65441,7712,301,6,395,1.0635359232403462e+19,GALAXY,0.8412869,9446,58082,395
19428,1.2376786216945587e+18,9.35214700563427,4.03349755981072,22.01832,22.08785,21.68835,20.27165,22.96911,7718,301,1,51,1.0635408435548803e+19,GALAXY,0.4598419,9446,58082,574
29613,1.2376786216953446e+18,11.1736032961255,4.07210865930444,24.76282,23.45009,22.5543,21.90823,22.25127,7718,301,1,63,1.0635507391595305e+19,GALAXY,0.7459149,9446,58082,934
67055,1.237678598631588e+18,9.68529283005029,3.71188965447017,25.52189,22.53173,21.94787,21.15113,21.24043,7712,301,6,394,1.0635370777275552e+19,GALAXY,0.7505271,9446,58082,437
62503,1.2376785986317847e+18,10.0800943913155,3.59086580577132,22.84785,22.25867,21.60784,20.89948,20.35608,7712,301,6,397,1.0635336692415093e+19,QSO,1.150574,9446,58082,313
884,1.237680311234e+18,12.9293861663903,32.3368273135567,24.07974,22.81233,21.53308,20.07915,19.33478,8111,301,4,153,8.69103344737926e+18,STAR,-0.0002291878,7719,58082,771
58665,1.237678879960466e+18,31.1065195014221,-2.67633365606228,22.02896,22.95003,21.66141,20.92239,20.44907,7778,301,2,524,1.0489006813043e+19,GALAXY,0.9874244,9316,58082,448
21560,1.237678622231364e+18,9.28082862018323,4.36292329533737,24.9369,22.09077,21.17129,20.90566,20.91983,7718,301,2,50,1.06354043123802e+19,GALAXY,0.4606469,9446,58082,559
79826,1.237657070087767e+18,32.8626144332248,-0.559357383590484,22.76289,22.81339,21.87074,21.56343,20.9499,2700,301,2,85,1.0489133256880183e+19,GALAXY,1.016399,9316,58082,908
79244,1.2376570700875704e+18,32.3492571816001,-0.529854034137234,22.12604,22.49279,22.20745,20.99617,20.87223,2700,301,2,82,1.0489095323729e+19,GALAXY,0.7922508,9316,58082,770
4281,1.2376786614285768e+18,10.5335959881272,4.58026792409638,23.86202,22.73534,22.33489,21.67925,22.10643,7727,301,3,136,1.0635468084054612e+19,GALAXY,0.7776086,9446,58082,791
61217,1.2376788810342733e+18,31.188956457765,-1.86812306923502,23.08443,22.96919,22.75942,22.11825,22.31803,7778,301,4,525,1.0489037599368569e+19,GALAXY,0.8513874,9316,58082,560
16836,1.2376785986315228e+18,9.59742814509536,3.54968266522554,22.75557,22.73735,22.20587,21.80211,21.74371,7712,301,6,393,1.0635369677763926e+19,GALAXY,0.8417588,9446,58082,433
22341,1.237678621694887e+18,10.0990252395453,4.07170829681064,22.26235,22.74911,22.18445,21.75541,21.11018,7718,301,1,56,1.0635440321386e+19,GALAXY,1.196421,9446,58082,690
30447,1.2376785986316536e+18,9.78389398276602,3.7274655351281,23.8415,23.38209,22.73955,21.96689,21.26303,7712,301,6,395,1.0635359782159276e+19,GALAXY,1.065722,9446,58082,397
87888,1.2376664068457766e+18,31.973703761705,-1.03142736487719,24.34535,22.09743,21.7703,21.19162,20.35314,4874,301,1,634,1.0489061788624376e+19,GALAXY,0.8108538,9316,58082,648
89341,1.2376664068457766e+18,31.9525216182363,-0.9455334547424,22.39478,22.05659,21.80338,21.0142,20.20269,4874,301,1,634,1.0489061238868564e+19,GALAXY,0.821188,9316,58082,646
74731,1.2376788799605317e+18,31.2100783346903,-2.82169653088636,24.44328,22.42451,22.80989,21.84051,21.73073,7778,301,2,525,1.0489005438653454e+19,GALAXY,1.083555,9316,58082,443
79245,1.2376570700877665e+18,32.8001391757143,-0.582698812156379,24.26358,22.63982,22.41072,22.02497,21.51066,2700,301,2,85,1.0489115114938325e+19,GALAXY,0.7595792,9316,58082,842
48103,1.2376803096230633e+18,11.9832841120558,31.1949264126783,22.61186,22.26764,20.90999,20.42204,19.98146,8111,301,1,148,8.690934491332762e+18,STAR,-0.0004097818,7719,58082,411
2984,1.2376785975581745e+18,10.4674943178117,2.84306683473651,24.41789,23.1293,22.79298,22.4024,22.22389,7712,301,4,399,1.0635308654868584e+19,GALAXY,0.886252,9446,58082,211
64767,1.2376786190332723e+18,11.0211590154468,2.61948605248873,24.22104,22.50096,22.72912,22.3724,21.06277,7717,301,4,403,1.063527841829882e+19,QSO,1.293949,9446,58082,101
20498,1.237678621695346e+18,11.1555343609519,3.96220170879765,23.17325,23.30669,23.19276,21.98765,21.68925,7718,301,1,63,1.0635508491106933e+19,GALAXY,0.9713324,9446,58082,938
72105,1.237678598632506e+18,11.8012545451162,3.54053044397196,22.50162,22.4896,22.14169,21.19105,20.59387,7712,301,6,408,1.0635258901967428e+19,GALAXY,0.8703642,9446,58082,30
48501,1.2376803096233252e+18,12.6728193576109,31.2032726533452,21.82225,21.87651,21.6232,21.26527,21.36301,8111,301,1,152,8.690901780861835e+18,GALAXY,0.6470179,7719,58082,292
90150,1.2376664068455145e+18,31.3251105889871,-0.909053427404713,23.08275,22.65085,22.18892,21.42711,21.92473,4874,301,1,630,1.0489023580595313e+19,GALAXY,0.7894777,9316,58082,509
355,1.237663782600901e+18,32.2896249585594,-1.15628340905876,22.90951,22.60206,21.56881,20.75868,20.75785,4263,301,1,331,1.048909257495e+19,GALAXY,0.9356022,9316,58082,760
60492,1.237678879960728e+18,31.6147762850933,-2.68542642018763,25.2802,23.30599,21.82083,22.45616,21.99415,7778,301,2,528,1.0488997467194153e+19,QSO,2.014201,9316,58082,414
33819,1.2376786216950833e+18,10.5029568696343,4.09316938636373,24.7976,22.97824,21.8197,21.5732,21.87444,7718,301,1,59,1.063546203674066e+19,GALAXY,1.100526,9446,58082,769
1822,1.237680311234331e+18,13.8070392291295,32.3243455197238,21.10114,20.04892,19.65195,19.53184,19.6531,8111,301,4,158,8.69107770272228e+18,STAR,-0.0006000123,7719,58082,932
64392,1.237678598632178e+18,10.981073848384,3.73396600124449,22.78253,22.63453,21.93024,21.27322,20.93022,7712,301,6,403,1.063529271195e+19,GALAXY,0.8753137,9446,58082,153
48978,1.2376803096233252e+18,12.5887569399894,31.0476203595672,19.97803,20.11581,20.06248,19.51777,19.41846,8111,301,1,152,8.690911676466485e+18,QSO,1.891174,7719,58082,328
38896,1.237678621694428e+18,9.01891902706024,4.12248810264929,22.50073,23.14061,21.67105,21.13842,20.05132,7718,301,1,49,1.0635494197455772e+19,GALAXY,0.0,9446,58082,886
47384,1.23765760910341e+18,114.414509267892,29.0189888020237,21.8473,21.69795,21.63636,21.21473,21.48865,2825,301,6,43,1.1580114048831e+19,QSO,1.543954,10285,58083,849
32287,1.237667142328124e+18,135.402058353615,22.4207998844561,22.26104,21.93071,21.14641,20.39883,20.08553,5045,301,3,164,1.0799662828371595e+19,GALAXY,0.7503092,9592,58083,112
29175,1.237664874045244e+18,128.51410177343,22.3340006385568,22.91042,22.35404,21.62797,20.76152,20.39851,4517,301,2,114,1.0809811870451784e+19,GALAXY,0.8001037,9601,58083,170
70965,1.2376576091028204e+18,113.420486771113,27.8834313788683,21.9892,21.77781,21.72717,21.75337,21.79945,2825,301,6,34,1.157996424037167e+19,QSO,1.223072,10285,58083,304
59818,1.2376648740453747e+18,128.781610636999,22.4633037765292,22.95538,24.68268,23.27379,21.83858,22.2478,4517,301,2,116,1.08097887807076e+19,GALAXY,0.8923848,9601,58083,86
60911,1.2376575962178524e+18,112.76226603224,27.5075646070437,20.10989,20.09336,19.83042,19.75804,20.00415,2822,301,6,33,1.1580003822790269e+19,QSO,1.426087,10285,58083,448
19218,1.237657608566276e+18,114.31852558474,28.1708836457552,25.26817,23.95056,21.7263,20.67022,19.86757,2825,301,5,39,1.1579933728924e+19,STAR,0.0001515846,10285,58083,193
41794,1.2376648756562504e+18,128.556571833839,23.8537528035311,22.63636,23.51707,22.97722,22.01604,21.6446,4517,301,5,120,1.0810004010108735e+19,GALAXY,0.7832005,9601,58083,869
69966,1.2376640928980667e+18,127.667152064951,24.1110486519723,19.13553,18.93861,18.87685,18.68828,18.60009,4335,301,3,114,1.0809946560626186e+19,QSO,1.945347,9601,58083,660
8445,1.2376546536302195e+18,112.335117064821,28.5084661116008,25.16207,23.28834,21.5111,20.48852,19.77309,2137,301,5,61,1.158002223961e+19,QSO,1.231767,10285,58083,515
9839,1.2376575956819648e+18,114.688521925002,28.9244810178535,21.30198,20.97899,20.91638,20.58218,20.31118,2822,301,5,48,1.1580125043947231e+19,QSO,0.7610153,10285,58083,889
88734,1.2376671433989816e+18,128.545626887272,20.30862651168,23.8554,23.46365,22.34371,21.28148,20.68295,5045,301,5,120,1.077041224566e+19,GALAXY,0.8311765,9566,58083,195
38337,1.2376648756560532e+18,128.248145447978,23.6822247647605,21.65257,22.23789,21.61676,21.75367,21.06077,4517,301,5,117,1.0809985043533158e+19,GALAXY,1.089424,9601,58083,800
96824,1.2376648370006925e+18,128.052203577909,23.4064495885302,23.8908,22.44099,21.9129,21.29556,21.06809,4508,301,5,107,1.0809841557265732e+19,GALAXY,0.6864274,9601,58083,278
39621,1.2376648756565125e+18,129.203425026512,24.2141051953138,24.64014,22.35889,21.78214,21.4952,21.36849,4517,301,5,124,1.081002792448664e+19,GALAXY,1.000543,9601,58083,956
97173,1.2376671433986545e+18,127.841986239511,19.9577335556834,23.02967,22.81449,23.67305,22.90961,22.78306,5045,301,5,115,1.0770443581741355e+19,GALAXY,0.9556468,9566,58083,309
30461,1.2376738070467054e+18,126.824417690699,20.0608492779774,23.32194,24.86038,22.12997,21.6523,22.49278,6597,301,1,211,1.077049360952042e+19,QSO,1.60584,9566,58083,491
61236,1.237664874045047e+18,128.00785443644,22.0460271740826,19.30792,19.19353,19.18783,18.89893,18.95027,4517,301,2,111,1.0809831386783177e+19,QSO,1.698511,9601,58083,241
81368,1.237667142865126e+18,135.457763946896,22.765048421045,24.5492,23.00275,21.98805,21.05566,20.66558,5045,301,4,166,1.0799888503133198e+19,GALAXY,0.6882116,9592,58083,933
78934,1.237657609103606e+18,114.628531856492,29.3526073788251,24.63292,24.14774,22.7669,21.58429,19.19437,2825,301,6,46,1.158013054150537e+19,STAR,0.0003954585,10285,58083,909
80769,1.2376671434018004e+18,134.925288273816,23.0502577166805,22.20418,22.67611,22.17416,21.40765,21.2224,5045,301,5,163,1.07998648636332e+19,GALAXY,0.9707215,9592,58083,847
58300,1.237657609102689e+18,113.083772219181,27.6979865957279,20.51557,20.34819,20.26655,20.1766,20.18608,2825,301,6,32,1.1579983206947248e+19,QSO,1.552612,10285,58083,373
15843,1.237673807584232e+18,128.215947238363,20.9878697778899,22.70763,23.05496,22.60156,22.69131,22.4395,6597,301,2,221,1.0770568651189e+19,GALAXY,0.9159895,9566,58083,764
38881,1.2376648756559872e+18,128.092314172154,23.4664242321813,24.46885,23.09709,22.46874,21.51119,22.062,4517,301,5,116,1.0809983119387808e+19,GALAXY,0.8080305,9601,58083,793
50631,1.2376576091030815e+18,113.70258627849,28.4175968046944,24.52495,22.90552,21.88895,20.42872,19.53441,2825,301,6,38,1.157995681866818e+19,STAR,0.0001219401,10285,58083,277
18900,1.237673807584167e+18,128.12260169516,20.9358265819031,22.66954,23.04919,21.7211,21.46717,21.86485,6597,301,2,220,1.077055930534018e+19,QSO,1.126311,9566,58083,730
35143,1.2376648740451123e+18,128.148579197725,22.1233730662091,23.74576,22.96221,22.80182,22.39474,22.33346,4517,301,2,112,1.0809831661661084e+19,GALAXY,0.7607169,9601,58083,242
45705,1.2376576091032136e+18,113.948055982365,28.6933144075476,25.37804,23.56194,22.21075,20.52488,19.51866,2825,301,6,40,1.158009370786584e+19,STAR,1.516585e-05,10285,58083,775
38806,1.2376648756560535e+18,128.274274560945,23.6136977337893,22.51402,21.96402,21.35599,20.61766,20.49131,4517,301,5,117,1.0809994939137808e+19,GALAXY,0.8253201,9601,58083,836
81963,1.2376671434016036e+18,134.368885698988,22.8641081223293,23.03587,22.82288,22.19767,21.53994,21.72723,5045,301,5,160,1.079982363194716e+19,GALAXY,0.6982117,9592,58083,697
324,1.2376784397029217e+18,44.7265666957076,3.11334562361395,22.82083,22.69738,22.17571,21.5612,21.08353,7675,301,6,167,1.059948024386056e+19,GALAXY,0.8388935,9414,58083,940
27454,1.237665127987152e+18,133.932608868267,23.4002207228198,24.1336,23.0633,23.59159,21.46378,23.54638,4576,301,3,144,1.0799807139272745e+19,GALAXY,0.8928518,9592,58083,637
28431,1.237664875118723e+18,127.516166189199,22.7372046787246,19.53755,19.20958,18.88986,18.89943,18.81902,4517,301,4,110,1.0809868495300614e+19,QSO,0.9233251,9601,58083,376
79297,1.2376671434020623e+18,135.551565904932,23.2378745681727,23.31284,22.73592,22.05525,21.4749,21.55693,5045,301,5,167,1.0799886578987848e+19,GALAXY,0.5848313,9592,58083,926
855,1.2376784397027904e+18,44.420238131824,3.1209539893432,23.58547,23.11111,22.95522,22.39829,22.27241,7675,301,6,165,1.0599457978750095e+19,GALAXY,1.371361,9414,58083,859
77498,1.237667143402e+18,135.276097628034,23.2366851675206,23.1771,22.77893,22.10474,21.82291,21.58341,5045,301,5,166,1.0799874484359944e+19,GALAXY,1.037949,9592,58083,882
9327,1.237664092897608e+18,126.700309307201,23.4702809859033,23.51113,23.22036,22.33483,21.60331,20.89968,4335,301,3,107,1.0809913575277353e+19,GALAXY,0.9533326,9601,58083,540
38024,1.2376576080294062e+18,114.627489608603,28.1096020304195,22.35295,21.77487,21.39194,20.93159,20.48759,2825,301,4,39,1.1579922458929811e+19,QSO,2.130002,10285,58083,152
67033,1.2376575962185736e+18,113.694168473351,28.7827202729978,21.26746,21.61851,21.46958,21.14577,21.77847,2822,301,6,44,1.1580082437871657e+19,QSO,1.860701,10285,58083,734
46052,1.2376576091035407e+18,114.468841788661,29.2560631132055,21.72429,21.5859,21.8045,21.17617,21.08314,2825,301,6,45,1.158012147053444e+19,QSO,1.876223,10285,58083,876
78939,1.2376671434021934e+18,135.707703273507,23.4778778834597,22.77567,22.41801,22.05322,21.50714,20.39679,5045,301,5,169,1.0799894000691335e+19,GALAXY,0.9009819,9592,58083,953
27455,1.2376651279870856e+18,133.762947784766,23.3307224611358,23.1407,22.7913,22.84756,21.31713,20.89016,4576,301,3,143,1.079979669391228e+19,GALAXY,0.8400705,9592,58083,599
50697,1.2376576091031473e+18,113.902253485101,28.5057656299949,21.53159,21.31189,21.02249,20.92831,20.81705,2825,301,6,39,1.1579945823551904e+19,QSO,1.176483,10285,58083,237
47078,1.2376576091026888e+18,113.17922725281,27.6981596272572,25.31287,22.52559,21.14195,20.07904,19.34462,2825,301,6,32,1.1579983756703062e+19,STAR,9.928902e-05,10285,58083,375
6410,1.2376576091028196e+18,113.385423103859,27.9283023112562,23.486,23.42813,21.99464,20.67828,18.87637,2825,301,6,34,1.1579964515249576e+19,GALAXY,0.247517,10285,58083,305
39159,1.237664874045048e+18,128.053823486255,22.124289502768,23.27601,22.94871,22.50548,21.62756,21.76385,4517,301,2,111,1.0809831936539e+19,GALAXY,0.7848395,9601,58083,243
75649,1.2376651285240223e+18,133.830663563204,23.7318609677062,24.25657,23.46344,22.43912,22.42209,21.85753,4576,301,4,144,1.0799793395377396e+19,GALAXY,0.83601,9592,58083,587
82455,1.237667142864929e+18,135.020521786776,22.6598113489264,23.60427,23.12796,22.5055,21.98357,21.68421,5045,301,4,163,1.07996867427495e+19,GALAXY,0.8414692,9592,58083,199
14703,1.2376738075842324e+18,128.257932111249,20.8417771010633,25.10129,23.01238,22.13021,21.99653,21.85486,6597,301,2,221,1.0770570850212272e+19,GALAXY,0.5117455,9566,58083,772
40136,1.2376648740449823e+18,127.967050732577,22.0563036587811,23.2882,23.17336,22.57015,21.64106,21.23392,4517,301,2,110,1.0809843481411082e+19,GALAXY,0.94459,9601,58083,285
46426,1.2376576091031475e+18,113.809289728202,28.4977800130041,21.92238,20.96056,20.88551,20.71893,20.47396,2825,301,6,39,1.1579957643301902e+19,QSO,2.278168,10285,58083,280
51858,1.2376576091032783e+18,114.129975324052,28.6768839567408,24.71004,21.30536,20.08897,19.95114,19.85078,2825,301,6,41,1.1580105252737931e+19,QSO,3.622863,10285,58083,817
77789,1.2376671434018e+18,134.970267138783,22.9524537434517,22.21124,22.2509,21.36069,20.71272,20.71292,5045,301,5,163,1.0799866787778548e+19,GALAXY,0.7667473,9592,58083,854
17462,1.2376738075846907e+18,129.219939359723,21.290392772651,23.31578,22.44209,22.04352,22.02154,21.21671,6597,301,2,228,1.0770621702625057e+19,GALAXY,0.8359024,9566,58083,957
22246,1.237673807046968e+18,127.506993386376,20.2135639827932,22.82868,22.03431,21.5482,20.65917,20.06861,6597,301,1,215,1.0770468045875075e+19,GALAXY,0.8967504,9566,58083,398
78821,1.237664668423619e+18,127.630087643858,24.2832137195326,22.80737,22.15708,21.78592,21.49337,21.60449,4469,301,3,113,1.080994628574828e+19,GALAXY,0.7918662,9601,58083,659
16894,1.2376738075841664e+18,128.057688133496,20.7316557637071,24.00202,22.93447,22.509,22.10617,21.68016,6597,301,2,220,1.0770559030462271e+19,GALAXY,1.074458,9566,58083,729
39227,1.2376648756559227e+18,127.985226738985,23.4169304193349,25.49727,23.54412,21.92677,21.35911,20.52034,4517,301,5,115,1.0809852827259918e+19,GALAXY,0.8053632,9601,58083,319
29432,1.2376576080292746e+18,114.364248638247,27.7729819454582,20.7147,20.79177,20.38971,20.39281,20.07304,2825,301,4,37,1.1579929605755394e+19,QSO,1.32785,10285,58083,178
88364,1.2376640928983296e+18,128.250067685916,24.4474986417566,22.39254,22.57657,21.69944,21.32657,20.84297,4335,301,3,118,1.080997762182967e+19,GALAXY,0.8619389,9601,58083,773
83361,1.2376671433983263e+18,127.304328939459,19.5239540424669,22.82374,22.94118,22.21372,21.53505,21.04859,5045,301,5,110,1.07704729936774e+19,GALAXY,0.8232659,9566,58083,416
87584,1.237664092898e+18,127.565323505854,23.8626756851716,22.84711,22.7661,21.94659,21.41695,21.218,4335,301,3,113,1.0809949309405256e+19,GALAXY,0.8636968,9601,58083,670
25024,1.237667430097159e+18,148.591219435148,22.5668550983039,23.71428,23.12917,22.27515,21.79795,23.33452,5112,301,3,259,1.082779053485014e+19,GALAXY,0.7315865,9617,58084,40
85484,1.237667430095848e+18,145.360950958663,21.8061042354553,22.54116,22.36292,21.61367,21.32849,20.57628,5112,301,3,239,1.0828945022059305e+19,QSO,1.11214,9618,58084,144
63914,1.2376674300966991e+18,147.450828492993,22.3389203067367,21.82268,21.1653,20.56302,19.93826,19.82772,5112,301,3,252,1.082784193701874e+19,GALAXY,0.8603144,9617,58084,227
78489,1.237667143403045e+18,137.745884044026,24.1611014842361,22.67757,22.15413,21.70461,21.23016,20.7516,5045,301,5,182,1.0798731816917555e+19,QSO,0.7667547,9591,58084,821
88091,1.2376672550711468e+18,138.583941678184,22.5389322989318,22.95309,23.71045,23.68897,21.34769,21.04816,5071,301,5,166,1.0798512464347812e+19,GALAXY,0.784559,9591,58084,23
33766,1.237657608029733e+18,115.275419943067,28.6017126934017,19.92827,19.67828,19.55076,19.2146,19.10646,2825,301,4,44,1.1581163807574348e+19,QSO,1.634682,10286,58084,572
56464,1.2376674300963067e+18,146.513382169696,22.0295411777505,23.82961,22.85686,22.12214,21.713,21.73361,5112,301,3,246,1.0827896087966409e+19,GALAXY,0.9113728,9617,58084,424
30655,1.2376577766083791e+18,117.225145030452,27.9525235056301,21.91062,20.63017,20.02791,19.83386,19.77817,2864,301,6,62,1.1581031866179e+19,STAR,0.0001407986,10286,58084,92
29542,1.2376648740449162e+18,127.736349046213,21.9601989677587,23.10442,22.41339,21.72073,21.25465,20.56494,4517,301,2,109,1.0803255207754224e+19,QSO,0.853874,9595,58084,893
85758,1.2376671412546442e+18,136.420923912818,21.8089854467517,23.50153,22.80344,22.28298,21.45343,21.62515,5045,301,1,168,1.079862983721408e+19,GALAXY,0.7587727,9591,58084,450
29869,1.2376576080301268e+18,115.787752736028,29.4045968620201,20.97298,20.55868,20.51494,20.16863,20.32071,2825,301,4,50,1.1581188271708068e+19,QSO,1.703174,10286,58084,661
31676,1.2376672937301115e+18,147.823853097833,23.0539304549399,22.13474,22.56657,22.3838,22.14661,21.09543,5080,301,5,231,1.0828013185954765e+19,GALAXY,0.7720074,9617,58084,850
29819,1.2376577766079864e+18,116.610476948435,27.3277092267606,21.20792,20.78017,20.6283,20.54725,20.46313,2864,301,6,56,1.1581062377626687e+19,QSO,2.188963,10286,58084,203
31921,1.2376576080301263e+18,115.869984362338,29.2229153211316,21.35914,20.74917,20.03589,19.58757,19.54593,2825,301,4,50,1.1581192119998763e+19,QSO,0.2103175,10286,58084,675
50030,1.2376674300968312e+18,147.737221777331,22.5049557311579,23.85739,22.60756,21.93616,21.43474,21.9951,5112,301,3,254,1.0827834515315251e+19,GALAXY,0.835098,9617,58084,200
82289,1.2376671434029796e+18,137.454903078175,24.1545116415335,25.91955,23.08208,21.99727,21.5359,21.23512,5045,301,5,181,1.0798721096679184e+19,GALAXY,0.8663979,9591,58084,782
83413,1.2376671434028488e+18,137.304428024532,23.9312207315923,23.69967,22.52169,21.88665,20.90566,20.64355,5045,301,5,179,1.079871147595244e+19,GALAXY,0.7333887,9591,58084,747
92819,1.2376671434028488e+18,137.341395307593,23.9598362081004,21.73029,21.77663,22.25241,21.35354,21.00293,5045,301,5,179,1.0798710926196627e+19,GALAXY,0.9513497,9591,58084,745
29993,1.2376577766079867e+18,116.670463753439,27.2930529105496,22.39417,21.80158,21.36275,21.45646,21.31361,2864,301,6,56,1.1581051107632505e+19,STAR,-0.001478434,10286,58084,162
54687,1.2376674300961096e+18,145.984005409042,22.0036819796432,24.54289,22.521,22.01597,21.22265,20.68895,5112,301,3,243,1.0827912030885e+19,GALAXY,0.8001984,9617,58084,482
57073,1.2376672926565015e+18,148.463561447132,22.3880378499595,23.81479,22.64032,22.21061,21.65911,21.57796,5080,301,3,233,1.0827799605821067e+19,GALAXY,0.8337811,9617,58084,73
15377,1.237673807584298e+18,128.377183672669,20.8558358121644,23.01986,22.9685,21.82267,21.56275,21.49832,6597,301,2,222,1.0803025134946111e+19,GALAXY,0.5732161,9595,58084,56
57508,1.2376672926560425e+18,147.260868547391,21.9823470963003,22.97117,22.39378,21.99358,21.45275,20.77271,5080,301,3,226,1.0827861728228e+19,GALAXY,0.8692177,9617,58084,299
78104,1.2376648369997087e+18,126.025516955405,22.1782777926233,19.6476,19.42205,19.17454,19.00264,19.06131,4508,301,5,92,1.0803155427074e+19,QSO,1.437669,9595,58084,530
97325,1.2376648370002993e+18,127.25752742643,22.9310231418251,22.56964,22.67352,22.48887,21.97189,20.97941,4508,301,5,101,1.0803219748504228e+19,GALAXY,0.7023834,9595,58084,764
30063,1.2376577766081175e+18,116.848938843405,27.5072105339608,22.01254,21.26714,21.25345,20.81564,20.81166,2864,301,6,58,1.1581052482022e+19,QSO,1.721393,10286,58084,167
56054,1.2376672926550597e+18,145.071981277051,21.4196779201557,23.0465,22.53164,22.01705,21.37838,20.6701,5080,301,3,211,1.0828974708873257e+19,GALAXY,0.8802791,9618,58084,252
95392,1.2376671434029798e+18,137.661765141875,24.0574939883607,23.48439,22.2596,22.16039,21.45754,21.35331,5045,301,5,181,1.0798733741062904e+19,GALAXY,0.9041899,9591,58084,828
69619,1.237667429023154e+18,148.165274465042,21.6926757692579,18.44828,17.41876,17.07511,16.95595,16.93997,5112,301,1,255,1.0827803728989671e+19,STAR,-7.643194e-06,9617,58084,88
28749,1.2376577766079206e+18,116.450488665914,27.286075014282,21.09643,20.89883,20.82828,20.55634,20.43352,2864,301,6,55,1.1581072822987151e+19,QSO,1.581053,10286,58084,241
94098,1.237667143403045e+18,137.737491934598,24.1942902209973,22.61909,22.61233,21.8089,22.54027,20.54009,5045,301,5,182,1.0798732091795462e+19,GALAXY,0.6582306,9591,58084,822
24320,1.2376674300953236e+18,144.23549622421,21.3539066577474,24.25042,22.41816,21.52275,20.93188,20.80404,5112,301,3,231,1.082900741934418e+19,GALAXY,0.8631492,9618,58084,371
26786,1.2376648740449162e+18,127.740689124562,21.9797857340759,23.56966,22.56899,22.39497,21.52631,21.06837,4517,301,2,109,1.0803254383120505e+19,GALAXY,0.861237,9595,58084,890
27099,1.2376671434023905e+18,136.212781337443,23.6718667428365,23.7689,23.22907,22.80552,21.82076,21.48383,5045,301,5,172,1.0798658974272215e+19,GALAXY,0.7203398,9591,58084,556
32962,1.2376672115841444e+18,137.431440147654,21.2913101309874,23.43406,23.18611,22.78174,21.92495,21.85557,5061,301,4,159,1.0798561667493157e+19,GALAXY,1.270183,9591,58084,202
18991,1.237673807584167e+18,128.108893224947,20.7680491608334,23.79854,22.68078,22.67834,22.05356,21.52249,6597,301,2,220,1.0803036130062391e+19,GALAXY,0.8083168,9595,58084,96
36579,1.2376672545339471e+18,137.897385375795,21.7836554064384,22.69114,20.37124,19.60394,21.35382,25.97248,5071,301,4,161,1.0798541326528e+19,GALAXY,0.9512555,9591,58084,128
31195,1.2376576080299302e+18,115.456391455865,28.9946291109112,21.51744,21.33503,21.2888,21.15817,20.60762,2825,301,4,47,1.1581172053911558e+19,QSO,2.165632,10286,58084,602
82430,1.2376675390801838e+18,147.595427047807,21.330195833786,25.08644,22.51226,21.80691,20.92021,22.40002,5137,301,6,232,1.0827835065071063e+19,GALAXY,0.7572516,9617,58084,202
83696,1.2376671434027177e+18,136.936632610417,23.7649673381436,24.15767,22.89115,22.02904,21.02749,20.53119,5045,301,5,177,1.0798687836452444e+19,GALAXY,0.725169,9591,58084,661
51666,1.2376674300968312e+18,147.780716327802,22.4822182425918,23.80297,22.95565,22.3143,21.58969,22.07293,5112,301,3,254,1.0827833415803623e+19,GALAXY,0.8633997,9617,58084,196
33379,1.2376672937297188e+18,146.873511730518,22.7257271239945,23.31898,22.84194,22.10497,21.25974,21.05116,5080,301,5,225,1.082795958476291e+19,GALAXY,0.8257527,9617,58084,655
13938,1.2376576085666693e+18,114.819484797225,28.9697007832093,18.83034,17.8336,17.43527,17.27719,17.20845,2825,301,5,45,1.1581149788801096e+19,STAR,0.0001685448,10286,58084,521
69784,1.2376648740451128e+18,128.166428702202,22.2070340425485,24.81492,22.59785,22.3904,21.79736,20.98558,4517,301,2,112,1.080327472408562e+19,GALAXY,0.8039666,9595,58084,964
78855,1.2376671434025866e+18,136.724263239811,23.7610063216463,22.82468,22.36482,21.63068,20.61943,20.34918,5045,301,5,175,1.0798678490603608e+19,GALAXY,0.9215825,9591,58084,627
24815,1.2376576085668012e+18,115.034119835839,29.251606654176,21.46291,21.42475,21.28983,21.28127,20.93294,2825,301,5,47,1.1581156660748767e+19,QSO,1.424216,10286,58084,546
30870,1.2376577766080522e+18,116.620694065392,27.5012671938171,23.95185,21.78518,21.06573,20.9927,20.69302,2864,301,6,57,1.1581066500795292e+19,STAR,0.0003394714,10286,58084,218
92409,1.2376671434025216e+18,136.419805665727,23.7272740617134,22.37698,22.70705,22.04879,20.96546,20.66035,5045,301,5,174,1.079866749548733e+19,GALAXY,0.7124509,9591,58084,587
31505,1.237657608029537e+18,114.942633258222,28.2003606152518,21.77701,22.05414,21.79273,21.64774,20.95632,2825,301,4,41,1.1581137969051095e+19,QSO,1.325801,10286,58084,478
73503,1.237667429023154e+18,148.193817957332,21.7206257733743,18.84806,17.88417,17.55581,17.45824,17.41221,5112,301,1,255,1.082780400386758e+19,STAR,6.136984e-05,9617,58084,89
16649,1.237673807584298e+18,128.435386570855,20.9656910901742,23.6785,22.96346,22.44796,21.56648,20.9307,6597,301,2,222,1.080301029153914e+19,GALAXY,1.49789,9595,58084,2
5906,1.237673808657253e+18,126.28855321704,21.200076095611,22.49424,22.50552,21.66235,20.93801,20.75631,6597,301,4,210,1.0803127664405404e+19,GALAXY,0.7807249,9595,58084,429
94367,1.2376575940712863e+18,115.712673385936,28.0570691407047,24.23352,22.92268,21.5633,20.21934,19.41949,2822,301,2,47,1.1581103059556915e+19,STAR,0.0001417207,10286,58084,351
27816,1.237657776608576e+18,117.591372639884,28.3363097390378,19.29968,18.25933,17.91566,17.79243,17.71603,2864,301,6,65,1.1581027468132504e+19,STAR,-0.0001901536,10286,58084,76
79115,1.2376671434018657e+18,135.018133032576,23.0902982892,25.60283,22.61359,22.36013,21.61722,21.36326,5045,301,5,164,1.080648722220085e+19,QSO,0.2157116,9598,58085,363
52795,1.237664877799146e+18,135.168403749907,25.3239024074167,22.62402,21.95765,22.20811,21.09881,21.59093,4518,301,1,50,1.0806572159474096e+19,GALAXY,0.8324419,9598,58085,672
51166,1.2376648777992773e+18,135.460062377971,25.4560065148725,22.76292,22.81231,21.96411,21.81871,21.2876,4518,301,1,52,1.0806591675805487e+19,GALAXY,0.8819293,9598,58085,743
80369,1.2376671434023245e+18,135.980404749495,23.5154661597224,22.49325,22.56226,22.16423,21.64418,21.37527,5045,301,5,171,1.0806433346131087e+19,GALAXY,0.9512991,9598,58085,167
98241,1.2376671439389335e+18,135.357114419716,23.6112566831137,24.43352,22.40407,21.20946,21.08001,22.60891,5045,301,6,167,1.0806468255625271e+19,GALAXY,0.7166565,9598,58085,294
52124,1.2376648777986872e+18,134.161257643092,24.8513262444459,26.53191,22.04817,21.67621,21.36713,20.95958,4518,301,1,43,1.0806549894363632e+19,GALAXY,0.0,9598,58085,591
388,1.237665128524285e+18,134.28198754702,24.1047924298565,23.40868,24.58809,22.48084,21.74477,21.81027,4576,301,4,148,1.0806522681450846e+19,GALAXY,1.605999,9598,58085,492
26677,1.2376651279882e+18,136.371314604041,24.4315130143462,25.39985,24.57401,22.033,22.2282,21.62295,4576,301,3,160,1.0806643077974088e+19,GALAXY,0.8103313,9598,58085,930
80806,1.2376671428657157e+18,136.819700118562,23.4654747199845,22.3575,22.70777,22.52061,22.12964,20.80498,5045,301,4,175,1.0806399811026442e+19,GALAXY,0.8674937,9598,58085,45
59371,1.2376651285251364e+18,136.256446749048,24.938774852814,22.36665,22.08112,21.17328,20.8909,19.89214,4576,301,4,161,1.0806629883834554e+19,GALAXY,1.073284,9598,58085,882
78488,1.2376671434027177e+18,136.929326062955,23.9340479535117,23.66716,22.80198,22.37411,21.4055,20.82149,5045,301,5,177,1.080638826615435e+19,GALAXY,0.8208248,9598,58085,3
88042,1.2376640928983296e+18,128.336552869967,24.2746894465329,23.25502,23.65442,22.5177,21.6096,21.04838,4335,301,3,118,1.081652438897291e+19,GALAXY,0.8742098,9607,58085,14
69404,1.237664092897936e+18,127.500657515128,23.7911110772221,24.38028,22.73623,22.18513,21.70049,21.28039,4335,301,3,112,1.0816549952618256e+19,QSO,2.156708,9607,58085,107
37219,1.2376738070483443e+18,130.677413678779,21.2355867823526,23.67237,22.88916,22.08191,21.05349,21.30917,6597,301,1,236,1.080190775628794e+19,GALAXY,0.8846338,9594,58086,87
56738,1.2376651269170798e+18,142.712776978269,26.0739060729795,23.82216,23.29676,21.99243,23.65534,21.16261,4576,301,1,200,1.0842547905073795e+19,QSO,0.7776691,9630,58086,479
55413,1.237665126917145e+18,142.873264509914,26.0834680316574,23.38004,23.12535,21.99799,21.44296,21.29818,4576,301,1,201,1.084257456823077e+19,GALAXY,0.8368354,9630,58086,576
26607,1.237665127990297e+18,141.171919606438,26.3632988590538,25.44992,22.31797,23.77557,20.95555,21.60285,4576,301,3,192,1.0843659236451572e+19,GALAXY,0.8477336,9631,58086,426
28457,1.2376651274537536e+18,142.16829627847,26.2958180648985,22.13757,22.65359,22.06735,21.28997,20.2217,4576,301,2,197,1.0843594365265533e+19,GALAXY,0.8326057,9631,58086,190
43835,1.2376651274543437e+18,143.451590394181,26.915212666638,23.72789,23.5427,22.33641,21.57756,20.72651,4576,301,2,206,1.0842588312126116e+19,GALAXY,0.9284296,9630,58086,626
61678,1.2376651285276923e+18,142.258652331684,27.3130515289214,22.52871,22.61904,21.98423,21.90543,20.7705,4576,301,4,200,1.0843784031021324e+19,GALAXY,0.7711694,9631,58086,880
96479,1.2376653684975212e+18,143.869547188612,25.569032652535,25.332,21.96374,22.40773,21.95427,20.60082,4632,301,3,25,1.0842487981690083e+19,GALAXY,0.8973751,9630,58086,261
57420,1.2376651269180623e+18,145.181271545052,26.9415219962205,22.79315,22.47939,21.90615,21.02209,20.49395,4576,301,1,215,1.084267709769006e+19,GALAXY,0.7908196,9630,58086,949
92946,1.2376671434046182e+18,141.283576936945,25.6232219053932,23.17907,22.78577,22.04638,21.84482,21.19939,5045,301,5,206,1.0843644393044597e+19,GALAXY,0.258416,9631,58086,372
43500,1.2376651274542129e+18,143.19116263255,26.8639515558294,23.40207,22.66192,22.29678,21.66798,20.92112,4576,301,2,204,1.084258721261449e+19,GALAXY,0.8269742,9630,58086,622
84550,1.2376664068483978e+18,37.8460092232106,-0.869766494884595,23.25986,22.59405,21.92545,21.70206,20.83968,4874,301,1,674,1.0553105867276e+19,QSO,1.102607,9373,58096,167
38318,1.237676441461654e+18,8.12774160884544,35.1809075659341,23.83836,22.9438,21.50899,20.35456,19.6035,7210,301,4,49,8.684186788707981e+18,STAR,-2.530849e-05,7713,58096,439
98519,1.2376637847502195e+18,36.3791442172964,0.469532810462081,23.03115,22.50982,22.04617,21.08461,20.65683,4263,301,5,359,1.055320729722371e+19,GALAXY,0.7873294,9373,58096,536
7244,1.237676441461392e+18,7.66454761452053,34.6319134562661,23.47002,23.20836,21.60751,20.4899,19.33161,7210,301,4,45,8.684191736510305e+18,STAR,-9.947133e-05,7713,58096,457
84210,1.2376664068480704e+18,37.2166191720805,-0.848873289330095,22.69674,22.34154,21.87045,20.95532,20.65401,4874,301,1,669,1.0553127582630697e+19,GALAXY,0.742749,9373,58096,246
90332,1.23766378475081e+18,37.8594091456849,0.426254925332455,22.24891,22.66796,21.66292,21.45332,21.11213,4263,301,5,368,1.0553294158642303e+19,GALAXY,1.013788,9373,58096,852
60049,1.2376764414613916e+18,7.68818397955317,34.5739455881444,21.37982,20.81746,20.61227,20.8123,20.48993,7210,301,4,45,8.6841914616324e+18,QSO,0.8407192,7713,58096,456
92882,1.2376632049196078e+18,12.3956642213402,0.716686403788352,23.46648,22.96355,22.92223,22.30115,21.4258,4128,301,5,206,1.0597034930218488e+19,GALAXY,0.7147922,9412,58096,236
19487,1.2376637842029292e+18,12.6751962302817,0.126152237624173,22.54599,22.94246,22.32719,21.36638,20.34769,4263,301,4,200,1.0597009091695235e+19,QSO,0.5879284,9412,58096,142
92021,1.2376663397245916e+18,13.720309460377,0.307464713312708,24.44108,22.52587,21.72256,21.1361,20.08865,4858,301,4,446,1.0596972532933612e+19,GALAXY,0.9129193,9412,58096,9
66967,1.237673073669178e+18,8.77767427245692,34.9290351889495,22.38233,23.87594,22.21091,20.69642,19.75904,6426,301,3,30,8.684151604335892e+18,GALAXY,0.8112975,7713,58096,311
75381,1.237663783139672e+18,36.5736235046111,-0.682809107880466,25.06991,24.59981,24.6701,22.84493,22.99407,4263,301,2,360,1.0553177885287668e+19,QSO,2.409484,9373,58096,429
85497,1.2376785959478894e+18,11.2590036110697,1.50778497249948,24.22164,22.73572,22.43937,22.43872,21.86686,7712,301,1,404,1.0597119592613829e+19,GALAXY,1.004816,9412,58096,544
96723,1.2376637847510715e+18,38.330052952691,0.442767564797143,22.43889,22.1424,21.51599,20.71875,20.4745,4263,301,5,372,1.055332467009e+19,GALAXY,0.8208395,9373,58096,963
53409,1.237657190910329e+18,11.750319483319,-0.0493994147563164,19.83369,19.75402,19.76509,19.48428,19.64831,2728,301,3,491,1.0597073688003369e+19,QSO,1.686207,9412,58096,377
24348,1.2376786174231183e+18,12.1140304091184,1.35619166442714,25.70547,24.30781,23.59541,23.13209,22.5639,7717,301,1,410,1.059716797112545e+19,GALAXY,0.911943,9412,58096,720
23533,1.2376637842033226e+18,13.4913210332767,0.0915772212798033,24.14259,23.06831,22.62242,21.85834,21.12778,4263,301,4,206,1.0596976106346404e+19,GALAXY,0.9309725,9412,58096,22
13636,1.2376786174237745e+18,13.6410370810404,1.28871821307299,23.26832,23.1045,22.8369,22.89089,22.53677,7717,301,1,420,1.0597242188160324e+19,GALAXY,0.3245996,9412,58096,990
92457,1.23765707009e+18,37.8897819599968,-0.452017228554523,23.24432,22.73036,21.84276,20.53156,21.60678,2700,301,2,119,1.0553109165810932e+19,GALAXY,0.984524,9373,58096,179
93022,1.2376632049192143e+18,11.5137638626624,0.694620941954526,23.60446,22.71175,22.35032,21.47422,21.12627,4128,301,5,200,1.0597090455555693e+19,GALAXY,0.9067576,9412,58096,438
6016,1.2376786179605143e+18,13.3264956181699,1.75410860309902,22.11349,22.17349,21.30743,20.31647,19.62779,7717,301,2,418,1.0597228994020792e+19,GALAXY,0.8341448,9412,58096,942
22527,1.2376786174342605e+18,37.5848424759929,1.03838421516868,24.35152,23.00004,22.21484,21.71516,21.87183,7717,301,1,580,1.0553279040357423e+19,GALAXY,0.9456432,9373,58096,797
71140,1.2376570700899948e+18,37.9363099219005,-0.545587354124349,22.13515,21.87436,21.32765,21.71695,21.29293,2700,301,2,119,1.0553106417031862e+19,GALAXY,0.5086345,9373,58096,169
28917,1.237676441461392e+18,7.65166505287192,34.6960341094525,23.23254,23.11696,21.73729,20.47962,19.73925,7210,301,4,45,8.684199433091701e+18,GALAXY,0.6762212,7713,58096,485
8185,1.2376569713017495e+18,12.2790544971715,-0.525091739334119,24.60439,23.17631,22.77506,22.36519,22.51373,2677,301,2,58,1.0597048948991744e+19,GALAXY,0.7561768,9412,58096,287
97858,1.2376632049195423e+18,12.2606167451649,0.721147936494535,22.28476,22.39063,22.43204,21.72177,21.21664,4128,301,5,205,1.0597184188922e+19,GALAXY,0.9573099,9412,58096,779
40145,1.237676441461982e+18,8.70374315602101,35.7241011947591,24.26748,23.96329,22.12914,20.64247,19.72578,7210,301,4,54,8.684252759405648e+18,STAR,-4.903801e-05,7713,58096,679
97508,1.2376637842132175e+18,36.1566494751997,0.131712251322405,24.48696,24.61979,24.32402,22.85962,22.63763,4263,301,4,357,1.0553201524787665e+19,GALAXY,0.9581882,9373,58096,515
95061,1.2376663397245263e+18,13.6253742176392,0.212100703909961,23.48052,23.0491,22.56524,22.60444,21.97057,4858,301,4,445,1.0596971433422e+19,GALAXY,1.001969,9412,58096,5
81108,1.237673073669768e+18,9.77313407013713,36.0542254679647,22.56645,25.43027,22.33364,20.80142,19.76857,6426,301,3,39,8.684302787184712e+18,GALAXY,0.7263194,7713,58096,861
39422,1.2376764414617843e+18,8.27913219899114,35.3170721935959,21.75529,20.59718,20.14365,19.95131,20.37363,7210,301,4,51,8.684235991853324e+18,STAR,-0.0005984781,7713,58096,618
98621,1.237663204919149e+18,11.3200505977653,0.725553007825365,24.83119,22.55188,22.15643,21.85776,22.27149,4128,301,5,199,1.05970907304336e+19,GALAXY,0.769972,9412,58096,439
99052,1.237663204919805e+18,12.8249921930572,0.810293346560316,22.95953,23.15693,21.99134,20.97355,22.04254,4128,301,5,209,1.05972174491487e+19,GALAXY,0.7226647,9412,58096,900
32077,1.2376764419987868e+18,8.1857529590057,35.8177541581807,24.91903,23.89844,22.44962,20.59747,18.92653,7210,301,5,53,8.684240664777742e+18,STAR,-8.288486e-05,7713,58096,635
84746,1.237666406848e+18,37.0210671840169,-0.933632837021819,23.3598,22.93797,22.36126,22.08956,21.49685,4874,301,1,668,1.0553144625060927e+19,GALAXY,0.8041911,9373,58096,308
42545,1.237663783676413e+18,36.3512143889505,-0.342774969560667,24.8564,24.04107,23.05001,22.57633,22.76329,4263,301,3,358,1.0553188330648132e+19,GALAXY,0.7121282,9373,58096,467
91777,1.2376663397244603e+18,13.4431167691787,0.216415364415708,22.60521,21.92968,21.44629,20.93878,20.49988,4858,301,4,444,1.0596976930980125e+19,GALAXY,1.017429,9412,58096,25
87842,1.23766640684807e+18,37.0947062058777,-0.906400307556986,23.39543,22.44907,22.04554,21.57083,21.46243,4874,301,1,669,1.0553145449694648e+19,GALAXY,0.8620982,9373,58096,311
13249,1.2376730742059174e+18,8.30659368030553,34.9159525023445,24.63463,23.37713,21.42916,20.28819,22.82689,6426,301,4,28,8.684172495056821e+18,STAR,-9.12977e-06,7713,58096,387
41358,1.237676441461786e+18,8.22985102146168,35.4017136932115,23.28712,24.38677,21.96978,20.67228,19.76462,7210,301,4,51,8.684235716975417e+18,GALAXY,0.8085672,7713,58096,617
62989,1.2376764414622444e+18,9.12922846161229,36.1129219679313,25.02354,23.50285,21.98039,20.94209,19.96047,7210,301,4,58,8.68427145110332e+18,GALAXY,0.7299793,7713,58096,747
41359,1.237676441461654e+18,8.01949561677003,35.2210341259817,25.26043,24.33415,21.7234,20.26013,19.41084,7210,301,4,49,8.684225271614953e+18,GALAXY,0.6605091,7713,58096,579
22182,1.2376764414619167e+18,8.42199308711747,35.6250254983468,23.41465,22.76603,21.66319,20.35905,19.63177,7210,301,4,53,8.684243413556811e+18,GALAXY,0.6977181,7713,58096,645
91594,1.2376664068478735e+18,36.680313104772,-0.902188805384057,23.93995,22.42286,22.25399,21.51245,21.65328,4874,301,1,666,1.0553166890171388e+19,GALAXY,0.8689076,9373,58096,389
99693,1.237663204919542e+18,12.2060253394046,0.719700941099203,21.90862,21.68538,21.03097,20.40685,21.54757,4128,301,5,205,1.0597172094294057e+19,GALAXY,0.7798021,9412,58096,735
66175,1.237678598632899e+18,12.6848099663322,3.71394030982803,22.67789,22.14881,21.43569,20.49488,20.12403,7712,301,6,414,1.063439138754477e+19,GALAXY,0.7924493,9445,58097,970
4660,1.2376786179595963e+18,11.1622064832179,1.75040508472431,24.26912,22.66252,22.06944,21.84573,21.47468,7717,301,2,404,1.063422398689944e+19,GALAXY,0.7584338,9445,58097,361
70646,1.2376637831298424e+18,14.1410293149401,-0.744207820061304,23.09155,24.29292,23.97558,22.14983,22.13103,4263,301,2,210,1.0571144729936e+19,GALAXY,1.142506,9389,58097,256
81704,1.2376663386512433e+18,14.5810918388561,-0.567461888342795,22.90768,23.1114,21.84909,21.44134,20.68318,4858,301,2,452,1.0571114218488357e+19,GALAXY,0.7397107,9389,58097,145
707,1.2376803112331515e+18,10.6863995994689,32.5427385435384,21.58351,21.39388,21.35507,21.38119,22.81239,8111,301,4,140,8.68753617602087e+18,GALAXY,0.01595428,7716,58097,336
20541,1.237663785276932e+18,13.29432018944,1.00237860166396,24.49693,24.74942,24.36182,22.1739,22.02332,4263,301,6,204,1.0571234615011596e+19,QSO,4.393271,9389,58097,583
81761,1.237678598632047e+18,10.7969413914617,3.59737038249642,21.85413,23.37655,22.59076,21.80383,22.2475,7712,301,6,401,1.063428088662618e+19,GALAXY,0.8208969,9445,58097,568
93918,1.2376663397247227e+18,13.9811458490004,0.264561403444382,23.53358,22.87901,22.13906,21.02636,21.00133,4858,301,4,448,1.0571273097918568e+19,GALAXY,0.7979866,9389,58097,723
55468,1.23765707008757e+18,32.4813552550671,-0.44948132441649,22.44637,22.75026,22.39522,21.85865,21.69233,2700,301,2,82,1.0564442656808917e+19,GALAXY,1.100875,9383,58097,450
35704,1.2376785975588293e+18,11.9138023256864,2.85544020097883,19.52718,19.02851,18.84716,18.79098,18.63455,7712,301,4,409,1.063417725765526e+19,QSO,2.513027,9445,58097,191
40305,1.2376570700875697e+18,32.4556310653791,-0.517912733459294,24.98282,23.70699,22.9422,21.87235,21.44976,2700,301,2,82,1.0564442381931e+19,GALAXY,0.8206264,9383,58097,449
82079,1.2376663386513083e+18,14.7585542086807,-0.545059616482189,24.00708,22.73932,22.8777,22.88286,23.24905,4858,301,2,453,1.0571104597761612e+19,GALAXY,1.337425,9389,58097,110
70777,1.2376570700877665e+18,32.8032076040226,-0.528718591096199,23.46937,23.87115,21.84241,21.23715,21.18613,2700,301,2,85,1.0564423140477524e+19,GALAXY,0.900028,9383,58097,379
11379,1.2376785986327025e+18,12.2868948982247,3.56432433770891,22.45603,22.45807,21.8923,21.16064,21.13792,7712,301,6,411,1.0634380392428493e+19,GALAXY,0.7457072,9445,58097,930
73679,1.237678598632637e+18,12.041461403974,3.54623987073813,21.33968,22.37389,21.65915,21.03732,19.80825,7712,301,6,410,1.0634357577562216e+19,GALAXY,1.067233,9445,58097,847
78571,1.2376663386512435e+18,14.6495938671463,-0.606592994786953,23.94909,22.95847,22.11935,21.19065,20.80817,4858,301,2,452,1.057111366873254e+19,GALAXY,0.7845347,9389,58097,143
88635,1.2376664068466284e+18,33.88416131423,-0.919288659368946,25.41653,21.66757,21.23342,20.50418,19.98376,4874,301,1,647,1.05643549707566e+19,GALAXY,0.8793063,9383,58097,131
70919,1.2376570700877665e+18,32.869669528162,-0.439024958531295,22.90738,22.8576,22.66919,22.40059,21.31124,2700,301,2,85,1.056442066657636e+19,QSO,0.2340408,9383,58097,370
64118,1.2376570700877668e+18,32.9147959153702,-0.550512558331444,24.02553,22.34352,21.55083,21.49038,20.90331,2700,301,2,85,1.0564419567064732e+19,GALAXY,0.8887372,9383,58097,366
35946,1.2376786222440783e+18,38.3891592152481,3.74429618876798,24.21711,22.2966,21.4366,21.39585,20.68119,7718,301,2,244,1.0604856306199452e+19,GALAXY,0.848552,9419,58097,18
4376,1.2376785975583053e+18,10.711681808482,2.83923462153592,22.72963,22.7791,22.44142,22.24348,21.80372,7712,301,4,401,1.0634255322980831e+19,GALAXY,0.8090373,9445,58097,475
69635,1.2376637836661235e+18,12.8198195019556,-0.320610496221685,21.7765,21.41389,20.41205,19.15093,19.43322,4263,301,3,201,1.0571211250389506e+19,GALAXY,0.9455705,9389,58097,498
82328,1.2376785986325056e+18,11.7739378572948,3.67935503522549,23.48642,22.85239,22.27135,22.0731,21.2549,7712,301,6,408,1.063433641196338e+19,GALAXY,0.9201608,9445,58097,770
64101,1.237678598632375e+18,11.5656973705411,3.55991759061407,23.2592,22.31462,21.52924,21.13333,20.56403,7712,301,6,406,1.063432486709129e+19,GALAXY,0.2559189,9445,58097,728
78808,1.2376570700880287e+18,33.418352558391,-0.543344836672605,23.61154,23.009,22.15702,21.4101,21.37332,2700,301,2,89,1.0564392354151946e+19,GALAXY,0.6907099,9383,58097,267
85586,1.2376570700884224e+18,34.3959787306554,-0.563892002302854,23.45641,22.64435,21.9906,21.7827,20.36874,2700,301,2,95,1.0564326933210092e+19,GALAXY,1.217553,9383,58097,29
80720,1.2376663386513083e+18,14.8203946145658,-0.496257222229103,25.31961,21.98445,22.86466,22.21885,21.13111,4858,301,2,453,1.0571103223372075e+19,GALAXY,1.188121,9389,58097,105
27131,1.2376786216956073e+18,11.7173333646631,3.97274105709879,23.06549,22.43516,22.1638,21.49681,21.77891,7718,301,1,67,1.0634331739039e+19,GALAXY,0.7013971,9445,58097,753
98426,1.237663204920722e+18,14.9463548293835,0.828797810700658,23.85674,22.80223,22.86812,21.74945,21.74455,4128,301,5,223,1.0571325599598797e+19,GALAXY,0.8007428,9389,58097,914
1358,1.2376786195817436e+18,37.5715656411259,2.7303228803237,22.66082,22.43775,21.85994,21.46553,20.59475,7717,301,5,580,1.06048859930134e+19,GALAXY,0.954031,9419,58097,126
62423,1.2376785986323087e+18,11.2861156108095,3.66448444627231,22.72774,22.71549,22.1504,21.41261,21.15589,7712,301,6,405,1.0634313597097103e+19,GALAXY,0.8240306,9445,58097,687
34785,1.2376786222428987e+18,35.6541316763008,3.73451853433908,25.97644,22.89401,21.97384,21.63152,20.70723,7718,301,2,226,1.0604978351990137e+19,QSO,1.141675,9419,58097,462
16167,1.237678598632637e+18,12.026788421972,3.53644718754453,22.42765,22.07844,21.09131,20.4009,19.86808,7712,301,6,410,1.0634358402195935e+19,GALAXY,0.6941788,9445,58097,850
89317,1.2376664068465628e+18,33.7414252115062,-1.04821616390306,22.27022,22.00371,21.57747,20.9535,19.97715,4874,301,1,646,1.0564353871245e+19,GALAXY,1.000756,9383,58097,127
41949,1.23766378367556e+18,34.3434564909411,-0.330190741271663,23.18699,23.32064,22.60334,21.94436,21.86157,4263,301,3,345,1.0564329132233347e+19,GALAXY,0.832457,9383,58097,37
80108,1.237666406846039e+18,32.5872032449759,-0.851356633823283,22.60447,22.34846,21.95279,21.04729,21.00116,4874,301,1,638,1.0564417642919383e+19,GALAXY,0.7492586,9383,58097,359
78179,1.2376570700878323e+18,32.9845401435194,-0.590875106076402,23.14032,22.85774,22.02561,21.77715,20.81173,2700,301,2,86,1.0564411320727523e+19,GALAXY,0.8988845,9383,58097,336
64455,1.2376570700885527e+18,34.6096973179113,-0.481011209985651,24.60603,22.69578,22.04162,21.47316,21.90293,2700,301,2,97,1.0564323909553115e+19,GALAXY,0.9704157,9383,58097,18
79653,1.2376663386512435e+18,14.6927312351804,-0.527531713050907,25.08545,23.06046,22.14681,21.8696,21.77485,4858,301,2,452,1.0571114768244169e+19,QSO,4.870965,9389,58097,147
2046,1.2376663386507845e+18,13.5607812027164,-0.434631065756907,22.88182,22.57608,22.00711,21.49015,21.06989,4858,301,2,445,1.0571181838453463e+19,GALAXY,0.9576315,9389,58097,391
2627,1.2376663386512433e+18,14.6843739428988,-0.612635051759989,22.6396,22.36626,21.77886,21.00205,20.86647,4858,301,2,452,1.0571113118976727e+19,GALAXY,0.6477484,9389,58097,141
21569,1.2376786174321623e+18,32.7201313428145,0.994047782316914,19.85417,19.74263,19.38302,19.43652,19.54655,7717,301,1,548,1.0564492684588e+19,QSO,1.141826,9383,58097,632
78264,1.237666338651243e+18,14.6460385694028,-0.443896450654735,21.77959,22.05061,21.64752,20.65987,21.60251,4858,301,2,452,1.0571115867755796e+19,GALAXY,0.738782,9389,58097,151
78133,1.2376570700878328e+18,32.9988629616609,-0.493783220383615,23.96292,22.79446,22.03458,20.89322,20.5751,2700,301,2,86,1.056441187048334e+19,GALAXY,0.7943367,9383,58097,338
97891,1.237666406845908e+18,32.1705985419784,-0.873357511816626,23.94562,23.34884,23.0529,21.83873,20.98977,4874,301,1,636,1.0564446230221707e+19,GALAXY,0.7769775,9383,58097,463
1433,1.237678598095307e+18,11.0057918236586,3.26326826893873,21.8317,21.28653,21.10206,20.72706,20.41391,7712,301,5,403,1.063429518027734e+19,QSO,0.720028,9445,58097,620
92644,1.237666339724657e+18,13.8415011646741,0.364661868511436,22.54552,22.65405,22.25536,21.84556,21.80743,4858,301,4,447,1.0571261827924384e+19,QSO,0.9686816,9389,58097,682
74119,1.2376570700881595e+18,33.8242336248375,-0.470719278578148,23.15262,22.60904,22.09503,21.41609,20.97964,2700,301,2,91,1.0564358269291483e+19,GALAXY,0.8194072,9383,58097,143
12955,1.2376637852773253e+18,14.166033522083,0.972358100506185,19.81937,19.24093,18.82871,18.82851,18.77151,4263,301,6,210,1.0571281344255777e+19,QSO,1.166742,9389,58097,753
79856,1.237666338651243e+18,14.6020793100123,-0.454069097105337,24.99783,22.26735,21.86401,21.20819,20.74812,4858,301,2,452,1.0571115318e+19,GALAXY,0.8709385,9389,58097,149
1720,1.237663782601622e+18,33.8802554238908,-1.23837521235916,21.89462,22.07329,21.53935,21.03487,20.86915,4263,301,1,342,1.056435414612288e+19,GALAXY,0.9753509,9383,58097,128
65381,1.2376785986325716e+18,11.9837417954715,3.57398058867194,22.50255,22.08574,21.67492,20.9709,20.67656,7712,301,6,409,1.0634356478050589e+19,GALAXY,0.8164783,9445,58097,843
3065,1.237666338651374e+18,14.8910943503402,-0.500095260426754,24.34707,22.78357,22.17501,21.64356,20.62571,4858,301,2,454,1.0571094152401148e+19,GALAXY,1.124383,9389,58097,72
1551,1.2376803117706783e+18,12.4954447396014,32.822109150265,22.26971,24.67696,22.72506,21.64342,19.95195,8111,301,5,150,8.68745178850344e+18,GALAXY,0.8889405,7716,58097,29
65322,1.237678598632506e+18,11.8173426786129,3.58778078152471,24.35172,21.97,21.14582,20.51471,20.31881,7712,301,6,408,1.0634336961719196e+19,GALAXY,0.562763,9445,58097,772
98998,1.2376637842121692e+18,33.6881768601755,0.0549097698951697,23.7637,23.08559,23.3988,22.1035,22.02554,4263,301,4,341,1.0564553982361227e+19,GALAXY,0.7891804,9383,58097,855
3201,1.2376637842123003e+18,34.0585715258135,0.149273452441256,22.80593,22.65355,22.11634,21.39649,22.4458,4263,301,4,343,1.0564573223814715e+19,GALAXY,0.9806377,9383,58097,925
78087,1.237657070087832e+18,32.9799983574591,-0.460781449507227,23.052,22.81705,22.41662,21.50117,21.23786,2700,301,2,86,1.0564420941454268e+19,GALAXY,0.7503982,9383,58097,371
61401,1.237657070088094e+18,33.6691397337171,-0.504294236928788,23.26984,22.77137,21.86504,21.24371,20.66909,2700,301,2,90,1.0564376136355437e+19,GALAXY,0.9024717,9383,58097,208
87142,1.2376570700882253e+18,33.9054193595995,-0.443555274123154,22.49184,22.49217,22.31755,21.62032,21.03961,2700,301,2,92,1.0564348098808928e+19,GALAXY,0.8732628,9383,58097,106
62571,1.237657070087897e+18,33.2246599208734,-0.588361970187919,22.34693,22.40065,21.7173,20.95607,20.51278,2700,301,2,87,1.0564397027076364e+19,GALAXY,0.595886,9383,58097,284
28958,1.2376786184964672e+18,11.2422757503722,2.23250624211634,19.58278,19.44917,19.16467,18.82212,18.79278,7717,301,3,404,1.0634215740562231e+19,QSO,1.642922,9445,58097,331
79790,1.2376570700880947e+18,33.646597947969,-0.449083523320829,22.52585,23.07984,22.27522,20.96549,20.2679,2700,301,2,90,1.0564375586599625e+19,GALAXY,0.8735033,9383,58097,206
79789,1.2376570700880287e+18,33.497854272552,-0.552291930418509,22.97645,21.7631,21.42667,21.35923,20.43258,2700,301,2,89,1.0564375036843809e+19,GALAXY,0.9010451,9383,58097,204
81092,1.237666338651047e+18,14.2148095580711,-0.490114604018899,22.24763,22.26573,21.12346,20.32097,20.23249,4858,301,2,449,1.0571136758476724e+19,GALAXY,0.6813919,9389,58097,227
97859,1.237663204920722e+18,14.984497430871,0.770446891701628,22.87064,23.74206,21.98154,21.95417,21.71171,4128,301,5,223,1.0571326699110425e+19,GALAXY,1.074021,9389,58097,918
15380,1.2376637825927089e+18,13.4765345485611,-1.15565403122005,23.35122,22.21767,22.10815,21.13338,21.01583,4263,301,1,206,1.0571185961622067e+19,GALAXY,0.9379067,9389,58097,406
78365,1.237678661976654e+18,36.1399189017543,4.39880005518573,23.56413,21.74199,21.05529,20.4089,19.66781,7727,301,4,307,1.0605007763926176e+19,GALAXY,0.6703322,9419,58097,569
79376,1.237657070088423e+18,34.3794353219959,-0.530350955493097,22.84793,22.15388,22.30899,20.85244,20.01032,2700,301,2,95,1.0564327208088e+19,GALAXY,0.9315537,9383,58097,30
90034,1.2376664068459077e+18,32.2354653334494,-0.859587398363378,23.12813,22.55142,22.31527,21.53958,21.60366,4874,301,1,636,1.0564450903146123e+19,GALAXY,0.9667089,9383,58097,480
61794,1.2376785986325056e+18,11.737543313321,3.64178658695768,23.20084,22.84061,22.40997,21.40147,22.37258,7712,301,6,408,1.063433476269594e+19,GALAXY,0.8877386,9445,58097,764
25753,1.2376803112336097e+18,11.8347992991451,32.4575644687722,24.63465,20.38689,20.68974,19.95338,22.82689,8111,301,4,147,8.687480375805762e+18,STAR,-4.268124e-05,7716,58097,133
45474,1.2376786619771784e+18,37.3137079680797,4.37476283952679,23.21761,22.57502,21.67651,21.04794,21.37927,7727,301,4,315,1.0605082805594771e+19,GALAXY,0.8158283,9419,58097,842
95639,1.2376663397245916e+18,13.7539558892866,0.311346249677447,23.06437,23.18622,22.3439,21.8353,21.37886,4858,301,4,446,1.0571251657441829e+19,GALAXY,0.9947588,9389,58097,645
9217,1.237663785277457e+18,14.4552099439045,0.874348313225412,23.23001,22.75806,22.28428,21.59398,21.9029,4263,301,6,212,1.057130360936624e+19,GALAXY,0.7508099,9389,58097,834
5504,1.2376663386509809e+18,14.0060450226956,-0.429991498939438,23.9129,22.84026,22.19613,22.1219,22.20051,4858,301,2,448,1.0571148578226725e+19,GALAXY,1.088002,9389,58097,270
67104,1.237678598632637e+18,12.1179858456479,3.61705385459095,22.60914,22.17917,21.56708,21.03067,21.89103,7712,301,6,410,1.0634358951951751e+19,GALAXY,0.7325637,9445,58097,852
87669,1.237657070088291e+18,33.9938299541918,-0.567244499805764,22.01684,22.95603,21.95746,21.61057,20.9224,2700,301,2,93,1.0564346724419391e+19,GALAXY,0.4788569,9383,58097,101
12627,1.2376637831388216e+18,34.613575902303,-0.653672979753645,22.38046,22.81758,23.19628,22.14647,20.67836,4263,301,2,347,1.056432006126242e+19,GALAXY,0.995285,9383,58097,4
27603,1.2376786216959347e+18,12.484333037854,4.01756309078773,22.1434,22.40925,21.66068,20.88152,20.57106,7718,301,1,72,1.0634376269259889e+19,GALAXY,0.7366979,9445,58097,915
19753,1.237667211045241e+18,132.985840214261,19.1106127182872,23.40972,22.70599,21.92621,21.22471,20.83742,5061,301,3,128,1.0760422907895372e+19,GALAXY,0.9182813,9557,58098,718
48936,1.2376786614423388e+18,42.0296349327498,3.74735032092708,18.6538,18.33788,18.18179,18.25072,18.08957,7727,301,3,346,1.0601484378931749e+19,QSO,0.7633511,9416,58098,39
70295,1.237667429016666e+18,133.193262416509,16.8973053188067,18.66186,17.65657,17.31984,17.18014,17.11386,5112,301,1,156,1.076029261576748e+19,STAR,0.0007195378,9557,58098,244
51027,1.2376664079174868e+18,27.3302470614652,-0.115000640572596,22.89118,22.69026,22.44557,21.2916,21.33315,4874,301,3,603,1.0557705124448588e+19,GALAXY,0.0,9377,58098,515
75587,1.2376786619792755e+18,42.1446912759278,4.08322292198251,26.00129,21.94618,21.47536,20.62638,20.14625,7727,301,4,347,1.06017477119666e+19,GALAXY,0.7792075,9416,58098,997
1836,1.237678622245061e+18,40.5547719014911,3.51807750337908,24.58291,23.0533,22.37429,21.64602,22.71531,7718,301,2,259,1.0601557496455e+19,GALAXY,0.8877272,9416,58098,305
56223,1.2376672105084357e+18,133.379367379368,18.8268039301481,25.05217,22.84633,22.22493,21.83022,20.76332,5061,301,2,129,1.0760446272517462e+19,GALAXY,0.1701716,9557,58098,803
36175,1.2376786222456517e+18,41.8697707557263,3.39244758447916,25.90632,22.17528,21.16161,20.9365,20.84791,7718,301,2,268,1.0601490976001511e+19,GALAXY,0.9990173,9416,58098,63
44823,1.237678661978948e+18,41.3922598043627,4.03642289420693,22.47114,22.8022,21.93124,21.24712,21.67894,7727,301,4,342,1.060172077393172e+19,GALAXY,0.7296088,9416,58098,899
41524,1.237678622245586e+18,41.8143742207856,3.46766800844724,23.38388,23.13801,22.00822,21.58316,21.63424,7718,301,2,267,1.06014904262457e+19,GALAXY,0.7741146,9416,58098,61
97743,1.237678881032569e+18,27.2487803643749,-1.92052926030932,22.86608,22.47408,21.8187,21.51936,20.62782,7778,301,4,499,1.0557633656192784e+19,GALAXY,0.7517651,9377,58098,255
15891,1.237663782598607e+18,27.0053874810183,-1.2070431672591,23.21986,22.53292,21.9414,21.1679,20.55553,4263,301,1,296,1.0557613864983484e+19,GALAXY,0.8065994,9377,58098,183
18107,1.2376637825989345e+18,27.7138765819705,-1.14198084538874,22.95433,22.19712,21.71106,20.99579,20.44263,4263,301,1,301,1.0557585002803255e+19,GALAXY,0.7973265,9377,58098,78
47953,1.2376664079176837e+18,27.753626820334,-0.185559522499223,23.07966,22.35413,22.00181,21.20285,20.7329,4874,301,3,606,1.05578282697509e+19,GALAXY,0.8528123,9377,58098,963
95283,1.237678623855936e+18,41.213063599422,4.70401449708387,22.01478,21.69817,21.21584,20.37399,20.37582,7718,301,5,263,1.0601709503937532e+19,GALAXY,0.8223475,9416,58098,858
50599,1.237678623856e+18,41.3771577698632,4.83701736902821,24.00532,23.08654,22.67062,21.54041,21.16354,7718,301,5,264,1.0601705930524744e+19,GALAXY,0.8169206,9416,58098,845
96001,1.237667209972024e+18,134.405094374853,18.9561879894213,24.14634,23.40971,22.35233,21.99965,21.58697,5061,301,1,136,1.0760495475662805e+19,GALAXY,0.9149216,9557,58098,982
20510,1.237667211045241e+18,132.918300541825,19.1728751628999,22.68455,22.57837,22.42644,22.05072,22.06937,5061,301,3,128,1.0760409988633743e+19,GALAXY,0.8292344,9557,58098,671
53669,1.2376672105083707e+18,133.221294078739,18.8523204094852,25.56141,22.91386,22.39841,21.47905,21.72936,5061,301,2,128,1.0760435277401184e+19,GALAXY,0.7843828,9557,58098,763
2664,1.2376637825987384e+18,27.309266208738,-1.13036083530325,23.23995,22.49392,22.04955,21.75395,21.86149,4263,301,1,298,1.055760699303581e+19,GALAXY,0.8211906,9377,58098,158
43872,1.2376786619787515e+18,41.0137875193163,4.16147565606401,21.62183,22.04405,21.45822,20.56799,20.32566,7727,301,4,339,1.060170345662358e+19,QSO,1.193035,9416,58098,836
97838,1.2376672099713687e+18,132.954776948935,18.3480847873389,25.26059,22.86624,21.86916,20.94521,20.09206,5061,301,1,126,1.0760417960093e+19,GALAXY,0.7501072,9557,58098,700
20208,1.2376672105080433e+18,132.452205929888,18.5985596573912,23.78245,23.30394,22.67348,21.78558,22.21181,5061,301,2,123,1.0760392671325608e+19,QSO,1.866488,9557,58098,608
48592,1.237666407917552e+18,27.4110422738219,-0.0686409799976347,22.57159,22.36921,21.68592,21.58097,21.69711,4874,301,3,604,1.0557816450000902e+19,GALAXY,0.6881113,9377,58098,920
18357,1.2376788906691796e+18,27.6419532313581,-1.40842728248326,24.51273,22.3523,22.09464,21.9023,22.2942,7780,301,6,86,1.055758995060558e+19,STAR,-0.0005697622,9377,58098,96
7072,1.2376788815687196e+18,25.683410382619,-1.53742365169094,23.08893,23.09485,22.13022,21.24939,21.61203,7778,301,5,488,1.0557685608117197e+19,GALAXY,0.7474819,9377,58098,444
97555,1.2376637836720873e+18,26.4602827089216,-0.227414615167626,24.85647,22.43053,21.8278,21.07803,20.92031,4263,301,3,292,1.0557751303937e+19,GALAXY,0.7816059,9377,58098,683
13427,1.2376637825990664e+18,28.1101244172937,-1.07879597126994,24.17413,22.80783,23.07764,22.71711,21.47566,4263,301,1,303,1.0557564112082328e+19,GALAXY,0.9091783,9377,58098,2
22699,1.237678622245192e+18,40.868351990559,3.6084524008959,22.02242,22.43797,21.77436,21.14508,20.85685,7718,301,2,261,1.0601538255001508e+19,GALAXY,0.7524812,9416,58098,235
190,1.2376786222450616e+18,40.4976776739913,3.56016093360399,23.20226,24.53431,23.82936,22.09652,22.75254,7718,301,2,259,1.0601559970356156e+19,GALAXY,0.5301569,9416,58098,314
34174,1.237663782599e+18,27.8621724056174,-1.12120131174855,22.87891,22.28101,22.42413,21.25633,20.73779,4263,301,1,302,1.0557583903291628e+19,GALAXY,0.816688,9377,58098,74
48783,1.237666407917814e+18,27.9664709013456,-0.087073883852757,24.75747,22.44953,22.49834,21.6868,20.83505,4874,301,3,608,1.0557827719995089e+19,GALAXY,0.7825564,9377,58098,961
59714,1.2376672110450452e+18,132.636958862163,19.0216557261171,24.43781,22.08577,21.47808,21.09482,20.92224,5061,301,3,125,1.0760401192540723e+19,GALAXY,0.1609409,9557,58098,639
60914,1.237663783135282e+18,26.6170858264968,-0.824699213025021,23.41693,22.77144,21.99375,21.29629,21.53699,4263,301,2,293,1.0557650698623e+19,GALAXY,0.7946024,9377,58098,317
98467,1.237678881032635e+18,27.465762589862,-1.89515720832215,22.4541,21.65591,21.21185,21.00298,20.49634,7778,301,4,500,1.0557621011809065e+19,GALAXY,0.7613935,9377,58098,209
63617,1.237678619043759e+18,34.991124016274,2.28899392688462,23.09561,24.07989,22.04389,21.56686,22.49514,7717,301,4,563,1.0566821450249165e+19,GALAXY,0.7870401,9385,58099,912
51409,1.237657609104524e+18,116.108637956201,30.9367933252394,21.58645,21.7024,21.42071,20.89263,20.83612,2825,301,6,60,1.1585767737889411e+19,QSO,2.02038,10290,58099,937
6116,1.237678619580367e+18,34.3806104166264,2.62630115007757,23.35974,22.13111,21.48476,20.72702,20.18233,7717,301,5,559,1.056677609539452e+19,GALAXY,0.8081244,9385,58099,747
43311,1.2376786190430377e+18,33.3597906075502,2.26598105665936,23.60221,23.33758,23.25421,21.52108,22.43017,7717,301,4,552,1.0566721669568944e+19,GALAXY,0.8409382,9385,58099,549
175,1.237657608567456e+18,116.095889325065,30.4566115060208,20.16698,20.08098,20.14427,19.85855,19.66567,2825,301,5,57,1.1585529143866184e+19,QSO,2.050636,10290,58099,69
11466,1.2376575956828823e+18,116.156429831033,30.7023880394107,22.24908,22.09314,21.6733,21.48396,21.46042,2822,301,5,62,1.158553134288944e+19,QSO,1.245519,10290,58099,77
1739,1.2376576085673254e+18,116.004903806063,30.1604146288608,21.51415,21.58237,21.6176,21.3235,20.93199,2825,301,5,55,1.15855376650813e+19,QSO,1.845049,10290,58099,100
44685,1.237657609103869e+18,115.119643926146,29.7903806374444,21.27979,21.00084,20.92235,20.8503,20.53017,2825,301,6,50,1.1585578896767345e+19,QSO,2.163049,10290,58099,250
57839,1.2376576091041308e+18,115.458409103985,30.2319151110697,21.90428,22.07902,21.87028,21.7351,20.83999,2825,301,6,54,1.158556020506967e+19,QSO,0.9302292,10290,58099,182
61169,1.2376786185061015e+18,33.2410586083786,1.9182374870906,23.29679,22.64882,21.99267,21.57397,22.00675,7717,301,3,551,1.0566726067615455e+19,GALAXY,0.3417156,9385,58099,565
41012,1.2376546536315305e+18,114.130942434851,30.9875994086256,24.75458,22.71532,21.96766,20.86431,19.97618,2137,301,5,81,1.1585677577935935e+19,GALAXY,1.731173,10290,58099,609
713,1.23765760856726e+18,115.814491298943,30.1447105817442,20.90764,20.93948,20.69397,20.69178,20.73838,2825,301,5,54,1.1585547835563856e+19,QSO,1.408888,10290,58099,137
48094,1.23765760910472e+18,116.409037165329,31.3681514581886,18.61543,18.88776,19.30172,19.60393,19.87105,2825,301,6,63,1.1585774609837089e+19,QSO,5.454341,10290,58099,962
57633,1.2376576091039342e+18,115.15202248511,30.0323778153654,21.48299,21.06277,20.69825,20.74788,21.27547,2825,301,6,51,1.1585569001162693e+19,QSO,0.9565398,10290,58099,214
86926,1.2376637847491057e+18,33.866879549735,0.501763930365394,22.59683,22.25287,21.86744,21.372,20.79292,4263,301,5,342,1.056667329105732e+19,GALAXY,1.41239,9385,58099,373
7711,1.2376786179690995e+18,32.9221002602075,1.36954600285032,24.72119,22.94878,22.26708,21.7492,21.48968,7717,301,2,549,1.0566707375917783e+19,GALAXY,0.8718491,9385,58099,497
60306,1.2376786185060357e+18,33.0678077155108,1.91762967368305,23.04439,22.2073,21.56675,20.90503,20.45043,7717,301,3,550,1.0566709300063132e+19,GALAXY,0.763321,9385,58099,504
45151,1.2376576091037376e+18,114.814368282037,29.5988559094212,22.09109,21.82332,21.51981,21.46387,22.05108,2825,301,6,48,1.1585589617005711e+19,QSO,1.088008,10290,58099,289
46318,1.2376576091044582e+18,115.968106886244,30.9511910830622,21.65566,21.2809,21.14575,21.0234,20.80111,2825,301,6,59,1.1585766913255692e+19,QSO,2.897763,10290,58099,934
46668,1.2376576091037376e+18,114.854761789041,29.6450799759029,21.59264,21.55014,21.53267,21.29898,21.16229,2825,301,6,48,1.158558824261618e+19,QSO,1.748433,10290,58099,284
46308,1.237657609104e+18,115.293840861085,29.9912335394793,21.50313,20.97046,20.53266,20.20889,20.04865,2825,301,6,52,1.1585568726284784e+19,QSO,2.228298,10290,58099,213
67164,1.2376785986329646e+18,12.8288106526489,3.67725518352723,24.86696,22.3533,22.04075,21.49553,20.87284,7712,301,6,415,1.0619576567922448e+19,GALAXY,0.7346474,9432,58100,322
95522,1.2376632049213115e+18,16.2504060255574,0.770559327205102,24.44795,23.15927,22.27514,21.79578,21.96878,4128,301,5,232,1.0575584832817224e+19,GALAXY,0.9543388,9393,58100,25
12470,1.237678598633096e+18,13.1547210044782,3.58893710247018,23.89798,24.16125,22.88161,22.2247,21.1779,7712,301,6,417,1.0619558700858495e+19,GALAXY,1.064533,9432,58100,257
40849,1.2376786179609733e+18,14.3607370258012,1.65500981892972,21.45213,19.77756,20.4959,21.39638,18.4899,7717,301,2,425,1.0575733816642787e+19,GALAXY,0.8521366,9393,58100,567
36176,1.237678622233199e+18,13.4048522489651,4.35249685454186,26.00966,22.6728,21.834,20.87698,20.75386,7718,301,2,78,1.0619711532974756e+19,GALAXY,0.733462,9432,58100,813
88602,1.2376786614297564e+18,13.2190458889412,4.59040107601529,23.11343,22.98513,22.44025,21.87715,21.74221,7727,301,3,154,1.061970768468406e+19,GALAXY,0.8519391,9432,58100,799
27673,1.2376786216969185e+18,14.7592186415055,3.91871920540149,23.55621,22.73517,22.05923,21.41458,21.10885,7718,301,1,87,1.0619489706503854e+19,GALAXY,0.7085444,9432,58100,6
61936,1.237678598632637e+18,12.1314258818587,3.6970900488675,22.74062,21.14025,20.89131,20.36125,19.49829,7712,301,6,410,1.0619615600585234e+19,GALAXY,0.7518971,9432,58100,464
80067,1.2376785986332923e+18,13.5751999937117,3.53438451520725,22.58592,21.95599,21.69801,21.38982,21.19366,7712,301,6,420,1.0619536435748e+19,GALAXY,0.8306586,9432,58100,176
27315,1.237679582159766e+18,33.7266539007483,30.1703675721472,21.61065,21.17562,20.88581,20.28094,20.03519,7941,301,6,99,8.712249898928723e+18,QSO,1.688723,7738,58100,132
99949,1.2376788938944684e+18,34.6029207797966,31.51409068935,22.45167,21.19384,20.60153,20.56568,20.14365,7781,301,4,148,8.712484369783347e+18,QSO,2.418509,7738,58100,985
10995,1.2376637852782428e+18,16.2887463649413,0.882996614631691,18.35976,18.0011,18.0146,17.96661,18.04696,4263,301,6,224,1.0575587581596291e+19,QSO,0.6509618,9393,58100,35
46464,1.2376786619756708e+18,33.8500158154429,4.56131304498302,23.82182,22.72598,21.82888,21.03407,22.20405,7727,301,4,292,1.0609608395505e+19,GALAXY,0.7156217,9423,58100,922
21520,1.2376786216962632e+18,13.230580224898,3.98985953785892,22.94822,23.1646,22.19077,21.44562,21.29263,7718,301,1,77,1.0619563373782915e+19,GALAXY,1.045129,9432,58100,274
92999,1.2376663397253775e+18,15.5465501066218,0.291803966292405,24.60484,21.99806,21.48508,20.74906,21.22176,4858,301,4,458,1.0575636509863727e+19,GALAXY,0.8710418,9393,58100,213
75441,1.237678598632637e+18,12.0492795874469,3.55099634105602,21.27679,21.45053,21.24651,20.69808,20.31624,7712,301,6,410,1.0619616425219e+19,GALAXY,0.9842416,9432,58100,467
16830,1.237678617424954e+18,16.209173228548,1.20593366352878,23.46767,22.74075,22.42805,21.75157,21.89775,7717,301,1,438,1.057584679146254e+19,GALAXY,0.722084,9393,58100,978
87830,1.237678661430215e+18,14.1773799225091,4.54431448240018,23.67285,22.81605,22.28144,21.85154,21.04109,7727,301,3,161,1.0619753314416611e+19,GALAXY,0.9234022,9432,58100,965
62103,1.2376632049211151e+18,15.9066578313564,0.776274679262861,23.03403,22.63987,22.72594,21.99271,21.75126,4128,301,5,229,1.0575605998416058e+19,GALAXY,0.8110713,9393,58100,102
80779,1.237678809064932e+18,13.2914285113503,35.7811502994638,26.32258,22.79362,21.32,20.19841,19.49736,7761,301,6,88,8.68880913565826e+18,GALAXY,0.6175063,7717,58100,871
95568,1.237666339724985e+18,14.6788499853807,0.321781988392792,22.83876,22.45109,21.86773,21.13672,20.98111,4858,301,4,452,1.0575681589840468e+19,GALAXY,0.7311526,9393,58100,377
92002,1.2376786614390625e+18,34.4726245133093,4.07268698303207,23.05994,22.14104,21.76532,21.10554,20.65657,7727,301,3,296,1.0609629835981773e+19,GALAXY,0.8893142,9423,58100,1000
27364,1.237678621705241e+18,33.7806245626899,3.45992449981592,23.7272,22.57193,22.02106,21.04594,20.0495,7718,301,1,214,1.060938711878994e+19,GALAXY,0.9638474,9423,58100,117
12858,1.237678598632768e+18,12.3607714268994,3.56168370022576,21.63774,21.28237,20.97482,20.54361,20.60154,7712,301,6,412,1.0619610103027096e+19,GALAXY,0.8505437,9432,58100,444
15287,1.2376785986331617e+18,13.3687901596523,3.63675073549753,23.81869,22.30485,22.03642,22.4103,21.31596,7712,301,6,418,1.061956035012594e+19,GALAXY,0.2460739,9432,58100,263
38289,1.2376786216962624e+18,13.1999591926937,4.06530194339923,23.04368,23.34979,22.40165,22.17069,20.84102,7718,301,1,77,1.0619568871341052e+19,GALAXY,1.016458,9432,58100,294
95969,1.2376663397254436e+18,15.6283570955149,0.35310377376772,23.64088,22.62396,22.00625,21.79433,21.3414,4858,301,4,459,1.0575624964991635e+19,GALAXY,0.8908812,9393,58100,171
77420,1.23767859863303e+18,13.0216664237283,3.68740589333912,25.03694,22.59073,21.85159,21.31186,22.31771,7712,301,6,416,1.0619577117678262e+19,GALAXY,0.7355519,9432,58100,324
23623,1.2376786619664307e+18,12.7283198889326,4.98816041018926,25.11258,22.95673,21.90397,21.68812,21.18601,7727,301,4,151,1.061967167567825e+19,GALAXY,0.3003674,9432,58100,668
10415,1.2376637852772595e+18,14.0200088702265,0.857392061921535,19.26216,18.99417,19.02277,18.95411,18.89231,4263,301,6,209,1.057571100177651e+19,QSO,0.694382,9393,58100,484
66611,1.2376785986329644e+18,12.8000431820919,3.68307906116308,22.10968,22.30576,21.63605,20.9973,22.048,7712,301,6,415,1.0619587563038726e+19,GALAXY,0.8558395,9432,58100,362
95059,1.237666339724788e+18,14.2259622252289,0.382076517799499,22.62925,22.66017,22.38603,21.82005,22.82436,4858,301,4,449,1.057569945690442e+19,GALAXY,0.7199533,9393,58100,442
31331,1.237678621695738e+18,12.0917767811096,4.10205728360951,19.9653,25.64135,25.33376,23.03091,21.72022,7718,301,1,69,1.0619625221312e+19,GALAXY,1.667782,9432,58100,499
22548,1.2376795821595694e+18,33.1190391019303,30.2192492454283,23.95545,21.23874,20.56808,20.37399,19.92503,7941,301,6,96,8.712295803539184e+18,STAR,-0.0006532359,7738,58100,299
86775,1.2376637847407823e+18,14.828041821069,0.425850338294523,23.33009,22.08799,21.70916,20.62982,19.90898,4263,301,5,215,1.0575678016427676e+19,GALAXY,0.7740957,9393,58100,364
14414,1.2376785986332273e+18,13.5177572481181,3.52409356096938,22.83116,22.58394,21.61658,20.62877,20.01554,7712,301,6,419,1.0619541108672453e+19,GALAXY,0.8496071,9432,58100,193
99317,1.23767889389401e+18,33.401726574322,31.6422874008697,23.80144,22.08032,21.3803,21.10587,21.74108,7781,301,4,141,8.71243461688219e+18,QSO,3.255667,7738,58100,804
5164,1.2376786179616284e+18,15.8580301583465,1.77546426766156,22.54991,22.52934,21.76787,21.19402,21.24232,7717,301,2,435,1.057583084854394e+19,GALAXY,0.7865068,9393,58100,920
26504,1.237679582159438e+18,32.8789962993278,30.2836181402044,19.60637,19.42164,18.87198,18.7058,18.66472,7941,301,6,94,8.712305974021741e+18,QSO,1.119834,7738,58100,336
93221,1.2376786614385382e+18,33.3552240630301,4.16401505120204,23.53337,22.98338,22.14877,21.4411,21.56711,7727,301,3,288,1.0609579533324802e+19,GALAXY,0.6885756,9423,58100,817
92292,1.2376786614383416e+18,32.8471581421477,4.14201528994986,24.6209,22.56751,21.94807,21.88284,21.37843,7727,301,3,285,1.060955809284806e+19,GALAXY,1.192663,9423,58100,739
53059,1.2376786222333957e+18,13.7928740825651,4.34591089716439,24.78106,22.63484,21.76447,21.41753,20.8309,7718,301,2,81,1.0619731873939872e+19,GALAXY,0.7017238,9432,58100,887
53058,1.2376786222331336e+18,13.2918990042778,4.47508323181592,22.2828,22.36747,21.86723,21.03674,21.38266,7718,301,2,77,1.0619709883707316e+19,GALAXY,0.7538195,9432,58100,807
36801,1.2376786217048476e+18,32.9285810269243,3.55338879618829,23.83575,24.298,22.17606,21.40785,23.44484,7718,301,1,208,1.0609414331702729e+19,GALAXY,0.7996441,9423,58100,216
13396,1.2376784396980065e+18,33.5797745870301,3.43171291990756,23.63405,22.37395,21.63518,21.22252,20.63548,7675,301,6,92,1.060940058780738e+19,GALAXY,0.3319587,9423,58100,166
96381,1.2376788938943375e+18,34.3142697766016,31.5786676286342,22.80651,22.00215,21.85658,21.64752,22.45296,7781,301,4,146,8.712480246614742e+18,QSO,1.766682,7738,58100,970
94420,1.2376632049211807e+18,16.078129928332,0.778224710996492,22.44157,23.02589,22.50402,21.49864,20.82015,4128,301,5,230,1.05755958279335e+19,GALAXY,0.9666121,9393,58100,65
22845,1.2376795821595036e+18,32.9282441849173,30.2648398886499,20.69339,20.53261,20.41369,19.95858,20.16944,7941,301,6,95,8.712306523777555e+18,QSO,1.872421,7738,58100,338
87051,1.237678661430084e+18,13.9921450766367,4.54611457373842,23.08922,22.42151,21.5736,21.17091,20.7831,7727,301,3,159,1.0619741219788708e+19,GALAXY,0.6881213,9432,58100,921
65518,1.2376785986327022e+18,12.2155943787417,3.64037750180177,23.08817,22.74582,22.22647,21.84855,20.65784,7712,301,6,411,1.061961505082942e+19,GALAXY,1.102356,9432,58100,462
87050,1.237678661429953e+18,13.6274140299263,4.52962595075305,23.12308,22.82441,21.94625,22.12773,22.07558,7727,301,3,157,1.0619719229556152e+19,GALAXY,1.170173,9432,58100,841
29431,1.2376786217054377e+18,34.241457636839,3.47212674258741,26.00583,23.77891,23.5988,21.84608,23.33679,7718,301,1,217,1.0609362104900407e+19,GALAXY,0.9127803,9423,58100,26
88117,1.237678661429691e+18,13.0813848231741,4.60655347291998,22.06725,21.95222,21.32775,20.91673,20.75496,7727,301,3,153,1.0619696414689876e+19,GALAXY,0.8009745,9432,58100,758
26078,1.2376795821599624e+18,34.1540716942388,29.9841654339737,20.38316,20.25303,20.03715,19.7907,19.75784,7941,301,6,102,8.712226534306634e+18,QSO,1.694454,7738,58100,47
99318,1.2376788938941404e+18,33.6432434596289,31.6541983773307,24.82154,23.01651,21.70659,20.67118,19.97087,7781,301,4,143,8.712451934190328e+18,STAR,1.370632e-05,7738,58100,867
86787,1.237678661429756e+18,13.133686247548,4.65330755629236,22.50742,22.11687,21.56858,21.43605,22.05909,7727,301,3,154,1.0619694765422434e+19,QSO,1.050157,9432,58100,752
41526,1.2376786222327404e+18,12.327794822009,4.51238610845011,23.80264,22.50838,22.67092,21.72751,22.2928,7718,301,2,71,1.0619643638131745e+19,GALAXY,0.9784148,9432,58100,566
13322,1.2376785986330957e+18,13.1890043675461,3.56243058386286,24.03376,22.36484,21.79537,22.01598,21.92185,7712,301,6,417,1.061955402793408e+19,QSO,0.06532913,9432,58100,240
10040,1.237663785278112e+18,15.8727165287412,0.948865171072919,23.15711,22.03186,21.32842,20.67224,20.55448,4263,301,6,222,1.0575619742311404e+19,GALAXY,0.1210209,9393,58100,152
98203,1.2376788938944684e+18,34.5474969321707,31.4673849887638,23.9364,21.95448,21.27018,21.28612,21.11179,7781,301,4,148,8.712486843684509e+18,GALAXY,0.4929616,7738,58100,994
6153,1.2376786179613668e+18,15.2557658684972,1.74029845307864,22.70871,22.52374,21.37688,20.81217,21.37265,7717,301,2,431,1.057578741783464e+19,GALAXY,0.8966778,9393,58100,762
88874,1.2376786195799086e+18,33.3886045911273,2.77221242089374,24.35298,22.77628,22.18835,21.71561,21.35623,7717,301,5,552,1.0609422303162e+19,GALAXY,1.069266,9423,58100,245
13507,1.2376784396982687e+18,34.1803415965876,3.39023929709649,24.94697,22.74383,22.25974,21.47162,20.82154,7675,301,6,96,1.0609369251726e+19,GALAXY,0.7511563,9423,58100,52
25416,1.2376788938934856e+18,32.022421920715,31.9989781476207,22.61846,23.30905,23.3242,21.38561,19.96279,7781,301,4,133,8.712363423504291e+18,GALAXY,1.010379,7738,58100,545
99721,1.237666339724985e+18,14.6922799255738,0.391816577530127,23.71949,22.87787,22.15157,21.93776,21.54336,4858,301,4,452,1.05756788410614e+19,GALAXY,0.7596702,9393,58100,367
86879,1.2376786195712576e+18,13.5137550577857,3.08792538599884,24.64269,22.03591,21.97282,21.00221,21.93843,7717,301,5,420,1.0619540284038732e+19,GALAXY,0.8021147,9432,58100,190
91822,1.2376786614386035e+18,33.3708268866037,4.09275099674045,22.37359,22.19985,21.70193,21.07531,20.24641,7727,301,3,289,1.060959052844108e+19,GALAXY,0.7485887,9423,58100,857
24669,1.2376795821599624e+18,34.2231693397238,30.1139949077992,20.44149,20.15945,19.92519,19.72295,19.51829,7941,301,6,102,8.712227084062448e+18,QSO,0.4924701,7738,58100,49
99389,1.2376663397268849e+18,18.9370336827953,0.401786009598146,24.38741,23.29636,22.53354,22.12549,21.64416,4858,301,4,481,1.057909007590335e+19,QSO,1.262792,9396,58101,489
49057,1.2376576091049167e+18,116.752698985035,31.6349672425681,22.07637,22.06035,22.0057,21.71399,22.3722,2825,301,6,66,1.158681089957982e+19,QSO,1.834357,10291,58101,636
28108,1.2376577766091003e+18,118.547403901745,29.0953463453813,21.61673,21.328,21.1993,20.85493,20.74934,2864,301,6,73,1.158234138481291e+19,QSO,1.669209,10287,58101,760
97719,1.2376575940722035e+18,117.050469365846,29.8211641182802,20.54352,20.06165,19.87963,19.74528,19.47515,2822,301,2,61,1.1586738331812389e+19,QSO,2.167811,10291,58101,372
33997,1.237657629505816e+18,119.227742253568,28.2239607756029,23.71312,22.37417,21.41953,19.99322,19.33229,2830,301,4,63,1.158217398416758e+19,GALAXY,0.7976007,10287,58101,151
55,1.2376574013356777e+18,117.825452528454,28.948281038572,21.78552,21.67436,21.9174,20.55012,19.68962,2777,301,3,63,1.1582278987528e+19,GALAXY,0.0,10287,58101,533
30722,1.23767859863362e+18,14.3153879714079,3.52222275645662,22.33685,22.08404,21.60976,21.27902,21.44731,7712,301,6,425,1.0615232672375788e+19,QSO,1.031851,9428,58101,903
64946,1.237657630042358e+18,118.312580185361,28.0056881695624,23.09123,21.00981,21.85602,19.34839,19.01506,2830,301,5,58,1.1582216040487344e+19,STAR,0.0001537388,10287,58101,304
92232,1.2376663397274097e+18,20.2015655311635,0.34177733417862,22.29173,22.43926,22.09778,21.36766,20.45467,4858,301,4,489,1.0579039498368471e+19,GALAXY,0.8091234,9396,58101,305
30694,1.237678617960121e+18,12.3838859666301,1.72759225307042,22.95767,22.0966,21.5275,21.04422,20.85731,7717,301,2,412,1.06151183231665e+19,QSO,0.7701327,9428,58101,487
7065,1.237678617968182e+18,30.8390285825326,1.4184178708626,22.86432,22.78371,22.38569,21.79033,22.29629,7717,301,2,535,1.0568850873869689e+19,GALAXY,0.7470819,9387,58101,103
76098,1.2376786179631355e+18,19.2109572030377,1.72404019018666,24.6113,22.86453,21.98031,21.67255,22.57604,7717,301,2,458,1.0579095023705676e+19,GALAXY,0.6928034,9396,58101,507
92351,1.2376663397276063e+18,20.5621879143371,0.308688547301226,22.58946,22.44621,21.81097,21.15903,21.16903,4858,301,4,492,1.057900568838592e+19,GALAXY,0.9502664,9396,58101,182
86479,1.2376786195789256e+18,31.0696000292298,2.79141822882553,23.22625,22.58934,22.10673,21.23094,21.23234,7717,301,5,537,1.0569073524974311e+19,GALAXY,0.750885,9387,58101,913
4572,1.237666338653733e+18,20.2727789011265,-0.501993689938009,22.98428,22.40703,21.73932,21.24185,20.72651,4858,301,2,490,1.057903345105452e+19,GALAXY,0.756122,9396,58101,283
40604,1.2376785980965527e+18,13.921278823396,3.16784834769717,23.41959,23.42216,23.08603,21.99262,21.25963,7712,301,5,422,1.0615212056532769e+19,GALAXY,0.735981,9428,58101,828
38575,1.237678619578991e+18,31.2022854288774,2.83805760961832,23.11696,22.54175,22.22152,21.87958,20.97675,7717,301,5,538,1.056909056740454e+19,GALAXY,0.3617752,9387,58101,975
92762,1.237666339727344e+18,20.0699154566959,0.32877449973204,24.1033,22.61599,22.18849,21.26007,20.29556,4858,301,4,488,1.0579053517141727e+19,GALAXY,1.27118,9396,58101,356
5373,1.2376786179601208e+18,12.343976540525,1.75976708575703,23.02188,22.99549,21.71299,21.36073,21.50496,7717,301,2,412,1.0615119422678129e+19,GALAXY,0.6910713,9428,58101,491
94432,1.2376663397270815e+18,19.4174423565254,0.355703638613823,22.90744,22.94641,22.1476,21.5006,20.60017,4858,301,4,484,1.0579083753711491e+19,GALAXY,0.8467713,9396,58101,466
49187,1.237678619041858e+18,30.6136918785097,2.39701766371139,23.94539,24.67239,23.98289,22.4966,22.5379,7717,301,4,534,1.0569054558398732e+19,GALAXY,1.004615,9387,58101,844
48404,1.237657595683472e+18,117.077057206756,31.7977364789618,22.10382,22.1418,21.94583,21.63237,21.39561,2822,301,5,71,1.15868180464054e+19,QSO,2.040882,10291,58101,662
28012,1.2376577766087729e+18,117.943378470744,28.5626631495492,21.03836,20.8129,20.7163,20.45953,20.22962,2864,301,6,68,1.158230180239431e+19,QSO,1.521465,10287,58101,616
96664,1.2376575940723343e+18,117.454978473331,29.9828511945632,21.91445,21.7084,21.29909,21.31624,21.00216,2822,301,2,63,1.1586705346463551e+19,QSO,0.9798435,10291,58101,252
31839,1.2376576080315028e+18,118.153748662621,31.7386371786281,19.77173,19.52304,19.35554,19.19872,19.23363,2825,301,4,71,1.158687577076586e+19,QSO,1.458472,10291,58101,872
94574,1.2376663397274752e+18,20.3380244755112,0.336573580481708,22.43715,23.0732,22.43413,21.7712,21.93327,4858,301,4,490,1.0579028228374288e+19,GALAXY,0.875562,9396,58101,264
92207,1.2376663397274752e+18,20.3363129635931,0.400192695244159,23.30145,22.60651,21.87374,21.31433,20.78928,4858,301,4,490,1.0579029602763823e+19,GALAXY,0.9593743,9396,58101,269
61869,1.23765759622008e+18,116.202302545544,31.5147288001947,20.37745,20.20577,19.9702,19.94385,19.8308,2822,301,6,67,1.1586789459103078e+19,QSO,1.387659,10291,58101,558
95584,1.2376632049226875e+18,19.4113254116793,0.806634437524581,22.98029,22.18722,21.79741,21.30529,21.09973,4128,301,5,253,1.0579119487839392e+19,GALAXY,0.7042458,9396,58101,596
98605,1.23766320492354e+18,21.3827886345035,0.634420136453202,22.53465,22.82989,23.06283,21.94586,21.15602,4128,301,5,266,1.0578965006455691e+19,GALAXY,0.8799189,9396,58101,34
97255,1.2376575940727276e+18,117.992512391212,30.6161502465795,21.0354,20.09059,19.94,19.90633,19.63745,2822,301,2,69,1.15866795079403e+19,QSO,2.272274,10291,58101,158
45727,1.2376786185053143e+18,31.3753913965927,1.81959704450204,20.09992,19.73216,19.68087,19.37713,19.33996,7717,301,3,539,1.0568831082660389e+19,QSO,0.5673313,9387,58101,31
30872,1.237657776609297e+18,118.928531940492,29.5242362627485,21.05067,21.28599,21.39288,20.99176,20.6614,2864,301,6,76,1.1582360626266397e+19,QSO,1.977693,10287,58101,830
85374,1.2376785986332923e+18,13.6082279710783,3.67879457968684,22.41007,22.5497,22.20656,21.98622,23.04958,7712,301,6,420,1.0615188142154865e+19,GALAXY,0.9943903,9428,58101,741
46891,1.2376576091043927e+18,115.99147056781,30.7670219281349,21.84429,21.73396,21.45465,21.16659,21.2755,2825,301,6,58,1.1586779013742617e+19,QSO,1.5055,10291,58101,520
51176,1.237657609104392e+18,115.780792315525,30.8006734237039,18.80534,17.93966,17.57819,17.43021,17.35263,2825,301,6,58,1.1586777364475173e+19,STAR,0.0002364385,10291,58101,514
77293,1.23767859863303e+18,13.0306481590377,3.53754550079215,22.45096,22.1517,21.48426,20.73214,20.95758,7712,301,6,416,1.0615146085835102e+19,GALAXY,0.6692581,9428,58101,588
99890,1.2376804792719124e+18,13.45737173783,33.0575510129754,25.89567,23.7829,21.71621,20.6279,19.69994,8150,301,5,112,8.692073035942091e+18,GALAXY,0.8415874,7720,58101,457
16305,1.2376786174307863e+18,29.6176168311529,1.17592588403344,24.60933,22.79844,23.22375,22.77683,22.32557,7717,301,1,527,1.0568926190416187e+19,GALAXY,0.7865795,9387,58101,377
39406,1.2376788938868004e+18,13.9167169430857,34.7480800055508,22.6728,22.16147,21.71639,20.67871,19.98212,7781,301,4,31,8.69211096909325e+18,GALAXY,0.6877476,7720,58101,595
14413,1.2376785986332273e+18,13.467671175283,3.54654802113901,22.38469,22.78259,21.92662,20.73218,21.58442,7712,301,6,419,1.0615177971672308e+19,GALAXY,1.042568,9428,58101,704
67649,1.2376576295057505e+18,118.957258708918,28.1743872161236,27.76688,23.83324,21.2575,20.2357,19.41641,2830,301,4,62,1.1582185529039671e+19,GALAXY,0.7510443,10287,58101,193
14946,1.2376785986334894e+18,14.0352795999738,3.58872196654489,21.60383,21.30168,20.75664,19.76118,19.29265,7712,301,6,423,1.0615222501893233e+19,GALAXY,0.8226318,9428,58101,866
98097,1.237663204923147e+18,20.5108897398904,0.729718145792774,23.49728,22.35644,21.63721,21.03382,20.85048,4128,301,5,260,1.0579020531792892e+19,GALAXY,0.9502519,9396,58101,236
34367,1.2376576295054884e+18,118.593794223749,27.7061994016541,25.48526,24.60521,22.07451,20.91971,19.95646,2830,301,4,58,1.1582203121225716e+19,GALAXY,0.8228351,10287,58101,257
99153,1.23768047927224e+18,14.2652537609168,32.9820969828294,25.23126,23.63967,22.02725,20.72325,19.96189,8150,301,5,117,8.69203785157e+18,GALAXY,0.539675,7720,58101,329
18921,1.2376637852768668e+18,13.1351404095247,0.8564082764813,19.86478,19.18265,18.8273,18.60746,18.25928,4263,301,6,203,1.0615073792945576e+19,QSO,0.4088539,9428,58101,325
91863,1.2376663397276063e+18,20.5869878800065,0.414577877933991,23.00268,21.62874,21.1675,20.40907,19.51193,4858,301,4,492,1.057900651301964e+19,GALAXY,0.9496324,9396,58101,185
92498,1.237666339727344e+18,19.992347378857,0.236151729083488,22.65615,22.26626,21.74507,21.19824,20.73915,4858,301,4,488,1.0579050768362656e+19,GALAXY,0.8248948,9396,58101,346
3218,1.2376785959491343e+18,14.0287599052754,1.60722290626182,23.22172,21.99689,21.44419,20.93211,20.29373,7712,301,1,423,1.0615033111015348e+19,QSO,0.8472714,9428,58101,177
10281,1.2376637852794227e+18,18.8901293329566,0.982878925155161,19.02906,18.77112,18.48322,18.27983,18.23728,4263,301,6,242,1.0579101620775442e+19,QSO,1.395644,9396,58101,531
15025,1.237678598633096e+18,13.1043712266011,3.55023167686842,20.75812,22.38182,20.98412,19.84641,20.60356,7712,301,6,417,1.0615155706561843e+19,GALAXY,0.859466,9428,58101,623
16074,1.2376786174267238e+18,20.3371496650951,1.31759509764744,24.06183,23.75025,21.86352,21.48763,21.15992,7717,301,1,465,1.05791711648859e+19,GALAXY,0.7008039,9396,58101,784
7850,1.237678617964184e+18,21.6158952696297,1.55644659217073,23.97489,22.82734,22.39711,22.18324,21.5228,7717,301,2,474,1.0579226140467288e+19,GALAXY,1.280906,9396,58101,984
61329,1.2376575962199496e+18,116.121231072167,31.2908972436445,20.99014,20.1988,19.78279,19.42639,19.03928,2822,301,6,65,1.1586780388132147e+19,QSO,2.195743,10291,58101,525
10035,1.237663785279619e+18,19.3284241268392,1.03833161142788,22.84213,22.29084,21.6333,20.93041,20.37149,4263,301,6,245,1.0579117013938231e+19,GALAXY,0.8584405,9396,58101,587
46584,1.2376576091045233e+18,116.144651074801,30.9453059613873,19.30525,19.30466,19.07783,19.1049,19.19808,2825,301,6,60,1.158678396154494e+19,QSO,1.165566,10291,58101,538
96071,1.237663204923474e+18,21.1956453523707,0.701788223180301,23.9775,22.64744,22.15369,20.99891,21.37646,4128,301,5,265,1.0578975451816155e+19,GALAXY,0.7936243,9396,58101,72
48050,1.2376571189421015e+18,118.339515818507,30.1351768956792,21.18074,19.1349,17.92638,17.39449,17.01386,2711,301,5,71,1.1586652295027511e+19,GALAXY,0.1585888,10291,58101,59
95165,1.2376663397268856e+18,19.0083486236109,0.346700007478431,22.83154,22.44153,22.22317,21.50471,21.20367,4858,301,4,481,1.0579090350781256e+19,GALAXY,0.8517597,9396,58101,490
28761,1.237657776608314e+18,117.162746328903,27.8499769563208,21.14928,21.35557,21.3664,20.8574,21.21265,2864,301,6,61,1.1582265518510594e+19,QSO,1.797439,10287,58101,484
74760,1.2376785986332923e+18,13.6098131275438,3.55780278707766,24.54946,22.61794,22.00416,22.19032,21.13494,7712,301,6,420,1.061519034117812e+19,GALAXY,0.7792354,9428,58101,749
67570,1.2376786179681823e+18,30.8422163747466,1.48953756748609,23.33273,22.47223,22.93452,21.8806,21.06099,7717,301,2,535,1.0568853347770847e+19,GALAXY,1.290648,9387,58101,112
40411,1.237678617963398e+18,19.8147091939022,1.63270379916666,24.28696,22.66678,21.39493,22.80257,21.41235,7717,301,2,462,1.0579125535153349e+19,QSO,2.114584,9396,58101,618
45325,1.237657609104524e+18,116.069684121671,30.9550296180168,21.92165,21.56768,21.63565,21.27274,20.9996,2825,301,6,60,1.1586783411789124e+19,QSO,1.696141,10291,58101,536
14415,1.237678598633358e+18,13.8089935169997,3.67196540086806,22.95338,22.43488,22.44942,21.28545,20.87341,7712,301,6,421,1.0615199687027e+19,GALAXY,0.8042088,9428,58101,783
98405,1.2376575940731868e+18,118.673055973037,31.5055927936549,21.82465,21.72474,21.04128,21.36233,21.39718,2822,301,2,76,1.1586898585632135e+19,QSO,1.388567,10291,58101,955
89766,1.237657774998684e+18,119.948165367117,28.6472665532788,22.25541,22.03994,21.70337,21.65245,20.6732,2864,301,3,76,1.1582401033318715e+19,GALAXY,0.3608074,10287,58101,977
29908,1.2376577766087729e+18,117.971154675081,28.6388907082437,21.96678,22.28879,22.00639,21.77505,21.4351,2864,301,6,68,1.1582302077272216e+19,GALAXY,0.4835476,10287,58101,617
48603,1.2376575956828168e+18,116.040395553552,30.5033376574371,20.72005,20.65801,20.5426,20.57154,20.48088,2822,301,5,61,1.1586768018626337e+19,QSO,1.196285,10291,58101,480
41259,1.23767861903478e+18,14.4527565732523,2.53085148072082,22.79571,22.29392,22.09993,21.5477,20.99229,7717,301,4,426,1.0615249989683927e+19,GALAXY,0.846332,9428,58101,966
31075,1.2376577766086415e+18,117.700240382323,28.4578996801421,20.74621,20.69196,20.4196,20.48657,20.38248,2864,301,6,66,1.1582302352150125e+19,QSO,1.096749,10287,58101,618
88617,1.237678595948938e+18,13.5511150040974,1.56447522661715,24.49953,22.9376,22.18238,21.71208,21.74108,7712,301,1,420,1.0615055101247904e+19,GALAXY,0.8583655,9428,58101,257
59450,1.2376575962202117e+18,116.452433367698,31.8362179828034,20.1507,19.94892,19.62932,19.71887,19.75354,2822,301,6,69,1.1586797705440289e+19,QSO,1.181076,10291,58101,588
97579,1.237663784743404e+18,20.8232995411621,0.479330959972901,22.7221,22.17582,21.62402,21.32279,20.59956,4263,301,5,255,1.057899469326964e+19,GALAXY,0.8965564,9396,58101,142
10511,1.2376571184049695e+18,118.165492293313,29.47877502002,26.53495,23.93267,21.80956,20.60498,19.80807,2711,301,4,67,1.1582317470435e+19,GALAXY,0.5240999,10287,58101,673
58122,1.2376786185052493e+18,31.2398359177948,2.01121119075769,21.86021,22.65156,21.95054,21.60703,21.21479,7717,301,3,538,1.0568832731927828e+19,GALAXY,0.8079134,9387,58101,37
67705,1.237657596220146e+18,116.418315321746,31.6010517200366,22.01169,21.94382,21.94224,21.56005,21.18058,2822,301,6,68,1.1586800179341447e+19,GALAXY,0.907761,10291,58101,597
92974,1.2376663397272783e+18,19.8402705119263,0.328050581059659,22.06865,22.07543,21.49331,21.02215,21.19063,4858,301,4,487,1.0579062313234747e+19,GALAXY,0.9342923,9396,58101,388
40946,1.2376576300422277e+18,117.932788734177,27.8271122380283,22.7196,21.20253,20.70177,20.44727,20.84021,2830,301,5,56,1.1582237480964084e+19,STAR,3.298554e-05,10287,58101,382
24813,1.2376576080313068e+18,117.673795494834,31.3858963871275,23.38593,24.84684,22.147,20.47785,19.50534,2825,301,4,68,1.158685680419028e+19,STAR,-1.500407e-05,10291,58101,803
24811,1.2376576080304543e+18,116.356017627973,29.9776204433454,21.77096,21.92321,21.54967,21.62713,21.0554,2825,301,4,55,1.1586760322044942e+19,QSO,1.293365,10291,58101,452
19939,1.2376786190341903e+18,13.1289893245986,2.48989654183662,23.33201,23.34889,22.12729,21.29343,21.37542,7717,301,4,417,1.0615161753875798e+19,GALAXY,0.8364559,9428,58101,645
29311,1.237657776609297e+18,118.879169554355,29.5388730879454,22.22642,22.2489,21.98456,21.68712,21.30592,2864,301,6,76,1.1582347981882675e+19,QSO,1.534522,10287,58101,784
37955,1.2376576080312407e+18,117.561946341052,31.2937636258106,21.56603,21.92066,21.56297,21.68601,21.79141,2825,301,4,67,1.1586856529312373e+19,QSO,1.103294,10291,58101,802
93608,1.2376663397274752e+18,20.3131014924231,0.329499785278053,22.80798,22.66746,21.83533,21.00977,20.09979,4858,301,4,490,1.0579029053008e+19,GALAXY,0.9832385,9396,58101,267
23663,1.2376786619673482e+18,14.8540682331021,4.96531123194948,22.78669,22.14039,21.7781,21.12282,21.22125,7727,301,4,165,1.0618545775805e+19,GALAXY,0.8150033,9431,58102,668
88072,1.2376786614303462e+18,14.5381923459215,4.57853293820602,23.92443,22.81413,22.34873,21.80234,21.44865,7727,301,3,163,1.061852708410729e+19,GALAXY,0.7585146,9431,58102,600
27466,1.2376786216966556e+18,14.1434871318384,4.06568092801535,22.47416,22.19177,21.80057,22.05874,21.71101,7718,301,1,83,1.0618510316555e+19,QSO,0.2003347,9431,58102,539
72979,1.2376785986337508e+18,14.6242702148335,3.66573474666158,22.82695,22.19277,21.89945,20.9231,21.89311,7712,301,6,427,1.0618469084868923e+19,GALAXY,1.001966,9431,58102,389
26487,1.2376786216975078e+18,16.0706502593509,4.00651495742737,21.50071,22.22485,21.47348,21.05854,20.9364,7718,301,1,96,1.0618619992839836e+19,GALAXY,0.917012,9431,58102,938
13882,1.2376785986333576e+18,13.7113485852227,3.73015271964625,23.43366,22.66858,22.65399,21.51565,21.19557,7712,301,6,421,1.0618498771682875e+19,GALAXY,1.625725,9431,58102,497
75483,1.2376785986345375e+18,16.4541060962023,3.57790966185501,22.525,22.05579,21.44275,20.9107,20.07086,7712,301,6,439,1.061836435638638e+19,GALAXY,0.6892596,9431,58102,8
86567,1.2376786614303465e+18,14.5939228960365,4.61581847110344,22.19659,22.65671,22.11409,21.49506,22.22118,7727,301,3,163,1.0618534780688683e+19,GALAXY,0.8197274,9431,58102,628
86288,1.2376786614305423e+18,14.9300229508709,4.5296025728063,22.9219,22.25906,21.6962,20.83342,21.06096,7727,301,3,166,1.0618559794578217e+19,GALAXY,0.7665911,9431,58102,719
12471,1.2376785986338163e+18,14.806457927441,3.59969492407713,23.38575,22.95078,22.80814,22.11446,21.88487,7712,301,6,428,1.0618448194148e+19,GALAXY,0.8824806,9431,58102,313
27132,1.2376786216973768e+18,15.7374175630045,3.99227072548149,22.75274,23.30439,22.24051,21.68484,21.18946,7718,301,1,94,1.0618608447967746e+19,QSO,0.6957173,9431,58102,896
12426,1.2376785986338824e+18,14.9587617366324,3.58170885399322,25.68185,22.76258,22.35654,21.58219,21.27428,7712,301,6,429,1.061843802366544e+19,GALAXY,0.7398763,9431,58102,276
20600,1.237678621697574e+18,16.2103864780936,3.99571143185244,25.24816,24.00093,22.15833,21.408,21.40088,7718,301,1,97,1.061860102626426e+19,GALAXY,0.0,9431,58102,869
86482,1.2376786614308705e+18,15.6882704864308,4.62111638876245,24.0392,22.52709,22.02991,21.78917,21.11234,7727,301,3,171,1.0618602125775886e+19,GALAXY,0.9035381,9431,58102,873
15714,1.237678598633358e+18,13.7961156769932,3.54884452432484,21.80192,22.53697,21.64649,20.96128,20.31525,7712,301,6,421,1.061849822192706e+19,QSO,1.226625,9431,58102,495
38288,1.2376786216968525e+18,14.5617841246416,3.89464946065637,22.86138,24.00199,22.13273,21.67164,21.1068,7718,301,1,86,1.0618532306787525e+19,GALAXY,0.9257092,9431,58102,619
50861,1.237678621697639e+18,16.3683198850514,4.01091079558549,22.51249,21.85215,21.75201,20.76358,20.39924,7718,301,1,98,1.0618631262834e+19,GALAXY,0.8202093,9431,58102,979
78152,1.23767866196761e+18,15.4145253473657,4.92445060748172,25.68252,22.58277,22.35423,21.66568,21.40649,7727,301,4,169,1.0618588107002632e+19,GALAXY,0.8299584,9431,58102,822
89149,1.2376786195717166e+18,14.5688749473611,2.97195446644014,24.33523,22.95479,22.57179,21.65901,21.57481,7717,301,5,427,1.061846331243288e+19,GALAXY,0.8859631,9431,58102,368
76570,1.2376785986341445e+18,15.5856135009564,3.6238309844307,22.90545,23.04426,22.27791,21.50389,21.11424,7712,301,6,433,1.061841465904335e+19,GALAXY,0.735319,9431,58102,191
59484,1.2376786185011208e+18,21.8278072135603,2.0667642904567,24.27871,23.18642,22.5657,21.84677,21.03678,7717,301,3,475,1.05848058871339e+19,GALAXY,0.8711219,9401,58103,803
86130,1.237680333797786e+18,26.6637612311019,29.1207942086419,20.76945,19.8843,19.50433,19.3565,19.34013,8116,301,6,385,8.706613252619262e+18,STAR,0.000513212,7733,58103,106
81389,1.2376646684247327e+18,130.00566667989,25.6674132224779,24.36129,22.77029,22.49284,21.79953,22.13908,4469,301,3,130,1.0815403712048288e+19,GALAXY,0.8469782,9606,58103,33
8544,1.237680313914098e+18,25.7791756009681,29.8638072401047,20.84912,20.92517,20.56683,20.55353,21.03535,8112,301,1,88,8.706785601066915e+18,QSO,1.130371,7733,58103,733
29880,1.237664092899181e+18,130.021421086633,25.335942508731,23.32097,22.75524,22.00317,21.25165,20.05835,4335,301,3,131,1.081540096326922e+19,GALAXY,0.7534599,9606,58103,23
72579,1.237678598634275e+18,15.7890940176276,3.51003966307255,22.3377,22.29312,21.75887,20.89493,20.36595,7712,301,6,435,1.0624096660274567e+19,GALAXY,0.7570564,9436,58103,382
68905,1.2376785986340787e+18,15.3817232405658,3.64209293750316,23.67278,22.89163,21.86674,21.99547,20.94283,7712,301,6,432,1.0624121124408283e+19,GALAXY,0.4935117,9436,58103,471
49616,1.2376664079178148e+18,28.0919050168195,-0.119744928569812,24.11591,23.30593,22.65512,21.3153,21.08667,4874,301,3,608,1.0572294544321436e+19,GALAXY,0.8362974,9390,58103,343
75824,1.2376785986341445e+18,15.5940912599008,3.64775154625707,21.82227,22.02949,21.22586,20.50423,20.54268,7712,301,6,433,1.0624111228803635e+19,GALAXY,0.7360322,9436,58103,435
67661,1.2376802849239212e+18,24.9239261956843,28.3160498394786,22.36814,22.34989,21.31512,20.20374,18.91951,8105,301,3,101,8.706705336718088e+18,GALAXY,0.5985647,7733,58103,441
88291,1.2376786614308047e+18,15.5153152516548,4.68357565639247,23.06382,22.43317,22.10906,21.02531,20.17804,7727,301,3,170,1.0624155484146651e+19,GALAXY,0.9083408,9436,58103,596
76340,1.2376795805460076e+18,25.210624091359,30.4972281218832,25.10037,23.71368,21.55619,20.43818,19.63163,7941,301,3,51,8.706757013764594e+18,GALAXY,0.6034504,7733,58103,629
21031,1.23767861743059e+18,29.08902553856,1.16350244872437,22.91869,22.71973,22.20573,21.22289,20.96543,7717,301,1,524,1.0572445452292348e+19,GALAXY,0.8604198,9390,58103,892
67968,1.2376795805463355e+18,26.1756020169698,30.4468798474816,22.12155,22.5651,21.53143,20.47859,19.7063,7941,301,3,56,8.706811989345982e+18,GALAXY,0.5714473,7733,58103,829
99405,1.237663204923343e+18,20.9447853645163,0.681479628937498,23.36354,22.82308,22.17442,21.66303,21.01286,4128,301,5,263,1.0584684940854843e+19,GALAXY,0.8187311,9401,58103,363
97615,1.237663204923344e+18,21.0025187708877,0.739991127855107,23.24784,22.69609,22.17742,21.15167,20.63585,4128,301,5,263,1.0584684391099e+19,GALAXY,0.7862909,9401,58103,361
35156,1.2376785975607304e+18,16.3490539498049,2.83009378748906,22.31075,22.90115,22.08191,21.6053,20.7646,7712,301,4,438,1.0624072471018756e+19,QSO,1.935972,9436,58103,294
6328,1.2376803139142287e+18,25.9499329820244,29.7703842533495,20.28284,20.18453,19.99757,19.7168,19.63203,8112,301,1,90,8.706797145939007e+18,QSO,1.908728,7733,58103,775
