obj_ID,alpha,delta,u,g,r,i,z,run_ID,rerun_ID,cam_col,field_ID,spec_obj_ID,class,redshift,plate,MJD,fiber_ID
1.237680313914098e+18,25.7136250928834,29.8044831885308,21.09218,20.90638,20.69456,20.45384,20.01929,8112,301,1,88,8.706784776433195e+18,QSO,0.871093,7733,58103,730
1.2376786614316567e+18,17.5366154521708,4.47780393591935,23.27865,20.809,20.36934,20.34607,20.052,7727,301,3,183,1.0624257738728e+19,QSO,3.274271,9436,58103,968
1.237678617430262e+18,28.3984427120171,1.06483666318593,21.13106,20.82927,20.73934,20.25982,20.41373,7717,301,1,519,1.057239130134468e+19,QSO,1.60703,9390,58103,695
1.2376803337973934e+18,25.7042976567541,29.3886372246905,26.75821,25.50723,22.25951,20.38431,19.53449,8116,301,6,379,8.706670152346e+18,GALAXY,0.9185327,7733,58103,313
1.237678598634472e+18,16.2288493238331,3.58300399504726,22.89181,23.06632,22.20458,22.22802,20.97666,7712,301,6,438,1.0624076319309451e+19,GALAXY,0.8556008,9436,58103,308
1.2376640928986565e+18,128.988402112322,24.7626421249713,17.91605,16.97933,16.66364,16.55506,16.53077,4335,301,3,123,1.0815463360554097e+19,STAR,-0.0002170678,9606,58103,250
1.2376640939726607e+18,129.113669454425,25.7204127013591,22.96988,22.04324,21.62426,21.1151,20.6085,4335,301,5,127,1.0815456763484328e+19,QSO,5.778521,9606,58103,226
1.2376803337978516e+18,26.7778249071646,29.1527060443262,22.29767,22.01579,21.54758,21.49688,21.46018,8116,301,6,386,8.70661435213089e+18,QSO,1.141468,7733,58103,110
1.2376803337976548e+18,26.3690940755747,29.3223822076225,19.54935,19.33358,19.17368,19.14718,18.9708,8116,301,6,383,8.706637991630887e+18,QSO,0.8549088,7733,58103,196
1.2376664079177492e+18,27.8194464981067,-0.0035898846342861,24.38986,23.22977,22.89165,21.86881,21.4743,4874,301,3,607,1.0572206308513309e+19,GALAXY,0.0,9390,58103,22
1.237678622234576e+18,16.5960390645112,4.37585573551037,22.5667,22.76008,21.8271,21.32228,21.15675,7718,301,2,99,1.06242008390013e+19,GALAXY,0.8620496,9436,58103,761
1.2376786190374671e+18,20.6962105314066,2.56791617119034,23.12679,22.76752,22.53572,21.42829,21.9137,7717,301,4,467,1.0584738816924604e+19,GALAXY,0.8847736,9401,58103,559
1.2376786174271163e+18,21.1705271434098,1.15924522009037,21.36034,21.90403,21.00449,20.54082,21.43727,7717,301,1,471,1.0584676969395542e+19,GALAXY,0.8106899,9401,58103,334
1.2376803139147533e+18,27.4024839442694,29.4923014736893,21.58014,21.30459,20.82437,20.74783,20.2644,8112,301,1,98,8.706589613119264e+18,QSO,1.197609,7733,58103,20
1.237680333797786e+18,26.7046573044677,29.1335648770877,21.60147,20.84368,20.67928,20.69941,19.98923,8116,301,6,385,8.706613802375075e+18,QSO,2.24362,7733,58103,108
1.2376637836730703e+18,28.6726200540793,-0.3783629920506,23.63868,23.11155,22.6925,21.59696,21.04782,4263,301,3,307,1.0572262933362135e+19,QSO,1.652485,9390,58103,228
1.237664092898919e+18,129.456659786983,25.0927306176825,24.78673,22.25667,22.25047,21.35961,20.72245,4335,301,3,127,1.0815432024472703e+19,GALAXY,0.8575236,9606,58103,136
1.2376803337977208e+18,26.5098671113045,29.2706241118312,22.45096,23.69782,22.36911,21.09338,19.96365,8116,301,6,384,8.706626171880888e+18,GALAXY,0.561649,7733,58103,153
1.237680333797786e+18,26.6317026887272,29.1228547301333,21.31552,21.08603,20.9124,20.68639,20.43727,8116,301,6,385,8.706623423101819e+18,QSO,2.164402,7733,58103,143
1.2376786174301965e+18,28.2252061322697,1.07627860865316,20.16708,19.82304,19.78868,19.52584,19.39456,7717,301,1,518,1.0572380581106307e+19,QSO,0.5695614,9390,58103,656
1.237678617427247e+18,21.4486992588325,1.27398110236322,22.24948,22.31671,21.81264,21.39251,21.13215,7717,301,1,473,1.0584667073790892e+19,QSO,0.8412532,9401,58103,298
1.2376637852836168e+18,28.5724321244885,0.879415974290902,24.51841,24.05388,23.49714,22.51694,22.63053,4263,301,6,306,1.057228244969353e+19,GALAXY,0.7860737,9390,58103,299
1.2376803139144911e+18,26.6722079417848,29.7346660450237,21.03541,20.98015,20.81615,20.68586,20.72939,8112,301,1,94,8.706828207142493e+18,QSO,2.059823,7733,58103,888
1.2376803139140326e+18,25.5231647852223,29.88092836003,22.22861,21.80352,21.57803,21.50568,21.6751,8112,301,1,87,8.706776530095987e+18,QSO,2.272849,7733,58103,700
1.2376785986339471e+18,15.0664934782288,3.59571463965906,22.79195,22.6843,22.51464,21.62401,20.67367,7712,301,6,430,1.0624127446600145e+19,GALAXY,0.9228932,9436,58103,494
1.2376646694982126e+18,128.956599122683,26.0364679061365,24.50855,23.36905,22.36495,21.4109,20.74788,4469,301,5,126,1.0815471332013398e+19,GALAXY,0.8888777,9606,58103,279
1.237678598634603e+18,16.5975981444889,3.60936743415887,23.9683,22.49765,21.78557,21.07963,22.45914,7712,301,6,440,1.0624056253222246e+19,GALAXY,0.6392257,9436,58103,235
1.237663785283552e+18,28.4154755462289,0.968126226703316,24.11758,23.37998,21.59321,21.09268,20.9874,4263,301,6,305,1.057240202158305e+19,QSO,0.3838163,9390,58103,734
1.2376785980979284e+18,17.042616031815,3.18357443772419,21.1611,20.76098,20.53774,20.63496,20.41323,7712,301,5,443,1.0624028765431552e+19,QSO,0.9000571,9436,58103,135
1.2376786614308705e+18,15.7512333325593,4.57818872295186,23.49702,22.25256,21.78616,20.94643,20.56169,7727,301,3,171,1.0624167303896652e+19,GALAXY,0.7827078,9436,58103,639
1.2376803139146222e+18,27.0419848080402,29.6622183652315,20.88601,20.72851,20.30248,19.92334,20.00695,8112,301,1,96,8.706851296886675e+18,QSO,1.543704,7733,58103,972
1.23768033379759e+18,26.1898260622573,29.1855271448219,26.56263,24.78694,21.76362,20.63314,19.88937,8116,301,6,382,8.706647062601816e+18,QSO,1.425672,7733,58103,229
1.2376640939733156e+18,130.461100357218,26.5465873030575,19.00281,18.07861,17.78551,17.68479,17.63662,4335,301,5,137,1.0815667319961e+19,STAR,0.001071498,9606,58103,992
1.23768031391436e+18,26.4749441309881,29.7839101061814,21.05797,20.88954,20.59723,20.54386,20.3506,8112,301,1,92,8.706818586415749e+18,QSO,1.30248,7733,58103,853
1.2376640928985912e+18,128.754215227821,24.6046550031517,23.31176,23.92851,22.67452,21.92182,22.08628,4335,301,3,122,1.081548370151921e+19,GALAXY,0.945731,9606,58103,324
1.237664092898854e+18,129.432604763454,24.9153980028146,22.76265,22.88056,22.09618,21.5456,20.53765,4335,301,3,126,1.081544054568782e+19,GALAXY,0.8284226,9606,58103,167
1.237678619042448e+18,31.9868343363761,2.39670158799602,23.14432,22.0998,22.0105,21.49187,21.28699,7717,301,4,543,1.0610647434060388e+19,GALAXY,0.9684388,9424,58104,606
1.2376663397264266e+18,17.8871235611064,0.243208059178046,22.41599,22.60826,21.82735,21.3371,20.66621,4858,301,4,474,1.057468818115188e+19,GALAXY,0.7792991,9392,58104,859
1.2376637836681544e+18,17.4375854973986,-0.299106644767215,23.50198,23.81461,22.69979,22.81351,21.56231,4263,301,3,232,1.0574530401233295e+19,GALAXY,0.9058657,9392,58104,285
1.2376637852786363e+18,17.1962042640818,0.866287233988215,24.53552,22.84927,22.10419,21.78118,20.92474,4263,301,6,230,1.0574649423367e+19,GALAXY,1.453924,9392,58104,718
1.237666338653078e+18,18.7683104763574,-0.463569550201349,24.21417,22.93857,22.13376,21.54552,21.44293,4858,301,2,480,1.0574454260053072e+19,QSO,1.033066,9392,58104,8
1.2376637831309568e+18,16.6445954858644,-0.709715567244622,24.07012,23.04495,22.59568,21.53609,21.01044,4263,301,2,227,1.0574559538291431e+19,GALAXY,0.9161164,9392,58104,391
1.2376786174320975e+18,32.6397041378365,1.07601259314948,23.42252,22.90894,22.22186,21.91419,22.08781,7717,301,1,547,1.061055012728133e+19,GALAXY,0.8744414,9424,58104,252
1.2376784396977444e+18,32.9557012894039,3.28252688834114,25.62359,22.73503,22.11308,21.45585,21.1222,7675,301,6,88,1.0610696087449915e+19,GALAXY,0.8034403,9424,58104,783
1.2376663386527503e+18,18.1300647352571,-0.474880344289138,22.08515,22.02856,21.16269,20.57465,20.12972,4858,301,2,475,1.0574489994181e+19,GALAXY,0.7619442,9392,58104,138
1.237666338116011e+18,18.4079590184206,-0.952910511429458,22.38665,22.41492,22.67771,21.05046,21.03078,4858,301,1,477,1.0574468278826326e+19,GALAXY,0.8890039,9392,58104,59
1.237663782594216e+18,16.9205920389306,-1.18626081540046,24.82761,22.22964,21.56073,20.88161,21.24074,4263,301,1,229,1.057453617366934e+19,GALAXY,0.6520545,9392,58104,306
1.2376637852784397e+18,16.6912144877582,0.936790711085902,20.6338,20.12407,20.04638,19.91589,19.66997,4263,301,6,227,1.0574612314849565e+19,QSO,2.048612,9392,58104,583
1.237666338652685e+18,17.9531391077932,-0.518691018972622,24.10616,23.42451,22.74305,21.69017,21.78644,4858,301,2,474,1.057448944442516e+19,GALAXY,0.7479647,9392,58104,136
1.237666339726558e+18,18.2721475628167,0.383383259472424,23.05463,23.02637,22.20456,21.45854,21.6886,4858,301,4,476,1.057470797236118e+19,GALAXY,0.9335794,9392,58104,931
1.237666339726361e+18,17.844389995089,0.217305852534956,24.02305,22.61765,21.89129,21.25123,20.76719,4858,301,4,473,1.0574688456029788e+19,GALAXY,0.8325196,9392,58104,860
1.2376663397265577e+18,18.2367393547735,0.361640074901182,24.19734,23.86361,22.70504,21.68087,20.80566,4858,301,4,476,1.0574709071872809e+19,GALAXY,0.7201414,9392,58104,935
1.237663784741372e+18,16.2923054106559,0.588963373135292,24.73435,24.435,23.13572,23.57225,22.08389,4263,301,5,224,1.0574596371931e+19,GALAXY,1.278095,9392,58104,525
1.2376663397256404e+18,16.165565191387,0.224897117386696,23.59002,22.58111,22.34572,22.96996,21.38463,4858,301,4,462,1.0574599670465843e+19,GALAXY,0.12172,9392,58104,537
1.237666339725968e+18,16.8650944755848,0.389042985191596,22.80487,22.70194,21.99764,21.63897,21.88612,4858,301,4,467,1.0574630456791425e+19,GALAXY,0.745805,9392,58104,649
1.2376637831317427e+18,18.4734846003163,-0.673700190600265,22.73976,22.7391,21.99312,21.85428,21.64991,4263,301,2,239,1.0574465255169348e+19,GALAXY,1.014381,9392,58104,48
1.237666339725706e+18,16.3366516435617,0.407745377582648,22.65965,22.25306,21.61602,21.30979,21.08251,4858,301,4,463,1.0574599395587938e+19,GALAXY,1.33692,9392,58104,536
1.2376663381160108e+18,18.3424475232456,-1.01469812631394,21.37866,21.30834,20.96122,20.55496,23.6733,4858,301,1,477,1.0574463331024e+19,GALAXY,0.8827003,9392,58104,41
1.2376786174254129e+18,17.2513948936885,1.35419660967052,22.13971,22.74425,21.70245,21.04968,20.59418,7717,301,1,445,1.057464612483212e+19,GALAXY,0.794769,9392,58104,706
1.2376663397260332e+18,17.0250095015977,0.236478245449565,24.22057,23.34278,23.0261,22.19109,20.6705,4858,301,4,468,1.0574644475564675e+19,GALAXY,1.011731,9392,58104,700
1.23767861743177e+18,31.9086504346682,1.11045193228223,23.66765,23.67788,22.91019,22.03881,21.87902,7717,301,1,542,1.0610593557990627e+19,GALAXY,0.7134175,9424,58104,410
1.2376663397262956e+18,17.6362716791234,0.300643719364821,22.8125,22.46443,21.93156,21.30599,20.56709,4858,301,4,472,1.0574675261890257e+19,GALAXY,0.7415066,9392,58104,812
1.2376637831308913e+18,16.5470843602006,-0.709679879563349,23.02531,23.63699,22.40474,21.88975,22.02193,4263,301,2,226,1.057456146243678e+19,GALAXY,0.9923958,9392,58104,398
1.2376663397260992e+18,17.2167782729009,0.3138724221777,24.24779,22.68159,21.72276,21.09078,21.16998,4858,301,4,469,1.0574654371169327e+19,GALAXY,0.736447,9392,58104,736
1.237666339726427e+18,17.9724237514822,0.388643763360287,22.74093,23.08006,22.53263,21.86775,21.55319,4858,301,4,474,1.0574696977244903e+19,GALAXY,0.7730237,9392,58104,891
1.237666339726492e+18,18.0349956331154,0.320585858369672,24.91848,22.32001,21.48883,21.08103,20.83873,4858,301,4,475,1.0574697801878624e+19,GALAXY,0.6292596,9392,58104,894
1.2376786174323594e+18,33.1567995983073,0.949031032141961,22.53723,22.2875,21.97659,21.22189,20.98186,7717,301,1,551,1.0610526212903426e+19,QSO,0.8316248,9424,58104,165
1.2376786174320325e+18,32.4740813192984,1.00083064835012,22.52588,23.41494,22.58284,21.82641,21.5386,7717,301,1,546,1.0610558648496443e+19,GALAXY,0.8695752,9424,58104,283
1.2376648740460303e+18,130.100890069529,23.2851825468852,23.0604,22.37526,21.77459,20.84873,21.1583,4517,301,2,126,1.0808731875541277e+19,GALAXY,0.7574062,9600,58106,337
1.237664837001676e+18,130.327383056769,24.4735610926121,24.09419,24.31321,23.76812,22.49719,22.14022,4508,301,5,122,1.0808857769622655e+19,GALAXY,1.072214,9600,58106,795
1.2376648756569057e+18,130.015318827803,24.6134000205407,25.50289,23.46241,22.52272,22.49999,21.52783,4517,301,5,130,1.0808835504512197e+19,QSO,1.685037,9600,58106,714
1.237664874046489e+18,131.130896876038,23.8395760787052,22.75345,22.62436,21.97058,21.34721,20.80405,4517,301,2,133,1.0808667004355236e+19,GALAXY,0.9716381,9600,58106,101
1.2376648735096187e+18,131.313728618248,23.4716014699137,23.45042,22.68308,22.39135,21.2285,20.99942,4517,301,1,133,1.0808654085093612e+19,GALAXY,1.015932,9600,58106,54
1.2376640928992463e+18,130.21983569638,25.3430202825546,23.13683,22.4903,21.83097,21.3941,21.34355,4335,301,3,132,1.0808844850361e+19,GALAXY,1.031062,9600,58106,748
1.2376648740466196e+18,131.461204619868,24.0067735439356,22.77201,24.26905,23.9426,22.20334,22.01729,4517,301,2,135,1.0808648312657564e+19,GALAXY,0.9296038,9600,58106,33
1.237664874045834e+18,129.735261453631,23.1060309358886,25.69268,21.83421,21.96217,21.23118,20.68543,4517,301,2,123,1.0808750292361e+19,GALAXY,1.157146,9600,58106,404
1.237664092898723e+18,129.133738615913,24.8542389199248,23.09329,23.46363,22.74127,21.1226,20.87349,4335,301,3,124,1.0808787950634291e+19,GALAXY,0.7485123,9600,58106,541
1.2376640928992463e+18,130.205957153474,25.3607010055542,24.22647,22.52263,22.08643,21.36181,20.47139,4335,301,3,132,1.080884320109359e+19,STAR,-0.0001532699,9600,58106,742
1.2376648756572332e+18,130.735291462364,25.1011371884003,22.26888,22.34977,21.69555,20.89224,20.51174,4517,301,5,135,1.0808863542058705e+19,GALAXY,0.792537,9600,58106,816
1.2376648740462272e+18,130.609746164428,23.4925886642238,24.91039,24.40561,22.1662,22.03291,20.61838,4517,301,2,129,1.0808699439948255e+19,GALAXY,0.8263242,9600,58106,219
1.237664092898854e+18,129.402275148303,24.8662751198446,22.17904,22.65063,22.11979,20.87228,20.73036,4335,301,3,126,1.0808799495506385e+19,GALAXY,0.8261184,9600,58106,583
1.2376640928991155e+18,129.894624275439,25.2292586795545,22.78974,22.77757,22.45495,22.04186,21.32478,4335,301,3,130,1.0808817637448243e+19,GALAXY,0.8970218,9600,58106,649
1.237664874046161e+18,130.47523877469,23.33186849525,17.79516,17.66539,17.49445,17.41709,17.5222,4517,301,2,128,1.080870741140756e+19,QSO,1.189775,9600,58106,248
1.2376646684243402e+18,129.139219305105,25.2010719740078,24.65977,23.11373,22.1537,21.47456,20.80568,4469,301,3,124,1.0808778055029643e+19,GALAXY,0.8797932,9600,58106,505
1.2376648370021335e+18,131.221992223416,25.0534702158542,19.26987,19.18979,19.11408,18.82515,18.7811,4508,301,5,129,1.0808892129361e+19,QSO,1.820372,9600,58106,920
1.237664668424864e+18,130.380558939557,25.6702752440163,22.18648,22.42933,21.90052,21.28914,22.35089,4469,301,3,132,1.0808849523285449e+19,GALAXY,0.8201581,9600,58106,765
1.237664092898788e+18,129.201792615869,24.9827389447089,22.87214,22.28743,22.40899,21.42771,20.96244,4335,301,3,125,1.080878107868662e+19,GALAXY,0.8799976,9600,58106,516
1.237664875656774e+18,129.69094049057,24.4302670590766,22.49097,22.91513,23.08439,22.6661,21.50795,4517,301,5,128,1.080882505915173e+19,QSO,0.95455,9600,58106,676
1.237664875656381e+18,128.814721527703,24.0633767356528,24.27086,22.30191,21.8788,21.35027,20.35296,4517,301,5,122,1.0808774481616853e+19,GALAXY,0.3847667,9600,58106,492
1.2376648740466204e+18,131.430061108135,23.8290594287229,24.60825,22.47256,21.77731,21.47527,20.78206,4517,301,2,135,1.0808648587535473e+19,GALAXY,0.9563794,9600,58106,34
1.2376803337962135e+18,22.6097902295465,29.802524503857,25.47407,23.79633,22.46677,21.38297,19.96492,8116,301,6,361,8.703303447808858e+18,GALAXY,0.8023754,7730,58107,353
1.23766633972682e+18,18.7903774535907,0.342306060242494,22.78322,22.55756,21.732,21.23763,20.863,4858,301,4,480,1.0580147806189937e+19,GALAXY,0.7501297,9397,58107,241
1.2376637852791603e+18,18.3927133698831,1.02372266614332,22.33074,22.0514,21.61698,20.60671,20.23097,4263,301,6,238,1.0580192061533e+19,GALAXY,0.7967678,9397,58107,402
1.2376803139124595e+18,21.4231750471836,30.4786175764064,20.9278,20.9098,20.81216,20.4899,20.62761,8112,301,1,63,8.7033446794949e+18,QSO,1.547923,7730,58107,503
1.2376786195801047e+18,33.7824690096119,2.81050543940968,22.67036,22.74942,21.90998,21.47425,20.93197,7717,301,5,555,1.0608354127733086e+19,GALAXY,0.6186557,9422,58107,455
1.2376764419978048e+18,6.50267844884428,34.1130560793607,25.41515,25.08117,21.98061,20.76587,19.935,7210,301,5,38,8.717856033958288e+18,GALAXY,0.6926537,7743,58107,47
1.2376786614389312e+18,34.1282862115605,4.07658845865155,22.53919,22.23733,21.54559,21.1422,20.5115,7727,301,3,294,1.0608397283564476e+19,GALAXY,1.072986,9422,58107,612
1.2376637852813233e+18,23.2767302459163,1.00352829582106,19.29689,18.99545,18.89303,18.99327,18.8992,4263,301,6,271,1.0583524131520928e+19,QSO,0.8857296,9400,58107,236
1.237679580545287e+18,23.3873411857785,30.8442787928389,26.20356,23.6846,23.44562,20.90628,19.83459,7941,301,3,40,8.703437038471632e+18,STAR,-0.0008366044,7730,58107,839
1.2376786222420467e+18,33.7274583178682,3.79831350982282,25.47033,22.74906,21.63947,21.25459,21.00925,7718,301,2,213,1.0608376942599365e+19,GALAXY,0.8850575,9422,58107,538
1.2376609613248591e+18,129.389728873273,28.723867371782,23.82334,22.35275,21.38701,21.06436,20.569,3606,301,2,35,1.082121408131238e+19,QSO,0.9781799,9611,58107,691
1.2376637852798157e+18,19.8050678964067,0.854412104703678,19.83508,19.55761,19.39847,18.9648,18.84273,4263,301,6,248,1.0580118944009703e+19,QSO,1.669623,9397,58107,136
1.2376786174265267e+18,19.8133057640087,1.17774825276499,24.35176,24.65055,23.49659,22.25686,22.26685,7717,301,1,462,1.0580110697672495e+19,GALAXY,0.927662,9397,58107,106
1.237666339726885e+18,18.9175853629466,0.332427033449323,23.03519,22.77748,22.1357,21.59388,22.45316,4858,301,4,481,1.0580148905701562e+19,GALAXY,0.8063397,9397,58107,245
1.237678661439259e+18,34.8844054216626,3.98649858050936,22.92708,22.45292,22.13631,21.37982,20.78085,7727,301,3,299,1.060844098915168e+19,GALAXY,0.7515543,9422,58107,771
1.2376637847423557e+18,18.5398201259558,0.572687296306355,24.70188,23.30275,22.66743,22.00006,21.91351,4263,301,5,239,1.0580179417149231e+19,GALAXY,0.9833132,9397,58107,356
1.2376786614386035e+18,33.4418320017745,4.076878744224,22.06423,21.89063,21.66306,20.87432,20.42484,7727,301,3,289,1.0608370345529596e+19,GALAXY,0.8958361,9422,58107,514
1.2376786174256097e+18,17.7410042144644,1.20898163878873,22.49498,22.73971,21.96515,21.28223,20.17603,7717,301,1,448,1.0580215975910857e+19,GALAXY,0.9498229,9397,58107,489
1.2376637847447148e+18,23.878325572874,0.582840568830005,23.43517,23.34257,22.35698,22.01055,21.10945,4263,301,5,275,1.0583476577643e+19,GALAXY,0.7448947,9400,58107,63
1.237659934827742e+18,6.64926075888644,35.9628093243403,22.04161,21.7355,21.50954,21.20953,21.16762,3367,301,2,36,8.718094078225701e+18,STAR,0.0002547354,7743,58107,913
1.2376786614385382e+18,33.28065702728,4.03238661179812,22.57228,22.03361,21.19632,21.10278,20.16445,7727,301,3,288,1.0608369520895875e+19,GALAXY,1.130613,9422,58107,511
1.2376637842075817e+18,23.2876361668905,0.0274612618764478,22.74698,22.98741,22.94489,22.52056,22.33247,4263,301,4,271,1.058352660542209e+19,GALAXY,1.063667,9400,58107,245
1.2376784396987277e+18,35.2463275791183,3.39338201716667,22.66426,22.68506,21.86941,21.43731,20.68112,7675,301,6,103,1.0608269465337747e+19,QSO,1.024948,9422,58107,147
1.237659931069252e+18,5.32745002192263,35.6514317083564,22.22507,21.54928,21.6244,22.12073,21.16513,3366,301,3,30,8.718041576545476e+18,STAR,-0.000823319,7743,58107,722
1.2376637852796849e+18,19.4624415040606,1.03248307612335,22.58958,22.60102,21.76983,21.39628,20.71769,4263,301,6,246,1.058012031839924e+19,GALAXY,0.966345,9397,58107,141
1.2376786217051758e+18,33.7209659780751,3.53892170645281,24.51954,22.83088,21.86848,21.18501,21.43694,7718,301,1,213,1.0608359350413318e+19,GALAXY,0.8252207,9422,58107,474
1.2376599310693832e+18,5.68421494137021,35.9657021030338,22.32872,22.1688,22.05109,21.77296,22.2329,3366,301,3,32,8.718050097760591e+18,QSO,1.545609,7743,58107,753
1.2376803139129185e+18,22.6670696920503,30.3987747813154,20.46707,20.25749,20.06204,19.74931,19.57016,8112,301,1,70,8.703363096314666e+18,QSO,1.587481,7730,58107,570
1.2376637852809295e+18,22.4514488536176,0.966312759424766,19.04012,18.97446,18.92986,18.60514,18.66075,4263,301,6,265,1.0583578282468596e+19,QSO,1.776659,9400,58107,433
1.2376803139127217e+18,22.1745259887281,30.3434498295886,20.84744,19.63971,19.09883,18.88951,18.77463,8112,301,1,67,8.703364195826293e+18,STAR,4.726452e-05,7730,58107,574
1.2376609613249252e+18,129.63140545333,28.8720071135388,24.97202,24.41423,22.08561,21.55925,22.29758,3606,301,2,36,1.0821230024231e+19,GALAXY,0.584038,9611,58107,749
1.2376663397272783e+18,19.8706814588556,0.299944439491492,23.78129,21.73462,21.27431,20.47746,20.95293,4858,301,4,487,1.058010410060273e+19,GALAXY,0.7957667,9397,58107,82
1.2376803139127877e+18,22.3017348915832,30.3392567648424,21.25637,19.92022,19.38669,19.1344,19.10329,8112,301,1,68,8.703375465820476e+18,STAR,-0.0005236696,7730,58107,615
1.237678617962415e+18,17.6206471235004,1.65537964437439,24.40548,23.52289,22.31419,21.81991,21.28576,7717,301,2,447,1.0580223672492251e+19,GALAXY,0.7936358,9397,58107,517
1.2376663397269512e+18,19.1641875170187,0.375206606425941,23.21699,22.99436,22.5993,21.76584,21.34331,4858,301,4,482,1.058013378741668e+19,GALAXY,0.7097061,9397,58107,190
1.23767862224244e+18,34.5702212996279,3.88507859915523,25.24683,22.62673,22.08478,21.46924,22.46086,7718,301,2,219,1.0608420923064472e+19,GALAXY,1.515078,9422,58107,698
1.2376786614388e+18,33.8245527933789,4.09812603287587,23.07634,22.45129,21.38887,20.90183,20.38588,7727,301,3,292,1.0608386013570292e+19,GALAXY,0.9699469,9422,58107,571
1.237663785281127e+18,22.8141105735977,0.953284795186451,23.27081,22.28605,21.97679,21.38107,20.98023,4263,301,6,268,1.058356701247441e+19,QSO,0.7920271,9400,58107,392
1.2376786190387776e+18,23.6591118698705,2.49985064089782,25.63247,24.14661,23.34683,21.27044,22.10278,7717,301,4,487,1.0583696205090677e+19,GALAXY,0.9239638,9400,58107,862
1.237680313912984e+18,22.7343366936298,30.2625981350506,23.34818,21.65296,21.04981,20.42778,20.52406,8112,301,1,71,8.703396081663497e+18,QSO,0.6359754,7730,58107,690
1.237678661976392e+18,35.5920048220219,4.46511708788309,22.59543,22.62691,21.89781,21.20132,21.23307,7727,301,4,303,1.0608495689855162e+19,GALAXY,0.7270581,9422,58107,970
1.2376786174280343e+18,23.2804126641837,1.28035934232093,23.82024,24.47507,22.40987,22.73712,21.993,7717,301,1,485,1.0583673115346491e+19,GALAXY,0.766564,9400,58107,778
1.2376805125547628e+18,4.66766634748319,34.7300982176127,21.18108,20.8748,20.63048,20.52591,20.29464,8158,301,3,64,8.717958563417577e+18,QSO,2.150972,7743,58107,420
1.2376803139128527e+18,22.3657690814554,30.283177304031,22.76063,21.62655,20.21717,19.55897,19.13905,8112,301,1,69,8.703375740698384e+18,STAR,-0.0008167328,7730,58107,616
1.2376786185000714e+18,19.4480594211118,2.01113146320506,17.67562,16.72426,16.42787,16.3431,16.32036,7717,301,3,459,1.0580314931957357e+19,STAR,-0.0003157329,9397,58107,849
1.237659889193387e+18,3.98838104511759,35.5170043959215,22.34934,24.14255,21.91438,20.63118,19.7633,3356,301,5,31,8.717983577307108e+18,GALAXY,0.687087,7743,58107,511
1.2376803139129838e+18,22.8777154714576,30.2629985551245,19.96992,20.14678,20.05631,19.87036,19.71281,8112,301,1,71,8.703398830442568e+18,QSO,1.919383,7730,58107,700
1.2376663397271475e+18,19.5620156679343,0.396459547751618,22.56417,21.98863,21.58168,21.0571,20.89729,4858,301,4,485,1.0580126365713193e+19,GALAXY,0.9530441,9397,58107,163
1.2376803337962793e+18,22.7462908193945,29.8532729979005,26.38157,23.7564,21.85375,20.71149,19.89156,8116,301,6,362,8.703291902936766e+18,QSO,0.818661,7730,58107,311
1.237659934827545e+18,6.37409338229583,35.4893016737494,22.14717,21.93427,21.61483,21.31097,21.05897,3367,301,2,33,8.718078135307098e+18,QSO,1.540983,7743,58107,855
1.2376599310693176e+18,5.52050351423509,35.8689512568894,21.4025,20.89607,20.7706,20.52001,20.51377,3366,301,3,31,8.718051747028031e+18,QSO,0.6932163,7743,58107,759
1.237678623853053e+18,34.5836113544617,4.99226867637673,24.32562,22.56456,21.87507,21.12891,20.68377,7718,301,5,219,1.0608423122087727e+19,GALAXY,0.6139115,9422,58107,706
1.2376786238531835e+18,34.9803249266294,4.98847477878363,23.67744,23.01916,21.92011,21.021,20.61718,7718,301,5,221,1.060844456256447e+19,GALAXY,0.7375531,9422,58107,784
1.2376803144501847e+18,23.756316255898,30.5928253212684,22.79132,23.52031,22.78566,21.14944,19.60773,8112,301,2,76,8.703460128215816e+18,GALAXY,0.09206449,7730,58107,923
1.2376786179631352e+18,19.3150446526328,1.64759170863789,23.94506,22.66893,22.13066,21.64713,21.30429,7717,301,2,458,1.0580141483998077e+19,GALAXY,1.031668,9397,58107,218
1.2376786174300657e+18,28.0122594462653,1.07923319347667,20.52088,20.28943,19.90478,19.88562,19.90217,7717,301,1,516,1.0576711832369912e+19,QSO,1.051075,9394,58108,29
1.2376640939740372e+18,132.019084047497,27.4064726447246,24.49134,23.33558,23.47572,22.09971,22.03729,4335,301,5,148,1.0814490567725308e+19,GALAXY,0.8760615,9605,58108,807
1.2376788944278664e+18,25.5078305870546,33.7128220042924,24.53581,23.17014,21.50001,20.3337,19.64437,7781,301,5,95,8.70563441247652e+18,GALAXY,0.6414463,7732,58108,641
1.2376646684253233e+18,131.298767714387,26.279780377567,23.8282,22.53261,22.1233,21.63763,21.97993,4469,301,3,139,1.0814471051393917e+19,GALAXY,1.023061,9605,58108,736
1.237664092899312e+18,130.456942884838,25.5073762324016,19.8291,19.01314,18.81101,18.7644,18.60535,4335,301,3,133,1.0814394910213691e+19,QSO,2.720354,9605,58108,459
1.237678622235952e+18,19.7008270859594,4.3191293368355,24.27325,23.33158,22.35755,21.67003,22.07783,7718,301,2,120,1.0623140085242288e+19,GALAXY,0.7706035,9435,58108,998
1.237663785282634e+18,26.3099531366495,0.971380212997633,19.50229,19.04019,18.91453,18.91212,18.72422,4263,301,6,291,1.0576800343055948e+19,QSO,0.8258172,9394,58108,351
1.237678617429017e+18,25.4859664580737,1.21239046349774,23.10159,22.47028,22.06009,21.64989,20.73721,7717,301,1,500,1.0576840750108269e+19,GALAXY,0.8198006,9394,58108,498
1.237678894428456e+18,27.1520360439746,33.3967564272279,26.50438,24.50859,21.37403,20.13073,19.36755,7781,301,5,104,8.705705330976512e+18,GALAXY,0.7508146,7732,58108,899
1.2376786222356895e+18,19.097803750947,4.35576134385435,26.21301,23.20039,22.42381,21.69494,21.39914,7718,301,2,116,1.0623120843788802e+19,GALAXY,0.9317763,9435,58108,928
1.237664092899705e+18,131.209203217968,25.8881725337473,24.48573,23.65279,23.09506,22.22516,22.04944,4335,301,3,139,1.0814364673643928e+19,GALAXY,0.7338338,9605,58108,349
1.2376786619687895e+18,18.1131826670597,4.95080945323071,22.69877,22.05026,21.49657,20.72484,23.77305,7727,301,4,187,1.0623058446503924e+19,GALAXY,0.7395152,9435,58108,701
1.237678894428456e+18,27.1527985887898,33.4507696398156,26.15801,22.96458,21.56005,20.29156,19.53547,7781,301,5,104,8.705715226581162e+18,GALAXY,0.7530666,7732,58108,935
1.2376788944287828e+18,27.9412327638633,33.2807034381593,18.27116,16.51263,15.72226,15.35529,15.06715,7781,301,5,109,8.705460964517239e+18,GALAXY,0.03481618,7732,58108,10
1.2376640928999675e+18,131.728249510044,26.3999583546089,23.8646,22.97669,22.41199,21.56413,20.963,4335,301,3,143,1.0814498539184607e+19,QSO,1.231256,9605,58108,836
1.2376648370024617e+18,131.907458478954,25.3770079580642,21.50918,21.91502,21.78901,20.99862,19.98798,4508,301,5,134,1.0814328114882304e+19,GALAXY,0.897937,9605,58108,216
1.2376640928992463e+18,130.289907404058,25.3925270533604,22.06667,21.97673,21.79456,21.20898,20.4512,4335,301,3,132,1.0814392711190436e+19,GALAXY,1.026632,9605,58108,451
1.237664092900033e+18,131.967746480713,26.3742988812423,21.3845,21.68647,20.87733,21.19414,20.15727,4335,301,3,144,1.0814508159911352e+19,GALAXY,1.011558,9605,58108,871
1.2376786619689866e+18,18.6480840023135,4.88255415250038,22.26519,22.24829,21.91245,21.39774,20.698,7727,301,4,190,1.0623094180631828e+19,GALAXY,0.9175175,9435,58108,831
1.2376786222352965e+18,18.1921260153775,4.41842314093073,23.68491,23.04963,21.9711,21.54713,20.65114,7718,301,2,110,1.0623065043573692e+19,GALAXY,0.8840016,9435,58108,725
1.2376785986347338e+18,16.9554855751873,3.65375062216005,19.53388,18.91329,18.78703,18.49224,18.36212,7712,301,6,442,1.062299962263184e+19,QSO,0.5053892,9435,58108,487
1.2376648370025928e+18,132.260131249023,25.4747466884026,21.93733,21.90613,21.40047,21.22711,20.77922,4508,301,5,136,1.081430502513812e+19,QSO,1.417274,9605,58108,132
1.237678622235362e+18,18.3984279232447,4.30995058051013,26.23261,23.03691,21.83088,21.60472,20.56956,7718,301,2,111,1.0623079062346949e+19,GALAXY,0.9315095,9435,58108,776
1.2376786619686587e+18,17.8616194010082,4.99026740640401,22.86887,22.3402,21.47664,20.6899,20.04914,7727,301,4,185,1.0623037555783e+19,GALAXY,0.6332859,9435,58108,625
1.237678598634865e+18,17.1790056185719,3.54667441708787,22.93091,22.3928,21.8177,21.2058,20.48995,7712,301,6,444,1.062299330044e+19,GALAXY,0.7299065,9435,58108,464
1.2376786222411287e+18,31.6089890342748,3.99122624838172,22.42287,22.67124,22.62494,21.56898,20.78827,7718,301,2,199,1.0611848925525858e+19,GALAXY,0.8329537,9425,58112,881
1.2376786222408015e+18,30.8542386937926,3.93530141281754,23.6736,23.5115,21.96018,21.42817,21.57182,7718,301,2,194,1.0611806044572375e+19,GALAXY,0.8409673,9425,58112,725
1.237678617425478e+18,17.405903624947,1.19984793725886,23.55857,22.45852,21.90065,21.12262,22.20498,7717,301,1,446,1.0617307176124e+19,GALAXY,0.8298347,9430,58112,258
1.237678618499482e+18,18.1231521489087,2.03291513112554,23.23512,22.87208,21.97371,21.39653,21.10482,7717,301,3,450,1.0617272816385675e+19,GALAXY,0.814466,9430,58112,133
1.237678598097863e+18,16.8561042451331,3.13133223671275,21.05822,20.3889,19.94202,19.68047,19.36511,7712,301,5,442,1.0617409705583335e+19,QSO,2.190556,9430,58112,631
1.2376786179626117e+18,18.1317752348949,1.71533899011809,24.01886,22.82564,22.33303,21.44729,21.26514,7717,301,2,450,1.0617270892240329e+19,GALAXY,0.7798869,9430,58112,126
1.237678597560796e+18,16.4692715721515,2.85225357611121,26.0592,23.4617,22.18822,22.40352,22.85579,7712,301,4,439,1.0617389914374e+19,GALAXY,0.9828959,9430,58112,559
1.2376785980979284e+18,16.9829125202219,3.11922988024918,22.84746,22.68948,22.19306,21.90496,22.04329,7712,301,5,443,1.0617420700699611e+19,GALAXY,1.658337,9430,58112,671
1.2376632049217708e+18,17.4122365545924,0.799555400932429,24.27707,22.78142,22.03469,21.44589,20.47414,4128,301,5,239,1.0617302503199627e+19,QSO,0.8990215,9430,58112,241
1.2376786619739016e+18,29.8129269612134,4.62313921146318,25.88671,22.64204,21.81946,21.65288,20.65586,7727,301,4,265,1.0611760689717727e+19,GALAXY,0.8074637,9425,58112,560
1.2376786179618255e+18,16.3246049533158,1.64241140279191,23.85719,22.75201,22.88017,21.24605,22.00614,7717,301,2,438,1.0617366274874e+19,QSO,1.780636,9430,58112,473
1.237678619579057e+18,31.4876916580984,2.67188271199571,22.89009,22.74908,22.16157,21.76072,21.68638,7717,301,5,539,1.0611629572956117e+19,GALAXY,0.7706119,9425,58112,83
1.2376786619746885e+18,31.62351003284,4.57292905865839,24.15281,24.05445,22.92534,22.61387,20.92158,7727,301,4,277,1.0611847276258417e+19,GALAXY,0.8607307,9425,58112,875
1.237678622240867e+18,31.0463522331357,3.96574949278361,23.22847,23.00031,22.05951,21.39464,21.46952,7718,301,2,195,1.0611821162857257e+19,GALAXY,0.9386095,9425,58112,780
1.2376784396965647e+18,30.2302007288319,3.4205877762078,22.60174,22.51007,21.66458,20.88019,20.57275,7675,301,6,70,1.0611734026560756e+19,GALAXY,0.8430099,9425,58112,463
1.2376632049214428e+18,16.6433263253327,0.72825775959926,23.66438,22.24948,21.88735,21.76014,21.20729,4128,301,5,234,1.0617346758542643e+19,GALAXY,0.5876182,9430,58112,402
1.237657630043538e+18,120.351687652924,29.8893129744059,21.99203,21.81784,21.54763,21.19587,20.81365,2830,301,5,76,1.158779716171126e+19,GALAXY,0.8186668,10292,58113,128
1.237663783133774e+18,23.1286579682967,-0.781362133130371,19.30948,19.21751,19.19667,18.90395,18.83667,4263,301,2,270,1.05778360830932e+19,QSO,1.889676,9395,58113,23
1.2376577766094935e+18,119.180090455869,29.864405150126,20.4513,20.23383,20.10254,19.9537,19.64094,2864,301,6,79,1.1587862582653114e+19,QSO,2.048616,10292,58113,366
1.237657606957958e+18,119.204112858254,31.5392640182832,22.26431,21.86852,21.55836,21.07711,20.92659,2825,301,2,74,1.1587936799688e+19,QSO,1.651354,10292,58113,636
1.2376637831327255e+18,20.6941674072742,-0.673561682528818,23.16033,22.01937,21.59661,21.78778,21.68631,4263,301,2,254,1.057796197717458e+19,GALAXY,0.7819616,9395,58113,481
1.2376637831329231e+18,21.2093584747253,-0.6740497353319,22.48179,22.44889,22.11018,21.27283,21.00766,4263,301,2,257,1.0577941636209463e+19,STAR,-0.001050415,9395,58113,407
1.2376577766095588e+18,119.387785670801,29.9043737935625,19.97467,19.73955,19.66589,19.50387,19.59195,2864,301,6,80,1.1587866156065905e+19,QSO,1.45198,10292,58113,379
1.2376663397276063e+18,20.6862984200792,0.283555545764175,21.91949,22.35178,21.73016,21.09145,20.3437,4858,301,4,492,1.0577981218628063e+19,GALAXY,0.9498966,9395,58113,551
1.2376632049235405e+18,21.4575312887468,0.78437492018166,22.30543,22.87107,22.28007,21.17562,20.69207,4128,301,5,266,1.05780142039769e+19,QSO,1.56657,9395,58113,671
1.2376637831331853e+18,21.8072727256677,-0.706002155137207,24.07512,23.40826,22.37696,21.34842,21.13729,4263,301,2,261,1.0577909200616444e+19,GALAXY,0.7900885,9395,58113,289
1.237653010835047e+18,20.9386177013881,-1.2623458297008,23.7837,22.27176,21.71992,21.4327,21.98447,1755,301,1,516,1.0577938612552489e+19,QSO,1.487738,9395,58113,396
1.23766022315724e+18,20.6537148107345,-0.23468854487668,22.28644,21.98078,21.51222,20.80756,20.45446,3434,301,3,491,1.0577976820581554e+19,GALAXY,0.7068471,9395,58113,535
1.2376637847433388e+18,20.7515322645863,0.457629581320355,23.4267,22.57117,21.86762,21.2141,21.93242,4263,301,5,254,1.0577983692529228e+19,GALAXY,0.7344217,9395,58113,560
1.2376576295066025e+18,120.543301679754,29.5733548426006,25.52182,23.06873,22.05163,20.59888,19.84747,2830,301,4,75,1.1587784792205447e+19,GALAXY,0.7128449,10292,58113,83
1.2376574013363983e+18,119.060062626238,30.1453786774602,24.01563,23.80153,21.74046,20.66661,19.7969,2777,301,3,74,1.1587877151182182e+19,GALAXY,0.6435702,10292,58113,419
1.237663783132988e+18,21.3024438403698,-0.663772454740433,22.81315,22.56433,21.60501,20.87245,20.85013,4263,301,2,258,1.057794218596528e+19,GALAXY,0.8868876,9395,58113,409
1.2376663397276718e+18,20.7634429080017,0.264714643052367,23.96192,21.90422,21.5237,20.8497,20.99764,4858,301,4,493,1.057798286789551e+19,GALAXY,0.9043056,9395,58113,557
1.237657630580934e+18,121.091393488476,31.0534729731828,25.73231,22.81775,21.45638,20.14114,19.4284,2830,301,6,84,1.1588030533054255e+19,GALAXY,0.6921889,10292,58113,977
1.237657606958154e+18,119.564862454905,31.8404653867073,20.09439,19.40672,19.29405,19.22602,18.96235,2825,301,2,77,1.158795549138566e+19,QSO,2.301517,10292,58113,704
1.2376637831331195e+18,21.6731281033628,-0.772560590062363,24.43613,22.74555,22.47173,21.6634,21.38084,4263,301,2,260,1.0577917996709468e+19,GALAXY,0.8300446,9395,58113,321
1.2376637825963791e+18,21.9237548729326,-1.25470440902814,25.84438,22.18259,21.19671,20.59801,19.93682,4263,301,1,262,1.0577892707942e+19,QSO,1.320742,9395,58113,229
1.237657776609297e+18,118.872090746233,29.5710449840858,20.89262,21.06605,21.00541,20.75604,20.51033,2864,301,6,76,1.1587883473374e+19,QSO,1.966014,10292,58113,442
1.2376637825963136e+18,21.7322345014883,-1.25766291083367,21.88008,21.76735,21.42191,21.12814,20.89468,4263,301,1,261,1.057789793062226e+19,GALAXY,0.8924906,9395,58113,248
1.2376632049233436e+18,20.9967316931979,0.662910845703789,22.39716,22.14314,21.87024,21.91344,23.66613,4128,301,5,263,1.0577991938866436e+19,GALAXY,0.80889,9395,58113,590
1.2376632049234747e+18,21.2815619025997,0.699944366914709,22.67207,22.33164,21.79509,20.72366,20.25761,4128,301,5,265,1.0578000460081551e+19,GALAXY,0.786349,9395,58113,621
1.2376577766096243e+18,119.460385013752,30.0153270831941,20.54406,20.46945,20.54473,20.2936,20.29988,2864,301,6,81,1.1587855435827532e+19,QSO,1.745177,10292,58113,340
1.2376577766093627e+18,119.024266379469,29.6666847501216,20.4901,20.37814,20.4001,20.04516,20.27627,2864,301,6,77,1.1587874127525206e+19,QSO,1.808039,10292,58113,408
1.237657606957958e+18,119.305438471342,31.5619338685237,20.76697,20.53751,20.42526,20.3893,20.12677,2825,301,2,74,1.1587946970170546e+19,QSO,0.7651492,10292,58113,673
1.2376602231572403e+18,20.6328019901365,-0.259776909623239,23.64605,22.91318,21.85878,21.16252,21.53098,3434,301,3,491,1.057797709545946e+19,QSO,2.032311,9395,58113,536
1.23765777660969e+18,119.710101291885,30.1149631701251,20.25042,20.01686,19.88162,19.74479,19.63639,2864,301,6,82,1.1587843890955442e+19,QSO,2.035902,10292,58113,298
1.2376637847441257e+18,22.4968576598353,0.613027873053986,22.71131,24.55976,22.85348,22.43276,22.38737,4263,301,5,266,1.0578069454436194e+19,GALAXY,0.8280452,9395,58113,872
1.2376637831337096e+18,23.009149724409,-0.701901568948379,22.79523,23.41358,22.38456,21.81785,21.20852,4263,301,2,269,1.0577847353087384e+19,GALAXY,1.206451,9395,58113,64
1.2376637836699244e+18,21.4686905741795,-0.31340538636572,22.54387,22.60025,21.84553,20.89581,20.33783,4263,301,3,259,1.057802135080248e+19,GALAXY,0.8419486,9395,58113,697
1.23767862224067e+18,30.4921767432893,4.04232606337987,22.8693,22.73644,21.95537,22.32304,21.2672,7718,301,2,192,1.0613006711454456e+19,GALAXY,1.112629,9426,58123,997
1.2376786222400804e+18,29.2263493409407,3.97182234616124,23.17575,22.6165,22.22466,22.4817,21.31931,7718,301,2,183,1.0612808799361456e+19,GALAXY,1.367091,9426,58123,277
1.2376784396961715e+18,29.3847432819648,3.51130492195227,22.0229,22.45979,22.11822,21.6196,21.83347,7675,301,6,64,1.0612797254489364e+19,GALAXY,0.9954215,9426,58123,235
1.2376784396965647e+18,30.2693952907919,3.41433770075136,22.845,22.39065,21.89584,21.03034,20.58693,7675,301,6,70,1.061274557744286e+19,GALAXY,0.678451,9426,58123,47
1.2376786614368996e+18,29.6078421486486,4.23849050685498,19.07476,18.14443,17.81907,17.70687,17.66059,7727,301,3,263,1.0612967953669577e+19,STAR,-0.0003530366,9426,58123,856
1.237678621703341e+18,29.4582525295308,3.62394278698364,21.89895,21.93163,22.96537,22.09895,21.45977,7718,301,1,185,1.0612793681076574e+19,GALAXY,1.023649,9426,58123,222
1.2376786222406702e+18,30.4716389418967,3.90950867340904,26.13637,22.79901,22.08461,21.49031,20.90746,7718,301,2,192,1.061274090451844e+19,GALAXY,0.8204225,9426,58123,30
1.237678661973443e+18,28.7491660922362,4.72550578637416,22.48368,22.9027,22.06739,21.58541,21.55889,7727,301,4,258,1.0612919575158e+19,QSO,2.344383,9426,58123,680
1.237678621703144e+18,29.0481047022135,3.55820050896229,21.31406,22.20979,21.29345,20.68095,20.25292,7718,301,1,182,1.0612816770820755e+19,QSO,0.4257661,9426,58123,306
1.237678621702947e+18,28.4970019806838,3.73844831387637,26.19338,22.51557,21.92179,20.94696,20.48252,7718,301,1,179,1.0612840135442848e+19,GALAXY,0.8614281,9426,58123,391
1.23767862170262e+18,27.8502260994251,3.75836706834781,24.2342,22.52776,21.79993,21.16453,20.85543,7718,301,1,174,1.0612862950309124e+19,GALAXY,0.725143,9426,58123,474
1.2376784396963684e+18,29.8019304814034,3.44026826637863,23.00269,22.21221,21.82404,21.10318,20.48193,7675,301,6,67,1.061277059133239e+19,GALAXY,0.7798192,9426,58123,138
1.2376786222402117e+18,29.4421388349231,3.99034771101876,23.77019,22.59222,22.53081,22.69344,21.55517,7718,301,2,185,1.0612795605221925e+19,GALAXY,1.329141,9426,58123,229
1.2376786222396216e+18,28.1067652017338,4.17068974223858,24.48674,22.22329,21.73278,20.84556,20.72854,7718,301,2,176,1.0612879992739357e+19,GALAXY,0.8983637,9426,58123,536
1.2376786185026278e+18,25.2663842693306,2.12431110404192,22.682,21.95799,21.56358,21.31698,21.20859,7717,301,3,498,1.0581452926777315e+19,GALAXY,1.112316,9398,58124,893
1.2376786179657577e+18,25.2811854762329,1.5074170524205,23.46988,22.60836,21.93736,21.74713,21.18952,7717,301,2,498,1.058124759298083e+19,GALAXY,0.8994785,9398,58124,146
1.2376786619618437e+18,2.15682837323862,5.05966122459894,23.12802,24.18276,21.37317,20.37034,19.47107,7727,301,4,81,9.84499124239993e+18,GALAXY,0.5385764,8744,58124,445
1.237678618502366e+18,24.7067418609952,2.04606663177096,24.36713,22.24913,21.53878,21.11812,20.57211,7717,301,3,494,1.0581409770945927e+19,QSO,0.7671152,9398,58124,736
1.2376637847448458e+18,24.1764185224592,0.519881007732375,22.47361,21.85052,21.45241,21.22027,20.39433,4263,301,5,277,1.0581313288800588e+19,GALAXY,0.7881343,9398,58124,385
1.2376802838524728e+18,30.5193589711449,26.4999642524785,22.08397,21.44161,21.28346,20.83564,21.16539,8105,301,1,136,8.65932215834931e+18,QSO,1.831297,7691,58124,94
1.2376786195758456e+18,24.1076494868872,2.86106241383074,23.90512,23.10939,22.58814,21.66598,21.12062,7717,301,5,490,1.0581367714626165e+19,GALAXY,0.9267741,9398,58124,583
1.2376786179659535e+18,25.6870665772997,1.69631350939629,24.46202,21.92514,21.68299,21.24041,21.45872,7717,301,2,501,1.0581227252015716e+19,GALAXY,0.8918122,9398,58124,72
1.2376786190393672e+18,24.9526256186107,2.37893503570023,23.65257,23.76629,22.90933,22.02259,21.35769,7717,301,4,496,1.058141746752732e+19,GALAXY,0.7244605,9398,58124,764
1.23767861957578e+18,23.9747313431119,2.87885470786759,23.85887,22.12092,21.81362,21.18442,21.59511,7717,301,5,489,1.0581356169754071e+19,GALAXY,0.8062102,9398,58124,541
1.23767861903904e+18,24.1669919908499,2.37176234985273,23.82703,23.69011,22.74533,21.7848,22.49856,7717,301,4,491,1.058137156291686e+19,GALAXY,0.9080678,9398,58124,597
1.2376786174286897e+18,24.7849062262051,1.19489377780006,23.40651,23.57952,21.3528,20.64388,23.03854,7717,301,1,495,1.0582539519160244e+19,GALAXY,0.7294642,9399,58125,750
1.2376637842087616e+18,26.0475639306649,0.0319174729183112,22.88196,24.18924,21.99896,22.23118,21.27612,4263,301,4,289,1.0582607688881166e+19,QSO,0.04425641,9399,58125,998
1.237663784744977e+18,24.4908273217421,0.598654127881528,23.44733,22.92942,22.27052,21.48011,20.55173,4263,301,5,279,1.0582519727950944e+19,GALAXY,0.8926657,9399,58125,678
1.237663783671694e+18,25.5763864133584,-0.341027567231911,22.71957,22.05721,21.57762,21.38845,20.67397,4263,301,3,286,1.0582362222910263e+19,GALAXY,1.068152,9399,58125,105
1.237663783134758e+18,25.4174681828423,-0.790763499924973,23.51134,22.93217,22.36921,21.36113,20.74689,4263,301,2,285,1.058235809974166e+19,GALAXY,0.8670443,9399,58125,90
1.2376637852821752e+18,25.220040036804,1.02840524990583,19.41474,19.12993,19.00476,18.75573,18.77032,4263,301,6,284,1.058257222963117e+19,QSO,1.63925,9399,58125,869
1.2376637842084997e+18,25.3867304932562,0.0185021057516585,23.72231,22.337,21.41967,20.66495,20.04803,4263,301,4,285,1.0582365521445149e+19,GALAXY,0.802354,9399,58125,117
1.237663783134233e+18,24.1800023401867,-0.715524636391781,19.73099,19.85644,19.71472,20.38862,18.70453,4263,301,2,277,1.058243643994514e+19,GALAXY,0.8724387,9399,58125,375
1.2376637831339707e+18,23.5729819721105,-0.657062182681586,22.90755,22.32006,21.7632,21.06351,20.86149,4263,301,2,273,1.0582465851881183e+19,GALAXY,0.7232874,9399,58125,482
1.2376637836713664e+18,24.7882297392831,-0.338833801853516,24.28101,23.59582,23.4948,22.1216,22.29576,4263,301,3,281,1.0582394933381192e+19,GALAXY,0.7961022,9399,58125,224
1.2376788906680648e+18,25.0695688482236,-1.34207711170228,24.0492,23.54186,22.80262,21.8571,22.01954,7780,301,6,69,1.0582378440706775e+19,GALAXY,0.8574702,9399,58125,164
1.2376637831340372e+18,23.6799857021297,-0.664094447520721,22.61301,22.82113,22.09314,21.65482,20.73362,4263,301,2,274,1.0582458430177696e+19,GALAXY,1.061292,9399,58125,455
1.2376582061026186e+18,127.207644011407,34.0607940420555,22.22631,22.25442,21.97233,21.92707,21.40147,2964,301,6,24,1.1523666496988664e+19,QSO,0.8118176,10235,58127,294
1.2376672110449797e+18,132.406537070351,18.9758982043427,24.68226,22.34493,21.76567,21.19906,20.67734,5061,301,3,124,1.0769280299177368e+19,GALAXY,0.8233782,9565,58127,173
1.2376671068925468e+18,132.855844984344,20.0478290719922,23.34579,22.77226,22.94777,22.0878,21.59981,5037,301,1,132,1.0769258308944812e+19,GALAXY,0.9837371,9565,58127,93
1.2376738070488684e+18,131.804131986675,21.6160103958318,22.39142,21.59077,21.88354,20.9145,20.40036,6597,301,1,244,1.0769429008125e+19,GALAXY,0.831477,9565,58127,714
1.237667106891826e+18,131.213543452924,19.3585733074731,23.613,22.81503,23.74847,23.08256,21.3553,5037,301,1,121,1.0769343795973872e+19,QSO,0.2797672,9565,58127,404
1.2376671068920223e+18,131.734978713793,19.5640779677086,23.07064,22.51809,22.82609,22.02193,20.85334,5037,301,1,124,1.076932427964248e+19,QSO,1.011441,9565,58127,333
1.2376672545313925e+18,132.246804698076,19.5374425523087,22.3801,22.49205,21.99556,21.03785,20.71506,5071,301,4,122,1.0769290194782e+19,GALAXY,0.8187315,9565,58127,209
1.2376576295105344e+18,128.474699248444,35.7107259275072,22.60692,23.04869,21.65547,19.98595,19.17029,2830,301,4,135,1.1523849290796784e+19,GALAXY,0.8552265,10235,58127,959
1.2376672115816535e+18,131.798271795172,19.1967727635578,24.94819,23.14261,22.64702,23.08804,21.81334,5061,301,4,121,1.0769311360380852e+19,QSO,1.342271,9565,58127,286
1.2376671428637496e+18,132.415040176899,21.4682912569178,22.15704,22.5052,22.39596,21.56974,21.81419,5045,301,4,145,1.0769463092985483e+19,GALAXY,0.9047663,9565,58127,838
1.237658206102553e+18,127.061590433175,33.8354842069936,22.32397,22.0359,21.93455,22.09414,21.82821,2964,301,6,23,1.152366429796541e+19,QSO,1.977438,10235,58127,286
1.237667106892154e+18,131.966111100761,19.5699726839079,23.4073,23.13982,22.82623,22.03612,21.11417,5037,301,1,126,1.076930338892155e+19,GALAXY,0.7909452,9565,58127,257
1.2376671068924155e+18,132.488407439763,20.0048647263294,22.68412,22.82339,21.84889,21.3807,20.54292,5037,301,1,130,1.0769273976985508e+19,GALAXY,0.8971342,9565,58127,150
1.237667106892154e+18,131.936571642907,19.7001360689414,23.27307,23.61174,22.884,21.79234,20.77369,5037,301,1,126,1.0769313834282e+19,GALAXY,0.8412303,9565,58127,295
1.2376672110448484e+18,132.11369664806,18.9737952154918,22.85709,21.4978,20.76268,20.00738,20.91149,5061,301,3,122,1.0769300090386668e+19,QSO,1.331574,9565,58127,245
1.237667106892285e+18,132.289069837645,19.7925336794791,23.7802,23.06335,21.83034,21.16341,20.65713,5037,301,1,128,1.0769283322834344e+19,GALAXY,0.9021527,9565,58127,184
1.2376671068923507e+18,132.433185265615,19.8655336765874,23.65125,22.48203,22.0997,20.73084,20.25097,5037,301,1,129,1.076928277307853e+19,GALAXY,0.7974681,9565,58127,182
1.237667254531523e+18,132.416683363115,19.7465356198817,23.66034,22.6615,22.31483,21.85284,20.81127,5071,301,4,124,1.0769281123811088e+19,GALAXY,0.8678867,9565,58127,176
1.2376571178724232e+18,126.605051391235,36.3050395188607,21.92738,21.78725,21.50386,21.46217,20.74526,2711,301,3,133,1.1523741263779357e+19,QSO,1.135803,10235,58127,566
1.2376672545313265e+18,131.968917143261,19.4597470968413,24.05928,23.13352,22.30476,21.40857,20.90445,5071,301,4,121,1.076930064014248e+19,GALAXY,0.9076685,9565,58127,247
1.237658206102684e+18,127.364908477276,34.082096222307,21.0908,21.02639,21.01575,20.57683,20.33464,2964,301,6,25,1.1523654127482851e+19,QSO,1.656697,10235,58127,249
1.237667106892678e+18,133.094527955608,20.2875181715421,24.64883,23.42372,22.38361,21.74609,21.85043,5037,301,1,134,1.0769254185776208e+19,GALAXY,0.3415523,9565,58127,78
1.2376671428632256e+18,131.290506002505,21.0432352652917,24.48291,22.55243,22.48142,22.29153,21.14596,5045,301,4,137,1.0769398496677351e+19,GALAXY,0.3060781,9565,58127,603
1.2376671423262236e+18,131.248276693053,20.4809583068149,22.4195,22.41178,21.4838,20.47969,20.40903,5045,301,3,135,1.0769353141822708e+19,GALAXY,0.6802679,9565,58127,438
1.2376672545311956e+18,131.781123005423,19.4132584019499,22.88588,22.44308,21.7655,21.21628,20.85812,5071,301,4,119,1.076931163525876e+19,GALAXY,0.8389235,9565,58127,287
1.237673807049e+18,132.121483554452,21.7742461243596,25.62845,22.89841,22.43147,21.85371,21.50672,6597,301,1,246,1.0769447699822696e+19,QSO,2.036165,9565,58127,782
1.2376672545314575e+18,132.309748982729,19.6908394593462,23.26916,22.76221,22.09418,21.65863,21.97373,5071,301,4,123,1.0769290744537831e+19,GALAXY,1.096011,9565,58127,211
1.2376672545316544e+18,132.774010645098,19.8167907219164,22.29808,22.85386,22.07755,21.56259,20.95732,5071,301,4,126,1.0769249237973885e+19,GALAXY,0.7412364,9565,58127,60
1.237667254531523e+18,132.468887834216,19.7197917864004,21.68728,22.27255,21.36908,20.79415,20.18748,5071,301,4,124,1.0769280574055274e+19,GALAXY,0.9098467,9565,58127,174
1.2376672110449792e+18,132.358117433254,19.006250452146,22.08934,22.26647,21.64842,20.94631,20.93584,5061,301,3,124,1.0769277825276203e+19,GALAXY,0.8728788,9565,58127,164
1.2376672115818504e+18,132.201966382908,19.4635414994875,23.44152,24.0429,23.87122,21.54252,20.88466,5061,301,4,124,1.0769288545514576e+19,GALAXY,0.9270347,9565,58127,203
1.2376671068923507e+18,132.350370945343,19.8167699356049,22.90807,23.09484,22.22632,21.16831,20.9339,5037,301,1,129,1.0769283047956437e+19,GALAXY,0.8617324,9565,58127,183
1.2376672115823752e+18,133.336618492085,19.8100021247651,23.96154,22.4507,21.36216,20.55549,20.10777,5061,301,4,132,1.0769238517735512e+19,GALAXY,0.9236963,9565,58127,21
1.2376672110514017e+18,147.228396089483,24.1059887572082,18.95547,18.72213,18.2318,18.01214,17.51236,5061,301,3,222,1.083351321876656e+19,QSO,0.3016134,9622,58130,379
1.237667210514662e+18,147.615630918068,23.8205214352184,23.73235,22.51044,21.62002,20.98325,21.17972,5061,301,2,224,1.0833499474871212e+19,GALAXY,0.8247873,9622,58130,329
1.237657629508896e+18,125.065029718639,33.1522233612476,23.48154,23.20971,21.86231,20.6112,19.83736,2830,301,4,110,1.152150293303344e+19,GALAXY,0.7065958,10233,58130,615
1.2376786222379832e+18,24.4356896745169,4.12755164363525,24.31923,22.51575,22.68285,21.08112,20.99944,7718,301,2,151,1.0625387212500654e+19,GALAXY,0.8949233,9437,58130,981
1.2376672110577587e+18,162.770143982197,27.8826056721617,23.51129,23.04015,22.21568,21.47638,21.50563,5061,301,3,319,1.1788446214315596e+19,GALAXY,0.8009858,10470,58130,997
1.237664877801178e+18,139.769536527551,27.3697134456708,22.23097,22.60733,21.78098,20.90144,21.02589,4518,301,1,81,1.0844773867102427e+19,GALAXY,0.8266144,9632,58130,385
1.237678622237e+18,22.150514167293,4.21962273216947,23.61699,22.25376,21.73043,21.23832,21.59749,7718,301,2,136,1.0625272588413458e+19,GALAXY,0.9446401,9437,58130,564
1.2376576295086328e+18,124.4937305695,32.8609639688191,21.9874,21.54882,21.60345,21.68852,21.8492,2830,301,4,106,1.1521468298417166e+19,GALAXY,0.01767594,10233,58130,489
1.237667211057431e+18,161.936210475461,27.7037821889208,23.72232,22.85064,22.20097,21.52402,21.47067,5061,301,3,314,1.1788212568094691e+19,GALAXY,0.6197045,10470,58130,147
1.2376672550802565e+18,160.607171680137,28.4287270779473,22.51662,22.35538,22.52466,20.9111,20.59129,5071,301,5,305,1.1788329116327236e+19,GALAXY,0.8147936,10470,58130,571
1.2376672115935155e+18,159.876913490967,27.7967712308126,22.98507,22.62642,22.09669,21.82211,20.55213,5061,301,4,302,1.178832526803654e+19,GALAXY,0.9657617,10470,58130,557
1.2376648778013092e+18,140.182364086781,27.4763020376264,22.07513,22.59458,21.60474,21.03045,20.5081,4518,301,1,83,1.084475215174778e+19,GALAXY,0.7934641,9632,58130,306
1.2376672099789043e+18,150.36520441183,24.2578001182848,25.02073,23.68283,22.59433,21.61444,20.7117,5061,301,1,241,1.0832376873499253e+19,GALAXY,0.7006263,9621,58130,341
1.2376672115892557e+18,149.334067443321,25.2933806752345,25.13596,22.92025,22.65812,21.63406,21.23375,5061,301,4,237,1.0833678970144446e+19,QSO,2.123047,9622,58130,982
1.2376672110577587e+18,162.784337349808,27.8357905386181,23.33591,22.52611,21.6438,21.24647,21.00974,5061,301,3,319,1.1788447038949317e+19,QSO,1.576601,10470,58130,1000
1.237667211588666e+18,148.036345013286,24.8641651308414,22.35889,23.01083,22.59168,22.38406,21.62861,5061,301,4,228,1.0833619871394451e+19,GALAXY,1.005632,9622,58130,767
1.2376672115899113e+18,151.008664159545,25.7259617460897,23.32294,22.20086,21.76163,21.77936,23.15424,5061,301,4,247,1.08325093646504e+19,GALAXY,0.725976,9621,58130,823
1.2376672110569723e+18,160.825305211778,27.446994558112,22.71543,22.24665,21.87924,21.31582,21.09479,5061,301,3,307,1.1788278813670269e+19,GALAXY,0.8394348,10470,58130,388
1.2376672110572997e+18,161.600621340229,27.593584868894,22.68225,21.79418,21.04884,20.6976,19.83722,5061,301,3,312,1.1788225212478413e+19,GALAXY,0.4306059,10470,58130,193
1.237664877802095e+18,141.926255628089,28.2187227654278,23.76915,22.94326,22.48779,21.68055,21.16649,4518,301,1,95,1.08449390687245e+19,GALAXY,0.8862829,9632,58130,986
1.2376648778013087e+18,140.012584753912,27.5140908053546,22.56513,23.98371,21.99376,21.83331,20.9738,4518,301,1,83,1.0844764246375684e+19,GALAXY,0.9837702,9632,58130,350
1.2376582044916127e+18,127.287313545466,32.4635998299762,23.0195,21.67355,20.10716,19.53229,19.13616,2964,301,3,18,1.1521341304824158e+19,GALAXY,0.2796101,10233,58130,27
1.2376648778018988e+18,141.379279011123,28.1154784189736,26.60046,23.57252,23.27386,21.40514,22.56836,4518,301,1,92,1.0844922301172177e+19,GALAXY,0.8713414,9632,58130,925
1.2376576295088955e+18,125.011611737406,33.1230372772052,26.40793,23.91205,21.70617,20.33078,19.62965,2830,301,4,110,1.1521492487673e+19,GALAXY,0.7099161,10233,58130,577
1.237658206102094e+18,126.130405159306,33.2654621455695,19.59083,19.55063,19.34277,19.25725,19.45982,2964,301,6,16,1.1521558183492735e+19,QSO,1.431192,10233,58130,816
1.237678622239032e+18,26.8070571021412,4.14226813604852,23.21075,22.63005,22.57451,21.38083,21.14227,7718,301,2,167,1.0614011665199684e+19,GALAXY,0.8397703,9427,58130,557
1.2376582061019633e+18,125.880224869004,33.0475603296004,21.62212,21.37169,21.1496,20.86238,20.35302,2964,301,6,14,1.1521410848934615e+19,QSO,0.7925315,10233,58130,280
1.2376648778019643e+18,141.573128952442,28.1837700131974,22.9907,23.08871,22.6612,21.84476,21.38281,4518,301,1,93,1.0844934945555896e+19,GALAXY,1.605725,9632,58130,971
1.2376672110569723e+18,160.892242231299,27.374058129901,23.32543,22.92085,22.34955,21.47454,23.68834,5061,301,3,307,1.178826946782143e+19,GALAXY,1.052343,10470,58130,354
1.2376651285267748e+18,140.01721407846,26.523934039079,25.96439,22.80501,22.82483,21.70534,21.60987,4576,301,4,186,1.084474665418964e+19,GALAXY,0.853161,9632,58130,286
1.2376672110574313e+18,162.086607957628,27.5939641210947,24.28007,22.99595,22.08707,21.73957,21.043,5061,301,3,314,1.1788204046879578e+19,GALAXY,0.70825,10470,58130,116
1.237678619575518e+18,23.3656262374972,2.91687714554208,23.262,23.16833,22.54346,21.3604,20.86641,7717,301,5,485,1.0625177480657656e+19,GALAXY,0.8130673,9437,58130,218
1.2376672115937777e+18,160.537722867055,27.8010118493172,22.84489,21.51365,21.00274,20.49282,20.37909,5061,301,4,306,1.1788347533147e+19,GALAXY,0.7570992,10470,58130,638
1.237678439695516e+18,27.8492428523325,3.45375514963308,23.35565,22.6803,21.97126,21.36801,20.96612,7675,301,6,54,1.0614079834920604e+19,GALAXY,0.8215178,9427,58130,805
1.2376672110572347e+18,161.544967924851,27.6634093455934,23.07139,22.32651,21.51353,21.03254,20.70683,5061,301,3,311,1.178822548735632e+19,GALAXY,0.8177411,10470,58130,194
1.2376648778012431e+18,140.007850705521,27.4351902089965,23.1864,22.46097,21.43319,20.71035,20.01544,4518,301,1,82,1.0844762871986147e+19,GALAXY,0.9357157,9632,58130,345
1.2376786217022267e+18,26.9021117162763,3.79218725914085,22.11925,22.61271,22.09068,21.7733,21.32413,7718,301,1,168,1.0614013039589218e+19,GALAXY,0.7286327,9427,58130,562
1.2376582061019635e+18,125.841982623157,33.0970929267501,25.00403,23.429,21.91125,20.50832,19.72949,2964,301,6,14,1.1521536468138088e+19,STAR,0.0002771911,10233,58130,737
1.2376672099838856e+18,162.627282341923,26.8256151263751,20.5822,19.76285,19.11951,19.19027,18.34463,5061,301,1,317,1.1788184255670278e+19,GALAXY,1.932613,10470,58130,44
1.2376672115938427e+18,160.765857188016,27.8578326110517,23.21219,22.85005,22.56158,22.75735,21.5073,5061,301,4,307,1.1788358253385372e+19,GALAXY,0.9768472,10470,58130,677
1.2376672099838856e+18,162.662439654758,27.0172224914724,20.52156,20.30602,20.24271,19.95203,20.0629,5061,301,1,317,1.1788172985676091e+19,QSO,1.683331,10470,58130,3
1.237667430098273e+18,151.23750031297,23.3272287932825,23.46319,22.75105,22.43759,21.61513,21.57368,5112,301,3,276,1.0832327670353908e+19,GALAXY,0.7822959,9621,58130,162
1.237658206102422e+18,126.691297583108,33.7050467308683,23.60037,21.40608,20.95746,20.88017,20.9764,2964,301,6,21,1.1521586221039243e+19,QSO,3.099507,10233,58130,918
1.2376672115935155e+18,159.953976853279,27.7360267224975,21.36912,21.93727,20.93527,20.84055,20.36046,5061,301,4,302,1.1788325542914447e+19,GALAXY,0.8474637,10470,58130,558
1.2376581921482348e+18,126.626552470087,32.1213924662205,21.58718,21.54237,21.57371,21.10699,21.35284,2961,301,4,89,1.152136989212648e+19,QSO,1.837587,10233,58130,131
1.2376648778017674e+18,141.189060262227,27.9392222619011,22.00212,21.24636,20.94592,20.61511,20.14561,4518,301,1,90,1.0844706522015224e+19,GALAXY,0.7820473,9632,58130,140
1.2376674317130143e+18,161.108377664817,26.5353347670879,25.05621,22.7802,22.17987,21.72841,22.67514,5112,301,6,339,1.1788262046117943e+19,GALAXY,0.8793515,10470,58130,327
1.2376582061026184e+18,127.171622129911,33.9202982224435,22.24331,21.97679,21.84648,21.38047,21.01209,2964,301,6,24,1.152159749103343e+19,QSO,0.8597057,10233,58130,959
1.2376795821564237e+18,25.0169377631929,31.8367673160312,21.25436,21.81721,21.99326,21.4486,20.90288,7941,301,6,48,8.704586303386442e+18,QSO,1.985514,7731,58130,924
1.237667211593778e+18,160.651194786727,27.7877719762155,25.69867,22.41346,22.1019,21.91926,20.42902,5061,301,4,306,1.1788348082902817e+19,GALAXY,0.2783966,10470,58130,640
1.2376648778020298e+18,141.745849079336,28.1480461112789,22.78659,21.72879,21.11622,20.16445,19.66158,4518,301,1,94,1.0844935770189615e+19,GALAXY,0.8369969,9632,58130,974
1.2376672115885353e+18,147.690376849738,24.7651477108911,23.72739,24.24764,22.46206,21.43966,23.46454,5061,301,4,226,1.083361217481306e+19,GALAXY,0.8440523,9622,58130,739
1.237664877801964e+18,141.585984679098,28.1030803807815,25.32467,22.67955,21.79206,21.18574,20.60853,4518,301,1,93,1.0844936319945431e+19,GALAXY,0.776709,9632,58130,976
1.2376648778020298e+18,141.777079603884,28.2203174811267,24.0606,22.40008,22.11748,21.29254,20.84723,4518,301,1,94,1.084493824409078e+19,GALAXY,0.7437861,9632,58130,983
1.237667209983296e+18,161.233078287055,26.6557205859186,23.27744,22.90543,21.75906,20.83353,20.21428,5061,301,1,308,1.1788252700269107e+19,GALAXY,0.8188457,10470,58130,293
1.2376784396951885e+18,27.0787717548922,3.51857269048796,22.53067,22.00336,21.51842,21.19273,20.57533,7675,301,6,49,1.061402733324038e+19,QSO,0.8783743,9427,58130,614
1.2376674317135383e+18,162.289022583943,26.7567239857284,22.69542,22.60562,22.18672,21.51991,21.00201,5112,301,6,347,1.1788195525664465e+19,GALAXY,0.762558,10470,58130,85
1.2376672105206917e+18,162.440970483329,27.2490233966895,22.58209,22.14319,21.70915,21.00265,21.68831,5061,301,2,316,1.178817958274586e+19,GALAXY,0.8287492,10470,58130,27
1.2376648359320625e+18,140.030874644429,28.1993989966984,24.03434,23.44327,23.91911,22.53215,22.59081,4508,301,3,185,1.0844857155108231e+19,GALAXY,1.302759,9632,58130,688
1.237667209978971e+18,150.592527754975,24.2408662289135,23.06386,22.83898,22.03178,21.54345,21.11398,5061,301,1,242,1.083236807740623e+19,GALAXY,0.9270014,9621,58130,309
1.2376648778011123e+18,139.710225524282,27.2970896964756,22.80282,23.12846,22.19991,21.58964,20.81701,4518,301,1,80,1.0844774141980334e+19,GALAXY,0.8417454,9632,58130,386
1.2376672115937777e+18,160.536367476486,27.8873007812741,22.73595,22.85097,22.54222,22.08733,21.35476,5061,301,4,306,1.1788346708513282e+19,GALAXY,0.9083114,10470,58130,635
1.237667209978905e+18,150.464049369953,24.1296955911166,22.64969,22.7087,22.14712,21.78544,21.86215,5061,301,1,241,1.0832367527650417e+19,GALAXY,0.661454,9621,58130,307
1.2376672937314885e+18,151.125962496393,24.01512515911,24.93466,22.90998,21.856,21.25017,20.62676,5080,301,5,252,1.0832333992545767e+19,GALAXY,0.8739384,9621,58130,185
1.2376672545380111e+18,147.45658047879,24.8384033009541,24.68926,22.51467,21.88577,21.31932,21.46864,5071,301,4,223,1.0833598156039805e+19,GALAXY,0.82392,9622,58130,688
1.2376786222399493e+18,28.8745597437736,4.01848896456335,23.89699,22.74049,22.56184,21.68891,21.94682,7718,301,2,181,1.0614122440996182e+19,GALAXY,0.7974931,9427,58130,960
1.23766721159345e+18,159.713829828885,27.5840356310471,24.01276,23.09876,22.64828,22.2832,22.26548,5061,301,4,301,1.1788307950728405e+19,QSO,1.271703,10470,58130,494
1.2376581921484308e+18,127.026963223101,32.5282451383237,22.31666,24.53364,23.74929,21.74959,18.52659,2961,301,4,92,1.1521352849696248e+19,STAR,-6.160104e-05,10233,58130,69
1.2376674300984036e+18,151.578858986194,23.372344794611,22.24773,22.21863,21.94261,21.60416,21.30295,5112,301,3,278,1.083229715890624e+19,GALAXY,0.893425,9621,58130,51
1.2376795805454835e+18,23.8401009930309,30.7697880601622,23.57755,23.80247,23.11861,20.97834,19.95379,7941,301,3,43,8.704406808113206e+18,STAR,-0.0005144993,7731,58130,271
1.2376648778020298e+18,141.793870318082,28.1241537736481,22.49613,22.70339,21.90733,19.9312,21.31629,4518,301,1,94,1.0844940443114e+19,GALAXY,0.9180479,9632,58130,991
1.2376581921486932e+18,127.498885870722,32.8215651587489,21.87837,21.96577,21.53535,21.63844,21.20188,2961,301,4,96,1.1521338556045089e+19,QSO,1.159883,10233,58130,17
1.2376672115934505e+18,159.781031346663,27.7043490701911,25.42763,22.7015,22.54174,21.93476,20.50299,5061,301,4,301,1.1788320045356308e+19,GALAXY,0.5716408,10470,58130,538
1.2376672115938437e+18,160.654072765487,27.8757841740146,22.3738,22.7014,21.58873,21.75936,20.88504,5061,301,4,307,1.178835687899584e+19,GALAXY,1.142,10470,58130,672
1.2376582061022907e+18,126.581432354774,33.511861263132,20.3391,19.77074,19.40927,18.39694,17.57343,2964,301,6,19,1.1521577974702e+19,STAR,0.0001155446,10233,58130,888
1.2376672099791675e+18,151.086606768959,24.3254507333395,25.0487,22.4518,21.57793,22.25528,21.40225,5061,301,1,245,1.0832337291080653e+19,GALAXY,0.2710473,9621,58130,197
1.237667211593712e+18,160.415069999775,27.8172895090119,22.72284,22.66558,21.81078,22.01529,20.89902,5061,301,4,305,1.1788335988274911e+19,GALAXY,0.3472731,10470,58130,596
1.2376581921483663e+18,126.853207677869,32.4286882904552,25.35892,23.51711,21.71779,20.62049,19.79132,2961,301,4,91,1.1521361096033458e+19,QSO,0.6530854,10233,58130,99
1.237667209983427e+18,161.45081388403,26.6583455743227,22.86119,23.07008,22.16638,21.8343,20.71624,5061,301,1,310,1.1788229335647e+19,GALAXY,1.198157,10470,58130,208
1.2376803144504443e+18,24.4142570796547,30.5649339999723,24.63361,25.11497,23.07433,21.02975,19.69652,8112,301,2,80,8.704370524229491e+18,STAR,-0.0004268345,7731,58130,139
1.2376672115886e+18,147.782247402031,24.8578171313895,22.36687,21.80701,21.7041,21.54793,21.34689,5061,301,4,227,1.0833607227010734e+19,QSO,0.99349,9622,58130,721
1.2376581921486935e+18,127.506666091595,32.8932452395748,22.33406,22.2372,21.94233,21.62707,21.73039,2961,301,4,96,1.1521339380678808e+19,QSO,2.148686,10233,58130,20
1.237664877801637e+18,140.783084290852,27.795177154276,21.97905,21.96153,21.00132,20.35923,20.46563,4518,301,1,88,1.0844721090544292e+19,GALAXY,0.9623594,9632,58130,193
1.237667209979429e+18,151.704839585316,24.6427342143335,22.61451,22.60395,21.97582,21.42593,21.31082,5061,301,1,249,1.083255059633644e+19,GALAXY,0.9331895,9621,58130,973
1.237667254539322e+18,150.742569619716,25.7389915949914,22.06471,22.99501,22.0949,21.71128,21.5423,5071,301,4,243,1.0832487374417844e+19,GALAXY,0.9619705,9621,58130,743
1.2376581921483003e+18,126.807060328901,32.2618762425854,21.67639,21.63727,21.61039,21.49483,20.78595,2961,301,4,90,1.1521368792614853e+19,QSO,1.852942,10233,58130,127
1.237678619575452e+18,23.163066931959,2.86261041224978,23.3411,23.01729,22.49777,22.42146,21.67698,7717,301,5,484,1.06251871013844e+19,GALAXY,1.017858,9437,58130,253
1.2376648778011123e+18,139.673116177729,27.2194620597954,23.20678,22.24363,22.36213,20.80614,20.76727,4518,301,1,80,1.08447727675908e+19,GALAXY,0.9356978,9632,58130,381
1.237658206102619e+18,127.283369934582,34.0105428860308,26.01257,22.89423,21.40054,20.16129,19.42696,2964,301,6,24,1.1521595292010174e+19,STAR,-0.0001607707,10233,58130,951
1.2376672110571692e+18,161.370496183082,27.4970047132353,26.12675,22.10463,21.11675,20.68922,20.74709,5061,301,3,310,1.1788245553443529e+19,GALAXY,0.6865847,10470,58130,267
1.237667211593778e+18,160.503744635536,27.8585391938383,22.34213,22.982,22.26021,21.60529,21.41097,5061,301,4,306,1.1788347258269096e+19,GALAXY,0.7913241,10470,58130,637
1.2376672099793638e+18,151.506430802582,24.5135602507937,24.30972,23.35604,22.75787,21.94507,22.15329,5061,301,1,248,1.0832540425853884e+19,GALAXY,1.820741,9621,58130,936
1.2376582044916127e+18,127.247181870431,32.4382773543002,22.7013,21.54786,20.00732,19.40345,19.02708,2964,301,3,18,1.1521351200428808e+19,GALAXY,0.2807868,10233,58130,63
1.2376672115889935e+18,148.751832794969,25.0019655205752,22.64503,22.81389,21.84968,22.38922,20.88194,5061,301,4,233,1.0833655880400263e+19,GALAXY,0.2635905,9622,58130,898
1.2376648778017672e+18,141.114133345958,27.8942731601447,25.15954,23.8717,23.19495,22.21872,21.81883,4518,301,1,90,1.0844711744695456e+19,GALAXY,0.7246101,9632,58130,159
1.2376648778020298e+18,141.81369197046,28.1615282622985,22.33667,23.41139,22.06931,21.31443,20.96295,4518,301,1,94,1.0844939618480314e+19,GALAXY,0.9280337,9632,58130,988
1.2376672115939743e+18,161.136647448065,27.8911234387053,22.38251,22.59749,21.69858,21.00088,20.8042,5061,301,4,309,1.178836814899e+19,QSO,1.020712,10470,58130,713
1.2376803139137047e+18,24.7071607395569,29.962383736508,20.01404,19.87758,19.68499,19.51774,19.3924,8112,301,1,82,8.704354856188795e+18,QSO,2.05695,7731,58130,82
1.2376672110572344e+18,161.49758719485,27.4765697422443,23.42004,22.30355,21.69075,21.04317,21.21813,5061,301,3,311,1.1788234833205156e+19,GALAXY,0.7166393,10470,58130,228
1.237667551417926e+18,162.473424802525,23.9749116825832,21.90869,19.24414,19.00879,18.94533,18.84127,5140,301,5,75,1.1785962967321e+19,QSO,3.299934,10468,58131,155
1.237678661971346e+18,24.0390717674059,4.81813622113184,24.8784,22.2733,21.9906,21.21124,21.42044,7727,301,4,226,1.0620786031233096e+19,GALAXY,0.879639,9433,58131,626
1.2376648778005883e+18,138.447579945949,26.8239474383695,23.93748,23.17527,22.14,21.44962,21.28711,4518,301,1,72,1.081104772232671e+19,GALAXY,0.8938959,9602,58131,570
1.237678622238245e+18,24.9975472362877,4.14983700610167,25.3754,22.7299,22.61456,21.36804,21.77715,7718,301,2,155,1.0620847329006344e+19,GALAXY,0.7659904,9433,58131,849
1.2376581921452856e+18,120.896873957092,27.6824395893291,20.47026,20.5209,20.295,20.12363,20.35003,2961,301,4,44,1.1583327372368435e+19,QSO,1.429547,10288,58131,251
1.2376651285234324e+18,132.466821145233,23.1720357339166,22.79773,22.71329,22.49289,21.31765,20.97806,4576,301,4,135,1.0807615871658514e+19,GALAXY,0.7679533,9599,58131,373
1.237665128523695e+18,132.99913479721,23.422348587435,21.86456,22.67937,22.45031,21.00863,20.39201,4576,301,4,139,1.0807583985821309e+19,GALAXY,0.8611451,9599,58131,257
1.2376648778006536e+18,138.602440733453,26.7621039507101,23.1367,22.9077,22.3821,21.44433,21.41073,4518,301,1,73,1.0811050196227873e+19,GALAXY,0.8238661,9602,58131,579
1.2376651279868237e+18,133.220177854599,23.1083349910863,22.22702,22.09796,21.82784,21.3176,21.15988,4576,301,3,139,1.0807557872420147e+19,GALAXY,0.8232251,9599,58131,162
1.237664877800916e+18,139.190393733272,27.2027868120544,26.3719,22.31892,21.31912,21.35832,20.91249,4518,301,1,77,1.0811088404256936e+19,GALAXY,0.3504938,9602,58131,718
1.237657627895727e+18,121.192845205005,28.2630459305999,23.05083,23.75373,21.90986,20.8621,19.9982,2830,301,1,71,1.1583321874810296e+19,GALAXY,0.8044213,10288,58131,231
1.237664877801178e+18,139.813306075498,27.263570613488,23.59015,23.09017,22.33701,21.72416,21.92799,4518,301,1,81,1.0811112043756935e+19,GALAXY,0.9874988,9602,58131,804
1.2376662151498967e+18,19.4456747011512,28.5397775396691,23.51567,23.37167,21.52454,20.26101,19.60128,4829,301,4,131,8.64716403376471e+18,GALAXY,0.6702229,7680,58131,919
1.237667539085689e+18,160.923772646255,24.0365890656886,24.23594,22.58184,22.22316,21.8014,20.79916,5137,301,6,316,1.178604130752452e+19,GALAXY,0.9653831,10468,58131,440
1.2376648777980316e+18,132.705660996896,24.1354100713897,23.66774,22.75628,22.03345,21.58467,22.37851,4518,301,1,33,1.0807599928739912e+19,GALAXY,0.8572979,9599,58131,315
1.2376675390854272e+18,160.209933229547,24.0004602464773,22.79747,22.44665,21.70508,20.89972,20.51539,5137,301,6,312,1.1786057800198937e+19,GALAXY,0.7814131,10468,58131,500
1.2376581921458747e+18,121.867415819292,28.5448690395267,22.15394,22.34561,21.76268,21.83505,21.35711,2961,301,4,53,1.1583516488368413e+19,QSO,1.646938,10288,58131,939
1.2376786222381143e+18,24.6825115490252,4.24379852496194,24.51179,22.77008,22.98372,21.82,22.10838,7718,301,2,153,1.0620825888529605e+19,GALAXY,1.000032,9433,58131,771
1.237667143941227e+18,140.653263114851,25.7005407050989,22.70845,23.08584,22.24458,21.478,21.45196,5045,301,6,202,1.081089131679766e+19,GALAXY,0.9596802,9602,58131,1
1.2376651279895104e+18,139.419485771149,25.6523872377675,25.66105,23.25549,23.9322,22.30232,22.02356,4576,301,3,180,1.081095866188486e+19,GALAXY,0.6340487,9602,58131,246
1.2376651285235633e+18,132.650203097851,23.3438173464702,23.80326,22.83088,22.82956,22.52438,23.14,4576,301,4,137,1.08076035021527e+19,GALAXY,0.8306094,9599,58131,328
1.237664877800719e+18,138.799613730068,26.853892694384,25.03833,23.12821,22.43089,21.79777,21.42092,4518,301,1,74,1.0811070537193e+19,GALAXY,0.8549892,9602,58131,653
1.2376648777980974e+18,132.872048667618,24.2111861681515,23.82372,23.20889,21.9585,21.44898,21.17612,4518,301,1,34,1.080759003313526e+19,GALAXY,0.982758,9599,58131,279
1.2376581921454822e+18,121.118753913278,27.9420421454514,21.00392,20.88522,20.46661,20.4829,20.57854,2961,301,4,47,1.1583319126031229e+19,QSO,1.301104,10288,58131,221
1.2376786217013092e+18,24.7660887640166,3.66851008466125,24.95507,23.40159,22.32375,22.4251,21.01741,7718,301,1,154,1.0620688724454e+19,GALAXY,0.1327057,9433,58131,272
1.237658192145285e+18,120.876855850173,27.6850120728948,22.90765,21.64235,21.36039,21.10972,22.40532,2961,301,4,44,1.1583327097490528e+19,QSO,1.187009,10288,58131,250
1.2376577749986184e+18,119.830179397913,28.5828171603533,21.85387,20.85943,20.89732,20.6582,20.30299,2864,301,3,75,1.1583406812083542e+19,STAR,0.0001445387,10288,58131,540
1.2376786619715425e+18,24.4622727603104,4.77949197156183,23.1131,22.57873,21.58953,21.29612,21.92381,7727,301,4,229,1.0620807471709835e+19,GALAXY,0.7336455,9433,58131,704
1.2376651285262508e+18,138.880730161101,26.0230787590962,22.61207,22.66494,21.69632,21.23258,20.84338,4576,301,4,178,1.081099467089067e+19,GALAXY,0.8138465,9602,58131,377
1.2376786619714112e+18,24.1314449957052,4.87814708915404,27.2233,21.41082,21.2578,20.17853,20.29156,7727,301,4,227,1.062078465684356e+19,GALAXY,0.8140805,9433,58131,621
1.23766753908582e+18,161.152153968184,24.0691164306875,24.2314,22.26721,21.42323,20.63045,20.24876,5137,301,6,318,1.1786030312408242e+19,GALAXY,0.6373651,10468,58131,400
1.237666089520727e+18,20.1189477765984,28.1453502364853,24.23228,24.60879,21.93713,20.65079,19.82557,4800,301,2,110,8.647185474241453e+18,GALAXY,0.8320335,7680,58131,997
1.2376576289696e+18,120.802764763234,28.9850512352364,22.47221,23.25043,21.60337,20.24953,19.52428,2830,301,3,73,1.1583457664496329e+19,GALAXY,0.657422,10288,58131,725
1.237658191071741e+18,121.908238848125,27.4050674412475,22.87445,22.79459,21.78207,20.68317,19.92262,2961,301,2,47,1.1583282292391696e+19,GALAXY,0.8737898,10288,58131,87
1.237680284384232e+18,17.5687398030954,28.9344406081682,23.20855,22.43829,21.58999,20.47549,19.77582,8105,301,2,58,8.647060129915885e+18,GALAXY,0.7509875,7680,58131,541
1.2376648778013747e+18,140.298805812181,27.5244769820602,22.76671,22.70952,21.64525,21.03129,21.45435,4518,301,1,84,1.0811141180815071e+19,GALAXY,0.7591818,9602,58131,910
1.2376648777982287e+18,133.138308331929,24.3536874047255,23.15817,22.8041,21.88152,21.27483,20.62443,4518,301,1,36,1.0807735443548e+19,GALAXY,0.9420143,9599,58131,808
1.2376581910720686e+18,122.544134212257,27.897131989884,26.15736,23.13083,21.78718,20.69291,19.94431,2961,301,2,52,1.158325975240333e+19,QSO,0.3914067,10288,58131,5
1.2376581921460073e+18,122.189723920819,28.7878948397669,26.68583,23.16195,22.87833,21.08437,19.95708,2961,301,4,55,1.1583526383973065e+19,GALAXY,0.7799746,10288,58131,975
1.2376581921456138e+18,121.579656323032,28.1421371471943,22.47337,23.30227,21.72021,20.55994,19.82513,2961,301,4,49,1.1583290538728905e+19,GALAXY,0.719314,10288,58131,117
1.2376581910719375e+18,122.176587092737,27.6019861339097,25.77439,23.81642,21.72778,20.31003,19.62712,2961,301,2,50,1.158327294654286e+19,GALAXY,0.6708014,10288,58131,53
1.2376648777986872e+18,134.116168840721,24.8184440630331,23.56751,22.44341,21.76908,21.13639,21.58772,4518,301,1,43,1.0807775850600356e+19,GALAXY,0.7256914,9599,58131,955
1.2376662151495688e+18,19.3414907476962,27.7820900088733,22.69769,22.26325,21.86402,21.87151,21.55133,4829,301,4,126,8.646943856561248e+18,QSO,1.06658,7680,58131,118
1.2376786217012431e+18,24.6945304145586,3.78130072083141,25.81176,22.47099,21.83992,21.27532,21.15567,7718,301,1,153,1.062069092347729e+19,GALAXY,0.779653,9433,58131,280
1.2376648778008504e+18,138.984159794831,27.0524736397492,26.21856,21.89891,22.61339,21.7715,22.1316,4518,301,1,76,1.0811080707675544e+19,GALAXY,1.559074,9602,58131,690
1.2376786217009157e+18,23.8353881209312,3.81337917876863,22.72505,22.07191,21.15441,20.47882,19.92561,7718,301,1,148,1.0620729131506358e+19,GALAXY,0.7950763,9433,58131,419
1.2376576278957926e+18,121.224434503006,28.3494136967547,23.92082,23.77655,21.69325,20.58568,19.89783,2830,301,1,72,1.1583322974321924e+19,GALAXY,0.6235024,10288,58131,235
1.237664877801047e+18,139.537998090134,27.1948948210881,22.4223,22.45184,21.41105,20.67278,21.27797,4518,301,1,79,1.081110077376275e+19,GALAXY,0.6867576,9602,58131,763
1.23766487780144e+18,140.334788204639,27.6159362850217,23.99303,22.95914,21.68642,21.33471,21.13433,4518,301,1,85,1.0811153275443e+19,GALAXY,0.8723203,9602,58131,954
1.2376786614345403e+18,24.2023660578549,4.4779095978899,19.21555,18.2442,17.85319,17.76818,17.68988,7727,301,3,227,1.0620793178058676e+19,STAR,0.0001788992,9433,58131,652
1.237657627896186e+18,122.028929892112,29.0351667712849,23.01441,23.20661,21.66375,20.2502,19.50787,2830,301,1,78,1.158352308543818e+19,GALAXY,0.7378398,10288,58131,963
1.2376651285236948e+18,133.054013590553,23.4876295548867,23.13376,22.46787,21.64765,22.17558,20.84521,4576,301,4,139,1.0807571616315496e+19,GALAXY,0.4471134,9599,58131,212
1.2376674301027948e+18,162.257478111222,25.4781815106209,23.35115,22.44501,22.22264,21.84014,21.65524,5112,301,3,345,1.178615290795474e+19,GALAXY,0.8585148,10468,58131,846
1.2376581921455475e+18,121.412342741964,27.9892266273843,20.17847,20.06364,19.86909,19.76087,19.78807,2961,301,4,48,1.1583297960432392e+19,QSO,1.403387,10288,58131,144
1.237657627896317e+18,122.254867822179,29.1436596382254,22.41093,23.2452,21.63895,20.34101,19.43182,2830,301,1,80,1.1583529132752132e+19,GALAXY,0.9190987,10288,58131,985
1.237665127989707e+18,139.778408399236,25.8314746502715,25.02915,22.14082,21.56328,20.93819,20.70065,4576,301,3,183,1.0810939420431374e+19,QSO,0.8266868,9602,58131,176
1.2376786222375242e+18,23.2732065000485,4.29481857913841,23.38644,22.5257,22.38537,21.41207,21.13578,7718,301,2,144,1.062075414539589e+19,GALAXY,0.8057499,9433,58131,510
1.23765819214522e+18,120.676406656946,27.5807147498719,22.04773,21.26823,20.84642,20.7919,21.0365,2961,301,4,43,1.1583337267973083e+19,STAR,0.0002242889,10288,58131,287
1.2376786619718702e+18,25.2650963252719,4.82194844330821,24.18229,22.84048,22.44143,21.59438,20.68565,7727,301,4,234,1.0620851727052855e+19,GALAXY,0.9180599,9433,58131,865
1.237667538549474e+18,162.652250565483,23.7612269104725,23.10796,22.21754,21.5316,22.07891,19.94902,5137,301,5,326,1.178595224708267e+19,GALAXY,1.288676,10468,58131,116
1.237666215149241e+18,19.0934673394613,27.018081739992,22.98607,23.78405,21.80375,20.76192,20.00251,4829,301,4,121,8.646958425090316e+18,GALAXY,0.4942117,7680,58131,171
1.2376651285237604e+18,133.167102944204,23.490556782098,25.69328,23.09414,22.16359,20.74671,21.75157,4576,301,4,140,1.0807572990705e+19,GALAXY,1.033743,9599,58131,217
1.2376648777998016e+18,136.563848661117,25.9864858380131,22.19297,23.1779,22.1554,21.45484,21.00901,4518,301,1,60,1.0812102153994525e+19,GALAXY,0.9623984,9603,58132,310
1.2376648777995397e+18,135.968365787179,25.7285443072356,23.85766,22.86439,21.94813,21.45732,20.67082,4518,301,1,56,1.0812133490075916e+19,GALAXY,0.8374519,9603,58132,424
1.2376672115879455e+18,146.255614766874,24.2794142594782,25.53846,23.38866,22.55293,21.29505,23.88396,5061,301,4,217,1.0834542911439524e+19,GALAXY,0.9656839,9623,58132,29
1.2376786217024233e+18,27.3603013410117,3.66625418357824,21.77776,22.15053,21.4894,20.74127,19.97203,7718,301,1,171,1.0616132073407404e+19,GALAXY,0.8647403,9429,58132,79
1.2376609618629102e+18,131.668088374718,30.7518860330654,24.10851,22.90338,24.17746,21.90424,22.07615,3606,301,3,53,1.174668923662738e+19,GALAXY,0.8097696,10433,58132,638
1.2376653309166884e+18,159.806526074326,30.5694653390166,24.52173,22.65607,21.23833,19.15785,18.08844,4623,301,5,27,1.178945281724438e+19,STAR,-9.494291e-05,10471,58132,563
1.2376613843777623e+18,132.537545298744,30.3900618509321,22.54892,21.82182,21.3012,20.7078,20.64923,3704,301,6,14,1.1746746960987838e+19,GALAXY,0.7134227,10433,58132,848
1.2376672540028444e+18,151.758914855962,25.7671031105492,22.6385,22.68668,22.06969,21.66703,21.64487,5071,301,3,249,1.0839100936892471e+19,GALAXY,0.8434238,9627,58132,227
1.2376609618631076e+18,132.048151892889,31.0242435622519,23.37521,22.24972,21.41442,20.99492,20.49015,3606,301,3,56,1.1746708752958771e+19,GALAXY,0.8367069,10433,58132,709
1.237667254537487e+18,146.29768983507,24.4918975395389,22.94644,23.13948,22.49154,21.30275,21.4931,5071,301,4,215,1.0834804045451125e+19,STAR,0.003800637,9623,58132,979
1.2376609618632384e+18,132.286646935229,31.1610212880905,22.62142,23.2122,22.3951,22.0238,21.69785,3606,301,3,58,1.1746731292947145e+19,GALAXY,1.027135,10433,58132,791
1.237660962399781e+18,131.385179228029,31.0442982811182,23.43661,22.20394,21.73468,21.22534,20.53855,3606,301,4,53,1.1746673568586684e+19,GALAXY,0.8211111,10433,58132,581
1.2376672545374213e+18,146.046985785228,24.4254107047274,23.05742,22.6058,22.83289,21.85904,22.7248,5071,301,4,214,1.0834790301555775e+19,GALAXY,0.8826826,9623,58132,929
1.237660961325712e+18,131.117259531128,29.9875715607961,22.94344,22.71851,22.8448,22.28891,21.09956,3606,301,2,48,1.1746656526156452e+19,GALAXY,1.169054,10433,58132,519
1.2376672540029755e+18,152.077924917789,25.6470135476391,23.02709,22.23041,22.00493,21.14829,20.87788,5071,301,3,251,1.0839079221537825e+19,GALAXY,0.8183338,9627,58132,148
1.2376672115901732e+18,151.56759227208,25.8323513143203,22.08732,22.24025,22.6856,21.61401,20.87147,5061,301,4,251,1.0839111932008747e+19,GALAXY,0.8729159,9627,58132,267
1.2376672545374218e+18,146.067698098462,24.5584017300256,23.71472,22.66028,21.71409,21.028,21.04376,5071,301,4,214,1.083479167594531e+19,GALAXY,0.6816725,9623,58132,934
1.2376786195772874e+18,27.4242917301584,2.85139609631873,23.16022,22.80561,22.43197,21.48784,20.83918,7717,301,5,512,1.0616121902924847e+19,GALAXY,0.8534588,9429,58132,42
1.2376786619723942e+18,26.3571887080718,4.66461397324033,24.576,22.43789,21.99039,21.33119,21.94398,7727,301,4,242,1.0616317615994591e+19,GALAXY,0.6753946,9429,58132,754
1.237664877800195e+18,137.504425710312,26.4329217316733,22.45603,22.2459,21.9408,21.76382,20.60501,4518,301,1,66,1.0812252787087528e+19,QSO,2.530342,9603,58132,858
1.2376581921465308e+18,123.166651504829,29.6145897909079,21.32794,21.4656,20.96369,20.91154,20.81305,2961,301,4,63,1.1588899422436874e+19,QSO,1.346718,10293,58132,42
1.2376672545376184e+18,146.483567998622,24.5464065180637,22.75629,23.22488,22.13086,21.32725,20.69666,5071,301,4,217,1.083480954300926e+19,GALAXY,0.6999771,9623,58132,999
1.2376672115899763e+18,151.039749635182,25.7535500545307,22.80009,22.5422,22.65298,21.48761,21.91849,5061,301,4,248,1.0839144367601768e+19,GALAXY,0.8630124,9627,58132,385
1.2376613843778278e+18,132.667203814194,30.4343460039073,22.58654,22.53585,22.24107,21.52248,21.30355,3704,301,6,15,1.1746746686109932e+19,GALAXY,0.8510237,10433,58132,847
1.237667211589649e+18,150.357055183813,25.4821085579484,21.76268,21.60415,20.87578,20.47942,19.7529,5061,301,4,243,1.0839166907590136e+19,GALAXY,0.9111111,9627,58132,467
1.2376607648389532e+18,132.671547163611,31.4350521533811,22.17269,22.45468,21.50049,21.0329,21.01988,3560,301,4,170,1.1746752733423884e+19,GALAXY,0.7727264,10433,58132,869
1.2376672115872243e+18,144.537747123399,23.9043374377786,24.08916,23.18676,22.09712,20.76883,20.60072,5061,301,4,206,1.083464324187556e+19,GALAXY,0.6403341,9623,58132,394
1.237657629507e+18,121.345232985757,30.0918559403582,25.21762,23.56635,22.07782,20.63174,19.94875,2830,301,4,81,1.1589003051407792e+19,GALAXY,0.768599,10293,58132,419
1.2376786217018988e+18,26.1519806551276,3.64585437098048,22.57654,23.80261,21.9388,21.31722,21.04203,7718,301,1,163,1.0616198593860884e+19,GALAXY,0.9684718,9429,58132,321
1.237678621701571e+18,25.3427380760255,3.76877434219968,22.31141,22.1151,21.25849,20.9685,20.3449,7718,301,1,158,1.061624010042483e+19,GALAXY,1.023382,9429,58132,472
1.237657627896579e+18,122.778365435395,29.5852876486303,24.40389,23.62893,22.04055,20.79851,19.96576,2830,301,1,84,1.1588933232419428e+19,GALAXY,0.7619522,10293,58132,165
1.2376672545372252e+18,145.643337278647,24.4269614381246,23.50883,23.49349,22.01663,22.31962,22.07527,5071,301,4,211,1.0834770510346476e+19,GALAXY,1.155889,9623,58132,857
1.237667255075865e+18,149.664946777538,26.0140866540802,23.31107,22.74204,22.79926,22.15248,21.4946,5071,301,5,238,1.0839180376607578e+19,QSO,5.40241,9627,58132,516
1.237657627896644e+18,122.893973791698,29.6189460367357,23.72613,22.72047,21.64035,20.60251,19.94868,2830,301,1,85,1.1588922787059e+19,STAR,0.000138477,10293,58132,127
1.2376609623999127e+18,131.778648360159,31.170111834755,22.82316,22.68521,22.27537,22.59458,21.04427,3606,301,4,55,1.1746686762726216e+19,GALAXY,1.279294,10433,58132,629
1.237667255074489e+18,146.427149467112,24.959301256454,23.42489,22.94213,22.8125,21.95702,22.03913,5071,301,5,217,1.0834799097648796e+19,GALAXY,1.023754,9623,58132,961
1.237657630043865e+18,120.99594796488,30.5414432186905,24.27919,23.42318,21.66965,20.96963,20.1335,2830,301,5,81,1.158900497555314e+19,GALAXY,0.1278675,10293,58132,426
1.2376672105166277e+18,152.313309529645,25.1516989236855,24.3516,23.22727,22.78552,21.60516,21.71418,5061,301,2,254,1.0839063553497129e+19,GALAXY,0.8546671,9627,58132,91
1.2376611261516357e+18,131.043157879368,29.2769645978631,23.35787,22.45111,21.91279,21.14561,20.7674,3644,301,5,148,1.1746646080796e+19,QSO,0.6095548,10433,58132,481
1.2376648777998666e+18,136.785664121976,25.981461024536,23.67937,23.15591,20.94794,20.18111,21.53374,4518,301,1,61,1.0812091983512e+19,GALAXY,0.7202529,9603,58132,273
1.2376672545371597e+18,145.462082002259,24.3123994760886,22.96099,22.68794,22.43483,21.4483,21.35461,5071,301,4,210,1.083476033986392e+19,GALAXY,0.7350078,9623,58132,820
1.2376609623999124e+18,131.723089315292,31.2072105060585,22.38579,22.41014,22.19319,21.13144,20.6922,3606,301,4,55,1.174667494297622e+19,GALAXY,0.8396246,10433,58132,586
1.2376672115902387e+18,151.765477206502,25.8874279025976,23.31261,22.86239,22.48944,22.49072,23.14925,5061,301,4,252,1.0839092415677356e+19,GALAXY,1.159242,9627,58132,196
1.2376672115902387e+18,151.738032976815,25.7860095329971,23.58485,23.05998,23.41806,23.44859,23.71414,5061,301,4,252,1.0839100387136655e+19,GALAXY,0.9900602,9627,58132,225
1.2376576278965135e+18,122.539626104058,29.4805178769281,23.91802,22.76002,21.55184,20.33236,19.63989,2830,301,1,83,1.1588932682663614e+19,STAR,-0.0003122511,10293,58132,163
1.2376672540031063e+18,152.408331243094,25.8375406996675,22.09322,21.75895,21.22869,20.5594,20.79614,5071,301,3,253,1.0839058055939e+19,GALAXY,0.8480929,9627,58132,71
1.2376786619722634e+18,26.1471715596315,4.78920982822341,24.7667,22.9457,22.23693,21.87865,21.28702,7727,301,4,240,1.0616304971610872e+19,GALAXY,1.046731,9429,58132,708
1.237667254539846e+18,151.881724601468,26.0848458043719,23.18097,22.51583,22.20805,21.6741,21.68744,5071,301,4,251,1.0839274109973846e+19,GALAXY,0.7933826,9627,58132,857
1.237657774999536e+18,121.554012244242,30.0412488987885,22.09358,21.932,21.72162,21.53733,21.693,2864,301,3,89,1.1588990681902e+19,QSO,1.942583,10293,58132,374
1.2376607648387569e+18,132.219555378075,31.2563957225492,23.37922,22.6772,21.97964,21.30022,21.42621,3560,301,4,167,1.1746717549051795e+19,QSO,1.65649,10433,58132,741
1.2376648778001948e+18,137.545682359147,26.2562071965427,24.63872,23.00948,22.5738,21.84278,21.46505,4518,301,1,66,1.0812060097674762e+19,GALAXY,0.8247923,9603,58132,157
1.2376609618628452e+18,131.584921584548,30.6308749037533,23.39812,22.3392,21.92972,21.73857,21.31997,3606,301,3,52,1.1746675492732e+19,GALAXY,0.7856817,10433,58132,588
1.237660961863304e+18,132.554357299549,31.1944773710447,24.30255,22.75733,21.8524,21.22307,21.30445,3606,301,3,59,1.17467414634297e+19,GALAXY,0.8039832,10433,58132,828
1.2376672545372247e+18,145.618236863426,24.4712691255427,23.62388,21.81057,22.12917,20.89038,21.00309,5071,301,4,211,1.0834770235468569e+19,GALAXY,0.7542186,9623,58132,856
1.237667254003368e+18,152.938868427944,25.9623988862798,22.62835,22.27828,21.86658,21.55198,21.49313,5071,301,3,257,1.083904376228783e+19,GALAXY,0.8713197,9627,58132,19
1.2376609618626483e+18,131.053661913559,30.3755967898642,23.43324,23.14365,23.25875,23.02188,23.21578,3606,301,3,49,1.1746651853232e+19,GALAXY,0.9408976,10433,58132,502
1.2376648777996052e+18,136.269672504374,25.7442596260965,22.24123,22.40178,22.66977,22.0151,20.85929,4518,301,1,57,1.0812121670325916e+19,QSO,1.221335,9603,58132,381
1.2376576278967757e+18,123.020063311481,29.9704737957069,23.25916,23.82921,21.51743,20.13853,19.40836,2830,301,1,87,1.158891509047757e+19,GALAXY,0.7690766,10293,58132,99
1.2376609623995855e+18,131.064738225973,30.7506869718052,25.32575,23.37295,22.64471,21.63393,21.56846,3606,301,4,50,1.1746667246394825e+19,GALAXY,0.7382363,10433,58132,558
1.2376672115901076e+18,151.429024954729,25.8911431779627,24.23127,22.77918,22.8546,21.81593,20.9852,5061,301,4,250,1.083912347688084e+19,GALAXY,0.7580931,9627,58132,309
1.237667255076324e+18,150.890067775626,26.21617117418,23.64697,23.58232,22.42019,21.33517,21.5096,5071,301,5,245,1.0839208689032e+19,GALAXY,0.8569674,9627,58132,619
1.237667211590108e+18,151.398537910449,25.7482850895969,24.70739,23.60133,22.31866,22.34085,20.89866,5061,301,4,250,1.0839123751758748e+19,GALAXY,0.9731428,9627,58132,310
1.2376672115898455e+18,150.787341254222,25.6045942442165,21.93304,21.85789,21.93249,21.2401,20.78349,5061,301,4,246,1.0839154263206418e+19,GALAXY,1.15504,9627,58132,421
1.2376672115902387e+18,151.751770722389,25.8330765346382,24.09723,22.59782,21.96788,21.34463,22.17027,5061,301,4,252,1.0839091591043635e+19,GALAXY,0.7543951,9627,58132,193
1.237667211587224e+18,144.474188700475,23.8028697597562,23.98823,22.93549,22.45728,22.15016,21.6208,5061,301,4,206,1.0834639943340675e+19,QSO,1.324255,9623,58132,382
1.237667211587814e+18,145.890286363612,24.2629007501667,23.80641,23.04306,22.32325,21.68413,21.12396,5061,301,4,215,1.0834566001183707e+19,QSO,0.9653984,9623,58132,113
1.2376576278966446e+18,122.896256613686,29.6725341171961,24.43573,24.1854,21.79605,20.5135,19.50223,2830,301,1,85,1.1588921137791525e+19,GALAXY,0.767231,10293,58132,121
1.2376576289704517e+18,122.318541938117,30.4537385208125,23.55935,23.00433,21.17928,20.06892,19.31075,2830,301,3,86,1.1588950824605473e+19,GALAXY,0.5395657,10293,58132,229
1.2376672540029097e+18,151.798286163296,25.779830820982,22.90382,23.08439,22.59876,22.00498,22.6507,5071,301,3,250,1.0839091865921542e+19,GALAXY,0.9456149,9627,58132,194
1.2376672121274376e+18,152.538197056649,26.4106759957812,22.97592,22.3889,21.79301,21.25508,20.81136,5061,301,5,257,1.0839304621421517e+19,GALAXY,1.416153,9627,58132,968
1.2376609618626483e+18,131.077990116516,30.3032334939666,21.74044,22.59942,22.47655,21.60053,21.24745,3606,301,3,49,1.1746653777377384e+19,GALAXY,0.8088173,10433,58132,509
1.2376786222386388e+18,25.841800949731,4.20846100852732,24.24658,22.96528,21.80356,21.10794,21.41555,7718,301,2,161,1.0616288753814362e+19,GALAXY,0.9811706,9429,58132,649
1.2376609618630415e+18,131.955744219254,30.9315253611417,24.63017,22.45632,21.96732,21.46998,22.00741,3606,301,3,55,1.17467098524704e+19,GALAXY,0.7054785,10433,58132,713
1.2376672115872243e+18,144.450953970293,23.9016302211691,23.58329,22.91777,21.91807,21.00228,20.28993,5061,301,4,206,1.083464241724184e+19,GALAXY,0.8127595,9623,58132,391
1.237664877800326e+18,137.744182153816,26.5113920587204,24.64611,22.7648,21.93631,21.74286,21.57413,4518,301,1,68,1.0812272303418923e+19,GALAXY,0.6628491,9603,58132,929
1.2376786222389007e+18,26.4674501236292,4.10109017954005,22.14348,22.5152,21.35532,20.70427,20.18995,7718,301,2,165,1.0616322838674823e+19,GALAXY,0.8055845,9429,58132,773
1.237667211587028e+18,144.060305015301,23.5665495073937,23.29514,23.04465,21.83536,21.44397,21.55024,5061,301,4,203,1.0834658909916256e+19,GALAXY,0.9567848,9623,58132,451
1.2376672545375524e+18,146.345790821419,24.5663306165873,18.50142,18.51986,20.75484,30.16359,27.67336,5071,301,4,216,1.0834802671061588e+19,GALAXY,1.086811,9623,58132,974
1.2376651285258573e+18,137.905064930876,25.6611545802042,25.94497,22.5348,22.34528,21.2553,23.31527,4576,301,4,172,1.081203151037244e+19,GALAXY,0.8128374,9603,58132,53
1.2376672545373563e+18,145.897599178617,24.3881516136002,23.43473,23.83552,22.61554,21.90705,22.31894,5071,301,4,213,1.0834782330096474e+19,GALAXY,0.8872702,9623,58132,900
1.2376576278967104e+18,123.017872779736,29.7122838462239,22.24044,22.72083,21.69378,20.24319,19.40471,2830,301,1,86,1.1588911791942689e+19,GALAXY,0.8782744,10293,58132,87
1.23766725400291e+18,151.867757453113,25.7140161326424,23.50321,23.29896,22.69097,21.86322,21.11855,5071,301,3,250,1.0839091316165728e+19,GALAXY,0.7140927,9627,58132,192
1.2376786614357852e+18,27.0428824475189,4.27545219219603,17.92037,17.03605,16.74838,16.66344,16.63228,7727,301,3,246,1.0616356648657375e+19,STAR,-0.0003118299,9429,58132,896
1.2376672121274373e+18,152.423058734182,26.4509507637131,23.00565,22.57613,21.96297,21.16491,20.97151,5061,301,5,257,1.0839293076549423e+19,GALAXY,0.7560678,9627,58132,926
1.2376648370041e+18,135.619415241897,27.1659281254793,24.0512,22.84662,22.17235,21.34877,20.70809,4508,301,5,159,1.0812168674448e+19,GALAXY,0.9913656,9603,58132,552
1.2376609618633697e+18,132.671238492018,31.2740924994395,23.64601,22.52131,21.78405,21.46234,21.72698,3606,301,3,60,1.1746753558057603e+19,GALAXY,0.8479861,10433,58132,872
1.2376672545375526e+18,146.346450654202,24.6500743595926,23.07594,22.94563,22.09544,21.88731,23.03699,5071,301,4,216,1.0834801846427867e+19,GALAXY,0.3355572,9623,58132,971
1.237667211050288e+18,144.594293072535,23.3930002259946,23.32541,23.08479,22.56556,22.06785,21.36498,5061,301,3,205,1.083463527041626e+19,GALAXY,1.01402,9623,58132,365
1.2376672121268475e+18,150.942903790482,26.1191242807965,22.98332,22.51786,22.4024,21.78743,22.45732,5061,301,5,248,1.0839148215892464e+19,GALAXY,0.9314557,9627,58132,399
1.2376672121271752e+18,151.812297614834,26.3795948472767,22.42048,22.32437,22.06773,21.48108,22.07113,5061,301,5,253,1.0839272185828495e+19,QSO,1.141418,9627,58132,850
1.2376609618626488e+18,131.169526476886,30.3091639268045,24.2886,22.98284,21.59147,21.81231,21.66507,3606,301,3,49,1.174665954981343e+19,GALAXY,1.161108,10433,58132,530
1.23766721158788e+18,146.06639184006,24.374555331794,23.3136,22.73614,22.0896,21.17694,24.34557,5061,301,4,216,1.0834556655334871e+19,GALAXY,0.7684494,9623,58132,79
1.2376653685038129e+18,159.377018714799,29.7849731931035,22.65314,22.21996,22.27409,20.83301,20.91406,4632,301,3,121,1.1789449518709496e+19,QSO,1.475435,10471,58132,551
1.237667212127044e+18,151.500620510066,26.1591578997512,23.38845,22.72346,22.3154,21.47746,20.79841,5061,301,5,251,1.0839249920718e+19,GALAXY,0.7603642,9627,58132,769
1.2376648370042312e+18,135.957983370693,27.2771659085556,24.6921,22.67673,22.02131,20.99539,20.22577,4508,301,5,161,1.0812179394686376e+19,GALAXY,0.9101031,9603,58132,591
1.2376672115901732e+18,151.5431336311,25.9111705222153,22.97901,22.75172,22.99649,22.57888,22.19632,5061,301,4,251,1.0839113856154096e+19,GALAXY,0.9556744,9627,58132,274
1.2376672121271096e+18,151.577061461084,26.3336258072837,23.26408,22.88027,22.27172,21.52277,20.6605,5061,301,5,252,1.08392485463285e+19,GALAXY,0.8045111,9627,58132,764
1.2376672115876173e+18,145.438995534672,24.1722943384176,22.66943,21.83242,21.54573,21.20739,21.77862,5061,301,4,212,1.0834597612143e+19,GALAXY,1.000875,9623,58132,228
1.2376672115874865e+18,145.220685201855,23.9627793360474,23.04531,22.42701,22.22022,21.21859,22.26508,5061,301,4,210,1.0834608607259283e+19,GALAXY,0.7029157,9623,58132,268
1.2376672540031718e+18,152.502393529183,25.9152821101807,23.66268,23.04399,22.19781,21.70594,21.07607,5071,301,3,254,1.083905778106108e+19,GALAXY,0.792093,9627,58132,70
1.2376651285254643e+18,137.092295686591,25.2353012074803,22.38224,22.75058,22.41942,21.44115,21.00802,4576,301,4,166,1.0812073291814296e+19,GALAXY,0.8782368,9603,58132,205
1.2376609618626488e+18,131.134582984441,30.3720992775718,23.46824,23.57995,22.42682,22.0043,22.29481,3606,301,3,49,1.1746652128109945e+19,GALAXY,1.040338,10433,58132,503
1.2376648370027896e+18,132.652376987448,25.8180250684826,23.47165,22.65816,21.80251,21.08639,20.27286,4508,301,5,139,1.081327698218558e+19,GALAXY,0.8867602,9604,58133,488
1.237680076079367e+18,21.1417230157715,27.5297757515764,24.4338,23.0487,22.18469,20.81627,19.99195,8056,301,6,74,8.650382854088579e+18,GALAXY,0.6866152,7683,58133,341
1.2376802838489336e+18,21.6367662506164,28.0036279065567,20.81969,20.48798,20.42576,20.11622,20.45439,8105,301,1,82,8.650499402321123e+18,QSO,1.520307,7683,58133,765
1.2376802838492613e+18,22.4300028408842,27.8667786830936,20.71446,20.57157,20.41755,20.13806,19.57716,8105,301,1,87,8.650308362175797e+18,QSO,2.043133,7683,58133,70
1.237660635982398e+18,124.653189506697,28.766514747846,23.34257,22.00999,21.39169,21.25998,20.7899,3530,301,4,55,1.158465145927974e+19,STAR,-0.0001436769,10289,58133,972
1.2376581910726587e+18,123.577399165612,28.8046201021991,23.65874,22.98262,21.69714,20.43188,19.65492,2961,301,2,61,1.158460555466928e+19,GALAXY,0.6992577,10289,58133,805
1.2376662140760233e+18,20.3650455454194,28.173687684314,22.09037,22.10485,21.80945,21.69844,21.164,4829,301,2,129,8.650432606989736e+18,QSO,1.204138,7683,58133,522
1.2376581916090708e+18,122.452813933021,28.2929891916921,24.63807,25.42981,23.44962,20.84764,19.0182,2961,301,3,54,1.1584502750332082e+19,STAR,8.702517e-05,10289,58133,431
1.237664837003641e+18,134.526469984957,26.6400709455659,22.89855,22.48189,22.13024,21.89756,21.0431,4508,301,5,152,1.0813372089941383e+19,GALAXY,1.020925,9604,58133,834
1.2376648370027896e+18,132.7158319818,25.8381592884636,22.98734,22.71568,22.18108,21.55023,20.9625,4508,301,5,139,1.0813280005842557e+19,GALAXY,0.7104634,9604,58133,499
1.237680284385935e+18,21.9404659681942,28.3119645164739,20.87764,25.09946,18.06252,17.55827,17.39156,8105,301,2,84,8.650521942309493e+18,GALAXY,0.07340424,7683,58133,847
1.237666214076023e+18,20.3139977942741,28.0747896652141,21.23563,20.79609,20.00259,19.93222,19.91648,4829,301,2,129,8.650437279914154e+18,QSO,1.183332,7683,58133,539
1.237667431713342e+18,161.841377953694,26.6559300343579,24.9596,24.7646,23.14149,21.85922,21.78656,5112,301,6,344,1.178725956644165e+19,QSO,3.364204,10469,58133,776
1.237662224048128e+18,133.540545132458,26.7772388378257,17.86108,16.8994,16.62017,16.50229,16.48116,3900,301,2,79,1.081331573997046e+19,STAR,0.0003004001,9604,58133,629
1.237664837003707e+18,134.69835877777,26.6646761268062,22.79438,22.70875,22.01249,21.37191,20.88427,4508,301,5,153,1.0813381985546e+19,GALAXY,0.8032144,9604,58133,870
1.2376581991225103e+18,124.760830226973,29.267049370598,20.68451,20.77336,20.48271,20.54252,20.35608,2963,301,1,12,1.1584643487820435e+19,GALAXY,1.092909,10289,58133,943
1.2376800760797604e+18,22.2050336479295,27.340758249647,23.09002,24.68607,21.66377,20.49763,19.78314,8056,301,6,80,8.650327328751376e+18,GALAXY,0.5586212,7683,58133,139
1.2376576278965135e+18,122.609286152076,29.4192242193991,22.50915,22.55396,21.13702,20.10815,19.39417,2830,301,1,83,1.158454783030882e+19,GALAXY,0.8079839,10289,58133,595
1.2376603433904376e+18,124.422338403703,27.6725172513422,19.8649,19.99162,19.35669,19.34825,19.41175,3462,301,3,96,1.1584398846483255e+19,QSO,1.330604,10289,58133,53
1.237665368499094e+18,147.691354542388,26.7040593292232,22.90764,22.36878,22.41882,22.26585,20.99062,4632,301,3,49,1.0841551473449654e+19,GALAXY,1.356495,9629,58133,950
1.2376581910720686e+18,122.515775332906,27.8474650179897,23.23263,22.83374,21.05191,20.02254,19.311,2961,301,2,52,1.158450110106464e+19,GALAXY,0.6370366,10289,58133,425
1.2376786619740984e+18,30.3602038792152,4.70472062396117,22.61021,23.02652,21.36634,20.3413,19.55708,7727,301,4,268,9.83477128197075e+18,GALAXY,0.7651483,8735,58133,129
1.237667227685028e+18,30.7869582387032,5.96814070020981,21.60894,21.28469,21.25362,20.93885,20.80597,5065,301,2,79,9.8347457183254e+18,QSO,1.715107,8735,58133,36
1.2376802838491302e+18,22.0565477640586,27.8810698211338,20.41102,20.25258,20.23124,20.02034,19.62832,8105,301,1,85,8.650332001675795e+18,QSO,2.101598,7683,58133,156
1.237660637055943e+18,123.626159514391,29.0871614321519,18.8114,17.86412,17.56984,17.44847,17.39382,3530,301,6,52,1.1584605829547186e+19,STAR,0.000542321,10289,58133,806
1.2376672276839793e+18,28.4496133265271,6.15394605356088,18.60588,18.0842,18.01907,17.86219,18.04849,5065,301,2,63,9.83487601045329e+18,QSO,0.6205789,8735,58133,510
1.2376795821575375e+18,27.903451983207,31.4423342325507,20.29209,20.16974,20.08264,19.79566,19.893,7941,301,6,65,8.707941738046839e+18,QSO,1.733365,7734,58133,843
1.2376672276844388e+18,29.4046431200717,6.00452293860338,24.42566,22.80492,21.69748,20.63948,19.75508,5065,301,2,70,9.834926313110266e+18,GALAXY,0.8622783,8735,58133,693
1.2376672545375524e+18,146.354745914099,24.6418366198189,21.02961,20.8124,21.71319,20.13941,19.33985,5071,301,4,216,1.0841359608670607e+19,GALAXY,0.871738,9629,58133,252
1.2376660895206612e+18,20.1036598533441,28.035788462723,26.58884,23.39664,22.10797,20.96595,19.95317,4800,301,2,109,8.650431232600201e+18,GALAXY,0.7653221,7683,58133,517
1.2376672099836237e+18,161.954165539115,26.8812872264995,22.66462,22.6146,21.91006,20.8746,20.59873,5061,301,1,313,1.1787259291563743e+19,GALAXY,0.8907203,10469,58133,775
1.2376576278966446e+18,122.837388790192,29.6385139955141,24.21314,24.64839,21.31989,20.19389,19.19064,2830,301,1,85,1.158455772591347e+19,GALAXY,0.7712652,10289,58133,631
1.2376795821570788e+18,26.7483771563634,31.6549235348573,19.14953,18.79136,18.3489,18.32444,18.38982,7941,301,6,58,8.707886487587542e+18,QSO,1.098344,7734,58133,642
1.237667255075079e+18,147.780445521669,25.3760339196995,23.41982,23.32436,23.18634,21.14298,20.71388,5071,301,5,226,1.0841290889193871e+19,QSO,1.04456,9629,58133,2
1.2376795821578e+18,28.551914674642,31.1860949236873,25.19613,21.9152,20.56402,19.39508,18.56286,7941,301,6,69,8.707979121442182e+18,STAR,4.839783e-05,7734,58133,979
1.2376581921463347e+18,122.860841546179,29.3307242424508,22.43819,26.58768,22.52202,20.91633,19.71552,2961,301,4,60,1.1584558275669285e+19,GALAXY,0.644872,10289,58133,633
1.2376648370034452e+18,134.155784734321,26.5425552720023,24.03916,22.34125,21.70226,20.93335,20.72531,4508,301,5,149,1.0813350099708828e+19,GALAXY,0.6895882,9604,58133,754
1.2376800760796293e+18,21.8869853312777,27.3663605262902,24.05599,25.76809,21.86201,20.67407,19.81212,8056,301,6,78,8.65032787850719e+18,GALAXY,0.832372,7683,58133,141
1.237680284385543e+18,20.998587157632,28.5640100060568,22.74883,24.24519,22.64638,20.90951,19.94411,8105,301,2,78,8.650474663309497e+18,GALAXY,0.7695308,7683,58133,675
1.237680283849e+18,21.8499148011466,27.9348775791862,19.38315,18.36224,18.0077,17.88867,17.81472,8105,301,1,83,8.650342447036257e+18,STAR,-0.0009613044,7683,58133,194
1.2376795805464663e+18,26.4715088680535,30.4375104452213,25.23832,24.21944,21.80359,20.47004,19.6226,7941,301,3,58,8.707824090302667e+18,GALAXY,0.8789955,7734,58133,415
1.237657627896186e+18,122.043895893978,29.0386618870622,24.2071,23.19066,21.55779,20.54813,19.73766,2830,301,1,78,1.1584522541541382e+19,GALAXY,0.0,10289,58133,503
1.237657627896579e+18,122.634766694107,29.6127383650334,25.16663,23.93579,21.82507,20.53307,19.49277,2830,301,1,84,1.1584546730797191e+19,QSO,0.8151697,10289,58133,591
1.2376802838486715e+18,20.9478224160325,27.9786369118554,20.82402,20.72566,20.09889,20.13596,20.20759,8105,301,1,78,8.65046999038508e+18,QSO,1.28225,7683,58133,658
1.2376674301028603e+18,162.452743402482,25.667987978357,24.74915,22.73195,22.3264,21.65828,20.4839,5112,301,3,346,1.178707622287772e+19,GALAXY,0.8487281,10469,58133,109
1.2376802843859356e+18,21.9953992358683,28.3488278743095,20.20912,18.45077,17.48499,17.02266,16.67454,8105,301,2,84,8.650522492065308e+18,GALAXY,0.07322173,7683,58133,849
1.2376803327225375e+18,22.6059642554549,28.9242642153019,24.7838,25.39775,22.51136,20.94369,20.02524,8116,301,4,362,8.650551079367629e+18,GALAXY,0.756258,7683,58133,953
1.2376648370031823e+18,133.470842107543,26.2312606486996,22.30273,22.63632,22.27962,21.42012,21.14814,4508,301,5,145,1.0813310517290228e+19,GALAXY,0.8768896,9604,58133,610
1.2376613822311311e+18,135.493856702555,29.9371662437594,23.20191,23.01591,22.68905,21.56747,22.2909,3704,301,2,27,1.1751037255409752e+19,GALAXY,0.7897633,10437,58135,72
1.2376786217001295e+18,22.1815948327901,3.8783588303272,23.23534,22.48574,21.95019,21.58888,22.19388,7718,301,1,136,1.06262802909042e+19,GALAXY,0.8600445,9438,58135,134
1.237664869217862e+18,153.984962976153,29.657692185678,22.60067,22.54501,22.54175,21.70527,21.11638,4516,301,1,182,1.1770245723547e+19,GALAXY,0.8538322,10454,58135,320
1.2376648692177969e+18,153.903042402304,29.6340455416883,22.82297,23.87618,22.38454,21.41692,21.06383,4516,301,1,181,1.1770255619151649e+19,GALAXY,0.8326484,10454,58135,356
1.2376648740452436e+18,128.577155172582,22.3164825963033,19.12675,18.13954,17.76874,17.61891,17.55914,4517,301,2,114,1.0802029802900707e+19,STAR,0.000702875,9594,58135,531
1.2376648359275412e+18,129.885807486665,23.3675455585464,23.95721,23.9595,23.294,22.51353,21.62273,4508,301,3,116,1.0802103745057675e+19,GALAXY,1.056659,9594,58135,800
1.2376786619704942e+18,22.0810720133983,4.92339745290945,22.23371,21.90428,21.46486,20.72146,19.9412,7727,301,4,213,1.0626492771526269e+19,GALAXY,0.7967949,9438,58135,907
1.2376651279950812e+18,152.803504190933,30.3145153972061,23.42285,22.69117,22.56795,21.46299,21.75957,4576,301,3,265,1.1770296026204e+19,GALAXY,0.8004811,10454,58135,503
1.2376613822308037e+18,134.863983166197,29.5286480274618,26.31779,22.26464,21.58757,20.46246,20.02448,3704,301,2,22,1.1751071890026e+19,GALAXY,0.8575175,10437,58135,198
1.2376672937305708e+18,148.943174834432,23.309143428838,22.80157,22.57458,22.08422,21.31103,20.46485,5080,301,5,238,1.08268215910838e+19,GALAXY,0.9300439,9616,58135,611
1.2376648740462267e+18,130.521165305219,23.4164720977537,24.21091,23.2284,22.53654,21.41051,21.00066,4517,301,2,129,1.080213398162744e+19,GALAXY,0.7271476,9594,58135,910
1.2376786222366725e+18,21.3368576997102,4.29613877179848,22.65678,22.60296,22.28556,21.44786,21.3178,7718,301,2,131,1.0626455663008831e+19,GALAXY,0.9571887,9438,58135,772
1.2376788944272763e+18,23.9297655158371,34.0437485071438,25.14571,22.68954,21.60822,20.353,19.61497,7781,301,5,86,8.702325982441526e+18,GALAXY,0.6859514,7729,58135,893
1.237664093975479e+18,135.265026260473,29.0600047663621,24.12608,22.78207,22.40016,21.8146,21.5542,4335,301,5,170,1.1751052373694632e+19,GALAXY,0.8415443,10437,58135,127
1.2376648692177966e+18,153.792268144193,29.6983743988615,23.2491,22.06488,21.76326,21.17068,21.02126,4516,301,1,181,1.1770252595494672e+19,GALAXY,0.9712508,10454,58135,345
1.2376576112677358e+18,186.366522948103,57.0277864282793,23.25779,22.29807,21.21911,20.88563,20.90584,2826,301,2,300,9.268592062932214e+18,QSO,1.11999,8232,58135,669
1.2376675390814295e+18,150.550282033038,22.0551812530092,22.59588,22.40343,22.25332,21.53032,21.09039,5137,301,6,251,1.0826678929450097e+19,GALAXY,0.805872,9616,58135,92
1.2376786614332948e+18,21.2583831657748,4.41042876151486,18.70105,17.86183,17.57147,17.48738,17.43973,7727,301,3,208,1.0626443568380924e+19,STAR,-0.0005461606,9438,58135,728
1.237667429023875e+18,149.86513398144,22.1748362736197,19.36166,19.35906,19.10859,19.05756,19.1163,5112,301,1,266,1.082670916601986e+19,QSO,1.364106,9616,58135,202
1.2376675385441004e+18,149.634017342087,21.3701565921656,22.99945,22.30712,21.81526,21.56324,21.12742,5137,301,5,244,1.0826714663578e+19,GALAXY,0.8275673,9616,58135,222
1.2376613827683945e+18,136.192306943954,30.7790538390035,19.16561,18.20675,17.86056,17.72356,17.68913,3704,301,3,33,1.1751287119427164e+19,STAR,0.0007858156,10437,58135,981
1.237657611267801e+18,186.712023620009,56.9688060261415,21.62468,21.46526,21.40541,21.14196,21.61467,2826,301,2,301,9.268604982193838e+18,QSO,1.720136,8232,58135,716
1.237664874045965e+18,130.001437034357,23.2549394331952,22.19748,21.60946,21.00629,20.34537,19.89242,4517,301,2,125,1.0802113365784418e+19,GALAXY,0.8042873,9594,58135,835
1.237657611268e+18,187.677717764669,56.8452041926437,20.33863,20.19875,20.16802,19.98339,19.77946,2826,301,2,304,9.26847359055432e+18,QSO,2.074996,8232,58135,238
1.2376576112675392e+18,185.671800600152,57.039038794215,20.05175,19.81746,19.50808,19.50235,19.41841,2826,301,2,297,9.268559627339192e+18,QSO,1.056727,8232,58135,551
1.2376738075846907e+18,129.349693532415,21.281178420292,23.69948,22.47767,22.25053,21.33649,21.50446,6597,301,2,228,1.0801983898290248e+19,GALAXY,0.968323,9594,58135,364
1.237673807584822e+18,129.623180446537,21.3352626367773,23.82704,22.75066,23.21906,22.67158,21.31543,6597,301,2,230,1.080197647658676e+19,GALAXY,1.08896,9594,58135,337
1.2376648740460303e+18,130.179236505357,23.2637067398086,22.67364,22.36368,21.80619,21.23318,20.81484,4517,301,2,126,1.080212051261e+19,GALAXY,0.7096942,9594,58135,861
1.237661381694391e+18,136.100569193017,29.6912704452054,23.77116,22.35471,21.86902,21.89096,21.53971,3704,301,1,29,1.1751019663223708e+19,GALAXY,1.23601,10437,58135,8
1.237678619574928e+18,22.0480057267773,2.99888975945647,22.7767,21.89613,21.46658,20.86182,20.84362,7717,301,5,476,1.062625610164839e+19,GALAXY,0.758852,9438,58135,46
1.2376586082185382e+18,185.422949776063,57.8431997321453,24.39081,22.8508,21.31086,20.33193,19.92651,3058,301,3,18,9.268548357345008e+18,STAR,-0.0003301686,8232,58135,510
1.2376672110523187e+18,149.410134197168,24.8230646451277,23.36418,22.54304,22.03165,20.97267,21.90327,5061,301,3,236,1.0840231234896157e+19,GALAXY,0.8362084,9628,58135,243
1.2376788944266867e+18,22.403766612885,34.3636970287861,25.36035,23.8232,21.66179,20.57497,19.82274,7781,301,5,77,8.70223582248805e+18,GALAXY,0.728771,7729,58135,565
1.2376672550754063e+18,148.55629050674,25.745178515664,22.92056,22.55898,22.52861,22.19021,21.99523,5071,301,5,231,1.0840282637064755e+19,GALAXY,0.9489229,9628,58135,430
1.237678809068143e+18,22.3511918179418,34.8308295689179,21.19636,19.88936,18.69151,18.21476,17.85811,7761,301,6,137,8.702251765406652e+18,GALAXY,0.3059328,7729,58135,623
1.2376613870619195e+18,189.455418471687,57.2345351228051,20.92453,19.19111,18.29737,17.89395,17.5421,3705,301,3,11,9.268674801182202e+18,GALAXY,0.1042296,8232,58135,970
1.2376786614334922e+18,21.7904656411327,4.53127244778435,22.57852,22.68517,22.00869,21.89317,21.42531,7727,301,3,211,1.062647655372976e+19,QSO,0.7839416,9438,58135,848
1.2376674290232852e+18,148.526219145066,21.7590545391271,18.31941,17.39166,17.05704,16.92999,16.93376,5112,301,1,257,1.082678283329892e+19,STAR,0.0005565588,9616,58135,470
1.2376613843785487e+18,134.447484109157,31.2152850923217,23.27918,22.74807,21.90968,21.12851,20.65714,3704,301,6,26,1.1751211253124848e+19,GALAXY,0.882349,10437,58135,705
1.2376576128786762e+18,187.932223695996,58.2187477611101,21.32165,21.51571,21.3204,21.21861,20.56456,2826,301,5,305,9.268629721205463e+18,QSO,1.464868,8232,58135,806
1.2376648740462267e+18,130.531473585244,23.5039455329674,20.86341,19.99716,19.92472,19.9925,19.69605,4517,301,2,129,1.0802131782604184e+19,QSO,2.75666,9594,58135,902
1.237667539081626e+18,150.931908223389,22.2017502880771,23.1797,22.53166,21.6112,20.97499,20.96154,5137,301,6,254,1.082666601018847e+19,QSO,1.915667,9616,58135,45
1.2376738075848215e+18,129.580506839764,21.2249133986651,22.88202,22.30306,22.05394,21.58687,21.47628,6597,301,2,230,1.0801973178051877e+19,QSO,0.5015219,9594,58135,325
1.2376648740451786e+18,128.371275872978,22.260124492922,24.12709,24.11436,23.49635,22.12373,22.67117,4517,301,2,113,1.0802026229487915e+19,GALAXY,0.8188969,9594,58135,518
1.2376651279950812e+18,152.808950651815,30.3344111876393,25.82368,22.88842,22.42711,22.00443,21.33952,4576,301,3,265,1.177030179864e+19,GALAXY,0.7852412,10454,58135,524
1.2376651279950812e+18,152.694908545813,30.380039594327,23.61884,22.97112,22.63403,21.58663,21.06911,4576,301,3,265,1.1770295751326065e+19,GALAXY,0.8497344,10454,58135,502
1.2376614160591754e+18,189.575879911507,56.1800688126106,22.45733,23.30622,21.37446,20.34853,19.48138,3712,301,1,106,9.26841229278107e+18,QSO,0.8995332,8232,58135,15
1.2376613822308032e+18,134.713843496245,29.5185944050787,22.50994,22.11112,21.60936,21.26753,20.64581,3704,301,2,22,1.1751079036851608e+19,GALAXY,1.099248,10437,58135,224
1.237673807584822e+18,129.609775852261,21.3888044894314,22.98628,22.57489,22.0765,21.09024,23.00819,6597,301,2,230,1.0801975102197223e+19,GALAXY,0.6934707,9594,58135,332
1.2376614160584548e+18,186.768185696268,56.3508619365534,24.04908,22.47831,21.98144,20.74347,19.93472,3712,301,1,95,9.268510149315942e+18,GALAXY,1.122832,8232,58135,371
1.2376675390811018e+18,149.732492002118,21.8262907267225,23.50618,22.89697,22.54636,21.92258,21.88365,5137,301,6,246,1.082671906162451e+19,GALAXY,1.053753,9616,58135,238
1.2376674300977485e+18,149.891620296699,22.9328411631345,22.78382,22.19994,21.65586,20.9583,20.67338,5112,301,3,268,1.0826887561781467e+19,GALAXY,0.8841511,9616,58135,851
1.23766721158919e+18,149.133233595537,25.2546376826021,23.9757,22.89808,22.56365,22.31236,22.1298,5061,301,4,236,1.0840244154157783e+19,QSO,0.9598927,9628,58135,290
1.237664869218124e+18,154.676689263437,29.56296791699,25.4433,22.09372,21.7621,21.59138,21.5619,4516,301,1,186,1.1770207515517932e+19,GALAXY,0.9806823,10454,58135,181
1.2376672937310953e+18,150.264811773324,23.6485292391587,22.56844,22.28975,21.67708,20.92437,20.56617,5080,301,5,246,1.0826895533240769e+19,GALAXY,0.7153417,9616,58135,880
1.2376613543182336e+18,186.503642207501,58.3490155798916,21.75226,21.61039,20.98614,20.4145,19.98396,3697,301,6,94,9.26857419586826e+18,GALAXY,0.5726379,8232,58135,604
1.237657591397679e+18,187.113243086569,55.6601684419685,21.28707,21.10518,20.7768,20.62088,20.60976,2821,301,5,211,9.268487334449666e+18,QSO,1.443328,8232,58135,288
1.237661381694653e+18,136.635614736325,29.9553244807725,22.98611,22.50379,21.98112,21.46453,21.15278,3704,301,1,33,1.1751022686880684e+19,GALAXY,0.8884173,10437,58135,19
1.2376648740460956e+18,130.235891897547,23.3116372259284,19.33533,18.33533,18.01829,17.88154,17.83631,4517,301,2,127,1.0802123261389068e+19,STAR,0.0009872952,9594,58135,871
1.2376613870620508e+18,190.029084373949,57.354695290111,23.90368,23.94071,21.27013,19.93647,19.19584,3705,301,3,13,9.26867947410662e+18,GALAXY,0.6671852,8232,58135,987
1.2376674300978145e+18,150.165450526756,22.9707209679674,23.14452,22.98633,22.26333,21.68044,21.45649,5112,301,3,269,1.0826911751037278e+19,GALAXY,0.7916262,9616,58135,939
1.23765761126826e+18,188.597476105894,56.9894576548382,22.33951,21.52137,21.1409,20.83844,20.99012,2826,301,2,308,9.268655559728718e+18,QSO,1.272749,8232,58135,900
1.237664874045178e+18,128.405698963872,22.2123073242836,20.7814,20.02659,19.79618,19.60078,19.26539,4517,301,2,113,1.0802026504365824e+19,QSO,0.8099743,9594,58135,519
1.237678809068274e+18,22.6912696619363,34.8372573313847,22.88398,20.61973,19.06221,18.46096,18.08028,7761,301,6,139,8.702263035400837e+18,GALAXY,0.2639604,7729,58135,664
1.2376788944268175e+18,22.7756758237949,34.1776445232332,24.14883,24.27513,21.68585,20.51377,19.84403,7781,301,5,79,8.702257812720605e+18,GALAXY,0.6028698,7729,58135,645
1.2376648740462272e+18,130.636036323684,23.3898762206115,25.2022,22.70269,22.18059,22.02221,22.34062,4517,301,2,129,1.0802145801377436e+19,GALAXY,0.9814212,9594,58135,953
1.237664869217731e+18,153.733892462712,29.7868512649091,23.76874,23.56634,22.1132,20.96067,20.41986,4516,301,1,180,1.1770266889145831e+19,QSO,0.8248922,10454,58135,397
1.2376672099786427e+18,149.721489569039,24.0464371836733,22.57207,22.51998,22.42865,21.48775,21.20668,5061,301,1,237,1.0826860623746589e+19,GALAXY,1.010369,9616,58135,753
1.2376648692179274e+18,154.135293038245,29.7022334127226,22.0993,21.51051,21.13455,20.01541,19.54919,4516,301,1,183,1.1770232804285372e+19,GALAXY,0.7441794,10454,58135,273
1.23766512853287e+18,154.977976375969,31.3990145387406,26.32756,23.007,22.0925,21.14117,21.07834,4576,301,4,279,1.177041752223884e+19,GALAXY,0.0,10454,58135,945
1.2376786222366072e+18,21.1786026354208,4.17860697666172,24.39561,23.69039,22.01598,21.34353,21.06933,7718,301,2,130,1.062644631716e+19,QSO,0.6302173,9438,58135,738
1.2376675390812984e+18,150.212136340956,21.9695799629584,23.23658,22.7301,22.24049,21.09161,20.63945,5137,301,6,249,1.0826675630915211e+19,GALAXY,0.7968015,9616,58135,80
1.2376675385441004e+18,149.63530488247,21.3878321643922,22.28407,22.81013,22.77444,21.54583,21.01425,5137,301,5,244,1.0826719886258231e+19,GALAXY,0.8252074,9616,58135,241
1.237678894426621e+18,22.079658799802,34.2745183358648,23.66944,23.51719,21.18546,20.07043,19.40886,7781,301,5,76,8.702227576150841e+18,GALAXY,0.6485446,7729,58135,535
1.237664869217469e+18,153.06707581438,29.8609991689209,22.60084,22.04168,21.74419,21.20209,20.51284,4516,301,1,176,1.1770304822297e+19,GALAXY,0.9285375,10454,58135,535
1.2376576128788073e+18,188.565378925328,58.2741263077775,21.77295,19.81573,19.06434,18.77311,18.58837,2826,301,5,307,9.268656659240344e+18,STAR,-0.0001170724,8232,58135,904
1.2376786222370657e+18,22.2970859617,4.31666169763182,23.56111,22.73497,21.9582,21.32561,21.72247,7718,301,2,137,1.062650074298557e+19,GALAXY,0.7256821,9438,58135,936
1.2376576112677358e+18,186.548399178244,56.9023403499805,21.33929,21.26507,20.83553,20.51686,20.53185,2826,301,2,300,9.268506301025243e+18,QSO,1.534827,8232,58135,357
1.2376640939752164e+18,134.57366860147,28.803217033927,19.97773,19.37693,19.09783,19.01781,18.81468,4335,301,5,166,1.0818956234671282e+19,QSO,0.7172145,9609,58136,669
1.2376674301015493e+18,159.11921140042,25.0416956100742,21.99345,22.17546,21.25691,21.07659,21.47029,5112,301,3,326,1.1772670971336745e+19,GALAXY,0.7258819,10456,58136,951
1.2376651269250092e+18,162.458377684447,31.6207257379903,20.92961,20.47021,19.94215,19.85568,19.80894,4576,301,1,321,1.1796239552833935e+19,QSO,1.339642,10477,58136,677
1.2376651269211423e+18,152.539993963313,29.40299664298,22.65252,21.7255,21.54634,20.77155,20.00857,4576,301,1,262,1.1769203111662735e+19,GALAXY,0.7614177,10453,58136,623
1.237678894429046e+18,28.7463188034442,33.1596500751317,25.98439,23.9351,22.01753,20.56704,19.80117,7781,301,5,113,8.709025306806344e+18,GALAXY,0.6744546,7735,58136,689
1.2376788944292424e+18,29.1869229740785,33.10255758618,25.85486,24.22573,21.48514,20.38426,19.38826,7781,301,5,116,8.709045647771458e+18,GALAXY,0.8138187,7735,58136,763
1.2376675390841825e+18,157.245379853093,23.4591317211084,23.65999,23.13762,23.13001,21.89812,22.43736,5137,301,6,293,1.1772519238732108e+19,GALAXY,0.8336187,10456,58136,399
1.2376646695007032e+18,134.357925556222,28.9618279919031,22.66654,22.25569,21.42199,20.87813,20.55361,4469,301,5,164,1.081894468979919e+19,GALAXY,0.9591882,9609,58136,627
1.237667539084837e+18,158.84538961095,23.751087552565,25.59667,23.36003,22.78008,21.98313,23.14637,5137,301,6,303,1.1772439249261187e+19,GALAXY,0.7970353,10456,58136,108
1.2376653309178675e+18,162.894694896638,31.1247820720655,18.96928,18.73314,18.76546,18.79742,18.62655,4623,301,5,45,1.1796137023374643e+19,QSO,0.7739675,10477,58136,304
1.237678894429701e+18,30.3479995622625,32.8389542061101,24.79978,23.71616,21.32221,20.14056,19.07956,7781,301,5,123,8.708857631283107e+18,GALAXY,0.7948219,7735,58136,79
1.237664837003641e+18,134.616065418881,26.6489912655513,23.44597,23.13238,23.48185,22.33478,21.8543,4508,301,5,152,1.0818874046177104e+19,GALAXY,0.9043986,9609,58136,370
1.2376651274567685e+18,149.266942796074,28.9402697498994,22.95202,22.21676,21.65776,21.68689,20.88666,4576,301,2,243,1.1745654596252752e+19,GALAXY,0.9070293,10432,58136,970
1.2376651274557855e+18,146.939888802228,28.123320526797,22.99329,22.5383,22.06826,21.14802,21.23512,4576,301,2,228,1.1745546294357416e+19,GALAXY,0.7643451,10432,58136,576
1.2376675385473766e+18,157.370745486524,23.0861918306414,23.02554,22.31135,21.84357,20.95229,20.47521,5137,301,5,294,1.1772505769714668e+19,GALAXY,0.8463064,10456,58136,350
1.237665126925272e+18,163.222753927671,31.9290026868073,22.34564,23.13536,22.22111,20.93337,20.22914,4576,301,1,325,1.1796271713549e+19,GALAXY,0.7579461,10477,58136,794
1.2376788944295045e+18,29.8701064677034,33.0149586209041,25.25373,24.28155,21.86206,20.79805,19.9653,7781,301,5,120,8.709080832143545e+18,GALAXY,0.6258278,7735,58136,891
1.237678894429111e+18,28.9404008490394,33.2318166807866,22.83376,22.49073,21.51833,20.50663,19.7974,7781,301,5,114,8.709035202410994e+18,GALAXY,0.6906247,7735,58136,725
1.2376651269255995e+18,164.021997826518,31.9862351675343,22.88866,22.24395,21.70771,20.97034,20.90833,4576,301,1,330,1.1796307997432764e+19,GALAXY,0.5817432,10477,58136,926
1.2376640929012127e+18,134.623975243771,27.736328795381,22.2445,21.91682,21.37011,20.70297,20.32542,4335,301,3,162,1.0818867998863151e+19,GALAXY,0.7477244,9609,58136,348
1.2376675390841825e+18,157.266582435234,23.4031618472561,23.42454,22.38735,21.51687,21.08683,21.13114,5137,301,6,293,1.177251951361e+19,GALAXY,0.7647836,10456,58136,400
1.2376651274621427e+18,163.086422947577,32.1939196422819,22.75614,22.968,22.02741,21.21644,21.4807,4576,301,2,325,1.1796262367700212e+19,GALAXY,0.8289548,10477,58136,760
1.2376675385476388e+18,158.107564007185,23.1989950921077,22.0466,21.63745,21.1886,20.63979,19.9951,5137,301,5,298,1.1772471959732115e+19,GALAXY,0.8508468,10456,58136,227
1.2376784396972204e+18,31.7193165786209,3.30340989557786,21.89976,22.58686,21.7098,21.13553,20.10312,7675,301,6,80,1.0611622426533188e+19,GALAXY,0.8556661,9425,58136,57
1.2376653685051238e+18,162.692736421455,30.4666270875223,23.94639,23.47116,23.71082,21.9818,21.41595,4632,301,3,141,1.1796143620444412e+19,GALAXY,0.9939157,10477,58136,328
1.2376651285297897e+18,147.269940889812,29.1331904275645,22.18183,22.7277,21.52689,20.70678,19.66768,4576,301,4,232,1.174556031313067e+19,GALAXY,0.7766142,10432,58136,627
1.2376651274616184e+18,161.726017151512,31.9090054805196,22.80866,23.11634,22.22097,21.57998,20.98867,4576,301,2,317,1.1796203818706e+19,GALAXY,0.7482409,10477,58136,547
1.237667551415894e+18,157.433633794286,23.1990332156305,18.9436,18.8687,18.69216,18.56338,18.53,5140,301,5,44,1.1772505494836765e+19,QSO,1.421506,10456,58136,349
1.2376675390850995e+18,159.401625063631,23.8269596471777,23.78288,22.67844,22.27098,21.6303,21.56769,5137,301,6,307,1.1772418083662354e+19,GALAXY,0.7524056,10456,58136,31
1.2376675390841167e+18,157.102676806961,23.4109778581025,22.69778,22.43165,21.61341,20.72618,20.9451,5137,301,6,292,1.1772542053598386e+19,GALAXY,0.7608015,10456,58136,482
1.2376648370036416e+18,134.6603597711,26.6455255994295,21.81782,22.08115,21.17316,20.40599,20.08658,4508,301,5,152,1.0818860852037573e+19,GALAXY,0.8064709,9609,58136,322
1.237665127455851e+18,147.108743358655,28.0847659763448,23.59884,22.61174,21.60608,21.04414,20.82136,4576,301,2,229,1.174555673971788e+19,QSO,0.6321808,10432,58136,614
1.2376651269210772e+18,152.467791144643,29.3861286333793,22.1015,22.18877,21.46636,21.3754,20.74285,4576,301,1,261,1.1769203386540644e+19,GALAXY,0.7614846,10453,58136,624
1.2376651269212083e+18,152.694261446536,29.3658694873497,23.90173,22.68746,21.4465,21.13714,20.15573,4576,301,1,263,1.1769214381656922e+19,GALAXY,0.7659374,10453,58136,664
1.2376786195789908e+18,31.1996230946911,2.8260949512227,23.20634,22.80099,22.29986,21.59016,21.77934,7717,301,5,538,1.0611664207975e+19,GALAXY,0.8610206,9425,58136,209
1.2376674301010908e+18,158.106787831045,24.7185700627909,23.42383,22.79313,22.23577,21.57393,20.93619,5112,301,3,319,1.1772628915017e+19,GALAXY,0.7304799,10456,58136,798
1.237678894428784e+18,27.9590816546191,33.3763775641094,26.05411,23.78225,21.59444,20.58045,19.91803,7781,301,5,109,8.708979127317977e+18,GALAXY,0.6451749,7735,58136,521
1.2376786619743603e+18,30.8814728637146,4.55985753156138,23.75093,22.90265,21.93557,21.37381,20.86943,7727,301,4,272,1.0611800822294796e+19,GALAXY,0.6370984,9425,58136,706
1.2376674301010248e+18,157.91676689399,24.7503588712046,18.6783,18.56849,18.28917,18.21018,17.68076,5112,301,3,318,1.1772617919900705e+19,QSO,0.3109573,10456,58136,758
1.237678439696761e+18,30.6747644352752,3.49113760945175,24.8195,22.25776,21.8983,21.09202,20.86285,7675,301,6,73,1.0611701591370387e+19,GALAXY,0.8007506,9425,58136,345
1.2376675390845097e+18,157.989953993993,23.6019975008034,22.61642,22.62699,21.89676,21.0252,20.90635,5137,301,6,298,1.177248680313909e+19,GALAXY,0.7685905,10456,58136,281
1.2376609618614687e+18,128.574486570923,28.779473862566,23.9696,23.3903,22.25808,21.41205,21.05187,3606,301,3,31,1.08211736747466e+19,GALAXY,0.7301202,9611,58136,544
1.2376646684268303e+18,134.566814118676,28.0169773904027,23.68392,22.74458,22.31804,21.84605,22.37151,4469,301,3,162,1.081895376077012e+19,GALAXY,1.087873,9609,58136,660
1.2376651269248123e+18,161.91121144216,31.600302636106,20.01925,19.94446,19.81511,19.70753,19.5588,4576,301,1,318,1.179621756260138e+19,QSO,1.983102,10477,58136,597
1.2376788090710264e+18,30.0214876869694,33.5120112072159,21.67332,19.53221,18.1846,17.62849,17.23218,7761,301,6,181,8.709084680434244e+18,GALAXY,0.2102906,7735,58136,905
1.237664837003641e+18,134.54164465382,26.6557966419987,22.83673,22.59757,21.87972,21.13246,20.80087,4508,301,5,152,1.0818872946665478e+19,GALAXY,0.9049462,9609,58136,366
1.2376648370039035e+18,135.250294149712,26.8542419181175,22.97992,22.76562,22.58614,22.13118,21.77207,4508,301,5,156,1.0818818520839903e+19,GALAXY,0.8207185,9609,58136,168
1.237664668426503e+18,133.901795458687,27.6835441569927,22.53188,23.8707,22.38537,21.79513,20.71292,4469,301,3,157,1.0818901808845707e+19,GALAXY,0.5289331,9609,58136,471
1.237667255077373e+18,153.429997984827,27.0205067381956,23.31739,23.40158,22.59043,22.04941,21.93547,5071,301,5,261,1.1769089037331356e+19,GALAXY,1.013556,10453,58136,208
1.237664837003969e+18,135.331952359968,26.938427207153,22.37444,22.56588,21.58892,21.3355,20.44431,4508,301,5,157,1.081881879571781e+19,GALAXY,0.8967958,9609,58136,169
1.2376651269210772e+18,152.390088808242,29.2880969259745,23.12835,22.79331,22.67352,21.47884,20.79107,4576,301,1,261,1.1769203936296458e+19,QSO,0.7265382,10453,58136,626
1.237678621703734e+18,30.3373750116708,3.59290132408751,23.13216,22.5215,22.55994,21.24709,20.69987,7718,301,1,191,1.0611715060387828e+19,GALAXY,0.8992347,9425,58136,394
1.2376651274617492e+18,162.092614057696,31.9762273956961,22.62146,23.08077,22.46289,21.59742,20.88482,4576,301,2,319,1.1796213989188588e+19,GALAXY,0.9178579,10477,58136,584
1.2376609613245975e+18,128.885654807663,28.3845177954349,23.12414,22.84836,22.14001,21.26954,20.94925,3606,301,2,31,1.0821179722060552e+19,GALAXY,0.9575649,9611,58136,566
1.2376648370042312e+18,135.893424774086,27.2857255923411,22.83971,22.744,21.91682,21.19633,20.94864,4508,301,5,161,1.0818798454752696e+19,GALAXY,0.7397342,9609,58136,95
1.2376609618634348e+18,132.782041023542,31.4453088770073,23.9236,21.80006,21.44387,20.7323,20.65634,3606,301,3,61,1.174429092697318e+19,GALAXY,0.6847959,10431,58137,105
1.237660765375366e+18,131.335029069574,31.3688343942977,23.25151,23.19832,21.98503,21.11239,20.43336,3560,301,5,163,1.174442039446735e+19,GALAXY,0.7682289,10431,58137,576
1.2376607653759557e+18,132.68360143196,31.9846816340667,23.18597,22.70807,22.16991,21.53162,21.43281,3560,301,5,172,1.1744504507106875e+19,GALAXY,0.8236048,10431,58137,882
1.2376607659122368e+18,131.006974095733,31.6713506707881,23.78917,22.79356,21.91152,21.29518,20.44532,3560,301,6,163,1.1744401702769678e+19,GALAXY,0.8856005,10431,58137,508
1.2376672099844106e+18,164.059349597235,27.1488941970472,21.50023,22.0693,21.1112,20.76907,19.96263,5061,301,1,325,1.1793824750438207e+19,GALAXY,0.904025,10475,58137,84
1.237667209984148e+18,163.329692643765,27.1072858779115,22.90254,22.70307,21.88047,21.68183,21.72071,5061,301,1,321,1.1793859934810298e+19,GALAXY,0.7754312,10475,58137,212
1.2376672110575624e+18,162.366916886939,27.6725220723257,22.34027,22.24768,21.67568,21.0126,20.67619,5061,301,3,316,1.1793915735025408e+19,GALAXY,1.427346,10475,58137,415
1.237660962937243e+18,132.319183311206,32.1934928806375,22.44381,22.03581,21.95055,22.23152,22.18405,3606,301,5,62,1.174447976809525e+19,GALAXY,0.6322633,10431,58137,792
1.237660765912368e+18,131.30220097156,31.861468179659,22.82988,22.84176,22.3623,21.30445,20.89438,3560,301,6,165,1.174441517178712e+19,GALAXY,0.8065706,10431,58137,557
1.2376786222392942e+18,27.3094621215993,4.09162297711272,24.22741,22.49886,21.48356,20.85987,20.70579,7718,301,2,171,1.0614031456526424e+19,GALAXY,0.6968449,9427,58137,629
1.2376607653755622e+18,131.827208430548,31.5360411367448,22.31557,22.36791,22.12827,21.05606,21.92362,3560,301,5,166,1.174445365469409e+19,GALAXY,0.7258476,10431,58137,697
1.237660765912761e+18,132.344249803746,32.3439756785763,21.57478,22.20135,21.76475,21.35777,20.84648,3560,301,6,171,1.1744477569072e+19,GALAXY,0.9069285,10431,58137,784
1.2376609623997164e+18,131.201205633392,31.0129679383895,22.66813,23.04838,21.98325,21.8001,22.30957,3606,301,4,52,1.1744390432775492e+19,GALAXY,0.9027113,10431,58137,467
1.2376607653752998e+18,131.181575910053,31.2244106826623,23.89617,24.14823,23.15138,22.96676,21.84791,3560,301,5,162,1.1744393731310377e+19,QSO,0.5755913,10431,58137,479
1.2376609634736548e+18,131.098861620004,31.9830370353972,22.51444,23.01515,22.5908,21.49354,21.01369,3606,301,6,55,1.1744413247641768e+19,QSO,1.317317,10431,58137,550
1.237660962399781e+18,131.389518501252,30.9427744164123,22.3966,22.63902,22.33369,21.55676,22.6887,3606,301,4,53,1.1744380262292937e+19,GALAXY,0.7804171,10431,58137,430
1.2376609629371113e+18,132.112455107264,32.0664169083448,22.839,22.38607,21.70084,21.3535,20.97824,3606,301,5,60,1.1744459152252228e+19,GALAXY,0.8566791,10431,58137,717
1.2376609613259735e+18,131.815984465075,30.1851735758275,18.21447,17.26295,16.97738,16.87874,16.87443,3606,301,2,52,1.1744342878897592e+19,STAR,-0.0001014491,10431,58137,294
1.2376607653756275e+18,131.962969339857,31.5533226613968,23.73435,22.95999,22.03957,21.87769,21.21738,3560,301,5,167,1.1744465199566182e+19,GALAXY,0.6557981,10431,58137,739
1.2376607643017551e+18,132.214254725379,30.6773764100663,22.77873,23.71409,22.10464,21.7398,21.43167,3560,301,3,165,1.1744322812810383e+19,GALAXY,0.9737524,10431,58137,221
1.2376672110578245e+18,162.988153315574,27.7363065161774,23.05811,23.01546,22.08183,21.4518,20.68542,5061,301,3,320,1.179389401967076e+19,GALAXY,0.7884805,10475,58137,336
1.2376609623999127e+18,131.643182634076,31.3161176779058,24.25602,22.19224,21.798,21.25748,20.43486,3606,301,4,55,1.1744360471083637e+19,GALAXY,1.002856,10431,58137,358
1.2376651269207498e+18,151.570816432884,29.1023943711158,22.3544,23.31061,22.05251,21.7471,20.4671,4576,301,1,256,1.1764739919104465e+19,GALAXY,0.8870049,10449,58137,770
1.2376607653756936e+18,132.192679239302,31.7302881762194,23.71745,22.13449,21.47357,21.07093,20.75471,3560,301,5,168,1.1744474270537112e+19,GALAXY,0.9375188,10431,58137,772
1.2376671434025866e+18,136.687688728643,23.7375280951135,23.70223,22.77629,22.52025,21.83278,22.36548,5045,301,5,175,1.0805385237544327e+19,GALAXY,0.8100326,9597,58137,450
1.237660963473982e+18,131.860377325153,32.2740694999635,23.41177,22.42525,21.47744,21.11386,20.44897,3606,301,6,60,1.1744432763973163e+19,GALAXY,0.3065132,10431,58137,621
1.237667143403111e+18,137.815975172218,24.2997934647098,22.35959,22.43743,21.89408,21.6497,21.51694,5045,301,5,183,1.0805346754637355e+19,GALAXY,0.7261337,9597,58137,310
1.2376609624000435e+18,132.039395451962,31.3908484159602,24.09436,22.77169,22.20166,21.43332,22.16523,3606,301,4,57,1.174433848085108e+19,GALAXY,0.7440234,10431,58137,278
1.237660961863435e+18,132.889870863968,31.3416969821886,22.74353,22.3986,22.02534,21.74276,22.48007,3606,301,3,61,1.174428295551388e+19,GALAXY,0.6286829,10431,58137,76
1.2376609629374387e+18,132.854750476863,32.3891498824254,23.00178,22.74952,22.17985,21.92849,21.9896,3606,301,5,65,1.1744509729787107e+19,GALAXY,0.7599894,10431,58137,901
1.2376607659127608e+18,132.17362564521,32.3307080650865,22.95349,22.71402,21.85316,21.46897,20.80574,3560,301,6,171,1.1744466024199903e+19,GALAXY,0.79837,10431,58137,742
1.2376651285259884e+18,138.212271297259,25.6966365265949,23.36092,23.21037,21.91484,21.35095,21.95987,4576,301,4,174,1.0805488866515243e+19,GALAXY,0.7328376,9597,58137,827
1.2376607648382323e+18,131.077968802826,30.6345132592146,19.41857,19.18975,18.98144,18.85831,18.30405,3560,301,4,159,1.174439620521154e+19,QSO,0.3635357,10431,58137,488
1.237660963473786e+18,131.459361651199,32.0690807386504,23.02742,23.33863,22.17974,21.82483,21.39121,3606,301,6,57,1.1744425892025487e+19,GALAXY,0.6998748,10431,58137,596
1.237660765912761e+18,132.248140245503,32.4402474582554,22.56218,21.42993,21.03422,20.1543,19.8446,3560,301,6,171,1.1744466848833624e+19,GALAXY,0.7746981,10431,58137,745
1.237660962400306e+18,132.478329720179,31.7558133167341,22.8969,23.40946,22.80075,21.81377,21.20511,3606,301,4,61,1.174449598589176e+19,GALAXY,0.7556345,10431,58137,851
1.237660962400175e+18,132.244982361473,31.4614301567831,22.94884,22.82684,22.21437,21.236,21.28271,3606,301,4,59,1.174432776061271e+19,GALAXY,0.8367317,10431,58137,239
1.237660963473851e+18,131.50711285735,32.1198022941377,23.24652,22.80107,22.56646,21.31809,21.18873,3606,301,6,58,1.17444223186127e+19,GALAXY,0.7657294,10431,58137,583
1.2376607653760207e+18,132.749628522947,32.1330382450665,22.45497,22.03385,21.63004,20.83521,20.54332,3560,301,5,173,1.174450230808362e+19,GALAXY,0.8413464,10431,58137,874
1.2376786222394253e+18,27.7214482291396,4.17181798663799,23.33727,22.04359,21.80892,21.03836,21.151,7718,301,2,173,1.0614065266509e+19,GALAXY,0.7620835,9427,58137,752
1.23767862223949e+18,27.7637897162809,4.16569564697882,22.93067,22.56838,22.39673,21.92727,21.58225,7718,301,2,174,1.0614064991631071e+19,GALAXY,0.931411,9427,58137,751
1.2376609629368492e+18,131.579212367133,31.5800136812469,23.88102,22.8988,22.12277,21.31192,21.40332,3606,301,5,56,1.1744429740316189e+19,GALAXY,0.7663397,10431,58137,610
1.2376609634737856e+18,131.443556388349,32.0452678068943,23.08453,22.95117,22.04066,21.56549,22.05971,3606,301,6,57,1.1744426166903396e+19,GALAXY,0.7001452,10431,58137,597
1.237667143403111e+18,137.880031455808,24.2230021159459,22.61181,22.96748,22.62107,21.36753,21.69585,5045,301,5,183,1.0805333835375729e+19,GALAXY,0.863875,9597,58137,263
1.237667254007366e+18,162.931533749096,27.9818824046416,22.42798,22.61699,22.43633,21.86817,21.44024,5071,301,3,318,1.1793896768449829e+19,GALAXY,0.9803279,10475,58137,346
1.237667143403111e+18,137.80212527753,24.2613188100251,23.62963,22.55116,22.04676,21.22863,20.42337,5045,301,5,183,1.0805345105369911e+19,GALAXY,0.7456665,9597,58137,304
1.237660962400241e+18,132.351926088572,31.6620649326317,23.01822,22.61322,22.29078,21.50431,20.76156,3606,301,4,60,1.1744485815409203e+19,GALAXY,0.8647662,10431,58137,814
1.2376609623999782e+18,131.89000129207,31.2317111111652,22.17023,22.09161,21.55044,21.10154,20.74868,3606,301,4,56,1.1744349201089452e+19,GALAXY,0.9670123,10431,58137,317
1.2376607653760868e+18,132.971059011694,32.2941474148605,23.98903,23.42612,23.03589,21.88591,22.64129,3560,301,5,174,1.1744510829298735e+19,GALAXY,0.9713334,10431,58137,905
1.2376607659122363e+18,131.106914634318,31.6492832713955,22.80805,22.50681,21.39301,20.87042,20.27464,3560,301,6,163,1.174440417667084e+19,GALAXY,0.0,10431,58137,517
1.23766096347372e+18,131.192717614857,31.9623936609826,23.25859,22.71499,21.81886,21.94912,20.75308,3606,301,6,56,1.1744414347153396e+19,GALAXY,0.9643672,10431,58137,554
1.2376651269200945e+18,149.989453475845,28.7217252416451,22.64076,23.68648,21.51859,21.12487,20.16595,4576,301,1,246,1.1764671199627729e+19,GALAXY,0.8406907,10449,58137,520
1.2376609618634342e+18,132.824706127672,31.3006029339461,19.24474,19.196,19.02732,19.05677,19.09895,3606,301,3,61,1.1744294500386e+19,QSO,1.381831,10431,58137,118
1.237660962937308e+18,132.574927458794,32.2586273198401,22.51552,23.07937,22.29354,21.99715,21.45492,3606,301,5,63,1.174448883906618e+19,GALAXY,0.9714469,10431,58137,825
1.2376609623997816e+18,131.376561646573,30.983882454247,22.8577,23.13684,21.74904,22.07174,23.98525,3606,301,4,53,1.1744379162781309e+19,GALAXY,0.8558297,10431,58137,426
1.2376607659122363e+18,131.109596475142,31.6276507430285,24.11156,22.75209,22.05653,21.54395,21.06621,3560,301,6,163,1.174440335203712e+19,GALAXY,1.026561,10431,58137,514
1.2376607653755625e+18,131.83515746736,31.6571257163232,22.91512,22.79506,22.19108,21.98235,21.62745,3560,301,5,166,1.1744451180792928e+19,GALAXY,1.05227,10431,58137,688
1.2376609629373732e+18,132.578314317344,32.3642994474461,22.31238,22.20002,21.52037,20.83799,20.70642,3606,301,5,64,1.1744487739554552e+19,GALAXY,0.9363357,10431,58137,821
1.2376609629373734e+18,132.670695054873,32.431873208644,23.26664,22.52658,21.95183,21.70408,21.71148,3606,301,5,64,1.174449955930455e+19,GALAXY,0.7456325,10431,58137,864
1.2376786217024236e+18,27.3390400895605,3.58520259626818,22.41611,22.86597,21.95441,22.4688,22.43882,7718,301,1,171,1.0614038878229912e+19,GALAXY,1.083173,9427,58137,656
1.2376607648385605e+18,131.772070970239,31.0517865051934,24.53239,23.18499,21.70617,21.04136,20.94049,3560,301,4,164,1.1744356897670846e+19,GALAXY,0.8620073,10431,58137,345
1.2376671428664366e+18,138.431324479492,24.1033561497914,22.86378,21.98284,21.41231,20.74229,20.88752,5045,301,4,186,1.080530030027108e+19,GALAXY,0.7200934,9597,58137,141
1.237660962936914e+18,131.581914865702,31.7654841438586,18.44704,18.26044,18.28043,18.13748,17.97642,3606,301,5,57,1.1744428365926652e+19,QSO,0.4611886,10431,58137,605
1.2376607659127608e+18,132.311141584546,32.3368119426853,23.77382,22.07976,21.62822,21.05085,22.53981,3560,301,6,171,1.1744479218339437e+19,GALAXY,0.7762242,10431,58137,790
1.237660961863435e+18,132.88078016165,31.3662746362205,23.21689,22.33483,21.57047,21.16696,20.66047,3606,301,3,61,1.1744283230391783e+19,GALAXY,0.8303614,10431,58137,77
1.2376609624003712e+18,132.705258064432,31.7482074366177,25.66311,22.23001,21.7441,21.2678,20.99211,3606,301,4,62,1.1744507255885945e+19,GALAXY,1.097111,10431,58137,892
1.2376609618635008e+18,132.945889990287,31.4771225643377,21.95249,22.28327,20.54791,20.40105,19.90698,3606,301,3,62,1.1744282680636e+19,GALAXY,0.8630663,10431,58137,75
1.2376671434031764e+18,137.942336937625,24.3375339156859,25.96891,22.76582,22.53653,21.67303,21.60108,5045,301,5,184,1.0805334934887356e+19,GALAXY,0.854957,9597,58137,267
1.2376671434033075e+18,138.286333563927,24.4240873469394,23.23148,23.63525,22.52621,22.00302,22.62233,5045,301,5,186,1.0805314319044336e+19,GALAXY,0.9061471,9597,58137,192
1.2376609629372424e+18,132.497028657348,32.1364442909107,22.46905,22.20635,21.68951,20.86441,20.82697,3606,301,5,62,1.1744491038089435e+19,GALAXY,0.7607446,10431,58137,833
1.2376609629373732e+18,132.756172504417,32.2567615364479,21.27414,21.38233,21.10992,20.89175,20.35742,3606,301,5,64,1.1744500109060364e+19,GALAXY,0.6174036,10431,58137,866
1.23766076483915e+18,133.072119419118,31.7272905046893,23.82088,22.80624,22.48092,21.80076,21.14825,3560,301,4,173,1.1744530620508e+19,GALAXY,0.8283376,10431,58137,977
1.2376648804851387e+18,137.812297410835,28.725295798007,22.25557,22.13057,21.7536,20.80799,20.39349,4518,301,6,75,1.0817860571351e+19,GALAXY,0.6939387,9608,58137,779
1.2376609624003717e+18,132.583239280252,31.8688430366828,23.77455,23.992,22.50344,21.55686,21.16121,3606,301,4,62,1.1744494611502223e+19,GALAXY,0.7843309,10431,58137,846
1.2376609618633692e+18,132.623215877013,31.2720002611426,23.72889,22.86588,22.89867,22.12977,21.76527,3606,301,3,60,1.1744305495502248e+19,GALAXY,0.8762241,10431,58137,158
1.2376671428663708e+18,138.276908297001,24.0123154424686,25.5843,23.21687,22.54317,21.84747,22.77043,5045,301,4,185,1.0805321190992e+19,GALAXY,0.8128709,9597,58137,217
1.2376609629371113e+18,132.114316595309,31.967316310013,22.70075,22.89189,22.05905,21.56548,21.46332,3606,301,5,60,1.1744458327618509e+19,GALAXY,0.9988486,10431,58137,714
1.2376651269210772e+18,152.363219967901,29.3518916675973,22.28389,21.94972,21.4339,20.75136,20.04636,4576,301,1,261,1.1764771530063763e+19,GALAXY,0.7948789,10449,58137,885
1.237664092902196e+18,136.76222983182,28.8632403062414,24.38432,23.10572,22.38988,21.7363,22.16502,4335,301,3,177,1.0817801747478897e+19,GALAXY,0.7673634,9608,58137,565
1.2376671434031112e+18,137.782449516298,24.2259460343183,22.06502,22.99204,22.34025,21.19787,21.31996,5045,301,5,183,1.0805345655125727e+19,GALAXY,0.9485775,9597,58137,306
1.2376609629373734e+18,132.645124113795,32.4166607077478,22.69073,22.18785,21.13195,21.12951,20.86378,3606,301,5,64,1.1744499284426643e+19,GALAXY,0.634555,10431,58137,863
1.237660962400306e+18,132.627104591992,31.7271735729472,24.90574,22.81433,22.44522,22.05235,23.40643,3606,301,4,61,1.1744507530763852e+19,GALAXY,0.937219,10431,58137,893
1.237660765912302e+18,131.259900941713,31.7096221751997,24.52348,22.70732,21.40211,20.844,20.78732,3560,301,6,164,1.1744407200327815e+19,GALAXY,0.8322184,10431,58137,528
1.2376607648384947e+18,131.556734389216,31.0299866734198,22.8933,23.03501,22.41734,21.4541,21.15835,3560,301,4,163,1.174436926717666e+19,GALAXY,0.7797212,10431,58137,390
1.2376609634737856e+18,131.359156678586,31.9930562863378,24.15592,23.37027,22.46986,21.70447,21.67949,3606,301,6,57,1.1744426441781303e+19,GALAXY,0.9330344,10431,58137,598
1.2376648778005883e+18,138.466846331791,26.8364818365645,25.22527,22.90471,22.02742,21.36841,20.78856,4518,301,1,72,1.0817679976566118e+19,GALAXY,0.9842915,9608,58137,122
1.2376609634739825e+18,131.804005799052,32.3959817830832,22.58347,22.25302,20.54317,19.81996,19.20886,3606,301,6,60,1.1744434138362696e+19,GALAXY,0.7525346,10431,58137,626
1.2376607659126953e+18,132.049844658816,32.2097207984213,23.26097,22.33159,21.9351,21.25064,20.93162,3560,301,6,170,1.1744456953229e+19,GALAXY,0.7994153,10431,58137,709
1.2376609618629765e+18,131.825006293738,30.8820838365545,22.08073,22.28936,22.24068,21.56801,21.30597,3606,301,3,54,1.1744345902554569e+19,GALAXY,0.8477169,10431,58137,305
1.2376648804852047e+18,138.042757504919,28.8292489197442,23.82766,22.79512,22.33716,21.81004,21.09819,4518,301,6,76,1.0817871566467258e+19,GALAXY,0.8552555,9608,58137,819
1.237660961863107e+18,132.172455620726,30.9048291268657,22.61671,22.29127,22.25554,22.49591,21.27671,3606,301,3,56,1.1744324736955734e+19,GALAXY,1.200203,10431,58137,228
1.2376609629369802e+18,131.838839751431,31.9093460532113,22.75572,22.21168,21.83057,21.18632,20.94864,3606,301,5,58,1.174444925664758e+19,GALAXY,0.8840212,10431,58137,681
1.237667143402652e+18,136.800092575671,23.7075629693826,23.65371,22.6777,22.33968,22.04345,21.47976,5045,301,5,176,1.0805386062178e+19,GALAXY,0.7628509,9597,58137,453
1.2376671434029798e+18,137.60775657528,24.1733692210399,23.3467,22.67275,22.07909,21.17727,20.76226,5045,301,5,181,1.080535719999782e+19,QSO,1.896346,9597,58137,348
1.2376672099841485e+18,163.25461790391,27.1328505209159,24.00541,23.26851,23.09765,22.10825,21.68153,5061,301,1,321,1.1793869555537e+19,GALAXY,0.7217633,10475,58137,247
1.237665126920815e+18,151.682153339992,29.189168911568,22.2604,22.74463,21.84027,21.21197,20.6669,4576,301,1,257,1.1764750639342836e+19,GALAXY,0.9482503,10449,58137,809
1.237660961863172e+18,132.214018006569,30.926827044603,19.26786,18.36179,18.00079,17.83638,17.74852,3606,301,3,57,1.1744324462077827e+19,STAR,0.0003410822,10431,58137,227
1.2376609629367828e+18,131.419127643833,31.6049084551157,17.97322,17.02432,16.69156,16.56009,16.51818,3606,301,5,55,1.1744419020077816e+19,STAR,0.0002218782,10431,58137,571
1.2376607659121715e+18,131.034099563188,31.5467687265482,24.17392,22.51115,22.23008,21.19431,20.71364,3560,301,6,162,1.1744401427891771e+19,GALAXY,0.7515798,10431,58137,507
1.2376609634737198e+18,131.184045517906,32.0415384882274,24.45902,23.14996,22.47321,21.47216,20.78955,3606,301,6,56,1.1744413797397584e+19,GALAXY,0.8191281,10431,58137,552
1.2376646694995889e+18,131.821182894092,27.6683703695655,25.42389,22.56031,22.95539,21.44379,21.27478,4469,301,5,147,1.082000929194956e+19,GALAXY,0.8230767,9610,58137,404
1.2376671434031112e+18,137.911684374044,24.1538485009641,23.35896,23.22404,22.8914,21.35023,21.18304,5045,301,5,183,1.080533356049782e+19,GALAXY,0.8615268,9597,58137,262
1.23766721105848e+18,164.741227686658,28.1154688941324,22.48817,22.00559,21.57932,21.34188,21.22425,5061,301,3,330,1.1793802485327747e+19,GALAXY,0.8348502,10475,58137,3
1.2376607648389532e+18,132.712863530236,31.5237281217484,23.19767,24.64922,23.10938,22.04062,21.25858,3560,301,4,170,1.1744509180031291e+19,GALAXY,0.7778408,10431,58137,899
1.2376609629371763e+18,132.25038810971,32.0059007255839,19.84438,19.86585,21.09384,20.42674,18.46105,3606,301,5,61,1.174447069712432e+19,GALAXY,1.245701,10431,58137,759
1.2376671434032425e+18,138.073495525988,24.4017517116625,25.35607,23.07788,22.54595,21.42547,20.81034,5045,301,5,185,1.0805325314160611e+19,GALAXY,0.0,9597,58137,232
1.2376671423292375e+18,137.85867429713,23.3572811273622,23.65909,22.60624,22.08244,21.24207,21.0589,5045,301,3,181,1.0805342081712937e+19,GALAXY,0.7794022,9597,58137,293
1.2376672110574963e+18,162.149530331586,27.6078560439041,22.72898,22.78074,21.89591,21.65545,20.88477,5061,301,3,315,1.179392645526378e+19,GALAXY,1.036463,10475,58137,454
1.2376607648387569e+18,132.258860477049,31.2304522100892,23.29643,22.08753,21.52561,20.91258,20.42959,3560,301,4,167,1.1744326661101085e+19,GALAXY,0.7695587,10431,58137,235
1.2376609623997164e+18,131.251405470711,30.9835577071151,24.43618,23.06701,22.46567,21.57861,21.68106,3606,301,4,52,1.1744388783508052e+19,GALAXY,0.7807024,10431,58137,461
1.2376609629371763e+18,132.280674470353,32.0073935298061,23.98626,22.86402,22.64234,22.0675,22.97344,3606,301,5,61,1.1744481967118504e+19,GALAXY,0.8767799,10431,58137,800
1.237667211595351e+18,164.641875633741,28.4557011834221,23.59108,23.46718,22.53239,21.39358,20.96741,5061,301,4,330,1.1793811556298676e+19,GALAXY,0.8281916,10475,58137,36
1.2376607653759557e+18,132.570998119347,32.1027313618782,22.38622,22.53691,21.41763,21.07763,20.16252,3560,301,5,172,1.174449048833362e+19,GALAXY,0.7758949,10431,58137,831
1.2376672099841485e+18,163.30143368967,27.0502831684303,24.1626,22.89118,22.11864,21.08071,20.01943,5061,301,1,321,1.1793869005781228e+19,GALAXY,0.8000167,10475,58137,245
1.2376609623999127e+18,131.669422974553,31.3331263509977,22.0551,23.09448,22.20584,21.43931,20.94929,3606,301,4,55,1.1744360196205728e+19,GALAXY,0.8142141,10431,58137,357
1.2376609624001093e+18,132.071640804221,31.5641843074636,23.11861,22.68758,21.97227,21.19025,23.53329,3606,301,4,58,1.174446437493246e+19,GALAXY,1.018631,10431,58137,736
1.2376607659126295e+18,131.954784804895,32.1475718242367,22.77928,22.51272,22.15994,21.76205,21.18557,3560,301,6,169,1.174444650786851e+19,GALAXY,0.8852561,10431,58137,671
1.237665127457162e+18,150.409401371279,29.1434607567462,23.1883,22.90937,22.92646,21.22455,21.11849,4576,301,2,249,1.1764672574017264e+19,GALAXY,0.8720075,10449,58137,525
1.237664835931604e+18,138.908604858026,27.5721379245819,22.8296,23.86033,22.74194,22.10279,22.02832,4508,301,3,178,1.0817654138042864e+19,GALAXY,0.8322473,9608,58137,28
1.2376648804852045e+18,137.97645555582,28.798534085768,22.53614,22.27883,21.55237,20.55956,20.30992,4518,301,6,76,1.0817870741833535e+19,GALAXY,0.7696536,9608,58137,816
1.237667143403046e+18,137.743456540635,24.1991209906561,24.67119,23.56838,22.62792,21.70399,21.86772,5045,301,5,182,1.0805344830492e+19,GALAXY,0.6554685,9597,58137,303
1.2376640929036375e+18,140.161686493125,30.4273011421756,22.91014,22.90599,21.89676,21.58712,21.45231,4335,301,3,199,1.1754533152680595e+19,GALAXY,0.2650644,10440,58138,502
1.2376648778026852e+18,143.309867658055,28.8689960420296,25.40928,23.73775,21.65796,21.75826,21.99923,4518,301,1,104,1.1755707431099062e+19,GALAXY,0.9926611,10441,58138,678
1.2376651285329357e+18,155.101036912312,31.2978591313022,22.54474,23.31531,22.73914,21.68039,21.22921,4576,301,4,280,1.1767934825033652e+19,GALAXY,0.9797114,10452,58138,105
1.2376675374763876e+18,164.394417158188,23.2418066058483,22.3339,22.05948,21.57307,20.77547,20.78194,5137,301,3,336,1.1784842565089776e+19,GALAXY,0.8056874,10467,58138,175
1.2376675390868037e+18,163.600087453768,24.4979225785453,24.03082,23.07503,22.67798,21.74992,21.97559,5137,301,6,333,1.1784987700624644e+19,GALAXY,0.8314075,10467,58138,703
1.2376650990014305e+18,144.785614756409,28.8442945784974,22.69271,22.88446,22.42985,22.0193,21.31019,4569,301,5,225,1.17557841220351e+19,GALAXY,0.7841333,10441,58138,957
1.2376613843885107e+18,160.086377282624,40.8023278631127,24.05174,23.01248,21.40771,20.28761,19.49111,3704,301,6,178,9.417053070767184e+18,GALAXY,0.7516758,8364,58138,95
1.2376648804861875e+18,140.272721576107,29.7743107186851,25.11786,22.61804,21.85815,21.14461,20.94282,4518,301,6,91,1.1754532328046877e+19,STAR,-0.003094531,10440,58138,499
1.237664877802685e+18,143.291416339311,28.6866533405772,22.43866,22.48256,21.81434,21.10759,20.47029,4518,301,1,104,1.175570935524441e+19,QSO,0.6529256,10441,58138,685
1.237661849849889e+18,157.772730464029,40.6703351351747,21.52117,21.45605,21.45102,21.02259,20.83204,3813,301,1,91,9.41714900315671e+18,QSO,1.961847,8364,58138,444
1.237667537476584e+18,164.80596756502,23.2552083832483,25.10265,22.91902,21.99098,22.10566,21.35753,5137,301,3,339,1.1784798584624669e+19,GALAXY,0.0,10467,58138,15
1.237664877802685e+18,143.309706633214,28.7134033343378,25.81855,22.97549,22.05766,21.25364,20.82441,4518,301,1,104,1.175570660646534e+19,GALAXY,0.9631876,10441,58138,675
1.2376675503450368e+18,164.562834832768,23.4603393965685,25.76122,23.51568,22.73524,22.59546,21.27229,5140,301,3,88,1.1784822224124664e+19,GALAXY,0.8528375,10467,58138,101
1.2376648804863844e+18,140.81058918898,30.042768546523,23.96381,22.85234,22.75742,21.80721,21.13907,4518,301,6,94,1.1754574934122453e+19,GALAXY,0.9294974,10440,58138,654
1.2376651279958676e+18,154.779521520179,30.8549571625234,24.87007,22.97022,22.77243,22.09609,21.8225,4576,301,3,277,1.176795489112086e+19,GALAXY,1.077827,10452,58138,178
1.2376651279910835e+18,143.04713965698,27.0710012488852,24.0692,22.99506,22.03874,21.74938,21.47022,4576,301,3,204,1.1755622218947908e+19,GALAXY,0.8045283,10441,58138,368
1.23766512853287e+18,154.949419735874,31.4246778031196,26.93811,22.86774,21.54416,21.66282,21.78696,4576,301,4,279,1.1767937024056908e+19,GALAXY,1.034122,10452,58138,113
1.2376613843884452e+18,159.875859615723,40.698837635677,25.59935,22.94951,21.26837,20.23119,19.55159,3704,301,6,177,9.41706241661602e+18,GALAXY,0.6049094,8364,58138,129
1.2376675390869348e+18,164.049694159498,24.5954238650149,23.26272,22.60442,21.91924,21.50127,20.73687,5137,301,6,335,1.178500144452e+19,GALAXY,0.7063356,10467,58138,753
1.237667539086738e+18,163.528138398684,24.4765351718934,24.85313,22.94802,22.46083,21.66161,21.07414,5137,301,6,332,1.178498715086883e+19,GALAXY,0.9437922,10467,58138,701
1.237664880486974e+18,142.254253951258,30.6696296429622,25.10516,22.75214,22.31745,21.88586,21.27459,4518,301,6,103,1.1754647501889886e+19,GALAXY,0.9485556,10440,58138,918
1.2376672539947835e+18,132.961927030843,19.4979872348915,24.77373,22.44317,21.75455,20.85655,20.4862,5071,301,3,126,1.07604086149153e+19,GALAXY,0.7245495,9557,58138,666
1.237664092904424e+18,141.908795340287,31.1548938955304,23.71778,22.55253,22.02946,21.63538,21.5375,4335,301,3,211,1.1754633483116632e+19,GALAXY,1.095939,10440,58138,867
1.2376648778067487e+18,153.44083963227,32.2103707201179,22.92116,22.91673,22.67758,21.72016,21.10362,4518,301,1,166,1.1768081334958051e+19,GALAXY,0.7497919,10452,58138,638
1.237662195592135e+18,160.298265163074,40.5581353385111,21.42281,21.24813,20.96489,20.93962,20.61436,3893,301,5,51,9.417039326871837e+18,QSO,1.002604,8364,58138,45
1.2376672099709752e+18,132.069671389996,18.0139615902518,24.21635,22.77436,22.28712,22.23603,22.30878,5061,301,1,120,1.076035556347926e+19,GALAXY,0.9684693,9557,58138,473
1.2376803139125908e+18,21.7314694001163,30.5355013430027,20.95262,20.09876,19.82661,19.76278,19.76581,8112,301,1,65,8.701010691707131e+18,STAR,0.0004208069,7728,58138,204
1.2376648804862533e+18,140.541712537068,29.8930522880287,22.68143,22.44692,21.74914,21.69221,21.11704,4518,301,6,92,1.175455459315734e+19,QSO,0.9081786,10440,58138,580
1.2376651274587343e+18,154.323907411319,30.1830480382696,24.59402,22.75499,21.97808,20.91133,20.75996,4576,301,2,273,1.1767973857696438e+19,GALAXY,0.8036276,10452,58138,247
1.2376648804862536e+18,140.507663893373,29.8665945743308,24.0129,23.52826,22.67676,23.12085,21.91158,4518,301,6,92,1.1754526830488736e+19,STAR,0.001731568,10440,58138,479
1.2376613843885105e+18,160.024642555383,40.6475213766729,23.87004,22.83317,21.54055,20.50158,19.84901,3704,301,6,178,9.417061866860206e+18,GALAXY,0.7506251,8364,58138,127
1.237667538550457e+18,165.091730387434,24.1067040581739,23.01547,23.41093,22.28119,21.43353,21.52226,5137,301,5,341,1.178506714033975e+19,GALAXY,0.9847082,10467,58138,992
1.2376662140779238e+18,21.040874445961,32.4237511021412,23.62635,20.98775,19.50052,18.28634,17.62073,4829,301,2,158,8.701133012375722e+18,STAR,-3.994793e-05,7728,58138,649
1.2376651285325425e+18,154.084426343271,31.1182709486546,22.40653,22.0847,21.48381,20.58812,22.87277,4576,301,4,274,1.1767989250859227e+19,GALAXY,0.7300715,10452,58138,303
1.2376651279957368e+18,154.457112166581,30.6545619178109,23.763,22.80153,22.18916,21.41278,20.66224,4576,301,3,275,1.176796121331272e+19,GALAXY,0.8104857,10452,58138,201
1.2376648804864497e+18,140.946749771487,30.1297139799679,26.57664,22.03677,20.66198,21.03744,21.12123,4518,301,6,95,1.175457438436664e+19,GALAXY,0.6978933,10440,58138,652
1.237664880486843e+18,141.835338710515,30.4780701380586,24.20732,21.54935,21.10826,20.43896,21.8951,4518,301,6,101,1.1754626886046863e+19,GALAXY,0.8810104,10440,58138,843
1.2376648778065518e+18,152.911584852703,31.9999200422243,23.32587,23.14775,22.58969,22.05607,22.00528,4518,301,1,163,1.1768049723998757e+19,GALAXY,0.8488743,10452,58138,523
1.23766487082782e+18,152.904696371884,31.3768106533503,23.87823,23.35501,22.53753,22.24971,21.79228,4516,301,4,172,1.1768035430347592e+19,GALAXY,0.8509381,10452,58138,471
1.2376651285284137e+18,144.012790486054,27.867220568117,23.06882,22.69185,22.19461,21.13754,20.03117,4576,301,4,211,1.1755574939947915e+19,GALAXY,0.7462596,10441,58138,196
1.237667227683062e+18,26.3135077530819,6.34213549161064,23.45694,21.91911,21.6243,21.5624,22.47236,5065,301,2,49,9.857524850557737e+18,QSO,3.030536,8755,58138,986
1.237665127995868e+18,154.739223352278,30.8753257999891,23.11483,23.53374,22.59244,21.6341,21.53024,4576,301,3,277,1.1767955165998766e+19,GALAXY,1.065552,10452,58138,179
1.2376672110446515e+18,131.726714570731,18.6593137525094,22.37936,22.10633,21.50214,21.0642,20.65833,5061,301,3,119,1.0760365184206e+19,GALAXY,0.9367971,9557,58138,508
1.2376675380134543e+18,164.714126006566,23.628810935578,18.78531,17.88928,17.67678,17.60673,17.61904,5137,301,4,339,1.17848117787642e+19,STAR,-0.0006014972,10467,58138,63
1.2376648778024888e+18,142.931926835565,28.5759230509665,22.99973,23.67712,22.15651,22.10765,21.58633,4518,301,1,101,1.1755675270383948e+19,GALAXY,0.2950168,10441,58138,561
1.2376648778025536e+18,142.903748645578,28.7362598262146,24.51985,22.46431,22.58425,21.61768,21.16825,4518,301,1,102,1.1755685440866509e+19,GALAXY,0.7468526,10441,58138,598
1.2376648804869745e+18,142.110053629867,30.6147775484066,22.23813,22.81058,22.22439,21.69959,21.00978,4518,301,6,103,1.1754647776767791e+19,GALAXY,0.9442951,10440,58138,919
1.2376648778026852e+18,143.305911109796,28.7355989783873,23.15512,22.1614,22.19043,20.8492,20.49752,4518,301,1,104,1.1755706881343248e+19,GALAXY,0.9607295,10441,58138,676
1.2376613843880512e+18,158.750561426205,40.510446709157,23.34029,21.16102,19.44481,18.80958,18.37705,3704,301,6,171,9.41711546805206e+18,GALAXY,0.3820762,8364,58138,322
1.2376648778026196e+18,143.143700195753,28.6439458721292,23.93077,22.88362,21.89253,20.88969,20.55764,4518,301,1,103,1.1755697260616503e+19,GALAXY,0.7357295,10441,58138,641
1.237665127995868e+18,154.82199596353,30.9417723698259,25.32521,22.71099,22.48078,22.18429,21.07641,4576,301,3,277,1.176794307137086e+19,GALAXY,0.9956393,10452,58138,135
1.2376651285327383e+18,154.634348336294,31.1655424350242,26.83081,21.86518,22.64602,21.35556,20.92612,4576,301,4,277,1.1767956815266208e+19,GALAXY,0.8764984,10452,58138,185
1.23766512853228e+18,153.49167459485,31.0234312156688,22.3748,21.95165,22.04295,21.1232,23.05925,4576,301,4,270,1.1768011241091785e+19,GALAXY,0.9900237,10452,58138,383
1.2376675390868037e+18,163.635381707787,24.4336949079742,22.23225,22.52433,21.69075,21.09047,20.85393,5137,301,6,333,1.1784992648427e+19,GALAXY,0.8291084,10467,58138,721
1.2376648778026196e+18,143.16123737676,28.8138705627672,23.83168,23.78205,22.36618,21.83621,21.14182,4518,301,1,103,1.1755696710860691e+19,GALAXY,1.095762,10441,58138,639
1.2376672110451103e+18,132.676911178251,19.2021900803248,22.95301,22.23219,21.82849,21.97141,20.95252,5061,301,3,126,1.0760398719310647e+19,GALAXY,0.7606107,9557,58138,630
1.2376672276827348e+18,25.555575800715,6.32505415752844,23.90265,24.79106,22.03707,20.80413,19.87372,5065,301,2,44,9.857495988377508e+18,GALAXY,0.896933,8755,58138,881
1.2376672110449134e+18,132.182677168846,18.9337261723537,24.01721,23.11687,22.82646,22.19265,21.51327,5061,301,3,123,1.0760379477857163e+19,GALAXY,1.352012,9557,58138,560
1.2376648804863183e+18,140.554086746418,29.9532309606102,22.93674,22.70688,22.33123,21.89736,22.02142,4518,301,6,93,1.1754552943889895e+19,GALAXY,0.8983251,10440,58138,574
1.237665128529e+18,145.430512223225,28.4104520115806,21.71487,21.56856,21.64853,20.48623,19.33738,4576,301,4,220,1.1755794567395564e+19,GALAXY,1.027429,10441,58138,995
1.237664880486909e+18,142.046989857523,30.4797612075949,22.1863,22.09524,21.05063,22.63321,21.24143,4518,301,6,102,1.1754637331407327e+19,GALAXY,0.3104323,10440,58138,881
1.237664877802947e+18,144.007604108844,28.9988335057675,22.84618,22.60637,22.04337,21.45158,20.6043,4518,301,1,108,1.1755739316936268e+19,GALAXY,0.8251334,10441,58138,794
1.2376672276828652e+18,25.9290766095007,6.34163238396928,23.88927,23.78925,22.43481,20.72046,19.90499,5065,301,2,46,9.857519627877503e+18,STAR,6.660385e-05,8755,58138,967
1.237666214614139e+18,20.3779956239764,30.9596450719916,23.65218,23.6862,23.14667,21.6463,16.79674,4829,301,3,148,8.701078586550147e+18,STAR,-0.0001361046,7728,58138,451
1.2376648778068792e+18,153.648874423862,32.2627226452768,24.45348,22.92037,22.23385,21.60575,22.14835,4518,301,1,168,1.1768090131051076e+19,GALAXY,0.1954272,10452,58138,670
1.2376640929042929e+18,141.628840847451,31.0929508915826,23.00417,22.69657,22.08952,21.6811,21.50807,4335,301,3,209,1.1754611218006168e+19,GALAXY,0.765835,10440,58138,786
1.2376674290297733e+18,164.151378577478,25.0320466893744,19.35262,19.48402,19.48625,19.00833,19.10918,5112,301,1,356,1.1785005567688595e+19,QSO,1.84821,10467,58138,768
1.2376640929040965e+18,141.273510264635,30.8687043099382,24.8233,22.77627,22.26545,21.75987,21.38347,4335,301,3,206,1.1754590602163149e+19,GALAXY,1.274467,10440,58138,711
1.2376648778070756e+18,154.101684219632,32.471635060478,22.19388,22.09851,21.54229,21.295,20.79744,4518,301,1,171,1.1768110746894096e+19,GALAXY,0.7986749,10452,58138,745
1.237662195592266e+18,160.615539214302,40.6363758999265,20.59652,20.51556,20.28529,19.97173,19.8872,3893,301,5,53,9.417038227360209e+18,QSO,1.758263,8364,58138,41
1.237680311237018e+18,21.0221102819061,31.5671935367766,19.88843,19.75998,19.65091,19.63572,19.80677,8111,301,4,199,8.701059894852475e+18,QSO,1.435107,7728,58138,383
1.2376651279955402e+18,153.959054717733,30.726300112097,22.80673,21.4805,21.3784,21.25544,20.59523,4576,301,3,272,1.1767998046952247e+19,GALAXY,1.440346,10452,58138,335
1.237662195592266e+18,160.510482649907,40.681025417959,19.16752,19.11879,19.0699,19.15916,19.04462,3893,301,5,53,9.41703987662765e+18,QSO,0.9498239,8364,58138,47
1.2376795821553748e+18,22.2381578564117,32.3338999195003,20.01085,19.71453,19.63041,19.64561,19.51608,7941,301,6,32,8.701196784050133e+18,QSO,0.8225525,7728,58138,881
1.2376672115819156e+18,132.359129735135,19.3317363431696,22.82398,22.89769,22.49682,22.56628,21.80009,5061,301,4,125,1.0760385800049e+19,GALAXY,0.7516897,9557,58138,583
1.2376662146147292e+18,20.5710339621746,32.4163586310736,25.2429,23.75999,22.71996,21.52713,19.1792,4829,301,3,157,8.701110472387352e+18,GALAXY,0.552933,7728,58138,567
1.2376786619704945e+18,22.0311306108922,4.90153037670742,23.30725,26.42146,22.01889,20.98387,19.66757,7727,301,4,213,9.86074449549855e+18,GALAXY,0.8292603,8758,58139,411
1.237667227681751e+18,23.2961053773828,6.31920025929442,19.13131,18.85315,18.8233,18.69016,18.5093,5065,301,2,29,9.860770883777616e+18,GALAXY,0.0,8758,58139,507
1.2376786619708874e+18,23.0251986502056,4.90530002833186,23.51745,23.03302,21.76532,20.74739,19.88248,7727,301,4,219,9.860660932614838e+18,STAR,8.405971e-05,8758,58139,107
1.2376786614339502e+18,22.7992605190228,4.48828358766061,19.44967,19.37486,19.39099,19.13906,18.94191,7727,301,3,218,9.86068869528344e+18,QSO,1.944238,8758,58139,208
1.237667227681817e+18,23.3824585034151,6.40107428207904,24.01931,22.58531,21.12178,20.2398,18.93416,5065,301,2,30,9.86088660737644e+18,STAR,-7.911786e-05,8758,58139,928
1.237678661434016e+18,22.9131000436371,4.4814099029179,21.38763,21.24562,21.01875,20.99083,20.80059,7727,301,3,219,9.860677700167162e+18,QSO,2.070529,8758,58139,168
1.2376609618641551e+18,134.428850850436,32.2993007758388,18.16717,17.24624,16.99836,16.89986,16.86489,3606,301,3,72,1.1747850595918436e+19,STAR,0.0005668761,10434,58140,767
1.237660962400699e+18,133.411198221297,32.2327946632329,22.6454,22.95164,22.48817,22.07496,23.22621,3606,301,4,67,1.174778022717426e+19,GALAXY,0.6724781,10434,58140,511
1.2376609618636316e+18,133.159543907424,31.6179355010109,22.73771,23.37516,22.44378,21.95992,21.55724,3606,301,3,64,1.1747787099121932e+19,GALAXY,0.776525,10434,58140,536
1.2376607648395436e+18,134.087920435034,32.3063836498376,23.99694,22.12401,21.34328,21.23174,21.86496,3560,301,4,179,1.174782860568588e+19,GALAXY,0.4417362,10434,58140,687
1.237660961863697e+18,133.348747842951,31.6930145037851,24.66004,22.74589,22.2664,21.93823,22.44181,3606,301,3,65,1.1747792321802164e+19,GALAXY,0.7714643,10434,58140,555
1.237661850923172e+18,155.883608748535,41.1402421470779,22.16404,21.68544,21.31927,21.04844,20.96271,3813,301,3,84,9.415973900138076e+18,GALAXY,0.1081096,8363,58140,265
1.2376607648394125e+18,133.771744482169,32.1032387262384,24.00245,22.6281,21.75843,20.96873,20.72527,3560,301,4,177,1.1747809089354488e+19,GALAXY,0.7725568,10434,58140,616
1.2376607728849395e+18,157.067708179112,41.0642330008789,23.71988,23.23006,21.63968,20.22667,19.41282,3562,301,3,62,9.415920298946222e+18,STAR,6.332225e-07,8363,58140,70
1.237660772884939e+18,157.192873930564,41.100143939127,21.98447,21.44942,21.03855,20.88122,20.5178,3562,301,3,62,9.415919749190408e+18,QSO,2.415283,8363,58140,68
1.2376618509234995e+18,156.966999678421,41.303592101453,24.98998,23.4433,22.0281,20.52018,19.66901,3813,301,3,89,9.415931568940409e+18,STAR,-8.161278e-05,8363,58140,111
1.2376607648394775e+18,133.883478945283,32.2348450137568,22.04774,22.46478,21.88294,21.41403,20.4851,3560,301,4,178,1.174781871008123e+19,GALAXY,1.083094,10434,58140,651
1.237661126153339e+18,134.978468071547,31.3761043965736,19.20507,19.06256,18.92652,19.06416,18.95469,3644,301,5,174,1.1747672200156828e+19,QSO,0.9256036,10434,58140,118
1.2376607728848737e+18,157.010723234404,41.0904414821476,22.13685,21.80162,21.63638,21.44284,21.34773,3562,301,3,61,9.415928820161335e+18,QSO,1.927722,8363,58140,101
1.237660961326957e+18,133.893666592739,31.6042119478954,24.13953,22.71172,22.47017,21.98651,21.51593,3606,301,2,67,1.1747727450616123e+19,GALAXY,1.125011,10434,58140,319
1.237660961326957e+18,133.95142720699,31.4733524989675,23.62046,22.68113,23.89268,21.79831,22.54736,3606,301,2,67,1.1747737346220775e+19,GALAXY,0.7835737,10434,58140,355
1.23766185092291e+18,155.311918568576,40.9667081222763,21.622,21.38989,21.29371,21.14774,21.18192,3813,301,3,80,9.416005511097377e+18,QSO,1.732667,8363,58140,380
1.23766096240083e+18,133.608915683618,32.4097150544106,22.54353,22.44686,21.96711,21.25616,20.79029,3606,301,4,69,1.1747796444970768e+19,GALAXY,0.8299915,10434,58140,570
1.2376618509231063e+18,155.830610599855,41.006788728486,21.94159,21.79414,21.61477,21.34654,21.61187,3813,301,3,83,9.41598352086482e+18,QSO,1.523925,8363,58140,300
1.237660772884939e+18,157.146023109229,41.192684180473,20.95558,21.03373,20.70751,20.78924,20.49794,3562,301,3,62,9.4159194743125e+18,QSO,1.201486,8363,58140,67
1.237660962400699e+18,133.383002115589,32.3291586211263,25.94615,22.53799,21.96928,21.37947,20.23298,3606,301,4,67,1.1747777478395187e+19,GALAXY,0.7896265,10434,58140,501
1.2376609624008952e+18,133.826867761329,32.3941082849327,22.96919,22.92149,22.428,21.99375,20.96132,3606,301,4,70,1.1747817060813787e+19,GALAXY,0.7783229,10434,58140,645
1.237660961863894e+18,133.78358653817,32.05734306232,22.66202,22.46844,21.71895,21.77678,22.58638,3606,301,3,68,1.17478096391103e+19,GALAXY,0.5889037,10434,58140,618
1.237660961863762e+18,133.478406970696,31.8775122521419,23.73998,22.86137,22.5308,21.69795,22.60199,3606,301,3,66,1.1747800568139373e+19,GALAXY,0.9508104,10434,58140,585
1.2376613833051348e+18,135.617592982137,30.9664573466431,23.79116,22.80557,22.32302,21.72161,21.91181,3704,301,4,31,1.1747645811877763e+19,GALAXY,0.9122946,10434,58140,22
1.2376613843783526e+18,134.016010391613,30.9979073995154,26.59537,23.12313,21.53837,20.61477,19.94415,3704,301,6,23,1.1747744767924265e+19,GALAXY,0.9646928,10434,58140,382
1.237660961863894e+18,133.757107252657,31.9943219707437,23.22,22.89071,22.39998,21.27934,21.00831,3606,301,3,68,1.1747815411546348e+19,GALAXY,0.8581935,10434,58140,639
1.2376613559247183e+18,156.302974477186,42.6068694282192,24.86492,23.09815,21.46927,20.85921,20.57854,3698,301,1,31,9.416128931277593e+18,GALAXY,0.4540565,8363,58140,829
1.2376609613270223e+18,134.072729309299,31.5992898836479,24.19589,23.04204,22.35382,21.65938,22.03173,3606,301,2,68,1.174772607622659e+19,GALAXY,0.7779078,10434,58140,314
1.237660961863959e+18,133.990949359748,32.1063060475923,24.08325,22.45953,22.56983,21.44337,21.51025,3606,301,3,69,1.1747829705197509e+19,GALAXY,0.835131,10434,58140,691
1.237660962400764e+18,133.588148446089,32.2029902446172,18.60923,18.50631,18.57185,18.38859,18.40239,3606,301,4,68,1.1747796994726582e+19,QSO,1.914423,10434,58140,572
1.2376613833053307e+18,135.932772872917,31.2145380081712,24.53959,25.03733,24.57431,22.42578,22.32625,3704,301,4,34,1.1747650759680088e+19,QSO,1.173441,10434,58140,40
1.2376607643029345e+18,134.819670373419,32.270655388751,22.18958,22.27971,21.25274,20.78035,20.47637,3560,301,3,183,1.1747863240302156e+19,GALAXY,0.8113293,10434,58140,813
1.2376609618638927e+18,133.875188841957,31.9203157440609,18.8257,18.6237,18.48473,18.49617,18.40343,3606,301,3,68,1.1747822008616114e+19,QSO,1.182945,10434,58140,663
1.2376609618639593e+18,133.968197573972,31.9876185825314,21.96148,21.42905,21.29342,20.03775,19.53597,3606,301,3,69,1.17478332786103e+19,GALAXY,0.8557082,10434,58140,704
1.237661384378221e+18,133.627868559592,30.8620543205129,23.96791,22.65574,22.14846,21.49868,21.07316,3704,301,6,21,1.17477304742731e+19,GALAXY,0.8023365,10434,58140,330
1.237661850922976e+18,155.57376621913,40.8392197950512,22.30511,22.11527,21.54948,21.14107,20.74966,3813,301,3,81,9.415992591835748e+18,QSO,1.217504,8363,58140,333
1.2376640939758062e+18,136.053864757147,29.3570591967314,19.36247,19.01902,19.04058,18.95912,18.94109,4335,301,5,175,1.1756772308160897e+19,QSO,0.6552244,10442,58141,456
1.237667211592926e+18,158.478225882733,27.4496035509812,22.75393,22.98396,22.38094,21.5509,20.97165,5061,301,4,293,1.177377268207166e+19,QSO,1.517508,10457,58141,863
1.2376651285322143e+18,153.251449698248,30.9773009382508,23.51208,22.54728,22.92544,22.00745,21.87344,4576,301,4,269,1.1767044495543392e+19,GALAXY,1.279382,10451,58141,962
1.2376648778062894e+18,152.18729072115,31.7541796612615,23.64157,22.94133,22.20405,22.43483,21.81065,4518,301,1,159,1.1766998590932933e+19,GALAXY,0.1668564,10451,58141,795
1.2376672105185285e+18,157.013140022144,26.1715326270103,22.11147,22.19331,22.18004,21.63606,21.12254,5061,301,2,283,1.1773676199926323e+19,GALAXY,1.034018,10457,58141,512
1.237667210518856e+18,157.91341466556,26.3886259773252,22.91223,22.90969,22.92161,21.70295,21.02754,5061,301,2,288,1.1773734748920502e+19,GALAXY,1.04292,10457,58141,725
1.237665127995409e+18,153.559342076825,30.4798530311449,23.47644,22.50001,22.67001,21.22567,20.39156,4576,301,3,270,1.1766783361531795e+19,GALAXY,0.775919,10451,58141,12
1.2376674301008942e+18,157.509861502844,24.7105614823929,23.48693,22.55844,22.08938,21.31471,20.36948,5112,301,3,316,1.177362424800191e+19,GALAXY,0.8374781,10457,58141,323
1.2376672099819205e+18,157.800498480783,26.0281510613794,21.84784,21.8124,20.85326,21.07908,20.3234,5061,301,1,287,1.177372760209492e+19,GALAXY,0.6914456,10457,58141,699
1.2376648692172723e+18,152.480210231521,30.1050980975713,26.30065,22.26819,21.14068,20.56932,20.16317,4516,301,1,173,1.1766830365653885e+19,GALAXY,0.5953043,10451,58141,183
1.237664668428141e+18,137.624266909669,29.4174720700301,24.35047,22.26826,21.93895,21.4719,21.47177,4469,301,3,182,1.1756674726503928e+19,GALAXY,0.8608923,10442,58141,101
1.237661381694587e+18,136.457042355871,30.0087550379095,24.88195,22.9983,21.79922,21.02144,20.50636,3704,301,1,32,1.1756836354713213e+19,STAR,-6.17352e-05,10442,58141,689
1.2376648778058964e+18,151.210983600976,31.5312034827448,21.95941,23.01277,21.47926,21.08723,20.08982,4518,301,1,153,1.1766942240962e+19,GALAXY,0.7379878,10451,58141,590
1.23766533091754e+18,162.096432838395,30.9850786741259,20.18601,19.98033,19.67874,19.69999,19.72937,4623,301,5,40,1.179508753960982e+19,QSO,1.202499,10476,58141,582
1.237667210518856e+18,157.906641793283,26.4265696941752,23.45395,22.88304,22.85302,22.3021,21.67254,5061,301,2,288,1.1773734199164688e+19,GALAXY,0.7893293,10457,58141,723
1.237667255081698e+18,164.394884058373,29.2022608111105,23.8337,23.08557,21.65366,21.11841,20.84139,5071,301,5,327,1.1794928660179603e+19,GALAXY,0.9952815,10476,58141,4
1.2376672115927283e+18,157.918626033581,27.2247314905888,24.49246,24.51038,21.36308,20.63378,20.79944,5061,301,4,290,1.1773729801118175e+19,GALAXY,0.3625864,10457,58141,707
1.2376672550812393e+18,163.090012785694,28.9970543068742,23.05935,23.19318,22.40914,21.83239,21.33719,5071,301,5,320,1.1794998479168e+19,GALAXY,0.6679149,10476,58141,258
1.2376648778062236e+18,152.142218112016,31.7085796056829,19.62163,19.27685,18.85108,18.75135,18.79381,4518,301,1,158,1.1766988420450376e+19,QSO,1.109701,10451,58141,758
1.2376648778059622e+18,151.388388609186,31.6094589464791,23.42199,22.66556,21.93352,21.39497,21.39933,4518,301,1,154,1.1766955160223635e+19,GALAXY,0.9479195,10451,58141,637
1.2376651279950817e+18,152.782036928651,30.3516826644036,22.78714,22.62757,21.41437,20.83322,20.9728,4576,301,3,265,1.1766822119316677e+19,GALAXY,0.7815565,10451,58141,153
1.2376648692174031e+18,152.789392660369,29.9767218094557,22.73997,22.1185,21.50149,20.60302,20.44139,4516,301,1,175,1.1766818545903884e+19,GALAXY,0.8569859,10451,58141,140
1.237661382231131e+18,135.580872437572,29.953222422212,23.99246,23.02041,23.09478,21.62702,21.14898,3704,301,2,27,1.1756789625469e+19,QSO,1.48053,10442,58141,519
1.2376648692172073e+18,152.391990280408,30.1805242973865,22.64091,22.9633,22.07141,21.20477,20.37842,4516,301,1,172,1.1766830090776e+19,GALAXY,0.8025002,10451,58141,182
1.237665127995147e+18,152.944653629161,30.2511427496934,24.07193,22.85634,22.19364,21.16404,23.1085,4576,301,3,266,1.1766807825665511e+19,GALAXY,0.7863517,10451,58141,101
1.2376672115929252e+18,158.433757889091,27.4240105842129,23.25804,21.9715,23.18113,23.12047,23.9092,5061,301,4,293,1.1773772132315849e+19,GALAXY,0.7772864,10457,58141,861
1.2376648778056343e+18,150.581681688558,31.3437622063248,22.96754,23.52436,23.15949,21.7317,20.94736,4518,301,1,149,1.1766918601462e+19,GALAXY,0.964054,10451,58141,504
1.2376674301010908e+18,158.047142671352,24.7984125625817,24.51271,22.95353,22.07076,21.51623,20.6882,5112,301,3,319,1.1773602532647262e+19,GALAXY,0.7288029,10457,58141,244
