obj_ID,alpha,delta,u,g,r,i,z,run_ID,rerun_ID,cam_col,field_ID,spec_obj_ID,class,redshift,plate,MJD,fiber_ID
1.2376793228627151e+18,38.1085457990656,-4.56185996643927,24.88282,22.73346,22.09007,21.90676,22.09997,7881,301,3,276,1.049228693045224e+19,GALAXY,0.885777,9319,58043,93
1.2376634787254776e+18,341.439508727364,-0.271693793301624,21.90152,23.33696,21.31207,20.20925,19.34572,4192,301,3,232,1.0302238544614414e+19,GALAXY,0.9257445,9150,58043,925
1.2376792552097068e+18,37.5476173595254,-3.54203213547634,23.71694,22.99913,23.83202,21.50384,22.97031,7865,301,5,165,1.049250188497547e+19,GALAXY,1.07563,9319,58043,875
1.237663479261693e+18,339.988738024678,0.0784398978991191,25.78359,23.08053,21.51049,20.48397,19.59986,4192,301,4,222,1.0302155531486515e+19,GALAXY,0.6582459,9150,58043,623
1.2376786184759547e+18,324.274124280958,1.58634768979605,21.61619,21.30076,21.18163,20.94457,21.04649,7717,301,3,91,1.0316834286595232e+19,QSO,1.924694,9163,58043,776
1.237678597537596e+18,323.355881379806,2.13741911128214,21.06315,20.67923,20.39056,20.49134,20.42321,7712,301,4,85,1.0316774912967332e+19,QSO,1.010389,9163,58043,560
1.2376793228622566e+18,37.1086542582677,-4.52594357026922,22.3537,22.22798,21.73524,21.19611,20.67804,7881,301,3,269,1.0492350702126651e+19,GALAXY,0.8930632,9319,58043,325
1.2376792552096412e+18,37.3718666379798,-3.42826221543664,26.56256,22.55008,23.08574,22.6236,21.64147,7865,301,5,164,1.0492487316446405e+19,GALAXY,0.9418268,9319,58043,822
1.2376792546730314e+18,37.9689946148591,-3.89898045070871,23.22944,23.00701,21.40472,21.89845,21.02765,7865,301,4,168,1.0492293527522e+19,GALAXY,0.4321865,9319,58043,117
1.2376799982336748e+18,339.546781741505,-1.71090325514235,25.84624,23.64051,22.17637,20.93344,19.98602,8038,301,5,83,1.0302105503707451e+19,GALAXY,0.6531492,9150,58043,441
1.237678597537792e+18,323.8375880745,2.1923537055967,19.79872,19.40881,19.36359,18.82294,18.66698,7712,301,4,88,1.0316806523926632e+19,QSO,0.4484404,9163,58043,675
1.2376792552092467e+18,36.4427343292321,-3.48988199651319,23.09651,21.96937,21.49453,20.91697,20.67013,7865,301,5,158,1.0492435639399895e+19,GALAXY,0.7345859,9319,58043,634
1.2376792541362916e+18,38.2758942258646,-4.24547539955475,21.59396,23.1837,21.35838,20.69086,20.25779,7865,301,3,170,1.0492279233870844e+19,GALAXY,0.7478494,9319,58043,65
1.237678597537596e+18,323.368479651822,2.09640119679336,21.83497,21.84059,21.90944,21.68125,21.26449,7712,301,4,85,1.0316776287356869e+19,QSO,2.086027,9163,58043,565
1.2376785975385137e+18,325.528900703525,2.14602949465014,21.58301,21.3586,21.07288,20.85673,20.36143,7712,301,4,99,1.0316891186322e+19,QSO,1.41282,9163,58043,983
1.2376634588527342e+18,323.011263684035,0.965574993716152,22.53833,21.6549,21.26357,20.87731,20.6147,4187,301,6,102,1.0316753472490592e+19,GALAXY,1.263215,9163,58043,482
1.2376786184757583e+18,323.807747862831,1.63058268930373,23.84572,23.36625,22.05199,20.55342,19.64332,7717,301,3,88,1.0316811471729e+19,STAR,8.877727e-05,9163,58043,693
1.2376788799628908e+18,36.57211389079,-2.63910863173022,22.06465,22.05946,21.76873,21.55767,21.07852,7778,301,2,561,1.0492444985248731e+19,QSO,1.102316,9319,58043,668
1.237663479261889e+18,340.430741723633,0.198444438231385,20.51487,20.20351,19.95679,20.01874,19.92678,4192,301,4,225,1.0302179720742328e+19,QSO,0.9888262,9150,58043,711
1.2376637831198804e+18,351.38660013711,-0.739873509913798,20.58048,20.44359,20.18147,20.20352,20.18426,4263,301,2,58,1.0307646217677724e+19,QSO,1.154936,9155,58043,118
1.237679998234068e+18,340.437886685645,-1.79996080446787,23.95503,24.44694,22.53944,21.33697,19.98894,8038,301,5,89,1.0302074717381876e+19,GALAXY,0.8175306,9150,58043,329
1.237678617938888e+18,323.912690074982,1.20588435651937,26.7856,22.80841,22.25649,20.91692,19.92155,7717,301,2,88,1.031670701812432e+19,GALAXY,0.7701967,9163,58043,313
1.237679322862781e+18,38.2457297076747,-4.47977496436862,23.02545,22.42909,21.63512,20.88041,20.62373,7881,301,3,277,1.0492288579719682e+19,GALAXY,0.7035329,9319,58043,99
1.237663458853389e+18,324.37006497211,0.944689356681435,24.01639,22.91194,21.92953,20.66899,19.94918,4187,301,6,112,1.0316682279112692e+19,GALAXY,0.7259385,9163,58043,223
1.237656906346726e+18,340.868778734605,-0.845750200275813,25.29871,22.80663,22.19319,22.0641,22.09744,2662,301,1,155,1.0302049153736528e+19,QSO,2.997177,9150,58043,236
1.237678617938954e+18,324.036828125166,1.05420988258045,24.80675,24.05857,22.50991,21.01179,19.78243,7717,301,2,89,1.0316705368856875e+19,GALAXY,0.690564,9163,58043,307
1.2376571909006953e+18,349.647620848602,-0.171161277210062,24.54122,24.75902,23.35447,20.6632,18.81916,2728,301,3,344,1.0307758092985848e+19,STAR,2.244912e-05,9155,58043,525
1.2376786179395425e+18,325.298202665855,1.1375571600152,19.62751,19.27454,18.70303,18.63308,18.67644,7717,301,2,98,1.0316640772548743e+19,QSO,1.326102,9163,58043,72
1.2376786179391496e+18,324.519376011228,1.18815246111974,21.81566,21.46446,21.3786,21.42118,21.16619,7717,301,2,92,1.0316672108630137e+19,STAR,-0.0002371779,9163,58043,186
1.2376634792622172e+18,341.103685365167,0.0320500824956508,26.67826,24.5334,22.01525,20.73459,19.87836,4192,301,4,230,1.0302223151451623e+19,GALAXY,0.652125,9150,58043,869
1.2376634787247567e+18,339.773912446339,-0.379776613349852,24.87718,23.058,22.22028,21.1415,19.95624,4192,301,3,221,1.030214178759117e+19,QSO,1.018138,9150,58043,573
1.237663479261955e+18,340.566864132236,0.0903273874351441,22.32915,22.98938,21.85756,20.59529,19.70114,4192,301,4,226,1.0302192365126e+19,GALAXY,0.769887,9150,58043,757
1.2376793228624532e+18,37.5297156161865,-4.43255673646158,24.91814,22.16315,21.45009,20.82489,20.60129,7881,301,3,272,1.04923328350627e+19,GALAXY,0.6649171,9319,58043,260
1.2376634787255424e+18,341.548848965483,-0.247672884696118,21.32734,21.04142,20.79715,20.54294,20.62663,4192,301,3,233,1.0302243217538832e+19,QSO,1.532022,9150,58043,942
1.2376788879886912e+18,36.4133731234968,-3.36206131377295,25.98651,23.26208,23.40236,22.32248,21.84703,7780,301,1,145,1.0492433715254548e+19,GALAXY,0.9480103,9319,58043,627
1.2376785964645747e+18,325.114669203969,1.36105400586921,21.34739,20.91992,20.86308,20.58972,20.7486,7712,301,2,96,1.0316647369618512e+19,QSO,1.696445,9163,58043,96
1.2376786174021478e+18,324.159806876592,0.834817463215158,23.32608,21.86419,21.27422,20.96897,20.5379,7717,301,1,90,1.0316702894955717e+19,QSO,2.329271,9163,58043,298
1.237678597538317e+18,324.995322428533,2.27970621364251,21.71974,21.48303,21.01538,21.03214,21.6456,7712,301,4,96,1.0316869745845228e+19,GALAXY,0.249212,9163,58043,905
1.2376785975380552e+18,324.491307934723,2.16074931424816,22.06184,20.81943,19.75732,19.28303,19.14013,7712,301,4,92,1.0316839509275464e+19,GALAXY,0.1819497,9163,58043,795
1.2376792552101647e+18,38.6079493776862,-3.52661016933168,24.63586,22.98591,22.8729,21.55898,21.56234,7865,301,5,172,1.049252167618477e+19,GALAXY,0.7682124,9319,58043,947
1.2376792552098373e+18,37.8617690187496,-3.56867760199361,22.39387,22.47739,21.82834,21.19378,21.66825,7865,301,5,167,1.049250545838826e+19,GALAXY,0.8895003,9319,58043,888
1.2376786179389532e+18,324.013205832566,1.19184405329446,22.3999,22.30476,21.8111,21.46958,21.36375,7717,301,2,89,1.0316705093979e+19,GALAXY,0.720858,9163,58043,306
1.23766347872528e+18,341.002488688327,-0.331753081609306,21.5318,20.66298,20.3982,20.22842,19.99458,4192,301,3,229,1.0302219852916742e+19,QSO,2.193009,9150,58043,857
1.2376792552093783e+18,36.7290840044283,-3.58432206308924,25.95969,22.65095,21.75093,20.88427,20.6146,7865,301,5,160,1.0492457629632453e+19,GALAXY,0.7619871,9319,58043,714
1.2376785980747945e+18,324.062689934311,2.72727317134375,21.40476,21.12878,21.12048,20.81689,20.97213,7712,301,5,90,1.0316814495385932e+19,QSO,1.708997,9163,58043,704
1.2376785964641815e+18,324.1328358096,1.33013980243235,20.26866,20.10304,19.94849,19.76422,19.66154,7712,301,2,90,1.0316696572763857e+19,QSO,1.510097,9163,58043,275
1.237679255209509e+18,37.0704192841322,-3.54199016105982,22.54655,22.22466,21.70891,21.3331,20.86966,7865,301,5,162,1.0492460378411522e+19,GALAXY,0.9051946,9319,58043,724
1.2376637831196183e+18,350.74424737187,-0.632132861699992,21.96251,21.9449,21.43921,21.23038,21.12172,4263,301,2,54,1.030782818685212e+19,QSO,1.140433,9155,58043,780
1.2376785980751224e+18,324.826994534234,2.64367563525695,22.2074,22.59039,22.10266,22.05024,21.31364,7712,301,5,95,1.0316859300484764e+19,QSO,0.9122155,9163,58043,867
1.237678597538054e+18,324.485349544768,2.18151025543871,18.52436,17.55066,17.13126,16.98332,16.92586,7712,301,4,92,1.031683923439756e+19,STAR,-0.0002593251,9163,58043,794
1.2376788799631532e+18,37.2587037021588,-2.58818340056957,22.81015,22.83892,22.433,21.81157,21.4021,7778,301,2,565,1.0492416123068504e+19,GALAXY,0.8928461,9319,58043,563
1.2376637831199465e+18,351.508479992897,-0.828238841813274,25.36088,22.73931,21.3451,20.3404,19.4337,4263,301,2,59,1.0307634397927723e+19,GALAXY,0.6377665,9155,58043,75
1.237679998238524e+18,350.625895083708,-1.8035056138827,22.76291,23.52315,21.52765,20.43867,19.78194,8038,301,5,157,1.030768167692772e+19,GALAXY,0.5767053,9155,58043,247
1.2376792552092475e+18,36.4878797916529,-3.60473138564298,23.47434,22.84417,22.26344,21.55726,20.83414,7865,301,5,158,1.049243261574292e+19,QSO,0.6855502,9319,58043,623
1.2376637831194222e+18,350.386357297354,-0.750608110352529,23.0722,21.17981,20.52685,20.40714,20.02031,4263,301,2,51,1.0307794376869566e+19,QSO,2.646363,9155,58043,657
1.2376571909010885e+18,350.514330245056,-0.199615395906401,23.32267,21.84151,21.69245,21.68511,21.08862,2728,301,3,350,1.0307801798573052e+19,STAR,8.669104e-05,9155,58043,684
1.2376634792622822e+18,341.257949308325,0.0464857337606891,23.04436,21.56871,21.08251,20.82855,20.52234,4192,301,4,231,1.030223524607953e+19,STAR,-0.0002388975,9150,58043,913
1.23766347872528e+18,340.948697197415,-0.332341052960393,22.50598,22.4546,22.19961,21.97944,22.57174,4192,301,3,229,1.0302206658777209e+19,QSO,1.785721,9150,58043,809
1.237678617401952e+18,323.769762835315,0.699462713630309,23.25766,22.20472,21.84525,20.6972,19.95426,7717,301,1,87,1.0316723510798735e+19,GALAXY,0.853505,9163,58043,373
1.23767932286206e+18,36.6470284238828,-4.54145558009073,22.50594,21.88988,21.1492,20.54006,19.95382,7881,301,3,266,1.0492373791870837e+19,GALAXY,0.4365892,9319,58043,409
1.2376634792619548e+18,340.636415762845,0.206781731649505,22.48322,22.24365,21.65047,21.56478,20.87878,4192,301,4,226,1.030219209024814e+19,QSO,0.9137844,9150,58043,756
1.2376793228624532e+18,37.5731331164925,-4.60148926238203,22.36342,22.75465,22.24936,21.46029,22.63921,7881,301,3,272,1.0492318266533632e+19,GALAXY,0.7122424,9319,58043,207
1.2376792541360955e+18,37.8271304458008,-4.29931980247714,22.98363,23.79601,22.26351,21.77957,22.04458,7865,301,3,167,1.0492301498981308e+19,GALAXY,0.8803521,9319,58043,146
1.2376634792620856e+18,340.915268932636,0.0125483060511657,21.65278,21.16391,20.94569,20.84503,20.41455,4192,301,4,228,1.0302199786829535e+19,QSO,2.166481,9150,58043,784
1.2376799982336092e+18,339.483922059533,-1.64639569695145,23.96083,22.96254,21.76707,20.69744,20.00106,8038,301,5,82,1.0302108802242337e+19,GALAXY,0.7746814,9150,58043,453
1.2376793228625183e+18,37.6863864449174,-4.50684158095402,22.14,22.07866,21.31601,20.57645,20.48865,7881,301,3,273,1.0492321839946422e+19,GALAXY,0.7128178,9319,58043,220
1.2376569063463987e+18,340.199011081698,-1.03273202247444,24.74791,23.38172,21.89289,20.56961,19.858,2662,301,1,150,1.0302091210056292e+19,GALAXY,0.7208268,9150,58043,389
1.23767925521023e+18,38.7442256601415,-3.46639765359574,23.12786,22.74812,22.13486,21.56924,21.16407,7865,301,5,173,1.0492523325452212e+19,GALAXY,0.7496575,9319,58043,953
1.2376637831200773e+18,351.787305555334,-0.631284608644397,21.90829,21.97066,21.92879,21.4262,21.67976,4263,301,2,61,1.0307882887555602e+19,QSO,1.812636,9155,58043,979
1.237679255209575e+18,37.2380272488564,-3.60086211327222,22.67181,22.01034,21.64084,21.0292,20.80676,7865,301,5,163,1.049247852035338e+19,GALAXY,0.8442491,9319,58043,790
1.2376785980748595e+18,324.2591457266,2.627141472718,18.73691,17.71581,17.35007,17.1951,17.12573,7712,301,5,91,1.031682659001384e+19,STAR,3.825104e-05,9163,58043,748
1.2376786184895206e+18,355.307496911584,2.13054085268818,24.2332,22.12302,21.45438,21.33943,21.31906,7717,301,3,298,1.033260293262176e+19,GALAXY,1.214464,9177,58044,798
1.237663463146e+18,355.012642819829,1.07693057347549,22.79812,22.52144,21.71057,21.48061,21.03264,4188,301,6,76,1.0332469616836893e+19,QSO,1.217175,9177,58044,313
1.237680327341967e+18,348.223600871975,30.5589350320658,23.72951,23.56975,22.35725,21.22124,19.97224,8115,301,2,181,8.748417508351172e+18,GALAXY,0.8296372,7770,58044,637
1.2376794334503905e+18,12.9363365482809,-3.69498598660543,22.9901,22.69906,22.09585,21.50255,20.58689,7907,301,1,158,1.0513867045187375e+19,GALAXY,0.931671,9338,58044,777
1.2376634626088635e+18,354.37879938768,0.658864601276388,22.20613,21.47264,20.9359,20.8716,20.19895,4188,301,5,72,1.033250672535433e+19,GALAXY,0.1408435,9177,58044,448
1.2376786184896512e+18,355.536071397592,2.15208682527189,19.91886,19.73633,19.51033,19.22589,19.17394,7717,301,3,300,1.0332613927738e+19,QSO,1.575984,9177,58044,838
1.2376785964778127e+18,355.299786903684,1.92066042020094,21.99962,22.40388,21.90638,21.94586,21.82632,7712,301,2,298,1.0332596060674089e+19,QSO,1.085704,9177,58044,773
1.2376803273419668e+18,348.259758299028,30.6371291156353,25.63603,22.18945,21.45761,21.36393,20.83637,8115,301,2,181,8.748415859083728e+18,STAR,-0.0007451861,7770,58044,631
1.2376794334499315e+18,11.9662296570375,-3.67933162835155,22.83581,23.27967,21.80661,21.45508,21.15517,7907,301,1,151,1.0513819216431569e+19,GALAXY,0.0,9338,58044,603
1.2376794334503247e+18,12.8310129481533,-3.56399476639264,23.73895,22.11839,21.60076,20.95722,20.7304,7907,301,1,157,1.0513856324949e+19,GALAXY,0.9642634,9338,58044,738
1.2376794339873265e+18,13.0607159216568,-3.20353927064664,23.63581,22.41118,21.69165,21.37523,22.948,7907,301,2,159,1.0513873092501328e+19,GALAXY,1.019857,9338,58044,799
1.2376794345238694e+18,12.3173726348092,-2.78539306835809,23.34342,22.43078,22.17708,21.77524,21.54782,7907,301,3,154,1.0513824164233892e+19,GALAXY,1.161401,9338,58044,621
1.237656909037372e+18,355.317310344902,1.08367563890551,23.95152,23.81099,22.55265,22.94361,22.45769,2662,301,6,251,1.0332456972453171e+19,QSO,1.349918,9177,58044,267
1.2376803278788375e+18,348.163649913644,31.0888726364919,24.70254,24.66041,21.81008,20.67804,19.78566,8115,301,3,181,8.748414759572101e+18,GALAXY,0.6828046,7770,58044,627
1.237656909037831e+18,356.30796686374,1.05309099140011,23.58412,21.32781,21.08185,21.03352,21.31747,2662,301,6,258,1.0332393200778762e+19,QSO,3.118125,9177,58044,35
1.237679434523739e+18,12.094407936862,-2.70245663303134,23.65607,22.82023,22.09236,21.41813,20.83893,7907,301,3,152,1.0513813993751337e+19,GALAXY,0.74251,9338,58044,584
1.2376792551996134e+18,14.4196085838336,-4.20805734794523,22.50042,22.109,21.31636,20.85601,21.29357,7865,301,5,11,1.0513654289687402e+19,GALAXY,0.8801693,9338,58044,3
1.2376794334502587e+18,12.5983332768308,-3.65300305131608,22.8426,22.25071,21.85383,21.18218,20.57391,7907,301,1,156,1.0513832960326916e+19,QSO,0.6601806,9338,58044,653
1.237680327342098e+18,348.577388286117,30.5835480305867,26.12649,24.4421,22.59461,20.90797,19.94414,8115,301,2,183,8.748435100537214e+18,GALAXY,0.7937121,7770,58044,701
1.237678617415713e+18,355.116002284472,1.29426362993867,22.22948,22.23781,21.72729,21.6903,21.36674,7717,301,1,297,1.0332470991226427e+19,QSO,1.221857,9177,58044,318
1.2376803273426217e+18,349.875319995026,30.9495701996357,22.41324,21.18813,20.39528,19.82888,19.6772,8115,301,2,191,8.748492000263952e+18,QSO,4.52965,7770,58044,908
1.237663462608798e+18,354.227837665513,0.768312180481091,21.10172,20.76809,20.41996,20.33622,20.15458,4188,301,5,71,1.0332511948034562e+19,QSO,1.010811,9177,58044,467
1.2376785964781404e+18,356.130848953138,1.96611468726687,18.61111,17.72275,17.42807,17.32525,17.30806,7712,301,2,303,1.0332639216505475e+19,STAR,-0.000401905,9177,58044,930
1.2376794334502584e+18,12.6125274236441,-3.70464131427204,19.27993,19.13455,18.96393,18.9979,18.94599,7907,301,1,156,1.0513845604710636e+19,QSO,0.9368958,9338,58044,699
1.2376794339877197e+18,13.9624701106909,-3.27783544858972,22.85839,22.09746,21.50583,20.89058,20.43799,7907,301,2,165,1.051390910150714e+19,GALAXY,0.9758971,9338,58044,930
1.237679433450587e+18,13.4374986198699,-3.60643096305293,23.49058,23.33836,21.8513,21.10387,21.40429,7907,301,1,161,1.051388848566412e+19,GALAXY,0.8545436,9338,58044,855
1.2376794334507832e+18,13.81725644814,-3.6503664152699,23.18846,22.98734,22.30411,21.6073,21.48893,7907,301,1,164,1.0513909651263e+19,GALAXY,0.9315285,9338,58044,932
1.2376786174153196e+18,354.321092522914,1.21887897076549,24.63466,21.62017,21.52542,20.62241,21.35367,7717,301,1,291,1.0332514696813631e+19,STAR,-0.0002239347,9177,58044,477
1.2376805297426924e+18,349.715545401772,28.9584112943784,25.253,24.23628,22.57835,21.5363,19.46729,8162,301,3,187,8.748272922572118e+18,STAR,-5.562326e-05,7770,58044,111
1.2376634626087982e+18,354.149072432256,0.641839218275186,23.27384,22.89132,21.52078,20.36515,19.68492,4188,301,5,71,1.0332509749011306e+19,GALAXY,0.6627697,9177,58044,459
1.2376794334507182e+18,13.6783217736915,-3.69891894199689,23.84511,23.33004,22.52944,21.75977,21.31288,7907,301,1,163,1.0513898381268769e+19,GALAXY,0.8964079,9338,58044,891
1.2376785964782065e+18,356.284840536925,1.84257750591935,22.31287,21.88437,21.66495,21.59542,22.07701,7712,301,2,304,1.033264966186594e+19,QSO,4.480655,9177,58044,968
1.2376790791315791e+18,12.8940133365242,-4.16770851573327,22.88765,21.67577,21.82951,21.17132,21.87876,7824,301,5,402,1.0513727407210648e+19,GALAXY,1.074813,9338,58044,269
1.237680529742234e+18,348.604326669703,28.7964180164432,21.5894,21.35123,21.30849,21.03385,20.98121,8162,301,3,180,8.748332571077925e+18,QSO,1.911665,7770,58044,328
1.2376786184893893e+18,355.000388562529,2.04567249304652,20.43629,20.26619,20.04957,19.9266,19.88053,7717,301,3,296,1.0332572696052e+19,QSO,1.392406,9177,58044,688
1.2376664084400704e+18,354.662958736902,0.302143224963014,21.32607,21.29364,20.94462,20.95998,21.08178,4874,301,4,385,1.0332494355848516e+19,QSO,1.359667,9177,58044,403
1.2376803273425556e+18,349.75852038331,30.8653991967426,21.62809,21.36662,21.16348,20.97299,20.69924,8115,301,2,190,8.748492550019766e+18,QSO,1.630257,7770,58044,910
1.2376786184892582e+18,354.693727852404,2.21029485703923,22.38449,22.06467,21.99723,21.49527,21.26889,7717,301,3,294,1.0332557852645e+19,QSO,1.793228,9177,58044,634
1.23767943345039e+18,13.0053749438278,-3.6698264532842,23.10214,22.51864,22.75517,21.66558,20.75903,7907,301,1,158,1.0513875566402492e+19,GALAXY,0.9091054,9338,58044,808
1.2376634626087982e+18,354.172762238058,0.635143030656644,22.36302,25.11466,23.64958,21.56833,19.5086,4188,301,5,71,1.0332509199255493e+19,GALAXY,1.042778,9177,58044,457
1.2376794339875886e+18,13.6945018100562,-3.16132951727647,22.92943,22.66485,22.01466,21.33856,21.49774,7907,301,2,163,1.051390635272807e+19,GALAXY,0.7813005,9338,58044,920
1.2376792551996134e+18,14.4008689615491,-4.17282705613814,22.93064,22.28835,22.18694,21.34157,20.95292,7865,301,5,11,1.0513654014809496e+19,GALAXY,0.868854,9338,58044,2
1.2376786174157135e+18,355.178600816421,1.22058081831327,22.82014,21.88338,20.83717,20.65679,20.16571,7717,301,1,297,1.0332460545866e+19,GALAXY,0.3567697,9177,58044,280
1.2376794334503245e+18,12.7705728632518,-3.53128349644699,23.19389,22.57477,21.97452,20.9181,20.62997,7907,301,1,157,1.0513853301292e+19,GALAXY,0.7103335,9338,58044,727
1.237680309614871e+18,350.154057860787,30.5193179485704,22.41918,22.30455,21.88045,21.75975,22.20144,8111,301,1,23,8.748506843670928e+18,QSO,1.021466,7770,58044,962
1.2376805297422996e+18,348.786459104506,28.9387328200954,23.12137,21.28718,20.65256,20.37842,19.97094,8162,301,3,181,8.748321575961646e+18,STAR,-0.0004946977,7770,58044,288
1.237679433450718e+18,13.7495110981792,-3.70570822973035,23.20403,22.94597,22.09162,21.77692,21.97189,7907,301,1,163,1.0513910475896674e+19,GALAXY,0.8982557,9338,58044,935
1.2376794334502587e+18,12.6579660320965,-3.65795688576854,24.59768,22.68698,22.06961,22.00803,21.42264,7907,301,1,156,1.0513844505199e+19,GALAXY,0.8452833,9338,58044,695
1.2376805313531092e+18,349.028119025358,30.2113315978,24.70163,23.9483,21.68237,20.57982,19.90602,8162,301,6,184,8.748464787351165e+18,GALAXY,0.5717164,7770,58044,809
1.237666408440202e+18,354.872366554896,0.28845678191466,23.83756,23.63194,21.81523,20.53004,19.58034,4874,301,4,387,1.0332482810976424e+19,STAR,5.421687e-05,9177,58044,361
1.2376637831268283e+18,7.32008182180842,-0.725096171432277,24.25942,22.68723,22.92883,21.32475,21.28336,4263,301,2,164,1.0588127235910425e+19,GALAXY,0.7286826,9404,58045,598
1.237678598075778e+18,326.400783677414,2.68765541007665,22.18793,21.6235,21.71319,21.65761,21.55742,7712,301,5,105,1.0317951390442609e+19,STAR,0.000400138,9164,58045,744
1.23766347925586e+18,326.614791215584,0.195334167779456,26.54974,22.29626,21.84684,21.824,21.54239,4192,301,4,133,1.031780295637286e+19,QSO,4.884435,9164,58045,204
1.2376637825905464e+18,8.63712835287605,-1.12755828661999,24.58678,24.46593,22.82553,21.62336,22.53122,4263,301,1,173,1.058820859977088e+19,QSO,1.396341,9404,58045,894
1.237678881560528e+18,6.92392993478688,-1.86263520733584,22.89571,23.57789,22.13501,21.88633,21.21231,7778,301,5,363,1.0588096724462752e+19,GALAXY,0.6811675,9404,58045,487
1.2376785959279657e+18,325.620147025707,0.962626169754208,22.29366,21.67668,21.48,21.54706,22.46748,7712,301,1,100,1.0317863704390291e+19,GALAXY,0.09559149,9164,58045,425
1.23767859807545e+18,325.660781294385,2.70690664390228,21.61815,21.45084,21.13159,20.89824,21.13285,7712,301,5,100,1.0317907409977496e+19,QSO,1.193494,9164,58045,584
1.2376786190134812e+18,325.787926088243,2.13510904996602,21.16607,20.24475,19.73064,19.32269,19.2336,7717,301,4,101,1.031791345729145e+19,QSO,1.584457,9164,58045,606
1.2376785980755151e+18,325.788352802546,2.57935001323966,22.63746,22.06437,22.00526,21.8906,21.21479,7712,301,5,101,1.031791977948331e+19,QSO,2.042975,9164,58045,629
1.2376637825903496e+18,8.1277648148887,-1.05994921501391,23.18517,22.91646,22.2078,21.35195,20.55765,4263,301,1,170,1.058817533954414e+19,GALAXY,0.8882542,9404,58045,773
1.237678597538383e+18,325.151402585171,2.22806402328378,25.4358,23.51759,22.86939,20.66332,19.27509,7712,301,4,97,1.031788459511122e+19,STAR,-0.0001574765,9164,58045,501
1.2376788810239844e+18,7.62037687259861,-2.28047713750385,21.08767,22.75562,20.74794,27.18834,24.82069,7778,301,4,368,1.0588054393265084e+19,GALAXY,0.7439822,9404,58045,333
1.237678618476938e+18,326.47483051239,1.71451591858322,24.55677,24.6879,22.33577,20.9903,19.93244,7717,301,3,106,1.0317948916541446e+19,GALAXY,0.8546647,9164,58045,735
1.2376785980757115e+18,326.305856921034,2.66700731100897,19.98124,18.2943,18.0749,18.74955,17.14323,7712,301,5,104,1.031794039532633e+19,STAR,-9.908578e-05,9164,58045,704
1.237678596465755e+18,327.743038023268,1.47758343986461,23.09164,22.22212,22.167,21.94154,21.88937,7712,301,2,114,1.0317756776884492e+19,QSO,2.745981,9164,58045,36
1.237678597538449e+18,325.323054450679,2.3365724778384,26.62829,23.79118,22.51077,21.2401,19.97439,7712,301,4,98,1.0317900538029824e+19,GALAXY,0.5328962,9164,58045,559
1.23767861901394e+18,326.868754891926,2.08673112714808,20.50524,20.40612,20.15168,20.10262,20.20348,7717,301,4,108,1.0317978878233303e+19,QSO,1.377763,9164,58045,844
1.237678618477e+18,326.685899133026,1.58604411801494,24.5038,22.74532,21.49451,20.284,19.52192,7717,301,3,107,1.0317972006285627e+19,STAR,-7.848802e-05,9164,58045,819
1.2376786174028685e+18,325.893785801099,0.711033341809212,21.88587,21.811,21.5933,21.72217,21.23778,7717,301,1,101,1.0317847486593784e+19,QSO,1.345634,9164,58045,366
1.2376785964656888e+18,327.646994993077,1.37370003663827,24.58206,23.29251,21.8219,20.63581,19.89141,7712,301,2,113,1.0317766947367e+19,STAR,3.032744e-05,9164,58045,73
1.237678617403328e+18,326.940220644817,0.721064802485852,23.58,24.58974,21.86559,20.7861,19.76007,7717,301,1,108,1.031777849223914e+19,GALAXY,0.8205345,9164,58045,115
1.2376785975385787e+18,325.701127842983,2.1801718282036,26.40409,22.89466,21.95409,20.67513,19.12831,7712,301,4,100,1.0317912082901916e+19,STAR,-5.181538e-05,9164,58045,601
1.237678618477266e+18,327.344480542203,1.76015882305914,25.356,22.37437,21.87085,21.94735,21.87646,7717,301,3,111,1.0318004716756556e+19,QSO,2.99304,9164,58045,938
1.2376785980759089e+18,326.703955640864,2.74429858486803,22.07924,21.73695,21.66167,21.30228,20.52828,7712,301,5,107,1.031797283091935e+19,QSO,1.16957,9164,58045,822
1.237663783127352e+18,8.47486039040536,-0.828218704193999,23.24648,22.26088,21.75206,20.72809,20.39907,4263,301,2,172,1.0588204476602276e+19,GALAXY,0.8004893,9404,58045,879
1.2376786179398715e+18,326.149204083196,1.15613619917296,26.75752,24.45655,21.51336,20.29082,19.58034,7717,301,2,103,1.031784336342518e+19,GALAXY,0.6405165,9164,58045,351
1.2376786179395438e+18,325.409877486715,1.2290488795792,25.25332,23.932,22.02895,20.61303,19.62186,7717,301,2,98,1.0317876348774e+19,GALAXY,0.882912,9164,58045,471
1.2376785980761705e+18,327.264383829947,2.71701411574571,19.21515,18.20545,17.8681,17.7408,17.67252,7712,301,5,111,1.0317994821151904e+19,STAR,-0.0007201091,9164,58045,902
1.2376785964646405e+18,325.245869938043,1.30560644320909,19.94631,19.88399,19.77982,19.76478,19.86666,7712,301,2,97,1.031787744828564e+19,QSO,1.353425,9164,58045,475
1.2376637825906117e+18,8.80518779588429,-1.24729585809903,23.55416,22.45807,21.89606,21.43402,21.67369,4263,301,1,174,1.0588217945619716e+19,GALAXY,0.9885793,9404,58045,928
1.2376637825900877e+18,7.49249603114338,-1.22409657394769,23.81879,23.05846,22.47901,22.02016,21.84715,4263,301,1,166,1.0588132458590657e+19,GALAXY,0.7007921,9404,58045,617
1.2376788810239846e+18,7.65853580648786,-2.15927948062134,23.20207,23.76075,23.19597,21.89464,22.08176,7778,301,4,368,1.058805741692206e+19,GALAXY,0.9040493,9404,58045,344
1.2376786184771343e+18,327.007490741131,1.65866623830174,21.09286,21.04448,20.68461,20.78607,20.44163,7717,301,3,109,1.0317992897006555e+19,QSO,0.99762,9164,58045,895
1.237678597539038e+18,326.68116555106,2.21954405193798,22.56817,21.82708,21.91277,21.88699,21.24607,7712,301,4,107,1.0317967333361211e+19,QSO,2.31029,9164,58045,802
1.2376785980754496e+18,325.690882520406,2.72618229028885,18.98342,17.95575,17.58178,17.44495,17.44171,7712,301,5,100,1.0317906860221684e+19,STAR,-0.0004663914,9164,58045,582
1.2376785980762355e+18,327.428145607474,2.612726026828,17.5311,16.52293,16.17419,16.03068,15.98111,7712,301,5,112,1.031800801529144e+19,STAR,-0.0002232865,9164,58045,950
1.237678619013743e+18,326.321161451707,2.1425563458989,21.13421,20.8303,20.70939,20.75696,20.30217,7717,301,4,105,1.0317945343128656e+19,QSO,0.7376223,9164,58045,722
1.2376785964656238e+18,327.445756374346,1.46473355778506,22.33292,21.82874,21.76876,22.25147,22.56677,7712,301,2,112,1.0317772994681e+19,STAR,0.0003801477,9164,58045,95
1.2376786179398057e+18,326.00846408468,1.26507316967348,25.52955,22.87627,21.34976,20.11641,19.39617,7717,301,2,102,1.031784501269262e+19,GALAXY,0.8185779,9164,58045,357
1.237663479255663e+18,326.130759772972,0.139097465631781,23.8602,22.39911,22.02092,21.79905,22.00725,4192,301,4,130,1.0317835666843783e+19,GALAXY,0.9350556,9164,58045,323
1.2376637825903498e+18,8.10107824832315,-1.1726003916291,23.45144,22.48441,22.09065,21.0088,20.59789,4263,301,1,170,1.058817616417786e+19,GALAXY,0.7449145,9404,58045,776
1.237678598075974e+18,326.879345818381,2.60440381252827,22.03013,22.12166,21.4298,21.35979,20.92703,7712,301,5,108,1.0317973380675164e+19,QSO,1.308604,9164,58045,824
1.237678618476282e+18,325.025599646134,1.68876095060938,19.03123,18.13781,17.88409,17.81497,17.75051,7717,301,3,96,1.0317887618768196e+19,STAR,-0.0004861016,9164,58045,512
1.2376804744453169e+18,348.995157700945,31.844056572858,21.91498,21.8049,21.09998,20.69321,20.76464,8149,301,4,192,8.742769866925431e+18,QSO,1.605262,7765,58047,571
1.2376792552085258e+18,34.7900477181474,-3.57633416352945,22.52725,23.08279,22.76066,23.02292,22.02871,7865,301,5,147,1.0497004660036227e+19,GALAXY,0.9832478,9323,58047,872
1.2376793228612736e+18,34.8684750933174,-4.57219362987255,22.98437,22.55386,22.48455,21.90215,22.4551,7881,301,3,254,1.0496813619890903e+19,GALAXY,0.8876557,9323,58047,177
1.237679255207675e+18,32.8352128086525,-3.63974633517453,24.41456,22.75345,24.20717,22.42524,21.40038,7865,301,5,134,1.049691202618159e+19,GALAXY,1.034406,9323,58047,535
1.237680474446234e+18,351.514028621361,32.1736978363843,21.09501,20.72106,20.61588,20.35271,19.96974,8149,301,4,206,8.742884491012627e+18,QSO,1.725852,7765,58047,988
1.237678887987774e+18,34.3310431938701,-3.29369959857569,22.90015,22.29268,22.06311,21.58432,20.73833,7780,301,1,131,1.0496979646146695e+19,GALAXY,0.4141151,9323,58047,781
1.237678887988036e+18,34.9694529675095,-3.35596728846654,23.17063,22.98202,22.23838,21.78794,22.00423,7780,301,1,135,1.0497000811745532e+19,GALAXY,0.706371,9323,58047,858
1.2376793244719516e+18,34.8971000310021,-3.47286026963346,24.06676,22.7442,22.73168,21.71577,21.22738,7881,301,6,255,1.0497009607838554e+19,GALAXY,0.7922363,9323,58047,890
1.2376792552085263e+18,34.8644001204613,-3.50726929739958,21.60578,22.44639,21.78384,21.39721,20.69323,7865,301,5,147,1.04970074088153e+19,GALAXY,0.7916719,9323,58047,882
1.237679322861208e+18,34.7759190548497,-4.74936465412653,23.60051,22.89945,22.43456,22.34243,21.16999,7881,301,3,253,1.0496810046478113e+19,GALAXY,0.8501905,9323,58047,164
1.2376804744462336e+18,351.488600779263,32.0141545704679,22.85037,22.40556,22.74877,21.7458,19.28479,8149,301,4,206,8.742886690035882e+18,STAR,-0.0001006775,7765,58047,996
1.237679255208592e+18,35.0190636034278,-3.70100048903666,23.5258,23.89886,21.45044,21.11762,21.38567,7865,301,5,148,1.0497009332960647e+19,GALAXY,0.8433206,9323,58047,889
1.2376793228610767e+18,34.4803919088734,-4.76412137315209,22.67161,22.69214,21.86686,21.4682,22.40378,7881,301,3,251,1.0496833960856e+19,GALAXY,0.6995536,9323,58047,251
1.237679322861208e+18,34.6947422836414,-4.71179984489061,22.18574,22.63834,21.94279,21.3646,21.14485,7881,301,3,253,1.0496822690861832e+19,GALAXY,0.7451013,9323,58047,210
1.2376792552083302e+18,34.3868778421012,-3.61304034020834,24.85023,23.23907,22.62404,21.96241,21.23141,7865,301,5,144,1.0496982394925769e+19,GALAXY,1.137236,9323,58047,791
1.2376793228612736e+18,34.9072325283527,-4.73176687054718,23.10192,22.39983,21.90106,21.29966,20.77234,7881,301,3,254,1.049680125038509e+19,GALAXY,0.8270719,9323,58047,132
1.2376792552085263e+18,34.8519868321522,-3.54635505782319,27.13375,21.4061,20.89223,20.91728,20.14501,7865,301,5,147,1.0497004110280415e+19,GALAXY,0.2054766,9323,58047,870
1.2376805071858575e+18,349.869045725601,32.8837353453817,25.00563,23.29195,21.79628,20.47912,19.64362,8157,301,1,61,8.742807250320774e+18,STAR,-0.0001080759,7765,58047,707
1.2376792552081992e+18,34.0740069826731,-3.66904340035851,23.18003,22.47812,23.07899,21.96325,20.8209,7865,301,5,142,1.0496960404693211e+19,GALAXY,1.449731,9323,58047,711
1.2376793228608804e+18,33.9714460724262,-4.61074596273278,25.00584,22.39335,21.68036,21.04875,20.51893,7881,301,3,248,1.0496868045716476e+19,GALAXY,0.7504268,9323,58047,375
1.237680507185661e+18,349.363992323606,32.8571784585802,22.20197,21.97418,21.46612,21.93212,21.63013,8157,301,1,58,8.742784985210312e+18,STAR,-0.0009608658,7765,58047,626
1.2376793228608804e+18,33.9266759627508,-4.70880894697211,25.1758,22.52545,21.82394,21.31926,22.10578,7881,301,3,248,1.049686777083857e+19,GALAXY,0.7139218,9323,58047,374
1.237680507185529e+18,348.933579602409,32.8475034878244,22.64615,22.49826,20.22257,20.04609,19.41956,8157,301,1,56,8.74277453984985e+18,STAR,-0.0006053374,7765,58047,588
1.2376804744457098e+18,349.990573785729,31.9937162053096,22.06586,20.52057,20.01528,19.86966,19.85381,8149,301,4,198,8.742825942018448e+18,STAR,-0.000295708,7765,58047,775
1.23767932286088e+18,33.9113301356372,-4.68572769471689,23.09756,21.83386,21.37352,20.72006,20.08821,7881,301,3,248,1.0496868320594385e+19,GALAXY,0.7447008,9323,58047,376
1.2376803289534963e+18,350.419219027193,32.2496605714121,23.27486,21.44262,21.0739,20.89302,20.68933,8115,301,5,195,8.742844358838213e+18,STAR,-0.0005200246,7765,58047,842
1.237679255208854e+18,35.6433133691422,-3.5858798816935,25.55103,22.06384,21.31186,20.64158,20.17401,7865,301,5,152,1.0497038195140876e+19,QSO,1.036778,9323,58047,994
1.237679254671328e+18,34.1605451015296,-4.01739918025844,23.35934,22.62471,22.80797,22.40327,21.61049,7865,301,4,142,1.0496852377675782e+19,GALAXY,1.147493,9323,58047,318
1.2376792552078712e+18,33.3882757785359,-3.67322849412634,22.09596,22.24555,21.92149,21.47294,22.1231,7865,301,5,137,1.0496928518856e+19,QSO,1.009998,9323,58047,595
1.237679255208461e+18,34.6797048041796,-3.68404564743632,24.7168,23.25701,22.08543,22.16354,21.89598,7865,301,5,146,1.0496994489553672e+19,GALAXY,0.7866732,9323,58047,835
1.2376792552085263e+18,34.8533905343655,-3.57424965018831,23.07037,23.01727,22.40503,21.63397,21.88464,7865,301,5,147,1.0497004934914136e+19,GALAXY,0.7445557,9323,58047,873
1.237679255208526e+18,34.766393773086,-3.63391930442167,23.52527,22.59064,21.86706,21.85724,20.94644,7865,301,5,147,1.0497003285646694e+19,GALAXY,0.2039909,9323,58047,867
1.237680507185988e+18,350.116149743644,32.9522739612547,20.83356,20.70545,20.59128,20.51369,20.10658,8157,301,1,63,8.742828965675424e+18,QSO,2.045211,7765,58047,786
1.2376793228614702e+18,35.3248336589402,-4.60902526821156,23.8671,22.7658,22.27096,22.04592,21.4944,7881,301,3,257,1.0496780359664165e+19,GALAXY,0.8973641,9323,58047,56
1.2376637841995208e+18,4.84194831921072,0.102459503509209,23.38993,22.55406,22.06499,21.30017,21.36227,4263,301,4,148,1.0589245989042e+19,GALAXY,0.7822698,9405,58048,572
1.2376785964658862e+18,328.128707852176,1.40270070910449,27.19712,24.85959,23.37349,21.23725,19.43996,7712,301,2,116,1.0319042930661417e+19,STAR,2.541198e-05,9165,58048,619
1.2376637841998487e+18,5.60022655403139,0.128783349595588,21.69533,21.24315,20.73061,19.92044,19.47918,4263,301,4,153,1.0589290519262943e+19,GALAXY,0.7964304,9405,58048,734
1.2376785980764337e+18,327.93837217304,2.68406645655093,25.02266,23.31994,22.00178,20.52622,19.75092,7712,301,5,115,1.0319032485301e+19,STAR,-0.0001732829,9165,58048,581
1.2376785975395625e+18,327.946062439209,2.2608970649137,23.69225,21.01529,20.79181,20.71504,20.31437,7712,301,4,115,1.0319037707981185e+19,QSO,2.727194,9165,58048,600
1.237678618478117e+18,329.269574816059,1.63110034325006,19.28166,18.29607,17.92479,17.80782,17.75676,7717,301,3,124,1.0319120171353266e+19,STAR,-0.0005367408,9165,58048,900
1.237663783125648e+18,4.58886003315289,-0.830296404621495,22.45391,22.69549,23.21997,22.86199,22.45523,4263,301,2,146,1.0589214652960629e+19,GALAXY,1.214442,9405,58048,458
1.2376785975396275e+18,328.093533895075,2.32158057506212,20.59248,20.44299,20.45638,20.17366,19.83505,7712,301,4,116,1.031904705383e+19,QSO,1.989516,9165,58048,634
1.2376634792567772e+18,328.782897682003,0.200702376267735,21.93226,19.90794,18.52413,17.95903,17.64745,4192,301,4,147,1.0318930230719568e+19,GALAXY,0.2620562,9165,58048,209
1.237663784199521e+18,4.92620820367749,0.157931490633996,23.90239,22.77746,21.92966,21.12506,20.83644,4263,301,4,148,1.0589256159524575e+19,GALAXY,0.8422485,9405,58048,609
1.237678617408898e+18,339.650025065418,1.08735295051214,24.94921,24.34962,22.12268,20.58961,19.79261,7717,301,1,193,1.032457787219564e+19,GALAXY,0.7214963,9170,58048,275
1.2376634803349102e+18,338.732624161543,0.931899587622341,22.26207,22.52799,21.4439,20.23651,19.23667,4192,301,6,214,1.032461910388168e+19,GALAXY,0.8012646,9170,58048,425
1.237678617408832e+18,339.442233801719,1.09623005448276,21.68841,22.03551,21.33183,21.27795,21.51905,7717,301,1,192,1.0324587492922382e+19,QSO,1.4631,9170,58048,310
1.237663480330192e+18,327.938283379848,0.879356652652662,26.69379,23.27294,21.66582,20.53894,19.86976,4192,301,6,142,1.0318990703859096e+19,GALAXY,0.5770605,9165,58048,429
1.237678619015119e+18,329.467310519357,2.17132802308482,19.44598,19.32295,19.06496,19.08012,19.25153,7717,301,4,126,1.0319126493545124e+19,QSO,1.083467,9165,58048,923
1.2376634792614958e+18,339.506029725114,0.158022669787294,25.92829,23.6733,21.72764,20.69231,19.9704,4192,301,4,219,1.032457952146308e+19,GALAXY,0.7979634,9170,58048,281
1.2376634792565809e+18,328.322420293244,0.186218343357534,22.39445,20.59424,19.25086,18.68231,18.18548,4192,301,4,144,1.031897228703933e+19,GALAXY,0.2195757,9165,58048,362
1.237678596470736e+18,339.071021009965,1.76305559982739,24.23294,24.44314,23.98848,21.80555,19.39965,7712,301,2,190,1.0324680126777e+19,STAR,-7.289198e-06,9170,58048,647
1.237678619019117e+18,338.693669637729,2.32100752331969,21.34652,21.19046,21.14055,21.07939,20.80794,7717,301,4,187,1.0324666932637487e+19,QSO,2.090956,9170,58048,599
1.2376634803347136e+18,338.391014282847,0.961240909847643,22.89304,23.52517,21.60533,20.35691,19.63676,4192,301,6,211,1.032463724582354e+19,GALAXY,0.0,9170,58048,491
1.237663479256646e+18,328.441644878923,0.206083599893696,24.17092,20.87496,19.43654,18.87855,18.62984,4192,301,4,145,1.0318962666312587e+19,GALAXY,0.2230985,9165,58048,327
1.2376785975399547e+18,328.760264818704,2.37817314580115,19.03771,18.06603,17.70796,17.54041,17.48965,7712,301,4,121,1.0319078939667225e+19,STAR,-0.0002770668,9165,58048,750
1.2376786184772004e+18,327.164428962165,1.5566694348113,22.46819,22.16681,21.83834,21.41922,21.32069,7717,301,3,110,1.0319015717748627e+19,QSO,1.59894,9165,58048,520
1.2376785980770225e+18,329.173065927257,2.72894190906415,23.46399,20.19878,19.91203,19.87005,19.72152,7712,301,5,124,1.0319098730876525e+19,QSO,3.165196,9165,58048,822
1.237678617408439e+18,338.511600060176,0.993542428070155,22.68297,22.74221,22.58256,22.13238,21.9523,7717,301,1,186,1.0324629824120052e+19,QSO,1.993158,9170,58048,464
1.2376786174043756e+18,329.292318871455,0.971023039644221,21.83102,21.82819,21.56483,21.45551,21.23267,7717,301,1,124,1.031890659121957e+19,QSO,0.8203245,9165,58048,123
1.237678598076433e+18,327.820958876784,2.72635361458774,21.14016,20.92339,20.75251,20.44686,20.49987,7712,301,5,115,1.0319033035056765e+19,QSO,1.529524,9165,58048,583
1.2376785959341263e+18,339.701761370685,1.34984943506356,21.22529,21.30157,21.29521,20.99635,21.09134,7712,301,1,194,1.0324576222928196e+19,QSO,2.142441,9170,58048,269
1.2376785975397583e+18,328.400392503993,2.24793097873633,21.00199,21.08834,20.86,20.87079,20.69422,7712,301,4,118,1.0319069868696295e+19,QSO,1.172026,9165,58048,717
1.2376786184829668e+18,340.331226600808,2.00588897037698,19.83494,19.71754,19.61695,19.32324,19.19221,7717,301,3,198,1.0324746372352596e+19,QSO,1.708194,9170,58048,888
1.237678617945507e+18,338.912128902058,1.55076752365943,24.8322,23.45645,21.48016,20.2025,19.50491,7717,301,2,189,1.0324660885323536e+19,GALAXY,0.6185887,9170,58048,577
1.2376786184780516e+18,329.048817545102,1.67406462912864,20.99719,20.43581,19.93278,19.67865,19.52069,7717,301,3,123,1.031910725209164e+19,QSO,1.438757,9165,58048,853
1.2376634792614963e+18,339.514904778277,0.204448641752188,26.43163,23.00959,21.52107,20.36575,19.6982,4192,301,4,219,1.0324580071218897e+19,GALAXY,0.7591951,9170,58048,283
1.2376785975451978e+18,340.708133960886,2.61598363450943,18.926,17.91319,17.58059,17.43358,17.35239,7712,301,4,201,1.0324766438439805e+19,STAR,-0.0006998185,9170,58048,961
1.237678598076433e+18,327.874261204676,2.70593344172815,19.51536,18.89628,18.69775,18.6339,18.5999,7712,301,5,115,1.0319034684324209e+19,QSO,2.746325,9165,58048,589
1.237663783662519e+18,4.61333939804023,-0.357552401777161,22.7744,22.48086,22.25417,21.51593,20.98959,4263,301,3,146,1.0589220150518764e+19,GALAXY,0.879618,9405,58048,478
1.237663783126042e+18,5.51186097948258,-0.686203794856798,24.27926,23.24593,22.53228,21.77864,21.65249,4263,301,2,152,1.0589161051768773e+19,GALAXY,0.5107193,9405,58048,263
1.237678596471653e+18,341.160714964442,1.8213770856451,24.6419,24.0257,22.87641,21.32522,19.96494,7712,301,2,204,1.032477578428864e+19,GALAXY,0.8039581,9170,58048,995
1.237663782589236e+18,5.65743022750796,-1.05712216659161,23.20474,22.42033,21.94366,21.46567,21.41541,4263,301,1,153,1.0589168748350167e+19,GALAXY,0.794432,9405,58048,291
1.2376785975403492e+18,329.657896123549,2.3700328385426,26.36166,23.77678,21.76479,20.61739,19.92018,7712,301,4,127,1.0319135839394e+19,GALAXY,0.5798582,9165,58048,957
1.2376785980768256e+18,328.715942653705,2.71150339675673,19.00316,18.39012,18.10358,17.8819,17.80479,7712,301,5,121,1.0319076740644e+19,QSO,1.573868,9165,58048,742
1.2376634792567112e+18,328.598980251106,0.0807838633888056,22.5582,20.59412,19.38505,18.89169,18.50438,4192,301,4,146,1.031895057168468e+19,GALAXY,0.1487639,9165,58048,283
1.2376786184823777e+18,338.998604053641,1.86276752947593,24.20161,22.52679,21.62947,20.8977,20.16442,7717,301,3,189,1.0324670780928186e+19,QSO,0.5421947,9170,58048,613
1.2376785964708014e+18,339.252626050074,1.81372124087096,23.99995,23.90099,22.07302,20.90554,19.93515,7712,301,2,191,1.032468947262586e+19,STAR,4.287084e-05,9170,58048,681
1.2376785975400863e+18,329.14308400429,2.29979113964716,21.41841,21.15718,20.98257,20.50611,20.72783,7712,301,4,123,1.0319101204777687e+19,QSO,1.68035,9165,58048,831
1.2376637841998487e+18,5.61983001124445,0.121449603728642,23.52961,22.51377,22.42124,21.98366,21.55799,4263,301,4,153,1.05893006897455e+19,GALAXY,0.8604462,9405,58048,771
1.23767861847779e+18,328.461551575114,1.64565801587478,22.69053,22.23413,21.96463,21.61641,21.37269,7717,301,3,119,1.0319064646016063e+19,QSO,1.797964,9165,58048,698
1.2376785980765642e+18,328.137422012281,2.70524213828081,21.94835,21.57425,21.10101,21.05415,20.59236,7712,301,5,117,1.0319043755295136e+19,QSO,1.238981,9165,58048,622
1.2376785975400863e+18,329.154606364354,2.32058047764942,21.13471,21.00473,20.97057,20.76012,20.67495,7712,301,4,123,1.0319100655021871e+19,QSO,1.999282,9165,58048,829
1.2376786184828357e+18,340.031387151276,2.01140796111442,21.72852,22.17123,21.75371,21.55616,21.67356,7717,301,3,196,1.0324733727968877e+19,QSO,1.386337,9170,58048,842
1.237663783126565e+18,6.72533846342237,-0.652948001980948,19.70056,19.64332,19.53294,19.20673,19.16541,4263,301,2,160,1.0589095355949e+19,QSO,1.781007,9405,58048,24
1.237663204916855e+18,6.14077264296668,0.783277012083388,23.82696,22.54927,21.74872,21.16466,21.74987,4128,301,5,164,1.0589329002169915e+19,GALAXY,0.7175658,9405,58048,874
1.237678618482246e+18,338.705035209492,1.90462477451086,20.48124,20.1586,19.9721,19.75688,19.62883,7717,301,3,187,1.0324658411422372e+19,QSO,0.5328879,9170,58048,568
1.2376785975403484e+18,329.632506832442,2.40793753434682,21.44147,21.53028,21.38375,21.43083,21.31389,7712,301,4,127,1.031913419012652e+19,GALAXY,1.60736,9165,58048,951
1.2376785959298017e+18,329.880005300039,1.08108824673626,22.27909,21.87095,21.53851,21.28041,21.00012,7712,301,1,128,1.031899977483e+19,GALAXY,0.0,9165,58048,462
1.2376637825892362e+18,5.62607439007201,-1.14943759861681,23.40257,22.14829,21.44191,21.14162,21.88998,4263,301,1,153,1.0589166824204818e+19,GALAXY,0.8628711,9405,58048,284
1.2376786184776584e+18,328.24764237013,1.69900787910418,20.43968,20.34973,20.19748,20.07639,19.91418,7717,301,3,117,1.0319052001632344e+19,QSO,1.417172,9165,58048,652
1.2376786184832947e+18,341.061634061692,2.03464959945779,22.43719,22.29818,22.04377,21.89367,22.00899,7717,301,3,203,1.0324772210875849e+19,QSO,2.751895,9170,58048,982
1.2376786190147917e+18,328.796877423541,2.10026252070414,21.30151,21.08946,20.76484,20.67834,20.6534,7717,301,4,121,1.0319082238202108e+19,QSO,1.112682,9165,58048,762
1.2376786174043763e+18,329.270768445658,0.970813596838509,24.12102,23.28649,21.6534,20.55553,19.85631,7717,301,1,124,1.0318907690731198e+19,GALAXY,0.7896355,9165,58048,127
1.237678596466279e+18,328.893936096607,1.39724031785291,21.43437,21.01838,20.59454,20.53677,20.48073,7712,301,2,122,1.0318938202178867e+19,QSO,1.031956,9165,58048,238
1.2376785980768911e+18,328.908902732359,2.73175028150726,18.02534,17.03457,16.63467,16.47771,16.40326,7712,301,5,122,1.0319087735760249e+19,STAR,-0.0004400294,9165,58048,782
1.2376786179411804e+18,329.030477794887,1.38411396667702,22.64953,21.0991,19.71533,19.19733,18.81992,7717,301,2,123,1.0318926107551e+19,GALAXY,0.2157412,9165,58048,194
1.2376786174040484e+18,328.567286301037,0.897364020291504,24.20774,22.7113,21.91525,20.69826,19.87412,7717,301,1,119,1.0318957168754448e+19,GALAXY,0.9313512,9165,58048,307
1.2376786190150548e+18,329.412020733578,2.17288142934008,22.60121,23.72037,21.71832,20.5958,19.86213,7717,301,4,125,1.0319115498428848e+19,QSO,1.003785,9165,58048,883
1.2376637836631744e+18,6.10069268568352,-0.417093048726626,22.81054,23.48632,23.09906,22.1683,22.1529,4263,301,3,156,1.058912971568738e+19,GALAXY,0.0255943,9405,58048,149
1.237678597540349e+18,329.69541961262,2.30194456906111,21.95005,22.17308,21.67539,21.72201,21.09921,7712,301,4,127,1.0319136114271869e+19,QSO,1.172659,9165,58048,958
1.2376785959298662e+18,330.001781315237,1.05064777181235,23.27454,22.23433,21.35084,21.07222,21.21848,7712,301,1,129,1.031888157733e+19,QSO,1.136675,9165,58048,32
1.237678598076498e+18,328.029434127849,2.71895414863463,19.70701,19.45247,19.25898,19.1122,19.15286,7712,301,5,116,1.0319044305050948e+19,QSO,1.414123,9165,58048,624
1.2376634803354348e+18,340.039882278119,0.978212068088579,26.49942,23.2128,21.76173,20.69086,19.93699,4192,301,6,222,1.032454268782355e+19,GALAXY,0.6537318,9170,58048,147
1.2376786174085696e+18,338.824149806977,1.13060428275829,22.27524,21.85064,21.67371,21.99427,22.82688,7717,301,1,188,1.03246199285154e+19,GALAXY,0.05846667,9170,58048,428
1.2376785964711283e+18,339.985701815652,1.82671225870603,21.4931,21.43837,21.05136,21.00206,20.78062,7712,301,2,196,1.0324736476747944e+19,QSO,1.137859,9170,58048,852
1.237678597539825e+18,328.427000726482,2.33801445232396,24.78409,23.99604,22.168,20.7888,19.90673,7712,301,4,119,1.031906931894048e+19,QSO,1.182465,9165,58048,715
1.2376790791290885e+18,7.21391352092712,-4.31309310521003,23.84479,22.05772,21.11728,20.95709,20.378,7824,301,5,364,1.052278930725276e+19,GALAXY,0.6885492,9346,58049,468
1.237663462607749e+18,351.765248126996,0.668995453976134,22.30286,21.87397,21.85804,21.47425,21.95411,4188,301,5,55,1.0330147723240825e+19,QSO,1.885248,9175,58049,58
1.2376785964759782e+18,351.139689096819,1.87090326233725,21.80655,21.27338,21.10211,21.20774,20.80268,7712,301,2,270,1.0330375871903586e+19,QSO,2.697288,9175,58049,888
1.237678596475781e+18,350.706563823667,1.94810374160047,19.38854,19.25045,19.05377,18.81679,18.66156,7712,301,2,267,1.0330342061921e+19,QSO,1.978615,9175,58049,765
1.237678881026147e+18,12.6381724391709,-2.22797482954974,22.89671,23.38481,21.97057,21.70857,20.84351,7778,301,4,401,1.0528353110967212e+19,GALAXY,0.7746318,9351,58049,229
1.2376794339847703e+18,7.27206024643804,-3.20815734945636,22.16131,22.06964,21.44789,21.07268,20.63849,7907,301,2,120,1.0522815420653918e+19,GALAXY,0.8481368,9346,58049,563
1.237678879950373e+18,7.97923545865571,-2.97097492076686,23.61122,22.20009,21.57851,20.97094,20.6956,7778,301,2,370,1.0522843733078331e+19,GALAXY,0.8971055,9346,58049,666
1.2376637825921193e+18,12.2048158482204,-1.0810718089627,22.92715,22.48175,22.20677,21.66339,21.67184,4263,301,1,197,1.0528476256269525e+19,GALAXY,0.9050393,9351,58049,677
1.2376634626076838e+18,351.631225334709,0.836856090441951,21.699,21.68907,21.58787,21.87112,22.82691,4188,301,5,54,1.0330149372508264e+19,GALAXY,0.02814544,9175,58049,64
1.2376793244600248e+18,7.72815963334664,-4.04921797145863,22.04002,22.51442,21.4649,21.56537,20.37474,7881,301,6,73,1.0522766492386482e+19,GALAXY,0.7055988,9346,58049,385
1.2376805297432827e+18,351.252053254195,29.1561695537888,24.58572,23.41877,22.24736,21.14275,20.04815,8162,301,3,196,8.744968340458723e+18,STAR,-0.0007304308,7767,58049,377
1.237678617950618e+18,350.698940471047,1.59678490805403,22.35279,22.12647,21.67843,21.52227,21.27501,7717,301,2,267,1.0330346185089636e+19,QSO,1.664668,9175,58049,780
1.237678595938714e+18,350.261926190612,1.46164926771954,21.48112,21.234,21.17993,20.94984,21.19767,7712,301,1,264,1.0330241181729184e+19,QSO,1.850714,9175,58049,398
1.2376793244605489e+18,8.8389774296385,-4.10189375340955,25.91674,23.47158,22.69388,21.88438,21.73295,7881,301,6,81,1.0522699422177188e+19,GALAXY,0.8249896,9346,58049,141
1.237679079129219e+18,7.48683453211434,-4.26339992423233,21.50154,21.84579,21.23023,21.27461,21.53758,7824,301,5,366,1.0522779411648109e+19,QSO,1.157449,9346,58049,432
1.2376634626072256e+18,350.627131335631,0.630927566948604,22.73244,24.86158,22.00117,20.8641,19.96319,4188,301,5,47,1.0330213419060582e+19,GALAXY,0.6646081,9175,58049,297
1.237678617950487e+18,350.420084850784,1.70820640034007,21.37994,21.02958,20.95691,20.87512,20.47081,7717,301,2,265,1.033032254558964e+19,QSO,2.218108,9175,58049,694
1.237678617950487e+18,350.390461625748,1.76449666305536,20.92231,20.91438,20.48272,20.55499,20.44172,7717,301,2,265,1.0330321995833823e+19,QSO,1.368032,9175,58049,692
1.237678618488144e+18,352.084409741262,2.04220514649921,21.74715,21.66815,21.41055,21.26972,20.96734,7717,301,3,277,1.033040335969428e+19,QSO,1.301111,9175,58049,988
1.237663462607094e+18,350.35726512121,0.673389708290883,22.24026,21.90443,21.94305,21.6242,21.23949,4188,301,5,45,1.033022358954314e+19,QSO,1.735192,9175,58049,334
1.2376634626074875e+18,351.212855025863,0.807350809954487,22.86929,22.47762,22.26368,21.64417,21.7912,4188,301,5,51,1.0330179609078e+19,QSO,1.715892,9175,58049,174
1.23768052974361e+18,352.071140703937,29.3578719803232,22.37711,20.82178,20.04423,19.73395,19.44213,8162,301,3,201,8.744925184627333e+18,STAR,-0.0005454919,7767,58049,220
1.2376637825921843e+18,12.2957849334975,-1.16879824880909,24.72499,22.5027,22.30844,21.39596,22.12706,4263,301,1,198,1.052847460700208e+19,GALAXY,0.6917407,9351,58049,671
1.2376794334482929e+18,8.16099577299211,-3.61216667025631,23.95897,22.24248,23.11666,22.41892,21.43841,7907,301,1,126,1.0522872045502749e+19,GALAXY,0.8990848,9346,58049,769
1.237678618487161e+18,349.922453129816,2.06575595870231,20.09216,19.84479,19.77434,19.65447,19.59841,7717,301,3,262,1.0330286811461736e+19,QSO,1.869973,9175,58049,564
1.237663462607225e+18,350.621376614831,0.742720668189234,22.26142,22.30677,21.78615,21.6727,21.04755,4188,301,5,47,1.0330213144182675e+19,QSO,1.147499,9175,58049,296
1.237663462607356e+18,350.932006796523,0.770819345774601,20.91699,20.6865,20.60242,20.4311,20.09465,4188,301,5,49,1.0330191703705932e+19,QSO,1.994968,9175,58049,218
1.2376803337849416e+18,352.780522848036,30.3957227055023,25.175,24.47396,22.76111,21.14272,20.14602,8116,301,6,189,8.74513326720289e+18,GALAXY,0.8104895,7767,58049,977
1.237663462607291e+18,350.771326603226,0.660751165987887,25.89344,24.7589,21.34464,20.00217,18.75846,4188,301,5,48,1.0330202423944305e+19,GALAXY,0.8781672,9175,58049,257
1.23768052974361e+18,352.133451537089,29.2802532062814,22.45704,22.36084,21.82794,21.73152,21.04804,8162,301,3,201,8.744913364877335e+18,QSO,1.001532,7767,58049,177
1.2376786179507487e+18,350.89384842877,1.65998499044898,20.32379,20.21276,19.92762,19.97025,19.9231,7717,301,2,269,1.0330356080694286e+19,QSO,1.016538,9175,58049,816
1.2376634631442273e+18,350.906009681365,1.14005753644653,22.72634,22.19517,21.76377,21.50622,21.33621,4188,301,6,49,1.0330185381514074e+19,QSO,1.450702,9175,58049,195
1.2376785975495232e+18,350.669131513975,2.72617160052029,20.72263,20.61585,20.88618,20.49648,20.66054,7712,301,4,267,1.0330335739729172e+19,QSO,1.892175,9175,58049,742
1.2376637825924467e+18,12.9378351896695,-1.09529271014556,24.06241,22.49892,21.71812,21.15016,21.83418,4263,301,1,202,1.052851968697882e+19,GALAXY,0.6372653,9351,58049,835
1.2376805297439375e+18,352.956475227613,29.4298823247836,21.12906,19.99959,19.41594,19.21216,19.07388,8162,301,3,206,8.744882028795943e+18,STAR,-0.001044765,7767,58049,63
1.2376634626070943e+18,350.325073459258,0.817075089414585,22.94654,24.69287,21.66712,20.63102,19.95445,4188,301,5,45,1.0330235959049e+19,STAR,-0.002433863,9175,58049,379
1.2376634626070287e+18,350.215944932512,0.701189124384931,22.45312,22.44065,21.92126,21.79382,21.81786,4188,301,5,44,1.0330233485147787e+19,QSO,1.123358,9175,58049,370
1.2376634626069627e+18,349.960251496791,0.6985726674929,18.72496,17.78008,17.49537,17.36968,17.33802,4188,301,5,43,1.0330256300014064e+19,GALAXY,0.0,9175,58049,453
1.2376805297432827e+18,351.237744651833,29.2555227878874,21.86316,22.17156,22.39018,22.37563,22.48059,8162,301,3,196,8.74496861533663e+18,QSO,1.39244,7767,58049,378
1.2376805297438728e+18,352.914215147868,29.2828904476843,23.36193,23.34216,21.5087,20.27034,19.5825,8162,301,3,205,8.74486883465641e+18,GALAXY,0.6522136,7767,58049,15
1.237679433448162e+18,7.86022174553787,-3.6050034779832,24.28704,23.293,22.79771,21.70436,21.10083,7907,301,1,124,1.0522851429659728e+19,GALAXY,0.883831,9346,58049,694
1.2376634626071603e+18,350.405902705771,0.808312803393425,22.62705,24.05655,22.20133,20.6997,19.77935,4188,301,5,46,1.0330224963932674e+19,GALAXY,0.9008628,9175,58049,339
1.237663462607619e+18,351.443676118924,0.816725764996726,25.56875,23.43289,23.63105,21.84121,19.51238,4188,301,5,53,1.0330168339083844e+19,GALAXY,1.023695,9175,58049,133
1.23767861795029e+18,349.975429017651,1.65145886545019,21.34117,21.22615,21.02212,20.73413,20.66236,7717,301,2,262,1.0330290384874529e+19,QSO,1.95524,9175,58049,577
1.2376794334481615e+18,7.87432800761549,-3.74822184526965,23.66188,22.44189,22.58051,22.03414,21.16387,7907,301,1,124,1.0522852804049265e+19,GALAXY,0.8503957,9346,58049,699
1.2376786179504225e+18,350.272433861452,1.62208492741104,22.81259,23.51193,22.15751,20.63057,19.97523,7717,301,2,264,1.0330311275595454e+19,GALAXY,0.6896725,9175,58049,653
1.2376786184878164e+18,351.36446747308,2.13992664794487,21.75378,21.11223,20.50969,20.03392,19.6944,7717,301,3,272,1.0330385217752422e+19,QSO,0.4776027,9175,58049,922
1.2376786179507497e+18,351.015991150487,1.79267719154486,22.90997,22.20928,21.89419,22.31108,21.4579,7717,301,2,269,1.0330367350688471e+19,QSO,2.537013,9175,58049,857
1.2376794339856878e+18,9.31998868801034,-3.29804450262419,22.14405,22.15036,21.52705,20.82613,20.28036,7907,301,2,134,1.0522922073281812e+19,QSO,0.7603139,9346,58049,951
1.23768052974361e+18,352.204607249663,29.2103637846819,21.63751,20.26629,19.75755,19.61845,19.56358,8162,301,3,201,8.744875156848269e+18,GALAXY,0.0,7767,58049,38
1.237678879950439e+18,8.08867802721478,-2.93166818319613,24.45055,22.90256,22.23999,21.58043,22.34184,7778,301,2,371,1.0522855003072518e+19,GALAXY,0.8174079,9346,58049,707
1.237663462607356e+18,350.973742937243,0.748866679254775,20.884,20.85507,20.86433,20.52354,20.33959,4188,301,5,49,1.0330190604194306e+19,QSO,1.897972,9175,58049,214
1.2376803337845486e+18,351.845940708108,30.2344409204017,24.36432,22.44359,21.64644,20.49744,19.7769,8116,301,6,183,8.745076642354059e+18,GALAXY,0.6635111,7767,58049,771
1.2376790791292196e+18,7.53160938644743,-4.24840405986443,24.59943,22.2242,21.44488,21.11871,19.83125,7824,301,5,366,1.052276841653183e+19,GALAXY,0.8062516,9346,58049,392
1.237679324460483e+18,8.71004866534544,-4.0707037839626,23.12619,22.63982,22.07531,21.69108,21.66378,7881,301,6,80,1.0522700521688816e+19,GALAXY,0.8389166,9346,58049,145
1.237663462606832e+18,349.667192531751,0.758763984222488,21.37704,21.14395,21.04492,20.62161,20.40626,4188,301,5,41,1.0330257949281507e+19,QSO,1.968657,9175,58049,459
1.2376790791290227e+18,7.07338897416305,-4.23371198047427,22.27383,21.99512,21.54929,20.79667,20.05411,7824,301,5,363,1.0522787383107408e+19,GALAXY,0.8489804,9346,58049,461
1.237678619024163e+18,350.150570569621,2.55418187091007,21.64886,21.82639,21.80354,21.58173,21.19652,7717,301,4,264,1.0330304953403597e+19,QSO,1.727141,9175,58049,630
1.2376634626070292e+18,350.156831940347,0.768733482600991,24.75142,24.40385,22.23702,20.91356,19.97404,4188,301,5,44,1.0330245304897788e+19,GALAXY,0.9008855,9175,58049,413
1.2376634626078152e+18,351.969421235272,0.729526440653951,22.63523,22.26993,21.52372,20.49918,19.80583,4188,301,5,56,1.0330145799095474e+19,GALAXY,0.8491437,9175,58049,51
1.2376786174048343e+18,330.283562760056,0.86033044740122,22.21346,22.37255,22.14652,21.83719,21.2199,7717,301,1,131,1.0320114129915107e+19,QSO,1.032571,9166,58051,420
1.237678617405424e+18,331.63966606324,0.832682588187271,22.2655,21.93077,21.41536,21.34442,22.35658,7717,301,1,140,1.0320032216298838e+19,QSO,1.296524,9166,58051,122
1.2376786174050312e+18,330.789138056224,0.927224466778802,22.48127,22.36099,21.8985,22.02588,22.09545,7717,301,1,134,1.0320071248961624e+19,QSO,1.023947,9166,58051,264
1.2376786174055557e+18,331.989935857587,0.868822902880387,24.12581,22.61959,22.31841,22.25586,21.84293,7717,301,1,142,1.032001572362442e+19,GALAXY,0.984849,9166,58051,62
1.237678617942427e+18,331.953962825783,1.28934864997643,23.40213,23.01863,21.37639,20.12816,19.43245,7717,301,2,142,1.0320019846793e+19,GALAXY,0.6975357,9166,58051,77
1.2376785975412004e+18,331.694815477478,2.32272823705891,21.51415,21.63853,21.23005,21.26271,21.34581,7712,301,4,140,1.0320249919601136e+19,QSO,1.318677,9166,58051,914
1.2376785975410693e+18,331.260385289757,2.48956528785885,22.36378,22.17597,21.53142,21.3154,22.65895,7712,301,4,138,1.0320226829857e+19,QSO,1.254778,9166,58051,830
1.237678618478838e+18,330.877395865367,1.70767171891555,19.59518,19.39183,19.15234,19.28842,19.31075,7717,301,3,135,1.032021198645e+19,QSO,1.040092,9166,58051,776
1.2376785959304563e+18,331.437012601457,1.13561846259772,21.92957,22.23729,22.32156,22.30883,21.43851,7712,301,1,138,1.0320040462636e+19,QSO,1.563894,9166,58051,152
1.237663204918428e+18,9.74764706836538,0.834252777653621,22.31624,22.43335,21.78344,21.39,20.8014,4128,301,5,188,1.0593833976237152e+19,GALAXY,0.949263,9409,58051,879
1.237678617405162e+18,330.987870899842,0.872703046070008,21.97766,21.55678,21.34989,21.16167,20.63579,7717,301,1,136,1.032007014945e+19,QSO,0.7401952,9166,58051,260
1.2376785975413317e+18,331.92225387377,2.35330734476464,21.59864,21.29992,20.6158,20.47356,20.54177,7712,301,4,142,1.03202603649616e+19,QSO,1.197956,9166,58051,952
1.237663204917904e+18,8.56052693455706,0.753217398875999,23.39728,22.48383,22.3383,21.37003,21.04148,4128,301,5,180,1.0593757560179e+19,GALAXY,0.7832993,9409,58051,601
1.237678597540349e+18,329.630913791217,2.39698569692503,24.59332,23.98831,21.80461,20.62147,19.86485,7712,301,4,127,1.0320268061543e+19,GALAXY,0.0,9166,58051,980
1.2376785959301286e+18,330.566531408584,1.17392228616205,22.00133,22.07711,21.34751,21.12254,21.41203,7712,301,1,133,1.0320092964316273e+19,QSO,1.444492,9166,58051,343
1.2376785975406766e+18,330.401102574339,2.40631922022799,22.45746,23.84094,21.84659,20.65486,19.94456,7712,301,4,132,1.0320173778420914e+19,GALAXY,0.654495,9166,58051,637
1.2376785975408727e+18,330.893188164466,2.2984665745868,20.71011,20.41683,20.32428,19.99127,19.7409,7712,301,4,135,1.0320207588403468e+19,GALAXY,0.9916806,9166,58051,760
1.2376786184783795e+18,329.819664343102,1.62805579289225,21.73322,21.69935,21.47162,21.14964,21.42778,7717,301,3,128,1.0320144916240683e+19,QSO,1.683612,9166,58051,532
1.2376786174048343e+18,330.364164733685,0.851885494496091,22.35012,22.17938,21.93444,22.10674,21.70671,7717,301,1,131,1.0320113580159291e+19,GALAXY,1.666511,9166,58051,418
1.237678617405293e+18,331.297877790658,0.893462380548343,21.69862,21.66333,21.58088,21.20633,21.30129,7717,301,1,138,1.0320048434095348e+19,QSO,2.049403,9166,58051,181
1.2376785975413967e+18,332.019086597317,2.37037576816634,20.08691,19.98875,19.67757,19.63372,19.77521,7712,301,4,143,1.0320261189595322e+19,QSO,1.240049,9166,58051,955
1.2376637825907436e+18,9.11885106182978,-1.16410381854543,23.63873,23.88372,22.18237,21.4869,20.67017,4263,301,1,176,1.0593672348027867e+19,GALAXY,0.8283839,9409,58051,291
1.2376786184786417e+18,330.392664385866,1.72084041512082,22.13069,22.13337,21.89462,21.67027,21.75155,7717,301,3,132,1.0320177626711611e+19,QSO,0.865151,9166,58051,651
1.237678617405424e+18,331.672242136855,0.993964423125002,20.66764,20.65216,20.3762,20.29177,20.52867,7717,301,1,140,1.0320034965077907e+19,QSO,1.174003,9166,58051,132
1.2376632049180347e+18,8.81785272735661,0.828817497382821,23.13631,22.89373,23.18487,22.16325,21.84421,4128,301,5,182,1.0593768005539484e+19,GALAXY,1.033347,9409,58051,639
1.237678617405424e+18,331.604104888348,0.928245450056676,21.33936,21.15465,21.01653,20.724,20.69621,7717,301,1,140,1.0320032766054652e+19,QSO,1.722902,9166,58051,124
1.237678597540611e+18,330.295612399376,2.34111565689622,22.8081,23.23996,21.5022,20.16687,19.2196,7712,301,4,131,1.032017157939766e+19,GALAXY,0.7280941,9166,58051,629
1.23767861847897e+18,331.155282572037,1.80992262730188,26.21532,23.06029,21.27586,20.19583,19.20066,7717,301,3,137,1.0320220782543e+19,GALAXY,0.7669661,9166,58051,808
1.237663784201946e+18,10.3925375963777,0.0759481763913742,23.20198,22.64924,22.11412,21.87436,22.04907,4263,301,4,185,1.0593601704405785e+19,GALAXY,1.084333,9409,58051,34
1.2376786174047035e+18,330.084828159503,0.966959835234432,23.38003,22.57685,21.77923,21.42796,21.02067,7717,301,1,129,1.0320125399909292e+19,GALAXY,1.610079,9166,58051,461
1.237678619015185e+18,329.73643907632,2.18221720361621,20.95915,20.59284,20.43192,20.33065,20.25542,7717,301,4,127,1.0320142167461616e+19,QSO,0.932746,9166,58051,522
1.237678596466672e+18,329.819925365132,1.57328048081795,20.88342,21.17545,20.99291,20.68382,20.61615,7712,301,2,128,1.032014629063022e+19,QSO,1.678425,9166,58051,537
1.2376785975404805e+18,330.055131441337,2.4347887944904,23.30222,23.41264,21.66271,20.47243,19.81914,7712,301,4,129,1.032015178818836e+19,GALAXY,0.6127012,9166,58051,557
1.2376785975408077e+18,330.811624544945,2.30844715651326,22.16833,22.11172,21.78726,21.84303,21.18559,7712,301,4,134,1.032020566425812e+19,QSO,0.9088884,9166,58051,753
1.237678597541e+18,331.24663323758,2.45147786727382,21.55254,21.24759,21.21711,20.85801,20.3976,7712,301,4,137,1.032022628010114e+19,QSO,1.694644,9166,58051,828
1.237678597540807e+18,330.794220863035,2.33863318124564,20.91977,20.99087,20.5521,20.50634,21.03711,7712,301,4,134,1.0320205389380213e+19,QSO,1.334861,9166,58051,752
1.237678618479428e+18,332.243542038915,1.70736765975556,21.34,20.73075,20.2371,20.06624,19.89153,7717,301,3,144,1.032027300934532e+19,QSO,2.107629,9166,58051,998
1.2376786184790346e+18,331.347861300155,1.75775799630088,22.30424,22.05751,21.91479,21.67955,21.78934,7717,301,3,138,1.0320232877170907e+19,QSO,2.012636,9166,58051,852
1.2376785980778744e+18,331.193277542486,2.73536011689508,19.90965,19.55469,19.52613,19.49307,19.35724,7712,301,5,137,1.0320224905711604e+19,QSO,0.7785946,9166,58051,823
1.2376785975404795e+18,329.913359504929,2.30554945850623,21.56158,21.18456,21.21085,21.35713,20.74407,7712,301,4,129,1.0320152063066264e+19,QSO,2.234538,9166,58051,558
1.2376786190152504e+18,329.860882225125,2.13030518388085,19.87128,19.84221,19.74873,19.40275,19.45092,7717,301,4,128,1.0320141892583709e+19,QSO,1.884243,9166,58051,521
1.2376785975409382e+18,331.079140806136,2.40820376627659,20.68903,20.57674,20.52822,20.13095,19.90171,7712,301,4,136,1.0320216934252304e+19,QSO,1.890345,9166,58051,794
1.237678597541069e+18,331.30689799292,2.29900897368001,20.43896,20.1369,20.12962,19.91313,19.93802,7712,301,4,138,1.032023892448486e+19,QSO,1.868591,9166,58051,874
1.237678597541069e+18,331.299825858782,2.44578262390187,21.7568,20.17581,19.90348,19.71694,19.63303,7712,301,4,138,1.0320239474240672e+19,QSO,2.875792,9166,58051,876
1.2376785975412e+18,331.689598083483,2.37241257010073,19.54784,19.83712,19.95624,19.45789,19.16335,7712,301,4,140,1.0320248820089508e+19,QSO,2.021854,9166,58051,910
1.2376634792578916e+18,331.238886791266,0.201203503818071,22.90914,21.54735,21.17424,20.81643,20.60504,4192,301,4,164,1.0320055031165114e+19,QSO,3.176916,9166,58051,205
1.237678597541069e+18,331.294346926515,2.37963634858438,19.76243,19.60289,19.56026,19.21642,19.174,7712,301,4,138,1.0320238374729e+19,QSO,1.726004,9166,58051,872
1.2376785975409388e+18,331.06554328554,2.31639581529749,22.29082,22.27239,21.82913,21.70362,22.13196,7712,301,4,136,1.0320217758886e+19,STAR,-0.0007901663,9166,58051,797
1.2376785975413312e+18,331.911949221648,2.46062567777534,18.737,17.79608,17.52375,17.43009,17.4432,7712,301,4,142,1.0320260090083697e+19,STAR,-0.0001193837,9166,58051,951
1.237678597540808e+18,330.690529597024,2.37478057959828,24.05647,23.3986,22.13189,20.79449,19.9549,7712,301,4,134,1.032019466914184e+19,GALAXY,0.637359,9166,58051,713
1.2376785975407416e+18,330.605004539074,2.31996251050622,21.5435,21.75841,21.53544,21.51399,21.64873,7712,301,4,133,1.0320195493775565e+19,QSO,1.448456,9166,58051,716
1.2376637842016184e+18,9.62898114646105,0.0303558959284892,22.6116,23.16685,22.3165,21.72766,21.28734,4263,301,4,180,1.0593635239510432e+19,GALAXY,0.8925752,9409,58051,156
1.2376637842011597e+18,8.53917851790541,0.200632441161519,24.93623,22.7405,22.10034,21.0161,22.092,4263,301,4,173,1.059376140846972e+19,GALAXY,0.7294406,9409,58051,615
1.2376634792576947e+18,330.799088727189,0.114431557802243,23.10575,22.20193,21.95001,21.92955,21.36647,4192,301,4,161,1.0320077571153484e+19,QSO,1.358581,9166,58051,287
1.237663783127548e+18,8.95781102090588,-0.640403155977717,19.50377,19.22217,18.87485,18.89433,18.96365,4263,301,2,175,1.0593682518510426e+19,QSO,1.067616,9409,58051,328
1.2376514957549243e+18,115.294257288517,39.7705504803563,22.30266,19.95974,19.27146,19.04682,18.96458,1402,301,3,52,1.0548792207577731e+19,QSO,3.437153,9369,58054,858
1.237651496827946e+18,113.254918414553,38.7777844105448,24.88479,22.5552,21.75882,20.58738,19.83256,1402,301,5,41,1.054868088202542e+19,GALAXY,0.0,9369,58054,453
1.2376514957543995e+18,114.434994894691,38.748736712858,23.43702,21.85108,21.38747,20.9868,22.82477,1402,301,3,44,1.0548636626682405e+19,GALAXY,0.2728842,9369,58054,292
1.2376737045039685e+18,114.036052309941,40.3288458467443,21.84434,21.25306,20.97601,20.92946,21.02589,6573,301,2,205,1.0548741355164948e+19,QSO,2.585463,9369,58054,673
1.237651495218251e+18,116.059698226426,40.0197001584294,23.41982,22.86707,22.10216,21.01045,19.9482,1402,301,2,55,1.0548823268781216e+19,GALAXY,0.6300159,9369,58054,971
1.2376512724168873e+18,115.140127623955,38.9641058802306,21.08689,20.86912,20.78868,20.63469,20.90628,1350,301,3,56,1.0548605015723104e+19,QSO,1.536425,9369,58054,177
1.237651495754728e+18,114.909620841465,39.3572911038395,22.24489,22.09034,21.62122,21.54432,22.24745,1402,301,3,49,1.0548621783275428e+19,QSO,1.370156,9369,58054,238
1.237651496828667e+18,114.27297372611,40.1715272941975,22.9218,23.10917,21.28561,20.13262,19.29569,1402,301,5,52,1.0548753449792854e+19,GALAXY,0.6047317,9369,58054,717
1.2376514957545969e+18,114.986043622052,39.1122970821371,21.11462,20.96345,20.75187,20.65014,21.06867,1402,301,3,47,1.0548617385228917e+19,QSO,1.41068,9369,58054,222
1.2376737050407089e+18,113.526115349227,40.5949352671309,25.25417,23.38395,21.93188,20.6666,19.95329,6573,301,3,203,1.0548716066397508e+19,GALAXY,0.7490191,9369,58054,581
1.2376737045037064e+18,113.259119331864,40.1759645842653,22.21504,21.41981,20.85409,20.227,19.8337,6573,301,2,201,1.0548710293961464e+19,QSO,1.683532,9369,58054,560
1.2376514962915996e+18,114.622707559574,39.5726254429879,21.82203,22.42214,21.22466,20.09297,19.43578,1402,301,4,49,1.05486325035138e+19,GALAXY,0.5662415,9369,58054,277
1.2376576085724367e+18,125.154590769096,39.1458319170482,21.31796,21.52921,21.47432,21.64456,21.22232,2825,301,5,133,1.0539592593804909e+19,QSO,1.421458,9361,58055,158
1.237657596225061e+18,125.366139698122,40.1158056220985,21.56442,21.2999,21.05547,20.67064,20.52459,2822,301,6,143,1.0539788306874653e+19,QSO,1.703912,9361,58055,870
1.23765760857224e+18,124.670706568442,38.7392737069381,24.63468,22.1506,20.85291,19.7709,20.86134,2825,301,5,130,1.053962118110723e+19,GALAXY,0.3485487,9361,58055,262
1.2376786222449303e+18,40.3052196599132,3.54065531739536,22.45782,22.88503,22.17801,21.33004,21.38964,7718,301,2,257,1.0602771631448543e+19,GALAXY,0.7851895,9417,58055,626
1.2376575962242094e+18,123.824452531126,38.7007688371053,22.34124,22.50274,21.88602,21.72128,22.40171,2822,301,6,130,1.0539659664014205e+19,QSO,1.440047,9361,58055,402
1.2376576085723717e+18,125.087373319051,38.9809923562126,21.93628,21.75338,21.36153,21.25124,20.97005,2825,301,5,132,1.0539590394781653e+19,QSO,1.191034,9361,58055,150
1.2376786222449303e+18,40.2911141770661,3.58641110858978,24.7618,23.50528,22.25379,21.97982,21.52896,7718,301,2,257,1.0602771081692731e+19,GALAXY,0.7652147,9417,58055,624
1.2376575962240783e+18,123.469122028507,38.3895351500826,20.59607,20.50572,20.39312,20.21984,20.61378,2822,301,6,128,1.0539667910351411e+19,QSO,1.471296,9361,58055,432
1.2376535874080612e+18,121.835213044338,40.479865904639,23.56903,24.96632,21.23925,20.15401,19.37014,1889,301,3,114,1.0538650587217811e+19,GALAXY,0.7423063,9360,58055,827
1.2376576085719124e+18,124.224621304007,38.1377318365518,25.40781,23.29679,21.72454,20.64298,19.89582,2825,301,5,125,1.053961760769444e+19,GALAXY,0.6456832,9361,58055,249
1.2376786195826609e+18,39.6982779290703,2.6378361254082,22.05317,21.91947,21.32886,20.81042,20.38565,7717,301,5,594,1.0602745518047384e+19,GALAXY,0.4894837,9417,58055,531
1.2376576085722406e+18,124.833067430939,38.7543395624756,24.3384,21.59698,20.43385,19.98714,19.81427,2825,301,5,130,1.0539604688432814e+19,STAR,-5.388723e-05,9361,58055,202
1.2376551083595543e+18,123.858554512509,40.1440209080984,25.48208,23.32279,21.65209,20.23937,19.53882,2243,301,4,56,1.0539734155927e+19,GALAXY,0.7611719,9361,58055,673
1.2376576080351726e+18,124.873686325522,38.0966704299645,19.62047,19.59606,19.30614,19.2916,19.51835,2825,301,4,127,1.0539600015508396e+19,QSO,1.207493,9361,58055,185
1.2376576085718472e+18,124.016605547801,38.0410098717582,21.98601,21.87491,21.41499,21.38116,21.49035,2825,301,5,124,1.0539634925002576e+19,QSO,1.185841,9361,58055,312
1.2376786190465774e+18,41.5022561961227,2.19740489714422,22.68279,22.82815,22.1316,21.3951,20.25259,7717,301,4,606,1.0602643263466e+19,GALAXY,0.8845224,9417,58055,159
1.2376535874070126e+18,120.045934934812,38.5071567348773,23.35911,22.36938,21.41292,20.38471,19.68582,1889,301,3,98,1.0538550531659684e+19,GALAXY,0.6854342,9360,58055,463
1.237678622245e+18,40.3908418027002,3.52981965403257,22.88621,22.64928,21.50358,20.84581,21.03163,7718,301,2,258,1.0602782351686916e+19,GALAXY,0.7597203,9417,58055,665
1.237653587407144e+18,120.163162278382,38.8396878486123,24.67908,23.78707,22.00603,20.69099,19.71298,1889,301,3,100,1.0538552180927123e+19,GALAXY,0.7471877,9360,58055,469
1.2376576085718477e+18,124.032502466204,38.1438005753061,25.5813,23.16139,21.57265,20.74478,20.52785,2825,301,5,124,1.0539636024514204e+19,STAR,2.874679e-05,9361,58055,316
1.2376576080359593e+18,126.394112703834,39.4665631382232,21.92931,21.89681,21.65818,21.37344,21.22423,2825,301,4,139,1.0539824041002555e+19,QSO,1.115924,9361,58055,1000
1.2376575962245368e+18,124.20408873445,39.2818105667434,21.34081,21.31691,21.33721,21.33417,20.59952,2822,301,6,135,1.0539642071828158e+19,QSO,2.124879,9361,58055,338
1.2376575956877317e+18,124.887933436283,39.0652700375234,21.0842,20.74854,20.59748,20.51482,20.15588,2822,301,5,136,1.0539609361357232e+19,QSO,0.9084672,9361,58055,219
1.2376786222452577e+18,40.9944117564436,3.4578346808793,23.75393,22.4363,22.74627,21.59675,22.03938,7718,301,2,262,1.0602816711425284e+19,GALAXY,0.8169333,9417,58055,790
1.237678622245e+18,40.3675080891463,3.53374051829552,22.8736,22.47504,21.62268,21.07212,21.48249,7718,301,2,258,1.0602783451198544e+19,GALAXY,0.672715,9417,58055,669
1.237657609108784e+18,123.745361883355,38.4776164291835,21.20304,20.9107,20.81115,20.51428,20.47952,2825,301,6,125,1.0539658564502575e+19,QSO,1.635929,9361,58055,398
1.2376576080353695e+18,125.308510120134,38.3880618224651,22.18898,21.51239,21.3168,20.13411,19.19178,2825,301,4,130,1.0539586821368865e+19,GALAXY,1.120722,9361,58055,137
1.2376784380908014e+18,41.2999283903838,1.86443342054059,20.50314,19.74917,19.61854,19.58352,19.42087,7675,301,3,144,1.060265260931484e+19,QSO,2.684394,9417,58055,193
1.2376576091094387e+18,124.991163344408,39.5512089535768,20.88062,20.96888,21.14853,20.79111,20.19597,2825,301,6,135,1.0539781160049072e+19,QSO,1.124449,9361,58055,844
1.237657608035762e+18,125.864928434888,39.0859089655633,21.26222,21.13056,20.79759,20.73554,20.66417,2825,301,4,136,1.0539568404549095e+19,QSO,1.107016,9361,58055,70
1.2376576085728965e+18,126.165139033927,39.8252294158972,22.72596,22.13059,21.46025,21.03362,20.60738,2825,301,5,140,1.053981909320023e+19,QSO,1.931582,9361,58055,982
1.2376576085728955e+18,126.238051801974,39.7795035163603,22.14933,24.29816,22.78695,21.5944,19.84809,2825,301,5,140,1.0539819917834e+19,STAR,-7.089489e-05,9361,58055,985
1.237678622245192e+18,40.7957426727124,3.56436811387184,22.79262,22.29579,22.23841,21.55672,21.01273,7718,301,2,261,1.0602805166553192e+19,GALAXY,1.065883,9417,58055,748
1.2376576091086528e+18,123.502907641917,38.3054236049441,22.2541,22.0762,21.75249,21.80902,21.50205,2825,301,6,123,1.0539668460107223e+19,QSO,1.032331,9361,58055,434
1.2376786190469704e+18,42.3868578949179,2.05207198751323,24.48928,23.84402,22.29381,22.05075,21.64824,7717,301,4,612,1.060260917860554e+19,GALAXY,0.1907072,9417,58055,35
1.237657596224144e+18,123.507787414772,38.5826000925448,23.69466,21.75263,21.79142,21.59994,21.04545,2822,301,6,129,1.0539670934008388e+19,QSO,2.291454,9361,58055,443
1.2376576080356972e+18,125.878125080866,38.878483782891,20.96568,20.64033,20.65265,20.48461,20.43703,2825,301,4,135,1.053956620552584e+19,QSO,2.117214,9361,58055,62
1.237653587407799e+18,121.316803955798,40.0590083250446,25.18049,24.92011,21.78472,20.65179,19.50672,1889,301,3,110,1.0538627497473628e+19,GALAXY,0.8367217,9360,58055,743
1.2376576085723712e+18,125.148960641169,38.9561897992565,24.62662,22.75648,21.43134,20.41873,20.95386,2825,301,5,132,1.053958984502584e+19,GALAXY,0.3977398,9361,58055,148
1.237657609109308e+18,124.832096414138,39.2520002911525,24.91071,23.09413,21.54535,20.12004,19.22534,2825,301,6,133,1.053960963623514e+19,STAR,2.850995e-05,9361,58055,220
1.2376786222448645e+18,40.1255063822218,3.50401340629323,23.04723,22.91427,22.99111,22.17126,21.21337,7718,301,2,256,1.0602760086576452e+19,GALAXY,0.9313549,9417,58055,584
1.2376535874074056e+18,120.714644843266,39.3279607815071,24.56002,23.006,21.40993,20.00112,19.30049,1889,301,3,104,1.0538604407729445e+19,GALAXY,0.676531,9360,58055,659
1.237657609109374e+18,125.051196581323,39.4391058704799,22.87825,22.76069,21.32455,20.74169,20.39662,2825,301,6,134,1.0539784458584e+19,GALAXY,0.3487221,9361,58055,856
1.237657609109177e+18,124.514705177882,39.1794088330579,23.04949,21.72237,21.22692,20.64615,20.39073,2825,301,6,131,1.0539629152566532e+19,QSO,0.7277507,9361,58055,291
1.2376535874069476e+18,119.887773268974,38.4833836884593,24.77005,23.04283,21.4225,20.33633,19.59318,1889,301,3,97,1.0538549981903868e+19,QSO,1.524913,9360,58055,461
1.2376575962240783e+18,123.491700112668,38.5439322897369,21.95879,22.03342,21.97411,21.72163,21.83519,2822,301,6,128,1.0539667635473504e+19,QSO,2.00781,9361,58055,431
1.237657609108e+18,122.219708649094,37.0919869354532,23.42381,22.21821,21.53561,21.31081,20.84304,2825,301,6,113,1.0537423807135896e+19,GALAXY,0.2604149,9359,58056,460
1.2376576091079316e+18,122.155852092664,36.9392611229369,21.33145,21.25793,21.31032,21.0863,20.89869,2825,301,6,112,1.0537422707624268e+19,QSO,2.04609,9359,58056,456
1.2376576091081943e+18,122.565306218233,37.4476944194642,24.97915,26.03195,22.62009,20.92159,19.61817,2825,301,6,116,1.0537475209304496e+19,GALAXY,0.781101,9359,58056,647
1.2376738070470991e+18,127.837800621868,20.362103347049,23.38676,24.26527,22.65402,21.9799,22.50757,6597,301,1,217,1.0771722313311476e+19,GALAXY,0.7315177,9567,58056,865
1.2376575870993695e+18,44.0585804770644,0.661413949873174,19.54795,19.11612,18.89162,18.99609,18.93547,2820,301,5,160,1.0549765825157683e+19,QSO,0.9137511,9370,58056,304
1.2376786195842342e+18,43.2668095089701,2.40297238425454,22.81356,22.59679,21.99503,21.21532,20.59368,7717,301,5,618,1.0549832345611164e+19,GALAXY,0.6931776,9370,58056,546
1.2376576091081285e+18,122.355281849873,37.3323741862392,24.20048,21.40418,19.78718,17.92836,16.86095,2825,301,6,115,1.053746668808938e+19,STAR,9.610856e-05,9359,58056,616
1.2376671423245194e+18,127.386414930736,18.8222641468327,24.47015,24.04198,22.13415,21.73698,22.32124,5045,301,3,109,1.0771537320480102e+19,GALAXY,0.8552483,9567,58056,192
1.23765759622375e+18,122.736310563443,37.973185156058,18.96962,18.05407,17.61895,17.44733,17.55184,2822,301,6,123,1.0537483730519611e+19,STAR,-0.0008986564,9359,58056,678
1.2376575962234888e+18,122.220748923722,37.4794861027159,20.06894,20.07112,19.74521,19.65868,19.57855,2822,301,6,119,1.0537464489066123e+19,QSO,1.226268,9359,58056,608
1.2376784380915884e+18,43.1294892869125,1.78366885141226,23.5772,22.56451,21.83622,20.9694,20.33954,7675,301,3,156,1.0549837293413489e+19,GALAXY,0.9518773,9370,58056,564
1.2376576069606446e+18,123.969020008282,36.1786376434145,22.00723,21.41095,21.09645,20.64891,20.14674,2825,301,2,115,1.0537322102310328e+19,QSO,2.095433,9359,58056,90
1.2376738070465093e+18,126.409918913937,19.7919458454036,22.84608,22.45575,21.81188,20.86378,20.3896,6597,301,1,208,1.077164754652079e+19,GALAXY,0.8331207,9567,58056,593
1.2376576091083246e+18,122.969952977304,37.6356174533618,21.58504,22.04785,21.67443,21.70801,22.50449,2825,301,6,118,1.0537496649781236e+19,QSO,1.4738,9359,58056,725
1.2376663010900055e+18,44.7251908033653,0.386416444255644,23.28028,22.93819,22.27879,21.3329,21.20653,4849,301,4,753,1.0549709750064669e+19,GALAXY,0.7737252,9370,58056,100
1.2376663010901363e+18,44.9800971960275,0.320522026274124,23.49439,22.05085,21.52759,20.68826,20.42381,4849,301,4,755,1.0549696830803e+19,GALAXY,0.758924,9370,58056,53
1.237657596223882e+18,123.113725267762,38.0954609516523,23.59813,21.81235,21.57969,21.69701,21.62576,2822,301,6,125,1.0537503796606818e+19,QSO,3.187756,9359,58056,751
1.237657609108391e+18,122.988314392734,37.8204598364437,22.23624,21.19518,21.01932,20.93053,20.87303,2825,301,6,119,1.053749362612426e+19,QSO,2.707235,9359,58056,714
1.2376738070470991e+18,127.706387743082,20.3236726845523,23.01655,22.5765,22.04847,21.12296,20.53436,6597,301,1,217,1.077171104331729e+19,GALAXY,0.7715093,9567,58056,824
1.2376575962230292e+18,121.427808610938,36.6240936960719,18.57014,17.59102,17.11067,16.88651,16.81792,2822,301,6,112,1.0537430953961478e+19,STAR,-0.0004566769,9359,58056,486
1.2376663016269422e+18,44.8801927140489,0.653295210397625,23.07618,22.22493,21.92305,21.23619,21.26077,4849,301,5,754,1.0549701503727458e+19,GALAXY,0.7941215,9370,58056,70
1.2376671428609318e+18,126.304073226448,18.67536085204,22.4311,22.80867,22.14457,21.68847,22.22068,5045,301,4,102,1.0771601641910327e+19,GALAXY,0.9221575,9567,58056,426
1.2376663010900718e+18,44.8052584661089,0.251908917738971,25.0415,23.45438,22.38655,22.79593,21.64671,4849,301,4,754,1.0549706176651876e+19,QSO,2.046196,9370,58056,87
1.237673807046443e+18,126.340870304995,19.72389658237,25.0304,23.86361,23.55623,21.84369,21.89864,6597,301,1,207,1.077164892091032e+19,GALAXY,0.7179482,9567,58056,598
1.2376575962235535e+18,122.423593641291,37.5301169809416,24.63465,22.78526,20.58284,20.31437,22.8269,2822,301,6,120,1.0537478232961473e+19,GALAXY,0.5366584,9359,58056,658
1.237678617974408e+18,44.9643361872237,1.21509672465119,25.30314,22.72284,22.17811,20.91529,20.66387,7717,301,2,630,1.0549955216035568e+19,GALAXY,0.8299238,9370,58056,993
1.237666301626745e+18,44.4704304413967,0.639666156192665,22.11873,22.02027,21.50283,21.1007,20.59886,4849,301,5,751,1.0549722669326293e+19,QSO,0.9566863,9370,58056,147
1.237657609107932e+18,122.102788368882,37.050398482104,22.96683,21.5653,20.52369,19.92445,19.39816,2825,301,6,112,1.0537422982502177e+19,QSO,0.7841867,9359,58056,457
1.23764594397361e+18,44.211129087325,0.973934515533952,23.89452,24.07803,22.85078,23.69384,22.94704,109,301,6,64,1.0549758128576289e+19,GALAXY,0.2834576,9370,58056,276
1.237657609108e+18,122.24092764817,37.0258408384807,20.70434,20.3939,20.3722,20.00059,19.9385,2825,301,6,113,1.0537422432746365e+19,QSO,1.673867,9359,58056,455
1.2376671423245197e+18,127.493494481169,18.8211569627325,24.26142,22.28852,21.64685,21.11366,20.93271,5045,301,3,109,1.0771539519503356e+19,GALAXY,1.03627,9567,58056,200
1.2376576091079311e+18,122.178767974866,37.0056139290082,21.83101,21.26967,20.81918,20.36643,20.15665,2825,301,6,112,1.053742078347892e+19,QSO,1.573245,9359,58056,449
1.2376576085719124e+18,124.127364468297,38.2413889393056,22.18258,20.35624,19.56327,19.20953,19.07584,2825,301,5,125,1.05375584973103e+19,STAR,-5.664595e-05,9359,58056,950
1.2376738070463782e+18,126.180497116121,19.6685618356962,24.89853,22.70196,22.14276,21.32918,20.66878,6597,301,1,206,1.0771628030189392e+19,QSO,0.7816942,9567,58056,522
1.2376576069610376e+18,124.711905625184,36.8848815414126,20.60261,20.43611,20.33417,20.175,19.97709,2825,301,2,121,1.053730038695568e+19,QSO,2.117693,9359,58056,11
1.2376786179742766e+18,44.7422937136205,1.23029170122727,23.30352,22.57424,22.08555,21.82588,21.42008,7717,301,2,628,1.0549939273117e+19,GALAXY,0.1546744,9370,58056,935
1.237657608571454e+18,123.403717508815,37.3820781822253,21.64454,21.29835,20.91699,20.69115,20.77178,2825,301,5,118,1.0537531009519604e+19,GALAXY,0.0,9359,58056,850
1.2376576080346483e+18,123.769822821324,37.2397275741849,21.75937,21.33332,21.28609,21.00017,21.18284,2825,301,4,119,1.0537541454880068e+19,QSO,1.634506,9359,58056,888
1.237657609108587e+18,123.306293732888,38.1533422257263,20.36807,20.58918,20.10602,20.14341,19.97088,2825,301,6,122,1.0537512867577747e+19,QSO,1.278747,9359,58056,784
1.2376671068904494e+18,128.242182696889,18.0597587587401,24.45079,22.48936,23.34148,22.64347,21.16893,5037,301,1,100,1.077149608879406e+19,QSO,1.152369,9567,58056,42
1.2376738070469673e+18,127.477874965756,20.1011232686812,23.67353,23.10941,22.95012,22.52821,21.32028,6597,301,1,215,1.0771702247224269e+19,GALAXY,1.073132,9567,58056,792
1.2376738070468367e+18,127.216042435303,20.0823107444439,23.09212,22.66648,22.42814,21.34291,21.34392,6597,301,1,213,1.0771689877718456e+19,GALAXY,0.8421499,9567,58056,747
1.237667142324388e+18,127.123819765373,18.5822704044787,24.00262,23.33196,22.1132,21.70258,21.41982,5045,301,3,107,1.0771561234858e+19,GALAXY,0.9070665,9567,58056,279
1.2376575962238817e+18,123.212772171555,38.147474656203,21.12735,20.85339,20.75434,20.55244,20.39177,2822,301,6,125,1.053750269709519e+19,QSO,1.701921,9359,58056,747
1.2376576085718472e+18,124.065583502095,37.9852671670151,22.11895,21.90704,21.51361,21.55155,21.18233,2825,301,5,124,1.0537547227316115e+19,GALAXY,0.968424,9359,58056,909
1.2376671423245194e+18,127.371384596583,18.8006783031474,22.21151,22.28691,21.73364,21.33545,21.28153,5045,301,3,109,1.0771548040718471e+19,GALAXY,0.7036123,9567,58056,231
1.2376663016270067e+18,44.9638286006063,0.6293301175212,19.78907,19.3839,19.42823,19.17646,19.00586,4849,301,5,755,1.054968308690769e+19,QSO,0.4703995,9370,58056,3
1.2376575946124823e+18,122.703784862399,35.9831622534512,21.05365,19.01694,18.09941,17.68628,17.35489,2822,301,3,113,1.0537393570566132e+19,GALAXY,0.0803253,9359,58056,350
1.23764594397361e+18,44.273789667689,0.968262986803593,23.31561,22.49249,22.28233,21.86224,21.87251,109,301,6,64,1.054974713346e+19,GALAXY,0.9722549,9370,58056,236
1.2376786195846267e+18,44.2107108361733,2.52782249795765,22.40351,22.90587,22.09842,21.64281,21.77298,7717,301,5,624,1.054988677143674e+19,GALAXY,0.6976764,9370,58056,744
1.2376634792586783e+18,333.132963683162,0.134496810708361,22.5157,21.19022,20.70003,20.27267,20.30002,4192,301,4,176,1.0321191651528432e+19,QSO,0.1361548,9167,58064,244
1.2376786184792968e+18,331.996258640763,1.72408383016123,20.16096,19.98714,19.72664,19.54912,19.65872,7717,301,3,142,1.032126999173191e+19,QSO,1.434752,9167,58064,529
1.237678597542052e+18,333.620814165929,2.48447992775949,21.932,22.01067,21.40931,21.37469,21.65343,7712,301,4,153,1.0321364274854e+19,QSO,1.316898,9167,58064,872
1.2376785975416591e+18,332.656167170247,2.36787915220213,22.09981,21.49068,21.2301,21.37088,20.53561,7712,301,4,147,1.0321299403668e+19,QSO,1.568816,9167,58064,636
1.2376785980783332e+18,332.286428038103,2.74130296791927,21.28614,20.85301,19.84577,18.65384,23.54844,7712,301,5,144,1.0321275214412145e+19,STAR,0.0001695055,9167,58064,548
1.237663479258809e+18,333.359040614193,0.146559575229841,22.76057,22.16555,21.89418,21.84515,21.15919,4192,301,4,178,1.032117983177843e+19,QSO,2.066288,9167,58064,201
1.237678597541266e+18,331.791361863842,2.30840495478254,20.91707,20.55844,20.16861,20.059,19.9854,7712,301,4,141,1.032128703416214e+19,GALAXY,0.0,9167,58064,591
1.2376786179428193e+18,332.798685579869,1.29256740041742,21.53761,21.47638,20.92192,21.10735,21.00425,7717,301,2,148,1.0321211992493543e+19,QSO,1.143606,9167,58064,318
1.2376785959308495e+18,332.212099803426,1.17462772816689,22.91551,21.98527,21.73064,21.8669,22.17887,7712,301,1,144,1.03212537739354e+19,QSO,1.804059,9167,58064,470
1.2376785975414625e+18,332.289196311262,2.38331430999601,20.43316,20.09226,19.89281,19.62624,19.62645,7712,301,4,144,1.032127823806912e+19,QSO,1.532846,9167,58064,559
1.237678596467786e+18,332.385058002517,1.49582434819864,19.33554,19.1257,19.05024,19.06969,19.02587,7712,301,2,145,1.0321283185871444e+19,QSO,0.835991,9167,58064,577
1.2376786174056863e+18,332.189150583611,0.891207931297956,20.98431,20.83077,20.55067,20.21466,20.25094,7717,301,1,144,1.0321251574912143e+19,QSO,1.887136,9167,58064,462
1.2376785975416591e+18,332.684135217398,2.35241603414369,21.83054,21.54954,21.09377,20.84337,21.04235,7712,301,4,147,1.0321310398784231e+19,STAR,1.091191e-05,9167,58064,676
1.2376786174058176e+18,332.510368215321,0.95803875419132,22.99405,22.16861,21.54275,21.455,21.10708,7717,301,1,146,1.0321230684191216e+19,QSO,1.414917,9167,58064,386
1.2376786184801487e+18,333.809088686738,1.88071690059273,20.29622,20.1789,19.91713,20.06277,20.02129,7717,301,3,155,1.0321380767528407e+19,QSO,0.9611523,9167,58064,932
1.2376786179426235e+18,332.362125846359,1.41051420148685,23.60187,23.7385,21.99003,20.61961,19.60914,7717,301,2,145,1.0321245252720284e+19,GALAXY,0.6568653,9167,58064,439
1.2376785975418552e+18,333.125552280753,2.40566099677627,18.84732,18.35741,18.05136,18.01059,18.0277,7712,301,4,150,1.032133128950516e+19,QSO,1.283517,9167,58064,752
1.2376785975414625e+18,332.191476429089,2.35359714435732,21.14035,20.86289,20.73259,20.56528,20.30119,7712,301,4,144,1.0321277963191212e+19,QSO,1.549046,9167,58064,558
1.237663479258743e+18,333.294363630236,0.094369605194595,21.16353,20.7667,20.49028,20.45797,20.25457,4192,301,4,177,1.032118010665634e+19,QSO,0.993043,9167,58064,202
1.237663479258809e+18,333.420848380095,0.16327117728908,23.34675,22.13117,21.74218,21.24006,21.21406,4192,301,4,178,1.0321169111540062e+19,QSO,1.506878,9167,58064,162
1.2376785975423145e+18,334.112642712577,2.38048917352503,21.74891,21.09216,20.93247,20.70296,20.66037,7712,301,4,157,1.0321387914354e+19,QSO,1.609434,9167,58064,958
1.2376785975419868e+18,333.397777194166,2.51092864600678,21.68779,21.47167,21.09575,21.08189,21.32708,7712,301,4,152,1.0321351355592366e+19,QSO,1.092313,9167,58064,825
1.2376785975415936e+18,332.563270090241,2.45011910016753,21.65285,21.4022,21.10274,21.07665,21.10007,7712,301,4,146,1.0321298304156324e+19,QSO,1.210582,9167,58064,632
1.2376785959316362e+18,334.0741682022,1.11292826326589,21.4324,21.40776,21.45235,20.98886,21.30894,7712,301,1,156,1.032113255277844e+19,QSO,1.897409,9167,58064,29
1.2376785975421834e+18,333.860608523052,2.45736698647435,21.2764,21.19705,21.11993,21.02006,20.69525,7712,301,4,155,1.0321374995092363e+19,QSO,1.528067,9167,58064,911
1.2376785975418555e+18,333.102131242207,2.35312989271978,20.5755,20.55678,20.31782,20.14162,20.01746,7712,301,4,150,1.0321331839261e+19,QSO,1.454155,9167,58064,754
1.2376785959312433e+18,333.126784061549,1.22401551281794,22.46639,23.59152,21.65757,20.54868,19.89394,7712,301,1,150,1.0321197973720291e+19,STAR,-0.0002161365,9167,58064,267
1.2376785975419213e+18,333.215268945797,2.41586533766902,21.39675,21.24991,20.93378,20.84661,20.52058,7712,301,4,151,1.0321330189993531e+19,QSO,2.12878,9167,58064,748
1.23767861740549e+18,331.81353168837,1.01615585920247,22.66638,21.4768,21.57884,21.62237,21.45171,7717,301,1,141,1.032125927149354e+19,STAR,-0.001017406,9167,58064,490
1.2376785975417247e+18,332.902682373974,2.37228558830522,20.65468,20.37499,20.1762,19.89956,19.78907,7712,301,4,148,1.0321321943656323e+19,QSO,1.539969,9167,58064,718
1.2376785975415936e+18,332.54258402143,2.45444331645744,20.86947,20.89543,20.58785,20.48674,20.56969,7712,301,4,146,1.032129885391214e+19,QSO,1.232918,9167,58064,634
1.2376785975419213e+18,333.238816283441,2.39162012993686,21.83128,21.79597,21.8577,21.48692,21.45597,7712,301,4,151,1.0321340910231902e+19,QSO,2.124474,9167,58064,787
1.237678596467786e+18,332.397640412967,1.63430047140711,20.52383,20.6084,20.38834,20.40352,20.29535,7712,301,2,145,1.0321284010505165e+19,QSO,1.200906,9167,58064,580
1.2376786174060142e+18,332.955484451059,0.878629499489768,22.70485,21.72865,21.68932,21.49533,21.9649,7717,301,1,149,1.032120704469122e+19,STAR,-0.0009893134,9167,58064,300
1.2376785975422487e+18,334.087624482949,2.52724406973725,20.11775,19.79945,19.56405,19.46201,19.16192,7712,301,4,156,1.0321384890697e+19,QSO,2.111516,9167,58064,947
1.23767859754238e+18,334.310423063024,2.37300191901138,21.76706,21.44377,21.3781,20.96519,21.77631,7712,301,4,158,1.0321387639476085e+19,QSO,1.709165,9167,58064,957
1.2376786184800837e+18,333.694252822067,1.79392580749516,22.60942,21.41381,21.25971,21.07938,20.7422,7717,301,3,154,1.0321369772412131e+19,QSO,2.723454,9167,58064,892
1.2376786179431468e+18,333.559846301886,1.41904454670201,20.16629,19.53006,18.93955,18.61207,18.48976,7717,301,2,153,1.0321168561784248e+19,QSO,1.348464,9167,58064,160
1.2376634792623475e+18,341.442333575953,0.0697621806450085,23.05823,22.05204,22.13708,21.90195,21.88471,4192,301,4,232,1.0303261640586711e+19,GALAXY,0.06981183,9151,58067,551
1.2376634792631995e+18,343.456573394213,0.132783548864571,24.34593,22.61868,21.88983,21.24616,20.7909,4192,301,4,245,1.0303360321755304e+19,QSO,6.462293,9151,58067,910
1.2376637841993902e+18,4.63210300000971,0.0657096473351912,22.46106,22.1155,21.35949,20.90704,20.37959,4263,301,4,146,1.0590233900558342e+19,GALAXY,0.2703407,9406,58067,70
1.237678617407e+18,335.287723142344,0.923115497363324,22.57696,22.28352,21.9113,21.67833,21.41657,7717,301,1,164,1.0322316451974e+19,QSO,1.181425,9168,58067,240
1.2376786174064732e+18,334.124343222298,0.904169077821462,22.49231,22.12374,21.77118,21.54987,21.34679,7717,301,1,156,1.032237115267746e+19,QSO,1.044286,9168,58067,439
1.2376634792628068e+18,342.515280587558,0.139490421693223,26.24065,25.02512,22.05693,20.78541,19.76686,4192,301,4,239,1.030329352642392e+19,GALAXY,0.7718661,9151,58067,667
1.23766347926261e+18,342.129529391597,0.0504279716153712,24.83906,22.88705,22.30487,21.92636,22.50741,4192,301,4,236,1.0303272910580896e+19,QSO,1.08234,9151,58067,592
1.237678618480673e+18,335.027509746785,1.76335269698436,20.3397,20.22797,20.09101,19.91621,19.59182,7717,301,3,163,1.0322441796299545e+19,QSO,1.982584,9168,58067,696
1.2376634787254769e+18,341.410300034886,-0.259563497108088,23.64517,22.4968,22.14997,21.87918,21.50326,4192,301,3,232,1.0303247896691364e+19,GALAXY,1.454937,9151,58067,501
1.2376786184802145e+18,333.972749581818,1.88926215193993,25.31123,22.82172,21.58045,20.38747,19.61208,7717,301,3,156,1.0322389844375132e+19,STAR,-4.206682e-05,9168,58067,507
1.2376634792630684e+18,343.060897815209,0.0127132288325605,23.08447,23.01563,22.03595,21.60019,21.24582,4192,301,4,243,1.0303338881278564e+19,QSO,1.618254,9151,58067,832
1.2376786190178063e+18,335.70339478351,2.2818407416954,21.98246,22.16693,21.86223,21.47462,21.0762,7717,301,4,167,1.0322492098956515e+19,QSO,1.478893,9168,58067,879
1.2376785964690967e+18,335.380249688099,1.72008292141437,21.15881,21.01185,20.71532,20.25028,20.23396,7712,301,2,165,1.0322473132380936e+19,QSO,1.741147,9168,58067,810
1.2376634792630687e+18,343.085588147493,0.192104130607835,22.42105,22.55482,22.01598,21.80808,21.46143,4192,301,4,243,1.0303338056644844e+19,QSO,1.846172,9151,58067,829
1.2376634792631342e+18,343.329015584512,0.0628820623830794,22.26698,21.97371,21.80792,21.53811,21.96218,4192,301,4,244,1.0303360596633213e+19,QSO,1.618589,9151,58067,911
1.2376634792630692e+18,343.153243905736,0.0283497960377138,22.56716,24.12459,21.98305,20.69029,19.91203,4192,301,4,243,1.030335180054019e+19,GALAXY,0.8992414,9151,58067,879
1.237663479263331e+18,343.71001466643,0.0120549242142592,23.52549,22.57484,21.47427,20.413,19.48092,4192,301,4,247,1.0303370492237865e+19,GALAXY,0.6973024,9151,58067,947
1.2376634803339272e+18,336.597012241819,0.937100849635432,23.23474,22.32916,22.23465,21.93312,21.74526,4192,301,6,199,1.0322252130543751e+19,QSO,1.947217,9168,58067,6
1.237678597542642e+18,334.904853315141,2.39417617227026,20.91304,20.69071,20.41439,20.02526,19.77811,7712,301,4,162,1.0322435199229776e+19,QSO,1.684891,9168,58067,672
1.2376785975427077e+18,335.081810108181,2.48595245256886,20.96062,20.66963,20.41076,20.2918,20.5243,7712,301,4,163,1.0322445094834428e+19,QSO,2.130712,9168,58067,708
1.2376785975431662e+18,336.175143293564,2.47269684337148,18.47835,17.49837,17.18938,17.07072,17.0379,7712,301,4,170,1.0322510790654188e+19,STAR,-0.0006718289,9168,58067,947
1.237678595944284e+18,2.88477513210796,1.49063834059769,19.16559,19.07357,19.0556,18.82552,18.74828,7712,301,1,349,1.0590364192686232e+19,QSO,1.656637,9406,58067,544
1.237678597542642e+18,334.878293853903,2.49596182460646,19.65735,18.96127,18.71444,18.50768,18.20236,7712,301,4,162,1.0322433549962336e+19,QSO,2.215896,9168,58067,666
1.2376634787260664e+18,342.890259812328,-0.415769597672512,21.7943,21.89383,21.62706,21.5544,21.36683,4192,301,3,241,1.0303322663482057e+19,GALAXY,1.272875,9151,58067,773
1.2376634803331407e+18,334.754182535558,0.88510100500801,23.47745,23.31987,21.73588,20.54342,19.87383,4192,301,6,187,1.0322348062933277e+19,GALAXY,0.7585877,9168,58067,355
1.2376785975429043e+18,335.496361393149,2.44155993385682,20.66966,20.45322,19.99732,19.64344,19.29063,7712,301,4,166,1.0322467634822795e+19,QSO,2.032367,9168,58067,790
1.2376785964691633e+18,335.511874973402,1.64590602089851,25.50131,22.92196,22.55234,21.19552,19.98282,7712,301,2,166,1.0322486051642565e+19,GALAXY,0.8321748,9168,58067,857
1.237678881549649e+18,342.15466585853,-1.64020616140078,23.2791,23.36005,22.35427,21.07537,20.05617,7778,301,5,197,1.0303213811830905e+19,QSO,0.8316076,9151,58067,377
1.2376634787256727e+18,341.85326118742,-0.340344282153601,21.93404,20.63673,20.43415,20.5382,21.06658,4192,301,3,235,1.030325559327276e+19,STAR,-0.0007837468,9151,58067,529
1.2376637841995215e+18,4.84689287407259,0.0557894942054393,23.01682,22.8552,22.60337,21.46398,21.4114,4263,301,4,148,1.0590222630564155e+19,GALAXY,0.8625203,9406,58067,29
1.2376785975427735e+18,335.23739110545,2.46795643028302,22.44694,22.1607,21.98629,21.79349,21.60276,7712,301,4,164,1.0322456089950704e+19,QSO,1.24159,9168,58067,748
1.2376571909074455e+18,5.09658817288351,-0.186313302935706,19.52687,19.38479,19.3728,18.97205,19.05479,2728,301,3,447,1.0590216308372296e+19,QSO,1.642302,9406,58067,6
1.2376634787258696e+18,342.381039468353,-0.335644660023419,23.31309,21.52183,21.00342,22.17044,20.41958,4192,301,3,238,1.0303286929354152e+19,STAR,-4.820284e-05,9151,58067,643
1.23766347872587e+18,342.428086380656,-0.372821284612969,22.05195,22.04175,21.76458,21.47415,21.29247,4192,301,3,238,1.030328802886578e+19,QSO,1.535128,9151,58067,647
1.237679998235313e+18,343.351678664808,-1.83028735197035,25.88139,23.45703,21.75517,20.59221,19.84685,8038,301,5,108,1.030314399284254e+19,GALAXY,0.6353942,9151,58067,123
1.237663478726e+18,342.607794203068,-0.237495054549805,22.83047,22.387,22.35038,22.05487,22.46294,4192,301,3,240,1.0303310568854147e+19,QSO,1.965685,9151,58067,729
1.2376786179439345e+18,335.408949330348,1.4224217230609,25.35108,23.17944,21.68666,20.34211,19.67777,7717,301,2,165,1.0322309580026305e+19,GALAXY,0.6730606,9168,58067,215
1.2376634792632655e+18,343.621668730386,0.121074088519946,24.07847,23.64118,22.43271,20.67517,19.9546,4192,301,4,246,1.0303369942482e+19,GALAXY,0.8146964,9151,58067,945
1.2376634787258696e+18,342.353884034953,-0.276984225507732,22.12356,22.12916,21.48356,22.50001,21.51569,4192,301,3,238,1.0303287753987873e+19,QSO,0.5198511,9151,58067,646
1.237663480333468e+18,335.48060437178,0.846866297293405,22.34096,23.12741,21.17899,20.15644,19.33856,4192,301,6,192,1.0322304632224e+19,GALAXY,0.5120884,9168,58067,197
1.2376785975425766e+18,334.824263183795,2.45111066147049,21.26255,20.93962,20.74865,20.57619,20.74002,7712,301,4,161,1.0322433000206522e+19,QSO,1.311166,9168,58067,664
1.2376634792628065e+18,342.497577669394,0.0944975624846548,23.95669,22.04625,21.58198,21.48511,21.90666,4192,301,4,239,1.0303294900813451e+19,QSO,3.022532,9151,58067,672
1.237663479262937e+18,342.850733546483,0.0557177243166051,21.76913,21.30635,20.9678,20.9036,20.85217,4192,301,4,241,1.0303327886162289e+19,QSO,0.8694044,9151,58067,792
1.237663783125189e+18,3.54805943988003,-0.828993783645039,24.60054,23.65705,22.37174,21.53168,21.34632,4263,301,2,139,1.0590303994424613e+19,GALAXY,0.8531509,9406,58067,325
1.2376785964694907e+18,336.367985425867,1.7522124050234,24.1418,25.31924,22.40237,20.91775,19.9753,7712,301,2,171,1.0322524534549537e+19,GALAXY,0.7266014,9168,58067,997
1.237663479262479e+18,341.840020977255,0.0833119006294379,22.43548,22.46775,21.571,21.80858,21.37103,4192,301,4,234,1.030326191546462e+19,QSO,1.27486,9151,58067,552
1.2376634792632e+18,343.47469555655,0.115385004072056,23.96113,22.35276,22.26366,21.81123,22.55213,4192,301,4,245,1.0303372691261118e+19,STAR,0.001125413,9151,58067,955
1.2376634792624136e+18,341.616926390756,0.121648537495758,22.88007,22.45063,22.10801,21.85991,21.1934,4192,301,4,233,1.0303259991319271e+19,STAR,-9.517949e-05,9151,58067,545
1.2376634792630687e+18,343.134157907752,0.102469982998209,22.44645,22.05551,21.93335,21.65026,21.82302,4192,301,4,243,1.0303337781766937e+19,QSO,1.492887,9151,58067,828
1.237663478726394e+18,343.605843233385,-0.292608287573108,21.5844,21.15813,21.11641,20.75954,21.00206,4192,301,3,246,1.0303364994679724e+19,QSO,0.6046085,9151,58067,927
1.237678597542576e+18,334.853388056356,2.40779502184724,18.46065,18.34158,18.10519,18.05034,17.77084,7712,301,4,161,1.0322434649474e+19,QSO,0.2852544,9168,58067,670
1.237678619018134e+18,336.430814613277,2.348890425509,21.53154,21.14513,20.95442,20.79732,20.42245,7717,301,4,172,1.0322520686258835e+19,QSO,0.8488367,9168,58067,983
1.2376637841992586e+18,4.2520129794579,0.129056409105383,22.86526,22.94216,22.10271,21.49748,21.39187,4263,301,4,144,1.0590255066157177e+19,GALAXY,0.8445074,9406,58067,147
1.2376637841992584e+18,4.20625601086445,0.153284375729553,22.11597,22.22484,21.65718,21.00777,20.41691,4263,301,4,144,1.0590255615913e+19,GALAXY,0.827822,9406,58067,149
1.2376634792628723e+18,342.630076642538,0.13137451647859,24.11694,23.53156,22.00573,20.81261,19.9885,4192,301,4,240,1.0303303971784382e+19,STAR,4.16286e-05,9151,58067,705
1.2376786174066696e+18,334.501933692163,1.06851644934346,24.00749,22.10531,22.02268,22.09351,21.8332,7717,301,1,159,1.0322373076822809e+19,QSO,3.150012,9168,58067,446
1.2376785975425108e+18,334.604690617786,2.36988366502828,20.64259,20.27517,19.89377,20.02014,19.79206,7712,301,4,160,1.0322412659241409e+19,QSO,0.9924716,9168,58067,590
1.237663783662322e+18,4.18305229811267,-0.377761514191763,21.91764,21.9553,21.54452,21.42748,21.85878,4263,301,3,143,1.0590262212982755e+19,GALAXY,1.059405,9406,58067,173
1.2376634792628723e+18,342.609589286308,0.0800730721286027,25.15026,24.6821,22.43666,21.01936,20.01205,4192,301,4,240,1.0303305621051824e+19,STAR,0.00012003,9151,58067,711
1.2376634792628723e+18,342.720856851476,0.148971117613379,23.02841,23.1375,21.8725,20.72587,19.63487,4192,301,4,240,1.03033166161681e+19,STAR,4.38448e-05,9151,58067,751
1.2376786174197112e+18,4.29662302376983,1.44366787028862,24.20165,23.1095,22.7522,22.10525,20.93274,7717,301,1,358,1.0590452703372268e+19,GALAXY,0.928218,9406,58067,866
1.2376634792631342e+18,343.262111966706,0.0297404825359717,22.10863,22.02124,21.87699,21.63417,22.20053,4192,301,4,244,1.0303362795656468e+19,QSO,1.659943,9151,58067,919
1.2376792546725071e+18,36.8491641624668,-4.03750443311546,20.38225,19.94596,19.94335,19.69992,19.89004,7865,301,4,160,1.0491150585604364e+19,QSO,1.819172,9318,58068,55
1.237678879951356e+18,10.175912645974,-3.10243734017665,22.59093,23.12088,22.25331,21.62912,20.94847,7778,301,2,385,1.052619696898391e+19,GALAXY,0.9076662,9349,58068,577
1.2376794345234107e+18,11.2908936763944,-2.75468207047281,23.39168,22.69824,22.15433,21.45803,20.71816,7907,301,3,147,1.0526248646030416e+19,GALAXY,0.7785875,9349,58068,765
1.2376794345233454e+18,11.1984666939847,-2.78293035489781,22.20721,22.13946,21.55131,20.72939,20.83215,7907,301,3,146,1.0526249470664137e+19,GALAXY,0.675852,9349,58068,768
1.2376785959355028e+18,342.855096557758,1.36542968542699,22.38019,22.35356,22.01939,21.80078,21.91123,7712,301,1,215,1.0325638351496172e+19,QSO,1.209607,9171,58068,37
1.2376788810250982e+18,10.1780012635354,-2.13884766078327,22.57517,21.78842,21.87088,21.54813,20.5916,7778,301,4,385,1.0526187898013e+19,GALAXY,1.255323,9349,58068,544
1.2376794345233454e+18,11.1917096785585,-2.82522045948904,22.83081,22.60972,22.04456,21.67374,21.04521,7907,301,3,146,1.052623847554786e+19,GALAXY,0.8538038,9349,58068,728
1.23767943452328e+18,11.0453564956738,-2.84787000231416,22.91926,22.54412,21.88242,21.29284,21.10222,7907,301,3,145,1.052623930018158e+19,GALAXY,0.8547719,9349,58068,731
1.2376788799520123e+18,11.7622787229412,-3.01522698434128,25.85473,23.74156,23.3497,22.14996,22.74536,7778,301,2,395,1.052628438015832e+19,GALAXY,1.300249,9349,58068,895
1.2376785959347817e+18,341.272346904109,1.26310256648659,21.43326,21.56292,21.54988,21.67597,21.24421,7712,301,1,204,1.032575380021709e+19,STAR,-0.002675624,9171,58068,457
1.237663479262414e+18,341.654481362626,0.184772287637279,25.96898,23.26111,21.23474,20.04261,19.37436,4192,301,4,233,1.0325696075856632e+19,GALAXY,0.6426451,9171,58068,247
1.23766347926261e+18,342.007447539626,0.103165062769947,23.12255,22.30978,21.93297,21.55281,21.09296,4192,301,4,236,1.032567820879268e+19,GALAXY,0.01601929,9171,58068,182
1.2376786184838843e+18,342.417262823549,1.97766594238416,21.14868,21.52391,21.08522,21.10768,21.05741,7717,301,3,212,1.0325872272595e+19,QSO,1.320692,9171,58068,888
1.2376794334501937e+18,12.5450277284893,-3.54923604739113,23.10674,22.49794,21.75329,21.05789,20.9065,7907,301,1,155,1.0526045786135091e+19,GALAXY,0.7894072,9349,58068,27
1.2376792552093783e+18,36.7721480283033,-3.58854932427917,26.60456,21.35875,20.5834,20.05387,19.32669,7865,301,5,160,1.0491156083162503e+19,GALAXY,0.7049003,9318,58068,75
1.2376794334501937e+18,12.5063330216529,-3.71004342680851,22.55408,22.7068,21.50907,20.986,20.62536,7907,301,1,155,1.0526044686623463e+19,GALAXY,0.9704113,9349,58068,23
1.2376794334494728e+18,10.8987914030171,-3.65829804838377,23.72701,22.70919,21.94481,20.84469,20.61259,7907,301,1,144,1.0526134571699e+19,GALAXY,0.8893229,9349,58068,350
1.2376786174101427e+18,342.461536043885,1.05812996106854,22.42423,22.64833,21.76453,21.76426,22.04024,7717,301,1,212,1.0325668038310124e+19,QSO,1.339545,9171,58068,145
1.237679255209509e+18,37.0594728208199,-3.54022269564136,24.06348,22.99769,22.56009,21.82577,20.92074,7865,301,5,162,1.0491145362924132e+19,GALAXY,0.9912632,9318,58068,36
1.2376794334492104e+18,10.2154697190879,-3.55343911971841,24.06221,22.88583,22.65039,22.69128,22.51591,7907,301,1,140,1.052615738656531e+19,QSO,1.049986,9349,58068,433
1.2376785959355028e+18,342.923955200376,1.38774996096831,22.58407,22.37467,21.95717,21.94377,21.31475,7712,301,1,215,1.0325638076618269e+19,QSO,1.896298,9171,58068,36
1.23767861741047e+18,343.242573844344,1.14549961847707,22.56366,21.90947,21.64738,21.95233,21.32959,7717,301,1,217,1.0325630929792686e+19,GALAXY,0.01657831,9171,58068,10
1.237678889599239e+18,36.3088276096122,-1.97852179294654,23.38865,22.73588,22.33046,21.99324,21.59107,7780,301,4,144,1.0491373511586896e+19,GALAXY,0.001205874,9318,58068,866
1.2376786174098153e+18,341.66603720913,1.04474972811352,22.29458,22.09767,21.66557,21.86027,21.91649,7717,301,1,207,1.0325718890722908e+19,QSO,1.645744,9171,58068,330
1.2376794345232796e+18,10.9420111326167,-2.70857613073429,22.60739,22.26751,21.67105,21.56005,21.19381,7907,301,3,145,1.0526226930675767e+19,QSO,2.280017,9349,58068,686
1.2376788799627597e+18,36.3610055403086,-2.76344174088238,22.41379,22.55215,21.90839,21.19138,20.87362,7778,301,2,559,1.04913776347555e+19,GALAXY,0.792707,9318,58068,881
1.2376788810250327e+18,10.1065022930473,-2.21224508575808,25.05763,22.80019,22.83345,22.08962,23.21513,7778,301,4,384,1.0526188722646702e+19,GALAXY,0.7892236,9349,58068,547
1.2376788810251633e+18,10.3299972904809,-2.15863015694272,22.62615,22.64453,23.60552,22.35951,20.89771,7778,301,4,386,1.0526199717763e+19,GALAXY,1.150818,9349,58068,587
1.2376794345234107e+18,11.3350070735918,-2.7069509609769,24.43159,22.18369,21.71036,21.20134,20.63053,7907,301,3,147,1.05262599160246e+19,GALAXY,0.7550604,9349,58068,806
1.237678879952077e+18,11.8616342051801,-3.10435522758276,22.58051,22.38366,23.10257,22.37435,21.0804,7778,301,2,396,1.0526296474786224e+19,GALAXY,0.943078,9349,58068,939
1.237679255208526e+18,34.7720798786882,-3.56992579563179,23.04228,22.66422,22.03242,22.615,22.15268,7865,301,5,147,1.0491267133836909e+19,GALAXY,1.009869,9318,58068,479
1.2376793233981445e+18,34.8534059326912,-4.17737641568299,22.63614,22.22431,21.33529,21.04333,20.17754,7881,301,4,254,1.0491259987011328e+19,GALAXY,0.7612551,9318,58068,453
1.2376785975457224e+18,341.990501749148,2.6704332827995,21.65679,21.4614,21.15335,20.97743,21.33055,7712,301,4,209,1.0325832140420567e+19,QSO,1.387821,9171,58068,742
1.237678879962301e+18,35.2206180095216,-2.76166146799076,23.90523,22.71436,21.84749,21.44977,21.2721,7778,301,2,552,1.0491301493575277e+19,GALAXY,0.7370814,9318,58068,604
1.2376786184834255e+18,341.34784741331,1.87869700833229,19.86884,19.48019,19.25661,19.02583,18.88938,7717,301,3,205,1.0325794757025225e+19,QSO,0.6780998,9171,58068,606
1.2376788895989112e+18,35.5528869537123,-2.07859493596012,25.34877,22.95891,22.19344,21.7155,21.20247,7780,301,4,139,1.0491328981366e+19,GALAXY,0.7374834,9318,58068,704
1.2376794345238694e+18,12.3062766337212,-2.72222220620612,25.70005,22.20466,21.48043,20.70807,21.62369,7907,301,3,154,1.0526304721123432e+19,GALAXY,0.7887791,9349,58068,969
1.237678595934782e+18,341.183762159113,1.25716577872108,22.88832,21.31242,21.01424,21.01096,20.7485,7712,301,1,204,1.0325753525339183e+19,QSO,2.97196,9171,58068,456
1.2376794334495383e+18,11.090785629579,-3.66215595630782,22.34234,22.47042,21.85171,21.00214,20.89824,7907,301,1,145,1.0526122751949e+19,GALAXY,0.7804089,9349,58068,307
1.2376794334500623e+18,12.2428328343725,-3.68246950300288,23.85115,22.3312,21.93924,21.01676,20.65751,7907,301,1,153,1.0526062278809508e+19,GALAXY,0.8441684,9349,58068,87
1.2376634803358935e+18,341.046243640162,0.873708975300619,24.52974,25.24643,21.9962,20.93951,20.03252,4192,301,6,229,1.03257581982636e+19,GALAXY,0.8651819,9171,58068,473
1.237679255209509e+18,37.0687014551603,-3.5710764313299,23.00674,21.79105,21.10949,20.34437,19.97816,7865,301,5,162,1.0491140689999714e+19,GALAXY,0.7790102,9318,58068,19
1.2376788895986483e+18,34.9502098352066,-2.06355177520232,18.88199,18.02531,17.69935,17.5771,17.54687,7780,301,4,135,1.049128500090086e+19,STAR,-0.0004486129,9318,58068,544
1.237678879415403e+18,12.3932600791995,-3.3213205193512,22.89128,22.33762,21.87348,21.1643,21.24364,7778,301,1,399,1.0526059530030438e+19,QSO,6.37154,9349,58068,77
1.237678596471784e+18,341.601269247098,1.78507979472538,23.22267,22.16196,21.9116,21.97333,22.55188,7712,301,2,206,1.0325817297013594e+19,GALAXY,0.1748297,9171,58068,688
1.237678879962891e+18,36.5626863525816,-2.73576278372168,24.12019,22.81318,22.05792,21.20504,20.65063,7778,301,2,561,1.0491388904749685e+19,GALAXY,0.855378,9318,58068,922
1.2376785959355684e+18,343.093514326173,1.30110460376829,22.60674,22.21121,21.82336,21.79486,21.73237,7712,301,1,216,1.0325632579060128e+19,QSO,2.13941,9171,58068,16
1.2376634803365484e+18,342.493859181644,0.966824986833301,22.52542,21.86826,21.64746,21.36839,21.34916,4192,301,6,239,1.0325656218560125e+19,QSO,1.510302,9171,58068,102
1.2376634792624783e+18,341.71708197753,0.0970053093588944,21.35068,21.23301,20.63018,20.63859,20.47439,4192,301,4,234,1.0325694701467095e+19,QSO,1.309817,9171,58068,242
1.2376794345236073e+18,11.7185808950026,-2.80141920876159,23.24598,22.45627,21.73286,21.34005,21.46001,7907,301,3,150,1.0526281356501342e+19,GALAXY,0.7943872,9349,58068,884
1.2376788810250988e+18,10.2386091568231,-2.07176225384437,22.83674,22.7413,21.93088,21.08181,20.41218,7778,301,4,385,1.0526187348257167e+19,GALAXY,0.8261186,9349,58068,542
1.2376786184842122e+18,343.230471788714,2.01335261207317,22.00933,22.01819,21.40603,21.32058,21.50402,7717,301,3,217,1.0325900035263584e+19,QSO,1.292092,9171,58068,989
1.237678597545329e+18,341.086883271,2.53782645357688,21.47446,21.09623,21.05917,20.68583,20.60541,7712,301,4,203,1.032578898458918e+19,QSO,1.780871,9171,58068,585
1.23767861848336e+18,341.19313537699,2.06148011810198,19.39365,18.99688,18.73339,18.53248,18.49347,7717,301,3,204,1.032578376190895e+19,QSO,1.475634,9171,58068,566
1.2376794334501937e+18,12.5571707431788,-3.71739709661952,23.06802,22.98672,22.71532,21.4571,21.50706,7907,301,1,155,1.052604496150137e+19,GALAXY,0.6024916,9349,58068,24
1.2376792546716557e+18,34.8836818186653,-4.09616267791274,24.54176,22.81438,22.58251,21.80495,21.29198,7865,301,4,147,1.0491261911156677e+19,GALAXY,0.7549247,9318,58068,460
1.2376786179462267e+18,340.570177545516,1.56230209174378,19.09659,18.76143,18.49755,18.58061,18.44262,7717,301,2,200,1.0325770292891509e+19,QSO,0.8455169,9171,58068,517
1.2376794334501937e+18,12.5097581324777,-3.66117179307423,22.78011,23.26213,22.54943,21.26524,20.98594,7907,301,1,155,1.0526046061013e+19,GALAXY,0.9168524,9349,58068,28
1.2376788799511598e+18,9.81067774736377,-3.05698507458464,24.18023,24.65379,23.14706,23.94551,22.32796,7778,301,2,382,1.0526179376797864e+19,GALAXY,1.802111,9349,58068,513
1.2376634792627415e+18,342.398721572214,0.190387439913516,24.33155,25.31594,22.17375,21.01527,20.05306,4192,301,4,238,1.0325661441240357e+19,GALAXY,0.6981364,9171,58068,121
1.2376786174100116e+18,342.084423505619,1.21287322140567,23.57665,22.41473,22.58752,22.26953,21.95111,7717,301,1,210,1.0325704047315931e+19,QSO,2.229088,9171,58068,276
1.2376788879881672e+18,35.1978972618147,-3.28312823536892,24.32129,23.46714,22.39534,22.95559,22.64895,7780,301,1,137,1.0491304517232253e+19,GALAXY,0.2239701,9318,58068,615
1.2376788810250982e+18,10.2271069000758,-2.22860847154673,22.63454,22.7393,22.64141,20.99814,21.14775,7778,301,4,385,1.0526188997524607e+19,GALAXY,0.8994606,9349,58068,548
1.2376793228617976e+18,36.0044138049677,-4.52619602104592,25.35011,22.42389,22.00308,21.38922,21.35857,7881,301,3,262,1.0491195115825287e+19,GALAXY,0.8277795,9318,58068,217
1.2376786179474063e+18,343.376051968917,1.62535947614605,20.28669,20.04779,19.86598,19.54507,19.35386,7717,301,2,218,1.0325633403693849e+19,QSO,1.636338,9171,58068,19
1.2376786174100767e+18,342.245452613839,1.208187018253,22.6358,22.41719,21.87715,21.72428,22.02931,7717,301,1,211,1.032568810439733e+19,QSO,2.846963,9171,58068,218
1.2376793244726075e+18,36.4532786808505,-3.42820270077715,21.09469,23.38202,21.67928,20.35183,19.77484,7881,301,6,265,1.0491166528523e+19,QSO,1.024218,9318,58068,113
1.2376792541355707e+18,36.7203214041138,-4.43269840445628,21.64758,21.80444,20.94476,20.28782,20.25528,7865,301,3,159,1.0491149211214828e+19,GALAXY,0.6882104,9318,58068,50
1.2376786174104049e+18,342.965227841345,1.14878347372474,21.99827,21.53067,21.31318,21.29574,21.23307,7717,301,1,216,1.0325635877595e+19,QSO,0.8106249,9171,58068,28
1.2376786184837532e+18,342.046526418632,2.08413949204384,21.46274,21.36184,21.38937,20.98647,21.02486,7717,301,3,210,1.03258491828508e+19,QSO,1.775793,9171,58068,804
1.2376793244718863e+18,34.8684245494543,-3.42951682458496,23.79545,23.02423,22.69093,21.82784,21.55769,7881,301,6,254,1.0491283076755511e+19,GALAXY,1.293307,9318,58068,537
1.2376785975453292e+18,341.035153994944,2.62850583677028,21.92996,21.79434,21.42712,21.28794,21.43844,7712,301,4,203,1.0325776889961271e+19,QSO,1.021053,9171,58068,541
1.237679255206298e+18,29.7125667064157,-3.84593439109424,22.91317,23.09021,22.62143,21.612,21.26126,7865,301,5,113,1.049462366797538e+19,GALAXY,0.7830575,9321,58069,402
1.2376632049175764e+18,7.76084620298374,0.650755859333714,22.79282,22.71282,21.84369,21.69951,20.4494,4128,301,5,175,1.0594748770213452e+19,GALAXY,0.8072765,9410,58069,111
1.2376634626055867e+18,346.870657302978,0.709289304500195,22.50873,21.90872,21.78653,21.81237,21.05307,4188,301,5,22,1.0327916264727796e+19,QSO,1.714978,9173,58069,132
1.2376634626052593e+18,346.050179431493,0.741407998131203,23.21607,22.51852,21.75943,21.12403,20.60516,4188,301,5,17,1.0327961894460348e+19,QSO,0.6170394,9173,58069,298
1.237663462605063e+18,345.631360257241,0.691627165454003,26.80472,22.95872,21.50512,20.32357,19.62877,4188,301,5,14,1.0327994604931277e+19,GALAXY,0.5988404,9173,58069,417
1.2376785975435597e+18,337.081694672932,2.46804288410713,21.72568,21.51813,21.21839,21.00036,20.81262,7712,301,4,176,1.0323572644042269e+19,QSO,1.046989,9169,58069,714
1.2376786184852603e+18,345.580519391931,1.97447909060312,18.88096,18.49444,18.54747,18.34552,18.16525,7717,301,3,233,1.032803446222778e+19,QSO,0.4492692,9173,58069,562
1.237678881033487e+18,29.4270117652342,-1.99780451995339,25.66724,23.1043,23.13638,21.86656,21.32244,7778,301,4,513,1.0494677818923e+19,GALAXY,0.7679145,9321,58069,599
1.237663480333862e+18,336.308478529381,0.899274651439354,26.18556,23.97329,22.34916,20.73849,19.99237,4192,301,6,198,1.0323509147245765e+19,QSO,0.5898397,9169,58069,483
1.2376786174084388e+18,338.483097649702,1.0492195303503,23.14373,23.06083,22.38191,22.23534,21.83582,7717,301,1,186,1.0323384627553917e+19,QSO,1.420802,9169,58069,30
1.2376786179493071e+18,347.67186775239,1.71260433587739,19.97185,19.94102,19.94485,19.78659,19.53424,7717,301,2,247,1.0328153484361488e+19,QSO,1.967044,9173,58069,995
1.2376632049173796e+18,7.36764761597487,0.805301286252438,22.49863,22.25685,21.93308,21.37491,20.5309,4128,301,5,172,1.0594783679707632e+19,GALAXY,0.786819,9410,58069,238
1.237679324474245e+18,40.1341277823949,-3.08843444291528,25.78224,23.1948,22.58185,22.09978,22.1444,7881,301,6,290,1.0493647301649912e+19,GALAXY,0.7626945,9320,58069,946
1.237663462605259e+18,346.044971506691,0.707298887522678,21.86203,21.5049,21.15321,21.11064,21.09105,4188,301,5,17,1.0327961344704537e+19,QSO,1.106454,9173,58069,296
1.2376786184851297e+18,345.334749168025,1.98364114467608,20.07361,19.27167,19.20472,19.0479,18.65302,7717,301,3,231,1.0328026765646387e+19,QSO,2.292263,9173,58069,534
1.2376786179486523e+18,346.183502822011,1.69872349835301,24.09527,22.97074,21.86176,20.73466,19.92021,7717,301,2,237,1.0328082290983588e+19,GALAXY,0.6512606,9173,58069,736
1.2376634626057838e+18,347.285915235753,0.815696166100758,24.07562,23.08727,21.97453,20.6135,19.86055,4188,301,5,25,1.0327896198640589e+19,GALAXY,0.7159453,9173,58069,59
1.237678597547296e+18,345.636128687893,2.59090733764838,25.61757,23.6519,22.16333,20.61407,19.89936,7712,301,4,233,1.0328052329291733e+19,STAR,-0.000144605,9173,58069,627
1.2376786179448507e+18,337.527789109918,1.41183263038408,19.39323,18.65552,18.61027,18.35777,18.32368,7717,301,2,179,1.032359655842017e+19,QSO,2.262326,9169,58069,801
1.2376788810332902e+18,28.968491085438,-2.01624337938143,24.27942,22.71563,21.70428,20.84879,20.26318,7778,301,4,510,1.0494651155766071e+19,GALAXY,0.933432,9321,58069,502
1.2376786174124362e+18,347.691007579607,1.29067974287679,22.43727,21.68248,21.24222,21.62474,21.06874,7717,301,1,247,1.0327883829134776e+19,GALAXY,0.2668516,9173,58069,14
1.2376793228627151e+18,38.1080183662125,-4.56834788966489,23.87786,22.78782,21.99643,21.68233,20.97091,7881,301,3,276,1.0493504090260396e+19,GALAXY,0.7548461,9320,58069,425
1.237678617957958e+18,7.39663901495021,1.6578230308666,24.83684,22.40216,21.76792,20.99038,20.50443,7717,301,2,379,1.0594934587678544e+19,GALAXY,0.7984237,9410,58069,787
1.2376634626050624e+18,345.616694271821,0.634074254148706,21.34223,19.56083,18.31887,17.76665,17.40397,4188,301,5,14,1.032799487980918e+19,GALAXY,0.1952607,9173,58069,418
1.2376634626055867e+18,346.905500042678,0.736805099217553,25.6951,22.58273,22.00311,22.03761,21.93756,4188,301,5,22,1.0327916814483608e+19,GALAXY,1.597464,9173,58069,134
1.237663480334124e+18,337.01979164376,0.863565127851785,23.43617,23.58825,21.87758,20.46049,19.6679,4192,301,6,202,1.032348055994344e+19,GALAXY,0.6489804,9169,58069,379
1.237663462605e+18,345.506938180558,0.636727510675341,20.89089,20.82166,20.46491,20.27677,20.26167,4188,301,5,13,1.0328002301512667e+19,QSO,1.456909,9173,58069,445
1.2376664084361385e+18,345.677196996455,0.385566584886226,20.7961,20.71014,20.55056,20.48284,20.38638,4874,301,4,325,1.0327990756640575e+19,QSO,1.003281,9173,58069,403
1.2376785964831214e+18,7.3776478017312,1.94740950911975,22.03944,22.07644,21.76626,21.32392,20.66799,7712,301,2,379,1.0594937611335522e+19,GALAXY,0.9273857,9410,58069,798
1.237663462605914e+18,347.571416160058,0.811627531936614,18.87478,17.93982,17.65439,17.54299,17.55058,4188,301,5,27,1.0327894824251054e+19,STAR,-0.0004382656,9173,58069,54
1.2376792541366848e+18,39.2892045118852,-4.34044053287929,22.70705,22.75057,22.02555,21.38037,21.50176,7865,301,3,176,1.0493451313702265e+19,GALAXY,0.7817708,9320,58069,233
1.237663462605325e+18,346.286677957383,0.717732773842889,25.06102,22.02152,21.21791,20.96089,21.02631,4188,301,5,18,1.0327950349588257e+19,QSO,3.889583,9173,58069,256
1.2376792552068224e+18,30.9235642518523,-3.8191737328275,24.77546,22.77468,22.24471,21.59118,22.30628,7865,301,5,121,1.0494540929725389e+19,GALAXY,0.7492744,9321,58069,101
1.2376634626057185e+18,347.208673198489,0.671198224535745,23.16205,25.16637,21.30825,20.29378,19.61495,4188,301,5,24,1.032790609424524e+19,GALAXY,0.6263173,9173,58069,95
1.2376634626051937e+18,346.020991677806,0.688511614877109,22.16986,21.74332,21.50212,21.26182,20.81746,4188,301,5,16,1.0327971240309185e+19,QSO,1.96581,9173,58069,332
1.237663462605128e+18,345.7527259374,0.656838484075994,22.05037,22.13232,21.66245,21.59291,21.48476,4188,301,5,15,1.032798333493709e+19,QSO,1.083469,9173,58069,376
1.2376634626056527e+18,347.059951699392,0.751760727398766,22.28126,22.59728,21.94855,21.63484,21.67823,4188,301,5,23,1.0327907468634771e+19,QSO,1.251908,9173,58069,100
1.2376788799604004e+18,30.9312599573674,-2.7677366712788,23.6602,22.7388,22.73469,22.34646,21.47262,7778,301,2,523,1.049455164996376e+19,GALAXY,1.437783,9321,58069,140
1.237663462604931e+18,345.335732898744,0.670076476548583,22.34623,22.2009,22.04192,22.12834,21.43483,4188,301,5,12,1.032800669955918e+19,QSO,1.61242,9173,58069,461
1.2376792552064947e+18,30.2298960134348,-3.73790746645514,24.45562,22.56412,22.20873,21.54448,21.5381,7865,301,5,116,1.0494591507260266e+19,GALAXY,0.7779199,9321,58069,285
1.237678596469949e+18,337.401309449076,1.6004913888267,22.6613,21.49633,20.94045,20.60543,20.08918,7712,301,2,178,1.0323589961350404e+19,QSO,0.6780426,9169,58069,777
1.2376793228631089e+18,39.1097218077796,-4.51707385225846,24.91125,22.92941,22.52747,22.47258,21.50481,7881,301,3,282,1.0493459834917378e+19,GALAXY,0.7127061,9320,58069,264
1.2376788810334213e+18,29.2936201357521,-2.01038592664091,23.15889,22.04649,21.63665,20.89503,20.49697,7778,301,4,512,1.0494664624783512e+19,GALAXY,0.8750736,9321,58069,551
1.2376786179485862e+18,346.089593565052,1.55914774130938,21.03645,20.59904,20.50513,20.27997,20.07143,7717,301,2,236,1.0328081191472e+19,QSO,0.4964626,9173,58069,732
1.2376793244695923e+18,29.6191783639624,-3.54506662878798,23.54681,22.68483,22.4987,21.22666,21.47203,7881,301,6,219,1.0494627241388167e+19,GALAXY,0.7172735,9321,58069,415
1.2376634792606438e+18,337.539449949349,0.176394281939839,21.2424,21.13256,20.88822,20.86861,21.1807,4192,301,4,206,1.0323426408995772e+19,QSO,0.7467827,9169,58069,182
1.2376792552103616e+18,39.0614146848306,-3.36387595644703,22.53184,22.93756,21.89745,21.02926,20.99049,7865,301,5,175,1.0493595074847594e+19,QSO,4.749865,9320,58069,756
1.2376793228629775e+18,38.7536856237838,-4.55686831876696,22.77247,22.57884,21.79276,21.53128,21.08803,7881,301,3,280,1.0493481550272e+19,GALAXY,0.6235948,9320,58069,343
1.2376786184815908e+18,337.236568985652,1.94845490027231,21.2684,21.11564,21.17686,20.92505,20.96746,7717,301,3,177,1.0323577591844592e+19,QSO,1.768739,9169,58069,732
1.2376788804975987e+18,31.7350277180367,-2.35338858727793,22.6762,22.54952,21.87659,21.37142,21.51892,7778,301,3,528,1.0494784746428848e+19,GALAXY,0.8129851,9321,58069,988
1.2376788804969436e+18,30.1800299516769,-2.463708451892,21.72998,21.83817,21.24312,20.39531,19.93112,7778,301,3,518,1.049471437768467e+19,GALAXY,0.7795961,9321,58069,732
1.2376634626058496e+18,347.483846656276,0.702758980606218,22.17286,23.01201,21.54692,20.54385,19.77122,4188,301,5,26,1.0327894549373147e+19,GALAXY,0.7412366,9173,58069,53
1.237679255210886e+18,40.2393023532732,-3.36652761489538,24.21714,23.29904,22.44292,21.38655,20.72474,7865,301,5,183,1.0493653074086e+19,GALAXY,0.798815,9320,58069,967
1.2376634626051937e+18,346.002779843152,0.732771130952721,21.44346,20.89731,20.7493,20.60015,20.00742,4188,301,5,16,1.0327972339820812e+19,QSO,0.7533914,9173,58069,336
1.2376792552103616e+18,39.0204872260499,-3.38094988175213,25.37857,23.58882,23.4646,21.64816,21.87846,7865,301,5,175,1.0493578857051085e+19,GALAXY,0.843473,9320,58069,697
1.2376793228625843e+18,37.8644416956399,-4.43248012798386,23.7291,22.65089,22.04579,21.54655,21.5687,7881,301,3,274,1.0493517009522e+19,GALAXY,0.7009683,9320,58069,472
1.2376634626053903e+18,346.427408761107,0.73394790289847,23.12099,22.27622,22.49208,21.98228,21.94736,4188,301,5,19,1.03279401791057e+19,QSO,1.736786,9173,58069,219
1.2376792546741455e+18,40.4899046450205,-3.67320809758426,24.00878,22.98571,22.36419,21.71659,21.77653,7865,301,4,185,1.04936585716441e+19,QSO,0.5582199,9320,58069,987
1.2376786174078487e+18,337.141952415333,1.10811098917914,23.3288,22.4019,21.81219,21.67504,21.69653,7717,301,1,177,1.0323469839705068e+19,QSO,1.996713,9169,58069,340
1.237678889596879e+18,30.9619119348234,-2.11419626294679,20.68383,19.29691,18.52551,18.34923,18.00836,7780,301,4,108,1.0494766054731176e+19,QSO,0.9701805,9321,58069,920
1.2376786179491103e+18,347.208285057583,1.72736301129937,19.62516,19.52205,19.37979,19.46615,19.39152,7717,301,2,244,1.032813534241963e+19,QSO,0.9122967,9173,58069,929
1.237678617948783e+18,346.518150962055,1.60805945229635,21.31428,20.71113,20.7434,20.75067,20.36006,7717,301,2,239,1.0328104281216143e+19,QSO,2.318576,9173,58069,816
1.237679255206626e+18,30.5504886662842,-3.83315306564788,23.42859,22.78681,22.38594,21.42923,21.53324,7865,301,5,118,1.0494570891417244e+19,GALAXY,0.897804,9321,58069,210
1.2376634626053243e+18,346.282000345076,0.68462273171759,21.4034,21.73221,21.90946,22.40654,21.505,4188,301,5,18,1.0327949799832445e+19,QSO,1.23179,9173,58069,254
1.237679254136816e+18,39.5495173837306,-4.29507608480653,23.75557,22.28409,21.85167,21.29589,21.89071,7865,301,3,178,1.0493440043708078e+19,GALAXY,0.8183817,9320,58069,192
1.2376786174114532e+18,345.43724294221,1.23523983990452,21.30268,21.13542,20.86589,20.91135,20.78125,7717,301,1,232,1.0328010272972e+19,QSO,2.149341,9173,58069,474
1.2376786179485862e+18,346.059419444496,1.5492965122026,21.11771,20.97059,20.83176,20.71746,21.08967,7717,301,2,236,1.0328071845623126e+19,QSO,1.400608,9173,58069,698
1.2376792552061673e+18,29.4942901459663,-3.78375963608288,24.97425,21.99588,22.55379,22.17671,20.49977,7865,301,5,111,1.0494634388213748e+19,GALAXY,1.476272,9321,58069,441
1.237679255206888e+18,31.1100735743502,-3.77634282173155,23.08954,22.66949,22.00535,21.18033,20.7698,7865,301,5,122,1.049452636119632e+19,GALAXY,0.8984419,9321,58069,48
1.2376792552063636e+18,29.8400965271395,-3.87836306813408,22.27695,22.55045,21.91354,21.16057,20.77324,7865,301,5,114,1.0494614322126545e+19,GALAXY,0.7691077,9321,58069,368
1.237678596473553e+18,345.520730095693,1.73020894258922,20.02,19.50528,19.08817,18.88983,18.60654,7712,301,2,233,1.0328037485884758e+19,QSO,0.7792696,9173,58069,573
1.2376793228631084e+18,39.1447372918463,-4.53354834681286,23.51481,23.279,24.26684,21.88466,22.75946,7881,301,3,282,1.0493460934429e+19,GALAXY,0.8496889,9320,58069,268
1.2376786179484557e+18,345.781189380465,1.65503695021125,22.44597,21.87146,21.7425,21.23168,21.3976,7717,301,2,234,1.0328059201239409e+19,GALAXY,0.7875895,9173,58069,652
1.237679254673884e+18,40.0188734204098,-3.70517278492637,24.569,22.41627,22.1233,21.63947,21.23952,7865,301,4,181,1.049364042970224e+19,QSO,0.6074973,9320,58069,921
1.2376786174077837e+18,337.019499371158,0.976072385811509,23.20611,22.79941,22.42201,22.11134,21.79549,7717,301,1,176,1.0323476436774836e+19,GALAXY,0.06528144,9169,58069,364
1.23766346260539e+18,346.353989281243,0.744410073420122,21.92498,21.9002,21.29519,21.32155,21.12011,4188,301,5,19,1.0327940453983609e+19,QSO,1.340573,9173,58069,220
1.2376634626057185e+18,347.109890810087,0.64324841254999,25.47776,22.83424,21.17257,20.15879,19.33171,4188,301,5,24,1.0327906644001053e+19,GALAXY,0.7547708,9173,58069,97
1.2376634803345172e+18,337.84581918153,0.898562384504645,26.17386,23.35386,22.60852,20.89963,20.03686,4192,301,6,208,1.0323417887780655e+19,GALAXY,0.846042,9169,58069,151
1.2376785975432973e+18,336.46922357717,2.46982492678165,22.46062,22.49099,22.63918,22.06166,21.36259,7712,301,4,172,1.0323527014309712e+19,QSO,1.571061,9169,58069,548
1.2376634631422612e+18,346.377141353588,1.06817364152089,25.82504,22.33824,21.79782,21.33955,21.258,4188,301,6,19,1.0327944027396395e+19,GALAXY,0.463219,9173,58069,233
1.2376637842003732e+18,6.79381940346722,0.193685215351013,26.04488,23.03838,22.04006,21.2754,20.66788,4263,301,4,161,1.0594820513347164e+19,GALAXY,0.8587589,9410,58069,372
1.237678617420825e+18,6.77804083194309,1.24778869550482,22.63632,22.39639,21.6348,20.75653,20.12702,7717,301,1,375,1.0594897479161108e+19,GALAXY,0.795137,9410,58069,652
1.2376664084362035e+18,345.800504822932,0.36131883656991,21.32274,20.9462,21.03645,20.84215,20.97589,4874,301,4,326,1.0327980036402209e+19,QSO,1.609678,9173,58069,364
1.237663463142589e+18,347.199497985867,1.09663505621057,22.54502,22.57528,21.90508,21.98659,22.33481,4188,301,6,24,1.0327898122785935e+19,QSO,1.443683,9173,58069,66
1.2376792552067564e+18,30.7800993641333,-3.7271228083219,23.88495,22.86383,21.66203,20.91166,20.53577,7865,301,5,120,1.0494559896301e+19,GALAXY,0.758869,9321,58069,170
1.2376793228629773e+18,38.7194826618409,-4.53145378331616,22.9117,22.77164,21.65712,21.09466,20.49203,7881,301,3,280,1.0493482374905747e+19,GALAXY,0.8441759,9320,58069,346
1.2376786179446543e+18,336.964020298926,1.52737710823233,21.20499,20.81901,20.60308,20.36058,20.42592,7717,301,2,176,1.0323557250879476e+19,QSO,1.526917,9169,58069,658
1.2376788810334863e+18,29.3642843091467,-1.86139951548761,22.65694,22.34942,22.01714,21.31898,20.96031,7778,301,4,513,1.049467671941142e+19,GALAXY,0.7905646,9321,58069,595
1.237663462605e+18,345.482791579644,0.641301737076793,26.12316,23.16348,22.26781,20.84213,19.99376,4188,301,5,13,1.0328002851268483e+19,GALAXY,0.7083778,9173,58069,447
1.2376634626051942e+18,346.031052709999,0.736087960469151,22.42141,22.63074,21.82649,21.73497,21.19912,4188,301,5,16,1.0327962444216162e+19,QSO,1.474314,9173,58069,300
1.2376786179492416e+18,347.493713994528,1.6637389439653,21.21454,20.62638,20.38175,20.0413,20.20817,7717,301,2,246,1.032815320948358e+19,QSO,1.557133,9173,58069,994
1.2376786179489797e+18,346.904737946985,1.71555109301897,20.37206,20.13128,19.93574,19.6855,19.65954,7717,301,2,242,1.0328125996570792e+19,QSO,1.623156,9173,58069,895
1.237663462605259e+18,346.183127759871,0.636903491694581,21.98359,21.25492,20.99369,21.07181,20.80348,4188,301,5,17,1.0327959695437093e+19,QSO,2.444424,9173,58069,290
1.237663462604931e+18,345.308652581166,0.767464121564748,21.53108,21.64757,21.36157,21.28695,21.20126,4188,301,5,12,1.03280075241929e+19,QSO,1.408412,9173,58069,464
1.237679322863633e+18,40.2972183173108,-4.34113958221264,22.36167,22.16349,21.58163,20.93647,20.80027,7881,301,3,290,1.0493394688853432e+19,GALAXY,0.862996,9320,58069,27
1.237678617944655e+18,337.00156380987,1.41200066650993,23.70543,24.06512,22.70004,20.78318,19.55062,7717,301,2,176,1.0323477261408555e+19,GALAXY,0.9714414,9169,58069,367
1.2376788804970092e+18,30.3076286595899,-2.32017119690603,22.5062,22.58568,21.90273,20.9909,21.10202,7778,301,3,519,1.0494723998411411e+19,GALAXY,0.7647554,9321,58069,767
1.2376786174075213e+18,336.416199930421,1.06071659047724,22.47631,22.06513,21.65523,21.74542,21.49961,7717,301,1,172,1.03235066733446e+19,GALAXY,0.2887611,9169,58069,474
1.237663782600049e+18,30.3540083639631,-1.18794193314634,24.4444,22.14621,21.33159,20.64761,20.60081,4263,301,1,318,1.049471712646374e+19,GALAXY,0.7195217,9321,58069,742
1.23767888103329e+18,28.9440124419138,-2.01237428060896,24.73908,22.88155,22.40908,21.9179,22.91446,7778,301,4,510,1.0494650880888166e+19,QSO,0.8425239,9321,58069,501
1.2376786179483896e+18,345.625850349888,1.72779347948894,20.42586,20.56546,20.14095,20.04505,20.1881,7717,301,2,233,1.032804793124522e+19,QSO,1.247121,9173,58069,611
1.2376792552066255e+18,30.4960262581638,-3.72448643257968,22.97987,22.93139,22.54928,21.81188,21.46199,7865,301,5,118,1.049457144117306e+19,GALAXY,0.8473778,9321,58069,212
1.237678890670228e+18,29.952824026089,-1.39575185493084,23.61956,22.43414,21.85131,21.2184,20.80302,7780,301,6,102,1.0494696785498626e+19,QSO,1.949014,9321,58069,668
1.2376792546729004e+18,37.7244133027428,-3.95057968073005,20.62127,20.09745,20.10931,19.89655,19.54684,7865,301,4,166,1.0493534876586e+19,QSO,0.6934788,9320,58069,537
1.2376786190185935e+18,337.524107153828,2.37231322611313,23.00422,23.79464,22.20883,20.98566,20.02448,7717,301,4,179,1.0323594359396915e+19,GALAXY,0.8216356,9169,58069,793
1.2376634626049316e+18,345.315391920733,0.735617734726496,23.16592,22.41416,22.00809,22.27641,21.68799,4188,301,5,12,1.0328006974437087e+19,GALAXY,0.9206733,9173,58069,462
1.2376785964696212e+18,336.617006221441,1.69284674332684,21.95147,21.04575,20.39272,19.89092,19.58762,7712,301,2,173,1.0323534710891108e+19,QSO,1.577599,9169,58069,576
1.2376792546734244e+18,38.8310621356148,-3.78736646791114,17.86522,17.73638,17.74804,17.6799,17.19352,7865,301,4,174,1.0493583255097596e+19,QSO,0.3780543,9320,58069,713
1.2376792552104271e+18,39.227904291229,-3.42670771428098,22.83417,21.83179,21.10453,20.36534,20.26254,7865,301,5,176,1.0493601122161547e+19,GALAXY,0.6731815,9320,58069,778
1.2376634626053253e+18,346.188764611321,0.66712325417069,25.76684,23.99767,22.08485,21.03236,19.95102,4188,301,5,18,1.0327961069826628e+19,QSO,1.122779,9173,58069,295
1.237663462605128e+18,345.805381153662,0.736347590281488,21.54957,21.80073,21.48136,21.40966,21.09657,4188,301,5,15,1.0327984434448716e+19,QSO,1.451602,9173,58069,380
1.237678597543953e+18,337.859794292644,2.61767953958904,21.75798,21.64022,21.44066,21.41939,21.20748,7712,301,4,182,1.0323614975239936e+19,QSO,2.1354,9169,58069,868
1.237678596473815e+18,346.14112242403,1.91017040468585,25.08295,24.82296,23.12029,21.09182,19.97717,7712,301,2,237,1.0328081466349867e+19,STAR,-3.084309e-05,9173,58069,733
1.2376785975436247e+18,337.181889803477,2.53962211463032,20.22067,19.95722,20.03878,19.74884,19.48205,7712,301,4,177,1.0323581989891105e+19,QSO,2.150254,9169,58069,748
1.237678617949241e+18,347.523117062315,1.65496928065655,18.24969,17.28706,16.97703,16.84593,16.80216,7717,301,2,246,1.0328154308995207e+19,STAR,-9.01341e-05,9173,58069,998
1.2376793244698547e+18,30.1972830475716,-3.58545288256763,22.15583,22.95139,22.70987,21.7926,21.23449,7881,301,6,223,1.049459398116143e+19,GALAXY,0.9453567,9321,58069,294
1.2376786179483896e+18,345.509878380869,1.60738027941104,21.87583,21.53651,21.13446,20.95456,20.65733,7717,301,2,233,1.0328038860274293e+19,QSO,0.9486882,9173,58069,578
1.2376786184851953e+18,345.390350524247,2.12554125401787,23.77129,22.22041,22.09286,21.69494,21.03417,7717,301,3,232,1.0328035011983596e+19,GALAXY,1.110176,9173,58069,564
1.2376786184820495e+18,338.250670126744,1.99512906823191,22.11277,22.2095,21.89188,21.73126,21.77346,7717,301,3,184,1.032364246303063e+19,QSO,1.292115,9169,58069,968
1.2376785964700795e+18,337.685967547695,1.69734940660985,20.59913,19.87973,18.91635,18.39912,18.28391,7712,301,2,180,1.0323601231344589e+19,QSO,1.580227,9169,58069,818
1.2376786184854574e+18,345.947724782468,2.08654716705532,23.40507,22.19787,21.58045,20.84311,20.56098,7717,301,3,236,1.0328067447576617e+19,QSO,1.840802,9173,58069,682
1.2376792552066255e+18,30.4585760894497,-3.82131053324531,24.48383,22.55975,21.8559,21.45272,22.24478,7865,301,5,118,1.0494581061899805e+19,GALAXY,0.7770166,9321,58069,247
1.237663462605915e+18,347.562672737454,0.837221012149965,23.26256,23.88436,21.46679,20.24644,19.60166,4188,301,5,27,1.0327881904989428e+19,GALAXY,0.7224029,9173,58069,7
1.2376634626056522e+18,346.991336778212,0.63828269701987,22.02044,22.22353,21.99912,21.6608,22.05749,4188,301,5,23,1.0327914615460354e+19,QSO,1.792955,9173,58069,126
1.2376785975435597e+18,337.094848610271,2.45295345622119,20.66113,20.34997,20.04437,20.06153,19.99031,7712,301,4,176,1.032357236916436e+19,QSO,0.9394343,9169,58069,713
1.2376634626055212e+18,346.721031239942,0.674425922943323,21.43241,21.28713,20.88071,20.90323,20.28832,4188,301,5,21,1.0327926160332444e+19,QSO,1.089891,9173,58069,168
1.2376788804969436e+18,30.1478919497522,-2.40594525454948,22.3946,22.9666,22.26505,21.85703,21.095,7778,301,3,518,1.0494701733301e+19,GALAXY,0.8230233,9321,58069,686
1.237678617411715e+18,346.049447241812,1.12987548510444,21.69614,21.73368,21.7248,21.41155,22.51748,7717,301,1,236,1.0327964918117325e+19,GALAXY,0.1145617,9173,58069,309
1.2376786179494382e+18,348.033925456355,1.68215984283256,21.99528,21.40217,21.17903,20.79593,20.55269,7717,301,2,249,1.032918730018628e+19,QSO,1.837566,9174,58070,660
1.2376672099731384e+18,137.024867107385,19.8445082231729,24.74516,23.07318,22.49771,21.96707,22.10472,5061,301,1,153,1.0767017228413196e+19,GALAXY,0.6833097,9563,58070,132
1.2376786179495035e+18,348.137317011444,1.72682042127261,21.78833,21.72118,21.54877,21.26221,20.99983,7717,301,2,250,1.03291840016514e+19,QSO,1.444593,9174,58070,648
1.237678617949766e+18,348.767264700185,1.59606689749412,21.60449,21.29578,21.00232,20.87313,20.80494,7717,301,2,254,1.032923073089558e+19,QSO,1.007779,9174,58070,818
1.2376664068464315e+18,33.3716873907465,-0.852949703841589,22.36525,22.21188,21.96691,21.40463,21.08325,4874,301,1,644,1.0490176693213616e+19,GALAXY,0.8180456,9317,58070,608
1.2376664068469563e+18,34.6850907785536,-1.00433260713897,23.32356,22.76953,21.35605,20.75916,20.20848,4874,301,1,652,1.0490258881707792e+19,GALAXY,0.8929495,9317,58070,907
1.237663462605915e+18,347.651965715153,0.666886834010829,22.31573,21.76444,21.54809,21.18481,20.97357,4188,301,5,27,1.032912545265722e+19,QSO,1.598413,9174,58070,435
1.2376786184866373e+18,348.702998694595,2.03085667287022,24.88311,21.48462,19.59986,19.5388,19.68916,7717,301,3,254,1.0329226607727e+19,QSO,4.11414,9174,58070,803
1.2376672115836856e+18,136.293234970425,21.0574546349484,22.93943,22.75436,21.57623,20.88016,20.06401,5061,301,4,152,1.0767180231012e+19,GALAXY,0.2657053,9563,58070,725
1.23767887996217e+18,34.9169978981221,-2.71793885144264,24.93007,23.34751,22.49759,22.23576,21.17475,7778,301,2,550,1.0490026884754332e+19,GALAXY,0.8797515,9317,58070,63
1.2376786179495035e+18,348.148566426995,1.71080196585905,19.06308,18.10937,17.77435,17.63524,17.61843,7717,301,2,250,1.0329183451895585e+19,STAR,-0.0005119199,9174,58070,646
1.2376788895982556e+18,34.063512932122,-2.07746379698187,23.49489,22.81465,21.78702,21.61685,20.73704,7780,301,4,129,1.0490229469771747e+19,GALAXY,0.4843189,9317,58070,800
1.2376634626059804e+18,347.686998032152,0.699745307167847,26.07971,22.94293,21.4755,20.38384,19.68245,4188,301,5,28,1.0329126552168847e+19,GALAXY,1.150678,9174,58070,439
1.23766346260598e+18,347.734208573619,0.682514603853239,23.19522,22.42649,22.38568,21.87935,21.54357,4188,301,5,28,1.0329114732418849e+19,QSO,1.594511,9174,58070,396
1.2376637826015565e+18,33.79700208909,-1.16894501012811,22.90799,21.71268,21.016,20.1807,19.71547,4263,301,1,341,1.0490186588818266e+19,GALAXY,0.7646311,9317,58070,644
1.2376786179502907e+18,349.962304520458,1.70018392544304,24.28407,23.59125,21.70512,20.50923,19.85782,7717,301,2,262,1.0329277735017669e+19,GALAXY,0.7035683,9174,58070,989
1.2376786174203008e+18,5.64231619323573,1.42136803522561,21.02236,21.30271,20.99397,20.53569,19.87927,7717,301,1,367,1.0595904356951e+19,GALAXY,0.8743406,9411,58070,219
1.2376672099729418e+18,136.607434633721,19.6204856324128,24.68207,22.7583,21.9194,21.42992,21.25388,5061,301,1,150,1.076704828961668e+19,GALAXY,0.8809386,9563,58070,245
1.2376634626063078e+18,348.470436533149,0.824939220515336,24.30721,22.62812,21.83093,21.50419,21.48518,4188,301,5,33,1.0329077074145595e+19,QSO,1.113829,9174,58070,259
1.237663462606504e+18,348.944481155943,0.744165780904584,21.728,21.33834,21.19881,21.01447,20.54584,4188,301,5,36,1.0329053984401414e+19,QSO,2.153634,9174,58070,175
1.237678881035453e+18,33.8497437809507,-1.88287311347991,26.72219,23.83582,22.5599,21.59041,22.92754,7778,301,4,543,1.0490205005638e+19,GALAXY,0.9468959,9317,58070,711
1.2376786179498967e+18,349.081610334088,1.66459882228423,19.93997,19.71856,19.40306,19.20693,19.18048,7717,301,2,256,1.032925217137232e+19,QSO,1.467123,9174,58070,896
1.237678619567653e+18,5.37475735263695,3.11007443535202,22.75825,22.63338,22.2499,21.52222,21.46414,7717,301,5,365,1.059603849736961e+19,GALAXY,1.005185,9411,58070,707
1.2376785964822694e+18,5.42932106292767,1.89685202767509,23.62437,24.04418,22.57,22.33003,21.44483,7712,301,2,366,1.0595920849625438e+19,GALAXY,1.088603,9411,58070,279
1.23766721158421e+18,137.508353225401,21.4265221323224,23.38245,23.1435,22.44577,20.93321,20.4327,5061,301,4,160,1.076724455244224e+19,GALAXY,0.9513395,9563,58070,959
1.237678617949569e+18,348.224436787567,1.6414345660622,19.08486,18.93373,18.76077,18.56208,18.5278,7717,301,2,251,1.0329196096279304e+19,QSO,1.527322,9174,58070,692
1.237666406846693e+18,33.9557961188395,-0.96575173741572,24.25638,24.16,22.29656,21.66886,21.46708,4874,301,1,648,1.0490215725876402e+19,GALAXY,0.8820189,9317,58070,750
1.2376634626065695e+18,349.052283077026,0.794178465021296,21.84859,21.31917,20.9084,20.65568,20.79985,4188,301,5,37,1.0329043813918855e+19,QSO,1.465248,9174,58070,138
1.2376664068470216e+18,34.7921459323143,-0.875791176680464,22.63196,22.07895,21.5298,21.12599,21.02471,4874,301,1,653,1.049025723244035e+19,GALAXY,1.097158,9317,58070,901
1.23767861848644e+18,348.255149968957,2.04130833428192,20.54224,20.04589,19.70988,19.69321,19.43071,7717,301,3,251,1.0329194172134e+19,QSO,0.8702716,9174,58070,685
1.23766640843758e+18,348.930339720556,0.411751245493075,22.34777,21.43876,21.35177,21.21786,21.09497,4874,301,4,347,1.032905068586653e+19,GALAXY,0.02930512,9174,58070,163
1.2376672110463557e+18,135.427590464492,20.2979562776832,22.85284,22.97526,22.29991,21.85218,21.95225,5061,301,3,145,1.0767109037634116e+19,GALAXY,0.8665813,9563,58070,466
1.2376672099732695e+18,137.232504648632,20.058102089351,25.52099,23.56248,22.37132,21.49503,21.80184,5061,301,1,155,1.0767008432320174e+19,GALAXY,0.9657014,9563,58070,100
1.2376786190307174e+18,5.15723436985485,2.70184110404019,24.21172,23.01336,21.93917,21.04045,20.39565,7717,301,4,364,1.0596028601765e+19,GALAXY,0.7542644,9411,58070,671
1.2376785964817457e+18,4.31153244705723,1.95924177208151,23.68258,24.08382,23.71241,22.39145,22.93135,7712,301,2,358,1.0595981597642873e+19,GALAXY,0.6198402,9411,58070,500
1.2376786179493071e+18,347.682595901953,1.66561847273354,22.18892,21.99009,21.91598,21.66643,20.87937,7717,301,2,247,1.0329149916790936e+19,QSO,1.943846,9174,58070,524
1.2376785964751913e+18,349.31895737526,1.97305199664993,20.68177,20.62321,20.71039,20.35101,20.35004,7712,301,2,258,1.03292631664886e+19,QSO,1.88341,9174,58070,936
1.237663462606767e+18,349.617599248624,0.784792091689194,27.20067,27.036,21.95029,20.80305,19.0463,4188,301,5,40,1.0329022098564209e+19,GALAXY,0.9317523,9174,58070,59
1.2376786179500933e+18,349.498464875979,1.62396334732957,18.75052,18.75332,18.71226,18.45236,18.39577,7717,301,2,259,1.0329280758674645e+19,QSO,1.897746,9174,58070,1000
1.237663462606374e+18,348.69859653894,0.72986826044198,22.8333,23.70251,22.06648,20.94419,19.90726,4188,301,5,34,1.0329060031715369e+19,GALAXY,0.8438789,9174,58070,197
1.2376634626068324e+18,349.689629878575,0.674746160928277,23.97303,23.53982,21.88599,20.76455,19.99363,4188,301,5,41,1.032902099905258e+19,GALAXY,0.7138806,9174,58070,55
1.2376788906720627e+18,34.2454552300152,-1.31554511035179,22.76054,22.06827,21.66928,21.19702,21.06887,7780,301,6,130,1.0490223147579888e+19,QSO,0.9026758,9317,58070,777
1.2376634626067663e+18,349.541004092705,0.66379318236139,22.50349,22.79385,21.88699,22.25372,21.55931,4188,301,5,40,1.0329021548808397e+19,QSO,1.341977,9174,58070,57
1.2376634626063078e+18,348.533382767471,0.82720042153279,22.86143,22.68613,22.08721,21.36404,21.17299,4188,301,5,33,1.0329070202197924e+19,GALAXY,0.9107299,9174,58070,234
1.237678618486506e+18,348.39874512546,2.14899243217881,22.53242,22.15783,21.96515,21.77373,21.11682,7717,301,3,252,1.0329187849942096e+19,GALAXY,0.4103749,9174,58070,662
1.237663463142851e+18,347.794652853429,1.06830966893728,22.87115,22.76209,22.26759,21.92696,23.26407,4188,301,6,28,1.0329130675337452e+19,QSO,1.896628,9174,58070,454
1.2376634626061107e+18,348.127779132823,0.816882610136558,18.51833,17.63333,17.36997,17.26497,17.2265,4188,301,5,30,1.032910538657e+19,STAR,-0.0007249406,9174,58070,362
1.23767861848644e+18,348.195424772185,2.08737631700658,21.08191,20.46226,20.33036,20.24014,19.87863,7717,301,3,251,1.0329196371157211e+19,QSO,2.357052,9174,58070,693
1.2376664084373176e+18,348.385368852351,0.410341780002945,24.63464,21.9774,22.96407,21.83256,21.11293,4874,301,4,343,1.0329072950977e+19,QSO,1.24981,9174,58070,244
1.2376634631429166e+18,347.878447238558,1.08758108580078,25.25487,22.81055,23.15382,22.45182,21.38488,4188,301,6,29,1.032911913046536e+19,QSO,1.815131,9174,58070,412
1.237678617956975e+18,5.25066718381572,1.856450932148,23.17549,22.58651,22.27728,22.13817,21.58101,7717,301,2,364,1.0595931294985902e+19,GALAXY,1.401019,9411,58070,317
1.237663462606374e+18,348.68524413227,0.695184136341399,26.29708,23.01393,21.79261,20.64426,19.76287,4188,301,5,34,1.032905948195955e+19,GALAXY,0.8521023,9174,58070,195
1.2376672105103368e+18,137.524276931013,20.5810342044877,22.50374,22.58577,22.0433,21.47362,21.15405,5061,301,2,158,1.0766991939645755e+19,GALAXY,0.7876778,9563,58070,40
1.2376786174206285e+18,6.35356812113503,1.43394808414731,24.49137,23.62609,23.10512,23.50208,22.57612,7717,301,1,372,1.0595862025753352e+19,GALAXY,0.8048706,9411,58070,65
1.237663462606504e+18,348.960194564559,0.680984135976534,19.97422,19.80908,19.54785,19.29446,19.50671,4188,301,5,36,1.0329054809035137e+19,QSO,1.487094,9174,58070,178
1.2376786184868334e+18,349.223478776185,2.1931947286072,22.31153,21.68388,21.40652,21.11569,20.62921,7717,301,3,257,1.032921148944209e+19,QSO,1.489108,9174,58070,748
1.237667209973007e+18,136.710817528946,19.7852433922337,23.16204,22.20881,21.30311,20.36271,20.58301,5061,301,1,151,1.0767037294500403e+19,GALAXY,0.7578656,9563,58070,205
1.2376672099734e+18,137.585888868555,20.0500250270559,24.04975,22.77078,22.04192,21.75086,21.51096,5061,301,1,157,1.076699606281436e+19,GALAXY,0.2757564,9563,58070,55
1.237663462606439e+18,348.863617907451,0.699459207668766,20.63563,20.46015,20.22999,20.34473,20.1624,4188,301,5,35,1.0329053709523507e+19,QSO,0.9497125,9174,58070,174
1.2376672099732037e+18,137.131281669734,19.8458902154997,23.44274,22.49367,22.85216,22.00905,22.19599,5061,301,1,154,1.0767017778169e+19,GALAXY,0.8615329,9563,58070,134
1.2376634626068974e+18,349.781189091261,0.800336525606215,22.42319,21.69293,21.39879,21.10824,20.88527,4188,301,5,42,1.0329006430523513e+19,QSO,1.561415,9174,58070,2
1.2376786184869645e+18,349.428500611183,2.15687799466223,21.09408,20.78397,20.37593,20.18951,20.25767,7717,301,3,259,1.0329262616732785e+19,QSO,1.496609,9174,58070,934
1.2376672115842747e+18,137.691492040278,21.3831611025633,22.50413,22.39102,22.25051,21.40763,22.03414,5061,301,4,161,1.0767245926831772e+19,GALAXY,0.7682744,9563,58070,964
1.2376672099732695e+18,137.293898290671,20.1006509107268,22.76347,22.73236,21.88375,21.42089,20.9238,5061,301,1,155,1.076700788256436e+19,GALAXY,0.8287488,9563,58070,98
1.2376785964746025e+18,347.962975809765,1.91283738295802,25.37529,24.02931,22.99846,21.70628,19.97938,7712,301,2,249,1.0329171632145586e+19,STAR,3.656765e-05,9174,58070,603
1.2376634626058488e+18,347.389840939098,0.687995666008116,21.27739,21.44506,21.13063,21.1894,21.0889,4188,301,5,26,1.032913809704094e+19,QSO,1.255318,9174,58070,481
1.2376664068469555e+18,34.5485190088164,-0.865243033124192,22.34725,23.18574,22.28133,21.66448,21.28058,4874,301,1,652,1.0490242663911285e+19,GALAXY,0.8488784,9317,58070,848
1.2376634626062423e+18,348.320453897922,0.836118417935017,22.97609,23.1906,21.42695,20.41641,19.29639,4188,301,5,32,1.032909466633164e+19,GALAXY,0.9278277,9174,58070,323
1.2376786184867676e+18,349.084394110562,2.12208071602094,19.23343,18.23389,17.86171,17.7585,17.7133,7717,301,3,256,1.0329262341854876e+19,STAR,-0.0005769549,9174,58070,933
1.2376786179495695e+18,348.308723849021,1.73147026033465,21.24315,21.3019,20.82597,20.76175,20.70038,7717,301,2,251,1.032919362237814e+19,QSO,1.296758,9174,58070,683
1.2376664084373837e+18,348.427661741702,0.405400560459642,22.26809,22.27559,22.09938,21.9182,22.1702,4874,301,4,344,1.0329073500732807e+19,QSO,1.77042,9174,58070,246
1.2376786195673907e+18,4.77835296351094,3.03595007347159,24.3986,21.92965,21.53717,20.74574,20.65619,7717,301,5,361,1.0596004687387056e+19,GALAXY,0.8580739,9411,58070,584
1.2376672539967493e+18,137.316973453546,21.1777847009037,24.20017,22.78867,22.38304,22.03734,21.19041,5071,301,3,156,1.076723465683759e+19,GALAXY,0.8847621,9563,58070,923
1.237678618487161e+18,349.900466909891,2.14176410355496,22.12644,21.7653,21.6926,21.59233,21.14264,7717,301,3,262,1.0329278009895571e+19,QSO,2.577727,9174,58070,990
1.237663462606439e+18,348.769781534883,0.668034973172939,22.04608,21.23879,20.88666,20.46771,20.14405,4188,301,5,35,1.0329058657325832e+19,QSO,2.225038,9174,58070,192
1.2376672110464868e+18,135.809041986286,20.2924347768159,23.22688,23.07945,22.11203,21.50894,21.19779,5061,301,3,147,1.0767085673012e+19,GALAXY,0.819604,9563,58070,381
1.2376786174197765e+18,4.36625642346246,1.32802364097279,23.52773,23.46401,22.34983,21.6727,21.77503,7717,301,1,359,1.0595968678381246e+19,QSO,1.276422,9411,58070,453
1.2376672099729416e+18,136.579021151707,19.6438073321785,22.4766,23.3995,22.84011,21.22641,20.17176,5061,301,1,150,1.0767047739860867e+19,GALAXY,0.7313282,9563,58070,243
1.237678618486309e+18,347.947778209143,2.06450681173935,21.89228,21.53177,21.18443,21.10702,20.95538,7717,301,3,249,1.032917383116884e+19,QSO,0.9528558,9174,58070,611
1.2376672099730724e+18,136.896257035391,19.7789355547917,22.4076,23.44118,22.454,22.28107,20.76265,5061,301,1,152,1.076702767377366e+19,GALAXY,0.7353262,9563,58070,170
1.2376786184867023e+18,348.910398612959,2.17002903059716,22.19364,21.45286,21.34158,21.42401,20.56523,7717,301,3,255,1.0329224133825812e+19,QSO,2.527266,9174,58070,794
1.2376634626066355e+18,349.32272262003,0.758916078411085,23.52494,22.90668,22.43912,22.03386,22.85613,4188,301,5,38,1.032903281880258e+19,QSO,1.773794,9174,58070,98
1.23766378313869e+18,34.3687138071749,-0.701084997336874,23.99493,23.36613,21.65003,20.70994,21.70946,4263,301,2,345,1.0490230019527563e+19,GALAXY,0.7829492,9317,58070,802
1.2376785975481467e+18,347.514377100127,2.63166656083416,21.31376,21.15033,21.06993,20.91426,20.54511,7712,301,4,246,1.032915596410489e+19,QSO,1.209644,9174,58070,546
1.2376664079177487e+18,27.83148576983,-0.172092121643043,22.77248,22.81785,22.85338,21.87668,21.62537,4874,301,3,607,1.0558855488036164e+19,GALAXY,0.9684672,9378,58071,604
1.2376788815699643e+18,28.4741930532066,-1.59046482071792,23.15338,22.67961,23.08188,22.32506,21.60398,7778,301,5,507,1.0558751309309432e+19,QSO,5.458624,9378,58071,225
1.2376803337855311e+18,354.279755542092,30.5687031909132,24.55583,23.36754,21.72783,20.66624,19.87394,8116,301,6,198,8.738175008235608e+18,GALAXY,0.6169931,7761,58071,239
1.237678881032635e+18,27.4552981872306,-2.04787953647438,23.6174,21.97924,21.94006,20.97602,20.9638,7778,301,4,500,1.0558811782449e+19,GALAXY,0.8172591,9378,58071,445
1.2376637836724147e+18,27.1125896158557,-0.370481328654899,23.0756,23.06197,22.6064,21.53214,20.81297,4263,301,3,297,1.0558830199268729e+19,GALAXY,1.003601,9378,58071,512
1.237663782599591e+18,29.3089377017553,-1.08559708134576,25.45213,22.22637,21.56874,20.87042,20.60296,4263,301,1,311,1.0558958292373365e+19,GALAXY,0.7630286,9378,58071,978
1.2376788895956997e+18,28.146485480958,-2.25275018930272,22.7527,22.97501,22.46823,21.47157,21.40977,7780,301,4,90,1.0558779621733847e+19,GALAXY,0.7559168,9378,58071,328
1.2376637825991972e+18,28.3094590675291,-1.12724751129947,23.76076,22.60813,22.58567,22.25651,21.70579,4263,301,1,305,1.0558766427594316e+19,GALAXY,1.745657,9378,58071,280
1.2376637842098757e+18,28.4740805151876,0.0352713961055439,23.82857,23.93829,23.14611,21.56689,21.28523,4263,301,4,306,1.0558901667524532e+19,GALAXY,0.8965706,9378,58071,772
1.2376803096161162e+18,353.38769606743,30.7556845541827,21.3584,21.27533,21.16111,20.83298,20.8799,8111,301,1,42,8.738276987939084e+18,QSO,0.6431319,7761,58071,610
1.2376788906697032e+18,28.7319927601793,-1.38066822084415,18.41973,17.49162,17.27705,17.1903,17.14694,7780,301,6,94,1.0558742238338505e+19,STAR,-0.0001467517,9378,58071,192
1.2376637825992627e+18,28.5246407427866,-1.22981439130195,23.94554,22.48906,22.09518,21.65889,21.20404,4263,301,1,306,1.0558754882722224e+19,GALAXY,0.8952028,9378,58071,238
1.2376637831364616e+18,29.2898280865145,-0.655638945742434,24.10205,23.42158,23.22398,22.45012,21.99801,4263,301,2,311,1.0558953894326852e+19,GALAXY,1.009002,9378,58071,962
1.2376788810332247e+18,28.8107997004081,-1.89051226612935,22.60974,22.60092,22.58338,21.56448,20.67049,7778,301,4,509,1.0558738664925714e+19,GALAXY,1.144271,9378,58071,179
1.2376788906701624e+18,29.8437392701883,-1.29487300644068,24.28076,22.53726,22.14689,21.26996,20.95369,7780,301,6,101,1.0558692485437348e+19,GALAXY,0.7329195,9378,58071,11
1.2376805297445284e+18,354.6394655839,29.394276906094,22.96742,22.5326,22.63396,21.67246,21.7086,8162,301,3,215,8.738154942148401e+18,GALAXY,0.9171686,7761,58071,166
1.2376637831360689e+18,28.3646969928489,-0.766060614253784,22.90856,22.90377,22.38977,21.49734,20.90976,4263,301,2,305,1.0558905790693136e+19,GALAXY,0.7782455,9378,58071,787
1.2376664079178148e+18,27.9948469106467,-0.0676012011768376,24.45877,23.2228,23.34477,21.86112,21.56336,4874,301,3,608,1.05588686821757e+19,GALAXY,0.7932092,9378,58071,652
1.2376788810328315e+18,27.9255601660551,-1.96678837743405,25.10235,22.59349,22.15714,21.28447,20.79835,7778,301,4,503,1.0558792266117569e+19,GALAXY,0.7752829,9378,58071,374
1.2376788810330278e+18,28.3487075583772,-1.90186580013563,22.8355,22.16825,21.66417,20.87483,20.92121,7778,301,4,506,1.0558771100518732e+19,GALAXY,0.9115059,9378,58071,297
1.2376788815698335e+18,28.2602588491032,-1.57667083170583,21.14704,22.12066,21.61523,20.52982,20.29331,7778,301,5,505,1.0558773299542e+19,GALAXY,0.9178634,9378,58071,305
1.2376805292076572e+18,354.547771881126,29.0808491097507,22.99647,21.96442,21.10361,20.52319,20.14488,8162,301,2,215,8.73815411751468e+18,QSO,1.868495,7761,58071,163
1.2376664079179456e+18,28.2833095361433,-0.155627900800544,22.39605,21.77119,20.66094,20.35112,19.61859,4874,301,3,610,1.0558897544355928e+19,GALAXY,0.8657548,9378,58071,757
1.237678889596158e+18,29.2157763078243,-2.16625460718527,17.79253,16.75381,16.41487,16.29172,16.26048,7780,301,4,97,1.055871282640246e+19,STAR,5.087062e-05,9378,58071,85
1.2376788815695055e+18,27.4160721667105,-1.64744842826167,25.15433,22.21756,22.28711,21.46276,21.56258,7778,301,5,500,1.055881645537338e+19,GALAXY,0.8942752,9378,58071,462
1.2376803337852692e+18,353.573432472208,30.4893029297835,26.65548,23.34276,22.19798,20.7295,19.82044,8116,301,6,194,8.738214590654208e+18,QSO,0.9323685,7761,58071,383
1.2376637831361344e+18,28.5600871953953,-0.771156223552699,23.33597,22.88771,22.48518,21.50536,20.64751,4263,301,2,306,1.055891706068732e+19,GALAXY,0.7276819,9378,58071,828
1.2376803096160507e+18,353.224207309532,30.8011470758118,20.22749,20.06095,19.94577,19.71889,19.7875,8111,301,1,41,8.738265992822807e+18,QSO,1.862091,7761,58071,570
1.2376637825997215e+18,29.6179555707459,-1.20569121077928,22.81359,22.36653,21.82594,21.2588,20.78651,4263,301,1,313,1.0558692760315257e+19,GALAXY,0.7256393,9378,58071,12
1.2376788895961585e+18,29.2201536968572,-2.12130622421516,23.28812,22.55486,21.96234,21.4332,21.19573,7780,301,4,97,1.055871475054781e+19,GALAXY,0.1410807,9378,58071,92
1.2376788906696384e+18,28.693577028826,-1.3971408137413,23.40188,22.06683,21.63166,21.12458,20.53381,7780,301,6,93,1.0558740863949e+19,QSO,0.8495542,9378,58071,187
1.2376803096160507e+18,353.222131243459,30.8260218297217,21.24891,20.9702,20.69702,20.28509,20.161,8111,301,1,41,8.7382657179449e+18,QSO,1.751591,7761,58071,569
1.2376637831363302e+18,28.9101015034282,-0.78672767728355,24.09373,23.52249,22.41626,21.91206,21.15936,4263,301,2,309,1.0558932728728e+19,GALAXY,0.8528801,9378,58071,885
1.2376788895961582e+18,29.2908916879676,-2.16944009557368,19.03948,18.75217,18.91041,18.80953,18.69284,7780,301,4,97,1.055870210616409e+19,QSO,0.5204002,9378,58071,46
1.2376788810330936e+18,28.5583508258977,-2.01143984774284,24.87774,22.41464,21.77138,21.19874,21.98086,7778,301,4,507,1.05587460866292e+19,GALAXY,0.8072673,9378,58071,206
1.237663782599787e+18,29.6999147248917,-1.13020549112706,21.96211,22.08912,21.67283,21.15905,21.0847,4263,301,1,314,1.055869495933851e+19,GALAXY,1.18732,9378,58071,20
1.23767888103329e+18,28.9088732255842,-1.99973995970231,24.61473,21.67764,21.34324,20.5057,20.42661,7778,301,4,510,1.0558725195908274e+19,GALAXY,0.7314929,9378,58071,130
1.2376803096169684e+18,355.725638526042,31.0063114058343,22.75908,22.20043,22.06683,21.93946,22.2914,8111,301,1,55,8.738381991299536e+18,QSO,1.73907,7761,58071,992
1.2376664068477425e+18,36.4570232382564,-0.867718274159402,22.97605,22.46201,22.19448,22.11248,21.41525,4874,301,1,664,1.0556636948466e+19,GALAXY,1.201608,9376,58072,725
1.237680531356124e+18,356.974822726254,30.9032321158811,25.5669,24.29859,21.67963,20.64842,19.9799,8162,301,6,230,8.728165054393112e+18,GALAXY,0.7076499,7752,58072,687
1.237678598629426e+18,4.72199934831798,3.71221683772376,22.93881,22.81578,22.04115,20.97846,20.80066,7712,301,6,361,1.0628751991986475e+19,GALAXY,0.8202486,9440,58072,934
1.2376794350634936e+18,18.5971843181697,-2.38267132892448,22.60227,23.33744,22.47907,21.70369,21.11026,7907,301,4,196,1.0573415221028e+19,GALAXY,0.8432475,9391,58072,324
1.2376637825947402e+18,18.2611088830457,-1.1280287816128,24.63634,23.01361,22.85571,21.41287,21.53116,4263,301,1,237,1.0507146280832358e+19,GALAXY,0.3978938,9332,58072,903
1.237666406847677e+18,36.2042611362535,-0.852776656162649,23.08739,22.06248,21.73457,20.85901,20.88103,4874,301,1,663,1.0556618531646233e+19,GALAXY,0.832345,9376,58072,658
1.2376664068483323e+18,37.7239054089335,-0.847541431503309,23.46174,22.0394,21.60155,20.74612,20.89432,4874,301,1,673,1.0556701819652e+19,GALAXY,0.6578656,9376,58072,961
1.2376794350633623e+18,18.3797307114727,-2.31925603766986,23.86386,23.48882,22.40705,22.25875,22.2038,7907,301,4,194,1.0573425941266323e+19,GALAXY,0.7242944,9391,58072,363
1.2376788906653125e+18,18.7260064777595,-1.45992033887066,18.43169,17.53618,17.17052,16.9859,16.943,7780,301,6,27,1.0507157275948636e+19,STAR,-0.00023905,9332,58072,943
1.2376663381166664e+18,19.9143567695517,-1.01423950161992,22.77386,25.36245,22.92975,21.80104,21.13116,4858,301,1,487,1.0573347875940751e+19,GALAXY,1.035639,9391,58072,79
1.2376788799632842e+18,37.5840773624733,-2.5549790144911,22.97724,22.55601,21.91754,21.48655,21.01321,7778,301,2,567,1.0556449481733462e+19,GALAXY,0.6996583,9376,58072,43
1.237663232840762e+18,358.679352838793,30.5790450479216,20.95368,20.84107,20.84008,20.54523,20.72014,4135,301,1,265,8.72798720838732e+18,QSO,1.759891,7752,58072,40
1.23765707008947e+18,36.7249507402146,-0.433198261286291,24.75661,23.38727,22.20994,21.37337,20.98723,2700,301,2,111,1.0556643820413671e+19,GALAXY,0.7572591,9376,58072,750
1.2376663397268856e+18,18.9895982657574,0.380049008432948,22.01349,21.82824,21.53808,20.88823,20.54476,4858,301,4,481,1.0573530669748867e+19,GALAXY,0.8905736,9391,58072,744
1.237657070089733e+18,37.3385252289549,-0.48912585398235,24.50414,22.91826,22.50656,21.23042,20.36201,2700,301,2,115,1.0556689175268315e+19,GALAXY,0.8102416,9376,58072,915
1.2376785975552248e+18,3.65017708664357,2.81167137382664,23.78053,23.49199,22.81393,22.35376,21.98402,7712,301,4,354,1.0628584041585334e+19,GALAXY,0.8952946,9440,58072,323
1.2376786216919375e+18,3.4022694330198,4.05937217079134,23.19074,24.36347,23.01757,21.67934,20.99082,7718,301,1,11,1.0628670903003929e+19,GALAXY,0.9099491,9440,58072,639
1.2376664068482012e+18,37.4671671503689,-0.957937402564461,23.20128,22.56275,22.13543,21.58058,21.47025,4874,301,1,671,1.0556691099413664e+19,GALAXY,0.8574197,9376,58072,922
1.237678621692593e+18,4.88390243423635,4.12323515989624,24.61822,23.5908,22.09303,21.03135,20.84018,7718,301,1,21,1.0628756664910895e+19,GALAXY,0.8948725,9440,58072,951
1.237678621692527e+18,4.70651020138791,3.96004767541818,22.89356,22.82124,22.06098,21.5116,20.98503,7718,301,1,20,1.062874731906206e+19,GALAXY,0.8690215,9440,58072,917
1.2376785986290975e+18,4.07268405111267,3.55281739653457,17.9297,17.0955,16.75965,16.63619,16.58196,7712,301,6,356,1.062871928151555e+19,STAR,2.679632e-05,9440,58072,815
1.237663783132e+18,19.0186146129827,-0.819110584385924,22.5686,22.4656,22.14669,21.34599,22.87311,4263,301,2,243,1.0573538916086075e+19,GALAXY,1.002509,9391,58072,774
1.2376785986294917e+18,4.95819629541336,3.74795328372883,22.82392,22.37625,22.30169,22.33701,21.86016,7712,301,6,362,1.0628759688567871e+19,GALAXY,1.178365,9440,58072,962
1.23767859755588e+18,5.20039612522868,2.81154805476734,24.39544,24.61753,22.90437,22.46128,21.46213,7712,301,4,364,1.0628496080655112e+19,QSO,1.199118,9440,58072,3
1.2376805297457733e+18,357.824419962821,29.6223148663081,24.75491,23.74445,21.69536,20.44197,19.68843,8162,301,3,234,8.728021018369874e+18,GALAXY,0.5606928,7752,58072,163
1.2376803096174267e+18,356.879066208811,31.0754470808847,21.89296,20.46474,19.92549,19.6989,19.68085,8111,301,1,62,8.728153234643114e+18,STAR,-0.000549274,7752,58072,644
1.2376785986286392e+18,2.92794892398263,3.74612943598294,25.7052,23.60631,22.64012,21.64687,21.46765,7712,301,6,349,1.0628649737405092e+19,GALAXY,0.833839,9440,58072,562
1.237678598628901e+18,3.48482581853375,3.59142024176167,24.02832,23.02624,22.30341,21.8737,22.15822,7712,301,6,353,1.0628662106910906e+19,GALAXY,1.008202,9440,58072,607
1.2376637826024087e+18,35.6623456135727,-1.17707984522844,22.67337,23.19201,22.66262,21.80922,20.68505,4263,301,1,354,1.055659819068112e+19,GALAXY,1.19481,9376,58072,584
1.2376788906643948e+18,16.7171384929782,-1.47182602015013,19.25167,18.16816,17.75491,17.60376,17.54532,7780,301,6,13,1.0507061343559113e+19,STAR,-0.0003055627,9332,58072,594
1.2376570700896668e+18,37.2163669350672,-0.586314864363531,22.25621,22.55788,22.07724,21.50337,21.25496,2700,301,2,114,1.055667103332646e+19,GALAXY,0.8461247,9376,58072,849
1.2376786222292667e+18,4.41594600276079,4.40453008483172,23.04646,22.46188,21.84903,21.43258,21.01712,7718,301,2,18,1.062873385004462e+19,GALAXY,0.7925799,9440,58072,868
1.237666338116666e+18,19.9096182346503,-1.03329999627766,22.95381,22.12997,21.47035,20.77448,20.15037,4858,301,1,487,1.0573348150818658e+19,GALAXY,0.755004,9391,58072,80
1.2376805297457733e+18,357.796123001441,29.7289805019531,24.24171,22.19725,20.76608,19.82057,19.27918,8162,301,3,234,8.728022667637316e+18,STAR,-0.0002033196,7752,58072,169
1.237663782594151e+18,16.8618931006149,-1.12537592226552,24.24743,23.11874,22.18522,22.61955,21.9421,4263,301,1,228,1.0507058869658e+19,GALAXY,0.1801174,9332,58072,585
1.237666406848e+18,37.0336460617229,-0.986271004615138,23.15265,22.59249,22.25245,21.71022,20.98297,4874,301,1,668,1.0556677630396223e+19,GALAXY,0.9983732,9376,58072,873
1.2376785986291635e+18,4.1751414794918,3.62695333652304,22.86816,23.3709,22.23162,21.36546,21.22921,7712,301,6,357,1.0628728902242292e+19,GALAXY,0.0,9440,58072,850
1.237666338652816e+18,18.2170828195305,-0.540431012244817,22.8504,22.86227,22.41734,21.71473,20.78993,4858,301,2,476,1.0573492186841897e+19,GALAXY,0.8948057,9391,58072,604
1.2376794350635592e+18,18.8040570057542,-2.33828216448865,23.20063,23.34118,22.30826,22.14876,21.12755,7907,301,4,197,1.0506909061198664e+19,GALAXY,0.8661482,9332,58072,40
1.2376794350632307e+18,18.036857095421,-2.39876065388161,22.81175,22.8557,22.55348,21.70282,22.54365,7907,301,4,192,1.05069420465475e+19,GALAXY,0.8267679,9332,58072,160
1.2376805292087703e+18,357.434600873267,29.252734589459,24.51377,24.62034,22.69834,20.95948,19.86639,8162,301,2,232,8.728042458846616e+18,STAR,-0.0001289991,7752,58072,241
1.2376663397266893e+18,18.6008076592547,0.327159915361546,22.77405,22.94049,22.24419,22.0221,21.0948,4858,301,4,478,1.05735081297605e+19,GALAXY,0.8616833,9391,58072,662
1.2376664068477425e+18,36.3890703613376,-1.02951927210372,23.15803,22.31659,21.96288,21.58833,21.13708,4874,301,1,664,1.0556630901152e+19,GALAXY,0.7741799,9376,58072,703
1.237678597555356e+18,3.95372415026429,2.8968901506371,21.53001,20.28496,20.15084,20.04159,20.20083,7712,301,4,356,1.0628567823788825e+19,QSO,2.673394,9440,58072,264
1.23766640684807e+18,37.1088141179315,-0.85762105609593,24.88762,22.45076,21.79706,21.16848,20.57683,4874,301,1,669,1.0556675431373e+19,GALAXY,0.7788612,9376,58072,865
1.2376794350634278e+18,18.4644534222235,-2.30201244263493,22.47257,21.75571,20.87117,20.46138,19.59305,7907,301,4,195,1.0507153977413753e+19,GALAXY,0.7320276,9332,58072,931
1.2376785986292943e+18,4.40342391713943,3.61042735771212,22.97952,22.40909,21.85991,21.48494,22.25424,7712,301,6,359,1.0628728077608573e+19,GALAXY,0.8042745,9440,58072,847
1.2376632328406303e+18,358.488610503045,30.8256218053438,19.86452,19.57232,19.17212,19.03439,18.98935,4135,301,1,263,8.728243394596592e+18,QSO,1.379662,7752,58072,972
1.2376785986294257e+18,4.80487491917017,3.55008760388345,23.78815,22.80348,22.13192,21.04794,21.33125,7712,301,6,361,1.0628759963445778e+19,GALAXY,0.891398,9440,58072,963
1.237680531355993e+18,356.712803373583,30.9173088047964,23.0057,23.1423,21.48552,20.34488,19.48145,8162,301,6,228,8.728144163672186e+18,GALAXY,0.7503954,7752,58072,611
1.237678598628901e+18,3.57249004027216,3.56640852254861,21.97994,21.79305,20.98702,20.26935,20.54056,7712,301,6,353,1.0628675026172533e+19,GALAXY,0.6677275,9440,58072,654
1.237666406847939e+18,36.9266527467161,-0.997295140144933,23.09852,22.8405,22.32578,21.31407,20.89013,4874,301,1,667,1.055666553576832e+19,GALAXY,0.8661351,9376,58072,829
1.237666338652815e+18,18.2159776443035,-0.50538509185509,24.86269,22.97363,22.35739,21.94236,22.68986,4858,301,2,476,1.0573491362208176e+19,GALAXY,0.6628178,9391,58072,601
1.23767859755588e+18,5.2372981064504,2.73934306607011,17.77839,16.79123,16.5149,16.37613,16.32488,7712,301,4,364,1.0628496355533e+19,STAR,-0.0002596165,9440,58072,4
1.2376805297452485e+18,356.457689844305,29.7164088756686,21.34204,21.20877,21.23659,20.9597,20.79462,8162,301,3,226,8.728100458084981e+18,QSO,2.058788,7752,58072,452
1.2376805313562552e+18,357.417254641174,30.9171059190249,23.41828,23.8359,21.38036,20.20954,19.48669,8162,301,6,232,8.728187044625667e+18,GALAXY,0.7289355,7752,58072,767
1.237666338116404e+18,19.3178350069765,-0.901156929396384,22.54435,22.69046,22.2233,21.54479,21.96346,4858,301,1,483,1.0573561730952352e+19,GALAXY,0.8032346,9391,58072,857
1.2376805297455117e+18,357.138200485435,29.7525273060146,23.54916,23.24972,21.74052,20.71322,19.96589,8162,301,3,230,8.728067747614054e+18,GALAXY,0.5471044,7752,58072,333
1.2376786222292667e+18,4.38740475462191,4.45914283583873,23.9463,22.53248,21.92225,21.65504,22.05466,7718,301,2,18,1.0628721480538806e+19,GALAXY,0.7939644,9440,58072,823
1.2376788799628252e+18,36.4655623689991,-2.66569006335538,23.00759,22.05114,21.58251,21.07457,20.80449,7778,301,2,560,1.0556516002186942e+19,QSO,0.2912874,9376,58072,285
1.237678881028506e+18,18.0865460653296,-2.17768586195505,25.03933,24.49786,22.43872,21.7367,22.74312,7778,301,4,437,1.0573436661504694e+19,GALAXY,0.7489545,9391,58072,402
1.2376663397270822e+18,19.4484511242866,0.284528039973379,24.4216,22.66145,22.18103,21.60636,21.05193,4858,301,4,484,1.0573563655097702e+19,GALAXY,0.9562315,9391,58072,864
1.2376805297455117e+18,357.100095774825,29.5788215448467,25.1283,24.51356,21.82181,20.63614,19.96545,8162,301,3,230,8.728066098346613e+18,GALAXY,0.8644847,7752,58072,327
1.237678879963087e+18,37.063952381769,-2.68175351144662,26.32316,22.62172,22.04114,21.5085,20.62004,7778,301,2,564,1.055648466610555e+19,QSO,3.244684,9376,58072,171
1.23768052974597e+18,358.251691444988,29.7316934289415,23.29369,23.26572,21.65374,20.41783,19.52922,8162,301,3,237,8.728000127648945e+18,GALAXY,0.6962678,7752,58072,87
1.237666338116862e+18,20.3958392228594,-0.94108015251819,23.55461,22.73247,22.76391,21.71637,21.52949,4858,301,1,490,1.0573601038493e+19,GALAXY,0.7281687,9391,58072,1000
1.2376788906650506e+18,18.1502414778987,-1.46293734484264,25.04276,23.21012,22.28995,21.73327,21.97014,7780,301,6,23,1.0507137484739336e+19,GALAXY,0.6877071,9332,58072,871
1.237678881036239e+18,35.635848108125,-1.76776019209399,22.8771,22.73676,21.62024,21.04064,20.77246,7778,301,4,555,1.0556557233873e+19,GALAXY,0.6940609,9376,58072,435
1.237679434526622e+18,18.6105040606088,-2.77813429088397,23.65453,23.04338,22.70753,22.17653,21.43625,7907,301,3,196,1.0506904663152157e+19,GALAXY,0.8933983,9332,58072,24
1.2376632328406308e+18,358.419776424856,30.8224335405131,20.54996,20.00078,19.43512,19.23037,19.21463,4135,301,1,263,8.728242844840778e+18,QSO,1.345971,7752,58072,970
1.2376785986290324e+18,3.83349213517448,3.63144781976191,23.48694,22.27309,21.92884,21.51291,21.69507,7712,301,6,355,1.062870581249811e+19,GALAXY,0.8008671,9440,58072,766
1.2376788906654433e+18,19.0462196232319,-1.53673556605319,24.19173,22.80979,22.26605,21.4904,20.88419,7780,301,6,29,1.0573387458359351e+19,GALAXY,0.8786381,9391,58072,223
1.2376794350631e+18,17.8215606927571,-2.29878868943313,23.10628,22.98116,22.21047,21.25663,21.16059,7907,301,4,190,1.0507123191088175e+19,GALAXY,0.9570704,9332,58072,819
1.2376785986294254e+18,4.67693315205764,3.73590043589885,23.1078,22.60954,22.21845,21.54691,21.61701,7712,301,6,361,1.0628751442230663e+19,GALAXY,0.768337,9440,58072,932
1.237657070089536e+18,36.8711393191426,-0.529248044253428,22.49994,22.75617,22.10331,22.00778,20.95884,2700,301,2,112,1.0556650967239252e+19,GALAXY,1.070908,9376,58072,776
1.237678598628901e+18,3.4802811063347,3.63703467963816,22.78236,21.97613,21.25348,20.57745,20.62297,7712,301,6,353,1.0628661832033e+19,GALAXY,0.7802491,9440,58072,606
1.237657070089405e+18,36.5916789623001,-0.422026989908312,24.21811,22.98777,22.97754,21.63648,21.41012,2700,301,2,110,1.0556626228227627e+19,GALAXY,0.8498857,9376,58072,686
1.2376785986286387e+18,2.95386715904658,3.61958241310314,24.05886,23.40794,22.38744,21.49732,21.31514,7712,301,6,349,1.0628650012283e+19,GALAXY,0.7052754,9440,58072,563
1.2376663386526848e+18,17.8883178927005,-0.607853272019514,24.85968,22.5873,22.44559,21.34626,21.92059,4858,301,2,474,1.0573483390748877e+19,GALAXY,0.8746495,9391,58072,572
1.2376788810279163e+18,16.6622062574008,-2.21889236657793,23.29446,23.12788,21.79648,20.77197,20.47207,7778,301,4,428,1.0507056670634697e+19,GALAXY,0.8798338,9332,58072,577
1.237678889599894e+18,37.7431983623954,-2.0968416926898,22.58105,22.35868,21.16683,20.63239,20.19582,7780,301,4,154,1.0556453604902066e+19,GALAXY,0.719025,9376,58072,58
1.2376805313563863e+18,357.780221298638,31.0161325919829,27.05254,23.44684,21.81484,20.77514,19.9392,8162,301,6,234,8.72820848510241e+18,GALAXY,0.5702857,7752,58072,845
1.2376570700895365e+18,36.9097174890743,-0.543633445233833,25.03095,22.71845,21.78068,21.21996,21.37812,2700,301,2,112,1.055664931797181e+19,GALAXY,0.7428778,9376,58072,770
1.2376788906655744e+18,19.2919717879384,-1.41064173165516,18.94916,18.72398,18.85327,18.81091,18.38965,7780,301,6,31,1.0573377012998887e+19,QSO,0.3881767,9391,58072,185
