obj_ID,alpha,delta,u,g,r,i,z,run_ID,rerun_ID,cam_col,field_ID,spec_obj_ID,class,redshift,plate,MJD,fiber_ID
1.2376613607672384e+18,220.272466913091,40.8234001393027,20.44235,20.18679,20.1629,19.74995,19.92,3699,301,2,194,1.2102557450873625e+19,QSO,1.655518,10749,58485,943
1.2376607632225075e+18,121.539068621947,22.5789629163711,20.00817,18.91353,18.65555,21.43979,19.50072,3560,301,1,81,1.2519112653736794e+19,STAR,0.0002277353,11119,58485,842
1.2376607632223117e+18,121.070784193696,22.3370748352848,24.2891,25.32315,21.62731,20.43686,19.613,3560,301,1,78,1.2519083791556565e+19,GALAXY,0.8641184,11119,58485,737
1.2376650243723105e+18,196.368332772361,33.8463400922205,21.69382,21.17234,21.60301,22.20492,21.45492,4552,301,2,163,1.1542994268143768e+19,GALAXY,0.02394822,10252,58485,976
1.237665126923371e+18,158.242336502068,30.7721641905403,23.70976,22.30779,20.65434,20.00889,19.65385,4576,301,1,296,1.2816173207771177e+19,GALAXY,0.410176,11383,58485,198
1.2376607648331213e+18,120.662120597229,23.5685468096794,23.7341,23.20623,21.56357,20.37938,19.72423,3560,301,4,81,1.251904091060308e+19,GALAXY,0.6713246,11119,58485,581
1.2376788579351268e+18,0.948207846827586,11.4766513887634,21.34162,21.22843,21.05478,21.20394,21.57324,7773,301,1,316,1.301669334235194e+19,QSO,1.028639,11561,58485,598
1.237667142864208e+18,133.469814931491,21.9790435542901,22.7205,21.73808,22.44441,22.27791,22.8269,5045,301,4,152,1.2493245818059645e+19,GALAXY,0.02747866,11096,58485,947
1.237649954407973e+18,30.0522809536651,13.9190578889849,25.12642,24.66238,22.06388,20.83974,19.85969,1043,301,4,196,1.2435579731717675e+19,GALAXY,0.7403244,11045,58485,55
1.23764995440758e+18,29.1679204652829,13.9744975546875,24.37852,24.14087,21.66437,20.24874,19.5961,1043,301,4,190,1.2435612167310694e+19,GALAXY,0.6547297,11045,58485,173
1.2376651269372644e+18,195.754244300603,33.3563256705948,21.83719,21.47342,21.59762,21.41539,20.80414,4576,301,1,508,1.1542971178399586e+19,QSO,1.739142,10252,58485,892
1.237649954407908e+18,29.9380570739229,14.0688814989035,23.46053,22.59282,21.23419,20.21618,19.50507,1043,301,4,195,1.2435573134647908e+19,QSO,1.557112,11045,58485,31
1.2376651274739387e+18,195.200357016697,33.8745213510011,21.18451,20.92095,20.7001,20.61897,20.61331,4576,301,2,505,1.1542933245248428e+19,QSO,1.001385,10252,58485,754
1.2376672550686564e+18,132.906836701214,20.4033385734143,22.96141,23.45821,21.77951,20.62696,19.73028,5071,301,5,128,1.2493034162071296e+19,GALAXY,0.7422019,11096,58485,177
1.237665127460569e+18,158.893812085675,31.4570245318984,23.16786,24.79072,21.12643,20.1137,19.40831,4576,301,2,301,1.281638238985836e+19,GALAXY,0.6684397,11383,58485,959
1.237678858483729e+18,28.2019983032053,10.9599795878265,26.18406,24.25139,21.96249,20.72204,19.98557,7773,301,2,495,1.2474015909445657e+19,GALAXY,0.8610075,11079,58485,621
1.2376651274737423e+18,194.79298623842,33.8514602842313,23.57253,23.3512,21.74708,20.57154,19.88139,4576,301,2,502,1.1542920875742616e+19,GALAXY,0.5497988,10252,58485,709
1.2376607632225075e+18,121.51194028664,22.6255945856426,23.49275,20.0189,19.1211,20.37064,19.71614,3560,301,1,81,1.2519104407399584e+19,STAR,0.0002038264,11119,58485,812
1.2376651269369364e+18,194.844978852317,33.4908610751044,20.29287,20.11653,19.82477,19.73833,19.85338,4576,301,1,503,1.1542914828428665e+19,QSO,1.371267,10252,58485,687
1.237678858472325e+18,1.70604056803029,12.0519154484261,21.11714,21.45862,20.80847,20.61367,20.90043,7773,301,2,321,1.3016733199648446e+19,QSO,1.40651,11561,58485,743
1.2376671428636844e+18,132.209264933253,21.4113316697304,23.0155,23.34779,21.33642,20.33619,19.63435,5045,301,4,144,1.2493172700536396e+19,GALAXY,0.5681655,11096,58485,681
1.2376609575688614e+18,119.63924813843,22.5156612020936,25.64096,24.58069,21.76383,20.53765,19.69366,3605,301,3,67,1.2519020569638e+19,GALAXY,0.7090532,11119,58485,507
1.237678857947513e+18,29.6836661281326,10.5347549885555,21.2091,20.96251,20.48881,20.34082,20.25989,7773,301,1,505,1.2474106894032853e+19,QSO,1.381076,11079,58485,952
1.237667142863946e+18,132.8065353532,21.7155355488822,21.37167,20.87847,21.16142,21.16608,22.15792,5045,301,4,148,1.2493214207100344e+19,GALAXY,0.03927699,11096,58485,832
1.2376672545321134e+18,133.804868643721,20.1886946052614,23.66154,22.65592,21.23108,20.01097,19.36831,5071,301,4,133,1.2492999527455e+19,GALAXY,0.658484,11096,58485,51
1.2376499195080215e+18,27.7338787330602,13.645053118103,25.04606,22.61727,21.54869,19.8629,18.76864,1035,301,3,145,1.243569078239208e+19,STAR,-0.0001022916,11045,58485,459
1.237660957569647e+18,121.268112812382,23.6255691206388,23.7636,22.85715,21.52163,20.63622,20.2075,3605,301,3,79,1.2519084891068193e+19,STAR,0.0001631659,11119,58485,741
1.2376793196274652e+18,2.84103862109282,10.714440062164,22.74188,21.90802,21.73197,21.52825,21.52136,7880,301,5,62,1.3016537486578702e+19,STAR,-0.0005124255,11561,58485,31
1.2376793180163937e+18,1.91554040455344,9.46420239955386,22.23197,21.95314,21.73532,21.67573,21.46038,7880,301,2,55,1.3016584215822885e+19,QSO,2.151193,11561,58485,201
1.2376651269371333e+18,195.441720279231,33.4412028186161,21.61543,19.9681,18.70523,18.20727,17.86743,4576,301,1,506,1.1542946714265868e+19,GALAXY,0.19056,10252,58485,803
1.2376793196270725e+18,1.99116975695216,10.8231137846344,24.50962,23.37645,21.51266,20.47072,19.70752,7880,301,5,56,1.3016583116311255e+19,GALAXY,0.7291254,11561,58485,197
1.2376651274605043e+18,158.829371309774,31.4587089458453,23.83636,24.7894,22.03495,20.87155,19.91876,4576,301,2,300,1.2816372494253707e+19,GALAXY,0.5859645,11383,58485,923
1.2376499544078423e+18,29.8527534206343,14.0458736431113,26.10862,23.29613,22.23044,20.86902,19.76596,1043,301,4,194,1.2435583030252558e+19,GALAXY,0.7332221,11045,58485,67
1.237678907868906e+18,29.3973348776397,10.1022440916685,25.09444,26.06836,22.29782,20.7878,19.94918,7784,301,6,389,1.2474100571841e+19,GALAXY,0.7772924,11079,58485,929
1.2376786002433157e+18,28.0181993819384,15.2596147394446,25.62357,22.61942,21.99411,20.52966,19.66796,7713,301,1,411,1.2435738061392077e+19,QSO,1.653693,11045,58485,631
1.237665127473349e+18,193.737071602125,33.9532213733506,23.03227,22.18878,21.72119,21.16537,20.78288,4576,301,2,496,1.1542877719911223e+19,GALAXY,0.684262,10252,58485,552
1.2376789185945275e+18,1.18686228189392,11.7492924506018,20.76551,18.61335,17.68401,17.24273,16.8748,7787,301,2,209,1.3016702413322869e+19,GALAXY,0.07486124,11561,58485,631
1.2376651269374615e+18,196.226724214855,33.2420642475739,22.4933,26.77787,21.23586,20.15063,19.40745,4576,301,1,511,1.1542987396196096e+19,GALAXY,0.6442003,10252,58485,951
1.2376613607668452e+18,219.025987981795,41.2494064818,20.82602,20.68923,20.5609,20.3046,20.56684,3699,301,2,188,1.2102486257495726e+19,QSO,1.773647,10749,58485,684
1.237667142327338e+18,133.686160723272,21.6357267154,23.00457,22.36699,21.49875,20.47774,19.66045,5045,301,3,152,1.249324966635034e+19,GALAXY,0.6411201,11096,58485,961
1.237665127474332e+18,196.359973769041,33.8003928371948,20.73802,20.77616,20.64241,20.30275,20.0528,4576,301,2,511,1.1542994817899583e+19,QSO,1.999207,10252,58485,978
1.2376651274603077e+18,158.284717721071,31.2378086643218,25.4498,23.82329,21.83828,20.75945,19.84184,4576,301,2,297,1.281635160353278e+19,QSO,0.6254995,11383,58485,847
1.2376607648328591e+18,120.15725463426,23.2357622934641,25.87556,23.80673,21.53059,20.3535,19.67051,3560,301,4,77,1.2519034313533315e+19,GALAXY,0.640872,11119,58485,557
1.2376613607675003e+18,220.966153351113,40.6877923462544,18.61668,17.70032,17.5054,17.4076,17.43487,3699,301,2,198,1.2102568171112e+19,STAR,-0.0008783938,10749,58485,982
1.2376536518468567e+18,28.0457000552702,13.6905218739721,22.35077,21.16217,20.79696,20.67056,20.39418,1904,301,3,332,1.2435666318258362e+19,STAR,6.434433e-07,11045,58485,370
1.237678858472326e+18,1.68737205288573,12.0090305676535,26.27866,23.90191,21.96249,20.44361,19.36184,7773,301,2,321,1.3016734299160074e+19,GALAXY,0.8171293,11561,58485,747
1.237678918594593e+18,1.29443267692602,11.6914647473223,21.15117,19.31759,18.35161,17.95608,17.57782,7787,301,2,210,1.3016712034049612e+19,GALAXY,0.07349442,11561,58485,666
1.237661850944143e+18,220.047053946503,39.1566883683419,21.9952,20.97503,20.50235,20.39359,20.24409,3813,301,3,404,1.2102325453920164e+19,QSO,2.744843,10749,58485,99
1.2376788579465956e+18,27.5972646403876,10.6384710426362,22.19778,21.67505,21.497,21.02223,20.90233,7773,301,1,491,1.2473994468968913e+19,QSO,1.951677,11079,58485,543
1.2376789078688404e+18,29.1203717611076,10.0118955048748,26.59152,24.02865,21.71761,20.19105,19.46696,7784,301,6,388,1.2474079681120063e+19,GALAXY,0.7790453,11079,58485,853
1.2376651274744627e+18,196.643086218998,33.6370118253189,21.05684,21.00339,20.83103,20.95368,20.701,4576,301,2,513,1.154299866619028e+19,QSO,1.145854,10252,58485,992
1.2376583107950671e+18,191.518949196289,58.9513228837731,20.56278,20.56458,20.34646,20.21002,20.39061,2989,301,1,64,9.247156814776392e+18,QSO,1.40407,8213,58487,512
1.2376613886735163e+18,194.064473804595,58.3240633386715,23.08314,21.98173,20.60871,20.16305,19.8351,3705,301,6,26,9.247100464805468e+18,GALAXY,0.3953126,8213,58487,307
1.237665129610216e+18,164.284867084329,34.1772149907831,22.40362,24.90187,22.58232,20.84281,19.72423,4576,301,6,334,1.1560958364029835e+19,GALAXY,1.007074,10268,58487,793
1.2376802838518172e+18,28.9755345127187,26.7481665434459,20.96383,20.19377,19.83719,19.79201,19.55779,8105,301,1,126,8.659418921462684e+18,QSO,0.7735674,7691,58487,446
1.237661388136711e+18,194.206569389244,57.8372009958992,23.21182,25.81653,21.80814,20.53437,19.66036,3705,301,5,27,9.24709661651477e+18,GALAXY,0.7559568,8213,58487,293
1.237667254531589e+18,132.604727609569,19.7876744864127,25.92845,22.65929,21.30567,20.2119,19.45213,5071,301,4,125,1.2486479423535864e+19,GALAXY,0.8654876,11090,58487,907
1.2376551067693222e+18,193.633371614141,58.5941061053461,20.95035,20.97341,20.79738,20.75644,20.61109,2243,301,1,367,9.247113384067097e+18,QSO,1.46174,8213,58487,354
1.2376650243723105e+18,196.368870309829,33.8530925877553,22.10717,21.30493,21.19555,21.04259,21.07485,4552,301,2,163,1.1543996747903949e+19,GALAXY,0.02354229,10253,58487,527
1.2376651274744632e+18,196.644049989243,33.7779698796212,22.3658,21.33929,20.8731,20.89523,20.65066,4576,301,2,513,1.1543995373514414e+19,STAR,0.0001321091,10253,58487,522
1.237665127474791e+18,197.618093482533,33.6467153665059,21.9831,21.71319,21.46762,21.30249,21.44348,4576,301,2,518,1.1544050349095805e+19,QSO,1.193918,10253,58487,722
1.2376672105079772e+18,132.395352801983,18.419992649323,21.00187,20.67249,20.39478,20.43616,20.82491,5061,301,2,122,1.2486271340960307e+19,QSO,1.090159,11090,58487,150
1.2376651269380503e+18,197.852979987953,33.1852737791056,19.20329,17.21183,16.18589,15.74914,15.37414,4576,301,1,520,1.15439274786714e+19,GALAXY,0.1271904,10253,58487,275
1.237655107843e+18,193.487740677969,59.5160205127704,22.10263,22.55184,22.20861,20.69763,19.4924,2243,301,3,366,9.247191724270574e+18,GALAXY,1.072693,8213,58487,639
1.2376583107950676e+18,191.503838692084,58.9926781886869,21.31006,21.23918,21.24429,20.77328,20.62885,2989,301,1,64,9.247156539898485e+18,QSO,1.525578,8213,58487,511
1.2376551067692567e+18,193.27923935761,58.5139182659226,21.98676,21.16974,21.01233,20.95106,21.63667,2243,301,1,366,9.24712272991593e+18,STAR,-0.0008894803,8213,58487,388
1.2376551073060623e+18,193.122621283546,58.9366471456836,23.21458,21.85926,22.02427,21.67466,21.68682,2243,301,2,365,9.2471848523229e+18,QSO,2.582592,8213,58487,614
1.2376651296098227e+18,163.256353085392,33.9243414263846,22.84133,21.65625,19.99663,19.44752,19.06192,4576,301,6,328,1.1560905862349609e+19,GALAXY,0.401277,10268,58487,602
1.2376583107957883e+18,194.683456816843,58.6974590434076,21.83797,21.47935,21.28036,20.8546,20.76374,2989,301,1,75,9.247080123840354e+18,QSO,1.513009,8213,58487,233
1.2376651274753147e+18,199.007405479845,33.5461906274707,23.4788,24.40649,22.28783,20.76422,19.86604,4576,301,2,526,1.154386260748536e+19,GALAXY,0.8262278,10253,58487,39
1.237665127474725e+18,197.429588101727,33.6141315347288,21.33976,20.53993,20.48679,20.43887,20.26865,4576,301,2,517,1.1544042927392315e+19,QSO,2.365007,10253,58487,695
1.2376651274745285e+18,196.929086741318,33.5951314762094,21.95149,21.61895,21.56238,21.20089,21.17294,4576,301,2,514,1.154402093715976e+19,GALAXY,0.8910108,10253,58487,615
1.237665129609692e+18,162.88242144721,33.8956571226486,22.89942,22.51853,21.57245,20.52185,19.8331,4576,301,6,326,1.1560884146995e+19,GALAXY,0.6349846,10268,58487,523
1.237665025446642e+18,198.099292731862,34.6147059928574,20.61283,20.46276,20.2254,20.28532,20.28445,4552,301,4,172,1.15440937798051e+19,QSO,1.220663,10253,58487,880
1.237658310795658e+18,194.142630091698,58.7722692422353,24.40193,25.08631,21.79463,20.53881,19.77598,2989,301,1,73,9.24709221846826e+18,GALAXY,0.6416256,8213,58487,277
1.237667254531458e+18,132.325050361303,19.5405972219682,23.17208,22.98391,21.62571,20.27122,19.56483,5071,301,4,123,1.2486471726954467e+19,QSO,6.151872,11090,58487,879
1.2376551067691912e+18,193.048990200835,58.5827572652939,22.0501,22.11451,21.69641,21.82736,21.47821,2243,301,1,365,9.247134549665927e+18,QSO,1.460821,8213,58487,431
1.2376651269383127e+18,198.574844208311,33.0556384351372,21.9012,21.74282,21.68167,21.37414,21.63207,4576,301,1,524,1.1543871403578382e+19,QSO,1.858415,10253,58487,71
1.237665127475184e+18,198.750429352898,33.4783168707791,20.81082,20.34114,20.06528,19.84928,19.55793,4576,301,2,524,1.1543873877479545e+19,QSO,2.101292,10253,58487,80
1.237661388137038e+18,195.537580504808,57.808144065753,21.82488,21.50627,20.94514,20.82029,20.55689,3705,301,5,32,9.247051261660123e+18,GALAXY,0.2970172,8213,58487,128
1.2376551067696497e+18,194.916913475701,58.3926255575913,21.12184,20.30418,19.97044,19.83745,19.74013,2243,301,1,372,9.247067479456637e+18,STAR,-0.0005714638,8213,58487,187
1.237661388137104e+18,195.766403646358,57.8722036967286,22.32074,22.91289,21.69361,20.57083,19.8127,3705,301,5,33,9.247041091177568e+18,GALAXY,0.7592239,8213,58487,91
1.2376672539942587e+18,131.692129444585,18.9828391040621,22.47969,22.08741,21.8104,21.8299,21.00431,5071,301,3,118,1.2486432694291683e+19,QSO,0.9061835,11090,58487,737
1.237658310795854e+18,194.961683636012,58.7429238987916,21.93288,22.02206,21.92672,21.72124,21.26374,2989,301,1,76,9.247070228235704e+18,QSO,2.15391,8213,58487,197
1.237665127474594e+18,197.003451539817,33.6644606721602,21.18422,20.4777,20.19017,20.14497,20.02052,4576,301,2,515,1.1544021212037669e+19,QSO,2.06959,10253,58487,616
1.2376651296099543e+18,163.565956069266,33.9792925804808,26.43765,23.93353,22.42975,20.96145,19.73885,4576,301,6,330,1.1560926478192628e+19,GALAXY,0.905987,10268,58487,677
1.237665127474594e+18,197.050823164412,33.7645021087349,21.652,21.49267,21.30133,21.10406,21.05635,4576,301,2,515,1.1544017638624877e+19,QSO,0.8918772,10253,58487,603
1.237661388673254e+18,192.852759032724,58.4035400309737,22.88398,21.03253,19.93834,19.48161,19.24829,3705,301,6,22,9.247134824543836e+18,GALAXY,0.161186,8213,58487,432
1.2376583107955264e+18,193.599540132995,58.7625934556787,20.93359,20.60616,20.0723,19.8506,19.96581,2989,301,1,71,9.247115033334536e+18,QSO,1.381024,8213,58487,360
1.2376583107961825e+18,196.455126150788,58.5425240821277,26.12256,24.02771,21.90068,20.68912,19.86045,2989,301,1,81,9.247024048747336e+18,GALAXY,0.7496043,8213,58487,29
1.237658310795133e+18,191.775756382028,58.9000958355458,19.68777,19.72619,19.75663,19.45578,19.36277,2989,301,1,65,9.247158464043831e+18,QSO,1.925018,8213,58487,518
1.237658310795854e+18,194.831895402797,58.6073747021903,21.10412,20.99253,20.99762,20.56056,20.12593,2989,301,1,76,9.247071052869423e+18,STAR,9.769933e-05,8213,58487,200
1.2376650243733588e+18,199.194548681577,33.6805685406135,21.60741,20.66169,20.6524,20.53542,21.65722,4552,301,2,179,1.1544125940520212e+19,QSO,2.677134,10253,58487,997
1.237667209970779e+18,131.729434345026,17.8876030046577,23.75106,21.83452,21.86724,21.91607,22.746,5061,301,1,117,1.2486310923378907e+19,QSO,3.056546,11090,58487,294
1.2376672539948493e+18,133.046806015932,19.5391149483928,26.04584,23.79125,21.89136,20.67763,19.85247,5071,301,3,127,1.2486500314256792e+19,GALAXY,0.7571145,11090,58487,983
1.2376650249097057e+18,197.760186254006,34.314853561121,23.29518,22.3901,22.17477,21.95457,21.31774,4552,301,3,171,1.1544070690060917e+19,GALAXY,0.1699948,10253,58487,796
1.2376583118698583e+18,196.471328385188,59.4028316905481,25.90576,23.78858,21.81655,20.70351,19.93279,2989,301,3,80,9.247285732514748e+18,GALAXY,0.6344007,8213,58487,981
1.2376671068920888e+18,131.891058631045,19.6108350426967,23.72708,23.40414,22.18226,21.0895,19.95335,5037,301,1,125,1.2486437092338194e+19,GALAXY,0.9525709,11090,58487,753
1.2376671068924815e+18,132.69867536508,20.0734240206701,25.30128,23.74561,21.99627,20.94013,19.86045,5037,301,1,131,1.24864887693847e+19,GALAXY,0.9556932,11090,58487,941
1.2376650254463142e+18,197.09061422162,34.7874927113824,22.51688,21.90377,21.80726,21.82983,21.49312,4552,301,4,167,1.1544014065212086e+19,QSO,2.572739,10253,58487,590
1.237667210507715e+18,131.667856320401,18.1976737802302,21.76013,21.64175,21.52275,21.43095,21.02457,5061,301,2,118,1.2486318345082397e+19,QSO,1.210153,11090,58487,321
1.2376651274628636e+18,165.039011258341,32.5348498262397,22.04178,22.90296,21.43113,20.27051,19.5091,4576,301,2,336,1.1560756053890324e+19,GALAXY,0.6621535,10268,58487,57
1.2376674300902776e+18,132.655350756121,17.5222026160679,23.60309,24.17732,21.94073,20.90363,19.87907,5112,301,3,154,1.248624137926845e+19,GALAXY,0.6680472,11090,58487,41
1.2376671068920228e+18,131.699256578791,19.5678573391769,24.71924,23.87523,21.89131,20.55599,19.82276,5037,301,1,124,1.2486427196733544e+19,GALAXY,0.7548181,11090,58487,717
1.2376651269378542e+18,197.390946922921,33.1154287213171,22.23054,21.72852,21.7937,21.60796,22.11865,4576,301,1,517,1.1543948644270232e+19,QSO,1.609688,10253,58487,352
1.2376648176697352e+18,163.211106164352,34.4165690566094,22.15528,24.16345,21.32365,20.31133,19.31927,4504,301,1,52,1.1560900089913563e+19,GALAXY,0.9527329,10268,58487,581
1.237680283851686e+18,28.6689396251306,26.9799976620639,19.92306,19.75304,19.52226,19.35404,18.94959,8105,301,1,124,8.659425518532449e+18,QSO,0.3715052,7691,58487,470
1.2376613881370383e+18,195.502328279366,57.7298261599141,22.92248,22.63919,21.85316,20.54296,19.87718,3705,301,5,32,9.247051536538032e+18,GALAXY,0.738027,8213,58487,129
1.237665127474332e+18,196.269204771643,33.7731999159039,21.82261,21.56005,21.61507,21.11725,21.14814,4576,301,2,511,1.1543990150834182e+19,QSO,2.711129,10253,58487,503
1.2376614187442511e+18,193.069540231967,58.2444710691086,22.29429,23.84206,21.79973,20.46834,19.60392,3712,301,6,117,9.247121355526396e+18,GALAXY,0.7392132,8213,58487,383
1.2376551078433265e+18,195.089041011936,59.3149497326791,25.26407,22.79399,21.32901,20.28712,19.60162,2243,301,3,371,9.247247249607776e+18,GALAXY,0.6691279,8213,58487,841
1.2376583107955264e+18,193.506849597475,58.7367008100819,21.5675,21.04548,21.1797,21.27789,21.3706,2989,301,1,71,9.247113933822908e+18,STAR,-0.0004850235,8213,58487,356
1.2376672105083707e+18,133.092607184512,18.8968641216731,23.96676,23.47391,21.8619,20.72639,19.73314,5061,301,2,128,1.2486504712303305e+19,GALAXY,0.6688933,11090,58487,999
1.237665126937789e+18,197.096876861316,33.1538323968231,21.69694,21.28679,21.07223,20.64507,20.54019,4576,301,1,516,1.1543959089630695e+19,QSO,1.894215,10253,58487,390
1.237667431701218e+18,132.919957913585,19.0791232012334,25.26852,23.41038,21.40461,20.39978,19.74163,5112,301,6,159,1.2486498115233536e+19,GALAXY,0.5324665,11090,58487,975
1.2376672105083044e+18,132.9566134126,18.8260100421024,21.32532,21.28472,21.06178,21.0036,20.96275,5061,301,2,127,1.2486498390111445e+19,QSO,1.268844,11090,58487,976
1.2376650249091151e+18,196.199369957982,34.3203819116868,22.60446,22.4148,22.25203,22.12926,21.57532,4552,301,3,162,1.1544116594671376e+19,GALAXY,0.0,10253,58487,963
1.23766502544638e+18,197.296798464184,34.6283513054656,25.73697,23.01377,21.44906,20.12121,19.65612,4552,301,4,168,1.1544036330322549e+19,STAR,-0.0001454779,10253,58487,671
1.2376613881370383e+18,195.647547661824,57.8954995502882,23.24681,21.08452,19.87299,19.41911,19.01666,3705,301,5,32,9.247053185805472e+18,GALAXY,0.1911772,8213,58487,135
1.2376650259835128e+18,198.041672612832,35.0500366558858,21.54557,20.59856,20.49595,20.32218,20.01682,4552,301,5,172,1.154407948615394e+19,QSO,2.634835,10253,58487,828
1.2376651296100849e+18,163.798420778043,34.1830411766693,25.32151,22.4496,21.3588,20.35878,19.58761,4576,301,6,332,1.1560925928436816e+19,GALAXY,0.6771583,10268,58487,675
1.2376671068923507e+18,132.373696482794,19.7466403022798,24.66312,26.32771,22.15933,20.89156,19.90921,5037,301,1,129,1.2486470077687e+19,GALAXY,0.9000998,11090,58487,873
1.2376651274745288e+18,196.854387553498,33.7346983941766,22.29555,21.06084,20.64179,20.49306,20.39002,4576,301,2,514,1.1544010766677205e+19,QSO,0.5698304,10253,58487,578
1.23765510676965e+18,195.194889725202,58.4975534321542,19.85746,18.89915,18.63096,18.51809,18.45832,2243,301,1,372,9.247057858729892e+18,STAR,-0.0004600676,8213,58487,152
1.2376674859178406e+18,135.050877803203,16.6007381832239,26.35889,23.49232,21.74975,20.69123,19.38269,5125,301,3,47,1.2482854883471675e+19,GALAXY,0.5317536,11087,58488,9
1.2376618509423744e+18,215.338987532193,40.7718070925464,20.64744,20.31998,20.26096,20.01795,19.98877,3813,301,3,377,1.2105843616301472e+19,QSO,0.5922418,10752,58488,610
1.237667485917709e+18,134.783548603913,16.4610382318078,26.50596,23.51431,21.36544,20.26793,19.62411,5125,301,3,45,1.2482854333715864e+19,GALAXY,0.640576,11087,58488,7
1.2376789207505308e+18,21.164599941367,12.9044869187611,20.97436,21.27326,20.78674,20.66662,20.65438,7787,301,6,339,1.2468477394549e+19,QSO,1.336317,11074,58488,952
1.2376788584801244e+18,19.8536529862848,11.554251327605,25.11548,22.8601,21.67631,20.50663,19.94679,7773,301,2,440,1.2468320714142e+19,STAR,-2.273339e-05,11074,58488,382
1.2376788590173228e+18,20.7254488806268,11.9841415511682,21.96875,21.39779,21.00135,20.74524,20.48416,7773,301,3,445,1.2468270686362948e+19,QSO,1.601703,11074,58488,200
1.237665441512817e+18,187.116137127501,29.624361413216,20.58427,19.94444,19.58415,19.54956,19.27359,4649,301,3,38,1.2829641675505949e+19,QSO,0.8588662,11395,58488,44
1.2376793196259584e+18,359.477118895318,10.7542506888119,26.48979,23.82184,22.38355,21.0476,19.95705,7880,301,5,39,1.2999692418735692e+19,GALAXY,0.8044295,11546,58488,189
1.2376648778095657e+18,160.835669522228,33.9586131759773,19.04201,18.17715,17.92301,17.86741,17.91244,4518,301,1,209,1.1563139245360306e+19,STAR,3.624532e-05,10270,58488,535
1.2376788579347333e+18,359.986362584215,11.5687595367375,20.20303,20.03285,19.81867,19.57177,19.5571,7773,301,1,310,1.299989390424148e+19,QSO,1.830743,11546,58488,922
1.2376788590081477e+18,359.264095043311,12.3688691609221,21.53974,20.99857,20.65997,20.43534,19.90091,7773,301,3,305,1.2999855146456605e+19,QSO,0.8321229,11546,58488,781
1.237678918602327e+18,19.3108981804615,11.4816232440599,23.02144,24.66516,22.50511,21.04251,19.29961,7787,301,2,328,1.2468342979252476e+19,GALAXY,1.16435,11074,58488,463
1.23767886009113e+18,20.8820302820255,12.8041732017337,21.6868,20.88841,20.67273,20.63385,20.63314,7773,301,5,446,1.2468456503828e+19,QSO,2.585987,11074,58488,876
1.2376789207505964e+18,21.1971542856404,13.0235776655419,22.53562,22.19946,22.00952,22.13906,22.76532,7787,301,6,340,1.2461550471294e+19,QSO,2.568845,11068,58488,328
1.2376618509424397e+18,215.481680762577,40.6779777107113,21.05193,21.20159,20.68607,20.60163,20.5111,3813,301,3,378,1.210584389117938e+19,QSO,1.319404,10752,58488,611
1.2376788590176504e+18,21.3857743850459,11.9332270951983,21.238,21.13703,20.62972,20.42826,20.48443,7773,301,3,450,1.2468225331508304e+19,QSO,1.130426,11074,58488,35
1.2376789207498757e+18,19.5789396328336,13.0980317198365,20.38837,19.87295,19.39021,19.07872,19.04682,7787,301,6,329,1.2468376239479216e+19,QSO,1.454998,11074,58488,584
1.2376674300902126e+18,132.582698491724,17.4856164382999,23.1635,23.80681,22.0661,20.69803,19.89531,5112,301,3,153,1.248299672047166e+19,GALAXY,0.757964,11087,58488,525
1.2376789186029824e+18,20.8938269094676,11.2262664627557,23.59345,25.10187,22.40373,21.15408,19.6771,7787,301,2,338,1.2468252269543184e+19,GALAXY,1.05675,11074,58488,133
1.237678920751055e+18,22.2942873950171,12.9617544653122,21.06914,20.82066,20.53587,20.54925,20.44666,7787,301,6,347,1.2461489998154455e+19,QSO,0.8676323,11068,58488,108
1.237678858471736e+18,0.233967982804757,11.9591410761426,23.68135,24.06727,22.67559,20.92558,19.90042,7773,301,2,312,1.299990022643334e+19,GALAXY,0.7964666,11546,58488,945
1.2376788590171917e+18,20.2849377942721,12.0114336529817,21.75872,21.33895,21.11304,20.9957,20.90521,7773,301,3,443,1.2468291851961784e+19,QSO,1.46165,11074,58488,277
1.2376788584802552e+18,20.2367946593803,11.5680921728744,22.75422,22.21039,21.85862,21.89076,21.26011,7773,301,2,442,1.2468288278549e+19,STAR,0.000475446,11074,58488,264
1.2376788579337503e+18,357.730675041457,11.3907025488532,21.31802,21.14918,21.06537,20.85919,20.7121,7773,301,1,295,1.299977955503219e+19,QSO,1.942943,11546,58488,506
1.2376788590173228e+18,20.6409908415919,11.9826734787341,22.05001,22.14349,21.57807,21.9092,22.47021,7773,301,3,445,1.2468267387828066e+19,QSO,1.198856,11074,58488,188
1.2376788579430566e+18,19.3152874630348,11.1817851720681,20.30077,19.95047,19.70524,19.52798,19.39941,7773,301,1,437,1.2468338306328056e+19,QSO,0.7350803,11074,58488,446
1.2376789207504653e+18,20.937671961623,13.0576687542118,21.20339,21.37834,21.32728,20.8133,20.79091,7787,301,6,338,1.246157136201491e+19,QSO,1.860666,11068,58488,404
1.237678858470884e+18,358.243374239185,11.9905231011448,24.27378,26.00849,21.84001,20.75853,19.7459,7773,301,2,299,1.2999804019165911e+19,GALAXY,0.6641563,11546,58488,595
1.237678859008082e+18,359.122192720805,12.3758890588523,21.42752,21.00783,20.79413,20.58635,20.44442,7773,301,3,304,1.299984552572986e+19,QSO,0.6386184,11546,58488,746
1.237664817669211e+18,161.666334213856,34.2280099775017,23.82741,23.07359,21.68553,20.36627,19.67399,4504,301,1,44,1.1563180477046348e+19,GALAXY,0.7331986,10270,58488,685
1.237662307263644e+18,216.273586178401,38.6914176687642,21.16842,19.19109,18.0171,17.54771,17.20239,3919,301,5,87,1.2105744110499158e+19,GALAXY,0.1657747,10752,58488,248
1.2376789186026547e+18,20.0294628559712,11.414399366402,22.30954,23.98841,21.82823,20.49596,19.59701,7787,301,2,333,1.2468308894392e+19,GALAXY,0.6127912,11074,58488,339
1.237649954404762e+18,22.4792093215978,14.6065985906209,23.06277,22.74303,22.09953,20.66728,19.87102,1043,301,4,147,1.246172611827652e+19,GALAXY,0.7159232,11068,58488,967
1.2376536518447598e+18,23.103447707944,14.1103354062296,21.71247,21.502,21.15836,21.12568,20.55237,1904,301,3,300,1.2461587304933511e+19,GALAXY,0.0,11068,58488,462
1.2376578791490207e+18,115.170459305772,23.3259300642191,23.02003,23.15261,22.00698,20.96682,19.92675,2888,301,5,36,1.2501012768248584e+19,GALAXY,0.8140818,11103,58488,531
1.237679319626417e+18,0.430577449944167,10.6245296702489,25.01568,23.03528,21.70072,20.30314,19.63974,7880,301,5,46,1.2999647063881e+19,STAR,-0.0001287031,11546,58488,24
1.23767885847108e+18,358.824522491263,11.9736545303775,21.09037,20.23997,19.52805,19.32933,19.2327,7773,301,2,302,1.299982298574149e+19,QSO,1.256539,11546,58488,664
1.2376788590176504e+18,21.4217809681762,11.8236680677503,21.70465,21.76471,21.26347,21.36424,21.22227,7773,301,3,450,1.2468222582729234e+19,QSO,1.142047,11074,58488,25
1.2376788584809103e+18,21.7516408172701,11.3584416452227,24.04203,21.47874,20.09603,19.03499,18.52523,7773,301,2,452,1.2468217085171096e+19,STAR,2.755553e-05,11074,58488,5
1.237678859017716e+18,21.4958541996136,11.8106798042147,20.47343,20.30917,20.32211,20.22206,19.92806,7773,301,3,451,1.2468224506874583e+19,QSO,2.109785,11074,58488,32
1.237661850942833e+18,216.4658411627,40.2710013383448,21.21136,20.79828,20.65806,20.30344,20.28879,3813,301,3,384,1.2105901890417744e+19,QSO,1.762351,10752,58488,822
1.237649920578749e+18,20.6724900472407,14.9226283710902,23.68603,25.09303,21.59994,21.53469,21.74689,1035,301,5,99,1.2461612043945138e+19,QSO,1.567697,11068,58488,552
1.237678858479994e+18,19.6321934524439,11.5306966257925,26.12356,23.81821,21.9786,20.57105,19.60273,7773,301,2,438,1.2468333083647824e+19,GALAXY,0.659658,11074,58488,427
1.2376788590172575e+18,20.4821463099888,12.0327274822437,23.11636,20.70788,20.00372,19.6083,19.54228,7773,301,3,444,1.246828140660132e+19,QSO,3.239913,11074,58488,239
1.2376788584801897e+18,20.0525557261385,11.4978807678312,21.89214,21.35124,21.18755,20.843,20.7658,7773,301,2,441,1.2468299823421084e+19,QSO,1.528308,11074,58488,306
1.2376674300909325e+18,134.204879713895,17.9988306786217,25.10181,24.2883,21.69892,20.49347,19.77805,5112,301,3,164,1.248309292773909e+19,GALAXY,0.6898148,11087,58488,875
1.237678857933947e+18,358.129275682677,11.5348845649247,23.60101,22.34739,21.88529,21.72528,21.74399,7773,301,1,298,1.2999794948195e+19,QSO,2.601495,11546,58488,562
1.237678857943384e+18,20.2233871841465,11.1911561685424,23.25232,21.56426,21.51531,21.6968,22.31661,7773,301,1,442,1.2468297074642e+19,QSO,2.836864,11074,58488,296
1.237678859017519e+18,21.0747351377078,11.9655657460796,22.54046,22.00338,21.5319,20.9993,20.7546,7773,301,3,448,1.2468247596618766e+19,QSO,1.714972,11074,58488,116
1.2376788590174538e+18,20.9748789473735,11.9139198006424,21.75707,21.92411,22.07865,21.67054,21.13389,7773,301,3,447,1.2468246222229232e+19,QSO,1.990263,11074,58488,111
1.2376788595542592e+18,20.9037286154309,12.3476333418139,25.61317,23.79294,21.41154,20.15399,19.45592,7773,301,4,446,1.2468459527485e+19,GALAXY,0.7254084,11074,58488,887
1.2376788590080827e+18,359.134193011633,12.3557061522307,22.52003,22.02032,21.72199,21.22663,21.27168,7773,301,3,304,1.2999844975974e+19,QSO,1.583939,11546,58488,744
1.2376672116036078e+18,186.22547907051,30.0486973913961,22.05074,21.50228,21.23296,21.13853,21.02691,5061,301,4,456,1.28297109447385e+19,STAR,5.160963e-05,11395,58488,296
1.2376621956110093e+18,217.056107977365,38.5805313190943,24.17584,22.21341,21.807,22.16128,21.7478,3893,301,5,339,1.210571167490614e+19,GALAXY,0.2004387,10752,58488,130
1.2376499544042376e+18,21.3739162164842,14.7850007159317,24.92083,20.70307,19.18275,18.60679,18.21629,1043,301,4,139,1.246166042245676e+19,GALAXY,0.2562813,11068,58488,728
1.2376788579433193e+18,20.0373863029504,11.121946647232,24.10398,24.1878,21.71642,20.46932,19.49912,7773,301,1,441,1.2468307245124571e+19,STAR,6.92859e-05,11074,58488,333
1.2376651296095608e+18,162.363797710178,33.9193308858052,22.82345,23.01936,21.5301,20.50758,19.6351,4576,301,6,324,1.1563228305802156e+19,GALAXY,0.7406709,10270,58488,859
1.2376648176693414e+18,162.047475560355,34.2416833651648,23.25451,22.55358,21.49107,20.14502,19.50083,4504,301,1,46,1.1563203017034715e+19,GALAXY,0.6604927,10270,58488,767
1.2376788595542597e+18,20.8473207629928,12.3536796532269,23.33585,23.02006,21.30804,20.25632,19.5743,7773,301,4,446,1.2468447432857117e+19,GALAXY,0.5191331,11074,58488,843
1.23767885847108e+18,358.705540230503,11.8480613373626,26.09627,20.96896,20.652,20.73001,20.42547,7773,301,2,302,1.2999813365014747e+19,QSO,3.242243,11546,58488,629
1.237667429017387e+18,134.863795535835,17.4287797410606,21.33434,22.00976,20.31866,20.06998,19.74765,5112,301,1,167,1.248311904114025e+19,GALAXY,0.2829679,11087,58488,970
1.237662195610027e+18,214.486876633831,39.4118676051467,25.29011,24.59195,21.83871,20.65776,19.95473,3893,301,5,324,1.2105812005342171e+19,GALAXY,0.8155696,10752,58488,495
1.237678858479928e+18,19.4455406801404,11.5591480860378,24.96802,21.61517,20.67471,20.50186,20.65214,7773,301,2,437,1.2468343254130385e+19,QSO,3.818174,11074,58488,464
1.2376788590171917e+18,20.3333221596416,11.8800918136844,21.29838,19.98179,19.40543,19.38447,18.99217,7773,301,3,443,1.2468291302206e+19,STAR,-0.0009196171,11074,58488,275
1.2376576284298455e+18,116.034838134169,23.9617461420816,23.83018,21.88371,21.86308,22.03706,22.28349,2830,301,2,29,1.2501050426521836e+19,QSO,3.136428,11103,58488,668
1.2376788584708188e+18,358.168660971707,11.934247374348,24.88702,24.54541,23.65782,20.90981,19.39421,7773,301,2,298,1.2999794398439168e+19,STAR,-0.0002325924,11546,58488,560
1.2376793196255654e+18,358.566962914675,10.6004404393711,26.38557,24.63939,21.65126,20.52482,19.76635,7880,301,5,33,1.2999735299689175e+19,GALAXY,0.9414638,11546,58488,345
1.2376675380000202e+18,133.11041739592,16.1234468262907,24.74097,21.81865,21.38399,21.43681,21.35231,5137,301,4,134,1.2482941470012365e+19,GALAXY,0.2184408,11087,58488,324
1.2376674290170596e+18,134.166592980113,17.2221021849382,20.9727,20.99184,21.05103,20.72098,20.58933,5112,301,1,162,1.2483098425297228e+19,QSO,2.083278,11087,58488,895
1.2376788590174538e+18,20.8933168985117,11.8703467983515,24.03335,22.47415,21.25033,20.81597,20.66478,7773,301,3,447,1.2468256942467602e+19,STAR,-0.000897376,11074,58488,150
1.2376788584803208e+18,20.3708381196496,11.4501333888616,18.48399,17.59546,17.25394,17.031,16.70826,7773,301,2,443,1.2468279482456e+19,QSO,2.492275,11074,58488,232
1.2376674859171187e+18,133.38961075254,16.1350247565374,25.33442,24.36843,21.92212,20.52688,19.66744,5125,301,3,36,1.248293184928562e+19,GALAXY,0.3239353,11087,58488,289
1.2376788595543252e+18,21.0434358954598,12.4055272181184,23.26308,22.21554,21.15676,20.07332,19.36006,7773,301,4,447,1.2468462276264088e+19,GALAXY,0.6571577,11074,58488,897
1.2376788606279355e+18,20.6985031844805,13.1144344681213,23.76612,24.34238,21.73079,20.61763,19.93673,7773,301,6,445,1.2468443034810604e+19,GALAXY,0.6600029,11074,58488,827
1.237678859017519e+18,21.0527492082999,12.0087219049453,22.7389,21.64422,21.4984,21.61287,20.93007,7773,301,3,448,1.246824732174086e+19,QSO,2.302398,11074,58488,115
1.2376674859173816e+18,134.145369878399,16.2339949125207,26.47372,23.84047,21.80848,20.61167,19.67826,5125,301,3,40,1.2482889518088e+19,GALAXY,0.7326305,11087,58488,135
1.2376789207500063e+18,19.9563720576906,13.0222430280549,19.95544,19.68118,19.62152,19.39103,19.3191,7787,301,6,331,1.2468388883862936e+19,QSO,1.607261,11074,58488,630
1.2376499205787492e+18,20.7321771386011,14.8982066930236,26.32515,25.24628,22.41603,21.71726,21.00153,1035,301,5,99,1.2461624688328856e+19,GALAXY,0.5632646,11068,58488,598
1.2376788590081477e+18,359.185700289265,12.4079895650998,20.68922,20.36068,20.21621,20.03065,19.96642,7773,301,3,305,1.2999856520846135e+19,QSO,1.778247,11546,58488,786
1.237678859008082e+18,359.074448533059,12.3874931179877,21.15153,20.92982,20.83919,20.73083,21.03624,7773,301,3,304,1.2999844426218232e+19,QSO,1.792659,11546,58488,742
1.2376674290165353e+18,132.981078399651,16.7439871803798,19.88467,19.56324,19.5928,19.34725,19.24154,5112,301,1,154,1.2482959611954223e+19,QSO,0.4898096,11087,58488,390
1.2376789185941345e+18,0.237303720229875,11.8105641700187,23.8846,25.27764,22.14359,20.73675,19.90982,7787,301,2,203,1.299990297521241e+19,GALAXY,0.6390619,11546,58488,955
1.2376788584802552e+18,20.1836574838114,11.5342305649073,21.75135,21.21002,20.88108,20.58357,20.31371,7773,301,2,442,1.2468300922932711e+19,QSO,1.996094,11074,58488,310
1.2376788584799276e+18,19.3862388220001,11.533980478126,21.58638,21.77014,21.68518,21.24277,20.99828,7773,301,2,437,1.2468344078764104e+19,QSO,1.903309,11074,58488,467
1.2376674859171848e+18,133.594235079323,16.0556546131258,23.03251,24.24134,21.96312,20.74819,19.77775,5125,301,3,37,1.2482919754657716e+19,GALAXY,0.8493912,11087,58488,245
1.2376789207500063e+18,19.9403685887951,12.9746278200943,20.80162,20.45597,20.17082,19.74107,19.82262,7787,301,6,331,1.2468391632642e+19,QSO,1.823696,11074,58488,640
1.2376788584801897e+18,20.0687183254429,11.5709110456897,20.49711,20.63158,20.56783,20.26745,20.18246,7773,301,2,441,1.2468299273665272e+19,QSO,2.030693,11074,58488,304
1.2376793196253678e+18,358.004502383395,10.56589483816,19.45116,18.39977,18.00802,17.84029,17.75734,7880,301,5,30,1.29997680101601e+19,STAR,-4.717546e-05,11546,58488,464
1.237664877809435e+18,160.331409219955,33.9175932648544,20.7308,18.85235,17.93624,17.51416,17.19201,4518,301,1,207,1.1563134022680074e+19,GALAXY,0.08092999,10270,58488,516
1.2376674290169288e+18,133.86075148155,16.9842101630211,24.29724,23.97515,22.06636,20.84576,19.94383,5112,301,1,160,1.2482906010762367e+19,STAR,0.0002381746,11087,58488,195
1.237678858480583e+18,20.9321133156755,11.424057964459,18.6868,17.6956,17.41633,17.29691,17.25469,7773,301,2,447,1.2468254193688533e+19,STAR,-0.0008530147,11074,58488,140
1.237678859016864e+18,19.5703906060147,12.0197637428889,20.99956,21.05691,20.76019,20.7272,20.89842,7773,301,3,438,1.2468373490700149e+19,QSO,1.392987,11074,58488,574
1.2376788590174538e+18,20.9740128284321,12.0071694526252,21.66335,21.12284,20.81536,20.37485,20.01293,7773,301,3,447,1.246824649710714e+19,QSO,0.8190671,11074,58488,112
1.237657627892581e+18,115.767017782229,23.0388653070089,22.52899,21.63074,21.52146,21.23156,20.98784,2830,301,1,23,1.2501047127987e+19,QSO,0.9195678,11103,58488,656
1.237678858470949e+18,358.500986750629,11.8539904936694,25.53871,20.37044,19.41693,18.31435,18.68319,7773,301,2,300,1.2999804294043816e+19,GALAXY,0.6287811,11546,58488,596
1.2376788348335562e+18,20.3685530034369,10.7907170804373,27.50597,22.64182,21.99638,20.74316,19.71795,7767,301,6,70,1.2468284155380388e+19,GALAXY,0.8661824,11074,58488,249
1.237667485917447e+18,134.209739495232,16.3984277360411,22.32416,22.16619,21.76455,21.63291,21.57206,5125,301,3,41,1.2482890067843766e+19,QSO,1.162581,11087,58488,137
1.2376788590173228e+18,20.7077700861124,11.9889480438263,20.62862,20.56326,20.32159,20.35357,20.46877,7773,301,3,445,1.246826958685132e+19,QSO,1.317285,11074,58488,196
1.237678920750138e+18,20.2668635153264,13.1177366545548,22.21569,21.79224,21.63283,21.07006,20.97572,7787,301,6,333,1.2468410324339675e+19,QSO,1.751701,11074,58488,708
1.2376788590173228e+18,20.5918014936016,11.8910205809526,21.57808,21.8024,21.5709,21.40159,20.81455,7773,301,3,445,1.246827783318853e+19,GALAXY,0.8795025,11074,58488,226
1.2376788590078856e+18,358.588200129719,12.2794262900915,21.21694,21.22476,20.95476,20.9237,20.68042,7773,301,3,301,1.2999811990625212e+19,QSO,1.432051,11546,58488,624
1.2376499544039757e+18,20.6526044675105,14.6922603360381,24.71311,22.68188,21.75086,20.42754,19.45155,1043,301,4,135,1.2461615617357928e+19,STAR,-0.0002510153,11068,58488,565
1.2376788584716047e+18,0.0341164898239299,11.9919021572456,22.54777,21.9348,21.51241,21.36043,20.86785,7773,301,2,310,1.2999904349601944e+19,QSO,1.529602,11546,58488,960
1.2376674859171845e+18,133.704260488659,16.0910401343205,21.95781,21.75089,21.30175,21.25308,21.47939,5125,301,3,37,1.2482919204901902e+19,QSO,1.043808,11087,58488,243
1.2376793185522816e+18,359.617047142332,9.76633379424613,23.22961,22.84671,21.59562,20.41467,19.70358,7880,301,3,40,1.2999673727038e+19,GALAXY,0.6836362,11546,58488,121
1.2376674290164695e+18,132.844247691949,16.7960468803466,21.61864,21.23966,20.91938,20.59113,20.88549,5112,301,1,153,1.248297143170422e+19,QSO,1.506379,11087,58488,433
1.2376788595537354e+18,19.6131680411331,12.3726951748805,24.71381,23.59774,21.44439,20.37057,19.55069,7773,301,4,438,1.2468369917287356e+19,GALAXY,0.7773486,11074,58488,561
1.2376788579340782e+18,358.5050488713,11.4983181996396,25.23537,25.29467,22.69456,21.10179,19.99256,7773,301,1,300,1.2999808966968236e+19,STAR,0.0001071322,11546,58488,613
1.2376788590082135e+18,359.293609591658,12.3494661887103,23.07997,24.65114,21.96151,20.72048,19.93665,7773,301,3,306,1.2999856795724e+19,GALAXY,0.841622,11546,58488,787
1.2376789185931515e+18,357.965666030754,11.7294687090218,22.58718,24.00147,21.98299,20.44022,19.75711,7787,301,2,188,1.2999790825026376e+19,GALAXY,0.6310248,11546,58488,547
1.2376674290163387e+18,132.583243941142,16.6680556528812,19.92696,19.71871,19.53516,19.48272,19.25812,5112,301,1,151,1.2482979952919337e+19,QSO,1.037199,11087,58488,464
1.2376788584716045e+18,359.946315947019,12.0193178414178,22.66346,19.76641,18.30627,17.73982,17.33981,7773,301,2,310,1.2999891705218226e+19,GALAXY,0.2020687,11546,58488,914
1.2376788600909332e+18,20.4024790896892,12.8099615270799,21.32967,20.91953,20.64212,20.67092,20.62973,7773,301,5,443,1.2468423793357115e+19,QSO,2.535647,11074,58488,757
1.237667537463674e+18,134.332990371761,16.1580836288962,22.22531,24.04654,22.06898,20.70744,19.46105,5137,301,3,142,1.2482886769308885e+19,GALAXY,1.047053,11087,58488,125
1.23765762789245e+18,115.456711985406,22.8953811856978,23.16954,20.28626,18.90724,18.32353,17.99561,2830,301,1,21,1.2501026237266e+19,GALAXY,0.2409225,11103,58488,580
1.2376618509429637e+18,216.878590944725,40.1313439394846,23.68075,22.20944,21.71228,21.38419,20.32055,3813,301,3,386,1.2105919482603788e+19,GALAXY,1.199413,10752,58488,886
1.237662195610354e+18,215.281758015282,39.0776639737436,21.75957,21.60415,21.6719,21.35582,21.3998,3893,301,5,329,1.2105791939255e+19,QSO,1.757573,10752,58488,422
1.237678859017519e+18,21.1333968080544,11.8827598646319,20.69606,20.43476,20.11176,19.81533,19.66608,7773,301,3,448,1.2468232478333884e+19,QSO,2.617346,11074,58488,61
1.23765365184358e+18,20.3894353554661,14.3278021384532,21.27197,20.98454,20.61275,20.34887,20.3515,1904,301,3,282,1.2461602698096302e+19,QSO,1.515711,11068,58488,518
1.2376788584805176e+18,20.7742333065228,11.5649976576685,22.96272,20.94282,19.53967,19.51746,17.50617,7773,301,2,446,1.2468255568078068e+19,STAR,7.516631e-05,11074,58488,145
1.2376789207505964e+18,21.2343873271937,13.0201386337557,21.38915,21.13692,20.89367,20.97426,20.87647,7787,301,6,340,1.2468477119671065e+19,QSO,2.219956,11074,58488,951
1.2376793196260887e+18,359.738760622761,10.7772697657089,22.22566,21.77827,21.68879,21.52656,21.4123,7880,301,5,41,1.2999670703381e+19,QSO,2.189784,11546,58488,110
1.2376788584708183e+18,358.11478494287,11.8312314112515,24.03624,23.78406,22.38032,21.00985,19.99179,7773,301,2,298,1.2999793573805447e+19,GALAXY,0.6303239,11546,58488,557
1.2376788590174538e+18,20.9806785385272,11.8902716943869,20.57247,20.43907,20.17653,20.00672,19.98542,7773,301,3,447,1.2468247046863e+19,QSO,1.420609,11074,58488,114
1.2376788595541286e+18,20.5236011132894,12.3228865680876,25.46524,23.57811,21.95337,20.64677,19.84776,7773,301,4,444,1.2468436437740837e+19,GALAXY,0.6217207,11074,58488,803
1.237661849869091e+18,216.174546943002,39.5275985116758,21.06156,21.19705,21.17941,20.76388,20.41689,3813,301,1,384,1.210575125732474e+19,QSO,1.998612,10752,58488,274
1.2376789078553395e+18,357.855055695736,10.9651030712313,20.47115,20.24793,20.01787,20.16035,20.54419,7784,301,6,182,1.2999777905764751e+19,QSO,1.07997,11546,58488,500
1.2376621956104192e+18,215.519277214948,38.9730207107823,19.2697,19.29206,19.20121,19.12519,19.25902,3893,301,5,330,1.2105788365842176e+19,QSO,1.409567,10752,58488,409
1.23767885955439e+18,21.0728811439776,12.3358729899083,24.08558,24.70185,21.83884,20.77208,19.78848,7773,301,4,448,1.246847382113618e+19,GALAXY,0.82563,11074,58488,939
1.2376788600913925e+18,21.4636551218255,12.7264876488792,21.45363,20.95128,20.9064,20.68715,20.36257,7773,301,5,450,1.246848564088618e+19,QSO,2.228995,11074,58488,982
1.237679319626286e+18,0.169864975496466,10.6232672450944,22.97768,23.25169,21.73576,20.51078,19.80302,7880,301,5,44,1.2999647888514769e+19,GALAXY,0.5979961,11546,58488,27
1.2376788584708836e+18,358.378089676137,11.8812374177173,21.49974,20.12568,18.82789,18.19676,17.76588,7773,301,2,299,1.2999805393555444e+19,QSO,0.2352756,11546,58488,600
1.237661850943095e+18,217.330598458291,40.1576975639325,21.62328,21.70018,21.53372,21.5048,21.32021,3813,301,3,388,1.2105941472836344e+19,QSO,1.265589,10752,58488,966
1.237678859017847e+18,21.8742013494229,11.8567242686808,21.70966,21.30938,20.78353,20.33816,19.9747,7773,301,3,453,1.2468218734438535e+19,QSO,0.5182211,11074,58488,11
1.2376788584803208e+18,20.2880593155215,11.5811892923828,21.65558,20.54378,20.30998,20.211,20.06029,7773,301,2,443,1.2468287453915271e+19,QSO,2.853039,11074,58488,261
1.2376788584801897e+18,19.9596379098023,11.4968530678679,21.91576,21.65977,21.3102,21.01866,20.77148,7773,301,2,441,1.2468311918049e+19,QSO,1.455494,11074,58488,350
1.2376618498690255e+18,215.980727878655,39.6605842374961,22.09364,22.26576,22.02092,21.57013,22.13123,3813,301,1,383,1.2105763351952644e+19,GALAXY,0.4256164,10752,58488,318
1.2376788584803863e+18,20.4966022805343,11.5906947312627,22.07669,22.38292,21.91146,21.7687,21.59164,7773,301,2,444,1.2468279207578065e+19,QSO,1.426931,11074,58488,231
1.237678860090671e+18,19.7440890120151,12.8536923631028,21.66131,21.16661,20.92648,20.92051,20.88933,7773,301,5,439,1.2468377888746656e+19,QSO,2.177676,11074,58488,590
1.2376654431240197e+18,188.640664156605,30.9145038738988,23.6154,23.29254,21.76915,20.55182,19.86674,4649,301,6,47,1.2830947620475394e+19,GALAXY,0.6365058,11396,58490,699
1.2376654431242163e+18,189.175168946468,30.8596125697006,23.18175,23.23686,21.36282,20.22659,19.29423,4649,301,6,50,1.2830980605824227e+19,GALAXY,0.7948913,11396,58490,819
1.237665441513603e+18,189.245837061103,29.5502948087614,17.36714,16.37404,16.07612,15.95156,15.94343,4649,301,3,50,1.2830789290801e+19,STAR,-0.0001302164,11396,58490,123
1.2376654431242816e+18,189.329611308775,30.9437631082871,25.24005,22.97004,21.60784,20.53341,19.80545,4649,301,6,51,1.2830991600940503e+19,GALAXY,0.6567126,11396,58490,859
1.2376654431244132e+18,189.767541236477,30.9459215130984,23.62218,23.79586,22.23953,20.90613,19.93217,4649,301,6,53,1.2831012491661433e+19,GALAXY,0.8775743,11396,58490,935
1.2376672540171963e+18,188.677449739135,29.9172323498758,23.58719,21.01935,20.60852,20.90932,20.97585,5071,301,3,468,1.283083629492308e+19,QSO,3.095433,11396,58490,294
1.2376654425916052e+18,200.440983461232,29.63970808604,22.54309,21.9319,21.75373,21.89947,21.43637,4649,301,5,115,1.2836464420084535e+19,QSO,3.607241,11401,58491,289
1.2376652273112852e+18,200.800338788924,31.7921947953898,24.07095,25.38178,22.95182,21.07973,19.81297,4599,301,4,190,1.283660625708452e+19,GALAXY,0.7732859,11401,58491,805
1.237665330932155e+18,201.402355679529,31.9606888937048,22.64339,22.09671,21.89337,22.86126,21.01126,4623,301,5,263,1.2836635119264748e+19,QSO,2.450446,11401,58491,910
1.2376654425916703e+18,200.592607784115,29.548213221577,21.03289,20.83735,20.61638,20.55884,20.07757,4649,301,5,116,1.2836453150090353e+19,QSO,0.9846395,11401,58491,248
1.2376654425914084e+18,199.825227347201,29.7596990728953,22.49693,21.71349,21.46145,20.90346,20.69063,4649,301,5,112,1.2836497680311276e+19,QSO,0.6462441,11401,58491,410
1.237665024912e+18,204.043733319394,33.4584674643647,21.23657,20.24532,19.41107,19.04676,18.67398,4552,301,3,206,1.1549649062388324e+19,GALAXY,0.2560807,10258,58492,610
1.237665024375194e+18,204.031569377949,32.9957866684125,22.41822,20.845,20.48268,20.34402,20.22656,4552,301,2,207,1.1549591338027866e+19,QSO,2.965708,10258,58492,400
1.2376650254493947e+18,205.586293640751,33.5179556812686,23.47036,20.99986,19.60257,19.04134,18.63493,4552,301,4,214,1.1549728227225524e+19,GALAXY,0.2834254,10258,58492,898
1.2376650254494597e+18,205.781493839968,33.4914886494333,18.52166,17.57742,17.24636,17.12307,17.10268,4552,301,4,215,1.1549737847952267e+19,STAR,0.0002153057,10258,58492,933
1.2376650265228088e+18,204.852985884484,34.4465025484963,23.78187,21.97055,21.64949,21.6775,21.49234,4552,301,6,209,1.154968809505111e+19,QSO,1.05986,10258,58492,752
1.237665025449329e+18,205.275192762757,33.5940698067432,21.55005,20.55522,20.3383,20.29164,20.46642,4552,301,4,213,1.1549702113824365e+19,STAR,-0.0006072543,10258,58492,803
1.2376651269402788e+18,203.936145486845,32.2473344868809,18.59146,17.66807,17.4162,17.34404,17.34879,4576,301,1,554,1.1549596835586e+19,STAR,-4.871411e-05,10258,58492,420
1.2376650259859377e+18,204.668753709108,34.1068117217451,21.28135,21.26677,20.90273,20.79688,20.98907,4552,301,5,209,1.1549677099934833e+19,QSO,1.413793,10258,58492,712
1.2376650259860687e+18,205.168063154577,34.0979138705383,22.03517,21.43899,21.55535,21.71668,21.19327,4552,301,5,211,1.1549698540411574e+19,QSO,2.473706,10258,58492,790
1.2376651280144796e+18,205.222678278768,32.8870297915364,22.08431,21.98929,21.71518,21.55012,21.45492,4576,301,3,561,1.1549534713179e+19,QSO,1.266864,10258,58492,194
1.237665025986462e+18,206.209153201063,33.8987141876528,20.8911,21.21073,20.76078,20.78914,20.50543,4552,301,5,217,1.1549744445022e+19,QSO,1.299619,10258,58492,957
1.2376651290878285e+18,204.4325124252,33.9801334861839,22.48446,22.39945,21.17228,20.0139,19.37162,4576,301,5,555,1.154966637969646e+19,GALAXY,0.6547247,10258,58492,673
1.2376650259863311e+18,205.913005069271,33.992255706233,21.37556,21.3279,21.42929,21.24599,21.11165,4552,301,5,215,1.1549734274539477e+19,QSO,2.026563,10258,58492,920
1.2376650259857408e+18,204.172383901794,34.2083995881294,20.43393,20.32564,20.40501,20.16029,20.21692,4552,301,5,206,1.1549654010190647e+19,QSO,1.814945,10258,58492,628
1.2376648778086484e+18,158.238451905052,33.5177215050275,21.51937,21.24405,20.8191,20.75905,20.80259,4518,301,1,195,1.1564306102226278e+19,QSO,1.257353,10271,58497,684
1.2376648778082552e+18,157.197899639144,33.1413397254659,21.36629,21.19273,21.47123,21.07558,21.07433,4518,301,1,189,1.156426102224954e+19,QSO,1.71982,10271,58497,520
1.2376648778086484e+18,158.320505781925,33.4485328734141,21.57429,21.36513,21.32474,21.00723,20.63102,4518,301,1,195,1.156430775149372e+19,QSO,1.77401,10271,58497,690
1.2376648778083863e+18,157.643798311142,33.1926114752105,21.53467,20.82085,20.59843,20.5658,20.49134,4518,301,1,191,1.1564277514924e+19,QSO,2.529968,10271,58497,580
1.23766512960825e+18,158.999253722948,33.2290923255008,26.32879,22.60695,21.46275,20.42078,19.70454,4576,301,6,304,1.1564340461964646e+19,QSO,0.1289615,10271,58497,809
1.2376648778091072e+18,159.424264576855,33.7689962961296,26.39905,22.69333,21.06997,19.72132,19.05512,4518,301,1,202,1.1564359978296e+19,STAR,-4.084573e-05,10271,58497,880
1.2376648778084516e+18,157.802067589839,33.2869771874214,20.92407,20.56128,20.30877,20.12502,20.55881,4518,301,1,192,1.1564276965168142e+19,QSO,1.402649,10271,58497,578
1.237664877808714e+18,158.414519734789,33.4597565943052,21.89521,20.96191,20.46512,20.20984,20.27217,4518,301,1,196,1.1564308851005348e+19,STAR,0.0002525133,10271,58497,694
1.2376648778082547e+18,157.223096340281,33.1946362498496,22.1615,21.84731,21.92136,22.08117,22.51119,4518,301,1,189,1.156426542029605e+19,GALAXY,0.1506568,10271,58497,536
1.2376648778081897e+18,157.154899227214,33.1389873101622,21.61581,21.40289,21.26994,20.75963,20.49881,4518,301,1,188,1.1564260472493724e+19,QSO,1.889957,10271,58497,518
1.2376651285348362e+18,160.088022944242,32.619871470242,27.76252,24.9639,21.82759,19.98211,19.05309,4576,301,4,309,1.156413595280188e+19,GALAXY,0.9494097,10271,58497,65
1.2376648778089103e+18,158.981801589417,33.5451081610169,20.52104,20.52263,20.21268,20.23895,20.28391,4518,301,1,199,1.156432836733674e+19,QSO,1.153301,10271,58497,765
1.2376648778089103e+18,159.018769304432,33.5548626267816,20.76713,20.58215,20.19746,20.2804,20.10504,4518,301,1,199,1.1564338812697205e+19,QSO,1.030771,10271,58497,803
1.2376651296086436e+18,159.978221078285,33.3549117298534,24.17223,23.31814,21.58967,20.57178,19.81648,4576,301,6,310,1.1564378395115805e+19,GALAXY,0.7234209,10271,58497,947
1.2376648778089766e+18,159.188016914713,33.5535519361637,24.52,24.26104,22.14674,20.41065,19.57872,4518,301,1,200,1.1564338537819296e+19,STAR,0.0002380069,10271,58497,802
1.2376643377094991e+18,158.439242991791,34.1701981214051,24.71231,23.71291,21.73939,20.54726,19.85226,4392,301,3,88,1.1564312424418138e+19,GALAXY,0.5398093,10271,58497,707
1.2376648778086487e+18,158.364514407251,33.4781426417081,24.07185,22.75395,21.87108,20.80935,19.95662,4518,301,1,195,1.1564306377104183e+19,GALAXY,0.652648,10271,58497,685
1.2376643377093683e+18,158.170241993357,34.0963807607523,24.56996,23.24376,21.60266,20.54999,19.86738,4392,301,3,86,1.1564303078569302e+19,GALAXY,0.6617696,10271,58497,673
1.2376648778085176e+18,158.008913255006,33.3442628214839,22.08622,21.83929,21.53445,21.36042,20.7571,4518,301,1,193,1.1564295656865817e+19,QSO,1.07383,10271,58497,646
1.237661354318234e+18,186.40296888238,58.3661074480708,23.6511,21.88422,21.69401,21.28307,21.00317,3697,301,6,94,9.272951907537934e+18,QSO,0.8093178,8236,58500,146
1.2376576123412815e+18,185.708629850485,57.9183984244417,26.14345,24.3684,21.92718,20.56681,19.64576,2826,301,4,297,9.272981869229791e+18,QSO,0.4453134,8236,58500,255
1.2376551067675528e+18,185.779000546278,58.9059548406627,24.11091,22.16901,21.11878,20.6127,20.10153,2243,301,1,340,9.2731366254914e+18,GALAXY,0.1599525,8236,58500,818
1.2376551067675528e+18,185.796650965462,58.8658990675898,22.19397,22.28764,21.53659,21.56169,21.03313,2243,301,1,340,9.273137175247217e+18,GALAXY,0.2932033,8236,58500,820
1.2376583107942812e+18,188.078644775096,58.919651310961,20.73783,20.73801,20.44964,20.42115,20.54819,2989,301,1,52,9.272916723165846e+18,QSO,1.348793,8236,58500,18
1.2376613537810355e+18,185.026013845459,58.0381016691281,25.17154,22.76994,22.16694,20.59564,19.6317,3697,301,5,89,9.27300523385188e+18,STAR,-6.095978e-05,8236,58500,340
1.2376583113303657e+18,184.576571506863,59.4747217498093,20.51927,20.46351,20.44572,20.17368,20.12883,2989,301,2,40,9.273098417462335e+18,QSO,1.924837,8236,58500,679
1.2376586076816676e+18,186.004786224423,57.9121269019318,24.95208,23.59756,21.53051,20.2773,19.37163,3058,301,2,18,9.272970874113511e+18,GALAXY,0.8155696,8236,58500,215
1.2376583113304312e+18,184.921789528135,59.5363829424906,21.905,21.69004,21.24817,21.20787,20.90374,2989,301,2,41,9.273109137700706e+18,QSO,1.435938,8236,58500,718
1.2376576123412815e+18,185.628447849291,57.8459970081629,22.64114,23.19078,21.30567,20.24036,19.54048,2826,301,4,297,9.272980769718166e+18,GALAXY,1.460606,8236,58500,251
1.2376576134144983e+18,183.428817102585,58.5571820497395,20.54032,20.21942,19.93032,19.78122,19.76546,2826,301,6,289,9.273039868468156e+18,QSO,1.325922,8236,58500,466
1.2376576134153508e+18,187.214642347484,58.565943152138,22.49728,21.20946,20.80136,20.66263,20.18908,2826,301,6,302,9.272930467061193e+18,STAR,-0.0009701859,8236,58500,68
1.237658310793954e+18,186.575239883631,59.0197054146709,22.32151,23.81182,21.5807,20.30555,19.66273,2989,301,1,47,9.273158340846047e+18,GALAXY,0.8303806,8236,58500,897
1.2376613543175127e+18,183.249561114294,58.3378300447085,20.45193,20.31363,20.15019,20.20901,20.22792,3697,301,6,83,9.273038494078622e+18,QSO,0.8267664,8236,58500,461
1.23765860929228e+18,183.96473062589,57.9208462524487,21.27675,21.10771,20.79166,20.75477,20.75014,3058,301,5,18,9.273034920665831e+18,QSO,1.081614,8236,58500,448
1.23765831079415e+18,187.394019846483,59.0246783889479,19.05679,18.11175,17.75277,17.62369,17.56421,2989,301,1,50,9.273170160596048e+18,STAR,-0.0008917485,8236,58500,940
1.2376583107942154e+18,187.813353563573,59.118664002988,17.71418,17.67257,17.55194,17.57274,16.98302,2989,301,1,51,9.273182804979767e+18,QSO,0.3259487,8236,58500,986
1.2376586092926733e+18,183.628130160154,58.7231020232574,24.37777,22.30314,20.73455,19.54283,18.91242,3058,301,5,24,9.27304041822397e+18,STAR,-6.208184e-06,8236,58500,468
1.2376583113301036e+18,183.473708374358,59.4454763013393,20.91381,20.83538,20.90908,20.54587,20.37925,2989,301,2,36,9.273066806503037e+18,QSO,1.72586,8236,58500,564
1.23765860929287e+18,183.737951705983,59.2773538911338,17.78948,16.85382,16.588,16.49348,16.46635,3058,301,5,27,9.27306845577048e+18,STAR,-0.0006919883,8236,58500,570
1.2376613607697943e+18,226.900298079726,38.2830053229173,22.41066,21.38116,20.89996,20.76593,20.54374,3699,301,2,233,1.2098027188357716e+19,STAR,-0.001062392,10745,58501,846
1.237661360769598e+18,226.449506738518,38.5559554248223,25.48923,22.3698,21.90216,21.74644,21.4848,3699,301,2,230,1.2098002174468184e+19,QSO,1.544206,10745,58501,755
1.2376613607693356e+18,225.716835892728,38.7357017456349,21.94905,21.6988,21.71184,21.40904,21.99411,3699,301,2,226,1.2097968914241444e+19,QSO,1.673928,10745,58501,634
1.237661361843536e+18,227.368060172882,38.9301508365858,21.76307,21.94526,21.39281,21.92143,22.73141,3699,301,4,233,1.209806099834027e+19,QSO,1.343672,10745,58501,969
1.2376613607700564e+18,227.638820841838,38.026603854142,23.21943,21.64644,21.89427,21.91087,21.76541,3699,301,2,237,1.2098056325415852e+19,GALAXY,0.02967105,10745,58501,952
1.2376613618431437e+18,226.483572568831,39.2935473672953,24.62859,23.61831,21.67056,20.52097,19.79031,3699,301,4,227,1.2097999975444929e+19,GALAXY,0.7263526,10745,58501,747
1.2376613618433395e+18,227.062351539142,39.1614849674172,22.08961,21.92669,21.99928,21.60854,21.45421,3699,301,4,230,1.209803213616e+19,QSO,1.487277,10745,58501,864
1.2376613607703183e+18,228.162912778999,37.5907100635041,21.88785,21.92256,21.46244,21.03337,20.81542,3699,301,2,241,1.2097797940183325e+19,GALAXY,0.5894328,10745,58501,12
1.2376791693047887e+18,20.558390331225,17.4457155568654,21.64964,21.15623,20.93848,20.84574,20.54254,7845,301,5,80,1.2460572181141936e+19,QSO,2.269393,11067,58507,865
1.2376788584735703e+18,4.53098603821752,11.9929876987697,22.5475,22.35231,21.95989,21.92382,21.46543,7773,301,2,340,1.3021249169150728e+19,QSO,1.145444,11565,58507,788
1.237678601314042e+18,21.0692214174726,16.7056441148552,20.93705,20.79628,20.63535,20.4601,20.13831,7713,301,3,365,1.2460605716246583e+19,QSO,1.777872,11067,58507,987
1.2376788584731776e+18,3.62270023136591,11.9493102891391,26.36562,23.33049,21.69292,20.24928,19.49374,7773,301,2,334,1.3021193918691432e+19,GALAXY,0.668952,11565,58507,587
1.237666213534172e+18,19.1559552527885,16.8444153362575,23.87996,24.83863,21.96293,20.19642,19.05947,4829,301,1,53,1.2460489168014e+19,GALAXY,0.9329674,11067,58507,563
1.2376793196283825e+18,4.9760253445055,10.6785622691214,21.12704,20.70112,20.48461,20.55342,20.27022,7880,301,5,76,1.3021075996069351e+19,QSO,0.8767304,11565,58507,158
1.237679319627662e+18,3.31758345762296,10.6771180992217,23.01918,25.02523,22.18708,20.9621,20.02124,7880,301,5,65,1.302116258261e+19,GALAXY,0.7851043,11565,58507,473
1.237679319628252e+18,4.80054186130832,10.8081575073469,25.81297,23.27086,22.01706,20.81233,19.91724,7880,301,5,74,1.3021257690365843e+19,GALAXY,0.9707298,11565,58507,819
1.2376662135340403e+18,19.1249452746408,16.5733034134815,22.08849,21.84463,21.55633,21.16686,20.99909,4829,301,1,51,1.2460491367037297e+19,QSO,1.761111,11067,58507,571
1.2376793180173768e+18,4.15939145945777,9.36828278356225,22.96497,23.96976,22.36528,21.0015,20.15289,7880,301,2,70,1.3021120801168183e+19,QSO,0.2845016,11565,58507,321
1.2376793196276623e+18,3.43152935754597,10.6786597871524,25.29495,23.84898,21.68088,20.44069,19.76817,7880,301,5,65,1.302116203285423e+19,GALAXY,0.6125531,11565,58507,471
1.2376788579363722e+18,3.8823011644962,11.5444601621391,22.09926,22.11258,21.6142,20.91906,21.26168,7773,301,1,335,1.302120683795306e+19,QSO,1.818338,11565,58507,634
1.2376662135339748e+18,19.1843218190675,16.3993893596499,21.32911,20.94439,20.23171,20.5037,20.41551,4829,301,1,50,1.2460493840938455e+19,GALAXY,0.006767006,11067,58507,580
1.2376789078582892e+18,4.71710387379136,10.935722428104,22.42211,21.85062,21.73963,21.42492,21.6862,7784,301,6,227,1.3021256590854216e+19,QSO,1.507754,11565,58507,815
1.2376793180178353e+18,5.14770705586358,9.55822486746662,22.24604,22.53893,22.11649,21.65683,21.67386,7880,301,2,77,1.3021045759499588e+19,QSO,1.513255,11565,58507,48
1.2376786002402355e+18,20.8661413050268,16.0035248331884,26.29378,24.02995,22.70459,21.02051,20.08803,7713,301,1,364,1.246035227881638e+19,GALAXY,0.7346428,11067,58507,65
1.2376499544033856e+18,19.2900639124788,14.9797978065628,23.18226,21.64426,20.36113,19.85477,19.58769,1043,301,4,126,1.2460446012182649e+19,GALAXY,0.1805718,11067,58507,406
1.2376793196278587e+18,3.76652785960215,10.6769411631402,24.52841,23.936,21.79385,20.55639,19.80714,7880,301,5,68,1.3021141691889111e+19,STAR,0.0002599417,11565,58507,397
1.2376793196283177e+18,4.84602969915255,10.6597135982974,23.57742,24.92319,22.74033,20.78846,19.86463,7880,301,5,75,1.302108616655191e+19,GALAXY,0.9048508,11565,58507,195
1.237678600777106e+18,20.75982189973,16.2679869456992,25.87485,23.34049,21.72843,20.43694,19.51426,7713,301,2,364,1.2460367122223356e+19,GALAXY,0.8254197,11067,58507,119
1.2376793180172457e+18,3.79522247038983,9.48898860774775,26.04347,25.37781,21.98238,20.78887,19.86246,7880,301,2,68,1.3021144990424e+19,GALAXY,0.568331,11565,58507,409
1.2376786018505856e+18,20.335011645201,17.128509309817,23.11319,22.23949,21.96306,21.59483,22.18706,7713,301,4,360,1.2460565034316356e+19,QSO,2.51604,11067,58507,839
1.2376662135334505e+18,19.0129848051384,15.2223317406053,20.61105,20.52357,20.51718,20.18081,20.00857,4829,301,1,42,1.2460456457543113e+19,QSO,1.835749,11067,58507,444
1.2376786013133212e+18,19.3463405746007,16.827169099707,21.26792,20.44183,20.34587,20.22684,19.8878,7713,301,3,354,1.2460502087275663e+19,GALAXY,0.03759532,11067,58507,610
1.237678600240039e+18,20.3339714803532,15.8911601822767,22.9178,22.68062,21.20859,20.14839,19.37359,7713,301,1,361,1.246038636367684e+19,GALAXY,0.8090075,11067,58507,189
1.2376793196276623e+18,3.35980604168503,10.6894252190024,23.44299,23.83078,21.96452,20.76986,19.98362,7880,301,5,65,1.30211609333426e+19,GALAXY,0.7866904,11565,58507,467
1.2376793180175073e+18,4.49572090091601,9.49784150697166,24.47336,24.71479,23.70689,21.72634,20.32218,7880,301,2,72,1.3021100460203071e+19,STAR,-0.0001552145,11565,58507,247
1.2376788584735055e+18,4.41443011588683,11.8702011530713,25.32093,27.26466,21.7828,20.1891,19.32205,7773,301,2,339,1.3021236799644916e+19,GALAXY,0.7906158,11565,58507,743
1.2376791693047237e+18,20.4124241151659,17.3896901349573,22.01711,21.51763,21.08752,20.68745,20.78118,7845,301,5,79,1.2460561460903563e+19,QSO,1.706976,11067,58507,826
1.237679318017639e+18,4.67501085710046,9.49647597958961,22.90659,23.26438,21.49703,20.31867,19.51303,7880,301,2,74,1.3021090014842608e+19,GALAXY,0.7231771,11565,58507,209
1.2376788584733742e+18,4.12981826759523,12.0527632844423,22.87833,22.27461,21.73857,21.94935,21.35565,7773,301,2,337,1.3021214534534451e+19,QSO,0.6627138,11565,58507,662
1.2376793185547064e+18,5.16754794344672,9.85457130108071,24.81248,23.08179,22.18497,20.77893,19.96587,7880,301,3,77,1.3021046034377497e+19,GALAXY,0.5747914,11565,58507,49
1.2376788584733745e+18,4.0803407429313,12.0769201563426,23.07982,25.27933,23.08398,21.71516,19.82993,7773,301,2,337,1.3021215359168174e+19,QSO,1.724256,11565,58507,665
1.2376788584737672e+18,5.04327184565756,11.8712446989649,21.79985,21.67206,21.45684,21.08098,21.0783,7773,301,2,343,1.3021281604743748e+19,QSO,1.806564,11565,58507,906
1.2376788579365028e+18,4.07228011689688,11.5155149002563,25.74693,23.74828,22.23977,21.01833,19.81764,7773,301,1,337,1.3021219207458871e+19,STAR,-0.0001031127,11565,58507,679
1.2376788584738985e+18,5.31525717210206,11.8938215407319,25.18395,24.36711,21.56137,20.42349,19.6066,7773,301,2,345,1.3021291775226305e+19,GALAXY,0.706714,11565,58507,943
1.2376609575666327e+18,115.439206351225,19.2155222242123,22.0542,22.09927,22.0462,21.79576,22.57859,3605,301,3,33,1.2477330112755554e+19,QSO,2.020241,11082,58508,390
1.23766095756683e+18,115.895630305845,19.4710289474497,23.98689,23.84499,22.08711,20.96043,19.98572,3605,301,3,36,1.2477291904726487e+19,STAR,0.0002344151,11082,58508,251
1.2376786013171884e+18,28.5396539057472,16.0472237616903,26.02345,23.17852,21.48968,20.36756,19.63867,7713,301,3,413,1.2434446135615312e+19,GALAXY,0.6056827,11044,58508,27
1.2376786013169257e+18,27.8149114001809,16.0875419848716,21.9733,21.62937,21.45294,21.02748,20.88458,7713,301,3,409,1.2434489841202518e+19,QSO,1.710157,11044,58508,186
1.237660958103897e+18,115.995967059236,20.1395968668736,26.23101,24.95915,21.79497,20.62434,19.95717,3605,301,4,39,1.247731334520323e+19,GALAXY,0.7209734,11082,58508,329
1.2376609581038976e+18,115.955053580242,20.0927404110992,26.33661,23.74475,22.27345,20.91696,19.89956,3605,301,4,39,1.2477312795447417e+19,GALAXY,0.8403047,11082,58508,327
1.2376609575670907e+18,116.266666129809,19.8761925629195,21.453,21.17932,20.94884,20.88954,20.66197,3605,301,3,40,1.2477277885953237e+19,QSO,1.372173,11082,58508,200
1.2376609581046182e+18,117.333631411244,21.1792108801077,23.90284,24.64692,21.59228,20.43884,19.68463,3605,301,4,50,1.2477492565598558e+19,GALAXY,0.8701451,11082,58508,981
1.2376609586415547e+18,117.029761134908,21.5865190843485,25.67288,24.1375,21.81679,20.73783,19.7472,3605,301,5,51,1.2477471125121817e+19,GALAXY,0.8105488,11082,58508,903
1.2376609575673536e+18,116.80173286914,20.2373749367625,21.61822,21.86451,21.50515,21.29078,21.58278,3605,301,3,44,1.2477254246453236e+19,QSO,1.387446,11082,58508,114
1.237660958104552e+18,117.199261963083,21.0702709858458,22.00453,22.07841,21.87083,21.62889,22.47362,3605,301,4,49,1.2477487342918326e+19,QSO,1.506353,11082,58508,962
1.2376609581036357e+18,115.431913827972,19.7244500677152,27.02792,24.17596,23.02516,21.39779,19.42567,3605,301,4,35,1.2477320492028811e+19,QSO,0.4330135,11082,58508,355
1.2376607659048315e+18,116.176029388129,21.1544912110986,23.64136,23.59536,22.18363,20.74715,19.84739,3560,301,6,50,1.2477431542703217e+19,GALAXY,0.0004945906,11082,58508,759
1.237660764830631e+18,115.934133668546,19.8256806457374,20.91105,20.42814,20.37624,20.32567,20.30748,3560,301,4,43,1.2477293828871836e+19,QSO,2.270336,11082,58508,258
1.2376609581045524e+18,117.139524430977,21.1080028217761,22.9085,22.19352,22.06997,22.1031,21.92429,3605,301,4,49,1.247747662268e+19,QSO,1.592778,11082,58508,923
1.2376609575672223e+18,116.523046838521,20.0860624662116,22.63268,20.99329,20.73548,20.60037,20.3944,3605,301,3,42,1.2477263592302072e+19,QSO,2.856944,11082,58508,148
1.2376786029277356e+18,28.5636141820615,17.3304389486419,25.27513,23.50195,21.81901,20.56482,19.87399,7713,301,6,412,1.243470452084784e+19,GALAXY,0.5635274,11044,58508,967
1.237660764831352e+18,117.315069786639,20.9717128494836,24.40235,23.10849,21.58362,20.52823,19.77333,3560,301,4,54,1.247749146608693e+19,GALAXY,0.6906103,11082,58508,977
1.2376607648308273e+18,116.356879449368,20.180549529807,21.01649,20.98901,20.72048,20.62465,21.25643,3560,301,4,46,1.247729547813928e+19,QSO,1.326629,11082,58508,264
1.2376791693076073e+18,27.2956514588913,16.8240334902129,21.52079,21.35317,21.0569,20.74523,20.93092,7845,301,5,123,1.2434639099906e+19,QSO,1.674989,11044,58508,729
1.2376609581038316e+18,115.783105335612,20.0190600416289,22.88069,24.89388,22.1308,20.62465,19.8602,3605,301,4,38,1.247732324080788e+19,GALAXY,0.6759779,11082,58508,365
1.2376609575675494e+18,117.207192669209,20.4914758650365,18.67889,18.30097,18.29185,18.33448,18.51195,3605,301,3,47,1.24772449006044e+19,STAR,-0.0001237091,11082,58508,80
1.2376609575671565e+18,116.471518576641,20.0568892349694,20.95168,19.71258,19.3011,18.71136,22.8269,3605,301,3,41,1.2477278985464865e+19,STAR,0.0001570029,11082,58508,204
1.237660765367108e+18,114.858972819659,19.5820549371978,24.45306,23.56134,21.78403,20.71345,19.97242,3560,301,5,37,1.247734138274974e+19,GALAXY,0.5531691,11082,58508,431
1.237660958104421e+18,117.001499041314,20.862054460768,22.34317,21.72487,21.45728,21.52268,20.61202,3605,301,4,47,1.247747799706949e+19,QSO,2.456855,11082,58508,928
1.2376609575670912e+18,116.333852354563,19.9041248228596,20.41974,20.39626,20.1266,20.04566,20.42482,3605,301,3,40,1.247727733619742e+19,QSO,1.179967,11082,58508,198
1.2376609575676155e+18,117.315105929633,20.6852965440602,21.74139,21.49674,20.99428,20.91232,20.40099,3605,301,3,48,1.2477492290720651e+19,QSO,0.9608868,11082,58508,980
1.2376786238499067e+18,27.4148890244985,5.32671182639172,25.01315,23.52607,22.08992,20.92302,19.50743,7718,301,5,171,1.3116816245952633e+19,GALAXY,1.141089,11650,58508,299
1.2376609575673536e+18,116.779178347579,20.2505452971998,22.41623,22.02161,21.83945,22.02294,21.73625,3605,301,3,44,1.2477263317424169e+19,QSO,1.356151,11082,58508,147
1.2376609581038305e+18,115.716682069188,20.0233916915758,18.18288,17.1936,16.80751,16.67126,16.59007,3605,301,4,38,1.24773240654416e+19,STAR,0.000519024,11082,58508,368
1.237660958104028e+18,116.191844129084,20.3046180811144,21.36017,21.47289,21.14726,21.07832,21.55773,3605,301,4,41,1.2477303174720672e+19,QSO,1.26967,11082,58508,292
1.237667227683914e+18,28.2428405320984,6.09279764338626,21.42781,21.35859,21.11912,21.16374,20.8171,5065,301,2,62,1.311676154524915e+19,QSO,1.219995,11650,58508,100
1.2376607653682225e+18,117.035813306178,21.2387375258867,21.47171,20.95499,20.45039,20.48453,19.96272,3560,301,5,54,1.2477473873900886e+19,QSO,2.496374,11082,58508,913
1.2376786002432492e+18,27.8591756073329,15.2683046990276,22.38516,20.08391,19.25137,18.95677,18.82996,7713,301,1,410,1.24344851682781e+19,STAR,0.00010825,11044,58508,169
1.2376609581044206e+18,116.938655405144,20.9058282056907,24.30811,25.23968,22.6411,21.1782,19.97704,3605,301,4,47,1.2477477722191583e+19,STAR,-2.732399e-06,11082,58508,927
1.237667227683783e+18,27.9092699975035,6.11883231341016,22.14725,21.82049,21.89138,21.47087,21.42844,5065,301,2,60,1.3116778037923568e+19,GALAXY,1.171774,11650,58508,160
1.237660958103504e+18,115.239912632536,19.4179004118594,21.96115,21.02333,20.76847,20.45679,20.17466,3605,301,4,33,1.24773279137323e+19,GALAXY,0.9419648,11082,58508,382
1.2376672276831283e+18,26.4036887037638,6.3253017150766,25.64214,22.97362,21.23627,20.02947,19.29071,5065,301,2,50,1.3116881117138672e+19,GALAXY,0.6662084,11650,58508,535
1.2376786018537313e+18,27.7299187505301,16.4836793007727,22.26157,21.94607,21.6135,21.32638,21.1615,7713,301,4,408,1.2434492589981587e+19,QSO,1.237281,11044,58508,196
1.2376672276838484e+18,28.1331991754068,6.11115386439759,21.61923,21.47764,21.2361,21.35765,20.38823,5065,301,2,61,1.3116772540365429e+19,QSO,0.9415981,11650,58508,140
1.2376786013166636e+18,27.3036728768961,16.2284891193086,20.79568,20.66844,20.68489,20.4649,20.45624,7713,301,3,405,1.2434523376307163e+19,QSO,1.52348,11044,58508,308
1.237660764830435e+18,115.538492542907,19.5657618571933,26.03857,23.38939,22.42917,20.84252,19.8416,3560,301,4,40,1.247731774324974e+19,GALAXY,0.8857923,11082,58508,345
1.2376607653676332e+18,115.918367382347,20.3862232912014,25.73014,25.1582,21.97963,20.74685,19.87446,3560,301,5,45,1.2477314994470672e+19,GALAXY,0.7188233,11082,58508,335
1.2376791693082624e+18,28.7924460570116,16.5716336281008,19.93064,19.58257,19.43206,19.07639,19.05612,7845,301,5,133,1.2434448609516476e+19,QSO,1.638203,11044,58508,36
1.2376609581043548e+18,116.746444432358,20.7497966876013,22.01788,23.21435,21.32783,20.21101,22.30616,3605,301,4,46,1.2477467826586931e+19,STAR,-0.0001245936,11082,58508,891
1.2376609575668948e+18,116.042566240692,19.5928008679286,21.75832,21.37271,21.11017,20.73029,20.88562,3605,301,3,37,1.2477287231802071e+19,QSO,1.715226,11082,58508,234
1.237679169307083e+18,26.0631800398039,17.0252796589863,20.49709,20.22532,20.02365,19.61165,19.54673,7845,301,5,115,1.2434578901644368e+19,QSO,1.718354,11044,58508,510
1.237660957567485e+18,117.01026871043,20.4732334757525,24.16185,23.03248,21.73144,20.49912,19.67281,3605,301,3,46,1.2477251772552075e+19,GALAXY,0.5853816,11082,58508,105
1.2376609575667643e+18,115.757262962119,19.3994933222204,24.74811,24.47192,22.08804,20.82673,19.96305,3605,301,3,35,1.2477308397400904e+19,GALAXY,0.8079522,11082,58508,311
1.2376791693072796e+18,26.4120972672687,16.8193874366478,21.67025,21.87315,21.5173,21.40125,21.72969,7845,301,5,118,1.2434596218952503e+19,QSO,1.295828,11044,58508,573
1.2376607648308273e+18,116.263807663255,20.1844644212927,21.10352,20.7829,20.77367,20.66484,20.59072,3560,301,4,46,1.2477297677162537e+19,QSO,2.237353,11082,58508,272
1.2376609575677468e+18,117.5868374837,20.8174849070035,22.35593,20.81448,20.09129,19.79582,19.62012,3605,301,3,50,1.2477496688767162e+19,STAR,0.000202284,11082,58508,996
1.237660958103503e+18,115.286555932541,19.4840456412505,24.84764,22.5861,21.06126,20.04959,19.36045,3605,301,4,33,1.2477329288121831e+19,STAR,0.0001533172,11082,58508,387
1.2376607648312855e+18,117.210108135625,20.7999677660077,25.12854,22.36428,21.30268,20.17682,19.27116,3560,301,4,53,1.2477490916331117e+19,STAR,-0.0001541654,11082,58508,975
1.2376609575677463e+18,117.556544509826,20.8297560093556,21.97758,21.56491,21.39772,20.88024,20.77438,3605,301,3,50,1.247749586413344e+19,QSO,1.682972,11082,58508,993
1.2376609581046172e+18,117.277012888723,21.0985839302891,20.4927,20.21317,19.85483,19.46003,19.62964,3605,301,4,50,1.2477489267063677e+19,QSO,1.553339,11082,58508,969
1.2376607653672404e+18,115.334284393468,19.7394809576452,24.54092,22.91569,21.72395,20.60955,19.82336,3560,301,5,39,1.2477332036900905e+19,GALAXY,0.73252,11082,58508,397
1.2376609586415547e+18,117.129449256544,21.5479237075268,25.85612,23.4102,21.47315,20.44597,19.75379,3605,301,5,51,1.2477483219749722e+19,GALAXY,0.5465214,11082,58508,947
1.2376789078670057e+18,24.8902248809892,10.2834581703257,27.6654,22.54809,21.60716,20.35836,19.53324,7784,301,6,360,1.2454843175839e+19,GALAXY,0.9095053,11062,58509,503
1.237678857945678e+18,25.5478442490268,10.8282215042993,20.6089,20.24409,19.66708,19.46932,19.33176,7773,301,1,477,1.2454876161187797e+19,QSO,1.319127,11062,58509,623
1.2376789078679232e+18,27.034114872622,10.263382760652,25.656,23.07992,21.91396,20.54195,19.68683,7784,301,6,374,1.245496577138546e+19,GALAXY,0.7961746,11062,58509,949
1.237670017263862e+18,25.4737986493576,8.28282440658013,21.0829,20.80838,20.52217,20.54542,20.54646,5714,301,6,42,1.2454817612193616e+19,QSO,1.156341,11062,58509,410
1.2376789078675297e+18,26.1087328117044,10.2860984564656,23.95506,22.99619,21.91877,20.70018,20.00241,7784,301,6,368,1.24549118953157e+19,GALAXY,0.5965919,11062,58509,753
1.2376786013152873e+18,24.0353373141877,16.5547304526102,21.02978,21.24161,20.65191,20.51917,20.51723,7713,301,3,384,1.2442467897607215e+19,QSO,1.317717,11051,58510,538
1.2376648778011123e+18,139.617663107686,27.1772011777997,24.73356,23.50137,22.63035,20.97252,20.06205,4518,301,1,80,1.3147349958767432e+19,STAR,0.0004023773,11677,58510,788
1.2376609581066496e+18,121.137679186057,24.0913488026635,25.18534,23.48218,21.87952,20.47559,19.70155,3605,301,4,81,1.2520107437301457e+19,GALAXY,0.7582231,11120,58510,365
1.2376786007786127e+18,24.3630628456235,16.1053269966839,24.54546,23.45307,21.76806,20.61615,19.8727,7713,301,2,387,1.2442436286647917e+19,GALAXY,0.6793603,11051,58510,423
1.2376607648339727e+18,122.303161263713,24.8212428026904,25.72584,21.57652,19.92505,19.22944,18.77765,3560,301,4,94,1.2520251473324691e+19,GALAXY,0.4277365,11120,58510,889
1.2376603433884063e+18,120.349819178747,24.656231909256,21.49777,21.28817,21.28841,21.24124,21.1504,3462,301,3,65,1.2520154441423542e+19,QSO,2.096499,11120,58510,536
1.2376609575696476e+18,121.132812685865,23.6111859926188,22.80428,23.3952,21.48297,20.02187,19.27447,3605,301,3,79,1.2520100840231688e+19,GALAXY,0.6873615,11120,58510,341
1.2376609575699743e+18,121.850807625515,24.1037039398107,21.35793,21.13451,20.61462,20.59295,20.31743,3605,301,3,84,1.2520064006592156e+19,QSO,1.045929,11120,58510,207
1.2376609575704335e+18,122.708954124374,24.6858671195415,22.94888,21.7708,21.45915,21.06437,20.95001,3605,301,3,91,1.2520275387702596e+19,STAR,0.0002023969,11120,58510,976
1.2376607648339727e+18,122.354869878527,24.7744062800922,23.77283,21.57269,20.24667,19.67054,19.23727,3560,301,4,94,1.2520262193563064e+19,GALAXY,0.2637894,11120,58510,928
1.2376791693071483e+18,26.1653391574697,16.9461933480928,21.54352,21.35441,21.24231,20.92447,20.63978,7845,301,5,116,1.2442589118764175e+19,QSO,2.742222,11051,58510,979
1.2376648778005217e+18,138.268571026119,26.7416600408488,22.34705,21.83883,21.65729,21.97937,21.00566,4518,301,1,71,1.31472853624593e+19,GALAXY,1.255876,11677,58510,553
1.2376609581069765e+18,121.728192054672,24.6063622752915,19.4073,19.30128,19.09954,19.18722,19.4779,3605,301,4,86,1.2520221511632837e+19,QSO,1.120984,11120,58510,780
1.2376648778007183e+18,138.624587548966,26.9423584166681,21.41563,21.0794,20.97998,20.97286,21.10765,4518,301,1,74,1.3147295258064e+19,QSO,0.9784786,11677,58510,589
1.237660764833318e+18,121.084721589552,23.7883781248362,24.69205,23.88618,22.31994,20.77549,19.94121,3560,301,4,84,1.2520103589010756e+19,STAR,-0.000526162,11120,58510,351
1.237660343389062e+18,121.663630777541,25.6655865766915,23.28767,22.66393,21.51821,20.9682,20.79629,3462,301,3,75,1.2520225359923532e+19,STAR,-4.826724e-05,11120,58510,794
1.2376607648339727e+18,122.255911504447,24.7652022467286,24.82037,20.58539,19.22488,18.71096,18.34969,3560,301,4,94,1.2520252297958414e+19,GALAXY,0.2685663,11120,58510,892
1.23766076483358e+18,121.55950809432,24.1003898035329,22.74401,22.80726,21.49085,20.41453,19.64011,3560,301,4,88,1.25200854470689e+19,GALAXY,0.8777259,11120,58510,285
1.2376607648332513e+18,120.879301890321,23.6778967944779,25.06809,24.56454,21.26138,20.21538,19.52617,3560,301,4,83,1.2520112934859592e+19,GALAXY,0.7047248,11120,58510,385
1.23766095810678e+18,121.40040994428,24.4140722651551,25.00275,24.15036,21.76925,20.69263,19.971,3605,301,4,83,1.2520097541696805e+19,GALAXY,0.8165453,11120,58510,329
1.2376603433886031e+18,120.712978053949,25.0072412104726,23.74852,23.31877,21.90608,20.70597,19.91669,3462,301,3,68,1.2520172308487492e+19,STAR,0.0001901341,11120,58510,601
1.2376607648339077e+18,122.156811395571,24.6351797250403,23.29193,23.65227,21.7116,20.6908,19.95335,3560,301,4,93,1.2520243226987483e+19,GALAXY,0.7139886,11120,58510,859
1.237679459217507e+18,25.1136341252283,17.8604140653125,21.8448,23.73166,21.6467,20.54698,19.68301,7913,301,1,117,1.2442536342206e+19,STAR,7.31362e-05,11051,58510,787
1.237660765370254e+18,120.874185691656,24.1724027485149,24.11957,23.32101,21.52404,20.04198,19.40596,3560,301,5,85,1.252011953192936e+19,STAR,-0.000131262,11120,58510,409
1.2376603433886031e+18,120.787514470539,24.9868054707366,22.55552,21.6788,21.2738,20.91418,20.89178,3462,301,3,68,1.2520173682877e+19,QSO,2.842424,11120,58510,606
1.2376648778005225e+18,138.233973102874,26.719210874648,24.92828,23.777,21.97685,20.56705,19.86244,4518,301,1,71,1.3147287011726744e+19,GALAXY,0.737201,11677,58510,559
1.237678601852224e+18,24.2471902645935,16.8651743669491,22.50834,22.28197,21.83881,21.41386,21.1317,7713,301,4,385,1.2442478617845584e+19,QSO,0.9457858,11051,58510,577
1.2376648778011123e+18,139.677955485717,27.2230544814163,25.66711,23.55229,22.00066,20.46776,19.48546,4518,301,1,80,1.3147348859255804e+19,STAR,-0.0001828523,11677,58510,784
1.2376609581065836e+18,121.089019135362,24.0243193845418,21.88567,21.33807,21.38494,21.32996,20.95294,3605,301,4,80,1.252010688754564e+19,GALAXY,0.0414849,11120,58510,363
1.2376794592174413e+18,25.0516093548258,17.8621819375019,21.58885,20.92426,20.53806,20.25306,19.95163,7913,301,1,116,1.2442526171723487e+19,QSO,0.7368175,11051,58510,750
1.2376607648339727e+18,122.32243111377,24.7327248125848,21.5141,21.08549,19.63482,19.11133,18.63846,3560,301,4,94,1.2520253672347947e+19,GALAXY,0.3735036,11120,58510,897
1.2376609581063877e+18,120.671143618446,23.8047395257013,22.45662,22.63175,21.90309,20.80619,19.77149,3605,301,4,77,1.2520126128999127e+19,GALAXY,0.5315405,11120,58510,433
1.237665127452705e+18,139.658481113759,25.4978370607607,24.84019,24.46202,22.04249,20.63241,19.85912,4576,301,2,181,1.3147184207389546e+19,GALAXY,0.7718932,11677,58510,185
1.2376609575704335e+18,122.739910454105,24.6964901091814,21.65781,21.09361,20.99402,21.00317,20.91451,3605,301,3,91,1.2520276487214223e+19,QSO,0.9438914,11120,58510,980
1.2376786023897503e+18,25.79424954392,17.1239068046769,26.07688,24.49489,22.28056,21.11324,19.88601,7713,301,5,395,1.244257537486883e+19,GALAXY,0.8916684,11051,58510,929
1.237679169306952e+18,25.6523931509167,16.9343655166332,21.83324,21.65183,21.43408,21.1946,20.97615,7845,301,5,113,1.2442562455607204e+19,QSO,1.722253,11051,58510,882
1.23766095810665e+18,121.138735283354,24.1814938974693,23.76203,25.67056,22.63922,21.35715,19.75616,3605,301,4,81,1.2520110186080524e+19,GALAXY,0.7837255,11120,58510,375
1.2376648740461612e+18,130.517920158106,23.325142705695,20.34887,20.06191,19.83561,19.5397,19.73715,4517,301,2,128,1.2504450941494516e+19,QSO,1.507065,11106,58511,751
1.237664869207508e+18,126.553276427525,34.0444187538314,25.97334,23.83285,22.00487,20.59438,19.83604,4516,301,1,24,1.3117971832723755e+19,GALAXY,0.7085943,11651,58511,407
1.2376576295094856e+18,126.174147368332,34.1128591582293,23.6763,23.53324,22.23177,20.94392,19.89558,2830,301,4,119,1.3117985576619104e+19,GALAXY,0.8571363,11651,58511,457
1.237664877799867e+18,136.797826242032,26.0290063209063,22.27233,22.02872,21.71274,21.55997,21.18258,4518,301,1,61,1.3148462114795706e+19,QSO,0.7001566,11678,58511,738
1.2376582061026836e+18,127.300067245876,34.0734259055948,18.94701,17.85952,17.58677,17.48501,17.56116,2964,301,6,25,1.3117927852258646e+19,STAR,-2.988348e-05,11651,58511,247
1.2376648740460303e+18,130.157879184556,23.3403592409679,21.6514,21.25004,21.09506,20.69525,20.41108,4517,301,2,126,1.2504426477360796e+19,QSO,1.877323,11106,58511,662
1.2376582061026836e+18,127.2746418356,34.0976314457906,21.5726,22.00681,21.71324,21.13065,21.27647,2964,301,6,25,1.3117928127136553e+19,QSO,2.006397,11651,58511,248
1.23766487404603e+18,130.093412990767,23.2880572873119,20.03409,19.84184,19.61664,19.70066,19.70697,4517,301,2,126,1.250441905565731e+19,QSO,1.204937,11106,58511,635
1.2376648777993423e+18,135.575490367049,25.5646572214806,23.17769,21.90859,24.23627,22.31942,22.89173,4518,301,1,53,1.3148390921417808e+19,GALAXY,0.02554179,11678,58511,479
1.2376648740460303e+18,130.171146728149,23.1770765957428,20.39213,20.19173,19.93144,20.09204,19.90731,4517,301,2,126,1.2504427576872423e+19,QSO,1.005022,11106,58511,666
1.23766714286316e+18,131.097152986055,20.9410436260901,24.59888,22.8063,21.3462,20.24103,19.49925,5045,301,4,136,1.2504278318169e+19,GALAXY,0.6781367,11106,58511,123
1.237657629509944e+18,127.024059931577,34.8579866992473,23.26167,20.82478,19.62722,19.17925,18.76321,2830,301,4,126,1.3117947643467944e+19,GALAXY,0.1600243,11651,58511,319
1.2376648740461617e+18,130.51426804971,23.3069157091106,23.05243,23.58509,21.50239,20.71593,20.50183,4517,301,2,128,1.25044503917387e+19,GALAXY,0.3527654,11106,58511,749
1.2376648740460303e+18,130.089885828539,23.2343296520234,25.02965,22.75443,21.55292,20.25401,19.58308,4517,301,2,126,1.2504418505901496e+19,GALAXY,0.6207765,11106,58511,633
1.237658206103077e+18,128.150841978595,34.684991779852,21.97383,21.35504,21.29811,21.3001,20.8528,2964,301,6,31,1.3117891843252836e+19,QSO,2.496727,11651,58511,116
1.237658206103143e+18,128.211336230243,34.7640706120779,21.00376,20.66948,20.61486,20.46541,20.3307,2964,301,6,32,1.3117890743741209e+19,QSO,0.7288293,11651,58511,112
1.2376648740462925e+18,130.635857744148,23.5958841916429,21.84513,21.91741,21.70822,21.51405,21.35654,4517,301,2,130,1.2504460012465445e+19,QSO,1.776462,11106,58511,784
1.237657628973007e+18,127.215312948808,34.5034076462035,24.94991,24.1398,21.8751,20.60903,19.80769,2830,301,3,125,1.311794269566562e+19,GALAXY,0.5751982,11651,58511,301
1.237657629509551e+18,126.35407900469,34.1553252104325,25.86745,23.21293,21.2131,19.97507,19.27965,2830,301,4,120,1.3117983927351665e+19,GALAXY,0.7235385,11651,58511,451
1.237658206103405e+18,128.809432164383,35.1803425778316,20.8619,20.57707,20.32084,20.34525,20.46959,2964,301,6,36,1.3118128513130715e+19,QSO,1.034808,11651,58511,977
1.2376648740458995e+18,129.936118407739,23.1062538476903,22.91038,23.33379,21.71881,20.56864,19.54947,4517,301,2,124,1.2504406961029405e+19,STAR,0.0001447097,11106,58511,591
1.237664874045768e+18,129.491444503429,22.9694175433591,22.87568,21.95494,21.28257,20.74674,20.13745,4517,301,2,122,1.2504397890058476e+19,GALAXY,0.4232584,11106,58511,558
1.2376576295098132e+18,126.764206190811,34.6530413984201,23.76627,23.09153,21.37624,20.32323,19.61234,2830,301,4,124,1.311796798443306e+19,GALAXY,0.7591611,11651,58511,393
1.2376648740460303e+18,130.113448772734,23.2210121926986,21.8156,21.56729,20.96222,20.75404,20.95162,4517,301,2,126,1.2504418231023587e+19,STAR,0.0001231156,11106,58511,632
1.2376648740462925e+18,130.705464875326,23.4627958474282,22.54714,21.32603,21.31857,21.05048,20.39774,4517,301,2,130,1.2504460287343352e+19,QSO,2.175068,11106,58511,785
1.2376648777995397e+18,136.039619177729,25.7384783910527,24.5286,22.26145,21.19123,20.13221,19.46955,4518,301,1,56,1.3148378826789902e+19,GALAXY,0.5443553,11678,58511,435
1.2376582061028152e+18,127.567827385146,34.2799267956612,23.66894,22.92869,21.83909,20.38229,19.74348,2964,301,6,27,1.3117918231531905e+19,STAR,-0.000190295,11651,58511,212
1.2376648777997358e+18,136.480779808712,25.8712316915978,26.17838,21.32702,20.37299,20.13936,19.98555,4518,301,1,59,1.3148450569923617e+19,QSO,3.410733,11678,58511,696
1.23766487404603e+18,130.046359488568,23.2801358990898,20.53837,20.48846,20.1858,20.22277,20.12324,4517,301,2,126,1.2504416032000332e+19,QSO,1.127012,11106,58511,624
1.2376648740460956e+18,130.185129113879,23.3493245130843,21.39955,21.74207,21.35791,21.34536,20.87126,4517,301,2,127,1.2504428951262e+19,QSO,1.436457,11106,58511,671
1.2376648777996047e+18,136.125166959682,25.7874226395557,23.68181,22.97802,21.5393,20.30997,19.63917,4518,301,1,57,1.3148439849685244e+19,GALAXY,0.6510373,11678,58511,657
1.2376648740458993e+18,129.85953459498,23.1127605625693,21.87258,21.0472,20.99821,20.95809,20.6328,4517,301,2,124,1.2504406686151496e+19,QSO,2.307456,11106,58511,590
1.237658206103077e+18,128.180919889044,34.6776951426835,22.04659,21.78151,21.57097,21.3061,21.06903,2964,301,6,31,1.3117889919107488e+19,QSO,1.454849,11651,58511,109
1.237657629509617e+18,126.399303860338,34.4441830544361,26.52655,23.18381,21.56706,20.26913,19.58878,2830,301,4,121,1.3117986676130732e+19,GALAXY,0.7142973,11651,58511,461
1.2376671428630948e+18,130.989061677756,20.9527564710234,25.60886,23.34476,21.56182,20.49731,19.75204,5045,301,4,135,1.250428876352942e+19,GALAXY,0.5455478,11106,58511,161
1.2376650989950733e+18,130.067960392654,22.73234695535,21.50945,21.37504,21.25368,20.89481,21.07471,4569,301,5,128,1.2504421529558473e+19,QSO,1.507291,11106,58511,644
1.2376648740461612e+18,130.399774641804,23.4571745597665,21.01422,20.65229,20.25907,20.07557,20.01701,4517,301,2,128,1.2504439121744515e+19,QSO,2.072521,11106,58511,708
1.2376648740464888e+18,131.111697794615,23.6942832397882,21.23298,20.95415,20.89107,20.90817,20.50348,4517,301,2,133,1.2504481452942186e+19,QSO,2.082735,11106,58511,862
1.2376738070484751e+18,131.00010396006,21.3398497729389,23.43749,21.86606,21.30748,21.25053,21.64104,6597,301,1,238,1.2504292062064302e+19,STAR,-0.0001224746,11106,58511,173
1.2376648740460303e+18,130.239914007579,23.2149925146189,21.13392,20.8894,20.94122,20.78208,20.58368,4517,301,2,126,1.2504430050773588e+19,QSO,1.733933,11106,58511,675
1.2376648740462927e+18,130.762562963545,23.4984242026614,22.09398,21.70409,21.60573,21.72319,21.26084,4517,301,2,130,1.2504472656849164e+19,GALAXY,1.404986,11106,58511,830
1.2376582061028805e+18,127.734064639407,34.3473215155256,24.63465,21.18566,23.34605,20.73313,21.10119,2964,301,6,28,1.311790943543888e+19,STAR,8.248536e-05,11651,58511,180
1.2376648740464233e+18,130.983216907127,23.7605419824991,21.6673,21.33629,21.17495,20.83886,20.74843,4517,301,2,132,1.2504470457825909e+19,QSO,1.720245,11106,58511,822
1.2376648740459643e+18,129.955529574884,23.118596959772,23.60057,21.89866,21.2842,20.05058,18.41888,4517,301,2,125,1.250440751078522e+19,STAR,4.047811e-05,11106,58511,593
1.237657630046618e+18,126.308044007367,34.8691145821673,20.2952,18.37518,17.42899,17.05639,16.83006,2830,301,5,123,1.3117989974665615e+19,STAR,0.000393219,11651,58511,473
1.2376651274535567e+18,141.557779564002,26.1961347143585,24.25439,24.22879,21.63051,20.19501,19.44555,4576,301,2,194,1.3146107785539508e+19,GALAXY,0.7952638,11676,58512,365
1.2376651269276303e+18,169.474914133177,32.855117919146,20.83787,20.45632,20.54523,20.20694,20.03482,4576,301,1,361,1.1557420960664803e+19,QSO,0.5287315,10265,58512,212
1.237665128527496e+18,141.636289847776,27.1687019896401,24.48361,24.33441,22.67935,21.36669,19.78037,4576,301,4,197,1.3146190248911591e+19,GALAXY,0.8274226,11676,58512,665
1.2376651269275656e+18,169.313460622013,32.9152824884271,22.74744,22.85968,21.32804,20.32491,19.66367,4576,301,1,360,1.155743113114736e+19,GALAXY,0.6511983,10265,58512,249
1.237665128537982e+18,168.55925830973,33.8990019858208,23.20362,24.17768,22.38715,20.61751,19.9353,4576,301,4,357,1.1557482808193864e+19,GALAXY,0.6542857,10265,58512,437
1.2376671434047496e+18,141.637687723472,25.7388343712335,25.21369,23.72984,22.29465,20.75386,19.71698,5045,301,5,208,1.3146108885051136e+19,STAR,3.62218e-05,11676,58512,369
1.237665025973552e+18,170.337159287498,34.8785992398658,23.33627,22.24016,21.33345,20.35008,19.49606,4552,301,5,20,1.1557613375199664e+19,GALAXY,0.3954769,10265,58512,912
1.2376651274534264e+18,141.347618482417,26.1475781507981,26.3095,24.75787,22.42923,20.54083,19.07636,4576,301,2,192,1.3146120979679e+19,STAR,2.619227e-05,11676,58512,413
1.2376651274643704e+18,169.01624278733,33.1416259742191,23.29916,22.68174,22.0692,20.71452,19.94934,4576,301,2,359,1.1557453671135728e+19,GALAXY,0.7956613,10265,58512,331
1.237665126927303e+18,168.62275331409,32.6914169764039,21.26961,21.22415,20.84345,20.69464,20.48475,4576,301,1,356,1.1557474561856655e+19,QSO,1.351718,10265,58512,407
1.2376651274542784e+18,143.342873672769,26.7189706651461,24.71814,23.99512,21.67976,20.46852,19.78521,4576,301,2,205,1.3146272712283677e+19,GALAXY,0.5587015,11676,58512,965
1.2376648176718323e+18,168.903926013295,35.3694190821812,24.42873,23.34136,21.8549,20.71154,19.74493,4504,301,1,84,1.1557544380845e+19,GALAXY,0.8195099,10265,58512,661
1.2376651285380475e+18,168.583071596966,33.9925936609588,26.41644,23.61965,22.7361,21.46984,19.95618,4576,301,4,358,1.1557532286217116e+19,GALAXY,0.8772315,10265,58512,617
1.2376650259735516e+18,170.26735728458,34.8230494265753,23.88357,22.26052,21.11913,20.45884,19.97363,4552,301,5,20,1.1557601830327572e+19,QSO,0.1323,10265,58512,870
1.2376651274643054e+18,168.798667438372,33.070405932349,23.64662,24.70293,21.56297,20.35125,19.63274,4576,301,2,358,1.155746521600782e+19,GALAXY,0.8350013,10265,58512,373
1.2376651269168172e+18,142.132683461665,25.8100001020307,25.50014,22.52588,21.78643,20.54907,19.79694,4576,301,1,196,1.3146079747993e+19,GALAXY,0.5786992,11676,58512,263
1.2376671423310067e+18,142.014267297354,24.7911326078354,25.37741,24.41768,21.42029,19.96237,19.2623,5045,301,3,208,1.3146068752876722e+19,GALAXY,0.6965623,11676,58512,223
1.2376651296121825e+18,169.555060080249,35.0606749223429,22.56098,24.12188,21.46887,20.36188,19.68015,4576,301,6,364,1.1557570219368272e+19,GALAXY,0.7553881,10265,58512,755
1.2376651296117235e+18,168.29792280701,34.8400913158121,25.70398,23.05888,21.22993,20.18823,19.41674,4576,301,6,357,1.1557514144275255e+19,GALAXY,0.5208088,10265,58512,551
1.2376651296119857e+18,169.105256681475,35.0053882259622,25.9214,23.78906,21.56857,20.39493,19.70933,4576,301,6,361,1.1557557574984554e+19,GALAXY,0.6890211,10265,58512,709
1.237665127453492e+18,141.513162621842,26.1906978393808,25.47113,23.31794,21.80812,20.34204,19.58391,4576,301,2,193,1.3146122628946483e+19,GALAXY,0.8138431,11676,58512,419
1.2376613618429463e+18,225.983608468811,39.6326059127433,22.05356,21.93338,21.34056,21.31831,20.86123,3699,301,4,224,1.3115740923681331e+19,QSO,1.290978,11649,58514,483
1.2376650259840369e+18,199.53909403185,34.8249299952514,21.85631,20.09768,19.30901,19.04682,18.84135,4552,301,5,180,1.1545154259223077e+19,STAR,-0.0002947384,10254,58514,642
1.2376622246169152e+18,220.329757291752,34.0539127369494,21.5472,20.42172,20.22457,20.31242,20.22063,3900,301,3,566,1.2315235710643e+19,QSO,2.831228,10938,58514,518
1.2376650254474936e+18,200.332825213351,34.3127776848443,20.49702,20.22173,20.10959,20.09106,19.71865,4552,301,4,185,1.154520318749051e+19,QSO,0.8427038,10254,58514,820
1.237664875657233e+18,130.750097092515,24.9588043657069,23.70095,22.37168,21.33746,19.97818,19.33381,4517,301,5,135,1.2514544458287831e+19,GALAXY,0.8196501,11115,58514,607
1.2376650259846932e+18,201.435685270054,34.6827488388402,22.27916,22.55834,21.24798,20.22748,19.38286,4552,301,5,190,1.1545238646740509e+19,GALAXY,0.6799554,10254,58514,949
1.237665127475774e+18,200.173794159674,33.2282605407173,23.51946,21.89686,20.42359,19.90415,19.43066,4576,301,2,533,1.1545036336601e+19,GALAXY,0.2879166,10254,58514,213
1.2376648740464233e+18,130.984075658912,23.7686047343693,21.62859,21.55501,21.27462,21.33689,21.68272,4517,301,2,132,1.2514470516130863e+19,QSO,1.136752,11115,58514,338
1.237661362380079e+18,226.90106645198,39.6125581911377,22.19985,21.87072,21.7125,21.40484,21.16819,3699,301,5,228,1.3115714260524356e+19,QSO,2.067526,11649,58514,386
1.237662224617177e+18,220.930125598951,33.7478298056239,21.10671,21.31374,21.09756,21.01568,21.22214,3900,301,3,570,1.2315256326486e+19,QSO,1.299086,10938,58514,593
1.2376648370023967e+18,131.78095948295,25.3096911699147,25.56639,23.31628,21.60567,20.59002,19.85162,4508,301,5,133,1.25146065806948e+19,GALAXY,0.6124686,11115,58514,833
1.2376582045254953e+18,229.098882546422,40.5579802797216,23.10114,22.84605,22.14327,21.02419,18.99294,2964,301,3,535,1.31158822109255e+19,GALAXY,0.9251183,11649,58514,997
1.237662225691706e+18,223.459938686184,33.9350644300051,21.52223,21.25482,21.41863,21.0747,20.90517,3900,301,5,582,1.2315364903259232e+19,QSO,1.631758,10938,58514,988
1.2376622251547692e+18,222.952479707336,33.601843075428,21.57961,21.96405,21.34708,21.17832,21.30167,3900,301,4,581,1.2315361054968535e+19,QSO,1.427715,10938,58514,974
1.237664874046555e+18,131.281743246881,23.8365668571531,26.1033,23.14039,21.84326,20.82175,20.09611,4517,301,2,134,1.251445182443319e+19,STAR,-0.0004350194,11115,58514,270
1.237661362379686e+18,225.80191313508,40.160257529205,22.19714,21.17904,20.7681,20.65222,20.79053,3699,301,5,222,1.311574917001854e+19,STAR,0.0001916865,11649,58514,513
1.2376626632090583e+18,221.402755058788,34.4175784194454,21.85825,21.80407,21.79099,21.36551,21.71273,4002,301,4,87,1.2315271169893e+19,QSO,1.620173,10938,58514,647
1.2376648541833144e+18,221.538379883986,32.3343896468343,22.93598,23.50195,21.84639,20.64602,19.84661,4512,301,5,149,1.2315184858230184e+19,GALAXY,0.7755724,10938,58514,333
1.2376613623807347e+18,228.507426371207,38.8750305631499,21.56318,21.47865,21.24721,20.98659,21.48076,3699,301,5,238,1.3115630697640649e+19,QSO,1.348172,11649,58514,82
1.2376650259845614e+18,201.007342075965,34.7425950994259,21.81218,21.4911,21.63212,21.29568,21.85291,4552,301,5,188,1.1545232324548649e+19,QSO,1.785888,10254,58514,926
1.2376613623802762e+18,227.377655851735,39.3667677297612,21.70214,21.44044,20.91205,20.89671,20.93016,3699,301,5,231,1.3115700241751103e+19,QSO,1.359092,11649,58514,335
1.2376648740464888e+18,131.046464386875,23.8028234281199,21.16451,20.55519,19.87609,19.8803,19.68947,4517,301,2,133,1.2514471065886677e+19,QSO,1.200629,11115,58514,340
1.23766487404662e+18,131.416448721572,23.9636750772782,21.5349,21.21412,21.17115,20.81567,20.92356,4517,301,2,135,1.2514449625409935e+19,QSO,1.735785,11115,58514,262
1.2376622256914437e+18,222.694832327719,34.1397949809217,24.78623,22.90602,21.47367,20.45663,19.7958,3900,301,5,578,1.2315344562294118e+19,STAR,2.992351e-05,10938,58514,914
1.237665025984037e+18,199.659566577218,34.9431122710308,20.96245,20.85515,20.53251,20.6134,20.45989,4552,301,5,180,1.154516470458354e+19,QSO,1.203265,10254,58514,680
1.2376650254471004e+18,199.264797286054,34.4755174435261,21.86429,19.83029,18.99985,18.66329,18.49299,4552,301,4,179,1.1545135842403308e+19,STAR,-0.000175431,10254,58514,575
1.2376614359321162e+18,226.255922244155,40.7664359057732,25.70273,23.58649,21.87722,20.81013,19.73552,3716,301,6,239,1.311576181440226e+19,GALAXY,0.9742554,11649,58514,559
1.237665025984037e+18,199.553266207997,34.8120946493162,20.77431,20.43637,20.36,20.15716,19.989,4552,301,5,180,1.1545154808978889e+19,QSO,1.567974,10254,58514,644
1.2376650259837755e+18,198.901662115157,34.9009072582797,25.13016,24.3089,21.18648,20.00631,19.14201,4552,301,5,176,1.1545122098508e+19,GALAXY,0.8378535,10254,58514,525
1.2376640928996398e+18,131.091766701705,25.8158466738298,21.23493,21.31979,21.06823,20.99244,20.79317,4335,301,3,138,1.2514560401206432e+19,QSO,1.356758,11115,58514,665
1.237664092899574e+18,130.934734168452,25.7305792515857,20.38004,20.29292,20.01927,19.69818,19.39818,4335,301,3,137,1.2514549406090156e+19,QSO,2.114378,11115,58514,625
1.2376613623802104e+18,227.158018568309,39.5599634641978,21.30039,21.38234,21.46718,21.45981,21.37624,3699,301,5,230,1.3115701891018543e+19,QSO,2.000627,11649,58514,341
1.2376582050623e+18,229.191217642957,40.9607685110172,24.74215,22.49675,21.99896,20.94366,19.78283,2964,301,4,534,1.311586956654178e+19,GALAXY,0.7588764,11649,58514,951
1.2376626632090583e+18,221.372362048781,34.3695352673708,20.64209,20.37805,20.43305,20.15245,19.86852,4002,301,4,87,1.23152725442825e+19,QSO,1.787587,10938,58514,652
1.237665127454868e+18,144.722864984125,27.3489823286156,24.0087,24.01366,21.30034,20.28267,19.51476,4576,301,2,214,1.3177739085836737e+19,GALAXY,0.4818666,11704,58514,751
1.237662224617374e+18,221.634591064084,33.7170495953418,21.32965,21.28468,21.36479,21.12684,20.71009,3900,301,3,573,1.2315292885247613e+19,QSO,1.822797,10938,58514,726
1.237664854183248e+18,221.395797959441,32.4770159395796,22.29612,21.6252,21.42699,21.09269,20.43,4512,301,5,148,1.231519502871274e+19,QSO,0.8161413,10938,58514,370
1.2376612109748147e+18,227.965195290908,40.7187690845378,21.50809,21.66063,21.42878,21.15454,20.88552,3664,301,3,111,1.3115829434367367e+19,GALAXY,1.087921,11649,58514,805
1.2376650243732275e+18,198.872974223216,33.7148507418533,22.15756,21.96486,22.35946,22.38118,22.45484,4552,301,2,177,1.154510533095564e+19,GALAXY,0.03453099,10254,58514,464
1.2376648740465544e+18,131.316598360056,23.9207205944414,21.48844,21.35077,21.22583,20.77916,20.5055,4517,301,2,134,1.2514449350532e+19,QSO,0.4820344,11115,58514,261
1.237662224617177e+18,220.987644311079,33.884802790989,19.84171,19.64774,19.35131,19.26106,19.29373,3900,301,3,570,1.2315253027951106e+19,QSO,1.35275,10938,58514,581
1.2376613618434703e+18,227.295449543757,39.0658801365529,21.4809,21.20535,21.19389,21.0256,20.84685,3699,301,4,232,1.3115708213210405e+19,QSO,1.874306,11649,58514,364
1.237661210975011e+18,228.360714381526,40.5266570266526,20.6872,18.37735,17.34691,16.98186,16.75991,3664,301,3,114,1.3115851149722e+19,STAR,-0.0001717615,11649,58514,884
1.237665025984758e+18,201.562200181167,34.5929735427747,21.99318,21.68937,21.46585,21.21299,20.86222,4552,301,5,191,1.1545248542345157e+19,QSO,1.617123,10254,58514,985
1.237662225691247e+18,222.282609203981,34.3315301888634,22.01345,21.19179,20.88901,20.67659,20.87288,3900,301,5,575,1.2315317074503424e+19,QSO,2.796554,10938,58514,814
1.237658203988034e+18,227.248664079325,40.9191330129976,23.49936,22.37807,20.49186,19.67482,19.43688,2964,301,2,526,1.3115793975117371e+19,GALAXY,0.4627798,11649,58514,676
1.237665025983972e+18,199.344766417609,34.896228564176,23.9441,22.90549,21.4611,20.19408,19.45001,4552,301,5,179,1.1545151785321912e+19,GALAXY,0.7113878,10254,58514,633
1.2376622246178327e+18,222.566177286726,33.2035246112895,21.875,21.0813,20.36579,20.22224,20.08801,3900,301,3,580,1.2315126309236e+19,QSO,0.997933,10938,58514,120
1.2376651269389683e+18,200.306549989731,32.8044130188058,22.31392,22.19394,22.07636,21.66668,21.29722,4576,301,1,534,1.1545022592705649e+19,QSO,1.757442,10254,58514,163
1.2376622256911813e+18,221.963996237681,34.2983843817808,20.69058,20.63395,20.6328,20.29886,20.23931,3900,301,5,574,1.2315304430119705e+19,QSO,1.896045,10938,58514,768
1.2376614359321162e+18,226.23374813343,40.7004691282985,25.75684,23.3286,21.06499,20.04153,19.26197,3716,301,6,239,1.3115759615379e+19,GALAXY,0.6245203,11649,58514,551
1.2376650259844964e+18,200.908851635094,34.6943266115283,25.79294,23.01579,21.95083,20.82146,19.90553,4552,301,5,187,1.1545221604310276e+19,GALAXY,0.7923159,10254,58514,887
1.237661361843536e+18,227.458784559743,39.0535289494637,22.068,21.58535,21.39284,21.08581,20.831,3699,301,4,233,1.311569776784994e+19,QSO,0.8668154,11649,58514,326
1.2376582050623004e+18,229.132221454311,40.8800909687239,23.9811,23.63037,22.0707,21.07436,19.77924,2964,301,4,534,1.3115878912390615e+19,GALAXY,0.6268312,11649,58514,985
1.2376613623802107e+18,227.272799950212,39.5498224804693,21.72573,21.77156,21.77151,21.71762,21.41784,3699,301,5,230,1.3115702165896452e+19,QSO,2.001062,11649,58514,342
1.237658204525364e+18,228.720609503311,40.5334385903052,23.82776,24.87572,21.61961,20.43048,19.64027,2964,301,3,533,1.3115874514344104e+19,GALAXY,0.7565019,11649,58514,969
1.2376650259838405e+18,199.035803036434,34.9906615024038,21.98815,21.95486,21.6465,21.63198,21.5421,4552,301,5,177,1.1545131169478892e+19,QSO,1.053421,10254,58514,558
1.2376626632093868e+18,222.178267906936,34.0035739165934,22.30655,20.87995,20.81306,20.85889,20.63699,4002,301,4,92,1.2315318723770864e+19,QSO,3.09429,10938,58514,820
1.2376613623804723e+18,228.001876922571,39.299174575244,21.35988,20.91702,21.02838,21.10431,21.37962,3699,301,5,234,1.3115666431768547e+19,STAR,-0.0002072482,11649,58514,212
1.2376648740466196e+18,131.384038227547,23.8830314776862,19.64932,19.38636,19.18081,19.12604,18.97893,4517,301,2,135,1.251445099979947e+19,QSO,0.8964478,11115,58514,267
1.2376648740461612e+18,130.435627226728,23.4896348369992,21.65503,21.41544,21.18879,20.9522,20.87747,4517,301,2,128,1.2514499103433183e+19,QSO,1.498176,11115,58514,442
1.2376650259843e+18,200.314986494245,34.7225759830741,22.59287,22.72156,21.29453,20.20332,19.28289,4552,301,5,184,1.1545200713589348e+19,GALAXY,0.8656458,10254,58514,811
1.2376650259839716e+18,199.459309004498,34.8305381455571,19.64748,19.2989,19.29655,19.40939,19.05017,4552,301,5,179,1.154518779432772e+19,GALAXY,0.0,10254,58514,764
1.2376650249102295e+18,199.183342848206,34.0233702398874,25.26724,23.48657,21.47628,20.29603,19.50164,4552,301,3,179,1.1545097359496335e+19,GALAXY,0.758822,10254,58514,435
1.237662663208862e+18,220.819526233322,34.6002644786031,21.54324,21.41056,21.23127,21.22643,21.11287,4002,301,4,84,1.2315231587474364e+19,QSO,1.193389,10938,58514,503
1.2376650249102305e+18,199.305244388985,34.0130568828781,25.79609,23.38303,21.47847,20.44637,19.53843,4552,301,3,179,1.154509351120564e+19,GALAXY,0.8463265,10254,58514,421
1.23766121097488e+18,228.097097342132,40.710881851976,21.32559,21.00208,20.40896,19.93687,19.60835,3664,301,3,112,1.3115839879727831e+19,QSO,0.4650153,11649,58514,843
1.2376613623804723e+18,227.990846927028,39.204263872501,21.00118,21.15514,21.20725,20.89956,20.67727,3699,301,5,234,1.3115665882012735e+19,QSO,1.906965,11649,58514,210
1.237664837002134e+18,131.35067240107,24.9503158621892,23.1317,21.90686,22.18145,22.14263,22.163,4508,301,5,129,1.2514576069247128e+19,GALAXY,0.05092604,11115,58514,722
1.2376648756569057e+18,130.022157091586,24.6601074882032,23.74426,24.02551,21.6191,20.33672,19.43954,4517,301,5,130,1.2514519169520392e+19,GALAXY,0.7873917,11115,58514,515
1.237664874046554e+18,131.293869155873,23.7868828526865,23.62102,21.82073,21.37259,21.06639,22.69043,4517,301,2,134,1.2514459795892492e+19,STAR,0.000529832,11115,58514,299
1.2376648740465546e+18,131.237483528362,23.8765506920294,21.73178,21.58694,21.13875,21.17155,21.11791,4517,301,2,134,1.251446172003784e+19,QSO,1.238228,11115,58514,306
1.2376612109748145e+18,227.891738805608,40.8597400900391,20.07575,19.97674,19.56248,19.59186,19.60069,3664,301,3,111,1.3115838780216203e+19,QSO,1.206225,11649,58514,839
1.2376613623801452e+18,227.023724797242,39.6702667156844,21.5031,21.68567,21.66812,21.52993,21.64193,3699,301,5,229,1.3115716459547611e+19,QSO,1.948304,11649,58514,394
1.2376622246175703e+18,221.916022140989,33.4511567741864,21.85103,21.76751,21.60654,21.48218,21.09471,3900,301,3,576,1.2315312676456913e+19,QSO,2.09542,10938,58514,798
1.2376650243732275e+18,198.879911518153,33.6901881899404,21.57932,21.44707,21.52194,21.34009,21.24279,4552,301,2,177,1.1545105880711453e+19,GALAXY,1.235399,10254,58514,466
1.237661361843077e+18,226.281205300761,39.5695633814438,23.03484,24.50224,22.0114,20.89491,19.87235,3699,301,4,226,1.3115734876367378e+19,QSO,1.682532,11649,58514,461
1.2376648536465748e+18,221.769480179215,31.935807753281,23.83893,24.50678,21.66072,20.30672,19.28748,4512,301,4,151,1.2315170564579e+19,GALAXY,0.7166641,10938,58514,281
1.2376626632099768e+18,223.562914343301,33.5385108536395,23.85258,23.2636,21.75214,20.72774,19.84096,4002,301,4,101,1.2315367377160397e+19,GALAXY,0.5581544,10938,58514,997
1.237662224617767e+18,222.567405554613,33.3384433249262,19.18545,18.23249,17.95322,17.8758,17.84439,3900,301,3,579,1.2315126034358096e+19,STAR,0.0002444365,10938,58514,119
1.2376651296233887e+18,200.972187252646,34.8070247676279,24.05534,23.20602,21.44881,20.35766,19.57817,4576,301,6,535,1.1545220504798648e+19,GALAXY,0.684104,10254,58514,883
1.2376622246175053e+18,221.830038708935,33.5253793495035,20.09707,20.21671,20.04445,20.0667,20.00638,3900,301,3,575,1.2315295084270868e+19,QSO,1.145101,10938,58514,734
1.237665026521433e+18,201.055553134372,35.0819549973258,22.70077,27.53211,21.90809,20.86457,18.46,4552,301,6,188,1.15452265521126e+19,GALAXY,-0.001622305,10254,58514,905
1.2376651274546056e+18,144.182250299157,27.0156365459269,20.58715,19.82958,18.87896,18.30584,18.19367,4576,301,2,210,1.3177719569505343e+19,QSO,0.2204816,11704,58514,680
1.237665129623716e+18,201.737364226911,34.7118426854667,21.63022,20.17213,18.97586,18.42877,18.11964,4576,301,6,540,1.1545249366978875e+19,GALAXY,0.1888781,10254,58514,988
1.237665127475577e+18,199.776065471489,33.2824106716136,22.33805,21.87656,21.76422,21.57512,20.95338,4576,301,2,530,1.1545068772194e+19,QSO,1.933107,10254,58514,331
1.2376613623802104e+18,227.261685972864,39.4170681738722,24.14662,21.33713,20.78962,20.67149,20.50334,3699,301,5,230,1.3115700791506915e+19,STAR,-0.0002269163,11649,58514,337
1.237664837002396e+18,131.750003651295,25.3005199923616,23.31705,22.63469,21.04222,20.01718,19.36798,4508,301,5,133,1.2514605481183173e+19,GALAXY,0.5377946,11115,58514,829
1.2376623373238927e+18,228.676943176407,38.9008876745872,21.89266,21.49651,21.45194,21.01263,20.88238,3926,301,5,18,1.311561942764646e+19,QSO,1.690725,11649,58514,41
1.237665126938903e+18,200.179930519758,32.9426505496347,25.83508,22.11135,21.46068,21.09917,20.53358,4576,301,1,533,1.1545036061723089e+19,STAR,0.000348814,10254,58514,212
1.2376626632094515e+18,222.414072183399,34.125316883326,21.28456,21.13251,21.16021,20.97392,20.61423,4002,301,4,93,1.2315326970108072e+19,QSO,1.80438,10938,58514,850
1.2376626632091244e+18,221.517898202613,34.2434523933914,21.15493,20.85887,20.79549,20.65007,20.48801,4002,301,4,88,1.2315284638910405e+19,QSO,2.188666,10938,58514,696
1.237658204525495e+18,228.929953060518,40.4362956121368,24.72895,24.4903,21.72263,20.69478,19.95639,2964,301,3,535,1.3115876163611548e+19,GALAXY,0.7846917,11649,58514,975
1.2376626632090588e+18,221.252774082479,34.4172065908619,23.6716,21.38503,20.73334,20.47468,20.16907,4002,301,4,87,1.231525989989878e+19,STAR,1.706342e-05,10938,58514,606
1.2376650243735557e+18,199.682364096949,33.6737391049905,23.0574,22.35644,22.36251,21.84086,21.26991,4552,301,2,182,1.1545071795851e+19,GALAXY,1.041405,10254,58514,342
1.237662225154376e+18,222.077561846217,33.9397715047827,21.75595,21.02361,21.04757,21.07075,20.89037,3900,301,4,575,1.231531927352668e+19,QSO,2.409139,10938,58514,822
1.2376626632088622e+18,220.695647140153,34.5109243562658,22.58756,21.05518,20.48397,20.18312,19.96759,4002,301,4,84,1.2315231312596455e+19,STAR,-0.0004599215,10938,58514,502
1.2376626632096484e+18,222.746405288393,33.9454803061456,21.89329,21.90426,21.79232,21.61805,20.97422,4002,301,4,96,1.2315347311073188e+19,GALAXY,1.008698,10938,58514,924
1.2376650989959255e+18,131.957691016869,23.7152834146253,20.55614,20.27908,19.94879,19.88176,19.69586,4569,301,5,141,1.251440784396808e+19,QSO,0.9327562,11115,58514,110
1.2376622246174395e+18,221.596858728266,33.5668669931403,19.52743,19.37579,19.16949,19.14089,19.24618,3900,301,3,574,1.2315290686224355e+19,QSO,1.383045,10938,58514,718
1.237658205062366e+18,229.257061237152,40.8033980545433,23.3006,22.72391,21.23316,20.12228,19.37849,2964,301,4,535,1.3115880011902245e+19,GALAXY,0.6445751,11649,58514,989
1.2376650259837755e+18,198.854296216519,34.8935255268615,24.29543,23.5791,21.32908,20.27452,19.35581,4552,301,5,176,1.1545121548752148e+19,GALAXY,0.8351807,10254,58514,523
1.2376613623802107e+18,227.226574756976,39.5959395285931,21.86839,21.64891,21.52536,21.44506,20.60272,3699,301,5,230,1.3115702990530173e+19,QSO,1.436576,11649,58514,345
1.2376622246177016e+18,222.303274898697,33.2678173561407,21.78761,21.73285,21.27949,21.32161,21.24119,3900,301,3,578,1.2315148024590651e+19,QSO,1.352665,10938,58514,199
1.2376650243732933e+18,199.024277754482,33.6047212888424,25.57724,23.69823,22.04777,20.65769,19.69194,4552,301,2,178,1.1545094060961454e+19,STAR,1.931627e-05,10254,58514,423
1.2376648740461614e+18,130.455123952164,23.3171514799242,26.54814,22.94954,21.75923,20.5469,19.65285,4517,301,2,128,1.251438805275878e+19,GALAXY,0.0,11115,58514,38
1.2376650259837755e+18,198.906806488706,34.9224793752235,23.82522,25.23356,21.7493,20.53613,19.47013,4552,301,5,176,1.1545131444356798e+19,GALAXY,0.7224783,10254,58514,559
1.2376648740462925e+18,130.763073960253,23.5983239676629,21.09296,21.05098,20.72025,20.74533,20.34234,4517,301,2,130,1.251448096149133e+19,QSO,1.137377,11115,58514,376
1.2376648740465546e+18,131.210199265119,23.8692762462782,21.89119,21.85645,21.33521,21.27416,21.2877,4517,301,2,134,1.2514460345648306e+19,QSO,1.197758,11115,58514,301
1.2376622256914432e+18,222.685776673142,34.0913199875923,17.84073,16.87915,16.52456,16.37825,16.33879,3900,301,5,578,1.231534538692784e+19,STAR,-0.0001817068,10938,58514,917
1.237665128013104e+18,201.586851209259,33.5775820145933,24.14359,23.63424,21.96289,20.25989,19.20404,4576,301,3,540,1.1544993455647513e+19,STAR,-0.0001348606,10254,58514,57
1.2376648735097487e+18,131.650647580903,23.634327669964,21.15228,20.43643,20.32947,20.0683,20.19588,4517,301,1,135,1.2514437805659937e+19,QSO,1.948472,11115,58514,219
1.23766487404662e+18,131.380415000043,23.9902083569461,23.23101,22.8512,21.36546,20.94358,20.42494,4517,301,2,135,1.2514452099311096e+19,STAR,-0.0002736818,11115,58514,271
1.2376648740464233e+18,130.913013380719,23.7321884689895,20.69716,20.62676,20.51306,20.37655,19.94885,4517,301,2,132,1.251448151124714e+19,QSO,2.105979,11115,58514,378
1.2376651274756426e+18,199.872129190748,33.243566586786,24.92584,23.35265,21.20534,20.19335,19.4589,4576,301,2,531,1.1545058326833551e+19,GALAXY,0.5793659,10254,58514,293
1.237665126938575e+18,199.307119953169,33.0899169914396,21.25952,20.91035,20.85976,20.4848,20.38598,4576,301,1,528,1.1545092136816103e+19,QSO,0.5666659,10254,58514,416
1.2376622246175703e+18,222.012441120454,33.4149432922963,21.27168,21.28159,21.02998,20.99488,20.76162,3900,301,3,576,1.2315313226212729e+19,QSO,0.9671771,10938,58514,800
1.237661362380407e+18,227.681217212546,39.35664768274,22.17802,22.45664,21.62144,21.5567,21.57842,3699,301,5,233,1.3115679076152269e+19,QSO,1.37995,11649,58514,258
1.2376613618434708e+18,227.444073695523,39.0738616841843,20.82716,20.63768,20.3471,20.14244,20.43031,3699,301,4,232,1.3115697492972e+19,QSO,1.069181,11649,58514,325
1.2376650259844303e+18,200.636190811032,34.6448372355792,21.0727,20.89889,20.79413,20.57826,20.74217,4552,301,5,186,1.1545210609194e+19,QSO,1.813937,10254,58514,847
1.2376613618431434e+18,226.508444935727,39.331967781257,25.58776,23.22342,21.84954,20.79211,21.00986,3699,301,4,227,1.3115731852710402e+19,GALAXY,0.5096061,11649,58514,450
1.237662224617374e+18,221.500637438766,33.645329040356,20.06698,19.69689,19.58366,19.30603,19.19842,3900,301,3,573,1.2315289586712728e+19,QSO,0.4995294,10938,58514,714
1.2376651296231923e+18,200.477255983874,34.936826566308,23.72439,24.34037,22.61855,20.96716,19.84089,4576,301,6,532,1.1545208410170745e+19,GALAXY,0.7711439,10254,58514,839
1.2376648541831823e+18,221.131787305538,32.5031435799376,20.74941,20.74622,20.70681,20.28798,20.25123,4512,301,5,147,1.231520767309646e+19,QSO,1.935028,10938,58514,416
1.237662224617374e+18,221.488762090852,33.7621535330546,21.33763,21.24017,21.04135,20.87115,20.57402,3900,301,3,573,1.2315287937445288e+19,QSO,1.943171,10938,58514,708
1.237662663209583e+18,222.643140785232,33.910549932685,21.9089,22.04599,21.82924,21.38437,20.81539,4002,301,4,95,1.2315346761317372e+19,QSO,2.001742,10938,58514,922
1.237665127475577e+18,199.77510227559,33.3188188455963,21.98589,21.16992,20.97999,20.86663,20.75498,4576,301,2,530,1.1545070146583548e+19,QSO,2.706137,10254,58514,336
1.2376582050617103e+18,227.630096821339,41.5475120759559,24.85501,23.58424,21.7036,20.61153,19.95516,2964,301,4,525,1.3115811842181325e+19,GALAXY,0.6487353,11649,58514,741
1.237661212048687e+18,228.849034113238,41.2135706725834,21.6711,21.91248,21.38726,21.15407,20.53772,3664,301,5,113,1.3115867642396432e+19,QSO,1.419068,11649,58514,944
1.237662225691247e+18,222.222542491803,34.3097634781969,21.47327,21.34247,21.25022,21.11575,20.7153,3900,301,5,575,1.2315317624259236e+19,QSO,2.02752,10938,58514,816
1.237661362379883e+18,226.353673377973,39.865011154702,22.54514,21.62288,21.3035,20.90417,20.40209,3699,301,5,225,1.3115738449780169e+19,QSO,0.8463496,11649,58514,474
1.2376613623799483e+18,226.494331004686,39.8699548307674,24.15149,22.94406,21.32108,20.72553,20.26652,3699,301,5,226,1.311572855417552e+19,QSO,1.734312,11649,58514,438
1.237664854183314e+18,221.678190737698,32.4846390316585,22.07815,20.97341,20.52067,20.24291,20.46147,4512,301,5,149,1.2315173313358092e+19,STAR,4.075254e-05,10938,58514,291
1.237662223544026e+18,222.178697519019,32.4922745557421,24.35792,22.97112,21.09897,19.96217,19.31519,3900,301,1,579,1.2315151323125537e+19,GALAXY,0.7211969,10938,58514,211
1.2376613623799483e+18,226.609367271063,39.7404334695632,19.91122,19.72298,19.53327,19.32126,19.38806,3699,301,5,226,1.311572745466389e+19,QSO,1.476424,11649,58514,434
1.2376607648303675e+18,115.389593783436,19.486387049677,21.83577,21.93484,21.85658,21.51795,22.1953,3560,301,4,39,1.2478586304907729e+19,QSO,1.520598,11083,58515,864
1.2376786007774991e+18,21.7105111499948,16.2114645964197,25.60671,23.20209,21.67415,20.61098,19.90246,7713,301,2,370,1.2451445135254e+19,GALAXY,0.6151825,11059,58515,429
1.2376609581027177e+18,113.787865960962,18.24186911187,25.02197,22.00625,22.00045,21.90615,21.42251,3605,301,4,21,1.2478496694710063e+19,QSO,2.987898,11083,58515,538
1.237660958102717e+18,113.760511351875,18.3518974868459,22.85555,22.05797,22.23286,22.34222,22.75841,3605,301,4,21,1.2478495595198435e+19,QSO,1.884344,11083,58515,534
1.2376609581027825e+18,113.872581246789,18.355816167504,21.26106,20.96549,20.80463,20.56436,20.54814,3605,301,4,22,1.2478496144954251e+19,QSO,1.719136,11083,58515,536
1.2376609581032417e+18,114.820208757231,19.0900542216047,21.14902,20.85081,20.63047,20.62809,20.63,3605,301,4,29,1.2478546722489129e+19,QSO,1.220286,11083,58515,720
1.237660764830042e+18,114.936147136913,18.8284799831842,25.27784,25.66732,22.1521,20.99307,19.72302,3560,301,4,34,1.2478548096878664e+19,GALAXY,0.8305926,11083,58515,725
1.2376607648301066e+18,114.998424086764,19.1027460735793,20.33628,20.28445,20.10325,20.0652,19.88339,3560,301,4,35,1.2478552494925177e+19,QSO,1.028456,11083,58515,741
1.237660764830172e+18,115.177061072416,19.207932956215,20.89769,20.6084,20.6273,20.32323,20.09297,3560,301,4,36,1.2478578608326334e+19,QSO,1.861928,11083,58515,836
1.2376607653671084e+18,114.95452074154,19.6375641522975,18.38342,16.34319,15.34326,14.88329,14.53294,3560,301,5,37,1.2478554144192616e+19,GALAXY,0.09668954,11083,58515,747
1.237660765367108e+18,114.908763600372,19.600931405831,20.9458,19.20827,18.26533,17.80275,17.45348,3560,301,5,37,1.2478543423954244e+19,GALAXY,0.09449893,11083,58515,708
1.237660958639982e+18,114.228498306026,19.3176523382346,25.01913,23.66805,21.67679,20.48712,19.81136,3605,301,5,27,1.2478511263239131e+19,GALAXY,0.6543095,11083,58515,591
1.2376607659036526e+18,114.081861385409,19.3193200210489,26.56678,24.47309,21.90731,20.15854,19.39497,3560,301,6,32,1.24784980690996e+19,GALAXY,0.6788298,11083,58515,543
1.2376607653666496e+18,114.108244248977,18.957537458962,20.53986,20.19717,19.98539,19.86377,19.67382,3560,301,5,30,1.247851318738448e+19,QSO,0.9302688,11083,58515,598
1.237678601314435e+18,21.9383283697841,16.701283867901,24.53699,21.46209,19.87603,18.96446,18.49133,7713,301,3,371,1.245150588327142e+19,STAR,-7.524657e-05,11059,58515,650
1.237660957566764e+18,115.725268507537,19.3534911288726,24.50584,21.78587,21.65303,21.4703,21.42779,3605,301,3,35,1.2478597574901912e+19,STAR,-0.0003713774,11083,58515,905
1.2376607648301727e+18,115.203863760563,19.1147334082551,26.24653,24.05646,21.95312,20.85938,19.87538,3560,301,4,36,1.2478575584669358e+19,GALAXY,0.9510977,11083,58515,825
1.2376738086524695e+18,115.454660391215,17.072384318815,23.50937,23.23832,21.89728,20.79613,19.72067,6597,301,4,137,1.2478394165250775e+19,GALAXY,0.5622501,11083,58515,165
1.237660958103045e+18,114.504914274387,18.764085756462,21.43409,21.27817,20.87612,20.57209,20.32997,3605,301,4,26,1.247852693127983e+19,QSO,1.991169,11083,58515,648
1.2376607648302377e+18,115.284092304251,19.3392670646518,21.84507,21.64557,21.71349,21.13025,20.81187,3560,301,4,37,1.247857805857052e+19,STAR,-5.162452e-05,11083,58515,834
1.237660764830041e+18,114.877819075636,19.0511550120264,21.22781,21.43747,20.97102,21.0033,20.5069,3560,301,4,34,1.2478553044681e+19,QSO,1.212913,11083,58515,743
1.2376609586399818e+18,114.165942577846,19.2667342143172,24.91415,23.05678,21.41805,20.33038,19.64025,3605,301,5,27,1.2478499443489137e+19,GALAXY,0.6532701,11083,58515,548
1.2376609581033723e+18,114.944526810939,19.2549160366998,21.72946,21.74951,21.04105,20.56321,20.26145,3605,301,4,31,1.24785574427275e+19,GALAXY,0.5392103,11083,58515,759
1.237660958103634e+18,115.345583455379,19.7184876429872,25.28058,23.90992,21.7068,20.4532,19.77567,3605,301,4,35,1.2478585480274e+19,GALAXY,0.4373553,11083,58515,861
1.2376791693061e+18,23.6318296313329,17.0622172595045,21.95793,21.84444,21.54658,21.42832,21.39796,7845,301,5,100,1.2451597142736523e+19,QSO,1.513054,11059,58515,982
1.237660764830172e+18,115.111343558522,19.2509221257655,20.22157,20.12707,19.7555,19.60211,19.79766,3560,301,4,36,1.2478567613210057e+19,QSO,1.146789,11083,58515,796
1.2376609586397197e+18,113.658494888529,18.8629039367992,25.04313,23.27021,21.89143,20.77335,19.92202,3605,301,5,23,1.2478486524227508e+19,GALAXY,0.7376297,11083,58515,501
1.2376609575665024e+18,115.257625410513,18.9585923840764,22.54996,24.46091,21.91638,20.58003,19.91655,3605,301,3,31,1.247857888320424e+19,GALAXY,0.7516475,11083,58515,837
1.237660765366913e+18,114.656757093852,19.2868632072427,23.42838,25.00349,22.42928,20.92922,19.98561,3560,301,5,34,1.2478533253471689e+19,QSO,1.806391,11083,58515,671
1.2376786023884398e+18,22.6158457195746,17.4597739069033,24.42351,24.0862,22.3007,21.01488,20.06987,7713,301,5,375,1.2451541892277228e+19,STAR,0.0003779338,11059,58515,781
1.2376609586398513e+18,114.011825952899,19.0924242928186,25.08939,23.30797,22.26768,20.6853,19.90433,3605,301,5,25,1.2478500268122855e+19,GALAXY,0.738418,11083,58515,551
1.2376609575668948e+18,115.954508904669,19.5263515040211,22.03069,21.82244,21.47064,21.38292,21.3095,3605,301,3,37,1.2478607470506564e+19,QSO,1.302503,11083,58515,941
1.237679169305772e+18,22.8221142799455,17.1612492620607,22.54281,20.42583,18.98392,17.81658,17.24551,7845,301,5,95,1.245155811007374e+19,STAR,-0.0001847228,11059,58515,840
1.2376609586400476e+18,114.302361406678,19.3973996907143,24.06213,23.62157,21.50892,20.4842,19.78737,3605,301,5,28,1.2478511812994947e+19,STAR,-0.0001347371,11083,58515,593
1.237678602388702e+18,23.2291338547109,17.4686860533668,23.13442,23.61232,22.23594,20.40298,19.50516,7713,301,5,379,1.2451576526893505e+19,GALAXY,0.76109,11059,58515,907
1.237678600240432e+18,21.2730716815465,15.8305783715851,24.30769,27.21041,21.81813,20.51812,19.50887,7713,301,1,367,1.2451459978661e+19,GALAXY,0.9231831,11059,58515,483
1.2376607648302377e+18,115.354224602472,19.1830347558159,21.29326,20.77934,20.41979,20.25101,20.05823,3560,301,4,37,1.2478586854663545e+19,QSO,0.7569552,11083,58515,866
1.2376791693054446e+18,22.1722046816983,17.2754239394616,21.66743,20.99611,20.83499,20.86444,21.28541,7845,301,5,90,1.2451513030097e+19,STAR,-0.000200036,11059,58515,676
1.23767860024076e+18,22.1165938754653,15.8667521354253,22.98598,23.56527,21.43193,20.41943,19.60064,7713,301,1,372,1.24514220455098e+19,QSO,0.5412013,11059,58515,345
1.2376653309168192e+18,160.146637775957,30.5879072233228,20.71873,20.52229,20.19084,20.10582,19.78996,4623,301,5,29,1.2817326046333655e+19,QSO,1.264304,11384,58522,296
1.237665443124282e+18,189.435497790023,30.8142996072207,26.6964,22.85641,21.57868,20.58908,19.8482,4649,301,6,51,1.283202349314e+19,GALAXY,0.5750358,11397,58522,517
1.2376671428630292e+18,130.827453230178,20.7846955959501,23.39015,23.33044,21.44933,20.4228,19.74014,5045,301,4,134,1.2494373917610498e+19,GALAXY,0.754106,11097,58522,955
1.2376672099861143e+18,168.354483174439,27.7327140821924,23.34863,22.97857,21.56319,20.30249,19.40824,5061,301,1,351,1.2786927573482623e+19,GALAXY,0.8044478,11357,58522,299
1.237667211060315e+18,169.423645866882,28.7802683424706,25.49388,23.73924,21.77851,20.42957,19.56951,5061,301,3,358,1.2787101296319812e+19,GALAXY,0.6441425,11357,58522,931
1.237667431716029e+18,168.726601274247,27.6809253022023,21.65936,21.73216,21.61713,21.60229,21.24192,5112,301,6,385,1.2786905858128e+19,QSO,1.007728,11357,58522,220
1.237665330917278e+18,161.402940670524,30.901672904551,21.62673,20.75057,20.56739,20.51341,20.68605,4623,301,5,36,1.281751351306619e+19,STAR,0.0003815775,11384,58522,978
1.2376672099863104e+18,168.737831658639,27.9032055928056,21.68782,21.28938,21.29447,21.12814,21.1561,5061,301,1,354,1.2786907232517511e+19,QSO,1.508347,11357,58522,225
1.237665330917081e+18,160.757997170479,30.7266811362776,21.23698,20.98466,20.88623,20.51673,20.24039,4623,301,5,33,1.2817288113182497e+19,QSO,0.7239462,11384,58522,158
1.2376671428627663e+18,130.282938716499,20.6062822023453,23.47883,22.51464,21.5654,20.51908,19.83487,5045,301,4,130,1.2494332685924456e+19,GALAXY,0.7174712,11097,58522,805
1.2376651269237642e+18,159.229079201181,30.9898216582334,23.65771,21.92722,20.00496,19.40892,18.98498,4576,301,1,302,1.2817412357996435e+19,GALAXY,0.3581061,11384,58522,610
1.2376653309168847e+18,160.247282584421,30.645143159973,22.54899,22.14574,21.89589,21.81678,21.11146,4623,301,5,30,1.2817321373409237e+19,QSO,2.178588,11384,58522,279
1.2376738075847567e+18,129.42063641149,21.2285849212703,22.95171,22.39583,21.64188,20.58804,19.67514,6597,301,2,229,1.2494294203017484e+19,STAR,0.004153253,11097,58522,665
1.2376672099867692e+18,169.956422802938,27.8858773950417,21.0077,20.83365,20.69626,20.63321,20.58146,5061,301,1,361,1.2786846759378e+19,QSO,0.8825324,11357,58522,5
1.237665442588e+18,190.855892268678,30.4010318177412,22.24564,21.62418,21.26468,20.78043,20.43122,4649,301,5,60,1.283196796780284e+19,QSO,1.602471,11397,58522,315
1.237667209985655e+18,167.191035957181,27.5902396499388,20.6055,20.49069,20.38914,20.10236,20.07049,5061,301,1,344,1.2786971828825643e+19,QSO,1.939114,11357,58522,460
1.23766743171557e+18,167.512591416332,27.5441106138621,21.92116,21.95276,21.59891,21.10489,20.9954,5112,301,6,378,1.2786969904680294e+19,GALAXY,0.0,11357,58522,453
1.237665443124347e+18,189.603287513839,30.8108943610782,25.49002,22.11091,20.68555,20.13175,20.30349,4649,301,6,52,1.2832024042895856e+19,GALAXY,0.2954688,11397,58522,519
1.237665126923895e+18,159.668322513045,31.1061490277425,21.23734,20.94695,20.67382,20.46304,20.47696,4576,301,1,304,1.2817432424083642e+19,QSO,1.454194,11384,58522,683
1.2376672099859827e+18,167.972174476465,27.6721807620116,20.62285,20.5922,20.50158,20.43478,20.26983,5061,301,1,349,1.2786948189325644e+19,QSO,2.003454,11357,58522,374
1.2376653309170158e+18,160.701746484953,30.7209805064217,21.14662,21.10015,21.05111,20.99935,21.06975,4623,301,5,32,1.281728866293831e+19,QSO,0.9200646,11384,58522,160
1.2376672545547886e+18,190.591534045299,30.1352741938732,23.54944,23.22333,21.3411,20.23578,19.44547,5071,301,4,479,1.283197511462842e+19,GALAXY,0.6026071,11397,58522,341
1.2376653309166223e+18,159.639025343888,30.5129452991685,20.42374,20.45714,20.02647,20.11344,20.0972,4623,301,5,26,1.2817347211932488e+19,QSO,1.208516,11384,58522,373
1.237667431715898e+18,168.332499626845,27.5844326226434,26.52305,23.14264,22.20446,20.75826,19.82397,5112,301,6,383,1.2786925924215183e+19,GALAXY,0.7145312,11357,58522,293
1.2376671428625047e+18,129.699906036744,20.202529877402,23.68618,23.39405,22.13872,20.72207,19.90908,5045,301,4,126,1.2494313994226784e+19,GALAXY,0.6872157,11097,58522,737
1.2376672540093327e+18,168.108337200971,28.8145170284822,23.47547,23.24941,21.69103,20.68447,19.81936,5071,301,3,348,1.2787024880261683e+19,GALAXY,0.6220293,11357,58522,653
1.2376654431247409e+18,190.686958832043,30.7772309130173,25.66001,23.06832,21.47428,20.40811,19.7605,4649,301,6,58,1.2832062525802828e+19,GALAXY,0.5202265,11397,58522,659
1.2376672099865723e+18,169.529860521592,27.8440707664676,21.38977,21.28981,20.99906,20.98838,20.62818,5061,301,1,358,1.2786862702296586e+19,QSO,1.064356,11357,58522,63
1.2376738075848223e+18,129.588786202749,21.3226739642514,26.47866,24.34044,22.63686,21.18777,19.87121,6597,301,2,230,1.2494294752773298e+19,GALAXY,0.9936199,11097,58522,667
1.2376674317162903e+18,169.394457034625,27.7466211875503,19.55769,19.469,19.24376,19.25563,19.37844,5112,301,6,389,1.2786872597901236e+19,QSO,1.320359,11357,58522,99
1.23766721052364e+18,169.931454790007,28.2998208701509,21.93015,21.87143,21.51526,21.19931,20.75405,5061,301,2,361,1.2786855830348913e+19,QSO,0.7612134,11357,58522,38
1.2376651269238295e+18,159.465851307712,31.095209185347,20.95734,20.59856,20.54366,20.35988,20.23623,4576,301,1,303,1.2817421703845272e+19,QSO,0.5299113,11384,58522,644
1.2376672099867692e+18,170.037651434552,28.0704141109402,20.9271,20.83276,20.36759,20.4184,20.1832,5061,301,1,361,1.2786848683523332e+19,QSO,1.168057,11357,58522,12
1.237665330917409e+18,161.723357360031,30.7807171759666,21.68161,21.28205,21.27894,21.18714,21.11754,4623,301,5,38,1.2817250180031338e+19,QSO,2.561265,11384,58522,20
1.2376653309166223e+18,159.67452636171,30.5279420469315,20.68032,20.6304,20.57658,20.20597,20.07378,4623,301,5,26,1.281734803656621e+19,QSO,1.803488,11384,58522,376
1.2376672099859827e+18,168.048803653172,27.7183934048346,20.83836,20.40883,20.26227,19.92698,19.65331,5061,301,1,349,1.2786938843476808e+19,QSO,0.4672874,11357,58522,340
1.23766721052364e+18,169.864950732547,28.3516339930451,21.69538,21.87833,21.32924,21.47941,21.24494,5061,301,2,361,1.278685418108147e+19,QSO,1.192905,11357,58522,32
1.237665126924092e+18,160.119355237684,31.1637647910112,23.87847,22.59186,21.19928,20.13253,19.34898,4576,301,1,307,1.281745606358364e+19,GALAXY,0.659749,11384,58522,769
1.237667211059463e+18,167.204545208895,28.5637501844987,24.21889,23.33979,21.78598,20.50361,19.86293,5061,301,3,345,1.2786991894912848e+19,GALAXY,0.5854162,11357,58522,533
1.237667431716291e+18,169.381678307061,27.7712710278585,25.02456,22.31665,21.00432,20.32547,19.85383,5112,301,6,389,1.278687397229077e+19,STAR,1.554073e-05,11357,58522,104
1.237664836998792e+18,124.137090389087,21.1122758598068,23.25398,22.04872,21.84251,21.66598,21.25882,4508,301,5,78,1.2507646672242e+19,GALAXY,0.001054845,11109,58523,89
1.2376671434026524e+18,136.84387391494,23.7133804621614,24.99221,23.97187,21.43897,20.34806,19.22301,5045,301,5,176,1.3145123722817198e+19,GALAXY,0.6232742,11675,58523,881
1.2376648369985956e+18,123.721864522014,20.8964733732212,24.85618,23.05709,21.59014,20.49289,19.76084,4508,301,5,75,1.2507661515648948e+19,STAR,2.620254e-05,11109,58523,143
1.2376653309172124e+18,161.249494984659,30.8171836580945,20.86444,20.90126,20.73318,20.63664,20.24932,4623,301,5,35,1.2818517367199128e+19,QSO,1.92983,11385,58523,534
1.237653651844694e+18,22.9532818972006,14.0997409473168,21.8455,21.57141,21.03325,20.73962,20.29757,1904,301,3,299,1.2452584504312484e+19,GALAXY,1.852674,11060,58523,478
1.2376789207514483e+18,23.3004196225722,12.936932178927,20.73827,20.51104,20.02464,19.86069,19.73269,7787,301,6,353,1.2452563338713651e+19,QSO,1.35804,11060,58523,401
1.2376671434019315e+18,135.256774890216,23.0776827826422,24.00217,23.57936,21.4423,20.37782,19.53658,5045,301,5,165,1.31450011272707e+19,GALAXY,0.6543699,11675,58523,435
1.2376671434023247e+18,136.072031721801,23.4066179199132,25.47905,23.30756,21.76268,20.59461,19.88306,5045,301,5,171,1.3145083590642784e+19,GALAXY,0.5753549,11675,58523,735
1.237664836999119e+18,124.740340783758,21.4305261140132,19.50261,19.42467,19.23571,19.38568,19.35962,4508,301,5,83,1.2507631279079184e+19,QSO,1.053522,11109,58523,33
1.2376789207518415e+18,24.1934661560375,12.7111715177051,20.09906,20.13874,20.05011,19.82099,19.6287,7787,301,6,359,1.2452508363132262e+19,QSO,2.750205,11060,58523,201
1.237649919506514e+18,24.2751921799906,13.8955343874848,22.09019,21.228,20.8863,20.78447,20.93157,1035,301,3,122,1.2452504514841563e+19,QSO,3.051606,11060,58523,187
1.237665330918e+18,163.247697989584,31.0774614885043,21.47094,21.34588,21.48112,21.2107,21.74379,4623,301,5,47,1.281861687300144e+19,QSO,1.723255,11385,58523,896
1.2376671434018e+18,134.816893698322,23.1073800510428,24.84711,22.8045,21.50343,20.50652,19.76845,5045,301,5,163,1.3145017619945116e+19,GALAXY,0.5510705,11675,58523,495
1.237664092895708e+18,122.858185873143,21.0110968971932,25.63425,24.64079,21.66131,20.7435,20.53799,4335,301,3,78,1.2507707695137317e+19,QSO,4.568793,11109,58523,311
1.2376499195067108e+18,24.6206374976477,13.8209604308992,21.97164,21.34521,21.30679,21.39501,21.2986,1035,301,3,125,1.2452481150219477e+19,QSO,2.390475,11060,58523,102
1.2376499195061868e+18,23.4661342892234,13.9932192685426,22.51082,22.71549,22.06736,22.06479,22.70322,1035,301,3,117,1.245255096920784e+19,GALAXY,1.174644,11060,58523,356
1.2376671434024556e+18,136.363332754603,23.5732271042631,22.08369,20.86454,19.69243,19.23946,18.90748,5045,301,5,173,1.3145103381852084e+19,GALAXY,0.1609946,11675,58523,807
1.237649954405221e+18,23.5710952956153,14.6518278450378,24.76055,25.42665,21.65756,20.63213,19.85316,1043,301,4,154,1.2452641404039223e+19,GALAXY,0.5763884,11060,58523,685
1.237667142865847e+18,137.121344291321,23.4390006463902,24.39688,23.00486,21.51888,20.28639,19.45751,5045,301,4,177,1.314513856622417e+19,GALAXY,0.5766569,11675,58523,935
1.2376671434020623e+18,135.509780148411,23.2780907330454,24.88653,22.70584,21.91559,20.76081,19.89254,5045,301,5,167,1.314505170480558e+19,GALAXY,0.7892467,11675,58523,619
1.237667142865388e+18,136.083424700242,22.9960456145462,22.43931,22.21096,21.79851,22.07842,22.24786,5045,301,4,170,1.314496676753233e+19,QSO,1.431804,11675,58523,310
1.237667143402587e+18,136.702666992301,23.7638531054116,24.03469,23.39251,21.6972,20.07859,19.38299,5045,301,5,175,1.3145116026235804e+19,GALAXY,0.6828234,11675,58523,853
1.237665330918e+18,163.20104733735,31.1991207988973,22.73552,20.95432,20.32425,20.07052,19.98116,4623,301,5,47,1.2818615223734e+19,STAR,-0.0003786769,11385,58523,890
1.2376536518454152e+18,24.6889533836363,14.0898032009432,19.49443,19.28867,19.10704,18.98951,19.08557,1904,301,3,310,1.2452484173876451e+19,QSO,1.421897,11060,58523,113
1.237667143401735e+18,134.759883764618,22.9945523024595,23.7957,22.98974,21.18078,20.12951,19.43825,5045,301,5,162,1.3145016520433488e+19,GALAXY,0.7653411,11675,58523,491
1.237667142328779e+18,136.935443228364,22.9675276429796,23.41879,23.34802,21.9684,20.50561,19.77949,5045,301,3,174,1.314491316634048e+19,GALAXY,0.6106644,11675,58523,115
1.237667143402718e+18,136.917448450977,23.8947640852698,25.50452,23.76801,21.58453,20.29957,19.55274,5045,301,5,177,1.3145124822328824e+19,GALAXY,0.7315275,11675,58523,885
1.2376651269251402e+18,162.779351198762,31.8110632122651,21.52769,21.1209,21.08922,20.84565,20.51723,4576,301,1,323,1.2818587735943303e+19,QSO,2.118081,11385,58523,790
1.237664093969253e+18,121.971630609033,21.3805922908612,22.95066,21.76226,21.20094,20.72611,20.32747,4335,301,5,75,1.2507769542666375e+19,GALAXY,0.0003150088,11109,58523,536
1.2376671434023905e+18,136.291729597876,23.5647256920791,24.37834,24.59157,21.68478,20.50352,19.85166,5045,301,5,172,1.3145090737468365e+19,QSO,0.9415447,11675,58523,761
1.2376671434018004e+18,134.967640257664,22.9755958668201,25.95228,22.79662,21.6343,20.26347,19.61116,5045,301,5,163,1.3145017070189304e+19,GALAXY,0.6067286,11675,58523,493
1.2376648369983324e+18,123.146713101447,20.5748774768061,18.70829,17.72116,17.45446,17.32464,17.26411,4508,301,5,71,1.2507693126608249e+19,STAR,0.0004424818,11109,58523,258
1.2376499195058588e+18,22.6787535335415,13.9434502314746,22.01357,21.62551,21.32159,21.33913,21.57095,1035,301,3,112,1.2452589177236904e+19,GALAXY,1.553027,11060,58523,495
1.237664836998726e+18,124.034530261455,21.0370161145412,21.20886,19.46307,19.10678,18.82092,18.7804,4508,301,5,77,1.250764694711988e+19,QSO,3.038295,11109,58523,90
1.237667143402587e+18,136.668864044385,23.8450365710064,24.41466,23.16092,21.46484,20.37684,19.66668,5045,301,5,175,1.314511272770092e+19,GALAXY,0.5633749,11675,58523,841
1.2376499544048271e+18,22.7084685437455,14.605513713179,23.86264,25.26224,21.86967,20.61151,19.82144,1043,301,4,148,1.245259137626016e+19,GALAXY,0.7089805,11060,58523,503
1.237665126939951e+18,202.941331412603,32.4995560785252,22.17876,20.97825,20.75619,20.66199,20.6003,4576,301,1,549,1.1548373079714716e+19,QSO,2.916314,10257,58526,64
1.2376555018892746e+18,257.861429828613,30.5315805623819,22.16348,21.49079,21.40682,21.21456,21.38586,2335,301,1,107,1.3120113956504228e+19,QSO,1.75546,11653,58526,8
1.2376555018890127e+18,257.518911855126,31.023921727649,21.76523,21.44094,21.36616,21.31433,22.17514,2335,301,1,103,1.3120133747713528e+19,QSO,1.576509,11653,58526,80
1.2376555018889477e+18,257.320496133406,31.0997211615765,25.23303,22.28806,21.14681,20.6482,20.26186,2335,301,1,102,1.3120369592957688e+19,STAR,-0.001009034,11653,58526,938
1.2376653309318927e+18,200.741322888482,32.1177521494641,23.97396,25.00187,23.26625,20.89671,19.53069,4623,301,5,259,1.1548466813081e+19,STAR,-0.0001787956,10257,58526,405
1.2376623061878715e+18,210.403263964292,39.382767642617,22.94772,22.86693,21.68948,20.49866,19.63395,3919,301,3,56,1.2113719143850858e+19,GALAXY,0.7468488,10759,58526,589
1.2376555024257528e+18,257.609305668112,31.4795262936252,22.72055,22.1596,21.85263,21.39329,21.12754,2335,301,2,101,1.3120377839294896e+19,QSO,0.7108967,11653,58526,968
1.237665330932024e+18,201.075601777187,32.0344072515704,24.11518,23.96978,23.38264,21.02498,19.48329,4623,301,5,261,1.1548455817964704e+19,STAR,0.000114444,10257,58526,365
1.2376593271078925e+18,255.98040745376,31.2975882685869,23.23267,22.9508,21.39297,20.19029,19.5429,3225,301,6,311,1.3120289603486767e+19,GALAXY,0.6463467,11653,58526,647
1.237662305114522e+18,211.047733911527,38.2631705359802,22.41618,21.7461,21.58396,21.48768,20.82272,3919,301,1,62,1.2113632282432264e+19,QSO,2.329503,10759,58526,273
1.23766219453517e+18,210.83950771417,39.3184592439207,19.53142,19.50991,19.31944,19.28837,19.42361,3893,301,3,307,1.2113745807007832e+19,QSO,1.325341,10759,58526,686
1.237665024374736e+18,202.916888572525,33.0677617760373,26.5712,26.10349,23.37809,21.79922,19.84334,4552,301,2,200,1.1548613048127476e+19,QSO,1.974833,10257,58526,937
1.2376672110631982e+18,176.830873914817,29.4596107567748,24.59101,24.3524,21.81186,20.67412,19.92826,5061,301,3,402,1.282519222746378e+19,GALAXY,0.598773,11391,58526,241
1.2376551293085286e+18,257.568039076848,32.1011222975751,24.5745,23.25181,22.13783,20.73787,19.89382,2248,301,3,224,1.3120370967347225e+19,STAR,-0.0002443864,11653,58526,943
1.2376651269398858e+18,202.88192305029,32.5098886620712,21.93592,21.0625,20.75845,20.69447,20.88706,4576,301,1,548,1.1548373629470527e+19,STAR,0.0002214283,10257,58526,66
1.2376650243742766e+18,201.621524307434,33.2670295827512,24.31275,21.88904,21.87682,21.55665,21.37174,4552,301,2,193,1.1548542954261207e+19,QSO,2.793218,10257,58526,682
1.2376555024254894e+18,257.352254616063,32.091690861536,20.80329,20.61661,20.26562,20.2151,20.19159,2335,301,2,97,1.312036134662048e+19,QSO,1.030059,11653,58526,908
1.2376651269391647e+18,200.910416506617,32.7775527970302,21.26794,21.11407,20.8402,20.67666,20.9621,4576,301,1,537,1.15484753342961e+19,QSO,1.018781,10257,58526,436
1.2376554728994255e+18,256.353098365575,31.166707982057,22.91768,22.88905,21.87396,20.48981,19.78641,2328,301,3,125,1.3120314342498392e+19,GALAXY,0.6526976,11653,58526,737
1.237662194535301e+18,211.321468982123,39.3531456370895,22.15142,20.74222,20.42102,20.292,20.60029,3893,301,3,309,1.2113774944066e+19,QSO,3.029028,10759,58526,792
1.237655502425424e+18,257.147271290709,32.1548160691358,21.56209,20.18212,19.59109,19.41638,19.32503,2335,301,2,96,1.3120350076626297e+19,STAR,-0.0004770804,11653,58526,867
1.2376555018888164e+18,257.174801326189,31.3693141676347,22.50311,21.70746,21.27235,21.15603,21.15312,2335,301,1,100,1.312035584906234e+19,STAR,-0.0004178272,11653,58526,888
1.2376621956089777e+18,211.46122320621,40.0408906176076,23.68337,20.62193,19.43609,21.34779,18.59956,3893,301,5,308,1.2113784289914804e+19,STAR,-3.766958e-05,10759,58526,826
1.237662193461626e+18,211.232257948556,38.4546954874866,22.53459,22.93687,22.24004,21.08879,19.94885,3893,301,1,310,1.2113633381943892e+19,GALAXY,0.9804607,10759,58526,277
1.2376651280130383e+18,201.438474358888,33.5895170196015,23.23931,21.59944,21.06978,20.76993,20.95078,4576,301,3,539,1.1548541579871672e+19,STAR,0.0004761617,10257,58526,677
1.2376651269401482e+18,203.460566806153,32.5000567744857,21.32682,21.4665,20.83992,20.90571,21.38316,4576,301,1,552,1.1548357686551929e+19,QSO,1.252269,10257,58526,8
1.237665127475971e+18,200.731352709116,33.2525003977341,24.68205,23.48636,21.48476,20.37072,19.63379,4576,301,2,536,1.1548511893057722e+19,GALAXY,0.7425213,10257,58526,569
1.2376551287716595e+18,257.259958579378,31.8445382999831,23.63253,23.64964,21.69044,20.51525,19.66684,2248,301,2,224,1.312036272101e+19,GALAXY,0.6558924,11653,58526,913
1.23766219453576e+18,212.572298671134,39.0010514987024,21.38807,21.56231,21.18669,21.26865,21.46736,3893,301,3,316,1.211381892453108e+19,QSO,1.135933,10759,58526,952
1.2376621945352358e+18,211.13332201525,39.3678909232834,21.91943,21.85499,21.67699,21.3576,20.7754,3893,301,3,308,1.2113766147972944e+19,QSO,0.9426295,10759,58526,760
1.237655501888816e+18,257.215514888175,31.4746402418964,22.54563,22.12557,21.45099,20.9975,20.72097,2335,301,1,100,1.31203541997949e+19,GALAXY,0.6102889,11653,58526,882
1.2376651280134963e+18,202.701019732667,33.3986062293412,21.46577,21.15448,21.03362,20.94848,20.56195,4576,301,3,546,1.1548607825447244e+19,QSO,2.130755,10257,58526,918
1.2376593271074993e+18,255.57266502176,32.0516816946118,26.78419,23.18779,21.74841,20.38995,19.44343,3225,301,6,305,1.312027311081235e+19,GALAXY,0.7889448,11653,58526,587
1.237662195072304e+18,211.771535190139,39.5419264039884,26.08718,23.07407,21.51624,20.47703,19.50627,3893,301,4,311,1.2113795010153175e+19,GALAXY,0.7679279,10759,58526,865
1.2376651269397548e+18,202.447785291021,32.496081794749,21.89265,20.9677,20.63296,20.41155,20.5558,4576,301,1,546,1.1548395069947271e+19,STAR,-0.0003563153,10257,58526,144
1.2376651280132352e+18,202.003607591745,33.5662240032858,25.4971,22.3201,21.46337,21.41854,20.77445,4576,301,3,542,1.1548574015464692e+19,QSO,0.5413737,10257,58526,795
1.2376650249015137e+18,175.107207819513,34.5014345007805,23.36742,22.92478,21.75178,21.31717,21.1135,4552,301,3,46,1.1554212036499233e+19,GALAXY,0.3594848,10262,58543,826
1.2376650243644457e+18,174.583036596074,34.1044887484474,19.73275,18.53492,18.36784,18.3154,18.33508,4552,301,2,43,1.1554186747731792e+19,STAR,-0.000424898,10262,58543,734
1.2376549537476777e+18,260.066983067774,32.0012771019651,21.689,21.64847,21.52554,21.23064,20.825,2207,301,4,162,1.3121487796568349e+19,QSO,1.985968,11654,58543,910
1.237655503500477e+18,259.726492526157,30.0092261822408,20.66289,20.15697,19.74307,19.6328,19.71548,2335,301,4,116,1.3121283562283487e+19,QSO,1.230186,11654,58543,167
1.237665024364315e+18,174.220846498633,34.0167749684842,21.4538,21.08458,20.79728,20.65149,20.165,4552,301,2,41,1.1554170529935284e+19,QSO,2.142763,10262,58543,675
1.237665024364774e+18,175.473690183573,34.1042054546307,22.28051,22.03969,21.80414,21.40874,21.021,4552,301,2,48,1.1554224680883e+19,GALAXY,0.6961495,10262,58543,872
1.2376650243651016e+18,176.439031406644,34.2237756482664,22.19248,21.65318,21.55365,21.19923,21.22831,4552,301,2,53,1.155425629184225e+19,QSO,1.733237,10262,58543,987
1.2376555035000837e+18,259.311022698869,30.7254410992956,22.50137,21.97922,21.79744,21.9095,21.94273,2335,301,4,110,1.31213157229986e+19,QSO,2.355182,11654,58543,284
1.237655503500477e+18,259.85640267677,30.0142814838206,24.63465,21.61313,24.80202,20.18011,22.82689,2335,301,4,116,1.312128246277186e+19,STAR,-0.0001225647,11654,58543,163
1.237655503499756e+18,258.854376577043,31.3792177003741,25.3808,25.02956,21.63255,20.2263,19.56953,2335,301,4,105,1.3121416053434636e+19,GALAXY,0.7165395,11654,58543,649
1.237671934972e+18,259.724674116626,31.3384716084267,21.94608,21.75378,21.49373,21.33046,20.82131,6161,301,2,122,1.3121473502917188e+19,QSO,0.8283389,11654,58543,858
1.2376650254385815e+18,175.656311067194,34.9907760438826,24.34308,23.32655,22.02111,20.85708,19.71823,4552,301,4,49,1.1554232652342252e+19,GALAXY,0.771702,10262,58543,901
1.237655504036497e+18,259.173978302995,31.9086809847462,23.04986,23.87414,21.23546,20.00877,19.27513,2335,301,5,103,1.3121419901725331e+19,GALAXY,0.747879,11654,58543,663
1.2376651285404718e+18,175.331723933278,34.7288834499385,24.89111,23.39371,21.97667,20.42118,19.47087,4576,301,4,395,1.1554207913330629e+19,GALAXY,0.761892,10262,58543,811
1.2376551293092495e+18,258.530866003026,30.6460486047968,25.3516,23.79435,22.43573,21.22456,19.27964,2248,301,3,235,1.3121348433469528e+19,STAR,-0.00015323,11654,58543,403
1.237665024364708e+18,175.234047980192,34.1302781109457,21.93986,21.43036,21.25864,21.02388,20.82974,4552,301,2,47,1.1554211761621324e+19,QSO,2.139651,10262,58543,825
1.2376555035004124e+18,259.784256588656,30.1272097057507,24.81027,22.98823,21.47513,20.94078,20.45731,2335,301,4,115,1.3121283287405582e+19,STAR,-0.0001956603,11654,58543,166
1.237665025437926e+18,173.772015709078,34.8339084668759,22.27297,21.29448,20.68806,20.55609,20.81645,4552,301,4,39,1.1554124900202732e+19,STAR,0.0007478019,10262,58543,509
1.237655503499297e+18,258.264884342909,32.2992400838446,24.56162,24.38376,21.85779,20.84889,19.92737,2335,301,4,98,1.3121386366620686e+19,STAR,5.840588e-05,11654,58543,541
1.23765550457317e+18,259.314479136252,32.5478073874731,20.75643,20.78799,20.57415,20.67004,20.42436,2335,301,6,100,1.3121441891957887e+19,QSO,0.9818638,11654,58543,743
1.2376651269297935e+18,175.27026916862,33.4146526322979,23.28741,21.57093,21.05802,20.928,20.76449,4576,301,1,394,1.155402621903414e+19,STAR,0.0004696156,10262,58543,150
1.23767193497161e+18,259.2000081622,32.0771078380433,21.8659,21.76142,21.65216,21.42955,21.01972,6161,301,2,116,1.3121433920498588e+19,QSO,1.949291,11654,58543,714
1.2376555035003466e+18,259.554652621875,30.1835069344562,24.20778,21.91569,21.53602,21.1949,20.88289,2335,301,4,114,1.3121288235207907e+19,QSO,2.574552,11654,58543,184
1.2376555024263424e+18,258.556406239602,30.3986554024944,23.50802,21.80306,20.96401,20.54191,20.36274,2335,301,2,110,1.31213355142079e+19,STAR,-0.0002002169,11654,58543,356
1.2376719349723302e+18,260.198197384241,30.6485090926299,22.90525,23.10784,21.978,20.70606,19.7946,6161,301,2,127,1.3121256074492797e+19,STAR,-0.0003903753,11654,58543,67
1.2376650243643807e+18,174.458287802495,34.0508694103096,23.80875,20.99984,20.73046,20.6301,20.23795,4552,301,2,42,1.155418070041784e+19,QSO,3.061067,10262,58543,712
1.2376555035004111e+18,259.649238121521,30.0709787758274,22.67249,20.32852,19.42102,19.06948,18.90892,2335,301,4,115,1.3121284661795115e+19,STAR,-0.0006622043,11654,58543,171
1.2376555035002803e+18,259.556908845329,30.3850372424795,22.21307,21.78401,21.391,21.34777,21.44445,2335,301,4,113,1.3121290983987e+19,QSO,2.056487,11654,58543,194
1.2376555034994286e+18,258.498443057876,32.098357939851,22.31947,22.10046,22.20832,21.6672,21.8553,2335,301,4,100,1.3121399285882313e+19,QSO,2.060627,11654,58543,588
1.2376555018894707e+18,258.092518035979,30.1299757948684,19.08747,18.23643,17.97536,17.85682,17.82199,2335,301,1,110,1.3121355030539297e+19,STAR,-6.271397e-05,11654,58543,427
1.23766502490171e+18,175.554918666329,34.5906416338333,24.18734,23.56803,22.10119,20.84574,19.80516,4552,301,3,49,1.1554220007958534e+19,GALAXY,0.7503356,10262,58543,855
1.2376650254387123e+18,175.930093628092,35.015698419695,22.77602,23.01548,21.25813,20.04435,19.27015,4552,301,4,51,1.155424474697016e+19,GALAXY,0.7653458,10262,58543,945
1.237655504036759e+18,259.504325467919,31.4624159867154,24.86685,23.22772,21.82982,21.80359,21.56733,2335,301,5,107,1.3121460858533468e+19,QSO,1.239638,11654,58543,812
1.237665024363922e+18,173.237689079936,33.8424051262814,21.88741,21.81177,21.89413,21.72332,22.18907,4552,301,2,35,1.1554131497272498e+19,GALAXY,0.8595805,10262,58543,533
1.237655503500215e+18,259.49038478976,30.4433937064399,22.26913,22.33624,21.77182,21.55761,21.94172,2335,301,4,112,1.3121292083498605e+19,GALAXY,0.6639283,11654,58543,198
1.2376650243643804e+18,174.418313478466,34.0502105876034,20.44123,20.53969,20.12037,20.09546,20.02444,4552,301,2,42,1.1554180150662e+19,QSO,1.335581,10262,58543,710
1.2376613865316685e+18,215.114613701929,53.0818157762061,22.70298,21.86833,21.13038,20.77917,20.58015,3705,301,2,112,8.26301255090152e+18,QSO,0.9940807,7339,58895,120
1.2376613865316682e+18,215.169032800114,53.1279932458867,20.91645,20.90525,20.93423,20.74569,21.15016,3705,301,2,112,8.263237675907308e+18,QSO,1.755753,7339,58895,939
1.237673710405682e+18,137.911345436966,2.23016074776752,22.94202,22.06725,21.65804,21.06155,20.46089,6574,301,5,146,1.4123482645024496e+19,GALAXY,0.5620973,12544,58928,706
1.23765366471603e+18,136.428618988523,1.50083289243828,18.09176,17.09563,16.7983,16.69001,16.62389,1907,301,3,92,1.4123425470419851e+19,STAR,0.001314285,12544,58928,498
1.2376737082587878e+18,139.83264003779,1.42110880694711,20.36086,20.3335,20.06954,20.03835,20.27073,6574,301,1,155,1.4126748744314804e+19,QSO,1.357329,12547,58928,300
1.2376737104049608e+18,136.448560595034,1.42094993797397,21.68901,21.36278,21.40674,20.93504,20.17715,6574,301,5,135,1.4123423821152408e+19,QSO,2.192781,12544,58928,492
1.2376737098687447e+18,137.961839525686,1.71649299273526,20.12449,20.01562,19.5776,19.47803,19.57638,6574,301,4,145,1.4123365547036135e+19,QSO,1.339961,12544,58928,280
1.2376737098687452e+18,137.997011138836,1.76975926634938,21.67637,21.72873,21.46545,21.73517,20.96059,6574,301,4,145,1.4123491990873332e+19,QSO,0.8383232,12544,58928,740
1.2376737104060751e+18,138.619010223243,2.75657254703053,22.66386,21.72443,19.85475,19.15636,18.802,6574,301,5,152,1.4123538720117512e+19,GALAXY,0.4255285,12544,58928,910
1.2376737104061412e+18,138.793669215135,2.75979645462749,23.10693,25.10212,22.83069,21.06648,20.80029,6574,301,5,153,1.4126805094285728e+19,GALAXY,0.7878805,12547,58928,505
1.237673710405157e+18,136.834782567846,1.67591155062974,21.80742,21.91306,21.28201,21.37844,21.77978,6574,301,5,138,1.4123419423105898e+19,QSO,1.299375,12544,58928,476
1.2376536652549327e+18,141.067420255195,2.03105563900736,19.88642,19.65064,19.6803,19.57815,19.69502,1907,301,4,123,1.4126669854355511e+19,QSO,0.5915677,12547,58928,13
1.2376737104057472e+18,137.956523860131,2.26031161469684,24.09793,22.55671,20.70989,20.0132,19.72173,6574,301,5,147,1.4123487317948912e+19,GALAXY,0.3716249,12544,58928,723
1.2376737104060751e+18,138.615768989402,2.81266156314067,24.86062,21.54678,20.11298,19.56003,19.15152,6574,301,5,152,1.4123537620605884e+19,GALAXY,0.414406,12544,58928,906
1.2376536652549327e+18,141.010118698807,2.03982122963259,21.35659,21.00056,20.75905,20.4223,20.12717,1907,301,4,123,1.4126940609093851e+19,QSO,1.514982,12547,58928,998
1.2376737098692037e+18,138.877925792734,2.32782759317646,18.53944,17.43377,17.13751,17.02717,17.0208,6574,301,4,152,1.4123554388158208e+19,STAR,0.0002055758,12544,58928,967
1.2376737098695974e+18,139.607563377236,2.86942229054611,23.6176,22.16483,20.49287,19.84615,19.4067,6574,301,4,158,1.412683807963456e+19,GALAXY,0.3894174,12547,58928,625
1.2376737098696632e+18,139.686428913417,2.82776573652506,24.11551,23.1128,21.27896,20.59968,19.81401,6574,301,4,159,1.4126850998896187e+19,GALAXY,0.4860227,12547,58928,672
1.237653665253884e+18,138.565951352373,2.08521693352839,21.57729,21.26015,21.30311,21.05008,21.32357,1907,301,4,107,1.412353349743728e+19,QSO,1.626083,12544,58928,891
1.237653665252901e+18,136.426605232182,2.04264912626029,21.20746,20.88137,20.8854,20.51305,20.62134,1907,301,4,92,1.412343454139078e+19,QSO,1.795036,12544,58928,531
1.2376737098685484e+18,137.547382074844,1.57732226625452,23.21818,20.52858,19.06182,18.49868,18.18388,6574,301,4,142,1.4123406503844272e+19,GALAXY,0.2834293,12544,58928,429
1.237673708259247e+18,140.845680672741,2.05019678752852,25.83474,25.46556,23.50059,22.0768,21.32865,6574,301,1,162,1.4126933737146175e+19,GALAXY,0.6311985,12547,58928,973
1.237673710405682e+18,137.82077403865,2.34146341584366,22.77343,22.26194,21.69685,22.18304,22.39495,6574,301,5,146,1.4123481270635e+19,QSO,1.21833,12544,58928,701
1.23765079729098e+18,139.866180913903,0.853007062933947,24.96593,23.70005,21.42854,20.78399,20.35241,1239,301,6,130,1.4126733626029922e+19,GALAXY,0.448857,12547,58928,245
1.2376737082593124e+18,140.923962751746,2.1330902211205,26.27509,21.79133,20.38094,19.32354,18.79103,6574,301,1,163,1.412693346226827e+19,STAR,0.0001034286,12547,58928,972
1.237673709868549e+18,137.601832764374,1.62218602547477,23.98635,22.00987,20.71657,20.31032,20.60921,6574,301,4,142,1.4123397707751248e+19,GALAXY,0.4718461,12544,58928,397
1.237673709869532e+18,139.477410759009,2.77760141039495,25.30639,21.46068,19.79035,19.14713,18.76157,6574,301,4,157,1.4126841103291535e+19,GALAXY,0.3645692,12547,58928,636
1.237653665253032e+18,136.647319938125,1.91093131289767,18.08053,17.13013,16.81569,16.69053,16.72546,1907,301,4,94,1.4123434816268687e+19,STAR,0.0004934453,12544,58928,532
1.2376737104060751e+18,138.589793654902,2.78428732755809,21.76842,21.03334,19.71111,19.2421,18.88741,6574,301,5,152,1.4123521402809377e+19,GALAXY,0.4213609,12544,58928,847
1.237654599946994e+18,136.777076652396,2.19466298968555,23.10707,20.8048,19.22012,17.71359,16.85739,2125,301,1,120,1.4123432342367525e+19,STAR,7.837774e-05,12544,58928,523
1.2376507972908488e+18,139.539417757796,0.861848000672867,23.47872,22.31329,20.97846,19.9714,19.42711,1239,301,6,128,1.4126746545291549e+19,GALAXY,0.6176225,12547,58928,292
1.237673710405682e+18,137.888209766948,2.26944051709712,26.29782,23.15856,21.22134,20.56771,20.08673,6574,301,5,146,1.4123481545512868e+19,GALAXY,0.4521859,12544,58928,702
1.2376737098687447e+18,137.890423428037,1.90238223699489,19.53048,19.17373,19.20289,19.00891,19.29478,6574,301,4,145,1.4123484569169844e+19,QSO,0.649371,12544,58928,713
1.2376737104060751e+18,138.64523330352,2.79300644586977,25.17979,22.08993,20.83136,20.22458,20.13088,6574,301,5,152,1.4123429318710548e+19,GALAXY,0.0,12544,58928,512
1.237653665253753e+18,138.300759027718,2.03772869274023,20.24981,19.3891,19.04986,18.9028,18.81086,1907,301,4,105,1.4123517829396584e+19,STAR,0.0008561739,12544,58928,834
1.2376545999477148e+18,138.464908395459,2.24681607547498,22.1047,21.91225,21.63693,21.34162,21.0487,2125,301,1,131,1.4123529099390767e+19,QSO,0.8623414,12544,58928,875
1.237673710405616e+18,137.730248632267,2.28263759083053,20.23596,18.74052,17.60203,17.09994,16.82385,6574,301,5,145,1.412347247454194e+19,QSO,0.1824052,12544,58928,669
1.2376737082587873e+18,139.840438710292,1.54638051803998,21.47933,20.82656,20.56057,20.65838,20.51987,6574,301,1,155,1.4126740497977596e+19,QSO,0.8465598,12547,58928,270
1.2376737104061404e+18,138.686138460863,2.75063544344914,22.6955,21.82007,20.50768,20.01079,19.60717,6574,301,5,153,1.4123548615722162e+19,GALAXY,0.4565408,12544,58928,946
1.2376536652544742e+18,140.047476766716,1.99086183065764,21.41826,21.24234,21.33688,20.9683,20.63768,1907,301,4,116,1.4126730877250853e+19,QSO,1.952845,12547,58928,235
1.2376737098686797e+18,137.776185789108,1.70748713938644,22.89201,22.381,21.67241,21.15069,21.34803,6574,301,4,144,1.4123375717518694e+19,GALAXY,0.5611971,12544,58928,317
1.2376507962170412e+18,139.450859056135,0.17824184006218,16.72317,17.11094,17.61426,17.96819,18.40238,1239,301,4,127,1.4124554394017225e+19,STAR,-0.0002152606,12545,58930,509
1.2376536652498867e+18,129.564565913505,1.75403603920473,20.82345,20.4394,20.2516,20.10654,20.31668,1907,301,4,46,1.4104233494990576e+19,QSO,1.020002,12527,58930,310
1.2376487206763238e+18,139.934839358398,-0.551646134676798,21.70694,20.5743,19.33774,18.9109,18.65255,756,301,2,161,1.4124512887453276e+19,GALAXY,0.3211179,12545,58930,358
1.2376536652496906e+18,129.101785552678,1.62367225138013,22.07519,21.65076,21.00857,20.73806,20.21328,1907,301,4,43,1.4104278300089407e+19,QSO,1.384468,12527,58930,473
1.2376507946065595e+18,139.666910273434,-1.23624097084489,21.08477,20.12686,19.71397,19.5488,19.5048,1239,301,1,129,1.4124546422557923e+19,STAR,0.001291579,12545,58930,480
1.23764872121326e+18,140.056698111396,-0.0740959465973485,20.65474,20.41413,20.22,20.06238,19.92005,756,301,3,162,1.4124593701557916e+19,QSO,1.450374,12545,58930,652
1.2376507962172385e+18,139.832837885096,0.13903064053298,24.1925,22.87964,22.15466,22.0016,21.18909,1239,301,4,130,1.412458160693e+19,QSO,2.51151,12545,58930,608
1.2376536652498867e+18,129.566278889326,1.6698037164351,22.02848,21.37585,20.89814,20.71357,20.89554,1907,301,4,46,1.4104223599385924e+19,QSO,1.040804,12527,58930,274
1.2376507946070185e+18,140.74550670087,-1.07333093751819,20.439,20.48603,20.64846,20.33651,20.14741,1239,301,1,136,1.4124474129668395e+19,QSO,2.062657,12545,58930,217
1.2376507972911764e+18,140.211183696786,0.851449987443999,22.39839,22.39939,22.4914,22.43902,21.40261,1239,301,6,133,1.4124618990325357e+19,QSO,2.192901,12545,58930,744
1.2376507967497838e+18,129.91960669324,0.588801349681138,21.86208,21.6336,21.59477,21.25034,21.05219,1239,301,5,64,1.410420435793244e+19,QSO,2.042715,12527,58930,204
1.237650794607149e+18,141.002294914522,-1.16261862591795,18.65775,18.4443,18.35764,18.23983,18.17272,1239,301,1,138,1.4124451864557937e+19,GALAXY,1.963634,12545,58930,136
1.237650797291045e+18,139.96305914024,0.83506559133575,22.19558,21.52846,19.59382,18.87168,18.45863,1239,301,6,131,1.4124598374482336e+19,GALAXY,0.4334919,12545,58930,669
1.2376507956805637e+18,140.22744139827,-0.402353564811614,24.2215,24.33108,22.04304,22.24522,21.68954,1239,301,3,133,1.4124491172098628e+19,GALAXY,0.3977498,12545,58930,279
1.2376536652500175e+18,129.863062528813,1.72993929389966,18.42179,18.24876,18.14183,17.85349,17.80954,1907,301,4,48,1.4104212054513832e+19,GALAXY,0.0,12527,58930,232
1.2376507972908485e+18,139.607486315947,0.849545833568665,19.28416,18.15327,17.53423,16.99384,16.87598,1239,301,6,128,1.4124563190110249e+19,QSO,0.08679814,12545,58930,541
1.237651753988653e+18,130.431265620407,1.53061844235121,17.59934,15.65461,14.82672,14.39727,14.08452,1462,301,4,34,1.4104151581374306e+19,GALAXY,0.05000024,12527,58930,12
1.2376507972867855e+18,130.204281055275,1.03929340006822,23.89543,21.99468,20.75919,20.19654,19.70128,1239,301,6,66,1.4104174121362676e+19,GALAXY,0.6100729,12527,58930,94
1.2376536652502144e+18,130.254231698656,1.77138177406399,24.5413,23.68976,21.87779,21.12688,20.36578,1907,301,4,51,1.4104169723316165e+19,GALAXY,0.5407369,12527,58930,78
1.2376507962175654e+18,140.546468656799,0.0275169155453379,23.08557,20.48699,19.11114,18.24789,17.78272,1239,301,4,135,1.4124635482999771e+19,STAR,7.916414e-05,12545,58930,804
1.2376546047755564e+18,129.727555855986,2.42817436512398,24.07063,22.999,21.71308,21.02144,20.78724,2126,301,2,70,1.41043571900487e+19,GALAXY,0.431931,12527,58930,760
1.2376536652499525e+18,129.701543104991,1.77506742162398,21.75155,21.75826,21.38395,21.32172,21.47583,1907,301,4,47,1.4104224698897551e+19,QSO,1.341632,12527,58930,278
1.2376536652502804e+18,130.330551798604,1.75551906696203,24.46136,23.13109,21.46297,20.69964,20.5115,1907,301,4,52,1.410416642478128e+19,GALAXY,0.3788198,12527,58930,66
1.2376536652502797e+18,130.428596620526,1.79625427260686,19.28085,18.98891,18.91023,18.6914,18.59122,1907,301,4,52,1.4104419587333577e+19,QSO,1.735447,12527,58930,987
1.2376536652496248e+18,128.851469589673,1.64227501137906,23.54649,22.66001,21.9876,22.3211,22.1591,1907,301,4,42,1.4104286271548709e+19,QSO,1.297153,12527,58930,502
1.2376536652496906e+18,129.114687876749,1.69816258064677,22.1209,21.72882,20.94967,20.52277,20.16712,1907,301,4,43,1.4104279674478942e+19,QSO,0.3851461,12527,58930,478
1.237650797287114e+18,130.926011111757,0.864527436699064,23.96868,23.58871,22.70474,21.46086,21.05854,1239,301,6,71,1.4104161476979e+19,GALAXY,0.8370026,12527,58930,48
1.237653665250215e+18,130.247281794836,1.71507030256027,25.08901,23.4287,21.86703,20.88614,20.11774,1907,301,4,51,1.4104167524292907e+19,QSO,1.24421,12527,58930,70
1.2376507951439547e+18,140.840369970048,-0.664832225086024,23.57221,21.79814,20.40334,18.8696,18.04592,1239,301,2,137,1.412444499261026e+19,STAR,0.0001209716,12545,58930,111
1.237653665250084e+18,129.971199658505,1.7516994569699,22.38449,22.9888,21.48822,20.75105,20.19105,1907,301,4,49,1.41041988603743e+19,GALAXY,0.5087357,12527,58930,184
1.237648720139453e+18,139.902455172933,-0.852506849572843,21.0969,21.02728,20.76655,20.82326,20.77557,756,301,1,161,1.412451068843e+19,QSO,1.236618,12545,58930,350
1.2376507962145505e+18,133.653147624773,0.0208919095379794,24.87447,23.79644,23.5126,22.26153,21.85548,1239,301,4,89,1.4111073556843747e+19,GALAXY,0.409775,12533,58931,618
1.2376507962150103e+18,134.761936442196,0.102224711059995,22.4037,22.38441,21.63216,21.7561,21.65629,1239,301,4,96,1.4111137328518158e+19,STAR,0.0002144585,12533,58931,850
1.237648720673178e+18,132.781576380216,-0.424285834581891,23.58695,21.54437,20.93706,20.20491,21.25495,756,301,2,113,1.4111048268076308e+19,QSO,1.88037,12533,58931,526
1.2376737098663204e+18,133.206679906965,-1.15130705866286,21.07621,20.90465,20.70599,20.60985,19.95618,6574,301,4,108,1.411103287491352e+19,QSO,2.074028,12533,58931,470
1.2376737082561664e+18,134.673051679996,-1.51636162391088,21.84496,21.94022,21.31935,21.16624,20.8811,6574,301,1,115,1.4110939966181e+19,QSO,1.426585,12533,58931,132
1.2376737098664522e+18,133.447555771124,-0.892572062553104,26.16139,24.06496,22.1975,20.8103,19.85231,6574,301,4,110,1.4111024353698404e+19,GALAXY,1.082785,12533,58931,439
1.237650795140678e+18,133.430332713596,-0.719735322398114,19.83167,19.90659,19.58608,19.57696,19.64975,1239,301,2,87,1.4111066959774e+19,QSO,1.309977,12533,58931,594
1.2376737082557732e+18,134.043244469909,-2.05454575077592,23.43557,20.43003,18.86738,18.13009,17.69289,6574,301,1,109,1.4110980922989107e+19,STAR,0.0002895494,12533,58931,281
1.2376507967499804e+18,130.356916325944,0.609719003160639,22.54973,21.659,19.90512,19.2995,18.92561,1239,301,5,67,1.4102124356844149e+19,GALAXY,0.3632475,12525,58932,829
1.2376487212088038e+18,129.88391212862,-0.109462039215245,20.69022,20.6381,20.55266,20.46,20.49581,756,301,3,94,1.4102086698570895e+19,QSO,1.847455,12525,58932,692
1.237648720135324e+18,130.57874714907,-0.858629116557217,21.68991,21.25028,21.05241,20.621,20.37629,756,301,1,98,1.4101953932541843e+19,QSO,0.7537199,12525,58932,209
1.2376737109390136e+18,130.701161759161,-1.60443922533757,20.51494,20.57291,20.18065,20.14281,20.12981,6574,301,6,92,1.4101943762059289e+19,QSO,1.24026,12525,58932,172
1.237650797287244e+18,131.228088274298,1.04519760376727,24.88819,23.00591,21.45498,21.02408,20.63325,1239,301,6,73,1.410874341684336e+19,GALAXY,0.3595785,12531,58932,333
1.2376737109389484e+18,130.690218339226,-1.70505862923067,21.64154,21.16591,20.55326,20.41712,19.90097,6574,301,6,91,1.4101942937425564e+19,QSO,0.3668584,12525,58932,169
1.237648720671736e+18,129.456514731347,-0.476821008250227,23.12276,22.9298,21.87417,21.10025,20.40365,756,301,2,91,1.4102055637367413e+19,QSO,1.537864,12525,58932,579
1.2376536652508047e+18,131.553936050036,1.77149935874556,23.62076,21.04428,19.5004,18.86473,18.4188,1907,301,4,60,1.4108843472401488e+19,GALAXY,0.4172233,12531,58932,697
1.2376737109391447e+18,130.919839781491,-1.38724914196112,20.25145,20.22943,20.09764,20.12556,20.02244,6574,301,6,94,1.4101923421094173e+19,QSO,1.337994,12525,58932,98
1.2376536652506076e+18,131.222508604906,1.83142775628128,23.12489,22.52061,21.79336,21.17853,20.86955,1907,301,4,57,1.410883247728521e+19,QSO,1.021635,12531,58932,657
1.23765079728731e+18,131.433161543694,0.960269579129421,21.91611,21.49097,19.95043,19.257,18.80641,1239,301,6,74,1.410872280100034e+19,GALAXY,0.4273903,12531,58932,258
1.2376536652508047e+18,131.557748219695,1.71642863349517,22.92271,22.0021,21.90146,22.52536,21.53309,1907,301,4,60,1.41088440221573e+19,QSO,2.732474,12531,58932,699
1.2376737104021427e+18,130.914686307614,-1.85291346839595,19.17576,18.4641,18.35978,18.35583,18.09975,6574,301,5,92,1.4101918748169757e+19,QSO,0.80796,12525,58932,81
1.2376737109390792e+18,130.7849564384,-1.48024589863965,21.06941,21.03518,20.72703,20.36516,21.40785,6574,301,6,93,1.4101933866454637e+19,QSO,0.886589,12525,58932,136
1.2376507967499151e+18,130.282702008609,0.428374592151552,23.73785,22.76212,21.18261,20.47516,20.13509,1239,301,5,66,1.4102103191245314e+19,GALAXY,0.4507407,12525,58932,752
1.2376507962131103e+18,130.447490079731,0.0707986526267941,24.99304,24.51562,23.4966,22.29252,21.72264,1239,301,4,67,1.4102118309530196e+19,QSO,0.3501952,12525,58932,807
1.2376507967502423e+18,131.063582362866,0.549069975705676,21.60989,20.93597,19.98033,19.37257,18.82976,1239,301,5,71,1.4108755786349173e+19,GALAXY,0.4340009,12531,58932,378
1.2376507946021028e+18,129.442399976427,-1.0959688899747,24.41231,22.23181,20.54841,18.86826,17.77931,1239,301,1,61,1.410201797909416e+19,STAR,0.0001193953,12525,58932,442
1.2376517539892436e+18,131.776629265286,1.65467636654323,23.67362,22.37005,21.15127,20.5736,20.18839,1462,301,4,43,1.4108704933936388e+19,GALAXY,0.5007351,12531,58932,193
1.2376737109390136e+18,130.70735474826,-1.53236956562306,19.60121,17.90267,17.26634,17.03364,16.89209,6574,301,6,92,1.4101943212303473e+19,STAR,0.0003569452,12525,58932,170
1.2376507972871793e+18,131.205159079153,0.937072967622961,24.49369,21.79915,20.49755,20.08234,19.72514,1239,301,6,72,1.4108742042453823e+19,GALAXY,0.4290691,12531,58932,328
1.237650796750177e+18,130.827530276272,0.518311803111902,21.71293,20.58938,19.37959,18.81824,18.45823,1239,301,5,70,1.4102144972687167e+19,GALAXY,0.2016961,12525,58932,904
1.2376507972871132e+18,131.003499270891,0.959787729306992,21.91178,21.25733,20.99123,20.70662,20.23465,1239,301,6,71,1.4108765956831728e+19,QSO,0.7490915,12531,58932,415
1.2376507946026936e+18,130.920124995991,-1.19734313939389,24.23955,21.52038,21.16673,21.44602,21.07445,1239,301,1,70,1.410192534523952e+19,QSO,3.14239,12525,58932,105
1.2376507972877683e+18,132.557133249086,0.941143396953823,21.78943,21.13882,20.64943,20.62045,20.15539,1239,301,6,81,1.410867414761081e+19,GALAXY,0.2711036,12531,58932,81
1.2376507951393024e+18,130.214594615835,-0.759629192893843,22.61242,20.50021,20.13133,20.0255,20.06426,1239,301,2,66,1.410197674740812e+19,QSO,3.10458,12525,58932,292
1.2376737104020116e+18,130.67527853861,-1.99134717540171,21.77057,21.74213,21.32951,20.97116,20.85806,6574,301,5,90,1.4101930567919751e+19,QSO,0.9175976,12525,58932,124
1.2376536652508052e+18,131.670964473366,1.81534278722398,23.19862,21.13855,19.43607,18.78347,18.37222,1907,301,4,60,1.4108865462634e+19,GALAXY,0.3858285,12531,58932,777
1.237653665250936e+18,131.91729087158,1.9163287846324,23.76954,23.24425,21.84667,20.61068,20.32897,1907,301,4,62,1.4108876732628228e+19,QSO,0.6544102,12531,58932,818
1.237650797287375e+18,131.670826563707,0.874627910132383,23.15377,22.48292,20.46593,19.85183,19.2417,1239,301,6,75,1.410872005222127e+19,GALAXY,0.4154895,12531,58932,248
1.2376507972871793e+18,131.204762551308,1.0308566980911,24.41874,20.85766,19.23783,18.66362,18.34151,1239,301,6,72,1.4108753037570103e+19,GALAXY,0.288808,12531,58932,368
1.2376507972871795e+18,131.16524482926,0.986903740208285,23.83599,23.26778,21.48536,20.71931,20.22399,1239,301,6,72,1.4108754961715452e+19,GALAXY,0.6704782,12531,58932,375
1.2376536652504105e+18,130.646757163503,1.77389935844064,18.94435,18.73053,18.45196,18.43836,18.52983,1907,301,4,54,1.4108798942180565e+19,QSO,1.12484,12531,58932,535
1.2376507967495217e+18,129.305768628446,0.499726887171032,22.50424,21.58646,21.38089,20.83051,20.56519,1239,301,5,60,1.4102046291518577e+19,QSO,0.7581002,12525,58932,545
1.237673710938752e+18,130.250029783108,-1.90761827242615,26.21647,22.84573,21.87877,21.01482,21.15261,6574,301,6,88,1.4101958330588357e+19,STAR,-0.0004289179,12525,58932,225
1.2376507972871785e+18,131.141907378812,0.98204092609499,24.11519,21.49762,20.21343,19.58408,19.20104,1239,301,6,72,1.4108755511471264e+19,GALAXY,0.2930376,12531,58932,377
1.2376507972867205e+18,130.108984664791,0.863786915217576,24.2804,22.86418,21.10566,20.72463,20.20983,1239,301,6,65,1.4102091371495315e+19,GALAXY,0.4063811,12525,58932,709
1.237650794602234e+18,129.766716742287,-1.24601176222432,18.62241,17.21063,16.69371,16.52178,16.49196,1239,301,1,63,1.4101994064716255e+19,STAR,-4.087584e-05,12525,58932,355
1.2376507967499151e+18,130.269863174331,0.621116417204299,22.48551,21.65335,20.16225,19.61036,19.04543,1239,301,5,66,1.4102102091733686e+19,GALAXY,0.3622717,12525,58932,748
1.2376487212093937e+18,131.226256501891,-0.0406830354317806,20.63601,20.63088,20.45119,20.61853,20.40845,756,301,3,103,1.4102161465361586e+19,QSO,0.9743945,12525,58932,964
1.2376507972871137e+18,131.070259835586,1.04114913965977,24.1973,21.67298,20.02244,19.44127,19.06309,1239,301,6,71,1.4108766506587544e+19,GALAXY,0.339515,12531,58932,417
1.237673710402012e+18,130.576360399363,-2.02703217658887,22.6044,21.6978,21.54979,21.47288,21.75672,6574,301,5,90,1.410194073840231e+19,QSO,2.578544,12525,58932,161
1.2376536652508695e+18,131.742868024042,1.75860471133937,21.39483,20.87701,20.71716,20.30539,20.3439,1907,301,4,61,1.410887645775032e+19,QSO,0.6350147,12531,58932,817
1.2376737109391447e+18,131.056935858096,-1.46882916353295,20.32929,20.11706,20.13314,20.17008,20.18296,6574,301,6,94,1.4101910501832546e+19,STAR,0.004153253,12525,58932,51
1.23765079460289e+18,131.247651845826,-1.17078025070467,22.82576,22.41451,21.81779,21.28435,21.51706,1239,301,1,73,1.4101913525489525e+19,GALAXY,0.534589,12525,58932,62
1.2376507962125847e+18,129.269098796537,0.138960844220267,23.89909,22.55085,22.40702,22.50412,21.77682,1239,301,4,59,1.4102049864931369e+19,QSO,2.219418,12525,58932,558
1.2376507972877688e+18,132.51888143602,0.940864703313482,23.0337,22.36465,21.32229,20.45243,20.04349,1239,301,6,81,1.4108678820535228e+19,QSO,1.235896,12531,58932,98
1.2376507972871793e+18,131.219235698336,0.970168307425882,24.3681,22.34933,21.05594,20.53786,20.25671,1239,301,6,72,1.410874259220964e+19,GALAXY,0.5086376,12531,58932,330
1.2376507972877683e+18,132.525411214098,0.963247032819044,22.53002,20.69507,19.53878,19.06294,18.69206,1239,301,6,81,1.4108679095413135e+19,GALAXY,0.1685888,12531,58932,99
1.237650797287114e+18,131.012642976108,0.919071658247263,22.88914,24.02377,22.80784,21.61491,21.19957,1239,301,6,71,1.4108766231709637e+19,GALAXY,0.7492644,12531,58932,416
1.2376507972871793e+18,131.181937318916,0.936343192415776,24.47261,22.47385,20.56926,19.86352,19.49642,1239,301,6,72,1.4108753312448e+19,GALAXY,0.4236796,12531,58932,369
1.2376737109392102e+18,131.020287592154,-1.31430734163158,22.28156,21.18924,20.1714,19.6594,19.57632,6574,301,6,95,1.4101922596460452e+19,GALAXY,0.2484788,12525,58932,95
1.237651753988719e+18,130.595342240096,1.66166500364932,24.15478,22.26756,20.68476,19.92818,19.55938,1462,301,4,35,1.410880993729684e+19,GALAXY,0.4175945,12531,58932,575
1.237650797287244e+18,131.232709604488,1.02817017291073,24.38718,22.26859,20.5162,19.87571,19.55979,1239,301,6,73,1.4108745340988709e+19,GALAXY,0.3412414,12531,58932,340
1.2376507972870477e+18,130.805836966463,0.848676781751983,22.20001,21.88959,21.47581,21.71791,21.32748,1239,301,6,70,1.4108777226825914e+19,QSO,1.005491,12531,58932,456
1.2376536652503452e+18,130.522007014432,1.68263299529599,24.34073,23.1981,21.52763,20.61205,19.97476,1907,301,4,53,1.4108807738273583e+19,QSO,1.788872,12531,58932,567
1.2376737109392102e+18,131.052516465618,-1.39321368064667,25.71667,22.57166,20.72897,19.87834,19.57761,6574,301,6,95,1.410192177182673e+19,GALAXY,0.4614207,12525,58932,92
1.237653665250935e+18,131.848914142936,1.81574981061953,20.61833,19.41401,18.31931,17.75024,17.44526,1907,301,4,62,1.4108877007506135e+19,STAR,8.420155e-05,12531,58932,819
1.237673710939276e+18,131.25236410638,-1.347665471846,24.10024,22.07376,20.60253,19.92284,19.40856,6574,301,6,96,1.4101912425977897e+19,GALAXY,0.4590751,12525,58932,58
1.237653665251e+18,132.077385068193,1.7301514811274,25.94716,22.4047,20.8565,20.14149,19.72376,1907,301,4,63,1.4108693389064296e+19,QSO,1.227161,12531,58932,151
1.2376737109390136e+18,130.658875111966,-1.55330303997114,21.02673,20.85872,20.6084,20.50367,20.66768,6574,301,6,92,1.4101942387669752e+19,QSO,3.363294,12525,58932,167
