,obj_ID,alpha,delta,u,g,r,i,z,run_ID,rerun_ID,cam_col,field_ID,spec_obj_ID,class,redshift,plate,MJD,fiber_ID
14652,1.2376551287610414e+18,237.621806368498,51.5209670118148,24.71393,22.68254,21.34912,20.29935,19.53065,2248,301,2,62,9.47337939729176e+18,GALAXY,0.5242207,8414,57846,209
90445,1.237661387611636e+18,234.343219742285,45.9878449400066,21.21209,21.06173,20.444,20.50977,20.47156,3705,301,4,207,9.5814281300754e+18,QSO,1.111829,8510,57846,72
94553,1.237664846122255e+18,200.118744017777,37.7847164815169,22.53101,21.46798,20.09661,19.63213,19.30811,4510,301,6,27,9.951866791612668e+18,GALAXY,0.2340536,8839,57846,136
25442,1.23765932548037e+18,213.626077233868,56.6031993016097,21.83328,21.75267,21.05176,21.10431,21.67539,3225,301,3,53,9.488193942086506e+18,QSO,1.225274,8427,57846,856
91452,1.2376613876113083e+18,233.600719839025,46.4852993735609,21.64907,21.50088,21.33467,21.30094,21.0101,3705,301,4,202,9.581644733866072e+18,QSO,1.375823,8510,57846,860
38709,1.2376591611975444e+18,232.131738255629,45.3506689984591,24.724,23.51895,21.50242,20.49353,19.66199,3187,301,1,48,9.581518564906785e+18,GALAXY,0.5452769,8510,57846,401
59746,1.2376613876107845e+18,232.117586276725,47.2873497442863,25.22633,22.52728,21.19245,20.38647,19.83351,3705,301,4,194,9.58157216609864e+18,STAR,-0.000154673,8510,57846,596
60649,1.2376613876108495e+18,232.39009920593,47.2239610159773,21.3734,21.28864,21.28145,21.11596,21.40124,3705,301,4,195,9.581592232185846e+18,QSO,2.099819,8510,57846,669
45140,1.237659162808156e+18,233.165537520262,46.3157768235478,22.3712,21.83833,21.56159,21.57911,21.45338,3187,301,4,48,9.581474309563769e+18,GALAXY,0.1747984,8510,57846,240
96237,1.237664846121468e+18,197.833415972032,37.9082637300554,21.37023,21.02869,20.77705,20.63441,20.59589,4510,301,6,15,9.951962174246375e+18,QSO,1.106455,8839,57846,483
66203,1.2376593249432376e+18,212.376160197485,56.3566092770662,25.05481,22.78206,21.68789,20.5681,19.92548,3225,301,2,49,9.488161781371394e+18,GALAXY,0.6529464,8427,57846,739
77156,1.237664854175318e+18,200.061893487244,37.2193131083728,20.93936,20.79265,20.54889,20.50219,20.28008,4512,301,5,27,9.951864042833598e+18,QSO,1.055096,8839,57846,126
70937,1.2376593244068247e+18,213.718436741265,55.6933069118453,23.84124,21.92649,21.51384,21.29002,21.20261,3225,301,1,56,9.487995480237693e+18,GALAXY,0.1420675,8427,57846,134
85071,1.237664854175056e+18,199.242413509272,37.3413427919197,23.66586,22.21929,21.72097,21.43641,21.58976,4512,301,5,23,9.951920667682429e+18,STAR,-0.001429096,8839,57846,332
96363,1.2376648461217303e+18,198.622687137958,37.8170728557503,21.08699,20.65707,20.34263,20.14263,20.02491,4510,301,6,19,9.951876137461504e+18,QSO,0.460905,8839,57846,170
76370,1.2376648541753185e+18,200.108995100651,37.2802664710873,21.27124,21.01747,20.70612,20.42599,20.23688,4512,301,5,27,9.951906648909177e+18,QSO,1.429114,8839,57846,281
40984,1.2376642958321915e+18,199.681426893712,39.7266789620494,21.85333,21.84292,21.87436,21.73138,21.76608,4382,301,5,67,9.952061405170784e+18,QSO,1.696815,8839,57846,844
45403,1.237662224071983e+18,198.126170282185,38.4093902816409,20.43859,20.25301,20.2499,20.01227,19.97817,3900,301,2,443,9.951958875711494e+18,QSO,1.505387,8839,57846,471
84026,1.2376512504377513e+18,236.448903583903,52.3491447957373,23.35122,22.8914,21.74332,20.57752,19.91483,1345,301,2,553,9.473415681175476e+18,GALAXY,0.8912318,8414,57846,341
45248,1.237659162807501e+18,231.415062138779,47.3104801069191,22.46639,21.59286,21.19015,21.06513,21.11384,3187,301,4,38,9.58155952171492e+18,STAR,-0.000677612,8510,57846,550
98407,1.237664846122255e+18,200.109180716568,37.8056777235028,22.57735,21.32055,19.88906,19.43877,19.05799,4510,301,6,27,9.95186734136848e+18,GALAXY,0.2395688,8839,57846,138
2797,1.237659161734219e+18,232.038500642827,45.9933061009878,22.90694,24.41349,22.14466,20.57092,19.72308,3187,301,2,45,9.581525161976551e+18,GALAXY,0.8804387,8510,57846,425
66776,1.237659324942844e+18,210.727255681113,56.7399470831877,21.97818,21.67448,21.19858,21.09377,21.00123,3225,301,2,43,9.488102407743494e+18,QSO,1.150541,8427,57846,523
70308,1.23765513090787e+18,237.892448077419,53.7538352813729,27.21791,23.58875,23.5415,21.75552,19.92584,2248,301,6,52,9.473550921105693e+18,GALAXY,0.7726083,8414,57846,833
43600,1.2376593260166515e+18,211.756761445274,57.4627774254727,22.28097,21.60691,21.43116,21.16881,21.35508,3225,301,4,44,9.488129345778377e+18,QSO,1.841272,8427,57846,621
98502,1.2376648461222543e+18,200.066084512733,37.7962612137269,22.03172,20.98305,19.66465,19.14161,18.83358,4510,301,6,27,9.951863218199878e+18,GALAXY,0.2354572,8839,57846,123
98565,1.237664846121796e+18,198.69033806165,37.7897675659843,26.09252,22.87989,21.80776,20.30787,19.47061,4510,301,6,20,9.951874213316155e+18,STAR,-0.0001021336,8839,57846,163
95550,1.2376648461217958e+18,198.745313360313,37.9632575425573,21.62683,21.17291,20.82467,20.66648,20.62719,4510,301,6,20,9.951923691339403e+18,STAR,0.0002283607,8839,57846,343
95566,1.2376648461216655e+18,198.389046879494,37.8378729038189,26.73237,24.07505,21.90327,20.6262,19.95245,4510,301,6,18,9.951943482548703e+18,GALAXY,0.7348277,8839,57846,415
90861,1.2376613876115052e+18,233.935679629088,46.1718167300948,21.815,21.54639,21.4274,21.12674,20.67138,3705,301,4,205,9.581440499581213e+18,GALAXY,0.7636473,8510,57846,117
59980,1.2376591628078292e+18,232.451450279181,46.8072017759458,23.57884,22.10563,21.82278,21.56933,22.23141,3187,301,4,43,9.581585085360263e+18,STAR,-0.000720625,8510,57846,643
95575,1.2376648461222548e+18,200.130518930001,37.721981382895,22.12424,21.76227,21.1264,20.72704,20.41885,4510,301,6,27,9.951867616246389e+18,GALAXY,0.4788194,8839,57846,139
66435,1.2376613876113083e+18,233.456923320368,46.4282784332359,20.47856,20.25909,19.99098,20.03954,20.05442,3705,301,4,202,9.581463314447487e+18,QSO,1.024784,8510,57846,200
89853,1.2376613876116365e+18,234.388799085871,46.0521743291628,22.41921,21.87333,21.7168,21.51822,22.02715,3705,301,4,207,9.581427030563772e+18,QSO,2.456142,8510,57846,68
95910,1.2376648461223857e+18,200.354422093676,37.6295557333979,21.45737,21.04533,21.03148,20.95205,20.61799,4510,301,6,29,9.95185304771732e+18,QSO,2.298202,8839,57846,86
95888,1.237664846122058e+18,199.54682900399,37.7586184795106,21.17327,20.85151,20.25309,20.05734,19.97409,4510,301,6,24,9.951889331601035e+18,QSO,1.147495,8839,57846,218
97680,1.237664846121796e+18,198.716391173842,37.9429246844619,22.35459,21.7581,21.43664,21.19484,21.12408,4510,301,6,20,9.951876687217316e+18,STAR,-0.0001772379,8839,57846,172
97180,1.2376648461215995e+18,198.137205140999,37.9946089214776,22.5465,21.9573,22.04182,21.66889,20.92021,4510,301,6,17,9.951945406694052e+18,QSO,2.286801,8839,57846,422
97174,1.237664846121534e+18,198.00073745165,37.9833869030584,22.81124,22.10932,21.33479,20.7401,20.32597,4510,301,6,16,9.95195750132196e+18,QSO,2.102456,8839,57846,466
95909,1.237664846121468e+18,197.77961104168,37.8839879219774,20.73163,20.37671,20.24864,19.98229,19.89729,4510,301,6,15,9.951963548635912e+18,QSO,0.6664551,8839,57846,488
49185,1.2376642958323223e+18,200.257053111241,39.6867082883326,20.83582,20.60946,20.4536,20.649,20.71405,4382,301,5,69,9.9520897175952e+18,QSO,1.0027,8839,57846,947
95019,1.2376648461223204e+18,200.19232519486,37.7648813301,20.41762,20.43167,20.10435,20.15044,20.24884,4510,301,6,28,9.951856896008018e+18,QSO,1.237604,8839,57846,100
81364,1.237659324942714e+18,210.381654116318,56.7505022212919,23.64253,23.5133,21.63747,20.32061,19.64125,3225,301,2,41,9.488096910185355e+18,GALAXY,0.7939938,8427,57846,503
40269,1.2376613876109806e+18,232.860225014819,47.0202878428456,25.00552,23.201,23.33724,21.69646,19.93468,3705,301,4,197,9.581608724860262e+18,GALAXY,0.7495319,8510,57846,729
3303,1.237659326017635e+18,215.36315597922,56.4873040236866,23.85935,23.81473,21.83292,20.70583,19.87812,3225,301,4,59,9.487963869278394e+18,GALAXY,0.6674863,8427,57846,19
90122,1.2376591633453555e+18,234.558784782923,46.3155884787673,24.57456,23.59337,21.80779,20.61958,19.82641,3187,301,5,53,9.58141740983703e+18,GALAXY,0.7322072,8510,57846,33
97181,1.23766484612173e+18,198.548418857279,37.9103498783515,20.28181,20.20483,20.17082,20.04614,19.88028,4510,301,6,19,9.951930013531263e+18,QSO,1.992663,8839,57846,366
15227,1.237659324943041e+18,211.528372580975,56.6171698546908,22.53541,21.47026,21.21613,21.06239,21.48581,3225,301,2,46,9.488125772365584e+18,STAR,-0.001212237,8427,57846,608
97426,1.2376648461223204e+18,200.249338806134,37.6564586954308,21.82791,21.74206,21.34953,21.28172,21.15963,4510,301,6,28,9.951851673327786e+18,QSO,1.186311,8839,57846,81
47097,1.2376591628082222e+18,233.549454890643,46.3028926363189,22.17705,21.93201,21.9429,21.66314,21.38289,3187,301,4,49,9.58145149469749e+18,QSO,1.855744,8510,57846,157
86571,1.2376512504376207e+18,236.382832467814,52.6264632146262,23.95651,23.48137,21.43039,20.24087,19.35567,1345,301,2,551,9.473417330442916e+18,GALAXY,0.8230743,8414,57846,347
47625,1.2376593265537188e+18,212.771164293902,57.7672407758439,20.33869,19.82364,19.55096,19.35151,19.40428,3225,301,5,47,9.488162606005117e+18,QSO,1.456812,8427,57846,742
62085,1.237659324942779e+18,210.604131532212,56.8930750798338,25.58384,24.72278,21.58598,20.49544,19.71281,3225,301,2,42,9.48810735554582e+18,GALAXY,0.628139,8427,57846,541
55296,1.237659324943565e+18,213.459739307511,56.040225965136,21.86791,21.42363,20.91127,20.53488,20.14427,3225,301,2,54,9.48800015316211e+18,QSO,0.5702121,8427,57846,151
73494,1.2376646737910172e+18,199.418234801191,37.1099089562427,21.17242,20.89775,20.79226,20.51068,20.67937,4470,301,5,93,9.951911321833593e+18,QSO,1.575912,8839,57846,298
99155,1.2376646743280192e+18,199.894100172931,37.4289889296181,20.25444,19.81724,19.44149,19.1716,19.08402,4470,301,6,95,9.951898402571966e+18,QSO,1.570615,8839,57846,251
80266,1.2376593249427786e+18,210.660493082005,56.8877651539646,20.81847,20.25523,20.28181,20.25837,20.13912,3225,301,2,42,9.488111478714423e+18,QSO,2.227219,8427,57846,556
86983,1.2376551298347827e+18,238.562460976251,52.0222166126841,18.15614,17.25685,16.94989,16.80596,16.76686,2248,301,4,62,9.47334696169874e+18,STAR,-0.0002009656,8414,57846,91
80032,1.237664854174663e+18,198.139573564438,37.424825673161,18.93751,17.98169,17.92179,17.51239,17.5117,4512,301,5,17,9.951953378153355e+18,STAR,-0.0003341204,8839,57846,451
86068,1.2376512504376207e+18,236.30298779878,52.607463489088,26.44782,22.99518,21.57145,20.21864,19.35931,1345,301,2,551,9.473428875315007e+18,STAR,-0.0003388104,8414,57846,389
98811,1.237664846122255e+18,200.173841035841,37.7866387894208,22.19826,21.44645,19.9596,19.37231,19.04937,4510,301,6,27,9.95185662113011e+18,GALAXY,0.4576447,8839,57846,99
48938,1.2376593265537843e+18,212.91283199488,57.5360419760863,21.47924,20.74906,20.64809,20.57845,20.20201,3225,301,5,48,9.488163430638838e+18,QSO,2.442732,8427,57846,745
62388,1.2376622246097723e+18,200.82955348121,38.6193057127462,23.97763,23.65331,22.09435,20.47473,19.5153,3900,301,3,457,9.952103461490549e+18,STAR,-0.0002390447,8839,57846,997
87675,1.2376591633445038e+18,232.189132914516,47.4954872385039,26.27481,23.64904,21.56387,20.30405,19.4046,3187,301,5,40,9.581582336581198e+18,GALAXY,0.7811227,8510,57846,633
86181,1.237661387611047e+18,232.715470657165,46.8353071916599,27.35895,26.62495,22.15924,20.92984,18.5616,3705,301,4,198,9.581606525837009e+18,QSO,0.3389055,8510,57846,721
66141,1.2376712606713124e+18,155.284541388543,14.7488979162819,24.46828,22.4854,22.38752,21.72629,20.97753,6004,301,2,262,1.078170917420534e+19,GALAXY,0.8106391,9576,57864,333
69009,1.2376684957735987e+18,156.257648615027,15.4708917679696,21.86574,22.58035,21.87518,21.6947,20.61768,5360,301,4,71,1.0781653099112323e+19,GALAXY,1.168889,9576,57864,129
24961,1.2376593260163238e+18,210.545387779253,57.8383871205038,21.24809,21.25315,21.03536,20.98975,20.99296,3225,301,4,39,9.449797347079117e+18,QSO,1.093199,8393,57864,434
66499,1.237667735030661e+18,148.466470024257,18.222435611028,22.66965,22.52303,21.96575,21.06765,21.53852,5183,301,3,119,1.0747857959965186e+19,GALAXY,0.8340945,9546,57864,63
48517,1.237659326553916e+18,213.632796765536,57.4351962740113,24.25768,22.08824,20.65981,19.78129,19.27629,3225,301,5,50,9.449689594939597e+18,STAR,0.0002589051,8393,57864,42
79439,1.237667736104272e+18,147.879148610735,18.995081303532,22.82579,22.35214,22.01644,21.81222,22.01068,5183,301,5,117,1.0748074288878e+19,QSO,0.9089037,9546,57864,850
28185,1.2376712617449887e+18,155.019511457324,15.5079345856069,22.35694,22.75118,22.77543,21.67351,21.4457,6004,301,4,261,1.0781776244414632e+19,GALAXY,0.8297252,9576,57864,577
91389,1.2376675374695063e+18,147.803844632234,20.0791505150457,23.00576,23.05327,22.57998,21.81977,22.59795,5137,301,3,231,1.0748066317418648e+19,GALAXY,0.6380736,9546,57864,821
8046,1.2376593260162588e+18,210.280680138514,57.8939236954076,23.71558,23.56754,21.84506,20.83043,19.93773,3225,301,4,38,9.449807517561672e+18,GALAXY,0.4803776,8393,57864,471
20543,1.2376675369320453e+18,146.532864700844,19.2384883921442,23.21756,22.51123,21.80093,21.37384,21.94547,5137,301,2,222,1.0747984678680287e+19,GALAXY,0.7372592,9546,57864,524
1106,1.2376711253797115e+18,154.41091029786,16.0776283439369,23.15613,22.55842,22.13265,21.11483,20.42287,5972,301,6,260,1.078175672808324e+19,GALAXY,0.841309,9576,57864,506
93122,1.2376684946993976e+18,155.386815397242,14.5087324986218,25.56589,22.46288,21.68663,21.14928,20.461,5360,301,2,64,1.0781695980065806e+19,GALAXY,0.8123177,9576,57864,285
60052,1.237667736103879e+18,146.989483156996,18.7565875707873,18.67788,17.78943,17.53115,17.45141,17.38653,5183,301,5,111,1.0748020412808188e+19,STAR,0.0001875564,9546,57864,654
28521,1.2376677361038792e+18,146.982081381785,18.8213573731477,22.21817,21.80477,21.05457,20.75854,20.01245,5183,301,5,111,1.0748019038418655e+19,GALAXY,0.8359382,9546,57864,649
63432,1.2376677361034865e+18,146.054682402275,18.6018317236163,25.99977,23.60996,22.12285,22.15851,21.32834,5183,301,5,105,1.0747982204779125e+19,GALAXY,0.8196211,9546,57864,515
34150,1.2376677817457713e+18,148.277089874314,17.5967604045285,23.10496,22.29606,21.8857,21.31529,21.08884,5194,301,2,231,1.0747865106790769e+19,GALAXY,0.9396309,9546,57864,89
20255,1.2376677350301376e+18,147.316810048062,17.950923852757,22.09418,22.01842,21.05736,20.6911,20.06566,5183,301,3,111,1.0747922831151225e+19,GALAXY,0.9352667,9546,57864,299
51645,1.2376712622818598e+18,155.007697857113,16.0818178779979,24.91494,23.61326,22.13207,21.20759,22.22578,6004,301,5,261,1.0781773220757656e+19,GALAXY,0.5193304,9576,57864,566
55009,1.2376712622824497e+18,156.372797464443,16.2330470445117,24.16439,24.08899,22.94885,22.20745,21.68892,6004,301,5,270,1.07818699777809e+19,GALAXY,0.8531901,9576,57864,918
87148,1.2376677339565263e+18,147.700082592111,17.2515418956265,24.95677,23.36002,23.23666,21.66248,21.14151,5183,301,1,113,1.074789726750588e+19,GALAXY,0.8407493,9546,57864,206
98123,1.2376712617444646e+18,153.874689037736,15.4166563724035,22.68722,22.88277,22.43254,23.77195,22.05976,6004,301,4,253,1.0781759751740215e+19,GALAXY,0.3527871,9576,57864,517
27700,1.2376677361044687e+18,148.434250557959,19.1341882238081,22.08328,21.64344,21.34061,21.12309,20.57172,5183,301,5,120,1.0748106449593063e+19,QSO,0.970119,9546,57864,967
48829,1.2376593265532603e+18,210.916487688477,58.1445101205573,22.34881,21.91532,21.48532,20.88161,20.7668,3225,301,5,40,9.449786626840746e+18,QSO,0.476719,8393,57864,395
2140,1.237659326016652e+18,211.819876999579,57.4318331546814,23.18546,24.04538,21.83746,20.59399,19.76745,3225,301,4,44,9.449747594177962e+18,QSO,0.981285,8393,57864,253
14557,1.237667782819119e+18,147.16793790551,18.1879541745974,20.61519,20.37166,20.39993,20.09593,20.10021,5194,301,4,225,1.0747935475534944e+19,QSO,1.804797,9546,57864,345
90146,1.2376677817459676e+18,148.601472167172,17.6808953024195,22.53831,22.46408,21.73486,21.05073,20.63486,5194,301,2,234,1.0747853561918677e+19,GALAXY,0.8296881,9546,57864,47
63058,1.237671260671575e+18,155.902468055935,14.9547605669833,23.21957,23.32487,22.17888,21.78044,21.08258,6004,301,2,266,1.0781666018373947e+19,GALAXY,0.9704196,9576,57864,176
35934,1.2376684957733363e+18,155.684913697253,15.4861399340204,23.26465,23.59597,22.00535,21.18727,20.62047,5360,301,4,67,1.078169378104255e+19,GALAXY,0.6291372,9576,57864,277
99159,1.2376712617457743e+18,156.890019657875,15.8274926599404,23.66472,22.11059,21.82922,21.41324,20.72813,6004,301,4,273,1.0781892242891364e+19,GALAXY,0.9252391,9576,57864,999
29441,1.2376593260165862e+18,211.403353635808,57.4790905041522,22.6441,21.7637,21.27914,21.13988,20.82169,3225,301,4,43,9.449760513439586e+18,QSO,1.846138,8393,57864,300
29794,1.2376677833559908e+18,146.924252997214,18.593117321662,22.8933,23.95917,22.16819,21.57769,21.48385,5194,301,5,225,1.0747950593819826e+19,GALAXY,0.8187664,9546,57864,400
1830,1.237671125379777e+18,154.509089938541,16.1651372224451,22.78726,23.01026,22.18353,21.79668,21.74844,5972,301,6,261,1.078176140100766e+19,GALAXY,0.9750438,9576,57864,523
18554,1.2376675369327662e+18,148.263080881349,19.7497283727396,24.01409,23.10379,22.80694,21.88833,20.75051,5137,301,2,233,1.0748089132284924e+19,GALAXY,0.9132155,9546,57864,904
91955,1.237667781745968e+18,148.647865545279,17.7971023671552,22.56064,22.36391,21.91274,21.25447,21.12755,5194,301,2,234,1.0747854936308208e+19,GALAXY,0.8139952,9546,57864,52
15292,1.237667782819447e+18,147.801924832101,18.4141451085648,20.24348,19.9735,19.95245,19.84293,19.78142,5194,301,4,230,1.0747892044825647e+19,QSO,1.889707,9546,57864,187
27623,1.2376677361045348e+18,148.563530929387,19.0889179508616,23.66175,23.09759,22.13079,21.27525,20.47375,5183,301,5,121,1.0748105075203529e+19,QSO,1.438876,9546,57864,962
70209,1.2376684957733363e+18,155.747843768993,15.4887641100192,24.48033,23.50301,22.68914,21.9183,21.54817,5360,301,4,67,1.078168223617046e+19,GALAXY,0.6199569,9576,57864,235
5134,1.237659326016848e+18,212.347072857091,57.3120720528448,21.86257,21.13481,21.02574,21.23504,20.80635,3225,301,4,47,9.449726428579123e+18,QSO,2.297445,8393,57864,176
50847,1.2376677350308585e+18,148.985194711484,18.3933718230884,22.75105,22.46079,21.68609,21.39357,21.3031,5183,301,3,122,1.0747843116558211e+19,QSO,0.5130035,9546,57864,9
70939,1.2376684957735987e+18,156.299167524238,15.6302832252286,26.69464,22.52109,21.75553,20.80362,20.88076,5360,301,4,71,1.07816561227693e+19,GALAXY,0.937452,9576,57864,140
69740,1.2376684957732052e+18,155.427362786499,15.341074326295,26.0875,23.07523,22.708,21.32916,22.70213,5360,301,4,65,1.078170450128092e+19,GALAXY,0.4857284,9576,57864,316
29936,1.2376677361040102e+18,147.294005697401,18.8034331018598,22.81885,22.97854,22.38893,21.7382,21.51895,5183,301,5,113,1.0748031407924468e+19,GALAXY,0.7995456,9546,57864,694
12163,1.2376593260165207e+18,211.294538292281,57.532556657916,26.30743,22.56293,21.69887,20.44217,19.03385,3225,301,4,42,9.44976023856168e+18,GALAXY,0.6762966,8393,57864,299
12001,1.237659326016717e+18,211.847751611823,57.4530155575434,20.62239,20.69223,20.431,20.27504,20.56041,3225,301,4,45,9.44973852320703e+18,QSO,1.354563,8393,57864,220
25837,1.2376593260167823e+18,212.219891215283,57.4129139119853,21.85187,21.17811,20.08129,20.15166,19.9234,3225,301,4,46,9.449738248329124e+18,QSO,0.3256452,8393,57864,219
71554,1.237659150460716e+18,227.510433929559,52.4805434482818,24.4963,23.66391,22.74118,21.38662,19.92229,3184,301,5,57,9.450931218462038e+18,GALAXY,0.766127,8394,57865,463
46772,1.23766754926769e+18,155.981869992779,21.3093793555266,24.17566,23.41967,22.07867,22.31858,23.32761,5140,301,1,33,1.0823346854932271e+19,GALAXY,0.8460405,9613,57865,258
92082,1.2376675374731105e+18,156.306138919005,22.0166638720337,23.55324,22.97147,22.36276,21.53401,20.93739,5137,301,3,286,1.082332898786832e+19,GALAXY,0.9101496,9613,57865,193
91704,1.23766754228922e+18,146.730773475566,20.4279776912945,23.4528,22.90412,22.13163,21.74012,20.94237,5138,301,4,46,1.0786162746070424e+19,QSO,2.889908,9580,57865,151
92969,1.237667549268018e+18,156.81469226728,21.4588785011865,22.46871,22.04357,22.30609,21.3863,20.72514,5140,301,1,38,1.0823281983746234e+19,GALAXY,0.9755172,9613,57865,22
41887,1.2376593260211735e+18,227.404039629004,52.3806969376751,21.38126,20.06594,19.61711,19.4326,19.34119,3225,301,4,113,9.45093204309576e+18,STAR,-0.000687043,8394,57865,466
83279,1.2376674300962412e+18,146.308866169003,21.9606281504295,21.67458,21.66235,21.29885,20.70513,20.09271,5112,301,3,245,1.0786336468907612e+19,GALAXY,1.030259,9580,57865,783
23327,1.2376675412153467e+18,146.754934007365,19.483300516065,17.77062,16.88067,16.57687,16.45819,16.444,5138,301,2,44,1.0786150376564611e+19,STAR,0.0004058558,9580,57865,106
85814,1.23766753907966e+18,146.352442286781,20.9799702760988,23.93439,23.04268,22.68054,22.13337,21.62178,5137,301,6,224,1.0786342516221565e+19,GALAXY,0.7456311,9580,57865,805
26194,1.2376553483515988e+18,229.5893438689,53.6699325672388,23.08392,21.32463,21.36893,21.33019,21.74482,2299,301,3,220,9.4510246769504e+18,QSO,2.824681,8394,57865,803
77963,1.237655347814531e+18,228.663061267451,53.5528295204281,19.74716,19.73082,19.76807,19.51773,19.43838,2299,301,2,217,9.450991966479473e+18,QSO,1.871162,8394,57865,684
26141,1.2376553483511409e+18,228.430800018172,54.3628866929841,25.18541,22.97087,21.58883,20.52571,19.81259,2299,301,3,213,9.450974649171335e+18,GALAXY,0.5539516,8394,57865,621
4993,1.2376675363989102e+18,155.476424252432,20.9810704944022,23.9376,22.25181,21.84155,21.13752,21.47832,5137,301,1,279,1.0823377091502e+19,GALAXY,0.9391221,9613,57865,368
92634,1.2376675492678868e+18,156.522652915742,21.3042212063629,22.8909,22.72117,23.2261,22.61828,21.61803,5140,301,1,36,1.0823311945438091e+19,GALAXY,1.371635,9613,57865,131
25254,1.2376593254845647e+18,227.846468183748,51.7699897266454,21.89215,21.80765,21.37003,21.32539,21.94112,3225,301,3,117,9.450925446025992e+18,QSO,1.162532,8394,57865,442
75029,1.2376675385425925e+18,145.976106746082,20.568589591325,23.7805,22.40907,22.05992,21.55491,21.03284,5137,301,5,221,1.0786322725012265e+19,GALAXY,0.9823243,9580,57865,733
35878,1.2376675514149768e+18,155.158383549384,22.8534248808426,19.70209,19.33582,19.15431,18.84843,18.84986,5140,301,5,30,1.0823440038542727e+19,QSO,1.78952,9613,57865,597
98940,1.2376675385467215e+18,155.933476664304,22.7556558762664,23.63087,22.59367,21.85864,21.52344,20.93191,5137,301,5,284,1.0823484568763652e+19,GALAXY,0.9823034,9613,57865,759
17987,1.2376675369359775e+18,155.879459784672,21.4595028781248,24.88976,23.49842,22.48736,21.55333,22.14266,5137,301,2,282,1.0823357575170644e+19,GALAXY,0.7563921,9613,57865,297
27291,1.2376593260215014e+18,228.425658459724,51.8885768987275,20.59881,20.38245,20.26205,19.84052,19.74572,3225,301,4,118,9.450904280427158e+18,QSO,1.796405,8394,57865,365
89234,1.2376675374731763e+18,156.499003495821,22.0001903993809,23.13551,22.65076,21.72036,21.36003,22.00076,5137,301,3,287,1.0823307272513671e+19,GALAXY,0.3333322,9613,57865,114
87969,1.237667542289286e+18,146.934803943545,20.4914078484324,23.26796,22.36683,21.93004,21.15738,20.69491,5138,301,4,47,1.0786378525227377e+19,GALAXY,0.8541647,9580,57865,936
89263,1.2376675390830676e+18,154.471636921998,22.7448324558061,22.88329,22.67861,22.28291,21.95603,21.22108,5137,301,6,276,1.0823413925141567e+19,GALAXY,0.2589772,9613,57865,502
54651,1.2376593265581755e+18,228.212252961691,52.4164179989151,21.54748,21.4141,21.27619,20.84745,20.95687,3225,301,5,115,9.450908953351576e+18,QSO,1.742975,8394,57865,382
89264,1.2376675390798566e+18,146.753583447166,21.0741081148601,22.68226,22.43773,21.55392,20.98582,20.87867,5137,301,6,227,1.0786364231576211e+19,GALAXY,0.9533272,9580,57865,884
673,1.2376593260213706e+18,228.018826281523,52.053657194399,24.17132,22.35211,21.10235,20.04879,19.28486,3225,301,4,116,9.450916375055063e+18,GALAXY,0.7075449,8394,57865,409
11014,1.2376593260210437e+18,227.054341007579,52.4998899819054,23.02687,24.94254,21.59142,20.32533,19.42397,3225,301,4,111,9.450937815531805e+18,GALAXY,0.8900666,8394,57865,487
75038,1.23765534781499e+18,229.965491954682,53.0158018016059,19.95506,19.63276,19.54427,19.31765,19.45007,2299,301,2,224,9.451040344991097e+18,QSO,1.54709,8394,57865,860
78554,1.2376553478151212e+18,230.323150549838,52.8255496709665,21.71863,22.06982,21.87589,21.47989,21.51837,2299,301,2,226,9.450836385584142e+18,GALAXY,0.8699549,8394,57865,118
90490,1.237667537473242e+18,156.744535974165,22.1002366919592,24.31391,22.80088,22.39669,22.05744,21.32372,5137,301,3,288,1.082328610691484e+19,QSO,2.710734,9613,57865,37
90635,1.2376675422891543e+18,146.621216506685,20.3035556097486,23.44483,22.63991,22.16523,21.51431,21.1917,5138,301,4,45,1.0786162196314608e+19,GALAXY,0.8102657,9580,57865,149
74115,1.237655347815121e+18,230.307507915354,52.7952197916356,23.83869,22.02558,21.77576,20.69395,20.93615,2299,301,2,226,9.450835560950422e+18,GALAXY,0.153292,8394,57865,115
89610,1.2376675422887616e+18,145.720425632172,20.1834564663893,22.5348,22.4484,22.17769,21.51723,20.93522,5138,301,4,39,1.0786215247750648e+19,GALAXY,0.8971968,9580,57865,342
89806,1.2376675374729797e+18,156.020247080903,21.8587438422929,22.73837,22.64851,21.85095,20.966,20.96075,5137,301,3,284,1.0823339433228784e+19,GALAXY,0.7389398,9613,57865,231
99648,1.2376675385422648e+18,145.177679894089,20.3365873076232,22.74913,22.47179,22.1538,21.47419,20.99521,5137,301,5,216,1.0786250707000644e+19,GALAXY,0.7481031,9580,57865,471
91659,1.237667537473111e+18,156.422812422682,22.0226240188323,24.33294,23.35792,22.74039,22.09139,21.30711,5137,301,3,286,1.0823317992752e+19,GALAXY,0.9728196,9613,57865,153
88989,1.2376675385466555e+18,155.635935592101,22.6938753043568,25.28692,22.61405,22.3357,21.4073,21.04592,5137,301,5,283,1.0823463952920631e+19,GALAXY,0.8184994,9613,57865,684
91663,1.2376675422894825e+18,147.421557210861,20.5092293247669,22.35468,22.29678,21.87735,21.24241,21.13535,5138,301,4,50,1.078639611741342e+19,GALAXY,0.8996919,9580,57865,1000
75190,1.2376675385423304e+18,145.41085793977,20.2689528902233,25.02006,23.20726,23.11148,22.19411,21.99,5137,301,5,217,1.0786229266523904e+19,GALAXY,0.4932607,9580,57865,393
55787,1.2376593265583063e+18,228.636923163242,52.4528703671028,21.77989,21.71157,21.19821,21.24945,21.34874,3225,301,5,117,9.45088696311902e+18,QSO,1.320409,8394,57865,302
98373,1.2376675385470492e+18,156.740365960895,22.8650944607258,22.70149,22.34892,21.97688,21.72646,21.03472,5137,301,5,289,1.0823527999472947e+19,QSO,0.9147196,9613,57865,917
44214,1.2376593260213048e+18,227.707456663452,52.1419793916166,21.78856,22.02297,21.91709,21.6481,22.2579,3225,301,4,115,9.450928744560878e+18,QSO,1.774181,8394,57865,454
52952,1.2376675417520215e+18,146.120610835439,19.8215147234479,23.63225,22.99951,22.17736,21.35038,20.86033,5138,301,3,41,1.0786192432884371e+19,GALAXY,0.7176096,9580,57865,259
97027,1.2376675374731108e+18,156.351318360015,21.9317103057692,22.25427,22.35988,21.46256,20.63,20.58205,5137,301,3,286,1.082331936714158e+19,GALAXY,0.7528458,9613,57865,158
11791,1.2376593260209777e+18,226.838235624763,52.6218136851569,26.71762,23.43979,21.71915,20.60081,19.93133,3225,301,4,110,9.45093836528762e+18,QSO,1.041059,8394,57865,489
36303,1.237659326558504e+18,229.322929986628,52.138203495185,25.51347,24.61248,21.73919,20.74385,19.87274,3225,301,5,120,9.450861949229488e+18,GALAXY,0.7175349,8394,57865,211
90229,1.2376675374730452e+18,156.245312508318,21.8781700885709,23.45915,21.6388,20.46163,20.38945,19.13974,5137,301,3,285,1.0823329262746229e+19,QSO,1.019439,9613,57865,194
54371,1.237667549268018e+18,156.811345929649,21.355817761005,23.05093,22.35921,22.14085,21.44407,20.73619,5140,301,1,38,1.082329132959507e+19,GALAXY,0.8868911,9613,57865,56
79881,1.2376553478144655e+18,228.261276696691,53.6671388062,18.78486,17.78928,17.46458,17.34117,17.32935,2299,301,2,216,9.450979871851567e+18,STAR,-0.0006979962,8394,57865,640
54291,1.2376674300960443e+18,145.869945568465,21.8509391381176,22.71785,22.35111,21.59972,21.16146,21.16195,5112,301,3,242,1.07863043081925e+19,GALAXY,0.8018925,9580,57865,666
24427,1.2376593260215667e+18,228.446393479049,51.8449108539405,21.35608,20.27871,20.09236,20.01039,19.93665,3225,301,4,119,9.45090400554925e+18,STAR,-0.000130556,8394,57865,364
42268,1.2376593260212388e+18,227.540797899795,52.2006487077272,18.76622,17.81606,17.43235,17.27407,17.23369,3225,301,4,114,9.450929844072503e+18,STAR,-0.000965229,8394,57865,458
92920,1.2376675422896136e+18,147.672648291377,20.7762264305768,22.29464,23.00605,22.7072,22.31895,21.10831,5138,301,4,52,1.0786393093756445e+19,GALAXY,0.9399958,9580,57865,989
52768,1.2376593265579791e+18,227.74469474258,52.788748003746,22.92608,22.50349,21.19081,20.3162,19.89298,3225,301,5,112,9.45092379675855e+18,STAR,-0.0002811863,8394,57865,436
44707,1.237659326021763e+18,229.251959330559,51.5410702212732,21.75783,21.38061,20.88008,20.48156,20.56002,3225,301,4,122,9.450859475328326e+18,QSO,1.56602,8394,57865,202
70317,1.237655347814597e+18,228.838444030134,53.6116884067438,23.8147,22.74919,21.27951,19.47513,18.52934,2299,301,2,218,9.45099141672366e+18,STAR,-0.0001062951,8394,57865,682
58428,1.237667292655518e+18,146.09156639318,21.7295222596043,22.05339,21.56528,21.31806,20.94603,20.37391,5080,301,3,218,1.078632492403552e+19,GALAXY,0.9755071,9580,57865,741
54367,1.2376593265583063e+18,228.56583733568,52.4148854932103,22.24043,21.54466,21.68996,21.42071,21.16118,3225,301,5,117,9.450898507991112e+18,QSO,2.295953,8394,57865,344
95026,1.2376675374731763e+18,156.52563947388,21.9859935254188,22.06408,21.88259,21.11321,20.66872,20.67482,5137,301,3,287,1.0823306997635766e+19,GALAXY,0.8220343,9613,57865,113
90803,1.2376675492679526e+18,156.637622093009,21.449233417016,23.07522,23.27956,22.36776,21.97426,21.61878,5140,301,1,37,1.0823303424223e+19,GALAXY,1.197106,9613,57865,100
89136,1.237667537473176e+18,156.442701736937,22.0525543267575,23.53385,23.19385,22.56845,21.91741,22.08667,5137,301,3,287,1.0823318542507856e+19,GALAXY,0.7612846,9613,57865,155
30573,1.2376553483518607e+18,230.575688990689,53.3532759564161,21.49472,21.38657,21.61533,21.23653,21.82565,2299,301,3,224,9.451059311566674e+18,QSO,2.103564,8394,57865,929
87474,1.237667538543183e+18,147.466592859575,20.8195583038154,23.23961,22.54813,22.40903,21.39859,21.13395,5137,301,5,230,1.0786391444489e+19,GALAXY,0.8544549,9580,57865,983
47170,1.2376675492676247e+18,155.93442043594,21.1780193028744,22.86091,22.19635,22.02234,21.69188,21.40164,5140,301,1,32,1.0823345205664831e+19,GALAXY,0.803811,9613,57865,252
91745,1.237667537472783e+18,155.604801078611,21.8292710309059,23.23652,22.75023,22.12471,21.87658,22.21288,5137,301,3,281,1.082337241857762e+19,GALAXY,0.7911364,9613,57865,351
12764,1.2376675385428544e+18,146.622240728375,20.587537980717,23.96522,24.38453,23.62192,22.53822,22.15829,5137,301,5,225,1.0786356809872726e+19,QSO,1.791097,9580,57865,857
99253,1.2376675385467868e+18,156.000466452993,22.6862087546681,23.41423,22.63999,21.88618,21.92347,20.94811,5137,301,5,285,1.0823486492909e+19,GALAXY,0.5912612,9613,57865,766
90230,1.2376675374731105e+18,156.333719425981,21.8545005667056,23.1382,21.87572,21.2141,20.37603,19.83627,5137,301,3,286,1.082331744299623e+19,GALAXY,0.6369163,9613,57865,151
91166,1.2376675374728484e+18,155.663252116938,21.8076336511661,23.46966,22.75721,22.15668,21.60269,20.80466,5137,301,3,282,1.0823371593943898e+19,GALAXY,0.5756476,9613,57865,348
75759,1.237667538542265e+18,145.242058801009,20.2078702776444,23.94164,23.14886,22.34548,22.20919,22.71853,5137,301,5,216,1.0786237787739e+19,GALAXY,0.8087304,9580,57865,424
90278,1.237667538546787e+18,155.944805493877,22.7719331301905,22.45908,22.88294,22.01329,21.23414,20.20711,5137,301,5,285,1.0823484019007838e+19,GALAXY,0.7514831,9613,57865,757
14547,1.2376675374731763e+18,156.480500800148,22.0527969056729,23.56494,23.08505,22.03022,21.52832,21.46888,5137,301,3,287,1.0823308921781117e+19,GALAXY,0.4403694,9613,57865,120
89741,1.237667542289024e+18,146.391400725663,20.3246152872586,22.93596,22.60199,22.08945,22.00895,21.09005,5138,301,4,43,1.0786183636791351e+19,GALAXY,0.7516603,9580,57865,227
92133,1.2376675492674278e+18,155.385551005828,21.1736611505337,23.54488,22.41741,22.18836,21.902,20.65401,5140,301,1,29,1.0823377916135756e+19,GALAXY,1.072893,9613,57865,371
98857,1.2376675374733071e+18,156.858990843383,22.0820893763004,23.83611,22.47743,21.74971,20.92425,20.78168,5137,301,3,289,1.0823280884234609e+19,GALAXY,0.8510194,9613,57865,18
91853,1.2376675492672315e+18,154.888472778921,20.9467517518753,23.05456,22.38766,21.5462,21.01175,21.33725,5140,301,1,26,1.082339853197878e+19,GALAXY,0.8290018,9613,57865,446
91724,1.237667537468982e+18,146.624509643372,19.7328140699237,21.82454,21.88191,21.3752,20.88815,20.13116,5137,301,3,223,1.0786153675099494e+19,GALAXY,0.7515564,9580,57865,118
67946,1.2376553478148593e+18,229.550440357769,53.0797188177996,24.08227,22.58825,21.49986,20.35401,19.53849,2299,301,2,222,9.451027975485282e+18,STAR,-9.236582e-05,8394,57865,815
81774,1.2376675390831992e+18,154.86773979102,22.8952525499158,24.67963,22.29515,21.95664,21.6077,21.22199,5137,301,6,278,1.0823428768548542e+19,GALAXY,1.407438,9613,57865,556
90978,1.2376675422891543e+18,146.626197455819,20.4040383591952,23.39447,22.98042,22.22093,21.71645,21.68004,5138,301,4,45,1.0786163845582051e+19,GALAXY,1.039602,9580,57865,155
97650,1.237667538542134e+18,144.946731354824,20.1728342514155,23.35085,22.71597,22.14423,21.37882,21.43445,5137,301,5,214,1.0786257029192503e+19,GALAXY,0.8581524,9580,57865,494
67945,1.237655347814531e+18,228.418048328355,53.5845600585533,24.38441,22.18323,20.96648,19.79878,19.19257,2299,301,2,217,9.450981521119009e+18,STAR,-1.016259e-05,8394,57865,646
42709,1.2376593260211082e+18,227.088272406903,52.4433444530823,20.89162,20.99479,20.77054,20.68061,20.8124,3225,301,4,112,9.450937540653896e+18,QSO,1.294887,8394,57865,486
51288,1.2376674300999112e+18,155.180827290457,24.1397312347493,23.57597,22.19795,21.89864,21.44823,21.84468,5112,301,3,301,1.0830128642669173e+19,GALAXY,0.8717776,9619,57866,354
72564,1.2376674290259067e+18,154.678487589669,23.1888475214718,17.53591,16.51543,16.19009,16.0808,16.07279,5112,301,1,297,1.0830156130459867e+19,STAR,6.250916e-05,9619,57866,454
24180,1.2376674301001075e+18,155.620018634999,24.2838903943207,22.81149,22.75416,21.85101,21.42361,20.67252,5112,301,3,304,1.0830245190901717e+19,QSO,0.9046966,9619,57866,778
78188,1.2376672099806095e+18,154.475020242968,25.2675138525855,23.52242,22.71045,22.17099,20.96162,20.77747,5061,301,1,267,1.083018196898312e+19,GALAXY,0.8835301,9619,57866,548
83478,1.2376675390838543e+18,156.354509202254,23.2736985539294,22.94266,23.26046,22.62184,22.22957,22.34,5137,301,6,288,1.0830054425634296e+19,GALAXY,0.9091981,9619,57866,84
83622,1.237667430099845e+18,155.072023423015,24.1056989734296,23.86554,23.20641,21.9274,21.44114,21.93384,5112,301,3,300,1.0830151182657542e+19,GALAXY,0.8629951,9619,57866,436
67883,1.2376674290266276e+18,156.402675973943,23.627149656052,19.63596,19.4096,19.2085,18.88909,18.87342,5112,301,1,308,1.0830056349779646e+19,QSO,1.762073,9619,57866,91
48294,1.2376674300995832e+18,154.335695560396,24.0216517247755,24.26927,22.71618,22.02618,21.01123,20.07414,5112,301,3,296,1.0830160803384283e+19,GALAXY,0.7983874,9619,57866,471
33142,1.2376672099811333e+18,155.841697615639,25.5777482100299,22.53409,22.50385,21.89421,21.27877,21.00265,5061,301,1,275,1.0830257010651716e+19,GALAXY,0.7357612,9619,57866,821
45808,1.23766743009978e+18,154.855744785008,24.0730521097078,23.671,22.64331,21.90171,21.34205,22.18972,5112,301,3,299,1.0830149808268e+19,GALAXY,0.9650923,9619,57866,431
374,1.2376674300997148e+18,154.748459355224,24.0636786982731,22.91037,22.69157,22.11891,21.78776,21.09787,5112,301,3,298,1.0830161628018e+19,GALAXY,0.884706,9619,57866,474
119,1.2376575897860183e+18,182.941369205209,54.4456260755977,22.25055,20.72246,20.20829,19.9893,19.95151,2821,301,2,195,9.248265386973225e+18,STAR,-0.0001066996,8214,57867,449
87067,1.23766222353354e+18,193.460853708903,38.4484789857572,27.30467,23.18623,21.21273,20.04505,19.04948,3900,301,1,419,9.949685086017577e+18,GALAXY,0.8335695,8837,57867,391
15249,1.237667292119237e+18,147.526310954993,21.6447315316713,23.23672,23.23346,22.69258,22.29688,22.56883,5080,301,2,227,1.0785147621993632e+19,GALAXY,0.6789867,9579,57867,554
16461,1.2376675412159375e+18,148.147239149873,19.9465275443495,26.01137,23.37878,22.07683,23.00845,22.12349,5138,301,2,53,1.078509841884829e+19,QSO,0.2469372,9579,57867,375
94530,1.2376646743259876e+18,194.124808921343,38.0543596853756,21.444,21.3592,21.33014,20.96832,20.84667,4470,301,6,64,9.949643854331531e+18,QSO,1.862005,8837,57867,241
90060,1.2376675422894825e+18,147.434259720167,20.5688917859436,23.85503,22.85561,22.2918,21.66869,22.94498,5138,301,4,50,1.0785132503708752e+19,GALAXY,0.4576771,9579,57867,499
90491,1.2376675422897444e+18,147.964540159581,20.791396899533,22.40353,23.15042,22.24917,21.72607,22.91628,5138,301,4,54,1.0785164939301771e+19,GALAXY,0.6641634,9579,57867,617
68782,1.2376646737890511e+18,193.883209995394,37.7163906960854,22.56754,22.13127,21.90198,21.82733,20.9291,4470,301,5,63,9.949657048471069e+18,GALAXY,0.7690875,8837,57867,289
47012,1.2376642958302907e+18,194.192845599084,40.4686156276751,21.65298,21.99879,21.50144,21.5935,21.62594,4382,301,5,38,9.949795861814071e+18,QSO,1.23742,8837,57867,794
29716,1.237667541216133e+18,148.622731257744,20.0641473728629,24.55463,24.86916,23.75057,22.87683,22.71677,5138,301,2,56,1.0785077528127363e+19,GALAXY,1.994085,9579,57867,299
91039,1.23766753747003e+18,149.082522438505,20.2910250324779,21.77143,22.25195,22.03771,21.14837,21.02814,5137,301,3,239,1.07850354718076e+19,GALAXY,0.8879733,9579,57867,146
94960,1.237664674326119e+18,194.374212584479,38.1242736734923,25.58838,23.69958,22.28939,20.61618,19.73573,4470,301,6,66,9.94962433800014e+18,STAR,-8.516125e-05,8837,57867,170
82668,1.237667539080381e+18,148.075022360978,21.3958168388179,25.367,22.5482,21.97637,21.64191,21.17136,5137,301,6,235,1.078517126149363e+19,GALAXY,1.003619,9579,57867,640
45509,1.2376642958306184e+18,195.129239493622,40.2675765075836,20.30536,20.22079,20.33523,20.02625,20.20387,4382,301,5,43,9.949838742767557e+18,GALAXY,0.0,8837,57867,950
99797,1.237667537469572e+18,147.954032298791,20.1018588170246,22.64091,22.52714,21.6887,21.41658,20.24348,5137,301,3,232,1.0785110513476196e+19,GALAXY,0.6395372,9579,57867,419
207,1.2376575897859525e+18,182.773194475742,54.421378953958,21.52916,21.66393,21.72251,21.77715,21.13445,2821,301,2,194,9.248274457944152e+18,QSO,2.081617,8214,57867,482
82431,1.2376675390805125e+18,148.426127705363,21.450180293411,24.62522,23.27274,22.81248,22.03141,22.15956,5137,301,6,237,1.0785192701970373e+19,GALAXY,0.8249502,9579,57867,718
87813,1.2376622235335396e+18,193.533687371667,38.516130943604,24.40383,22.64732,21.20704,20.21035,19.5106,3900,301,1,419,9.949672441633855e+18,GALAXY,0.5527254,8837,57867,345
79393,1.2376675422897444e+18,147.974384637155,20.7059149844732,24.75793,23.55668,23.49156,22.5577,22.48188,5138,301,4,54,1.0785165489057583e+19,GALAXY,0.3827446,9579,57867,619
89910,1.237667542289548e+18,147.58228844132,20.6217311825825,22.69639,22.77773,22.2899,21.44226,20.85732,5138,301,4,51,1.0785143498825e+19,GALAXY,0.8248074,9579,57867,539
90434,1.2376675422894172e+18,147.317355723144,20.6215270144575,23.1958,22.71898,22.02127,21.54939,20.86747,5138,301,4,49,1.0785138276144796e+19,GALAXY,0.7974405,9579,57867,520
13228,1.237667541216e+18,148.306952325237,20.0203530381548,26.22604,21.87097,21.98739,20.57335,20.22291,5138,301,2,54,1.078508797348783e+19,GALAXY,0.9354913,9579,57867,337
60401,1.237664673789052e+18,193.777030578866,37.6972122594796,25.64979,26.3659,22.52517,21.07507,19.89946,4470,301,5,63,9.949677939191994e+18,QSO,1.513417,8837,57867,365
92770,1.237667542289548e+18,147.623675151992,20.589996658707,22.13301,22.15414,21.58415,20.91591,20.11813,5138,301,4,51,1.0785126731272706e+19,GALAXY,1.005121,9579,57867,478
19036,1.2376675369330936e+18,148.997467442955,19.9600251552036,24.43843,22.85953,22.34698,21.63553,22.06169,5137,301,2,238,1.0785043168389e+19,GALAXY,0.8533721,9579,57867,174
12841,1.237667541216e+18,148.30511869256,20.0388229287699,23.07718,22.95405,22.83743,22.26262,21.79437,5138,301,2,54,1.0785088248365732e+19,GALAXY,0.9728271,9579,57867,338
12680,1.237667541216396e+18,149.155456980189,20.2417635108381,23.083,22.83772,22.29064,21.34874,20.90901,5138,301,2,60,1.0785034097418064e+19,GALAXY,0.8570844,9579,57867,141
26111,1.2376622251447424e+18,195.337700032421,39.6773349992091,23.74409,22.08417,21.39783,21.06237,20.66068,3900,301,4,428,9.949841766424533e+18,QSO,1.822473,8837,57867,961
55795,1.2376614160583887e+18,186.387791918151,56.3775886574283,22.38168,23.24967,21.64104,20.61097,19.92685,3712,301,1,94,9.24840062690344e+18,GALAXY,0.6900669,8214,57867,941
89418,1.237667542289679e+18,147.887168738541,20.8326026243198,22.71511,22.60183,21.84811,21.73507,21.86994,5138,301,4,53,1.0785165214179678e+19,GALAXY,0.3227085,9579,57867,618
88092,1.2376675385437727e+18,148.785279061297,21.1684245685895,24.85395,23.30803,22.69006,21.66084,21.09254,5137,301,5,239,1.0785206170987813e+19,GALAXY,1.504068,9579,57867,767
27976,1.2376593260178964e+18,216.361247982118,56.3105237959956,22.18291,21.91811,21.7636,21.7371,23.02553,3225,301,4,63,9.45540375696981e+18,GALAXY,0.006186674,8398,57870,350
50125,1.2376593265551608e+18,218.226427084371,56.1331814181034,21.86198,21.41931,21.31697,21.15794,21.80868,3225,301,5,69,9.455345482853536e+18,QSO,1.721323,8398,57870,138
50160,1.2376642958308813e+18,196.023286506962,40.2810456703133,23.49362,22.04359,21.90365,21.81311,20.8229,4382,301,5,47,9.950876956672416e+18,QSO,2.523762,8838,57870,631
12773,1.2376675390818227e+18,151.485012662097,22.266701827774,23.20138,22.81563,22.41289,21.71962,21.22444,5137,301,6,257,1.0825614597748447e+19,GALAXY,0.9742189,9615,57870,316
51811,1.2376642958310124e+18,196.365070752082,40.191602441879,24.07558,22.38704,21.97972,21.97074,21.30103,4382,301,5,49,9.950898397149155e+18,QSO,2.443312,8838,57870,709
8948,1.2376593260182907e+18,217.726824029591,55.7933114311646,23.55875,22.82238,21.91788,20.90762,19.87281,3225,301,4,69,9.45535400406865e+18,GALAXY,0.783531,8398,57870,169
25253,1.2376593254812877e+18,217.012279879573,55.6366222215088,20.00305,19.93282,19.87261,19.77288,19.644,3225,301,3,67,9.455387814051207e+18,QSO,2.039113,8398,57870,292
316,1.2376593260175045e+18,214.922436827752,56.6217209471839,25.15787,23.76707,23.05294,21.2333,19.83673,3225,301,4,57,9.455444713777945e+18,GALAXY,1.030206,8398,57870,499
5900,1.2376593260180283e+18,216.925046163907,56.0523645329735,22.28348,21.98665,21.80783,21.56465,22.56416,3225,301,4,65,9.455390013074465e+18,QSO,1.330263,8398,57870,300
87130,1.237667542291514e+18,152.171970164001,21.7688862120383,22.96467,22.4691,21.84039,21.23205,20.44102,5138,301,4,81,1.0825559347289151e+19,GALAXY,0.835119,9615,57870,115
48830,1.2376593265546368e+18,216.375847044404,56.7611260394786,21.86883,21.7473,21.47907,21.04817,20.88632,3225,301,5,61,9.455488969120965e+18,QSO,1.492107,8398,57870,660
13072,1.2376593260177004e+18,215.654126621732,56.4461178403371,22.78308,21.75234,21.96292,22.08474,22.1718,3225,301,4,60,9.45542794622562e+18,STAR,-0.001025055,8398,57870,438
32717,1.237659326018093e+18,217.242689625542,56.0942947508256,21.60521,21.48115,21.34323,21.04205,20.82114,3225,301,4,66,9.455380667225629e+18,QSO,1.483874,8398,57870,266
98092,1.2376675385456072e+18,153.115891951103,22.0939276261882,22.4346,22.28716,21.85176,21.11892,20.76056,5137,301,5,267,1.082553515803334e+19,GALAXY,0.8498436,9615,57870,27
88343,1.237667542290924e+18,150.76789420284,21.4477671145478,23.49496,22.63928,21.86351,21.14713,20.48806,5138,301,4,72,1.0825650881632164e+19,GALAXY,0.7928029,9615,57870,448
79512,1.2376553478116475e+18,218.839024464779,57.2718472791864,23.2031,21.75837,21.97877,21.86873,21.47469,2299,301,2,173,9.455573081760487e+18,STAR,0.001192879,8398,57870,966
70006,1.2376553692956595e+18,218.639991251792,57.4901255045545,24.06635,24.54372,21.99031,20.73836,19.9371,2304,301,2,313,9.45555851323142e+18,GALAXY,0.7468603,8398,57870,913
47978,1.237659326554637e+18,216.299775507233,56.6637489268472,23.63696,22.33658,20.92908,19.78511,19.53976,3225,301,5,61,9.455487869609337e+18,GALAXY,0.6785051,8398,57870,656
88457,1.237664846121338e+18,197.491239533443,37.9077204551797,26.43041,23.26104,22.00711,20.78937,19.91101,4510,301,6,13,9.950727423091038e+18,GALAXY,0.7900777,8838,57870,87
88331,1.2376622251446764e+18,195.185512813854,39.7557233539075,21.68278,21.44822,21.64766,21.69481,21.69935,3900,301,4,427,9.950857990096837e+18,GALAXY,0.03713963,8838,57870,562
50903,1.2376674300987968e+18,152.384931107544,23.6418391175534,24.79392,22.95111,21.8446,21.10122,20.59415,5112,301,3,284,1.0825775401324e+19,GALAXY,0.7843878,9615,57870,901
15953,1.2376593260175032e+18,214.984470507797,56.7560977955666,21.75282,21.2918,21.30414,21.50926,22.38212,3225,301,4,57,9.455455983772127e+18,STAR,0.001197937,8398,57870,540
55410,1.2376593254812877e+18,217.189703457988,55.6750739971181,17.55867,16.51441,16.10055,15.99606,15.9742,3225,301,3,67,9.455375444545397e+18,STAR,-8.562091e-05,8398,57870,247
15742,1.2376593260183557e+18,218.088527236056,55.697959008255,21.51078,21.41847,21.18834,21.10078,21.52797,3225,301,4,70,9.455341084807029e+18,GALAXY,0.03737795,8398,57870,122
95887,1.2376648461212716e+18,197.335173926261,37.9713635583331,21.9451,21.04287,21.20028,21.43981,21.51066,4510,301,6,12,9.950725773823597e+18,STAR,-0.0006170245,8838,57870,81
87639,1.23766753908215e+18,152.204661904584,22.437025125647,23.16639,22.69188,22.08308,21.76656,22.24799,5137,301,6,262,1.0825764131329825e+19,QSO,1.368944,9615,57870,860
54364,1.2376593265552266e+18,218.331653902884,56.1059317727789,22.62175,21.80645,21.4994,21.31086,21.40937,3225,301,5,70,9.455335037493074e+18,QSO,0.9522053,8398,57870,100
88554,1.2376675385448868e+18,151.428493467293,21.7443754279744,24.44847,23.67376,21.95095,21.04274,20.50332,5137,301,5,256,1.082561982042868e+19,QSO,4.257586,9615,57870,335
55149,1.2376593265554232e+18,219.264591318238,56.0094844093647,21.48377,21.24405,21.49956,21.35437,21.41118,3225,301,5,73,9.455321018719822e+18,QSO,2.022265,8398,57870,49
88555,1.2376675385453453e+18,152.566517623906,22.1106326622758,22.82294,22.05183,21.63753,20.78729,20.4732,5137,301,5,263,1.0825551925585664e+19,GALAXY,0.7223533,9615,57870,88
1155,1.237667430098469e+18,151.621368278871,23.4202387256141,23.16313,22.17759,21.98636,21.40791,21.0216,5112,301,3,279,1.0825734994271689e+19,GALAXY,1.064356,9615,57870,754
54363,1.2376593265550956e+18,217.967772240149,56.327186532037,23.63417,22.22135,21.54603,21.36115,21.46277,3225,301,5,68,9.45534878138842e+18,QSO,0.7243995,8398,57870,150
24784,1.23766222514507e+18,196.376996203416,39.6374875031816,22.87996,21.49203,21.1893,20.94317,20.9257,3900,301,4,433,9.950903894707296e+18,STAR,2.499108e-05,8838,57870,729
26771,1.2376593260178964e+18,216.476177981872,56.3201072698458,25.33996,23.48831,21.71222,20.52791,19.86907,3225,301,4,63,9.455403482091905e+18,GALAXY,0.5848631,8398,57870,349
89335,1.2376675385448207e+18,151.33233713941,21.6456191814551,24.34856,23.53166,22.10768,21.55631,21.27226,5137,301,5,255,1.082562091994031e+19,QSO,0.6600006,9615,57870,339
53637,1.237659326555292e+18,218.629620949015,56.1639206758989,20.0078,19.5993,19.57741,19.38068,19.37517,3225,301,5,71,9.455332838469818e+18,QSO,0.5351215,8398,57870,92
47377,1.237667430098273e+18,151.24836792596,23.3426075757221,23.51553,22.65289,22.28683,21.66697,21.35839,5112,301,3,276,1.0825701184289137e+19,GALAXY,0.8581613,9615,57870,631
88538,1.2376675385452147e+18,152.311444970208,21.8970049063007,22.20353,23.0868,22.09259,21.70748,21.04086,5137,301,5,261,1.0825562645824e+19,QSO,1.351548,9615,57870,127
98359,1.2376675374711444e+18,151.645207841984,20.93143678955,22.30995,22.08949,21.4617,20.85569,20.79501,5137,301,3,256,1.0825595906050775e+19,GALAXY,0.756743,9615,57870,248
54650,1.237659326555161e+18,218.330374374868,56.213355675774,22.45101,21.53231,21.13823,20.99718,20.58838,3225,301,5,69,9.45533558724889e+18,STAR,-0.0004771863,8398,57870,102
96184,1.237664846121337e+18,197.404259702849,37.9955982360083,21.73121,21.17149,21.50382,21.6355,22.68307,4510,301,6,13,9.950726048701503e+18,STAR,0.0004098814,8838,57870,82
87608,1.2376675422908585e+18,150.60845899603,21.378691899701,23.45529,22.55221,21.7393,21.27704,21.05502,5138,301,4,71,1.082565308065542e+19,GALAXY,0.2580627,9615,57870,456
99726,1.2376675385455416e+18,152.98536711473,22.0158004607299,22.41794,22.20509,21.77495,21.40032,21.77757,5137,301,5,266,1.0825545878271711e+19,GALAXY,0.8597368,9615,57870,66
83919,1.2376675390820849e+18,152.102937557035,22.3466181034852,23.91543,24.47662,22.60553,21.84979,21.15413,5137,301,6,261,1.082558271191124e+19,GALAXY,0.6384441,9615,57870,200
12107,1.237667539081626e+18,150.950110612192,22.1590213892334,22.65421,22.69609,21.68167,20.82779,20.27649,5137,301,6,254,1.0825647308219372e+19,GALAXY,0.7639282,9615,57870,435
78255,1.2376646743265116e+18,195.520127834938,38.062289357739,20.86293,19.42549,18.56019,18.15282,17.90043,4470,301,6,72,9.950816483532888e+18,GALAXY,0.2146444,8838,57870,411
19665,1.2376593270917696e+18,217.672775118178,56.7926688518122,25.67544,21.94385,21.08248,19.98606,19.30557,3225,301,6,65,9.45553157519654e+18,GALAXY,0.7289287,8398,57870,815
92403,1.2376593270919012e+18,217.961232386211,56.6614143050735,23.387,22.40222,21.22586,20.18811,19.20457,3225,301,6,67,9.455350155777956e+18,GALAXY,0.7857742,8398,57870,155
83781,1.2376553478117788e+18,219.320461385124,57.1836141183522,21.17611,21.08874,21.28312,21.03981,20.793,2299,301,2,175,9.45558187785351e+18,QSO,1.933494,8398,57870,998
10366,1.2376593260177e+18,215.565169667009,56.404021855376,21.51297,21.2928,21.27781,21.27946,20.90733,3225,301,4,60,9.45543619256283e+18,QSO,1.780292,8398,57870,468
52886,1.2376675417543153e+18,151.583578273513,21.0574967807254,22.3744,21.54332,21.06809,20.52492,19.62617,5138,301,3,76,1.0825606076533332e+19,GALAXY,0.7899138,9615,57870,285
49049,1.237662226218746e+18,196.368517988341,40.3110144454388,23.91938,22.49113,21.58961,20.53926,19.75306,3900,301,6,432,9.950896747881718e+18,GALAXY,0.6213156,8838,57870,703
46671,1.23766429583147e+18,197.577021647129,39.9930184830787,18.81777,17.64404,17.38511,17.30203,17.27099,4382,301,5,56,9.950966017114264e+18,STAR,7.307913e-05,8838,57870,955
52043,1.2376593265562752e+18,222.103879966147,54.8694702509785,20.86942,20.79024,20.78406,20.44592,20.30641,3225,301,5,86,9.46668749511697e+18,QSO,1.831594,8408,57874,440
75880,1.2376553478130235e+18,223.841013897421,55.631153451883,18.64269,17.6984,17.46844,17.37371,17.37054,2299,301,2,194,9.46678205311696e+18,STAR,-0.0005209466,8408,57874,784
86692,1.2376674300995177e+18,154.14962944239,24.0416097925329,24.11686,22.74457,22.51861,22.08254,22.68834,5112,301,3,295,1.0831180050797451e+19,GALAXY,0.8021542,9620,57874,83
78273,1.2376553478130895e+18,223.938316278036,55.5902379426041,20.24763,20.13802,19.95726,19.7765,19.89408,2299,301,2,195,9.466793048233236e+18,QSO,1.495785,8408,57874,824
424,1.2376674300986004e+18,152.006316043417,23.5640624288521,23.65132,22.16732,21.89089,21.39499,21.08428,5112,301,3,281,1.0831283404890462e+19,GALAXY,0.7953371,9620,57874,459
38203,1.2376672099801508e+18,153.464804197979,25.0476901085589,24.37326,23.88956,23.72953,21.40813,21.51722,5061,301,1,260,1.083137521411138e+19,GALAXY,0.7346873,9620,57874,793
71949,1.2376591504590118e+18,222.213039243957,54.7362486386187,26.56541,23.66361,21.75518,20.72355,19.75545,3184,301,5,31,9.466683921704182e+18,GALAXY,0.773262,8408,57874,427
33982,1.2376593260201907e+18,224.271455545046,53.6089300941927,21.71995,21.52939,21.22688,21.14184,21.18406,3225,301,4,98,9.466600908576285e+18,QSO,1.267777,8408,57874,125
53163,1.2376593265566684e+18,223.477614766105,54.4577326452036,21.37349,21.37909,21.38023,20.95539,20.8641,3225,301,5,92,9.46663966636116e+18,QSO,1.849494,8408,57874,266
80278,1.2376719397965665e+18,224.297242110395,56.2149519200859,21.00142,20.70984,20.37046,20.38095,20.19589,6162,301,3,11,9.466787000919286e+18,QSO,0.9812872,8408,57874,802
75661,1.237667209979626e+18,152.101017862135,24.6120598172086,21.67183,21.59723,21.05943,20.95939,20.1288,5061,301,1,252,1.0831302921221855e+19,QSO,5.398697,9620,57874,530
25610,1.237655348350354e+18,225.754682099855,55.3119098990179,23.30011,21.48388,21.0945,20.90812,20.37492,2299,301,3,201,9.466839227721603e+18,STAR,-0.0002064557,8408,57874,992
19656,1.2376593270937357e+18,224.503394527722,54.7025278972005,24.13729,22.35714,20.90672,19.99614,19.44417,3225,301,6,95,9.466606406134422e+18,GALAXY,0.5261557,8408,57874,145
52540,1.2376593265570616e+18,224.650849548902,53.9388082939226,20.59617,20.58468,20.45927,20.3144,20.4811,3225,301,5,98,9.466591012971633e+18,QSO,1.50687,8408,57874,89
14890,1.2376593270929495e+18,221.748667670192,55.5555065199265,22.61501,23.65001,21.44073,20.13317,19.37823,3225,301,6,83,9.466715807541383e+18,GALAXY,0.7995088,8408,57874,543
93543,1.237667209979364e+18,151.61490018197,24.430588027066,23.08664,23.56095,22.08196,21.41237,21.01297,5061,301,1,248,1.0831299072931158e+19,GALAXY,0.8320736,9620,57874,516
53763,1.2376593265566684e+18,223.387000359087,54.3928836891824,20.95525,20.76093,20.73188,20.61579,20.4705,3225,301,5,92,9.46663829197163e+18,QSO,2.102789,8408,57874,261
69947,1.237659327093736e+18,224.547485352198,54.5977075976579,23.24878,23.95381,21.51083,20.4548,19.57632,3225,301,6,95,9.46659486126233e+18,GALAXY,0.8132827,8408,57874,103
55151,1.2376593265566684e+18,223.440106973071,54.5992529880996,20.83161,20.62313,20.50168,20.61146,20.50174,3225,301,5,92,9.466641315628603e+18,QSO,0.9174383,8408,57874,272
55153,1.237659326557e+18,224.43189787889,54.0037782462956,21.10726,20.99418,21.10502,20.87844,20.46841,3225,301,5,97,9.46660118345419e+18,QSO,2.025573,8408,57874,126
56957,1.237659326557061e+18,224.67625672274,53.901147959554,23.62623,25.11437,22.32724,21.0491,19.16718,3225,301,5,98,9.46659046321582e+18,STAR,-1.886078e-05,8408,57874,87
81478,1.2376674300989937e+18,152.900809628197,23.7060446361677,23.74965,23.32909,22.61466,21.86261,21.62086,5112,301,3,287,1.0831239974181163e+19,GALAXY,0.8151577,9620,57874,301
56528,1.2376593265562092e+18,221.911881376251,54.9735347235277,24.09238,24.36585,21.49427,20.21589,19.41479,3225,301,5,85,9.46669821535534e+18,GALAXY,0.8929064,8408,57874,479
74323,1.2376591504593395e+18,223.349970679951,54.1748651349253,25.20295,23.92447,22.4608,21.2191,19.91457,3184,301,5,36,9.466647088064647e+18,QSO,0.2874568,8408,57874,293
42949,1.2376593260199283e+18,223.436977866086,54.0398216595369,21.49503,21.30399,21.27808,20.8442,21.17893,3225,301,4,94,9.466635543192558e+18,QSO,1.610985,8408,57874,251
52969,1.2376593265568648e+18,224.101204223836,54.1917793794632,22.31668,21.99321,21.7378,21.68535,20.94939,3225,301,5,95,9.466614377593725e+18,QSO,1.307879,8408,57874,174
33910,1.2376672099800187e+18,153.059501720915,24.9050337875351,23.62725,22.4122,21.89318,21.07269,20.60304,5061,301,1,258,1.083135569778e+19,GALAXY,0.9008355,9620,57874,722
26097,1.2376593260196006e+18,222.470275468983,54.4074645418582,22.13461,20.97395,20.56556,20.41758,20.01768,3225,301,4,89,9.466671552198367e+18,QSO,2.452667,8408,57874,382
44158,1.2376593260200591e+18,223.935489508802,53.7616826004848,20.85681,20.64484,20.58503,20.34321,20.19811,3225,301,4,96,9.466622074175115e+18,QSO,1.756065,8408,57874,202
15320,1.2376672921217928e+18,153.648356767364,23.1235776066887,24.80516,22.99089,23.29019,22.22195,22.73434,5080,301,2,266,1.0831186098111404e+19,GALAXY,1.020583,9620,57874,105
53942,1.237659326556865e+18,224.067535709491,54.2714921149981,22.8288,21.46442,21.32565,21.27356,21.22765,3225,301,5,95,9.46661355296e+18,QSO,2.741809,8408,57874,171
54130,1.2376593265567992e+18,223.767365897223,54.313674357084,21.71702,21.53912,21.21148,20.90047,20.78125,3225,301,5,94,9.466625922465817e+18,GALAXY,0.6184946,8408,57874,216
64796,1.237655347813155e+18,224.246122163127,55.5826086278886,22.12857,21.5813,20.82961,20.3966,20.07051,2299,301,2,196,9.466804043349514e+18,QSO,0.4222434,8408,57874,864
52924,1.2376593265566684e+18,223.458295250914,54.3698752636075,20.76402,20.57924,20.53331,20.3936,19.98429,3225,301,5,92,9.466638566849532e+18,QSO,2.135617,8408,57874,262
63835,1.2376553478135483e+18,225.411377235976,54.9321975310649,24.59432,22.48555,21.06438,20.37712,20.00214,2299,301,2,202,9.466576169564656e+18,STAR,-0.0003328535,8408,57874,35
77101,1.2376553478128271e+18,223.205783434527,55.9400030689353,19.80667,19.74733,19.4873,19.31433,19.57166,2299,301,2,191,9.4667559397158e+18,QSO,1.141911,8408,57874,689
53423,1.2376593260197317e+18,222.841451964508,54.2282615832165,20.09837,19.90198,19.86704,19.71333,19.44799,3225,301,4,91,9.466671002442551e+18,QSO,1.96779,8408,57874,380
54877,1.2376593265566026e+18,223.073076189779,54.5529709780077,21.91977,21.56158,20.75785,20.50129,20.28552,3225,301,5,91,9.466650111721624e+18,GALAXY,0.4461479,8408,57874,304
27323,1.2376593260200591e+18,223.90268625178,53.9244445135471,21.13038,20.55791,20.241,19.86434,19.77327,3225,301,4,96,9.466622349053024e+18,QSO,1.564524,8408,57874,203
85699,1.237667430098928e+18,152.766499682147,23.733158867005,23.28316,22.36475,21.83018,21.13547,20.78746,5112,301,3,286,1.0831251793931164e+19,GALAXY,0.8022613,9620,57874,344
88000,1.2376674300997148e+18,154.676007088499,24.1582204460836,23.00951,22.43332,21.94963,21.51197,21.6495,5112,301,3,298,1.0831166032024195e+19,GALAXY,0.8496604,9620,57874,32
56164,1.237659326556865e+18,224.007254453826,54.1522335460905,22.61541,22.27443,21.93549,21.76722,21.90737,3225,301,5,95,9.46661547710535e+18,QSO,1.535087,8408,57874,178
13154,1.2376593260196664e+18,222.694614003228,54.3652862229895,22.67613,24.48753,22.65487,20.63132,19.05362,3225,301,4,90,9.466670727564646e+18,STAR,-0.0001381409,8408,57874,379
72399,1.237659150459536e+18,223.858165645614,54.0038776829156,23.80183,24.16148,22.15763,20.70426,19.7232,3184,301,5,39,9.466623998320466e+18,GALAXY,0.6531144,8408,57874,209
18316,1.237659327093736e+18,224.616493612922,54.6125076474169,26.0808,22.78319,22.03691,21.01017,19.91487,3225,301,6,95,9.466594311506516e+18,GALAXY,1.068804,8408,57874,101
41897,1.2376593270933422e+18,223.203252354982,55.0769371278963,24.50067,18.82895,25.60661,16.61457,23.22743,3225,301,6,89,9.466764460930914e+18,STAR,-4.473197e-05,8408,57874,720
77227,1.2376672099802163e+18,153.50943718715,25.0982096301756,23.54021,22.98827,22.17406,20.93242,20.34585,5061,301,1,261,1.0831376038745102e+19,GALAXY,0.9180983,9620,57874,796
13421,1.2376593270938668e+18,224.922225048779,54.3440144373731,21.6376,20.92775,19.90693,19.24662,18.85451,3225,301,6,97,9.466593211994888e+18,QSO,0.4617563,8408,57874,97
9433,1.2376593260196004e+18,222.382689122048,54.4625873076373,26.09005,24.02387,21.53588,20.35423,19.6901,3225,301,4,89,9.466682822192554e+18,GALAXY,0.7472357,8408,57874,423
53611,1.2376593265568648e+18,224.21864885667,54.3003653504081,21.4968,21.48787,21.37095,21.15469,21.16608,3225,301,5,95,9.466614652471628e+18,GALAXY,0.5189391,8408,57874,175
35128,1.2376672115905016e+18,152.435471236549,25.9955859388439,22.98511,23.7938,22.80705,21.79797,21.77172,5061,301,4,256,1.0838043202394806e+19,GALAXY,0.8010773,9626,57875,475
45351,1.2376642958353372e+18,208.728275364939,38.2244975356427,23.08709,21.43942,20.78044,20.58224,20.45635,4382,301,5,115,9.962047170260783e+18,STAR,-0.0003649819,8848,57875,308
91620,1.237662224612262e+18,207.937206165211,37.4222021731135,19.70285,19.48164,19.42747,19.44383,19.44017,3900,301,3,495,9.962073558539854e+18,QSO,0.7002757,8848,57875,404
73567,1.2376672540029755e+18,152.061551701844,25.7633165092877,23.47505,22.37853,21.93975,21.36872,21.18995,5071,301,3,251,1.0838048974830852e+19,GALAXY,0.8553207,9626,57875,496
71770,1.2376672540031063e+18,152.40097793745,25.8148230457485,22.43589,22.13931,21.62388,21.116,20.52953,5071,301,3,253,1.0838041553127365e+19,GALAXY,0.8896156,9626,57875,469
65402,1.2376672110545477e+18,154.814942837392,26.2241256801948,22.465,22.30086,21.82532,21.29895,20.81861,5061,301,3,270,1.0838180366470371e+19,GALAXY,0.8162718,9626,57875,974
80689,1.237662194534777e+18,209.87114999541,39.5734604416098,21.76344,21.58978,21.60211,21.35967,21.28545,3893,301,3,301,9.962225016266578e+18,QSO,1.963667,8848,57875,955
36952,1.2376672545401738e+18,152.696998950794,26.3505635925507,22.73942,22.65522,21.7211,21.14719,20.61836,5071,301,4,256,1.083806711677271e+19,STAR,0.002661736,9626,57875,562
37067,1.2376672545406328e+18,153.900707875568,26.648545973214,22.37492,22.36539,22.06536,21.49036,22.49948,5071,301,4,263,1.0838131987958747e+19,GALAXY,0.8441541,9626,57875,798
40099,1.2376672121276997e+18,153.062324487205,26.5762556774674,22.42669,22.58388,22.13287,21.34192,20.76699,5061,301,5,261,1.0838088282371543e+19,GALAXY,0.8482631,9626,57875,639
82421,1.2376621945341873e+18,208.060797391337,39.9265575737781,21.6818,19.40721,18.14165,17.58568,17.25359,3893,301,3,292,9.962123586318918e+18,STAR,-0.0002247057,8848,57875,586
38925,1.2376672121276992e+18,153.052733366565,26.5397650086296,23.10641,22.57652,22.0003,21.51646,20.44643,5061,301,5,261,1.083807783701108e+19,GALAXY,1.031179,9626,57875,601
47944,1.2376672121278305e+18,153.42828429559,26.7387098397322,22.5496,22.63431,22.09063,21.15241,20.69037,5061,301,5,263,1.0838097903098288e+19,GALAXY,0.8029983,9626,57875,674
40260,1.237667212127634e+18,152.930080508522,26.7159978027941,22.00669,22.55902,21.81626,21.13123,21.19331,5061,301,5,260,1.083807343896457e+19,GALAXY,0.8874308,9626,57875,585
95264,1.2376623051139323e+18,209.399049404997,38.7025944452525,25.34264,23.74018,21.73895,20.50288,19.73216,3919,301,1,53,9.96200621345265e+18,GALAXY,0.737321,8848,57875,159
88877,1.237662225149592e+18,209.298898092428,37.6195283305067,23.41908,22.18826,21.75106,21.87037,21.37717,3900,301,4,502,9.962020232225905e+18,QSO,3.235485,8848,57875,210
41646,1.2376672115903045e+18,151.972012683527,25.9000892223262,22.85358,22.51863,22.08442,21.00579,20.54471,5061,301,4,253,1.083805007434248e+19,GALAXY,0.8622773,9626,57875,500
75127,1.2376672540029755e+18,152.082399441946,25.8308815842766,23.1251,22.27918,21.72396,20.8839,20.22109,5071,301,3,251,1.0838048425075e+19,GALAXY,0.8704386,9626,57875,494
23773,1.237667211591353e+18,154.554134131956,26.5926430773435,24.29596,22.39724,24.29786,24.68951,21.7053,5061,301,4,269,1.0838166897452931e+19,QSO,1.170479,9626,57875,925
48370,1.2376672121282235e+18,154.329396578527,26.9010912168883,22.97763,22.60316,22.33941,21.59299,21.31304,5061,301,5,269,1.0838151229412235e+19,GALAXY,0.8002446,9626,57875,868
84710,1.2376553478120417e+18,220.502207873864,56.8868604173254,23.2124,25.27475,22.79046,21.39751,19.9045,2299,301,2,179,9.470063270708926e+18,STAR,-7.377268e-06,8411,57875,433
95333,1.237667255077372e+18,153.499573162219,26.881903434446,23.11916,23.61073,22.40094,21.91097,22.01119,5071,301,5,261,1.0838094604563405e+19,GALAXY,1.031819,9626,57875,662
80192,1.2376553478125e+18,221.898470106994,56.2144710540263,25.90751,22.45354,20.99791,20.39922,20.00404,2299,301,2,186,9.470002522691492e+18,GALAXY,0.4216569,8411,57875,212
77429,1.2376553478128271e+18,223.102579479107,55.8715695287565,21.13738,20.51557,20.4481,20.08917,19.96924,2299,301,2,191,9.469955793447311e+18,QSO,1.640266,8411,57875,42
38814,1.237667254540305e+18,153.018959138273,26.4289713264882,22.15976,22.27746,21.41911,20.97569,21.15858,5071,301,4,258,1.0838079486278525e+19,GALAXY,1.030167,9626,57875,607
48306,1.2376672121278963e+18,153.632655496867,26.8538486320632,23.53881,22.22981,21.74308,21.3237,20.81047,5061,301,5,264,1.0838118518941309e+19,GALAXY,0.9579349,9626,57875,749
84744,1.237655347812172e+18,220.734901658848,56.7151633160643,22.3256,21.73951,21.69419,22.19217,21.53131,2299,301,2,181,9.470050901203114e+18,QSO,1.896278,8411,57875,388
98109,1.2376621945345147e+18,209.079245202245,39.8118802368453,20.43649,20.29324,20.10984,20.13291,20.00234,3893,301,3,297,9.962179661411932e+18,QSO,0.9191803,8848,57875,790
71773,1.237667254003434e+18,153.143290113085,26.0052066193003,23.16557,22.15935,21.60731,21.07109,21.2288,5071,301,3,258,1.083802231167388e+19,GALAXY,0.8613325,9626,57875,399
53885,1.2376623061877404e+18,209.931652386048,39.3417622344169,26.46796,23.37929,21.50353,20.42665,19.62518,3919,301,3,54,9.962233262603786e+18,GALAXY,0.756973,8848,57875,985
72457,1.237667254003696e+18,153.753136798901,26.1406024557623,23.53796,22.98636,22.12288,21.33189,20.47873,5071,301,3,262,1.0837988776569231e+19,GALAXY,0.7586029,9626,57875,277
73568,1.2376672540036303e+18,153.732910872393,26.115772526864,23.20766,23.16219,22.69836,22.10383,21.86419,5071,301,3,261,1.0837989051447138e+19,GALAXY,0.9336317,9626,57875,278
47198,1.2376672121277647e+18,153.229159705334,26.6103791198117,22.2753,21.78158,21.33958,20.82373,20.31723,5061,301,5,262,1.0838099277487825e+19,GALAXY,1.05164,9626,57875,679
83872,1.2376553478123684e+18,221.581098304027,56.3652499463287,22.31477,21.61883,21.10624,20.29791,20.18298,2299,301,2,184,9.470026437069396e+18,QSO,0.4967185,8411,57875,299
61729,1.2376623061872156e+18,208.472683657984,39.8056430383246,22.75669,22.35935,21.4858,20.48042,19.77537,3919,301,3,46,9.962146950941004e+18,GALAXY,0.7170494,8848,57875,671
15621,1.2376593270922289e+18,219.345830071468,56.3736558299372,25.68431,23.02302,21.55381,20.52534,19.87572,3225,301,6,72,9.470077014604272e+18,GALAXY,0.6128322,8411,57875,483
73858,1.2376672540033684e+18,152.990149647958,26.0020648602883,22.2039,21.93139,21.42001,21.27411,20.45714,5071,301,3,257,1.0838022586551783e+19,GALAXY,0.940748,9626,57875,400
39766,1.2376672121272407e+18,152.002817129767,26.4086634837989,23.30441,21.81127,21.30016,20.71972,20.32084,5061,301,5,254,1.0838052548243642e+19,GALAXY,0.9935101,9626,57875,509
87258,1.2376622251491983e+18,208.133570813549,37.6607071080406,24.36965,25.08855,22.25785,20.87439,19.93668,3900,301,4,496,9.962073283661945e+18,GALAXY,0.5951592,8848,57875,403
43076,1.2376672115908283e+18,153.152019986998,26.2311083028281,22.91217,21.55046,21.77648,20.48742,20.46767,5061,301,4,261,1.0838091031150617e+19,GALAXY,1.000358,9626,57875,649
75280,1.2376553478124997e+18,221.902326594344,56.3264210914131,20.71679,20.53446,20.50135,20.33595,20.17112,2299,301,2,186,9.470002247813585e+18,QSO,1.645658,8411,57875,211
23103,1.23766721159155e+18,154.942487379603,26.6923376920402,23.29144,21.89437,21.18024,20.74663,23.16149,5061,301,4,272,1.0838183390127348e+19,GALAXY,0.777682,9626,57875,985
72328,1.237667254003303e+18,152.815574674161,26.0216146345293,23.3262,21.58356,20.98045,20.5141,20.06359,5071,301,3,256,1.0838033306790156e+19,GALAXY,0.7523636,9626,57875,439
82216,1.2376553478125e+18,222.080645802457,56.3708585809016,23.17853,21.96763,22.2586,22.22702,23.20343,2299,301,2,186,9.470004171958934e+18,STAR,-0.0003418853,8411,57875,218
73766,1.2376623061875436e+18,209.365954292302,39.5789617500804,23.29899,23.20032,21.67097,20.36063,19.59905,3919,301,3,51,9.962192030917745e+18,GALAXY,0.5990292,8848,57875,835
38374,1.2376672545405015e+18,153.547842153448,26.4401078081243,22.60601,22.29114,21.85324,21.73568,21.20447,5071,301,4,261,1.0838111372115728e+19,GALAXY,0.6985134,9626,57875,723
81381,1.2376621945345147e+18,208.957238309239,39.7733714322655,20.59386,20.35441,20.27942,20.22388,20.08325,3893,301,3,297,9.962168666295654e+18,QSO,2.146516,8848,57875,750
73343,1.2376623067244147e+18,209.486271092051,40.0433354991154,26.58529,23.38025,21.48418,20.35836,19.59246,3919,301,4,51,9.962199177743323e+18,GALAXY,0.6553221,8848,57875,861
76666,1.237655347812434e+18,221.594344336259,56.3378052017871,20.43137,18.83955,18.21801,17.987,17.89756,2299,301,2,185,9.470014067563583e+18,STAR,-0.0005560129,8411,57875,254
72214,1.2376672540037617e+18,153.940721544737,26.1847672185794,23.53918,22.86728,22.39363,21.90538,21.64921,5071,301,3,263,1.08381380352727e+19,GALAXY,0.7456498,9626,57875,820
39424,1.2376672545409605e+18,154.744054315929,26.7946106961519,22.78616,22.29227,21.88425,21.85648,20.71744,5071,301,4,268,1.0838174868912232e+19,GALAXY,0.9646518,9626,57875,954
48184,1.2376672121281582e+18,154.188268210902,26.8211743478803,22.38878,22.20741,21.68295,21.6178,21.68978,5061,301,5,268,1.0838141058929678e+19,GALAXY,0.3643177,9626,57875,831
94597,1.237662305113605e+18,208.446130514444,38.8940826809289,24.32116,23.5658,22.0519,20.65808,19.83307,3919,301,1,48,9.96215189874333e+18,GALAXY,0.7601745,8848,57875,689
4179,1.2376623061874785e+18,209.201009087868,39.6715265134814,24.41582,22.82964,21.25132,20.12857,19.49338,3919,301,3,50,9.962180486045653e+18,GALAXY,0.6326444,8848,57875,793
46254,1.2376672121281585e+18,154.276827512169,26.8335941817169,22.95396,22.62378,22.38451,21.62367,21.18802,5061,301,5,268,1.0838152878679677e+19,GALAXY,1.033761,9626,57875,874
36192,1.2376672545406323e+18,153.839751413972,26.664642960737,22.42607,22.07371,21.35756,20.64814,20.48129,5071,301,4,263,1.083816607281921e+19,GALAXY,0.0,9626,57875,922
42035,1.237667211590763e+18,153.039912061013,26.1029259172693,23.53736,22.56324,21.87267,21.39266,20.49491,5061,301,4,260,1.08380825099355e+19,GALAXY,0.7536226,9626,57875,618
22860,1.2376672115914186e+18,154.723865272144,26.5634344685151,27.33378,21.00396,21.14963,20.47805,20.43146,5061,301,4,270,1.0838167172330838e+19,GALAXY,0.8158699,9626,57875,926
71636,1.2376672540033032e+18,152.943663504004,25.8666543243302,23.0103,22.48714,22.01891,21.67805,20.67136,5071,301,3,256,1.0838030558011089e+19,GALAXY,0.8771982,9626,57875,429
38030,1.2376672545408947e+18,154.549203708053,26.8203461819236,22.33876,22.76297,22.4249,21.81049,21.3019,5071,301,4,267,1.08381616747727e+19,GALAXY,0.7797573,9626,57875,906
41269,1.237659324951036e+18,236.405870767112,46.4173088054099,21.18461,19.2668,18.16551,17.7343,17.3991,3225,301,2,168,9.57810733061848e+18,GALAXY,0.1580893,8507,57878,279
14694,1.2376593260247782e+18,237.187295122232,47.0520007953192,22.46207,21.46633,21.65367,21.40671,20.685,3225,301,4,168,9.578169727903357e+18,GALAXY,0.0,8507,57878,506
90612,1.2376613876119636e+18,235.286895154898,45.5284490065419,21.57141,20.78837,20.87839,20.73275,20.0067,3705,301,4,212,9.578154334740568e+18,QSO,2.24707,8507,57878,450
91606,1.2376613876120292e+18,235.407193101881,45.4723734033241,21.83344,21.49895,21.68142,21.46338,21.29251,3705,301,4,213,9.578142240112665e+18,QSO,1.996564,8507,57878,406
41660,1.237659324951036e+18,236.274423229215,46.4713889475665,21.32288,19.13879,17.9531,17.50315,17.16319,3225,301,2,168,9.57823404933358e+18,GALAXY,0.1579052,8507,57878,740
41954,1.2376593260250404e+18,237.841442632799,46.7434422581573,24.20797,23.20683,22.04263,20.68228,20.19014,3225,301,4,172,9.578298370763809e+18,STAR,-0.0004444059,8507,57878,974
88259,1.2376593244145592e+18,236.852002502095,45.5982482284053,23.86585,24.36019,21.4718,20.44478,19.73957,3225,301,1,174,9.57807764380453e+18,GALAXY,0.7293088,8507,57878,171
91361,1.2376613876116362e+18,234.392553402563,46.1537377148512,22.71893,21.52477,21.41537,21.32695,21.679,3705,301,4,207,9.578166429368472e+18,QSO,3.131253,8507,57878,494
41953,1.2376593260252367e+18,238.304023877817,46.4530057581764,20.87188,20.82527,20.86388,20.55661,20.45989,3225,301,4,175,9.57804163479872e+18,QSO,1.747117,8507,57878,40
70201,1.237659324951037e+18,236.326851281797,46.4388750328276,21.97549,20.55173,19.51948,19.02553,18.76736,3225,301,2,168,9.57810760549639e+18,GALAXY,0.1578226,8507,57878,280
91571,1.2376613876121605e+18,235.58657490893,45.2461510607504,21.7096,21.70311,21.67006,21.37421,20.97775,3705,301,4,215,9.578141140601037e+18,QSO,1.778667,8507,57878,402
43894,1.2376593265614523e+18,237.240043758095,47.6704088538963,21.40329,21.19369,20.78673,20.48125,20.26941,3225,301,5,165,9.578267859316138e+18,GALAXY,0.5536629,8507,57878,863
83072,1.2376593249506437e+18,235.412419827238,47.1161226657837,24.21405,24.5756,21.94549,20.46788,19.78558,3225,301,2,162,9.578194192037077e+18,GALAXY,0.6472817,8507,57878,595
85936,1.2376591633454868e+18,234.819645086901,45.9736177397631,26.11685,24.87138,21.73652,20.55768,19.77933,3187,301,5,55,9.578162855955683e+18,GALAXY,0.6356812,8507,57878,481
40572,1.237659324950381e+18,234.837979096613,47.5696801168899,22.48497,21.5862,20.04601,19.32131,18.85423,3225,301,2,158,9.578181547653358e+18,GALAXY,0.4090061,8507,57878,549
71079,1.237659324951036e+18,236.358071881274,46.4823407988928,22.89116,20.44771,19.40488,18.95627,18.63771,3225,301,2,168,9.578231850310326e+18,GALAXY,0.1565722,8507,57878,732
83742,1.2376593249506437e+18,235.447875414007,47.0418745261231,23.66772,24.59076,21.9756,20.932,19.75629,3225,301,2,162,9.578196940816144e+18,GALAXY,0.898892,8507,57878,605
23990,1.2376593254879729e+18,237.0348467517,46.699587210174,20.75433,20.65168,20.58659,20.23113,20.12148,3225,301,3,169,9.57826593517079e+18,QSO,1.792006,8507,57878,856
90149,1.2376613876118986e+18,235.116082338531,45.6219943638512,23.01691,21.96979,21.64859,21.53164,21.94205,3705,301,4,211,9.57815488449638e+18,QSO,1.237915,8507,57878,452
58254,1.237659326561583e+18,237.38997887791,47.4843010859607,20.23743,20.66923,20.41172,20.38877,20.30497,3225,301,5,167,9.578280228821948e+18,QSO,2.034983,8507,57878,908
44433,1.237659326561387e+18,236.966057444216,47.7548323390517,21.2175,21.04518,20.75187,20.77361,20.6642,3225,301,5,164,9.578256314444044e+18,QSO,1.261037,8507,57878,821
19533,1.2376593260247127e+18,237.195931129068,47.2767166943036,25.09405,23.88708,21.57443,20.21669,19.4343,3225,301,4,167,9.578272257362647e+18,GALAXY,0.7197343,8507,57878,879
61470,1.2376593244142313e+18,236.24325179107,46.1529032468591,22.6141,21.26362,20.8419,20.69757,20.50622,3225,301,1,169,9.578104306961504e+18,STAR,-0.001179082,8507,57878,268
14078,1.2376593260252367e+18,238.280652467988,46.330171397209,22.03786,21.95057,21.66573,21.7005,21.44328,3225,301,4,175,9.57803531260686e+18,QSO,1.079719,8507,57878,17
69696,1.237659330310898e+18,237.41763808837,46.7833542036049,22.05788,21.77864,21.9251,21.47743,21.63014,3226,301,4,33,9.578287925403345e+18,QSO,1.754155,8507,57878,936
96561,1.2376591633452897e+18,234.43400543809,46.3507089639651,21.44573,21.36481,21.22015,21.2834,21.1466,3187,301,5,52,9.578172476682426e+18,QSO,1.372505,8507,57878,516
13037,1.2376593308471788e+18,236.438272784281,47.9811474411784,24.63467,22.57381,20.69135,19.99555,20.5697,3226,301,5,24,9.578223603973116e+18,STAR,-0.0002183157,8507,57878,702
78460,1.237659324951364e+18,237.190162924316,45.9865699827228,21.27096,21.23278,21.05203,20.71942,20.58649,3225,301,2,173,9.57807132161267e+18,QSO,1.546838,8507,57878,148
91453,1.2376613876118323e+18,234.912270378257,45.7892483718343,20.85561,20.52937,20.36637,20.2974,20.2258,3705,301,4,210,9.57815680864173e+18,QSO,2.108716,8507,57878,459
80268,1.237659324950774e+18,235.645618570086,46.8741310037008,20.00714,19.89293,19.86387,19.74205,19.54218,3225,301,2,164,9.578207935932422e+18,QSO,2.065997,8507,57878,645
95010,1.237659163345879e+18,235.772035925366,45.4722242821319,23.83376,21.59042,21.40853,21.49651,21.51607,3187,301,5,61,9.578131519874294e+18,QSO,2.955754,8507,57878,367
81198,1.2376576134144983e+18,183.488509798741,58.7452548850862,21.13643,21.40549,21.06225,21.18591,21.46204,2826,301,6,289,9.26976001499807e+18,QSO,1.213709,8233,57887,822
94419,1.237658609292477e+18,183.856456906427,58.3480986717644,20.93391,20.29912,19.91163,19.67796,19.82774,3058,301,5,21,9.26977155987016e+18,QSO,1.459449,8233,57887,864
4957,1.2376613537804454e+18,182.312183015441,57.9620782262427,22.13942,21.87469,21.36819,21.37219,20.6735,3697,301,5,80,9.26973197745156e+18,GALAXY,0.285773,8233,57887,720
5894,1.2376613537810355e+18,185.063099122623,57.9309154571347,22.59695,22.21058,21.84084,21.53584,22.28404,3697,301,5,89,9.269799047660851e+18,STAR,-0.0001262431,8233,57887,964
95869,1.2376586092925422e+18,183.94694298263,58.5402900342425,21.81129,21.4384,21.02226,21.14891,20.68871,3058,301,5,22,9.269774308649228e+18,GALAXY,0.3105853,8233,57887,874
1855,1.2376586082186035e+18,185.24372163614,58.0439619646314,21.70476,21.39324,21.2891,21.08268,21.05587,3058,301,3,19,9.269803720585271e+18,QSO,1.961427,8233,57887,981
6336,1.2376613537799864e+18,180.512624680291,57.9230399086898,25.14131,25.22279,22.23421,20.127,19.48292,3697,301,5,73,9.269699816736446e+18,GALAXY,0.0,8233,57887,603
6090,1.2376613537801833e+18,181.302395554388,57.895940936266,21.88939,20.98899,20.75633,20.52783,20.48381,3697,301,5,76,9.269688546742262e+18,STAR,-0.0003607856,8233,57887,562
80251,1.237657613414105e+18,181.677331923758,58.5168825215416,20.55955,20.47376,20.27565,20.1212,20.08068,2826,301,6,283,9.269707238439932e+18,QSO,1.42969,8233,57887,630
4920,1.2376613537803146e+18,181.909966912447,58.0835750693741,22.68135,21.40377,20.85025,20.62904,20.39717,3697,301,5,78,9.269720707457374e+18,STAR,-0.0002839704,8233,57887,679
6002,1.2376613537803796e+18,182.058115248631,58.052722036765,20.58641,19.74033,19.36374,19.21415,19.10815,3697,301,5,79,9.269717134044586e+18,STAR,-0.0006457433,8233,57887,666
59213,1.237657611266557e+18,181.695683657727,56.8326773613524,25.24031,22.61831,21.65195,20.80638,20.38898,2826,301,2,282,9.269649514079478e+18,STAR,-0.000359726,8233,57887,420
80348,1.237657613414105e+18,181.55328859831,58.6760591667537,21.13645,21.26932,21.24797,21.04731,20.85033,2826,301,6,283,9.269694594056217e+18,QSO,1.97388,8233,57887,584
6400,1.2376613537805107e+18,182.744688273272,57.9863006762857,22.64624,20.33521,19.39593,19.00372,18.85352,3697,301,5,81,9.2697415981783e+18,STAR,4.596781e-06,8233,57887,755
80051,1.2376576134140398e+18,181.51227250732,58.565084124083,20.23627,19.223,18.85256,18.72326,18.60482,2826,301,6,282,9.269695693567842e+18,STAR,-0.0004887612,8233,57887,588
10152,1.2376586082182764e+18,185.368749555654,57.3380882278214,22.40353,21.58157,21.29926,20.92633,20.94963,3058,301,3,14,9.269808668387596e+18,QSO,1.6259,8233,57887,999
83178,1.2376576134142364e+18,182.144315290592,58.7174432733512,22.13336,21.09376,20.94504,20.70192,20.49479,2826,301,6,285,9.26971658428877e+18,QSO,2.923007,8233,57887,664
97179,1.2376586092920837e+18,183.875438884838,57.4657214033449,22.03756,21.66375,21.33599,21.14729,20.79286,3058,301,5,15,9.26977953132946e+18,STAR,-0.0006744622,8233,57887,893
95067,1.2376586092922798e+18,183.846093540613,57.9250462588035,21.8832,21.60227,21.37705,21.09739,21.60067,3058,301,5,18,9.269775957916668e+18,QSO,1.508933,8233,57887,880
6257,1.2376613537810353e+18,185.010048989389,57.9290892685195,20.69421,20.7922,20.94557,21.42467,21.6145,3697,301,5,89,9.26979959741667e+18,QSO,2.681432,8233,57887,966
7271,1.237661353780904e+18,184.351600946192,57.9600907413922,21.76257,21.51099,21.57691,21.49536,21.85623,3697,301,5,87,9.269787227910857e+18,QSO,1.67555,8233,57887,921
7471,1.237661353780904e+18,184.34971562372,57.9231391596066,22.22472,21.50505,21.27328,20.88454,20.83344,3697,301,5,87,9.269788052544575e+18,QSO,1.836473,8233,57887,924
5156,1.23766135378038e+18,182.039981581113,58.0770110122023,20.9298,20.94951,20.93994,20.75786,20.6735,3697,301,5,79,9.26972043257947e+18,QSO,1.661754,8233,57887,678
84099,1.237657613414105e+18,181.601187539784,58.6154980906216,21.70482,21.38898,21.24272,21.26952,21.62519,2826,301,6,283,9.269705589172492e+18,QSO,1.654577,8233,57887,624
65093,1.2376553478134175e+18,225.252457905632,55.1952132606065,23.87523,21.73759,21.42264,21.55121,20.97942,2299,301,2,200,9.474586936725494e+18,QSO,3.124793,8415,57893,506
43112,1.2376593249501192e+18,234.253590829982,47.9044394099756,24.60854,22.42387,20.84778,19.88907,19.39301,3225,301,2,154,9.490335516648036e+18,GALAXY,0.5130968,8429,57893,455
69133,1.2376593249505777e+18,235.237773192056,47.2156044566011,25.321,24.71059,21.86129,20.81364,19.95705,3225,301,2,161,9.490287687892228e+18,GALAXY,0.8324385,8429,57893,281
54789,1.2376593265622387e+18,239.182374415069,46.4921625361796,21.91122,21.9278,22.16511,21.52011,21.98544,3225,301,5,177,9.577085884567937e+18,QSO,1.88526,8506,57893,659
56188,1.23765932656237e+18,239.36343719575,46.2086837201765,21.23724,21.09245,21.0256,21.16281,20.93667,3225,301,5,179,9.576990501934223e+18,QSO,0.9564738,8506,57893,312
25972,1.2376593260253025e+18,238.429047205924,46.3201651976413,21.31495,20.81786,20.53138,20.37693,20.53013,3225,301,4,176,9.577036681422592e+18,QSO,3.165761,8506,57893,480
27219,1.2376553483558592e+18,240.762058780673,46.9975758184377,24.14486,22.73841,21.49154,20.13899,19.37261,2299,301,3,285,9.577148556730718e+18,STAR,-7.538097e-05,8506,57893,887
28197,1.237659331383264e+18,234.678691426995,49.4072270367985,24.50217,23.37804,21.79679,20.56956,19.80744,3226,301,6,12,9.490384994671286e+18,GALAXY,0.8905065,8429,57893,635
5381,1.237659330847245e+18,236.658608151712,47.8500099773222,21.97807,20.48046,19.30223,18.82112,18.47878,3226,301,5,25,9.49023711035735e+18,GALAXY,0.2701849,8429,57893,97
32485,1.237659327097864e+18,236.375986713206,48.7691574953151,16.43133,16.31561,16.30245,16.30208,16.06311,3225,301,6,158,9.490456737805e+18,QSO,0.3996714,8429,57893,896
51673,1.2376593265625006e+18,239.602571431889,46.0904566867879,18.43003,17.56251,17.32049,17.22096,17.2134,3225,301,5,181,9.576980881207482e+18,STAR,-0.0005649914,8506,57893,277
84466,1.2376593270976686e+18,235.891983609415,48.9782599906416,23.03813,23.8627,21.80851,20.70554,19.94375,3225,301,6,155,9.490433373182908e+18,GALAXY,0.5521605,8429,57893,811
5502,1.2376593308463278e+18,234.155880929678,49.2053167805216,25.21838,25.23347,22.90833,21.30961,19.61768,3226,301,5,11,9.490364653706172e+18,GALAXY,0.8904148,8429,57893,561
30549,1.2376593313839196e+18,236.433496018339,48.3831522383911,24.13837,23.50769,22.24418,20.80315,19.88802,3226,301,6,22,9.49023985913642e+18,GALAXY,0.8317845,8429,57893,107
15654,1.2376593260239916e+18,235.239750611749,48.3896160166548,23.62222,24.43205,21.29372,20.00465,19.30535,3225,301,4,156,9.490294834717809e+18,GALAXY,0.7112612,8429,57893,307
80417,1.2376593249502495e+18,234.35882541552,47.7232718085548,21.17036,21.13538,21.18324,20.65412,20.5444,3225,301,2,156,9.490322872264317e+18,QSO,1.89092,8429,57893,409
27751,1.23765933138523e+18,239.823209616575,46.4126948770322,24.55302,22.43093,21.96873,20.97682,19.7454,3226,301,6,42,9.577118320160954e+18,GALAXY,0.8544275,8506,57893,777
27457,1.2376593313838538e+18,236.3049659136,48.4339572625096,22.8608,23.18765,22.07627,20.56052,19.79925,3226,301,6,21,9.490240958648048e+18,GALAXY,0.8339468,8429,57893,111
75335,1.2376553478135483e+18,225.576702516226,54.9805152157679,21.28465,20.84038,20.67944,20.35696,20.26956,2299,301,2,202,9.47459628257433e+18,QSO,1.482093,8415,57893,540
53616,1.2376593249499876e+18,233.792932320227,48.210812805161,22.10229,22.25386,21.95667,21.79505,22.20612,3225,301,2,152,9.490343762985245e+18,QSO,1.485855,8429,57893,485
84971,1.2376593270979308e+18,236.667306727104,48.6493179245801,25.18505,24.11571,21.59033,20.55518,19.85196,3225,301,6,159,9.490468557555e+18,GALAXY,0.61958,8429,57893,939
2958,1.237659326562108e+18,238.72985295563,46.7254057120472,23.99146,22.38129,21.02462,21.04587,21.22762,3225,301,5,175,9.577071590916772e+18,QSO,3.742577,8506,57893,607
32345,1.2376593270988475e+18,238.82329027034,47.1712748371461,21.70627,19.98676,19.31677,19.10953,19.00145,3225,301,6,173,9.577080112131887e+18,STAR,-0.0004423012,8506,57893,638
4325,1.2376593308470484e+18,235.940194358179,48.1489069855316,22.48235,23.32284,21.38266,20.35364,19.53742,3226,301,5,22,9.490260200101534e+18,GALAXY,0.5315481,8429,57893,181
4382,1.2376593308469176e+18,235.615841944846,48.3430520094273,26.49874,24.233,22.59829,20.85958,19.87276,3226,301,5,20,9.49027229472944e+18,GALAXY,0.8383002,8429,57893,225
32906,1.237659331383395e+18,234.991496094357,49.2025580605474,25.0001,24.71972,22.34801,20.81903,19.84421,3226,301,6,14,9.490398738566631e+18,GALAXY,0.6860332,8429,57893,685
75282,1.23765534781925e+18,240.84146441177,46.2541609473238,21.5675,21.14588,20.68887,20.46445,20.01616,2299,301,2,289,9.57693167806214e+18,QSO,0.9744552,8506,57893,98
80236,1.2376553478188567e+18,240.213191358209,46.9679554024695,19.92484,19.67157,19.58569,19.69655,19.64428,2299,301,2,283,9.577126016742349e+18,QSO,0.8984714,8506,57893,805
3430,1.237659330847048e+18,236.016211248825,48.1130405256613,23.46101,22.39233,21.7798,20.73678,19.69639,3226,301,5,22,9.490259650345722e+18,STAR,-0.0001508793,8429,57893,179
67422,1.2376593249499228e+18,233.579207041775,48.1716326404346,24.28914,25.24617,21.08222,20.03988,19.13001,3225,301,2,151,9.49034321322943e+18,GALAXY,0.7853062,8429,57893,483
76711,1.237655347817808e+18,237.598454489682,48.6492302233775,18.70598,17.73351,17.43312,17.31727,17.31074,2299,301,2,267,9.490215944758518e+18,STAR,-0.0007147279,8429,57893,20
1944,1.237659326025041e+18,237.723739444704,46.6849425759957,22.883,23.40868,21.91364,20.63966,19.89762,3225,301,4,172,9.577043003614454e+18,GALAXY,0.7957421,8506,57893,503
81499,1.2376553478134172e+18,225.082091335709,55.1451737160125,21.0632,21.31357,21.00175,20.96656,21.26654,2299,301,2,200,9.4745872116034e+18,QSO,1.242125,8415,57893,507
5452,1.237659330846459e+18,234.636360460279,49.0682677238162,23.91948,23.83289,22.44879,21.40988,19.91411,3226,301,5,13,9.49038719369454e+18,GALAXY,0.835508,8429,57893,643
49759,1.2376553478195776e+18,241.662654547135,45.8205584979712,21.94292,21.61454,21.38268,21.15078,20.62334,2299,301,2,294,9.576910787341214e+18,QSO,0.973052,8506,57893,22
68150,1.237659324950119e+18,234.255543444392,47.9369735258687,24.50494,23.02269,21.01286,20.14055,19.59127,3225,301,2,154,9.49033606640385e+18,GALAXY,0.5164526,8429,57893,457
74461,1.2376553478168906e+18,235.419798973379,50.1481074709793,21.66784,21.43752,21.22201,21.04976,20.17986,2299,301,2,253,9.490403686368958e+18,QSO,0.9443733,8429,57893,703
44150,1.2376593265623045e+18,239.24512154899,46.3411474925834,20.12541,20.09934,20.15856,19.88475,19.88468,3225,301,5,178,9.577003421195854e+18,QSO,1.875438,8506,57893,359
4568,1.2376593308488837e+18,240.390569541224,45.2453316611097,25.93329,23.84709,21.6176,20.39073,19.39324,3226,301,5,50,9.57693250269586e+18,GALAXY,0.8083718,8506,57893,101
65733,1.237655347814073e+18,227.19935233618,54.3435274946126,26.5371,23.23823,21.85803,19.92417,18.89003,2299,301,2,210,9.4745198665162e+18,STAR,-0.0002700104,8415,57893,262
80866,1.2376593249499876e+18,233.695194639963,48.0640852137532,21.56507,21.45145,21.0967,20.99344,21.19122,3225,301,2,152,9.490343488107336e+18,QSO,1.301312,8429,57893,484
4840,1.2376593308467868e+18,235.374715129809,48.558372406199,23.78104,24.82569,21.75267,20.50132,19.5185,3226,301,5,18,9.490287138136414e+18,GALAXY,0.8155054,8429,57893,279
15678,1.2376593260252367e+18,238.293616965741,46.3063753062501,21.7377,21.52477,21.68383,21.09054,20.78994,3225,301,4,175,9.577036131666778e+18,QSO,2.065325,8506,57893,478
30736,1.2376593313837883e+18,236.119585244907,48.5737550799953,23.0069,23.03063,22.12042,20.69159,19.85035,3226,301,6,20,9.49025415278758e+18,GALAXY,0.988191,8429,57893,159
29922,1.2376593313840507e+18,236.777621730106,48.1387928062901,21.73008,23.61744,22.53817,21.01595,19.92435,3226,301,6,24,9.490227764508514e+18,GALAXY,0.7536166,8429,57893,63
84372,1.2376553478135483e+18,225.593565476675,55.0379845354767,22.77836,22.04111,21.87964,21.56218,21.60257,2299,301,2,202,9.47459435842898e+18,QSO,0.822184,8415,57893,533
81375,1.23765534781925e+18,240.869927439364,46.291075550088,21.75444,20.29203,19.89612,19.83281,19.87633,2299,301,2,289,9.576930578550512e+18,STAR,-0.0004396599,8506,57893,94
43256,1.237659326560666e+18,235.285101133737,48.9164445487021,22.31085,22.01743,22.01436,21.58744,21.40652,3225,301,5,153,9.49041165782826e+18,QSO,0.603084,8429,57893,732
15257,1.2376593260260237e+18,240.240532668605,45.1478450129158,22.60491,22.31326,21.83767,21.89044,21.67297,3225,301,4,187,9.576949270248186e+18,QSO,1.150095,8506,57893,162
26298,1.237659331384968e+18,239.134665774423,46.8758556134348,23.82697,23.24812,21.6393,20.61962,19.8346,3226,301,6,38,9.577082036277238e+18,GALAXY,0.5621355,8506,57893,645
68762,1.2376593303112911e+18,238.512491966722,46.0916935907012,25.88407,22.60919,21.17428,19.58201,18.93763,3226,301,4,39,9.57702348728306e+18,STAR,-9.309249e-05,8506,57893,432
47249,1.2376593265628283e+18,240.358220452378,45.5177027312238,21.56041,21.31339,21.11333,21.03431,20.50002,3225,301,5,186,9.576935801230744e+18,GALAXY,0.7239589,8506,57893,113
69276,1.2376593303097843e+18,234.611739312916,48.4998691684961,25.25418,23.34963,21.99131,20.45338,19.68577,3226,301,4,16,9.490319573729432e+18,STAR,-8.031385e-05,8429,57893,397
84664,1.2376593270976684e+18,236.018370623264,48.9914741577405,21.98267,22.76597,21.63325,20.63253,19.87655,3225,301,6,155,9.490444918055e+18,QSO,0.7746097,8429,57893,853
2572,1.237659326562305e+18,239.190781417651,46.2969061296849,22.94794,21.75099,21.2757,20.54015,20.05972,3225,301,5,178,9.577003146317945e+18,QSO,0.8527468,8506,57893,358
31203,1.2376593260243192e+18,236.113728378714,47.9188929233272,21.49621,21.58769,21.30959,21.10123,21.61037,3225,301,4,161,9.490259925223629e+18,QSO,1.135846,8429,57893,180
28716,1.2376553483554657e+18,239.923621487797,47.6438040699411,22.63338,20.89525,20.05582,19.82785,19.6278,2299,301,3,279,9.577108699434211e+18,STAR,-0.0004001409,8506,57893,742
39983,1.2376593249501844e+18,234.278365495297,47.85634983585,24.80177,21.97729,20.36848,19.81995,19.44752,3225,301,2,155,9.490336616159664e+18,GALAXY,0.2951371,8429,57893,459
50018,1.23765932656237e+18,239.376869636631,46.3069290303065,21.21038,21.26694,20.90288,21.0288,20.73783,3225,301,5,179,9.57699270095748e+18,QSO,1.247121,8506,57893,320
10778,1.2376593260239916e+18,235.290091369529,48.4412884448245,21.43647,21.39091,21.12511,21.02755,20.51033,3225,301,4,156,9.490297308618971e+18,QSO,1.33527,8429,57893,316
55674,1.2376593265609285e+18,235.692586372442,48.5277940317497,23.61165,22.01783,20.6959,19.79724,19.39691,3225,301,5,157,9.49027586814223e+18,STAR,-0.0001291271,8429,57893,238
25221,1.2376553483557934e+18,240.600747527106,47.102606092537,23.88927,23.49154,22.0466,20.64474,19.61028,2299,301,3,284,9.577145807951649e+18,STAR,-0.0003719379,8506,57893,877
9513,1.2376593260243187e+18,236.213977021933,47.8440135754348,19.16815,18.17712,17.86283,17.74208,17.70526,3225,301,4,161,9.490245081816654e+18,STAR,-0.0009787049,8429,57893,126
33885,1.2376717674613967e+18,227.01925268085,56.4058877251678,21.85966,21.80301,21.95299,21.6793,21.85691,6122,301,2,17,9.474631192068512e+18,QSO,1.646958,8415,57893,667
13950,1.2376593308467855e+18,235.28285386257,48.5380887417415,23.90768,22.94725,20.82719,20.08317,21.27311,3226,301,5,18,9.4902984081306e+18,GALAXY,0.9336025,8429,57893,320
68634,1.23765534781925e+18,241.023345997299,46.2439038393243,19.82712,19.76492,19.42706,19.53882,19.61955,2299,301,2,289,9.576925630748189e+18,QSO,1.26671,8506,57893,76
26971,1.2376593313854267e+18,240.257550128461,46.0824585510487,23.45674,24.11468,22.03252,20.77953,19.9515,3226,301,6,45,9.576957241707483e+18,GALAXY,0.7102336,8506,57893,191
82096,1.2376553478142036e+18,227.624980979129,54.0691867752328,21.04507,20.52843,20.35607,20.20007,20.26465,2299,301,2,212,9.474506122620852e+18,QSO,1.454203,8415,57893,212
16364,1.2376593260249743e+18,237.865832855031,46.8154332558126,21.9634,19.68957,19.20311,18.24205,22.82691,3225,301,4,171,9.577044378003986e+18,GALAXY,0.05971116,8506,57893,508
51039,1.2376553478194468e+18,241.46094841321,45.9257648358012,22.26001,21.83019,21.65058,21.66639,21.06565,2299,301,2,292,9.576922881969115e+18,QSO,1.521161,8506,57893,66
28152,1.237671767461069e+18,225.952846986245,55.9783897189475,21.90092,21.63476,21.44448,21.17048,21.14541,6122,301,2,12,9.474597382085958e+18,QSO,1.954054,8415,57893,544
79566,1.2376593249503153e+18,234.642736339613,47.6173088789322,21.79088,19.85507,19.05653,18.74995,18.59968,3225,301,2,157,9.490323696898038e+18,STAR,2.429394e-05,8429,57893,412
79676,1.2376593249499215e+18,233.623243421149,48.2673973939257,20.19381,20.00227,19.82411,19.93926,20.00829,3225,301,2,151,9.490344037863152e+18,QSO,1.13702,8429,57893,486
37758,1.237655347814007e+18,226.845645922906,54.3425613349285,25.90411,23.10111,22.00603,20.73519,19.73911,2299,301,2,209,9.474530861632475e+18,STAR,-0.0002404044,8415,57893,302
26972,1.2376593313837228e+18,235.892968031287,48.675418007322,25.70041,23.10128,21.63499,20.27444,19.56777,3226,301,6,19,9.490435572206164e+18,GALAXY,0.7758427,8429,57893,819
86985,1.2376553478136143e+18,225.87246245993,54.8645453127367,22.65866,21.86427,21.59765,21.61063,20.8184,2299,301,2,203,9.474579515022006e+18,GALAXY,0.1600394,8415,57893,479
76449,1.2376553478191844e+18,240.933795085251,46.438142491815,21.96426,21.81038,21.70578,22.00398,22.16802,2299,301,2,288,9.576930303672605e+18,QSO,0.9298829,8506,57893,93
52113,1.2376593265623703e+18,239.389464046539,46.2426172780498,22.56537,22.00735,21.86836,21.66577,21.51836,3225,301,5,179,9.576992151201667e+18,GALAXY,0.9098836,8506,57893,318
86065,1.2376593270981926e+18,237.397830689051,48.2776611184145,24.14632,22.71696,21.8032,20.65514,19.9051,3225,301,6,163,9.490213195979446e+18,GALAXY,0.6220173,8429,57893,10
32933,1.2376593260258918e+18,239.905854413095,45.4304477660819,22.77859,21.57818,21.80297,21.63163,22.57037,3225,301,4,185,9.576961364876087e+18,QSO,2.20229,8506,57893,206
64141,1.2376553478139415e+18,226.802871986042,54.5254402456994,22.66753,21.5922,21.53105,21.22069,21.34831,2299,301,2,208,9.474545705039452e+18,QSO,2.548702,8415,57893,356
82627,1.237655347817677e+18,237.350152619678,48.8996731855527,21.89912,20.99483,21.12829,21.50226,21.59385,2299,301,2,265,9.490483126084063e+18,STAR,0.0001618734,8429,57893,992
27001,1.2376553483557276e+18,240.449567143948,47.2764846806593,22.17004,22.0296,21.52868,21.16347,21.37385,2299,301,3,283,9.074876526894536e+18,QSO,1.083014,8060,57894,448
90442,1.237671768535073e+18,225.824421102696,57.1897805846581,22.22433,21.99776,21.63763,21.55843,20.76933,6122,301,4,16,9.47577440930027e+18,QSO,1.39882,8416,57894,730
90156,1.2376717679985303e+18,227.338357659442,57.2116811408881,25.41774,23.47315,22.06904,20.7856,19.85998,6122,301,3,21,9.475818664643287e+18,GALAXY,0.7402591,8416,57894,891
79706,1.2376553478180705e+18,238.205559953907,48.1475691072219,19.95552,19.56075,19.55416,19.29784,19.20785,2299,301,2,271,9.499312204471886e+18,QSO,1.77277,8437,57894,344
15448,1.2376719392599583e+18,225.692173668831,56.1860527827036,22.92529,23.33172,21.36785,20.24863,19.4711,6162,301,2,15,9.475664183259585e+18,GALAXY,0.6527826,8416,57894,329
71322,1.2376719387234145e+18,227.29782311771,56.3296658509567,19.59624,18.98603,18.18668,17.68411,17.47836,6162,301,1,20,9.475612231335172e+18,QSO,0.1976535,8416,57894,140
44993,1.237671768534811e+18,224.912281729803,56.7578190684898,21.61399,21.87653,21.54316,21.5552,21.58749,6122,301,4,12,9.475683699590975e+18,QSO,1.243386,8416,57894,400
26275,1.2376553483552036e+18,239.303964215574,48.2126505973654,23.90571,21.78861,21.28431,21.11736,20.46843,2299,301,3,275,9.499271797419563e+18,QSO,2.89501,8437,57894,197
86253,1.237651250439718e+18,241.458483509643,49.0633337622429,26.85242,23.22987,21.40174,20.25348,19.57764,1345,301,2,583,9.074924630528252e+18,GALAXY,0.6810782,8060,57894,623
34977,1.237671767461528e+18,227.456174340346,56.7295615681509,21.77988,21.5521,21.47637,21.09006,20.51553,6122,301,2,19,9.47560783328866e+18,QSO,1.754987,8416,57894,124
72312,1.2376553499652265e+18,239.266283405224,49.9127969478757,23.37613,21.8377,21.4127,21.09458,20.66344,2299,301,6,266,9.499432600995123e+18,GALAXY,0.1531671,8437,57894,782
83306,1.2376551298362903e+18,242.389197839507,49.440946174396,20.9787,20.91865,20.51343,20.34317,20.07337,2248,301,4,85,9.074960089778248e+18,QSO,1.278926,8060,57894,752
80181,1.2376719397966318e+18,224.593999588779,56.3381818139411,22.02738,21.78011,21.27718,21.01014,20.87909,6162,301,3,12,9.47569414495144e+18,QSO,1.448015,8416,57894,438
82044,1.237671939796763e+18,225.143398110926,56.4289993517758,21.17263,20.95218,20.90944,20.77549,20.65677,6162,301,3,14,9.475672704474702e+18,QSO,2.18297,8416,57894,360
27644,1.237659331384378e+18,237.577256640342,47.6408842496977,26.38396,23.4601,21.70231,20.50264,19.81839,3226,301,6,29,9.499343265675368e+18,GALAXY,0.6334775,8437,57894,457
85829,1.2376512504403735e+18,242.842916701557,47.9104271863429,26.88678,23.01243,21.38076,20.17641,19.4528,1345,301,2,593,9.074806433028266e+18,GALAXY,0.7256289,8060,57894,193
83307,1.2376551298364874e+18,242.691860924995,49.1458023633945,24.4766,22.74141,21.61738,20.74747,19.80963,2248,301,4,88,9.07498317952243e+18,STAR,-0.0001676692,8060,57894,836
35781,1.2376717674615936e+18,227.814997778246,56.7351123410845,21.97827,21.76719,21.71801,21.57334,20.89586,6122,301,2,20,9.475600136707269e+18,QSO,2.316421,8416,57894,96
70040,1.2376553499653578e+18,239.658278859522,49.8302333217937,23.89467,23.17523,21.32239,20.36169,20.10403,2299,301,6,268,9.499455140983497e+18,GALAXY,0.5785431,8437,57894,864
52192,1.2376719403344202e+18,227.284791038539,57.8351791863961,22.04368,21.48318,21.12658,20.92569,20.99867,6162,301,4,26,9.475812617329334e+18,STAR,-1.057836e-05,8416,57894,869
88088,1.2376551298361592e+18,241.770718519594,49.6122557985765,22.5423,20.10152,19.30521,19.02443,18.83791,2248,301,4,83,9.074937000034064e+18,STAR,-0.000198239,8060,57894,668
25904,1.2376553483557934e+18,240.624158273528,47.1495464966329,26.17581,24.4141,22.4922,20.7149,19.87273,2299,301,3,284,9.074874877627096e+18,STAR,-0.0001372719,8060,57894,442
36055,1.237671767461594e+18,227.53406002911,56.8448926497877,24.09669,22.70078,21.21116,19.95901,19.22856,6122,301,2,20,9.475600411585174e+18,STAR,0.0001772504,8416,57894,97
73386,1.2376553499661435e+18,241.404167104167,48.4683793762875,21.56083,21.31706,21.3488,21.26641,21.21206,2299,301,6,280,9.074919957603834e+18,QSO,1.725263,8060,57894,606
79535,1.2376551298365524e+18,242.907143843718,48.9998246249889,19.66359,19.51826,19.67197,19.34966,19.43252,2248,301,4,89,9.074995274150337e+18,QSO,1.804849,8060,57894,880
31363,1.2376553483556623e+18,240.358933313834,47.4166171947802,24.05484,23.48099,21.62327,20.46683,19.66704,2299,301,3,282,9.074887247132908e+18,STAR,9.856582e-05,8060,57894,487
70682,1.2376553499652262e+18,239.189064332913,49.9709379363516,21.67411,21.74738,21.38008,21.26182,21.1557,2299,301,6,266,9.499432326117218e+18,QSO,1.367238,8437,57894,781
87689,1.2376512504401766e+18,242.281425336434,48.2572474755183,24.56391,23.28507,21.6792,20.6423,19.91972,1345,301,2,590,9.074967511481736e+18,GALAXY,0.7443711,8060,57894,779
72625,1.237655349965423e+18,239.620624988187,49.5681390022128,22.25265,21.86181,21.7513,21.90608,22.88196,2299,301,6,269,9.499446344890472e+18,QSO,2.603813,8437,57894,832
79001,1.237655129836225e+18,242.079346544333,49.4860501471576,21.40639,21.35017,21.32449,21.14257,20.68561,2248,301,4,84,9.074951293685224e+18,QSO,1.937471,8060,57894,720
99237,1.2376717679983342e+18,226.861750655329,56.9254616214359,23.3952,22.90211,21.76208,20.50268,19.73094,6122,301,3,18,9.475809868550265e+18,GALAXY,0.8790419,8416,57894,859
30737,1.2376593313841815e+18,236.981585564899,48.0031137926895,25.43202,23.70026,22.13121,20.85014,19.94178,3226,301,6,26,9.49935041250095e+18,GALAXY,0.6976048,8437,57894,483
82190,1.2376719397969595e+18,225.71541880938,56.7155206563411,20.89031,20.59305,20.44339,20.09715,19.91958,6162,301,3,17,9.47566006009098e+18,QSO,0.5514308,8416,57894,314
85620,1.237655347818529e+18,239.136959705999,47.478722527554,21.93248,21.72621,21.60691,21.63049,21.24962,2299,301,2,278,9.499275920588167e+18,QSO,2.113104,8437,57894,212
4232,1.2376551287626796e+18,241.650036104146,48.7205307381846,23.96213,26.88175,22.44767,20.96679,18.06011,2248,301,2,87,9.074941123202668e+18,STAR,0.0005559708,8060,57894,683
44887,1.237671768535008e+18,225.704542695816,56.9247087932928,23.13059,23.20797,21.77582,20.54992,19.6496,6122,301,4,15,9.475765613207249e+18,STAR,-3.218649e-05,8416,57894,698
73115,1.2376553499657513e+18,240.493599819706,48.9744265851344,23.70537,23.41167,22.0412,20.81571,19.9248,2299,301,6,274,9.499484552919536e+18,GALAXY,0.7173111,8437,57894,971
61313,1.2376717685354662e+18,227.090131190106,57.5567802602887,21.53016,21.08887,20.86337,20.702,20.47699,6122,301,4,22,9.47581564098631e+18,QSO,2.2049,8416,57894,880
65144,1.23765534781866e+18,239.575817850101,47.3491747419892,20.56866,20.68158,20.36554,20.3972,20.76283,2299,301,2,280,9.49925228108817e+18,QSO,1.223474,8437,57894,126
85677,1.2376593270980618e+18,236.930860447705,48.3454470652653,25.60534,23.06101,21.5474,20.54249,19.86483,3225,301,6,161,9.499353711035832e+18,GALAXY,0.6439361,8437,57894,495
79932,1.2376551298366835e+18,243.225555801989,48.7662185596123,21.32992,21.084,20.86621,20.63932,20.18265,2248,301,4,91,9.074996373661964e+18,QSO,0.7165067,8060,57894,884
15864,1.237655128762876e+18,241.936958061853,48.3102727435252,25.09484,24.32952,21.04043,19.96657,19.1599,2248,301,2,90,9.074954867098016e+18,GALAXY,0.8119282,8060,57894,733
34023,1.23767176746179e+18,228.362941854189,56.961345920242,21.8279,21.57563,21.10975,20.6444,20.57558,6122,301,2,23,9.47584807657933e+18,QSO,1.870884,8416,57894,998
47278,1.2376717685356628e+18,227.849056917966,57.8519305398702,19.8425,19.80679,19.67645,19.7183,19.67022,6122,301,4,25,9.475833782928169e+18,QSO,1.044899,8416,57894,946
98576,1.2376551298370107e+18,243.68158505445,48.1852420585772,18.16564,17.25702,16.90446,16.75144,16.72086,2248,301,4,96,9.074764376708504e+18,STAR,-0.0004152182,8060,57894,40
78846,1.2376551298371425e+18,244.009775019799,47.9444597469543,20.996,20.70713,20.70018,20.7492,20.33315,2248,301,4,98,9.074756680127108e+18,QSO,2.465354,8060,57894,12
80513,1.2376719397967626e+18,224.903189340512,56.4282330497725,19.16916,17.77048,17.30722,17.11413,17.04445,6162,301,3,14,9.475682050323536e+18,STAR,-0.0001601852,8416,57894,394
78054,1.2376553478176113e+18,237.107889888078,48.977474038509,24.94587,23.51372,21.75471,20.55084,19.86587,2299,301,2,264,9.499361407617229e+18,GALAXY,0.5688995,8437,57894,523
72405,1.237655349966013e+18,241.326910679057,48.6573129123556,21.17538,20.65604,20.46445,20.56131,19.99804,2299,301,6,278,9.0749185832143e+18,QSO,2.253317,8060,57894,601
85738,1.237659327097931e+18,236.665292831983,48.5820002063555,24.36893,22.65697,21.7129,20.6002,19.87219,3225,301,6,159,9.499358658838155e+18,GALAXY,0.6124161,8437,57894,513
40720,1.2376717674617244e+18,227.993617898643,56.8962671344969,20.87529,20.52689,20.08667,19.96605,19.95884,6122,301,2,22,9.475842029265375e+18,QSO,1.371024,8416,57894,976
26478,1.2376553483550067e+18,238.788235510835,48.3898635935544,22.01377,21.55381,21.34107,21.04408,20.77766,2299,301,3,272,9.499290489117235e+18,QSO,1.520625,8437,57894,265
86322,1.2376593270982584e+18,237.414164713307,48.1873874956686,27.15717,23.49242,21.70061,20.52175,19.87272,3225,301,6,164,9.49934876323351e+18,GALAXY,0.579851,8437,57894,477
31701,1.2376553483551375e+18,239.226754953309,48.2352626976059,21.60819,21.69709,21.89342,21.84654,20.98543,2299,301,3,274,9.499271522541656e+18,QSO,1.965022,8437,57894,196
79788,1.237661957762384e+18,216.48270348758,47.189997692242,22.2028,21.88636,21.7491,21.64036,21.32732,3838,301,2,113,9.49810796437834e+18,QSO,1.936406,8436,57895,59
19698,1.2376549537383716e+18,245.298209237996,50.2630018937678,21.54278,21.39744,21.97433,21.8885,22.78404,2207,301,4,20,9.073838313056788e+18,GALAXY,0.04667574,8059,57895,767
98888,1.2376623008245358e+18,214.928724527582,47.3763298005315,24.22253,22.87348,21.65668,20.36408,19.64106,3918,301,1,138,9.498152494599264e+18,GALAXY,0.6842315,8436,57895,221
66809,1.2376623018982776e+18,215.525231921816,48.202138829642,23.97214,22.28829,21.77888,21.34081,21.2992,3918,301,3,138,9.498337762308545e+18,QSO,1.550056,8436,57895,895
71082,1.2376619593720136e+18,214.104363604063,49.3784027076172,20.31777,20.216,19.68522,19.61008,19.67456,3838,301,5,98,9.49827426551204e+18,QSO,1.402265,8436,57895,664
80792,1.2376619577620567e+18,215.429868713848,47.4984073463725,23.759,22.78893,21.47637,20.84407,20.34538,3838,301,2,108,9.49813132900043e+18,GALAXY,0.4202922,8436,57895,144
44537,1.2376623018979494e+18,214.476681908139,48.3957345821248,21.37581,21.5848,21.4929,21.32001,20.95593,3918,301,3,133,9.498291033064364e+18,QSO,2.009517,8436,57895,725
74691,1.2376515398003594e+18,245.187067966675,51.4230376726572,22.90705,21.85261,21.79983,21.74555,21.33015,1412,301,5,388,9.073831441109114e+18,QSO,0.7702646,8059,57895,742
78732,1.237661212043641e+18,214.682368378399,46.6200704615098,21.1384,21.20557,20.69897,20.48734,20.79958,3664,301,5,36,9.498169262151588e+18,QSO,1.460553,8436,57895,282
90976,1.237662700791137e+18,247.225781684799,50.6054711322973,23.51259,21.68631,21.21196,20.82296,20.27298,4011,301,2,104,9.073897961562592e+18,STAR,0.002209958,8059,57895,984
67025,1.2376515398005555e+18,245.593060047111,50.9985266751051,18.30444,17.39453,17.15462,17.02039,17.00919,1412,301,5,391,9.073844910126552e+18,STAR,-0.0005261239,8059,57895,791
49969,1.2376515398005563e+18,245.740493572579,51.0393364862846,23.11777,22.77899,21.57432,20.45137,19.67406,1412,301,5,391,9.073853706219576e+18,GALAXY,0.5550933,8059,57895,823
57487,1.237661958298469e+18,214.184688865455,48.3053221357423,25.4304,23.28799,21.63661,20.62192,19.95891,3838,301,3,101,9.49827069209925e+18,GALAXY,0.5857214,8436,57895,651
65357,1.2376619582989276e+18,215.609304705286,47.8634132420412,24.68169,23.34606,21.38567,20.36108,19.64551,3838,301,3,108,9.49813490241322e+18,GALAXY,0.7370285,8436,57895,157
99657,1.2376623008248635e+18,216.030848866706,47.069496308693,23.49342,23.00676,21.74553,20.46245,19.70029,3918,301,1,143,9.49811785998299e+18,GALAXY,0.8447684,8436,57895,95
89828,1.2376612120434447e+18,213.906130364346,46.7746079078328,23.49634,22.6373,21.87964,20.58463,19.91592,3664,301,5,33,9.498204721401584e+18,GALAXY,0.6726696,8436,57895,411
88250,1.2376619588356672e+18,215.611400534891,48.5005389754545,20.42043,18.85268,18.07428,17.69873,17.45603,3838,301,4,106,9.498345184012032e+18,GALAXY,0.07528807,8436,57895,922
70418,1.2376582061306022e+18,214.150127512063,47.2921873460043,20.99911,20.93933,20.81468,20.45965,20.49958,2964,301,6,451,9.498196200186468e+18,QSO,1.830508,8436,57895,380
19365,1.2376582061305367e+18,214.12929777438,47.3274449673523,22.00648,21.56374,21.0022,20.45201,20.55386,2964,301,6,450,9.49819592530856e+18,GALAXY,0.6331318,8436,57895,379
75046,1.2376551309108193e+18,244.986394452399,48.5200553423733,23.77838,23.67176,22.65346,20.85031,19.78981,2248,301,6,97,9.073704722394012e+18,GALAXY,0.7634003,8059,57895,281
81009,1.2376549489157092e+18,244.195428583755,50.493117263955,23.09656,23.41508,21.84914,20.7329,19.72966,2206,301,3,160,9.07378223796377e+18,GALAXY,0.9799305,8059,57895,563
79571,1.2376619577613356e+18,213.099930077261,48.2265503897702,21.86916,21.85473,21.81886,21.70644,21.37812,3838,301,2,97,9.498237981628324e+18,QSO,2.018296,8436,57895,532
63257,1.2376517142598129e+18,244.896959926342,49.5930642050068,23.3842,23.51402,21.41557,20.23523,19.57514,1453,301,2,28,9.073711869219592e+18,GALAXY,0.5422783,8059,57895,307
73390,1.2376517142601416e+18,245.537657015026,48.9377729582149,25.82568,23.57477,22.80779,20.98698,19.91296,1453,301,2,33,9.073696476056804e+18,GALAXY,0.9531596,8059,57895,251
69999,1.2376619593723412e+18,215.105574610093,49.0992408210882,20.32689,20.03136,19.70692,19.70344,19.65191,3838,301,5,103,9.498318520855058e+18,QSO,1.156469,8436,57895,825
40284,1.2376623024353446e+18,216.328953429434,48.348517277326,21.16645,22.21913,21.13076,21.1913,20.75041,3918,301,4,141,9.498356728884126e+18,QSO,0.9320692,8436,57895,964
54224,1.2376619577621883e+18,215.71344372115,47.4329327217166,26.96341,22.477,21.25948,19.94807,18.92129,3838,301,2,110,9.49811950925043e+18,GALAXY,0.8700598,8436,57895,101
92095,1.2376627007910054e+18,246.953460176458,50.9053094603325,21.92746,21.63503,21.25059,21.16194,20.98945,4011,301,2,102,9.073888065957944e+18,QSO,1.14732,8059,57895,948
19217,1.237658206131192e+18,215.95685199318,46.7779695288334,21.90765,20.20233,19.463,19.1847,19.05111,2964,301,6,460,9.49810329145392e+18,STAR,-0.0006948122,8436,57895,42
74825,1.237651714260206e+18,245.809195672727,48.8947618208665,24.81597,23.11562,21.17389,20.0332,19.39136,1453,301,2,34,9.07367338631262e+18,GALAXY,0.6227081,8059,57895,167
43821,1.2376623018979494e+18,214.504890194872,48.4574984002117,21.70556,21.39952,21.25393,20.88683,20.81287,3918,301,3,133,9.498291857698085e+18,QSO,1.925898,8436,57895,728
74553,1.23766121204351e+18,214.047530828823,46.6994226068898,20.94836,20.8765,20.63068,20.54896,20.4576,3664,301,5,34,9.498190977506236e+18,QSO,0.9385549,8436,57895,361
51782,1.237659324416721e+18,241.790057029202,42.1158834435645,17.94066,16.98741,16.65219,16.61366,16.50799,3225,301,1,207,9.601902686690894e+18,STAR,-0.0001485881,8528,57896,830
53056,1.2376593244162624e+18,240.701962276144,42.8508670303316,20.35872,18.73141,18.09071,17.83649,17.70416,3225,301,1,200,9.601841938673455e+18,STAR,-0.0001502985,8528,57896,609
82717,1.237659324953854e+18,242.690350317896,41.9855074905445,26.17818,23.05955,21.37865,20.21389,19.4914,3225,301,2,211,9.60193154887112e+18,GALAXY,0.7388464,8528,57896,935
65390,1.2376593244171807e+18,242.849305185059,41.3695765214282,24.71759,23.26001,21.11594,20.08246,19.43789,3225,301,1,214,9.601681409975802e+18,GALAXY,0.589457,8528,57896,25
32390,1.2376613865408435e+18,240.486281259089,41.0011631344687,23.25371,23.6355,22.08862,20.72812,19.93226,3705,301,2,252,9.601786963092068e+18,GALAXY,0.6711511,8528,57896,409
61290,1.237659324417115e+18,242.596312001684,41.361974405109,23.17477,22.35953,21.97185,21.64115,21.57044,3225,301,1,213,9.601702300696728e+18,STAR,-0.0007296049,8528,57896,101
55068,1.237659324416722e+18,241.80574927241,42.0891082638295,26.22622,23.45551,21.9941,20.63706,19.86266,3225,301,1,207,9.6019029615688e+18,GALAXY,0.6105465,8528,57896,831
38928,1.23766138654045e+18,239.766820017697,41.566564015426,21.72595,21.89833,21.65487,21.68653,21.75871,3705,301,2,246,9.601809503080438e+18,QSO,1.05125,8528,57896,491
52304,1.2376593244163937e+18,241.142262226839,42.6937987754673,20.13356,20.19886,20.17039,19.98997,19.75992,3225,301,1,202,9.60186585305136e+18,QSO,1.957502,8528,57896,696
63394,1.2376591628116303e+18,241.506388043123,41.1811406450632,23.03312,22.01765,21.4703,21.26708,21.14761,3187,301,4,101,9.601745456528122e+18,QSO,1.211878,8528,57896,258
99880,1.2376591633489595e+18,242.71722214965,40.6329519403772,21.56459,21.56127,21.21139,21.30722,20.64847,3187,301,5,108,9.601685808022313e+18,QSO,1.175413,8528,57896,41
13773,1.237661387077256e+18,239.897824419278,41.8500648924506,22.86735,22.82213,21.35067,20.10643,19.37141,3705,301,3,245,9.601828194778108e+18,GALAXY,0.6436785,8528,57896,559
69622,1.2376613876140608e+18,240.048762064783,42.3598317076521,20.13391,19.08434,18.89069,18.78263,18.82258,3705,301,4,244,9.601834516969968e+18,STAR,-0.0007455592,8528,57896,582
72050,1.2376593249536576e+18,242.284224723642,42.2144490172891,23.70358,23.53717,21.59424,20.33978,19.6541,3225,301,2,208,9.60191835473159e+18,GALAXY,0.7490005,8528,57896,887
67386,1.237659324416197e+18,240.629614081236,43.0139512338884,25.8603,21.97503,21.65146,20.5828,19.86536,3225,301,1,199,9.6018397396502e+18,GALAXY,0.8201786,8528,57896,601
87351,1.2376591633483704e+18,241.674278351125,41.6387842587149,24.30005,23.53161,21.40067,20.24932,19.60191,3187,301,5,99,9.601738584580446e+18,GALAXY,0.8552243,8528,57896,233
46289,1.237659162811892e+18,242.071075614353,40.6174617270272,21.52908,21.34976,21.19724,21.15841,20.9421,3187,301,4,105,9.601719068249051e+18,QSO,1.327351,8528,57896,162
86280,1.2376593244165256e+18,241.421361129396,42.4279667305813,23.94178,24.32154,22.01407,20.44269,19.72024,3225,301,1,204,9.601873274754849e+18,GALAXY,0.7586175,8528,57896,723
93598,1.237659163348763e+18,242.375475091831,41.0114758952601,23.83827,21.42951,20.49526,21.51364,19.98821,3187,301,5,105,9.601711096789754e+18,STAR,-0.0002201411,8528,57896,133
66389,1.237661387614454e+18,240.949196714604,41.739729143532,21.04075,20.73882,20.34299,20.00782,19.59936,3705,301,4,250,9.60177321919672e+18,QSO,1.468162,8528,57896,359
55883,1.237659324953789e+18,242.599105053518,42.1101340666247,19.53598,19.16282,18.59362,17.98563,17.85844,3225,301,2,210,9.6019307242374e+18,QSO,1.754125,8528,57896,932
67445,1.2376593249533297e+18,241.722232800093,42.8810700004748,19.12138,18.65933,18.76867,18.71502,18.47055,3225,301,2,203,9.60188564426066e+18,QSO,2.298019,8528,57896,768
61859,1.2376593244172457e+18,242.855128431366,41.1235348552034,22.0871,21.60084,21.43256,21.09295,21.01146,3225,301,1,215,9.601689381435103e+18,QSO,1.709219,8528,57896,54
23671,1.2376591628113677e+18,240.942248749267,41.491744061342,18.91717,17.98333,17.72143,17.6155,17.62354,3187,301,4,97,9.60177074529556e+18,STAR,-0.0002626755,8528,57896,350
67384,1.2376593244161976e+18,240.647823729442,42.9251855117377,23.13597,24.70481,21.47589,20.14971,19.33514,3225,301,1,199,9.60061543346945e+18,GALAXY,0.7792028,8527,57897,243
5650,1.2376515387249137e+18,240.106206504503,53.9061691332395,21.17218,20.99805,20.90584,20.56972,20.22663,1412,301,3,362,9.472263668723114e+18,QSO,1.516013,8413,57897,246
99802,1.2376593292389263e+18,240.750976777756,43.2651553116552,23.26729,23.72104,22.13562,20.83452,19.91541,3226,301,2,60,9.600618732004334e+18,GALAXY,0.9455376,8527,57897,255
47053,1.2376593265636808e+18,242.412728603394,44.1667745321462,21.62435,21.38684,21.09482,20.94333,20.61893,3225,301,5,199,9.60055963325434e+18,QSO,1.998903,8527,57897,40
49713,1.2376593265632878e+18,241.548087334096,44.8043498335854,25.99326,23.34073,21.91056,20.60623,19.75991,3225,301,5,193,9.60080070117873e+18,STAR,-6.12372e-05,8527,57897,917
5653,1.2376593265630904e+18,241.011783368251,45.1655074146589,24.6344,24.9579,24.36584,21.30607,19.8457,3225,301,5,190,9.600774862655478e+18,STAR,-0.0001153497,8527,57897,823
73083,1.237654948913349e+18,238.604043569546,54.6927608012651,26.46521,23.36529,21.4491,20.43768,19.64318,2206,301,3,124,9.472327165519616e+18,GALAXY,0.6162901,8413,57897,477
18461,1.2376515387249792e+18,240.398030350667,53.7930049615955,22.27009,21.88004,21.86718,21.62646,21.52725,1412,301,3,363,9.472252673606834e+18,QSO,1.534632,8413,57897,206
3334,1.2376593265635494e+18,242.135791219427,44.4499582206564,21.91287,21.85183,21.73284,21.66195,21.54125,3225,301,5,197,9.60081059678338e+18,QSO,1.84669,8527,57897,953
48324,1.2376593265632215e+18,241.289903536809,44.8229731829104,20.1657,19.90134,19.75726,19.72211,19.47437,3225,301,5,192,9.600788331672918e+18,QSO,2.073852,8527,57897,872
26872,1.23765932602622e+18,240.491124040571,44.7909034058479,21.39297,21.59912,21.09258,21.22718,21.19286,3225,301,4,190,9.600746550231065e+18,QSO,1.149812,8527,57897,720
7265,1.2376515387243236e+18,238.622169060639,55.0246418815101,22.3223,21.6823,21.71136,21.19033,20.78869,1412,301,3,353,9.472354378432406e+18,GALAXY,0.06576809,8413,57897,576
43599,1.2376593260266788e+18,241.796914259627,44.0621466265381,21.18978,20.84178,20.30882,20.46576,20.31056,3225,301,4,197,9.600569803736895e+18,QSO,1.144522,8527,57897,77
48315,1.2376593265632878e+18,241.628492893055,44.8035848492542,23.7711,22.21846,21.35879,20.51696,20.23098,3225,301,5,193,9.600803175079893e+18,QSO,1.575391,8527,57897,926
44415,1.237651539798852e+18,241.706138779777,54.1966675064129,25.15072,22.92718,21.30303,20.17105,19.48865,1412,301,5,365,9.472211716798702e+18,GALAXY,0.5768451,8413,57897,57
96465,1.237654950523962e+18,240.094176087016,55.5656457838412,22.5183,23.1759,21.22751,20.19883,19.46494,2206,301,6,124,9.47240413133356e+18,GALAXY,0.6100051,8413,57897,757
11129,1.237659330849145e+18,241.143780025816,44.8727513889206,21.95284,22.00804,22.09358,21.51574,21.48395,3226,301,5,54,9.600778985824082e+18,QSO,1.493705,8527,57897,838
26903,1.2376593313864755e+18,242.624256309009,44.3782937391573,23.08052,24.08435,21.73688,20.52988,19.71774,3226,301,6,61,9.6008232411671e+18,GALAXY,0.8100063,8527,57897,999
27597,1.2376593313862129e+18,241.939093271063,44.8583549011012,24.11883,22.6408,21.79638,20.66025,19.95303,3226,301,6,57,9.60081719385315e+18,GALAXY,0.7218812,8527,57897,977
23718,1.237659327100028e+18,241.706758050617,45.2924020603451,26.38888,22.75269,21.94662,20.65172,19.56988,3225,301,6,191,9.60079630313222e+18,GALAXY,0.878472,8527,57897,901
5863,1.2376627013253207e+18,241.778407476723,55.8938223667239,23.83855,22.66135,21.31831,20.25306,19.57792,4011,301,3,63,9.472455808380064e+18,STAR,-7.194582e-05,8413,57897,945
54299,1.237651539798656e+18,241.253064962931,54.5275330267526,24.1183,23.3337,21.57689,20.2216,19.3744,1412,301,5,362,9.472215015333585e+18,GALAXY,0.7676678,8413,57897,69
5624,1.2376593260262203e+18,240.592645628081,44.7461957191406,25.22206,22.81431,21.63218,20.33277,19.82315,3225,301,4,190,9.600749299010132e+18,STAR,6.0525e-05,8527,57897,730
71458,1.2376515397988518e+18,241.60602747572,54.1474954770869,22.69411,21.81145,21.34429,21.21408,21.21936,1412,301,5,365,9.472211441920793e+18,QSO,1.522918,8413,57897,56
19384,1.237651539261457e+18,239.870014649436,54.697470083803,24.38883,21.95415,20.46263,19.95095,19.6436,1412,301,4,357,9.472270815548692e+18,GALAXY,0.3082224,8413,57897,272
75462,1.237651539798262e+18,240.223874230725,55.1258563792381,21.81973,20.92974,20.57434,20.48023,20.3172,1412,301,5,356,9.472408254502164e+18,STAR,-0.0006283387,8413,57897,772
16119,1.23765494998696e+18,239.195500479042,55.3686573487918,20.61726,20.26219,20.13624,19.96065,19.98799,2206,301,5,122,9.472372520374262e+18,QSO,1.505232,8413,57897,642
73354,1.23765494891348e+18,238.999327019717,54.4302751655326,21.13959,20.56803,20.51416,20.10295,19.84846,2206,301,3,126,9.47230160187427e+18,QSO,0.6093722,8413,57897,384
6709,1.2376515387244552e+18,238.939627866485,54.6117223765943,23.52305,22.20789,21.96211,21.80149,21.55213,1412,301,3,355,9.472314521135897e+18,QSO,1.062794,8413,57897,431
91754,1.2376627007887117e+18,241.88376716602,55.221313268467,19.36167,18.89103,18.90834,18.70654,18.95924,4011,301,2,67,9.472463230083551e+18,QSO,0.6155099,8413,57897,972
65659,1.2376593249526753e+18,240.320528135056,43.8616387442799,22.48489,22.70352,21.50676,21.45835,21.44964,3225,301,2,193,9.60063440004503e+18,QSO,1.291661,8527,57897,312
28930,1.2376593260265482e+18,241.510468026006,44.3010429081695,22.26025,22.01097,21.73776,22.22365,21.27719,3225,301,4,195,9.600796028254312e+18,QSO,0.9516402,8527,57897,900
15727,1.237654949987025e+18,239.353963698646,55.391238023047,20.1538,19.74234,19.31396,19.29645,19.38161,2206,301,5,123,9.472383240612633e+18,QSO,1.143417,8413,57897,681
42891,1.237651539261064e+18,238.900369015362,55.4641846430979,22.83011,22.99782,21.75261,20.55964,19.81183,1412,301,4,351,9.47237169574054e+18,GALAXY,0.6765605,8413,57897,639
69823,1.237651539798524e+18,240.890687945726,54.6294124905737,20.04877,19.87114,19.82422,19.83286,19.6226,1412,301,5,360,9.47223783019986e+18,QSO,0.7768947,8413,57897,152
71409,1.237654948914e+18,240.228054125296,53.589958050995,21.31018,19.28523,18.36793,17.97547,17.67485,2206,301,3,134,9.47225212385102e+18,GALAXY,0.1101098,8413,57897,204
5541,1.2376515387241925e+18,238.294650133171,55.1575636230982,21.41372,21.34771,21.46674,20.94366,20.74328,1412,301,3,351,9.472342283804498e+18,QSO,2.042739,8413,57897,532
5542,1.2376515387250447e+18,240.6366934707,53.703565869914,20.56801,20.3878,20.27324,20.1474,19.93315,1412,301,3,364,9.472242778002184e+18,QSO,2.15128,8413,57897,170
5997,1.2376515387243236e+18,238.448655100225,54.8866729320778,20.99692,20.81681,20.44128,20.57031,20.15366,1412,301,3,353,9.472343933071942e+18,GALAXY,0.3532664,8413,57897,538
5396,1.23765153872511e+18,240.44991564435,53.5493059160651,22.2071,21.25868,21.06165,21.08308,20.79038,1412,301,3,365,9.472240578978929e+18,QSO,2.68181,8413,57897,162
5395,1.2376515387247823e+18,239.724892314401,54.1097520614702,22.01122,21.59433,21.65927,21.79289,22.22059,1412,301,3,360,9.47227741261846e+18,STAR,-0.0002920003,8413,57897,296
12799,1.2376593308492106e+18,241.189282681307,44.7221179243873,21.76198,21.46507,21.39448,21.28217,22.57588,3226,301,5,55,9.600779810457805e+18,GALAXY,0.04376762,8527,57897,841
3493,1.2376593265634186e+18,241.847352248364,44.5372017666413,21.6887,21.56305,21.2904,20.92466,20.95391,3225,301,5,195,9.600809222393846e+18,QSO,1.52268,8527,57897,948
5613,1.2376515387244552e+18,239.108652719072,54.7490552859759,22.87555,21.98128,21.86592,21.70866,21.20729,1412,301,3,355,9.472305450164967e+18,QSO,2.521066,8413,57897,398
47645,1.2376593265628943e+18,240.709830550281,45.4729573982356,25.3326,23.07911,21.63925,19.91175,19.16375,3225,301,5,187,9.600763317783386e+18,STAR,-8.303837e-05,8527,57897,781
3037,1.2376593260265477e+18,241.308909672554,44.3065960403778,25.335,22.54641,21.7947,21.89936,21.22657,3225,301,4,195,9.600785033138037e+18,QSO,1.146733,8527,57897,860
54289,1.2376593249527404e+18,240.351429624866,43.862146351182,20.4735,20.45731,20.26976,20.34292,20.25447,3225,301,2,194,9.600631651265962e+18,QSO,1.087035,8527,57897,302
51938,1.2376593260261545e+18,240.37193359808,44.9027142708322,21.76616,20.91695,20.95384,21.03802,20.73672,3225,301,4,189,9.60074517584153e+18,QSO,2.420701,8527,57897,715
51477,1.237659326563222e+18,241.431205614904,44.8826688929359,22.2059,21.78828,21.87362,22.11841,21.25186,3225,301,5,192,9.60078998094036e+18,QSO,2.0829,8527,57897,878
24768,1.237659325489742e+18,240.93753725003,43.872840896866,21.5722,21.21208,21.12885,20.98522,21.0294,3225,301,3,196,9.600610210789218e+18,QSO,2.044864,8527,57897,224
30696,1.2376593313860165e+18,241.524503028852,45.1184372672371,23.61389,22.67116,21.41681,20.16739,19.48778,3226,301,6,54,9.600796852888031e+18,GALAXY,0.6286467,8527,57897,903
90600,1.237654950524552e+18,241.528573262818,54.5066720477728,25.18611,22.92093,21.47981,20.48177,19.80869,2206,301,6,133,9.472215565089397e+18,GALAXY,0.5304217,8413,57897,71
40861,1.2376593260260232e+18,240.16184637128,45.0877929335406,20.47543,20.16044,20.06257,19.92973,19.72906,3225,301,4,187,9.600733905847343e+18,QSO,2.037963,8527,57897,674
20278,1.237651538724258e+18,238.525646704562,55.1098428903979,20.74353,20.69776,20.58903,20.29168,20.40584,1412,301,3,352,9.472353278920776e+18,QSO,1.634219,8413,57897,572
52069,1.2376593265631567e+18,241.124819881755,44.9577180194754,24.68788,22.64299,21.42652,20.07009,19.35334,3225,301,5,191,9.60077816119036e+18,STAR,-0.0003885521,8527,57897,835
9396,1.2376549499871562e+18,239.907217321955,55.1331092120265,21.47564,20.98499,20.94196,20.65651,20.3816,2206,301,5,125,9.472396709630073e+18,QSO,2.344754,8413,57897,730
13666,1.2376593308490793e+18,240.814974142697,44.8868166295304,25.50321,22.70285,21.06808,20.9348,20.81739,3226,301,5,53,9.600768540463618e+18,STAR,-6.259513e-05,8527,57897,800
4569,1.237659330849145e+18,240.982776433639,44.8313625365276,25.89091,22.35982,21.20807,20.20315,19.51369,3226,301,5,54,9.60077761143455e+18,GALAXY,0.5298825,8527,57897,833
5142,1.2376593308490148e+18,240.73835845494,44.9681014588596,23.40693,25.96898,22.48211,20.77402,19.78115,3226,301,5,52,9.60076551680664e+18,GALAXY,0.8063799,8527,57897,789
56338,1.2376515403346084e+18,239.184822152128,56.3195750596992,24.65469,18.04579,24.80172,17.20395,22.81232,1412,301,6,348,9.47237884256612e+18,STAR,2.308767e-05,8413,57897,665
14275,1.2376549499870252e+18,239.508012320641,55.314270580048,21.58866,21.29206,21.16968,21.03449,21.92452,2206,301,5,123,9.472384065246351e+18,QSO,1.5954,8413,57897,684
54559,1.2376593249528056e+18,240.568458135312,43.6290293599705,20.08496,19.95234,19.97939,19.72665,19.57455,3225,301,2,195,9.600623954684566e+18,QSO,1.646675,8527,57897,274
73844,1.237654948913808e+18,239.897446599593,53.9039777945146,26.11914,23.69863,21.60226,20.31606,19.59241,2206,301,3,131,9.47226559286846e+18,GALAXY,0.745803,8413,57897,253
14262,1.237659324952347e+18,239.48954215703,44.4405270930874,20.86616,19.68577,19.4461,19.3445,19.30692,3225,301,2,188,9.600704768789207e+18,QSO,2.762807,8527,57897,568
68151,1.237659324952544e+18,239.96191833035,44.0630411920869,23.52094,23.37937,21.60478,20.43811,19.7391,3225,301,2,191,9.60065776466712e+18,GALAXY,0.6532267,8527,57897,397
51948,1.237659324415738e+18,239.539965099156,43.6833778953599,22.08069,22.15013,21.76776,21.79918,22.11114,3225,301,1,192,9.600665186370607e+18,GALAXY,0.3921602,8527,57897,424
80744,1.237659327100487e+18,242.585056938704,44.4480459021123,23.60667,22.5943,21.58328,20.42326,19.50407,3225,301,6,198,9.600821591899658e+18,GALAXY,0.8700914,8527,57897,993
72030,1.2376515397981307e+18,239.914311901568,55.4400296381118,20.6695,20.37097,20.1759,20.25327,20.0278,1412,301,5,354,9.472395060362631e+18,QSO,0.993767,8413,57897,724
48794,1.2376593265630254e+18,240.909464242353,45.150151662365,21.92289,21.65022,21.55426,21.45464,21.08996,3225,301,5,189,9.600765791684549e+18,QSO,1.582088,8527,57897,790
5043,1.237651538724717e+18,239.614334009895,54.346024439149,21.30688,21.22775,20.94986,20.93168,20.83633,1412,301,3,359,9.472281260909156e+18,QSO,1.412057,8413,57897,310
4944,1.23765153872452e+18,239.146716668659,54.6324930026792,21.50897,22.16769,21.50328,21.59579,21.02788,1412,301,3,356,9.472303251141712e+18,QSO,1.203732,8413,57897,390
5145,1.237651538724389e+18,238.662312866378,54.7918542654055,21.55254,21.2153,21.12744,20.75477,20.52242,1412,301,3,354,9.47231699503706e+18,QSO,1.697651,8413,57897,440
72506,1.2376515397988516e+18,241.600046478896,54.1004144236507,20.63973,20.49656,20.40779,20.48239,20.27956,1412,301,5,365,9.472210342409165e+18,QSO,0.8818036,8413,57897,52
41189,1.2376593260263508e+18,240.985285700431,44.6587008742315,20.39269,20.18023,20.05136,19.64716,19.77504,3225,301,4,192,9.600768815341525e+18,QSO,1.785685,8527,57897,801
74222,1.2376515397988518e+18,241.576957641177,54.1262562653504,22.44763,22.02104,21.45324,21.03084,20.4104,1412,301,5,365,9.47221089216498e+18,GALAXY,0.6450034,8413,57897,54
12314,1.2376593308498004e+18,242.483666717191,43.6478490397204,22.42482,21.95648,22.63016,22.32387,22.8267,3226,301,5,64,9.600550287405505e+18,GALAXY,0.08507063,8527,57897,6
66344,1.237659324953264e+18,241.491531064249,43.0110637099933,18.73793,18.56996,18.19701,18.32477,18.41166,3225,301,2,202,9.60058299787643e+18,QSO,1.122505,8527,57897,125
13708,1.2376593308492104e+18,241.104546208819,44.7249345173964,24.63466,22.59221,20.68831,20.16844,20.63752,3226,301,5,55,9.60078283411478e+18,STAR,-0.0002101408,8527,57897,852
25499,1.237659326028579e+18,245.774583294522,40.8584370091453,18.47647,17.52387,17.18828,17.11906,17.0869,3225,301,4,226,9.59945957188753e+18,STAR,-0.0009796701,8526,57898,134
69626,1.2376593249545103e+18,244.087481394074,40.8729490288144,23.33358,23.04268,21.19775,20.1418,19.43927,3225,301,2,221,9.599524168195662e+18,GALAXY,0.6328243,8526,57898,369
29656,1.2376593260282516e+18,244.938210810615,41.3681079119605,22.0468,21.97105,21.93107,21.94585,21.77425,3225,301,4,221,9.599484860654969e+18,QSO,2.020647,8526,57898,226
57427,1.2376593244172465e+18,242.855367307244,41.1370324925902,24.93856,22.53424,21.33839,20.33962,19.36987,3225,301,1,215,9.599556054032863e+18,GALAXY,0.7467259,8526,57898,485
42833,1.2376593260277932e+18,243.94521040243,42.1214884973626,23.8652,23.37433,21.83017,20.89404,20.03488,3225,301,4,214,9.599596461085186e+18,STAR,9.316621e-05,8526,57898,632
26036,1.23765534835848e+18,246.315795120212,42.4179969906223,19.11888,18.12081,17.84721,17.75811,17.75336,2299,301,3,325,9.599686071282848e+18,STAR,-0.0003212283,8526,57898,958
26268,1.237659326028318e+18,244.996312692374,41.2739736800413,24.58337,24.01678,22.3938,20.7616,19.82185,3225,301,4,222,9.599484036021244e+18,STAR,2.699222e-05,8526,57898,223
55295,1.237659324954706e+18,244.629809675837,40.5101343404281,18.68793,17.69126,17.41188,17.31292,17.31761,3225,301,2,224,9.599489808457294e+18,STAR,-0.0003591864,8526,57898,244
54998,1.2376593244173768e+18,243.201546667771,40.9987404178642,20.5276,20.35814,20.02869,19.97699,20.10074,3225,301,1,217,9.599555229399144e+18,QSO,1.400363,8526,57898,482
13282,1.2376593260279895e+18,244.42570861574,41.8350157892766,21.76728,21.52585,21.43855,21.03934,21.42298,3225,301,4,217,9.599620650341e+18,QSO,1.795401,8526,57898,720
9408,1.2376593260277932e+18,243.996507552758,42.1439218610433,24.21431,22.49557,21.06747,20.51809,20.39676,3225,301,4,214,9.599605257178208e+18,STAR,-0.0001759922,8526,57898,664
50864,1.2376553478211507e+18,244.975910605181,43.0021822829704,21.62758,21.24324,21.10276,20.80606,20.93342,2299,301,2,318,9.59963192033518e+18,QSO,1.617482,8526,57898,761
12657,1.237659330851045e+18,245.074532817847,41.6639332846767,24.63466,20.70371,21.79904,19.72527,22.8269,3226,301,5,83,9.599477713829386e+18,STAR,-2.79001e-05,8526,57898,200
40862,1.2376593260275963e+18,243.523851546711,42.4390256564553,22.27321,21.69736,21.15518,20.93396,20.7485,3225,301,4,211,9.599565125003794e+18,QSO,3.967608,8526,57898,518
27905,1.2376593260282516e+18,245.096636375262,41.4327677501105,21.37608,20.99986,20.88048,20.71113,20.45283,3225,301,4,221,9.59947551480613e+18,QSO,0.5469511,8526,57898,192
13608,1.237659330851373e+18,245.623949812603,41.0237296570057,24.63465,21.66902,24.80202,20.91151,22.8269,3226,301,5,88,9.599461221154968e+18,STAR,4.065329e-05,8526,57898,140
77614,1.2376553478216745e+18,245.993238295227,42.1131452554498,22.99943,21.90472,21.85548,21.31949,20.51274,2299,301,2,326,9.59967782494564e+18,QSO,0.9075877,8526,57898,928
12140,1.23765933085098e+18,244.880629254314,41.6600976064277,21.27715,20.96593,21.33401,21.22112,21.73111,3226,301,5,82,9.59948815918985e+18,GALAXY,0.02716431,8526,57898,238
14355,1.2376593249539855e+18,242.912476866198,41.7148792869793,21.62134,21.00946,20.74744,20.70454,20.57724,3225,301,2,213,9.5995692481724e+18,QSO,2.64359,8526,57898,533
44434,1.237659326565319e+18,245.917080800351,41.3550030382513,19.65587,19.56319,19.23448,19.35393,19.46042,3225,301,5,224,9.59945132555032e+18,QSO,1.281863,8526,57898,104
33730,1.2376554728933304e+18,246.078795461648,42.4607504339737,22.69309,23.31648,21.85282,20.74413,19.93092,2328,301,3,32,9.599685246649129e+18,GALAXY,0.7643876,8526,57898,955
55069,1.2376593244177052e+18,243.844423725072,40.4085800681672,23.70912,22.46942,21.16854,19.92984,19.21676,3225,301,1,222,9.599532964288682e+18,GALAXY,0.704625,8526,57898,401
77503,1.2376593271016e+18,245.072362407575,42.5900398279457,23.58519,25.35162,21.82473,20.54686,19.76385,3225,301,6,215,9.599635218870063e+18,GALAXY,0.7936575,8526,57898,773
28343,1.2376593271019287e+18,245.539943730989,42.0532610726905,25.93362,23.4447,21.85943,20.74259,19.9265,3225,301,6,220,9.599668753974712e+18,STAR,-0.0001765596,8526,57898,895
19228,1.2376593260279247e+18,244.149101395773,41.9265873113661,25.27188,22.43102,21.82858,20.76398,19.77788,3225,301,4,216,9.59960773107937e+18,GALAXY,0.7941123,8526,57898,673
24910,1.2376593254913807e+18,244.55569961995,41.173886761009,21.45739,21.69952,21.30292,21.36416,21.86536,3225,301,3,221,9.59949530601543e+18,QSO,1.342267,8526,57898,264
19874,1.2376623019051592e+18,234.321434820019,40.0963008840567,24.24524,23.4799,22.09142,20.56309,19.56602,3918,301,3,243,9.58952548434735e+18,STAR,-0.0003055608,8517,57899,858
19684,1.237662301905224e+18,234.621215371179,40.0527017323716,21.94321,22.17824,22.00614,21.9239,21.42325,3918,301,3,244,9.58953702921944e+18,QSO,1.360451,8517,57899,900
88386,1.2376623024419635e+18,234.509209932902,40.583628407984,21.89358,21.45392,21.44022,21.23052,22.07231,3918,301,4,242,9.58952081142293e+18,QSO,1.577937,8517,57899,841
87457,1.2376623024418327e+18,234.333691641163,40.7523060079696,21.76248,21.597,21.32521,21.20267,21.49942,3918,301,4,240,9.58951998678921e+18,QSO,1.214563,8517,57899,838
47238,1.2376625005405143e+18,234.241543603107,41.0340372777985,20.42535,20.34252,20.13234,19.70432,19.60277,3964,301,5,138,9.58951641337642e+18,QSO,1.832739,8517,57899,825
66324,1.2376623019054863e+18,235.127959046968,39.6471651153194,22.38592,22.48836,22.02923,21.81346,21.82339,3918,301,3,248,9.589296511050865e+18,QSO,1.75584,8517,57899,25
49085,1.2376624989301647e+18,233.996909511719,39.7353344908441,27.12561,22.88719,21.79284,20.24548,19.22659,3964,301,2,142,9.589354235411325e+18,GALAXY,0.81994,8517,57899,235
99243,1.2376623013686152e+18,234.863240042912,39.2843094134,20.36861,20.07692,20.00137,20.03587,19.78382,3918,301,2,248,9.58931575250435e+18,QSO,0.8537215,8517,57899,95
97835,1.237662301368746e+18,235.162454845615,39.2105321938648,18.69414,17.71063,17.39868,17.25403,17.20038,3918,301,2,250,9.589304757388073e+18,STAR,1.135441e-05,8517,57899,55
46711,1.2376623019048305e+18,233.618313419104,40.6616211437927,24.27498,22.10401,21.41984,21.14886,21.21213,3918,301,3,238,9.589477105835729e+18,GALAXY,0.0008907437,8517,57899,682
40841,1.2376623019054203e+18,235.04748597746,39.7752776366998,18.9046,17.97355,17.71139,17.63591,17.60275,3918,301,3,247,9.589297610562492e+18,STAR,-0.0002054687,8517,57899,29
19832,1.2376623019050278e+18,234.147519520486,40.3977199670945,24.44674,22.59891,21.41867,20.30391,19.61635,3918,301,3,241,9.589513114841537e+18,STAR,0.0001095065,8517,57899,813
89823,1.2376623024423567e+18,235.560120248546,39.9803410991744,21.55983,21.24079,21.25342,21.52431,22.29951,3918,301,4,248,9.589293762271795e+18,GALAXY,0.01487405,8517,57899,15
77593,1.2376553478199703e+18,242.439712113507,45.0962960546645,18.29884,17.42603,17.15765,17.05223,17.01987,2299,301,2,300,9.598445822200273e+18,STAR,-0.0006621457,8525,57900,542
18999,1.2376593271009457e+18,243.531558094681,43.7575518050758,25.26242,22.84937,21.38984,20.26682,19.51336,3225,301,6,205,9.598382325403769e+18,GALAXY,0.7491899,8525,57900,311
49920,1.237655347820823e+18,244.27524688082,43.6260092382941,22.45075,21.45452,21.62259,21.75771,21.9355,2299,301,2,313,9.59834879029912e+18,STAR,1.396189e-05,8525,57900,189
48940,1.2376593265640742e+18,243.165528032194,43.4455189297512,25.01329,22.57771,20.84876,19.44329,18.72586,3225,301,5,205,9.598391671252605e+18,STAR,-0.0001428509,8525,57900,345
49172,1.2376593265634844e+18,241.934330743831,44.4389475450066,24.03378,21.62138,21.16379,21.05471,20.91109,3225,301,5,196,9.598434827084e+18,QSO,3.238,8525,57900,502
70424,1.237659327100486e+18,242.725576979219,44.5801125749306,23.63678,23.6946,21.3946,20.3341,19.55586,3225,301,6,198,9.598460940485157e+18,GALAXY,0.8031541,8525,57900,597
85962,1.237655347820823e+18,244.416101267676,43.6737171516512,22.00191,21.82153,20.99849,21.60422,20.99654,2299,301,2,313,9.598347690787492e+18,GALAXY,0.1680931,8525,57900,185
12160,1.2376593260270065e+18,242.367131047956,43.619989675307,25.33355,22.82046,21.75838,21.81503,21.13708,3225,301,4,202,9.598425756113066e+18,QSO,0.27368,8525,57900,469
53511,1.2376553478201024e+18,242.836917233249,44.7937861963336,25.78898,23.12946,21.62387,20.60495,19.60397,2299,301,2,302,9.598470011456084e+18,STAR,-0.0003260489,8525,57900,630
12837,1.2376593308496036e+18,242.193978831624,44.0962255137022,22.70619,21.08021,24.80202,20.67204,20.55702,3226,301,5,61,9.59844252366539e+18,STAR,-7.340839e-05,8525,57900,530
52357,1.2376553478208228e+18,244.385303647409,43.6461008249035,25.66719,22.8425,21.35308,18.9148,17.44238,2299,301,2,313,9.598349340054936e+18,STAR,-0.0001497798,8525,57900,191
32001,1.2376554728921508e+18,243.777985403469,44.5355183225992,23.62484,23.52117,21.7155,20.62622,19.861,2328,301,3,14,9.598504920950266e+18,GALAXY,0.6152768,8525,57900,757
47789,1.2376593265635494e+18,242.18297712707,44.3940903781848,22.03831,21.68614,21.35306,21.07748,20.95175,3225,301,5,197,9.598441699031669e+18,QSO,1.556152,8525,57900,527
69745,1.2376553478208883e+18,244.497097250519,43.4676744783129,22.24642,22.14451,21.55078,21.49466,21.41153,2299,301,2,314,9.598336970549123e+18,QSO,1.219674,8525,57900,146
2871,1.2376593265636808e+18,242.259506174237,44.1554546626854,23.8493,22.46776,21.4543,20.78697,20.33995,3225,301,5,199,9.598443623177015e+18,STAR,-0.0005369392,8525,57900,534
26650,1.237655348356907e+18,243.195765245673,45.2133901651769,17.96819,17.60303,17.61625,17.52523,17.62265,2299,301,3,301,9.59846946170027e+18,QSO,0.5832937,8525,57900,628
3703,1.237659326564206e+18,243.424443585696,43.1892020761144,25.2874,23.51552,21.73925,20.81134,20.16566,3225,301,5,207,9.598389197351442e+18,STAR,-4.902883e-05,8525,57900,336
31115,1.2376554728924132e+18,244.127919524279,44.0195479057685,26.44157,24.07512,21.32362,20.12059,19.29732,2328,301,3,18,9.598520314113057e+18,GALAXY,0.7356532,8525,57900,813
4550,1.23765933084967e+18,242.135361655145,43.9764770866306,25.13664,25.44611,21.88611,20.76051,19.93597,3226,301,5,62,9.598442798543297e+18,GALAXY,0.5652342,8525,57900,531
25992,1.2376553483573663e+18,244.016800245439,44.4159848655947,21.78706,21.3647,21.16916,20.94322,21.03343,2299,301,3,308,9.598507394851428e+18,QSO,1.413255,8525,57900,766
81884,1.2376553478203635e+18,243.372977312112,44.4716139212214,23.33016,20.95527,20.86933,19.32458,21.8254,2299,301,2,306,9.5984865041305e+18,STAR,-0.0001168029,8525,57900,690
51367,1.237655347820299e+18,243.355447982526,44.4940188276285,22.45609,21.36712,21.16012,20.79156,20.72839,2299,301,2,305,9.598487053886314e+18,STAR,-0.001514336,8525,57900,692
52841,1.2376553478200364e+18,242.684646038892,44.9160709502739,21.92586,21.62863,21.64346,21.2194,21.50639,2299,301,2,301,9.598461215363062e+18,QSO,3.037771,8525,57900,598
28434,1.2376593271012723e+18,244.245636573886,43.1939484888722,21.63681,19.49269,18.33882,17.7922,17.44194,3225,301,6,210,9.59834439225261e+18,STAR,-3.084675e-05,8525,57900,173
26716,1.2376593313865408e+18,242.678017738673,44.2966514791158,23.99832,23.47001,21.84994,20.59245,19.79432,3226,301,6,62,9.598465338531666e+18,GALAXY,0.5044512,8525,57900,613
25709,1.237659331386344e+18,242.257537093234,44.6542013412052,23.9646,23.04405,21.49474,20.42857,19.78365,3226,301,6,59,9.598449945368875e+18,GALAXY,0.7749519,8525,57900,557
4799,1.2376593260268104e+18,242.061840851866,43.8501729870292,25.80695,23.38806,21.95662,20.31804,19.37888,3225,301,4,199,9.598432078304926e+18,STAR,-0.0001562936,8525,57900,492
54942,1.2376593265638769e+18,242.670751037133,43.7581146569983,22.64232,21.47124,22.20568,21.57481,19.44121,3225,301,5,202,9.598416685142137e+18,STAR,-0.0005735258,8525,57900,436
11565,1.2376593308501292e+18,243.210055515179,43.0924187798241,24.12095,24.41471,23.88424,21.22158,19.32278,3226,301,5,69,9.598396069299116e+18,STAR,-2.272999e-05,8525,57900,361
63609,1.2376553478202988e+18,243.077130389203,44.5046582018371,22.49097,21.63782,21.35358,20.94661,20.42611,2299,301,2,305,9.598471110967712e+18,GALAXY,0.8090432,8525,57900,634
69573,1.2376593303132572e+18,242.8666168097,42.9373279557039,24.63465,20.38205,20.49088,20.2443,20.26316,3226,301,4,69,9.598418059531672e+18,STAR,-9.4419e-05,8525,57900,441
56426,1.237659326564271e+18,243.541847834584,43.1066182454878,24.28267,23.51914,21.99515,20.73744,20.24057,3225,301,5,208,9.598378202235165e+18,STAR,-0.0001244755,8525,57900,296
48619,1.237659326563877e+18,242.726848075297,43.8065405628278,21.48967,21.53146,21.08352,20.91963,20.78972,3225,301,5,202,9.598416410264228e+18,QSO,1.263018,8525,57900,435
5698,1.237659330850129e+18,243.20379325011,43.2648196473391,24.31079,24.39084,21.94436,20.86597,19.93688,3226,301,5,69,9.598390021985163e+18,GALAXY,0.8207552,8525,57900,339
89854,1.2376613876118986e+18,235.019460341051,45.6341148354813,22.47949,21.70867,21.35295,20.71742,20.57062,3705,301,4,211,9.582761288846823e+18,QSO,1.910849,8511,57901,826
64689,1.237659161198593e+18,234.847038401974,43.9480775823703,26.26438,24.11326,21.65344,20.57545,19.86873,3187,301,1,64,9.58258729113173e+18,GALAXY,0.7008899,8511,57901,193
59892,1.2376613876119636e+18,235.241949839733,45.4962133861366,21.99841,21.79821,21.21626,21.06061,21.3572,3705,301,4,212,9.58277338347473e+18,QSO,1.325037,8511,57901,870
50063,1.2376591198656927e+18,232.410440075488,44.1395225381926,22.79534,20.41623,19.36005,18.90266,18.46067,3177,301,4,158,9.582671128893348e+18,GALAXY,0.1500074,8511,57901,498
21835,1.2376613860020068e+18,235.667294140784,43.550981320313,23.13502,22.02181,22.36043,22.51449,21.78424,3705,301,1,222,9.582559803341038e+18,QSO,2.341231,8511,57901,93
21842,1.2376613860017446e+18,235.118502036633,43.9992177555493,25.24258,23.85475,21.61114,20.52287,19.80853,3705,301,1,218,9.582575746259638e+18,GALAXY,0.7093282,8511,57901,151
42128,1.2376613870754865e+18,235.829485674918,44.6830464947556,23.39839,22.30392,22.1675,21.22702,20.94331,3705,301,3,218,9.58280142102124e+18,QSO,0.6298448,8511,57901,972
88993,1.2376613876120947e+18,235.49708188692,45.2994590991611,20.08681,19.88932,19.53603,19.38497,19.3629,3705,301,4,214,9.58278602785845e+18,QSO,1.316005,8511,57901,916
88991,1.237661387611767e+18,234.536582547271,45.8138606988766,21.33453,21.29353,21.06324,20.89404,20.58043,3705,301,4,209,9.582737924224735e+18,QSO,1.279171,8511,57901,741
68369,1.2376613876120292e+18,235.281044262322,45.4234939187068,19.67654,19.94826,19.66609,19.67889,19.70755,3705,301,4,213,9.58278327907938e+18,QSO,1.219945,8511,57901,906
99557,1.2376591198659553e+18,232.985902051402,43.8138496588631,22.69998,23.1281,22.03231,20.67586,19.88454,3177,301,4,162,9.582666455968928e+18,GALAXY,0.7604796,8511,57901,481
22883,1.2376591628091392e+18,235.734850580591,44.9900440140726,24.83818,23.22051,21.35276,21.12334,20.63405,3187,301,4,63,9.582799221997984e+18,GALAXY,0.4417394,8511,57901,964
20857,1.237661386001285e+18,233.824330560799,44.6419337267879,21.7966,21.09824,20.94746,20.96484,20.96938,3705,301,1,211,9.582712910335203e+18,QSO,2.610681,8511,57901,650
90042,1.2376613876120292e+18,235.434930116469,45.5292892182969,20.58418,20.465,20.31594,20.26611,20.54146,3705,301,4,213,9.582783828835197e+18,QSO,1.350501,8511,57901,908
62162,1.237659162808878e+18,235.053122067214,45.2958875614101,24.84993,23.58565,22.0669,20.68006,19.97467,3187,301,4,59,9.582774208108452e+18,STAR,-7.673653e-05,8511,57901,873
31564,1.2376591322143788e+18,233.048373492034,43.6394893533761,21.41902,19.78278,18.72696,18.29836,17.95573,3180,301,3,168,9.582658484509628e+18,GALAXY,0.1458345,8511,57901,452
89717,1.237661387612357e+18,236.196312204733,45.0366738654173,22.35801,21.29343,20.68897,20.61673,20.25705,3705,301,4,218,9.58280581906775e+18,STAR,-0.0002275465,8511,57901,988
41804,1.2376591611983306e+18,234.042780213161,44.2357312686694,23.00319,22.83828,21.38005,20.24935,19.54394,3187,301,1,60,9.582630721841027e+18,GALAXY,0.9294803,8511,57901,351
88704,1.2376613860018757e+18,235.470644413284,43.8454469454532,23.10331,21.62825,20.92012,20.68173,20.37723,3705,301,1,220,9.582563376753824e+18,STAR,-0.0004182718,8511,57901,106
89892,1.2376613876123569e+18,236.210925514641,44.9937371304275,21.3014,20.49161,20.18738,20.09128,19.90409,3705,301,4,218,9.582804719556125e+18,STAR,-0.0005963162,8511,57901,984
46539,1.2376591628087462e+18,234.591325731622,45.517951178961,21.94801,21.16614,20.93791,20.75846,21.03463,3187,301,4,57,9.582740947881712e+18,STAR,-0.001045915,8511,57901,752
96934,1.2376591327512497e+18,233.350451283754,43.8599122648326,23.26999,20.58706,19.17463,18.59378,18.27235,3180,301,4,168,9.58265023817242e+18,GALAXY,0.2723845,8511,57901,422
46009,1.237659162809074e+18,235.573332668578,45.0209918500397,22.64624,20.38342,19.59071,19.25582,19.11061,3187,301,4,62,9.582787677125892e+18,STAR,-5.910817e-05,8511,57901,922
18482,1.237661386002072e+18,235.703687452031,43.4689799343354,21.8502,21.64958,21.42263,21.32638,20.99967,3705,301,1,223,9.582546059445688e+18,QSO,1.10562,8511,57901,43
18543,1.2376613860016783e+18,234.706805362469,44.1104981801773,21.45805,21.57618,21.28118,21.00506,20.68566,3705,301,1,217,9.582596911858473e+18,QSO,1.424002,8511,57901,228
90494,1.2376613876118323e+18,234.941468124117,45.7999704876625,21.13321,20.92917,20.96791,20.70451,20.56786,3705,301,4,210,9.58275991445729e+18,QSO,2.114555,8511,57901,821
98698,1.2376591611988554e+18,235.4238449495,43.5574370241136,23.41446,25.85223,22.53024,20.93257,19.93896,3187,301,1,68,9.582571348213127e+18,GALAXY,0.7925818,8511,57901,135
96898,1.2376591633458145e+18,235.615683898782,45.5401476710046,22.88578,22.2375,21.7931,21.66246,22.0152,3187,301,5,60,9.58279427419566e+18,STAR,-0.0003778432,8511,57901,946
87605,1.2376591611987889e+18,235.215697404216,43.6593412706772,23.47637,21.83512,21.79804,21.88908,21.58158,3187,301,1,67,9.582569973823592e+18,QSO,2.853529,8511,57901,130
90378,1.2376613876118986e+18,235.118766534741,45.6494651142114,23.84902,22.26583,21.80329,21.32157,20.60372,3705,301,4,211,9.582770909573569e+18,GALAXY,0.2394434,8511,57901,861
37521,1.237662501077386e+18,234.590617545854,41.4163477629826,24.20147,25.64155,21.9014,20.50251,19.58523,3964,301,6,138,9.583772564700029e+18,GALAXY,0.8576975,8512,57903,409
38306,1.2376625010775828e+18,235.108984430276,41.1305972581216,23.24608,23.3204,21.59805,20.21972,19.29466,3964,301,6,141,9.58376047007212e+18,GALAXY,0.8537611,8512,57903,365
41750,1.2376591322149683e+18,234.554354424539,42.7871864953334,24.82443,24.48207,21.95415,20.8303,19.90528,3180,301,3,177,9.583815995409324e+18,GALAXY,0.7436029,8512,57903,567
42043,1.237659132214903e+18,234.286295303514,42.8386582419111,26.05463,24.81558,21.38497,20.1671,19.47237,3180,301,3,176,9.583803900781418e+18,GALAXY,0.6916696,8512,57903,523
40174,1.2376591322156897e+18,236.140666694606,41.5962436875643,22.85395,22.75178,21.68637,20.64008,19.96557,3180,301,3,188,9.583697248153524e+18,GALAXY,0.641829,8512,57903,135
8659,1.2376591316790152e+18,236.219965956842,41.0301019699362,22.24509,21.71972,22.08148,21.2338,21.39921,3180,301,2,191,9.583693674740732e+18,GALAXY,0.06109307,8512,57903,122
33843,1.2376623029785075e+18,234.047921390232,41.385978735514,25.11194,23.38868,21.67402,20.49307,19.45969,3918,301,5,237,9.583783559816305e+18,GALAXY,0.8721499,8512,57903,449
99933,1.2376591332889075e+18,235.536214873571,43.0489193072461,22.9436,23.19854,21.41678,20.3931,19.61388,3180,301,5,180,9.583879767083735e+18,GALAXY,0.5043421,8512,57903,799
36509,1.2376591322156244e+18,236.006917962148,41.7402613425334,25.86788,22.90919,21.50455,20.18095,19.51719,3180,301,3,187,9.583711541804683e+18,GALAXY,0.6954165,8512,57903,187
35220,1.2376591322156244e+18,236.008465462999,41.761047419579,23.40998,23.3276,21.05317,20.05303,19.39311,3180,301,3,187,9.583712641316311e+18,GALAXY,0.5687318,8512,57903,191
36297,1.237659132215493e+18,235.721255182924,41.9997852989317,24.74303,23.30763,21.74583,20.64605,19.96885,3180,301,3,185,9.58372198716515e+18,GALAXY,0.6488429,8512,57903,225
6743,1.237659131678753e+18,235.678898717466,41.4819330312301,24.05473,23.10089,22.02447,20.61629,19.8158,3180,301,2,187,9.583728309357009e+18,STAR,3.504003e-05,8512,57903,248
88477,1.2376613860023995e+18,236.494077186341,42.9830085234716,21.50285,20.97223,20.86205,20.39004,20.0369,3705,301,1,228,9.583913027310475e+18,QSO,0.7175916,8512,57903,920
91583,1.237659133288842e+18,235.362658329113,43.191298881692,26.42606,23.25093,21.62121,20.12924,19.39109,3180,301,5,179,9.583856677339552e+18,GALAXY,0.7061087,8512,57903,715
40736,1.23765916119879e+18,235.231439985634,43.5396677664855,26.22359,23.70861,21.60849,20.34219,19.43282,3187,301,1,67,9.58384238368839e+18,GALAXY,0.792136,8512,57903,663
9325,1.237659131678884e+18,235.896297331063,41.2272041172543,19.92081,19.64923,19.60045,19.42983,19.55334,3180,301,2,189,9.58370659400236e+18,QSO,1.610438,8512,57903,169
99027,1.2376591332896932e+18,237.381351495988,41.9533761774802,22.34509,21.65433,21.19985,20.04608,19.38405,3180,301,5,192,9.583661514025622e+18,GALAXY,0.4281779,8512,57903,5
18573,1.2376613860023992e+18,236.463171793666,43.0301310158092,19.19521,18.24865,17.94137,17.8099,17.80909,3705,301,1,228,9.58391247755466e+18,STAR,-0.0008135841,8512,57903,918
27545,1.237659331386082e+18,241.689859830528,45.0871623558158,23.98903,23.92146,21.61841,20.60279,19.72357,3226,301,6,55,9.608552258288767e+18,GALAXY,0.5716983,8534,57905,445
49043,1.2376553478198395e+18,242.206020914659,45.2977436536377,21.0072,20.85563,20.92513,20.42282,20.55037,2299,301,2,298,9.608541538050398e+18,QSO,1.81869,8534,57905,406
52355,1.2376553478194468e+18,241.397586282927,45.928758992078,23.31225,21.86383,20.94049,20.89132,20.74033,2299,301,2,292,9.608578371689929e+18,QSO,0.2949311,8534,57905,540
74871,1.237655347819709e+18,242.085284186155,45.5638411384475,20.5807,20.41917,19.97347,19.92608,19.90605,2299,301,2,296,9.608534940980632e+18,QSO,1.327223,8534,57905,382
52356,1.2376553478199053e+18,242.281995673274,45.1748313250291,21.28874,21.20208,20.89521,20.66554,20.64318,2299,301,2,299,9.608543737073654e+18,QSO,1.506217,8534,57905,414
42237,1.2376554745040742e+18,247.758784298835,42.930846748996,23.83961,22.94843,21.54891,20.80141,20.66128,2328,301,6,34,9.605089621295e+18,STAR,-0.0005947537,8531,57905,136
51979,1.2376553478196431e+18,241.927917381305,45.7258432236494,21.47893,21.35226,21.14637,21.07135,20.82754,2299,301,2,295,9.608548135120165e+18,QSO,2.00962,8534,57905,430
14747,1.2376551287643187e+18,245.107929033864,45.7971347095417,22.31867,23.89362,21.61246,20.54326,19.86142,2248,301,2,112,9.608431861765528e+18,QSO,1.165946,8534,57905,7
75798,1.237655347819512e+18,241.594673524002,45.8635544231961,20.73751,20.4436,20.45383,20.10742,19.96799,2299,301,2,293,9.608560779503884e+18,QSO,1.798517,8534,57905,476
51040,1.2376553478197745e+18,242.221569214369,45.3810689297837,21.86649,21.76059,21.92903,21.35959,21.8626,2299,301,2,297,9.60854483658528e+18,QSO,1.903645,8534,57905,418
93483,1.237651250440963e+18,244.272887206595,46.8929028089397,23.29029,24.12064,21.84209,20.77941,19.94175,1345,301,2,602,9.608682000660849e+18,GALAXY,0.7734839,8534,57905,917
87758,1.2376551298393052e+18,248.233957200005,44.0154649283624,21.16872,20.94436,20.75691,20.55323,20.80675,2248,301,4,131,9.605317220201943e+18,QSO,1.646409,8531,57905,964
18883,1.2376551293017784e+18,246.727355609303,44.9221227007265,23.21703,22.15656,21.50578,20.90213,20.60406,2248,301,3,121,9.605240254388e+18,STAR,-0.0007757014,8531,57905,684
79707,1.237655347819709e+18,242.094423347778,45.5432828470655,23.90038,24.60789,22.00245,20.18666,18.94088,2299,301,2,296,9.608535765614352e+18,STAR,-0.0001642052,8534,57905,385
25213,1.237666227521061e+18,318.792163146187,-1.64077114582047,23.51713,25.11439,21.7226,20.87012,22.8269,4832,301,3,484,1.0379684843126809e+19,GALAXY,0.6880639,9219,57923,49
28025,1.2376662098053704e+18,318.511543424257,-1.57213660839616,23.8083,22.53387,22.73765,21.25331,20.74686,4828,301,2,500,1.0379701060923316e+19,GALAXY,0.790773,9219,57923,108
76002,1.2376634577765007e+18,317.32642436448,0.203293843094664,25.35954,24.82357,24.51827,22.60428,23.52835,4187,301,4,64,1.037984454719074e+19,GALAXY,0.5574616,9219,57923,630
24080,1.2376786173995924e+18,318.386074379504,0.504601684485164,24.03232,22.70739,22.32214,21.64152,20.8334,7717,301,1,51,1.0379897873504688e+19,GALAXY,0.8865215,9219,57923,824
34269,1.2376788810028813e+18,319.397750950914,-1.40993462457509,25.2612,22.41481,23.42672,22.3737,22.1011,7778,301,4,46,1.0379677696301224e+19,GALAXY,0.809291,9219,57923,23
98252,1.2376634567034816e+18,318.95478916427,-0.783838322151571,22.95409,22.51424,21.7253,21.13039,20.74521,4187,301,2,75,1.0379929484464e+19,GALAXY,0.740192,9219,57923,939
21032,1.23767861740005e+18,319.440570881835,0.672895426775655,24.55589,22.97169,22.54046,22.09773,21.35916,7717,301,1,58,1.0384293721059643e+19,GALAXY,0.727183,9223,57927,432
2981,1.2376634588515548e+18,320.2397973641,0.871854720809675,22.83327,23.29956,21.92815,21.47182,20.43098,4187,301,6,84,1.0384251664739883e+19,GALAXY,0.7013285,9223,57927,279
64030,1.2376634577781404e+18,320.96947450685,0.0722262243579453,23.6997,22.43135,21.8418,21.20512,20.80993,4187,301,4,89,1.0384211807443376e+19,GALAXY,0.7917454,9223,57927,134
75394,1.2376634577774853e+18,319.549705343989,0.0011891126197688,24.63493,23.41818,23.99138,22.27114,21.75004,4187,301,4,79,1.0384286849112e+19,GALAXY,0.7837788,9223,57927,407
76169,1.237678596462085e+18,319.391003245124,1.2235660662263,22.39889,22.67805,22.12811,21.70037,21.36709,7712,301,2,58,1.0384330004943362e+19,GALAXY,0.978807,9223,57927,564
77949,1.237678596462151e+18,319.490798499799,1.24744532804065,22.95368,22.89244,22.02798,21.38273,21.36734,7712,301,2,59,1.038434017542592e+19,GALAXY,0.7298426,9223,57927,601
78497,1.2376634577774195e+18,319.322446421762,0.150758669185938,22.93607,22.81156,22.26596,21.79671,21.69878,4187,301,4,78,1.0384299218617784e+19,GALAXY,1.194197,9223,57927,452
3924,1.2376634588518815e+18,320.937588897202,0.946085623904233,22.05108,22.29027,21.88293,21.76173,21.70431,4187,301,6,89,1.038441934026312e+19,GALAXY,1.115184,9223,57927,889
63295,1.237663457778337e+18,321.44883968287,0.12605008225531,24.72516,22.88953,22.58657,22.13388,21.46581,4187,301,4,92,1.0384189267455e+19,GALAXY,1.118712,9223,57927,52
61802,1.237663457777879e+18,320.33415023093,0.129232394231929,26.43791,23.26366,22.97961,21.9608,21.47432,4187,301,4,85,1.0384246167181744e+19,GALAXY,0.9071528,9223,57927,259
79954,1.2376634577776824e+18,320.019850016078,0.170850118351658,22.35834,22.85207,22.33589,21.56027,21.67084,4187,301,4,82,1.0384267882536393e+19,GALAXY,0.7493567,9223,57927,338
59447,1.2376785964622164e+18,319.618201325062,1.24596916588524,22.11512,22.0481,20.95753,20.47379,20.11276,7712,301,2,60,1.0384340725181733e+19,GALAXY,0.8283498,9223,57927,603
3654,1.2376634588515543e+18,320.266927099426,0.881357514704559,24.3245,22.31109,21.75901,21.28722,20.89814,4187,301,6,84,1.0384251114984067e+19,GALAXY,0.8860241,9223,57927,277
1811,1.2376634588520788e+18,321.416059149177,0.953492539424533,22.77806,22.65236,21.54851,20.85207,20.30459,4187,301,6,92,1.0384185968920123e+19,GALAXY,0.8327652,9223,57927,40
14050,1.2376786174004431e+18,320.279642240735,0.524978048306744,22.30291,22.86168,22.65401,21.51464,21.07067,7717,301,1,64,1.038424754157128e+19,GALAXY,0.7841687,9223,57927,264
3126,1.237663458851685e+18,320.534857341376,0.878751831470053,23.32314,22.19908,21.65773,20.82295,20.62417,4187,301,6,86,1.038422939962942e+19,GALAXY,0.7889018,9223,57927,198
6054,1.2376786179379707e+18,321.838927231221,1.18168947995782,22.64844,21.49724,21.18782,20.82986,20.02319,7717,301,2,74,1.0384449851710788e+19,GALAXY,1.112574,9223,57927,1000
45742,1.237663457777682e+18,320.026857165008,0.194647873862431,25.93617,22.9311,22.30446,21.88536,20.77182,4187,301,4,82,1.0384268432292209e+19,GALAXY,0.8969542,9223,57927,340
13731,1.2376786174009677e+18,321.489846853777,0.734591801923265,22.69937,23.18874,22.24892,20.99957,20.93398,7717,301,1,72,1.038418184575152e+19,GALAXY,0.7300932,9223,57927,25
32033,1.2376786179373793e+18,320.368342150278,1.0144900204665,22.89365,23.31871,22.87533,22.24269,21.83787,7717,301,2,65,1.0384388828815448e+19,GALAXY,0.9446075,9223,57927,778
76001,1.2376634577784015e+18,321.539793775349,0.0114296859189801,24.81217,24.77432,23.61778,22.50233,22.62496,4187,301,4,93,1.0384186243798e+19,STAR,0.003112382,9223,57927,41
76377,1.237678617936922e+18,319.443864574201,1.10753354010473,22.41712,21.82821,21.37431,20.93341,20.39486,7717,301,2,58,1.0384333578356152e+19,GALAXY,0.9595476,9223,57927,577
44443,1.2376786190107953e+18,319.710081080312,1.77007581257946,24.22781,23.46301,22.13129,20.43119,20.45051,7717,301,4,60,1.0384347047373593e+19,GALAXY,0.713105,9223,57927,626
5323,1.2376786179390843e+18,324.349329802554,1.21727006861617,23.69036,22.15241,21.84891,21.19146,20.43553,7717,301,2,91,1.0388936408991816e+19,QSO,0.6913671,9227,57932,938
58951,1.2376785964638543e+18,323.348788575708,1.36271640753141,23.07907,22.40417,22.35535,21.37608,20.99192,7712,301,2,85,1.0388867414637173e+19,GALAXY,0.8002686,9227,57932,687
2052,1.2376634588527995e+18,323.131375510729,0.934906246772479,23.01087,22.75486,22.30851,21.37292,20.50558,4187,301,6,103,1.0388787425166252e+19,GALAXY,0.7752829,9227,57932,396
66933,1.237678617938823e+18,323.732875647759,1.09560450535377,24.41822,22.99285,23.24848,21.76713,22.93276,7717,301,2,87,1.0388892703404612e+19,GALAXY,0.7685304,9227,57932,779
48800,1.237678617401624e+18,323.044403054994,0.793613683259611,26.00614,22.83698,22.27606,22.03278,21.59146,7717,301,1,82,1.0388786600532531e+19,GALAXY,0.8029696,9227,57932,393
2776,1.237663458853258e+18,324.127618654841,0.939768550337764,24.4348,22.56663,22.30054,21.45486,22.014,4187,301,6,110,1.0388715407154633e+19,GALAXY,0.2120727,9227,57932,134
62467,1.2376634577772897e+18,319.119396578289,0.159872641250887,23.08835,22.9908,22.0303,22.25979,22.96629,4187,301,4,76,1.0380968523103228e+19,GALAXY,0.8378254,9220,57932,623
99469,1.237663456704071e+18,320.22312325024,-0.792193350822858,22.70874,22.29321,21.82986,21.24781,20.55406,4187,301,2,84,1.038103944160322e+19,GALAXY,0.7764683,9220,57932,881
13138,1.237678596464378e+18,324.558527888356,1.33377669817082,19.10131,18.10791,17.76303,17.60946,17.59971,7712,301,2,93,1.0388943555817396e+19,STAR,-0.000441598,9227,57932,964
15027,1.23767859646451e+18,324.869102169102,1.44791729555393,22.43788,22.46709,21.98938,21.21645,20.91148,7712,301,2,95,1.0388951802154605e+19,GALAXY,0.8389623,9227,57932,994
45281,1.2376786190123013e+18,323.117350448221,1.87061162578649,18.91251,17.94141,17.60201,17.4748,17.41305,7717,301,4,83,1.0388861642201129e+19,STAR,-0.0004461268,9227,57932,666
47925,1.2376786174017551e+18,323.257600780294,0.753511940867925,22.18156,22.98004,22.20994,21.83259,21.92156,7717,301,1,84,1.0388775330538346e+19,GALAXY,0.8270702,9227,57932,352
44722,1.2376786190125642e+18,323.720842907249,1.96155448957249,23.89309,23.06921,22.18158,21.40548,21.18243,7717,301,4,87,1.0388893528038332e+19,GALAXY,0.7420719,9227,57932,782
3860,1.237663458852734e+18,322.970188369647,0.857149003965706,22.27434,22.52407,22.02686,21.35541,20.50933,4187,301,6,102,1.03887882498e+19,GALAXY,0.7800066,9227,57932,399
22355,1.23767859646405e+18,323.863221015515,1.30366986141709,25.37752,23.54309,22.14089,21.64898,21.25718,7712,301,2,88,1.0388901499497632e+19,GALAXY,0.9358479,9227,57932,811
61997,1.2376634577773548e+18,319.152699733877,0.141937336886055,22.45569,23.43225,21.78213,20.66447,20.48971,4187,301,4,77,1.0380969897492765e+19,GALAXY,0.8326245,9220,57932,628
22617,1.2376786179382323e+18,322.43970898335,1.11160184759855,21.6372,21.21607,21.42633,20.06409,21.36513,7717,301,2,78,1.038882178490462e+19,GALAXY,1.098527,9227,57932,521
51436,1.237663457779451e+18,323.966452868765,0.167026458996762,23.23854,22.70263,22.15129,21.93346,21.82626,4187,301,4,109,1.0388724753003469e+19,GALAXY,1.087195,9227,57932,168
49184,1.237678617401952e+18,323.803708857988,0.641284372882642,22.75745,23.1188,22.27286,21.52806,21.02951,7717,301,1,87,1.0388740421044165e+19,GALAXY,0.7594936,9227,57932,225
84484,1.23767861901217e+18,322.79336408508,1.89840024862806,18.51473,17.59865,17.30821,17.21495,17.18873,7717,301,4,81,1.0388839651968571e+19,STAR,-0.001512723,9227,57932,586
3558,1.2376634588534548e+18,324.571719144506,0.899546972732706,22.78736,22.77872,21.98526,21.14818,20.7513,4187,301,6,113,1.038869754009068e+19,GALAXY,0.7995203,9227,57932,69
80845,1.2376786184759544e+18,324.239553095478,1.54055752769577,23.42664,23.47242,22.6912,22.16712,21.11396,7717,301,3,91,1.0388921015829e+19,GALAXY,0.9086319,9227,57932,882
99603,1.2376634567039404e+18,319.921180435735,-0.773925762306723,23.45647,23.00154,22.0956,21.8554,21.68802,4187,301,2,82,1.038102157453927e+19,GALAXY,0.9221724,9220,57932,816
99602,1.237663456703482e+18,318.922367361078,-0.640160201309511,21.34795,21.69578,21.57306,20.0392,20.43052,4187,301,2,75,1.0380953404818348e+19,GALAXY,0.9218826,9220,57932,568
34268,1.237678881003013e+18,319.697842179641,-1.41604711690889,23.53647,23.02536,24.15988,22.06955,21.99279,7778,301,4,48,1.0380870116812544e+19,GALAXY,0.8503692,9220,57932,265
51162,1.2376785964644436e+18,324.774015878177,1.48769307359533,24.16916,24.35673,24.09609,22.18612,22.66764,7712,301,2,94,1.038894685435228e+19,GALAXY,0.8795134,9227,57932,976
78959,1.2376634577775498e+18,319.638952185552,0.122205355561809,24.75102,22.78994,22.70582,21.92814,21.98779,4187,301,4,80,1.038100260796369e+19,GALAXY,0.824554,9220,57932,747
81049,1.2376634577793843e+18,323.813545385059,0.14782280158762,24.3879,24.12371,23.51797,22.2249,22.36133,4187,301,4,108,1.0388737397387188e+19,GALAXY,0.8080117,9227,57932,214
49602,1.2376786174018865e+18,323.52364285013,0.725482427439328,24.46432,22.82426,23.16772,21.70604,21.84924,7717,301,1,86,1.0388753890061605e+19,GALAXY,0.8182273,9227,57932,274
48845,1.2376786174018862e+18,323.587097190742,0.797913721855779,23.72228,23.20022,22.56922,21.79693,21.38435,7717,301,1,86,1.0388753615183696e+19,GALAXY,0.7930878,9227,57932,273
20918,1.2376786174018857e+18,323.564581028188,0.733117497416355,23.44693,22.77496,22.35361,21.76634,21.49461,7717,301,1,86,1.038875251567207e+19,GALAXY,0.8179231,9227,57932,269
3559,1.2376634588524718e+18,322.322935741965,0.951752151532229,24.51246,22.96184,21.88831,21.37808,20.54829,4187,301,6,98,1.0388824533683687e+19,GALAXY,0.8284128,9227,57932,531
4446,1.2376634588524716e+18,322.274435580746,0.888131142695334,22.76601,22.32952,21.72029,21.36999,20.58024,4187,301,6,98,1.0388814638079e+19,QSO,0.7731757,9227,57932,495
4577,1.237663458853258e+18,324.130862968796,1.02728710274387,22.94492,22.6824,22.07153,21.51759,21.11063,4187,301,6,110,1.0388716781544167e+19,GALAXY,0.7870412,9227,57932,139
5459,1.237663458853455e+18,324.649241708159,0.867114832959648,24.25154,22.84195,22.19537,21.37399,20.60531,4187,301,6,113,1.0388697814968588e+19,GALAXY,0.8118914,9227,57932,70
3560,1.237663458853e+18,323.616238178638,0.863487305739617,21.3592,21.22026,20.73998,20.08501,19.4834,4187,301,6,106,1.0388754164939512e+19,GALAXY,0.7437347,9227,57932,275
80357,1.237655129837798e+18,245.501022443961,46.8340015130393,20.26783,20.201,20.07599,20.07203,19.94948,2248,301,4,108,9.617587770437687e+18,QSO,1.387177,8542,57933,548
62633,1.23765171426119e+18,247.709342285253,46.9573395452521,23.2619,25.20869,21.39024,20.21216,19.56903,1453,301,2,49,9.617685352094652e+18,GALAXY,0.6636823,8542,57933,903
31770,1.237654952129528e+18,247.465312637991,46.3104613865638,22.00642,20.14749,19.27771,18.94209,18.74572,2207,301,1,47,9.61768012941442e+18,STAR,-0.000250399,8542,57933,884
80454,1.2376634577788603e+18,322.689058615069,0.122920241697527,24.40899,24.83298,24.07063,22.41799,21.6447,4187,301,4,100,1.0385476245916e+19,GALAXY,0.09386768,9224,57933,638
78682,1.2376551298381256e+18,246.109549669774,46.1222257413856,21.35987,21.04149,20.6347,20.64713,20.48977,2248,301,4,113,9.617615533106289e+18,QSO,1.186496,8542,57933,649
79367,1.2376634577789268e+18,322.820939725295,0.200966984370666,26.8404,23.09032,22.29852,21.61773,21.50488,4187,301,4,101,1.0385484217375283e+19,QSO,0.009180931,9224,57933,667
14839,1.2376551287646464e+18,245.711406726425,45.2873319583187,24.33005,23.16066,21.77544,20.55752,19.91735,2248,301,2,117,9.617553960455131e+18,GALAXY,0.6876683,8542,57933,425
30167,1.2376549521293972e+18,247.238174250594,46.4139648957336,21.60685,21.01922,20.60138,20.07684,19.79429,2207,301,1,45,9.617665560885352e+18,QSO,1.808758,8542,57933,831
32120,1.2376549521297905e+18,247.903844355334,45.7701716332428,23.92313,22.15044,21.60604,21.16718,20.42262,2207,301,1,51,9.617459127577238e+18,QSO,2.629329,8542,57933,80
79536,1.237655129838191e+18,246.293912332014,46.1037236891554,22.00206,21.61596,21.6204,21.27478,21.45677,2248,301,4,114,9.61762542871094e+18,QSO,1.693031,8542,57933,685
79181,1.237663457779319e+18,323.753960966935,0.0567132549862527,24.39423,24.85524,24.81332,22.83397,23.14818,4187,301,4,107,1.0385551837340391e+19,GALAXY,0.7635286,9224,57933,913
93662,1.2376512504418153e+18,245.787634137546,45.3134293994104,25.18087,23.82159,21.92253,20.78942,19.92285,1345,301,2,615,9.61755341069932e+18,GALAXY,0.7919522,8542,57933,423
83967,1.2376551298385843e+18,247.016229461196,45.2679103425524,21.83105,20.78781,19.94449,19.67802,19.35706,2248,301,4,120,9.617499259751651e+18,QSO,0.9931026,8542,57933,226
82591,1.2376551298385188e+18,246.884726495429,45.5129693261304,21.55988,21.3815,21.40916,21.47164,21.01854,2248,301,4,119,9.617510529745836e+18,QSO,1.974883,8542,57933,267
72792,1.2376517142616486e+18,248.667918158112,46.1726698168968,26.12852,23.4039,22.4195,20.86463,19.94242,1453,301,2,56,9.61770734232721e+18,GALAXY,0.8120773,8542,57933,983
98251,1.2376634567057743e+18,324.142433604033,-0.754908614932269,23.15758,22.93301,22.06872,21.89434,21.04948,4187,301,2,110,1.0385556510264807e+19,GALAXY,1.090039,9224,57933,930
34160,1.2376549521293312e+18,247.074246245944,46.6055395893977,18.2061,17.27692,16.93745,16.7907,16.72989,2207,301,1,44,9.617663361862097e+18,STAR,-0.001621236,8542,57933,823
78421,1.2376551298378634e+18,245.611455781432,46.683344371665,22.09675,21.81708,21.16584,21.04506,20.67318,2248,301,4,109,9.61759931530978e+18,QSO,2.836915,8542,57933,590
44719,1.2376554745030252e+18,245.642354480209,44.8193345203113,21.44407,21.04727,20.86913,20.83812,20.66361,2328,301,6,18,9.61755973289118e+18,QSO,1.019814,8542,57933,446
21102,1.2376551293019756e+18,246.998503523642,44.5925153038956,20.4962,20.28062,20.18223,19.91381,20.12167,2248,301,3,124,9.617494311949326e+18,QSO,1.642374,8542,57933,208
38491,1.2376549521291348e+18,246.729532800926,46.9288607890897,22.79234,20.50364,19.67713,19.37871,19.28976,2207,301,1,41,9.617655390402798e+18,STAR,-0.000220203,8542,57933,794
32397,1.2376549521291343e+18,246.641103217309,46.9594930797562,19.07368,18.58667,18.26329,17.95358,17.87794,2207,301,1,41,9.617642746019076e+18,QSO,1.882697,8542,57933,748
99960,1.237663456705709e+18,323.945812845994,-0.816451733679531,24.07263,22.76296,22.68105,21.21592,21.63446,4187,301,2,109,1.0385558434410158e+19,GALAXY,0.7626919,9224,57933,937
32210,1.237654952129e+18,246.485139347059,47.1409762969826,21.99707,21.67077,21.46923,21.4982,21.13974,2207,301,1,39,9.617656215036516e+18,QSO,1.686317,8542,57933,797
43886,1.2376634577787308e+18,322.381105740467,0.0782537593673729,23.27109,23.04484,22.43667,21.81823,21.61055,4187,301,4,98,1.038546470104389e+19,GALAXY,0.9154037,9224,57933,596
82249,1.2376551298386496e+18,247.096184878774,45.1721050007996,20.61035,20.14335,19.91506,19.8675,19.53975,2248,301,4,121,9.61749651097258e+18,QSO,2.151529,8542,57933,216
78512,1.2376799982334124e+18,339.042541527957,-1.67641081716997,23.8738,22.64506,21.99869,21.33076,21.54347,8038,301,5,79,1.0377523203451148e+19,GALAXY,0.7570467,9217,57934,377
40810,1.237663479261889e+18,340.360554797728,0.119946449167143,23.67507,22.63231,23.69283,23.13038,21.81306,4192,301,4,225,1.0377680983369734e+19,GALAXY,0.7395744,9217,57934,951
6762,1.2376799982336087e+18,339.440542036967,-1.73934120262596,22.20548,21.95799,21.42274,20.69131,20.13039,8038,301,5,82,1.037748801907906e+19,GALAXY,0.7738616,9217,57934,249
56535,1.2376569063465295e+18,340.538170348586,-0.885105779093996,22.37313,21.90229,21.19827,20.58658,20.62438,2662,301,1,152,1.0377688679951129e+19,GALAXY,0.7719886,9217,57934,979
35866,1.237679998234e+18,340.345920657092,-1.82349698934429,23.15999,22.60595,21.76055,21.33065,21.27023,8038,301,5,88,1.037744651251511e+19,GALAXY,0.895983,9217,57934,98
38070,1.237663479261496e+18,339.565217062364,0.0268665578522334,22.40217,22.94226,22.17156,21.95993,22.34813,4192,301,4,219,1.0377629856079e+19,GALAXY,0.7338905,9217,57934,765
35974,1.237679998233281e+18,338.712341457192,-1.69385006646727,22.21436,21.70822,21.29734,20.2132,19.63961,8038,301,5,77,1.0377545743439516e+19,GALAXY,0.8318307,9217,57934,459
48634,1.2376634792612987e+18,339.008146011022,0.150560336824285,23.82261,24.67205,22.92745,23.55814,21.88632,4192,301,4,216,1.0377585875613932e+19,GALAXY,0.2536396,9217,57934,605
31492,1.237678881012057e+18,340.486165350011,-1.94995725568447,24.82791,24.16484,22.87339,21.5242,21.6903,7778,301,4,186,1.0377430844474415e+19,GALAXY,0.2725702,9217,57934,41
6523,1.2376799982334124e+18,339.051775682754,-1.75739428253525,23.00857,22.31498,21.60821,20.86814,20.01003,8038,301,5,79,1.0377510559067429e+19,GALAXY,0.9161662,9217,57934,331
38508,1.2376634792612992e+18,339.03310815539,0.108911180197821,23.27542,22.82539,22.4582,21.9406,21.65415,4192,301,4,216,1.0377586700247652e+19,GALAXY,0.7899904,9217,57934,608
774,1.2376634787252155e+18,340.800729031089,-0.291503191662498,22.35328,22.61955,22.05798,21.83292,21.26052,4192,301,3,228,1.0377690054340663e+19,GALAXY,1.002869,9217,57934,984
37080,1.2376634792614303e+18,339.305660209495,0.191079305250692,23.24321,22.11033,21.82224,21.54548,21.28475,4192,301,4,218,1.0377607865846487e+19,GALAXY,0.8157602,9217,57934,685
40621,1.237663479261693e+18,340.029005496134,0.128949202222372,21.78561,21.94287,20.89949,21.12549,20.52247,4192,301,4,222,1.0377652396067412e+19,GALAXY,0.8783721,9217,57934,847
33442,1.2376799982336742e+18,339.573735950017,-1.813206766199,23.40962,23.0838,22.17089,21.74946,22.12106,8038,301,5,83,1.037747619932906e+19,GALAXY,0.7152083,9217,57934,206
36980,1.2376634792614963e+18,339.487342457646,0.0906365389041292,23.81275,23.63889,22.85743,20.90266,20.28078,4192,301,4,219,1.0377625732910438e+19,QSO,0.02758766,9217,57934,750
99577,1.2376788810115983e+18,339.382347099944,-1.97133497849739,24.56868,22.44682,21.57026,21.28167,20.70389,7778,301,4,179,1.0377497639805802e+19,GALAXY,0.8772827,9217,57934,284
39260,1.237663479261758e+18,340.060102987531,0.101083735102785,23.15048,22.35786,21.78909,22.19912,21.97908,4192,301,4,223,1.037765267094532e+19,GALAXY,0.8158911,9217,57934,848
58432,1.237679998233871e+18,340.051349565524,-1.84497186779655,23.90596,23.83733,22.8836,21.91825,21.1847,8038,301,5,86,1.0377453384462785e+19,QSO,0.7758512,9217,57934,123
76,1.237663478724167e+18,338.518632040421,-0.370661906976297,24.3689,24.89395,23.60455,22.12098,22.23246,4192,301,3,212,1.0377562236113934e+19,GALAXY,0.7347449,9217,57934,519
40663,1.237663479261693e+18,339.950268429536,0.171184315335749,23.00638,23.04075,22.04836,22.08951,21.03817,4192,301,4,222,1.037764442460811e+19,GALAXY,0.8378645,9217,57934,818
40587,1.2376634792613647e+18,339.300246533762,0.150405533597913,23.63561,22.94025,22.23541,21.43231,20.84099,4192,301,4,217,1.0377608965358117e+19,GALAXY,0.7664192,9217,57934,689
3620,1.2376634588507684e+18,318.50117267986,0.864087733584899,24.24988,23.34794,21.80795,21.28117,20.32371,4187,301,6,72,1.0381988869994467e+19,GALAXY,0.8933583,9221,57938,239
13255,1.2376786173999204e+18,319.093744130217,0.522235773066261,24.6122,24.42673,22.95299,23.00667,21.46384,7717,301,1,56,1.0381951761477e+19,GALAXY,1.138855,9221,57938,104
80257,1.2376634577769615e+18,318.351787278512,0.173051469096263,25.68653,22.57626,22.06289,20.96912,21.34962,4187,301,4,71,1.0381982822680517e+19,GALAXY,0.885924,9221,57938,217
79200,1.2376634577770255e+18,318.45222580294,0.0675829354428693,24.48936,22.98106,22.28532,21.36414,20.76558,4187,301,4,72,1.038198337243633e+19,GALAXY,0.7917576,9221,57938,219
44803,1.2376786190100083e+18,317.865851836617,1.8295565456601,23.28609,24.11996,22.27717,21.66658,22.6213,7717,301,4,48,1.0382094423110736e+19,GALAXY,0.8150815,9221,57938,623
3955,1.237678617936e+18,317.264233167088,0.90683139188501,23.60248,22.62139,22.07429,21.00393,20.73808,7717,301,2,44,1.0382064186541e+19,GALAXY,0.7743105,9221,57938,513
76446,1.2376786179363978e+18,318.156498950302,1.04294574339206,24.33331,23.05324,22.2175,21.68478,20.84482,7717,301,2,50,1.038212548431422e+19,QSO,6.880883,9221,57938,736
56864,1.237678596461168e+18,317.270738783543,1.19828706916133,23.86129,23.65147,23.54116,22.11777,21.79738,7712,301,2,44,1.0382062812151435e+19,GALAXY,0.732718,9221,57938,508
78510,1.2376785964614292e+18,317.934895592303,1.27683689852075,22.63756,23.61471,22.75981,22.56032,22.76881,7712,301,2,48,1.0382101295058407e+19,GALAXY,0.8728859,9221,57938,648
59671,1.237678618473072e+18,317.71826818737,1.38236821798948,22.27619,22.66976,21.81932,20.97677,20.4471,7717,301,3,47,1.038209057482e+19,GALAXY,0.7760827,9221,57938,609
50484,1.2376786190105329e+18,319.075533445778,1.88559408597517,23.30291,24.26221,22.46897,22.98263,21.84755,7717,301,4,56,1.038217303819212e+19,GALAXY,0.7533216,9221,57938,909
10429,1.237678597535236e+18,317.955955988404,1.96070517480946,23.45914,24.07955,23.12812,22.52547,21.88576,7712,301,4,49,1.03821048684712e+19,GALAXY,0.7897348,9221,57938,661
449,1.2376785975355e+18,318.59178804908,1.95823311769998,23.90734,23.18632,22.83821,21.63225,21.07631,7712,301,4,53,1.038213812869794e+19,GALAXY,0.6008514,9221,57938,782
23018,1.237678617936398e+18,318.104868382426,0.981692386553587,26.10627,22.50639,22.03634,21.07247,21.7259,7717,301,2,50,1.0382115313831664e+19,GALAXY,0.9186814,9221,57938,699
79440,1.2376634577769595e+18,318.237019537364,0.169527900916748,25.32199,24.25281,22.90826,22.44308,22.10175,4187,301,4,71,1.0381993542918887e+19,GALAXY,0.7838153,9221,57938,256
48609,1.23767861739933e+18,317.739227569711,0.454060591892522,23.30926,22.37353,21.78523,21.63955,20.68561,7717,301,1,47,1.0382029002168883e+19,QSO,0.7842297,9221,57938,385
74787,1.237678617936921e+18,319.316925292055,1.11717173128504,26.04396,23.22575,22.20255,21.71727,22.5057,7717,301,2,58,1.0382179360384e+19,GALAXY,0.7665086,9221,57938,932
4578,1.2376634588524718e+18,322.34162952164,0.894647913509988,23.10215,21.65683,20.98089,20.62793,20.13688,4187,301,6,98,1.0386468831380132e+19,GALAXY,0.8711699,9225,58013,153
81150,1.2376553751837414e+18,248.860494607784,41.4109087432456,20.96323,20.77418,20.65473,20.43097,20.16822,2305,301,5,46,9.602953272014166e+18,QSO,1.589097,8529,58013,556
71209,1.2376555029577075e+18,250.685232539065,41.2574100123967,20.73112,20.6435,20.59088,20.29068,20.28547,2335,301,3,26,9.603032436851364e+18,QSO,1.805072,8529,58013,844
86452,1.2376553751843963e+18,250.070609250696,40.2536024049818,24.30934,23.40002,22.10335,20.19313,19.14729,2305,301,5,56,9.602873557421152e+18,STAR,8.037843e-06,8529,58013,266
71359,1.23765550295738e+18,250.152638722849,41.8211576582139,20.96261,20.41401,20.46914,20.516,20.17137,2335,301,3,21,9.6030060485723e+18,QSO,2.300235,8529,58013,748
80499,1.2376802774056305e+18,355.47540335454,27.7074377495002,18.2004,16.21987,15.28577,14.81264,14.45848,8103,301,5,69,8.667279871893067e+18,GALAXY,0.05519895,7698,58013,372
75820,1.2376530108214807e+18,349.901142850491,-1.25993132276094,21.38218,21.26505,20.75196,20.56311,20.33929,1755,301,1,309,1.0306495028500124e+19,QSO,1.413431,9154,58013,26
5201,1.237663458851685e+18,320.605904969794,0.907921306534918,24.30027,22.62935,22.183,21.99077,21.68234,4187,301,6,86,1.0386574934252214e+19,GALAXY,0.8314039,9225,58013,539
31444,1.2376555018841623e+18,250.134643860967,40.3976652587434,21.81457,19.83219,18.95993,18.60217,18.38384,2335,301,1,29,9.60287465693278e+18,STAR,-0.0002097015,8529,58013,270
80800,1.2376634787232486e+18,336.331729068524,-0.336441110746025,23.67278,22.55674,22.3127,21.90792,20.82592,4192,301,3,198,1.0401317735913249e+19,GALAXY,0.7982788,9238,58013,925
96500,1.2376802774064172e+18,357.545946211765,27.8792147950684,18.45503,17.51772,17.24156,17.10616,17.04756,8103,301,5,81,8.667190261695405e+18,STAR,-0.0009282287,7698,58013,46
95259,1.2376802774062203e+18,357.029741834964,27.7576398941377,19.81222,19.59474,19.44647,19.1472,19.13624,8103,301,5,78,8.667200707055867e+18,QSO,1.671981,7698,58013,84
26685,1.2376555018846863e+18,250.92820150949,39.4070196869679,19.45694,19.24934,19.31132,19.11575,18.86077,2335,301,1,37,9.60283507451418e+18,QSO,0.4340636,8529,58013,126
82171,1.2376637831186353e+18,348.543313123734,-0.837579511589249,23.39699,22.34825,21.34701,20.96656,20.77607,4263,301,2,39,1.0306560999197792e+19,STAR,-0.0005760789,9154,58013,266
74915,1.237663457777944e+18,320.614360062999,0.11861372415683,22.71511,22.72988,22.26624,21.65566,22.3807,4187,301,4,86,1.03865466218278e+19,GALAXY,1.105403,9225,58013,436
3365,1.2376634588516856e+18,320.549822729899,0.944257894500723,23.26229,22.5461,21.91137,21.25633,21.02185,4187,301,6,86,1.0386566687915e+19,GALAXY,0.7422081,9225,58013,509
2295,1.2376634588521444e+18,321.652627435136,0.895201060753359,23.36185,22.10845,21.76166,21.5851,21.42566,4187,301,6,93,1.0386508963554548e+19,GALAXY,0.957777,9225,58013,299
65349,1.2376555034947095e+18,251.462691213598,41.2824088681402,21.58833,21.49985,21.33246,21.28932,21.2221,2335,301,4,28,9.60306652171183e+18,QSO,1.175883,8529,58013,968
3124,1.2376634588522097e+18,321.676904421671,0.986697548891703,22.63683,22.39975,21.72906,21.50186,21.76466,4187,301,6,94,1.0386628810322e+19,QSO,1.784333,9225,58013,735
2296,1.2376634588522757e+18,321.951140342729,0.855743159259348,25.27378,22.49269,22.21267,21.29486,20.18457,4187,301,6,95,1.0386486423566178e+19,GALAXY,0.7601157,9225,58013,217
41710,1.2376634792597268e+18,335.556861103851,0.0625257310659366,22.24902,23.62676,22.31937,21.11042,20.43936,4192,301,4,192,1.0401280627395811e+19,GALAXY,1.015599,9238,58013,790
96301,1.237680277405959e+18,356.274111839758,27.7148005795604,20.69406,20.29269,20.15927,19.9468,19.6759,8103,301,5,74,8.66723479191633e+18,QSO,0.6571065,7698,58013,208
71360,1.2376555029575112e+18,250.256902076424,41.6166361864014,21.70764,21.69319,21.47623,21.5254,21.69026,2335,301,3,23,9.60301759344439e+18,GALAXY,1.406583,8529,58013,790
77199,1.2376637831187008e+18,348.682026400439,-0.827722827451605,21.28978,21.0676,20.68613,20.60726,20.59577,4263,301,2,40,1.0306563198221e+19,QSO,1.307531,9154,58013,274
73644,1.2376555034947092e+18,251.39948677822,41.3226981265498,20.2595,19.08144,18.30288,17.84723,17.57956,2335,301,4,28,9.603064597566478e+18,GALAXY,0.1946113,8529,58013,961
82592,1.237680277405762e+18,355.768346572604,27.697622319709,25.50368,24.58704,21.53892,20.08529,19.15261,8103,301,5,71,8.667269151654698e+18,GALAXY,0.6700251,7698,58013,333
7006,1.237679998231774e+18,335.299074090487,-1.70162943355367,22.00702,21.24082,20.86174,19.93596,19.29535,8038,301,5,54,1.0401144287954e+19,GALAXY,0.7378345,9238,58013,294
79782,1.2376799982316426e+18,334.901817931674,-1.67155210635551,24.45786,22.59697,22.21362,21.38252,21.07319,8038,301,5,52,1.0401167102820243e+19,GALAXY,0.7449157,9238,58013,377
66427,1.237678619011843e+18,322.015429310536,1.89752284489613,24.4004,23.72254,23.07977,22.1372,21.69711,7717,301,4,76,1.0386655748356856e+19,GALAXY,0.7254509,9225,58013,833
77880,1.2376637831187008e+18,348.741734913294,-0.77709395159553,22.30046,21.99061,21.96697,21.63901,20.91759,4263,301,2,40,1.0306551653349e+19,GALAXY,1.029484,9154,58013,232
40173,1.2376634792593336e+18,334.61160759391,0.123473936304616,23.76049,22.9413,21.59111,21.53057,21.74063,4192,301,4,186,1.0401213557186517e+19,QSO,0.4270705,9238,58013,546
75243,1.2376786179380357e+18,321.879862703205,1.18819210365505,23.68413,24.08236,21.83552,21.20374,22.32812,7717,301,2,75,1.038663733153709e+19,GALAXY,0.7336039,9225,58013,766
78623,1.2376634787223311e+18,334.291924797079,-0.331018631414148,24.12781,23.91019,22.70733,22.85791,22.49693,4192,301,3,184,1.0401206685238843e+19,GALAXY,0.8683103,9238,58013,521
91006,1.2376802774057623e+18,355.768106791181,27.7402544401994,23.05968,22.88734,21.95522,20.63463,19.96355,8103,301,5,71,8.667267502387254e+18,GALAXY,0.6897972,7698,58013,327
85783,1.2376637831183076e+18,347.767281067841,-0.752529664136618,21.40305,21.51296,21.15365,21.22311,20.8486,4263,301,2,34,1.0306619823069878e+19,QSO,1.216155,9154,58013,480
72217,1.237655502957446e+18,250.317335450634,41.7780605597872,21.17041,21.22936,20.84778,20.93991,20.97038,2335,301,3,22,9.60301594417695e+18,QSO,1.22119,8529,58013,784
77031,1.2376637831181115e+18,347.346284314856,-0.796826118610251,24.60493,24.37053,21.61151,20.59145,19.33088,4263,301,2,31,1.0306621197459413e+19,GALAXY,0.776845,9154,58013,485
45743,1.2376634577787955e+18,322.461191340602,0.0250666930720968,23.14665,22.74742,22.49906,21.73516,22.15184,4187,301,4,99,1.038645206382781e+19,GALAXY,0.8531875,9225,58013,92
44419,1.237655501884293e+18,250.226206679807,40.1410694046486,21.78164,21.57735,21.045,20.63149,20.52961,2335,301,1,31,9.602870533764176e+18,QSO,1.56775,8529,58013,255
39439,1.2376634792599892e+18,336.009552423771,0.0235980166682173,22.9458,22.68705,22.6908,24.53095,21.62875,4192,301,4,196,1.0401300418605111e+19,GALAXY,1.35439,9238,58013,862
26877,1.2376555018844902e+18,250.75994005403,39.856198842308,21.05221,20.96276,20.53648,20.55644,20.32617,2335,301,1,34,9.602804013310695e+18,GALAXY,0.0,8529,58013,13
83102,1.2376802774056968e+18,355.670344649211,27.6208362537491,25.12336,22.91398,21.62087,20.3198,19.60043,8103,301,5,70,8.667277947747718e+18,STAR,-0.0003531402,7698,58013,365
83105,1.2376802774056965e+18,355.581302031664,27.7685875004381,17.7329,15.9569,15.15798,14.76709,14.46502,8103,301,5,70,8.66727877238144e+18,GALAXY,0.02839794,7698,58013,368
31972,1.2376555034946437e+18,251.191471433989,41.4116120888526,18.93309,17.99417,17.73905,17.61484,17.62284,2335,301,4,27,9.603053327572294e+18,STAR,-0.001452422,8529,58013,920
84885,1.2376802774056968e+18,355.610471092672,27.753513413876,23.43784,23.34069,21.79843,20.64391,19.68096,8103,301,5,70,8.667279597015162e+18,GALAXY,0.7088932,7698,58013,371
86579,1.2376802774056307e+18,355.418898609647,27.6406415317545,18.19281,16.46457,15.57458,15.09262,14.70349,8103,301,5,69,8.667288393108182e+18,GALAXY,0.03201731,7698,58013,403
63802,1.2376555034947103e+18,251.527812587487,41.2569257104784,22.63765,22.23151,21.96116,21.4667,21.69889,2335,301,4,28,9.603068170979269e+18,QSO,1.756201,8529,58013,974
71839,1.237655502957576e+18,250.586314741185,41.5529970512792,18.93504,17.73401,17.52269,17.46018,17.4441,2335,301,3,24,9.60303023782811e+18,STAR,-0.0005647614,8529,58013,836
62837,1.237663457778337e+18,321.480354938681,0.0360245866214021,23.24373,22.51511,21.83075,21.596,21.41829,4187,301,4,92,1.0386496319170828e+19,GALAXY,0.7487514,9225,58013,253
1594,1.2376799982374753e+18,348.2343369795,-1.88814342070779,24.79834,22.31385,21.44261,20.35306,19.69754,8038,301,5,141,1.0306589861378e+19,GALAXY,0.9139615,9154,58013,371
98635,1.2376802774058276e+18,355.983449505607,27.6589258832306,22.43735,21.3474,20.92746,20.78499,20.61612,8103,301,5,72,8.667246336788421e+18,QSO,0.8478258,7698,58013,250
66093,1.237655375183676e+18,248.631797960195,41.565941251564,22.35711,22.23755,21.64005,21.4777,21.15231,2305,301,5,45,9.60295382176998e+18,QSO,1.581441,8529,58013,558
65923,1.2376553751842657e+18,249.785287079361,40.4903229174738,19.73802,19.36697,19.43219,19.30856,19.29564,2305,301,5,54,9.60289609740952e+18,QSO,0.6263779,8529,58013,348
72640,1.2376637831183076e+18,347.761023426667,-0.671495019373772,22.21879,22.13176,21.97784,21.82063,21.19715,4263,301,2,34,1.0306619273314064e+19,QSO,1.035307,9154,58013,478
34272,1.2376799982319703e+18,335.663852212552,-1.74833366232478,22.62838,22.9128,22.58375,21.71232,21.78741,8038,301,5,57,1.0401122022843505e+19,GALAXY,0.8323941,9238,58013,213
1070,1.2376799982377375e+18,348.82718515074,-1.92044970276841,23.62694,22.95068,21.01659,20.00899,19.34352,8038,301,5,145,1.0306544231645469e+19,GALAXY,0.5720116,9154,58013,205
66728,1.237655375184069e+18,249.385711334074,40.7974362288807,22.96248,22.10578,21.57635,20.47121,19.59646,2305,301,5,51,9.602970589322303e+18,STAR,-4.957986e-05,8529,58013,619
35865,1.2376799982315118e+18,334.662790336096,-1.59287831636082,22.79136,22.67881,22.43851,21.4676,21.57966,8038,301,5,50,1.0401178922570242e+19,GALAXY,0.7895789,9238,58013,420
73831,1.2376802768688911e+18,355.803857489216,27.3059104340289,25.53591,21.9005,20.67774,19.90164,19.53552,8103,301,4,71,8.66726612799772e+18,STAR,-0.0003964329,7698,58013,322
79743,1.237655375184331e+18,249.874954965844,40.3846329228857,21.98654,21.94085,22.17773,22.23545,22.00237,2305,301,5,55,9.602884827415337e+18,STAR,0.000107337,8529,58013,307
47578,1.237678617401231e+18,322.133218467622,0.692950600358203,24.74755,22.95428,22.5608,21.75874,21.26122,7717,301,1,76,1.0386484774298737e+19,GALAXY,1.000868,9225,58013,211
51503,1.2376799982321016e+18,335.995124418981,-1.66353079773939,22.08967,22.41366,21.82263,21.27345,21.33965,8038,301,5,59,1.0401073919209787e+19,GALAXY,0.0,9238,58013,38
48801,1.2376786174016896e+18,323.144334380909,0.656997046214758,24.4651,22.9281,22.28362,21.74864,22.41087,7717,301,1,83,1.038642869920572e+19,QSO,1.007003,9225,58013,7
5227,1.2376635426055788e+18,321.991175083021,-0.448506022863477,18.29923,17.4025,17.16828,17.08448,17.05074,4207,301,2,117,1.0386473504304552e+19,STAR,-9.50732e-05,9225,58013,170
42033,1.237680529745445e+18,356.969804894498,29.7234401332385,21.89805,21.68716,21.6882,21.30343,20.65549,8162,301,3,229,8.667428305962818e+18,QSO,1.917703,7698,58013,912
97675,1.2376802774062208e+18,357.004918213467,27.7335961627108,25.15499,21.97521,20.73298,20.2919,19.93309,8103,301,5,78,8.667201531689589e+18,STAR,-0.0002239061,7698,58013,87
9702,1.2376555034947756e+18,251.408766248075,41.1456232523584,25.11892,23.18586,21.45591,19.91966,19.2586,2335,301,4,29,9.60306899561299e+18,STAR,0.0001495188,8529,58013,977
40622,1.237680529207854e+18,355.15158710668,29.1609337506961,22.55005,23.64555,21.97292,20.57119,19.74413,8162,301,2,218,8.667334022840736e+18,GALAXY,0.6844816,7698,58013,569
94760,1.2376802774064172e+18,357.467152289552,27.8844829467667,19.89886,18.62506,18.09365,17.91016,17.84282,8103,301,5,81,8.66719053657331e+18,STAR,-0.0002379343,7698,58013,47
49111,1.2376786174014927e+18,322.653896391036,0.706236327086107,23.77276,22.7889,22.4818,21.58242,21.538,7717,301,1,80,1.0386446566269671e+19,GALAXY,0.845182,9225,58013,72
2051,1.2376634588516204e+18,320.444978475781,0.907691374845382,22.87543,22.26201,21.81657,21.15063,20.41379,4187,301,6,85,1.0386569711572e+19,GALAXY,0.876763,9225,58013,520
74752,1.2376805292081157e+18,355.810246473315,29.1127041337673,22.67258,22.12523,22.19701,22.12901,21.91606,8162,301,2,222,8.667365358922128e+18,STAR,-0.0003277891,7698,58013,683
84018,1.237663783118504e+18,348.254511224283,-0.64894192975595,21.75234,20.81281,20.58553,20.13542,20.0501,4263,301,2,37,1.0306669301093128e+19,QSO,0.6284282,9154,58013,660
97679,1.2376802774056965e+18,355.558244701976,27.6289431450066,22.448,21.26773,20.79126,20.79427,20.2255,8103,301,5,70,8.667278222625626e+18,QSO,1.152521,7698,58013,366
95725,1.237680277406024e+18,356.41297848472,27.6616480287422,21.78753,21.35321,21.3612,21.21332,21.08604,8103,301,5,75,8.667233967282608e+18,QSO,2.456226,7698,58013,205
79414,1.2376637831181112e+18,347.370327545135,-0.714510190676194,22.02029,22.12173,21.82627,21.58438,21.88195,4263,301,2,31,1.030662312160476e+19,QSO,2.379337,9154,58013,492
3232,1.23766345885162e+18,320.399300086826,0.896913448904491,24.71965,22.51035,21.68899,21.23582,21.20604,4187,301,6,85,1.038656888693826e+19,GALAXY,1.159232,9225,58013,517
84938,1.2376802774055657e+18,355.267674113052,27.7134508738402,23.40294,24.2855,22.16522,20.88088,20.00733,8103,301,5,68,8.667288942864e+18,GALAXY,0.5881338,7698,58013,405
11229,1.2376555034946442e+18,251.397079424613,41.4052517887389,22.20273,21.95278,21.71808,21.65845,21.67505,2335,301,4,27,9.603062123665316e+18,GALAXY,1.396946,8529,58013,952
66917,1.237680529744986e+18,355.69252328648,29.5202369327995,22.07885,21.74124,24.42021,21.57525,21.41461,8162,301,3,222,8.667374429893057e+18,STAR,-0.0002167283,7698,58013,716
656,1.2376634787229865e+18,335.75041214085,-0.337589532818346,23.5941,24.74442,22.85914,22.30709,22.28958,4192,301,3,194,1.0401294096413252e+19,GALAXY,0.7601635,9238,58013,839
88196,1.237655503494644e+18,251.313789531436,41.377678155389,24.34843,21.53189,22.504,20.40896,19.63125,2335,301,4,27,9.603060199519967e+18,QSO,0.787481,8529,58013,945
73762,1.2376555024214267e+18,251.154004067232,39.8886772378866,21.53357,21.31882,21.07636,21.1484,21.3505,2335,301,2,35,9.6028279276886e+18,QSO,1.121443,8529,58013,100
76445,1.2376805292076572e+18,354.55922550835,28.982617808519,24.20005,23.58379,22.07085,20.86881,20.05655,8162,301,2,215,8.667316430654691e+18,STAR,8.051866e-05,7698,58013,505
19933,1.2376555024209674e+18,250.520951286661,40.8032064180145,21.97272,21.96925,21.80544,21.6564,21.24791,2335,301,2,28,9.602855415479292e+18,GALAXY,0.680725,8529,58013,200
20220,1.2376805297449208e+18,355.629062152527,29.4593760649223,22.34187,20.6967,19.05926,18.38193,17.98634,8162,301,3,221,8.667363159898872e+18,GALAXY,0.2514445,7698,58013,675
12786,1.237680529745446e+18,356.972878879071,29.5841697212525,26.15039,23.20472,21.53698,20.14177,19.38251,8162,301,3,229,8.667428580840724e+18,GALAXY,0.6001495,7698,58013,913
78394,1.2376637831187008e+18,348.7528105309,-0.797871807711196,22.44992,22.18109,22.19929,21.83339,21.21612,4263,301,2,40,1.03065494543257e+19,QSO,1.641445,9154,58013,224
99938,1.2376802774055e+18,355.179453733752,27.7149320728448,21.5028,21.59604,21.42026,21.01734,20.47349,8103,301,5,67,8.667299663102368e+18,QSO,1.794403,7698,58013,444
77986,1.2376637831180452e+18,347.260765987511,-0.778275597756297,18.40329,17.39671,17.09309,16.97205,16.93803,4263,301,2,30,1.0306620097947783e+19,STAR,-0.0001666827,9154,58013,481
2775,1.2376634588518167e+18,320.914169044297,0.948677277869988,23.08399,22.68685,22.20885,21.84205,22.74276,4187,301,6,88,1.0386596099851e+19,GALAXY,0.9370065,9225,58013,616
74417,1.2376555029575112e+18,250.204411796943,41.6415357075256,21.264,21.10024,20.98693,20.92814,20.80117,2335,301,3,23,9.603008797351369e+18,QSO,0.8967028,8529,58013,758
70680,1.2376555029573148e+18,250.003095569986,42.0055899123155,22.83341,22.12704,22.07633,22.03421,22.4063,2335,301,3,20,9.603004949060671e+18,QSO,2.478918,8529,58013,744
84054,1.2376553751844618e+18,250.096481676711,40.1378086294933,17.73922,16.78184,16.63383,18.51902,16.64853,2305,301,5,57,9.60288207863627e+18,STAR,-0.0002814885,8529,58013,297
79882,1.237655501883966e+18,249.763028055153,40.8595122777666,21.3085,21.05833,21.0646,20.8114,20.67626,2335,301,1,26,9.60299257955486e+18,QSO,1.750455,8529,58013,699
14438,1.2376551287665467e+18,249.243280725365,41.6504409753801,26.12645,24.36894,22.20867,21.19509,19.84682,2248,301,2,146,9.602963992252537e+18,GALAXY,0.8928192,8529,58013,595
82954,1.2376802774056307e+18,355.489122714818,27.636149065566,18.85028,17.00385,16.09439,15.66651,15.32514,8103,301,5,69,8.667277672869813e+18,GALAXY,0.05676791,7698,58013,364
71149,1.237655502420903e+18,250.415789288365,40.8619259479948,24.56866,24.0502,22.23265,20.68276,19.76196,2335,301,2,27,9.603021716613e+18,STAR,-0.0002049894,8529,58013,805
79702,1.2376553751837414e+18,248.863518544305,41.3823789314824,21.20593,21.18039,20.85188,20.93446,20.82805,2305,301,5,46,9.602954371525792e+18,QSO,0.997415,8529,58013,560
61685,1.2376786184743823e+18,320.664437330851,1.49269936684533,22.3175,22.31177,21.93443,21.27886,21.09408,7717,301,3,67,1.0386579607176632e+19,QSO,5.231747,9225,58013,556
94773,1.237680277406024e+18,356.474306210281,27.7314892452719,19.62165,19.44114,19.11892,19.13145,19.11956,8103,301,5,75,8.667224346555865e+18,QSO,1.029606,7698,58013,170
75839,1.2376805292081815e+18,355.957008946515,29.1965284142296,25.04693,23.05849,21.4461,19.84708,19.09093,8162,301,2,223,8.667376628916312e+18,STAR,-0.0001443858,7698,58013,724
36676,1.2376569063500685e+18,348.487607963996,-0.980748236485906,23.38132,23.10629,21.72029,20.56633,19.79896,2662,301,1,206,1.030657556772686e+19,GALAXY,0.7909555,9154,58013,319
32721,1.237679998231446e+18,334.470386127908,-1.71518640237253,21.29403,20.95482,20.33844,19.57395,18.89082,8038,301,5,49,1.0401187993541171e+19,GALAXY,0.8930897,9238,58013,453
73179,1.237680276868826e+18,355.734013709151,27.369590290804,24.59735,22.45099,21.88133,21.54242,21.19378,8103,301,4,70,8.667266677753534e+18,GALAXY,0.2243344,7698,58013,324
42854,1.2376634792593984e+18,334.752721949892,0.136704567797834,20.36624,20.14613,19.80728,19.86085,19.69053,4192,301,4,187,1.0401226201570236e+19,QSO,1.419276,9238,58013,592
37062,1.237656906344367e+18,335.581067478152,-0.901373418797257,26.50241,22.61471,21.60108,21.12601,20.26065,2662,301,1,119,1.0401128894791178e+19,GALAXY,0.6625162,9238,58013,238
76914,1.237680276868891e+18,355.77929779435,27.3672124209477,23.18958,22.03469,21.61975,21.31992,22.27303,8103,301,4,71,8.667268601898883e+18,GALAXY,0.06536628,7698,58013,331
68756,1.2376802768690222e+18,356.158548540612,27.3976077181706,21.23871,20.70387,20.74041,20.45909,20.42427,8103,301,4,73,8.667244137765165e+18,QSO,1.641967,7698,58013,242
48799,1.237678617401362e+18,322.426977586745,0.661366135950382,23.37992,22.43512,21.87222,21.58962,20.40973,7717,301,1,78,1.038645921065339e+19,GALAXY,0.977101,9225,58013,118
43167,1.2376786190117128e+18,321.725167871144,1.83126207045839,24.34612,22.87093,22.11472,21.56072,20.74427,7717,301,4,74,1.0386634857635928e+19,GALAXY,1.085141,9225,58013,757
75731,1.2376786179380362e+18,321.97929761411,1.11316852262358,23.30484,22.9777,22.96247,21.74754,21.24125,7717,301,2,75,1.038665190006616e+19,GALAXY,0.779292,9225,58013,819
62376,1.237655503494906e+18,251.850538790202,40.8918012008588,22.09512,21.46334,21.10324,21.49764,20.97017,2335,301,4,31,9.603074493171128e+18,STAR,-0.0003079093,8529,58013,997
40197,1.2376634792595955e+18,335.134364902641,0.0719161920463703,25.78886,22.7921,22.38664,21.50386,20.98411,4192,301,4,190,1.0401246817413255e+19,GALAXY,0.8493052,9238,58013,667
94033,1.2376802774064172e+18,357.482366341659,27.7834691211753,20.13726,19.67348,19.39857,19.18648,18.99444,8103,301,5,81,8.667189162183776e+18,QSO,0.6479202,7698,58013,42
80945,1.2376553751846587e+18,250.451732358272,39.6727704530519,21.07625,21.32464,21.25313,21.06549,21.33542,2305,301,5,60,9.602858714014175e+18,QSO,1.357647,8529,58013,212
5202,1.2376634588518167e+18,320.846526941272,0.87942568021488,23.08003,22.6378,22.15647,21.36509,20.73247,4187,301,6,88,1.0386553218897564e+19,GALAXY,0.9227864,9225,58013,460
66256,1.237655501883769e+18,249.366885628259,41.2132677419441,23.62188,21.93497,21.67227,21.38146,21.15349,2335,301,1,23,9.602970314444397e+18,QSO,2.850503,8529,58013,618
132,1.237679998237738e+18,348.949156625386,-1.88041775073836,24.43789,22.70037,21.57567,20.50386,19.82821,8038,301,5,145,1.0306544781401285e+19,GALAXY,0.5762115,9154,58013,207
44151,1.237663479259792e+18,335.581119672937,0.137020356275403,24.05582,22.67434,22.194,21.43184,21.71721,4192,301,4,193,1.040128007764e+19,GALAXY,0.8111773,9238,58013,788
71055,1.2376555029577733e+18,250.707335724841,41.0704720961072,22.25626,21.77269,21.63781,21.04677,20.79133,2335,301,3,27,9.603035185630435e+18,QSO,1.89182,8529,58013,854
72236,1.2376555024206405e+18,249.856744148916,41.3050527946106,23.05397,21.81996,21.65401,21.54444,20.85449,2335,301,2,23,9.60298790663044e+18,QSO,2.159651,8529,58013,682
78910,1.237679998232429e+18,336.696207005221,-1.66514281404124,23.51237,21.85586,21.4069,20.73997,20.42764,8038,301,5,64,1.0401067047262116e+19,QSO,1.871164,9238,58013,13
71784,1.2376637831184384e+18,348.071567966372,-0.755679375457636,20.37919,20.24005,20.01375,20.01224,19.97918,4263,301,2,36,1.0306597832837325e+19,QSO,1.358024,9154,58013,400
85144,1.2376637831185044e+18,348.290768475681,-0.732336233524605,21.8574,21.33612,21.37388,21.37416,20.92894,4263,301,2,37,1.0306584638697787e+19,QSO,2.415038,9154,58013,352
41903,1.237663479259792e+18,335.677910107985,0.180122229801248,24.34566,22.58459,22.54272,22.11991,21.51402,4192,301,4,193,1.040127980276209e+19,GALAXY,1.244251,9238,58013,787
96922,1.237680277405893e+18,356.192691051247,27.6914255867797,18.64893,18.35369,18.33698,18.20926,18.02756,8103,301,5,73,8.667234517038422e+18,QSO,0.4399604,7698,58013,207
61512,1.2376634577790577e+18,323.032523021693,0.0778618168712003,22.94724,22.86556,22.34214,22.31272,21.77463,4187,301,4,103,1.038643941944409e+19,QSO,0.1185576,9225,58013,46
21576,1.237678596463134e+18,321.840010537825,1.37176042522913,25.134,23.22994,21.62565,20.98489,22.30739,7712,301,2,74,1.0386638156170811e+19,GALAXY,0.725763,9225,58013,769
66379,1.2376555018846868e+18,250.890037949731,39.3834052420167,22.23999,20.76951,20.09003,19.89067,19.55926,2335,301,1,37,9.602833975002552e+18,STAR,-0.000335473,8529,58013,122
73538,1.2376637831191596e+18,349.722970200333,-0.652832598510426,22.19779,21.87465,21.75575,21.58455,21.77677,4263,301,2,47,1.0306751214709395e+19,QSO,1.826406,9154,58013,958
1554,1.2376634787232497e+18,336.361149656086,-0.267309775438747,22.73873,23.34291,22.39384,22.49235,21.22935,4192,301,3,198,1.040132735664e+19,GALAXY,1.126494,9238,58013,960
53662,1.237653010820891e+18,348.637698389561,-1.27415859204245,21.16043,20.77264,20.4824,20.10999,19.87044,1755,301,1,300,1.0306564847488487e+19,QSO,0.6657488,9154,58013,280
37484,1.2376634792599227e+18,335.919406697675,0.0237758943365349,23.73382,22.795,21.81892,21.4634,23.37058,4192,301,4,195,1.0404531333540108e+19,GALAXY,0.7766489,9241,58014,328
39503,1.2376634792556636e+18,326.197125562563,0.186982750381003,23.2299,22.82274,22.38717,21.79278,20.84145,4192,301,4,130,1.0389998813477884e+19,GALAXY,0.8737732,9228,58014,707
60584,1.237678596469884e+18,337.232171207114,1.68864955627033,24.30097,22.86421,21.94525,21.42015,20.54358,7712,301,2,177,1.0404705056377297e+19,GALAXY,0.7408229,9241,58014,960
61855,1.2376786184813286e+18,336.513667225803,1.92131052885722,23.48291,22.54077,22.32405,21.21315,20.93189,7717,301,3,173,1.0404679217854e+19,GALAXY,0.7687663,9241,58014,866
34157,1.2376549521311667e+18,250.245876995528,43.0062403586279,22.34016,22.06194,22.0003,21.90018,21.72187,2207,301,1,72,9.612019570035675e+18,QSO,1.638608,8537,58014,771
88210,1.2376551298402227e+18,250.083486500428,42.2859637950201,21.92108,21.19617,21.07035,20.84282,20.72245,2248,301,4,145,9.611879657181045e+18,QSO,1.636596,8537,58014,262
87682,1.2376634803339277e+18,336.601104693857,0.907382151616966,22.84265,22.73113,22.61998,21.60322,20.82863,4192,301,6,199,1.04044835047843e+19,GALAXY,0.7446274,9241,58014,154
72850,1.2376555029571832e+18,249.750882201621,42.2700913959075,20.40214,20.16259,19.98689,19.6818,19.85159,2335,301,3,18,9.611892851320576e+18,QSO,1.703224,8537,58014,310
40585,1.2376634792553354e+18,325.393652145164,0.008379088472445,23.20691,22.79455,22.25156,21.60083,22.18676,4192,301,4,125,1.0389955657646496e+19,GALAXY,0.8645314,9228,58014,550
71504,1.2376555029570524e+18,249.415163995999,42.4751244871437,22.19774,21.89113,21.92625,21.7394,21.4215,2335,301,3,16,9.611904671070577e+18,QSO,2.005224,8537,58014,353
30957,1.237654952131691e+18,251.188360681272,41.9985834217583,21.56062,21.38704,21.30713,21.05149,20.89685,2207,301,1,80,9.611812037215934e+18,QSO,1.895852,8537,58014,16
59925,1.2376786184809354e+18,335.611508665512,1.88545853800726,22.62116,22.55992,21.85051,20.97377,20.82113,7717,301,3,167,1.0404613796912191e+19,GALAXY,0.7818972,9241,58014,628
70679,1.237655502956921e+18,249.357715998007,42.7110654004053,21.47936,20.0877,19.49722,19.27706,19.19161,2335,301,3,14,9.611988508832193e+18,STAR,-0.0001371354,8537,58014,658
85503,1.2376634803342548e+18,337.273745350912,0.84213956569462,21.27035,21.02182,21.18765,20.04064,20.46538,4192,301,6,204,1.040445024455756e+19,GALAXY,0.9503534,9241,58014,33
18837,1.237678881005896e+18,326.351847806382,-1.53556480704398,24.23453,24.01717,22.74551,22.63996,21.79823,7778,301,4,92,1.0389874018908131e+19,GALAXY,0.834695,9228,58014,253
70375,1.2376555029569866e+18,249.307796420177,42.6177034293409,21.6089,19.47493,18.46672,17.98896,17.69278,2335,301,3,15,9.611917315454294e+18,STAR,4.44947e-05,8537,58014,399
73325,1.2376555018831135e+18,248.30813263246,42.3441890531836,23.9595,21.7708,21.39707,21.30936,20.23277,2335,301,1,13,9.611940680076384e+18,GALAXY,0.1180455,8537,58014,484
72162,1.2376555029573143e+18,250.06312654085,41.9837287455811,22.21826,22.18274,21.68476,21.53387,21.99845,2335,301,3,20,9.611876908401971e+18,QSO,1.318682,8537,58014,252
87744,1.2376555045675338e+18,250.591670564119,43.4663415766182,20.43848,20.23181,20.20301,19.97741,20.21757,2335,301,6,14,9.612036887343817e+18,QSO,1.646998,8537,58014,834
85890,1.2376634803337308e+18,336.080258983351,0.875957389560946,22.61651,22.99449,22.57546,21.47716,20.8515,4192,301,6,196,1.0404517864522668e+19,GALAXY,1.734221,9241,58014,279
14691,1.2376785964690314e+18,335.205847343982,1.56941879039298,22.98595,22.20728,21.99442,20.75504,20.04823,7712,301,2,164,1.04046022520401e+19,GALAXY,0.7962797,9241,58014,586
87615,1.2376555024199196e+18,248.454334609934,42.7480521047311,23.95939,22.00844,21.53699,20.90247,20.66881,2335,301,2,12,9.611954973727543e+18,QSO,0.6619536,8537,58014,536
14276,1.237678596469032e+18,335.183848943488,1.58019989338532,23.19511,22.5738,21.40617,21.06818,20.32824,7712,301,2,164,1.0404591256923822e+19,GALAXY,1.06791,9241,58014,546
70376,1.2376555029570524e+18,249.58637389516,42.4824793530356,21.59326,20.3726,19.50686,19.21894,19.07843,2335,301,3,16,9.611890377419414e+18,QSO,1.26316,8537,58014,301
38480,1.2376634792561876e+18,327.404616414039,0.100574216001275,22.78395,22.68119,22.91708,21.5503,20.80178,4192,301,4,138,1.0390066158565087e+19,GALAXY,0.8365074,9228,58014,952
5681,1.2376786179446543e+18,336.999862166304,1.49337465420661,23.05747,22.58724,21.83797,21.34177,22.119,7717,301,2,176,1.0404697909551716e+19,GALAXY,0.825047,9241,58014,934
40993,1.2376634792597263e+18,335.477950599302,0.0612373489284655,23.71742,23.07951,22.1029,21.69555,21.07526,4192,301,4,192,1.0404553873528476e+19,GALAXY,0.7262959,9241,58014,410
14464,1.2376785964694252e+18,336.116472069446,1.58518567313642,25.73358,23.1099,21.9507,21.03782,20.8539,7712,301,2,170,1.0404655028598231e+19,GALAXY,0.8254238,9241,58014,778
80093,1.2376555029567903e+18,248.975991823269,43.0162413667423,24.15232,23.32223,21.61554,20.67774,20.11028,2335,301,3,12,9.61197531469266e+18,STAR,0.0002574926,8537,58014,610
38733,1.2376634792558602e+18,326.668849963082,0.138939477985537,23.01572,22.30192,21.65269,21.03336,20.75713,4192,301,4,133,1.0390032898338347e+19,GALAXY,0.7082407,9228,58014,831
38895,1.2376634792554015e+18,325.584541828408,0.129581897192094,22.44788,22.68001,22.09655,21.95827,21.80853,4192,301,4,126,1.0389965003495332e+19,GALAXY,1.144965,9228,58014,584
62561,1.237655501883245e+18,248.382368787794,42.1318535283403,21.66869,21.54982,21.06714,21.02493,21.07345,2335,301,1,15,9.611941229832198e+18,QSO,1.138665,8537,58014,486
71702,1.2376555029567903e+18,248.986423111498,42.9694207276008,21.55396,20.97409,20.86675,20.67215,20.73235,2335,301,3,12,9.611975864448471e+18,QSO,2.180455,8537,58014,612
88481,1.2376551298406815e+18,250.86373178696,41.5150838963955,20.89315,20.89232,20.94671,20.60552,20.45019,2248,301,4,152,9.611835401838025e+18,QSO,1.977863,8537,58014,101
39980,1.237663479255336e+18,325.476502253755,0.0825777405876978,24.46915,22.74899,22.29565,21.46621,21.33614,4192,301,4,125,1.0389956207402308e+19,GALAXY,0.6650128,9228,58014,552
71879,1.2376555029570524e+18,249.603825508428,42.4630466171379,21.79902,21.29795,21.08027,20.58422,20.75273,2335,301,3,16,9.611895050343832e+18,QSO,1.726048,8537,58014,318
85287,1.237655504030991e+18,250.78084697486,42.6169533620657,23.98464,24.44917,22.29003,21.02429,19.94419,2335,301,5,19,9.611849145733372e+18,GALAXY,0.8174814,8537,58014,151
69849,1.2376555029573143e+18,250.142338007728,42.0293511064053,21.46127,21.38358,20.98022,20.92269,21.23092,2335,301,3,20,9.611877733035694e+18,QSO,1.289232,8537,58014,255
87189,1.2376555040307287e+18,250.292390428408,43.0732766989189,22.52593,24.85524,22.62434,20.87125,19.88146,2335,301,5,15,9.612027816372886e+18,GALAXY,0.9281558,8537,58014,801
37905,1.2376634792561226e+18,327.238195917302,0.166484488716414,23.40562,23.29432,22.65438,21.60855,21.16898,4192,301,4,137,1.0390063409786e+19,GALAXY,0.7974387,9228,58014,942
70611,1.237655502956921e+18,249.294331564803,42.6832793912514,21.18338,20.80455,20.77963,20.75885,20.72231,2335,301,3,14,9.611989058588006e+18,QSO,1.769144,8537,58014,660
61603,1.2376553751834793e+18,248.378389145065,41.8902163518815,21.36509,21.38968,21.37178,21.12971,22.21103,2305,301,5,42,9.61193380812871e+18,QSO,1.928916,8537,58014,459
67421,1.237678617943869e+18,335.287145474231,1.47112605999395,22.56687,22.31787,23.04486,21.58004,21.80127,7717,301,2,164,1.0404598403749405e+19,GALAXY,0.8335341,9241,58014,572
14986,1.2376785964694907e+18,336.308670137899,1.77130841200958,26.04963,22.59174,21.82652,21.13934,20.7429,7712,301,2,171,1.0404659151766835e+19,GALAXY,0.7822378,9241,58014,793
19835,1.2376551293032202e+18,249.397309694968,42.3717140937218,20.48897,19.43408,20.56546,21.43172,18.82907,2248,301,3,143,9.61190412131476e+18,STAR,-0.0005629382,8537,58014,351
62105,1.2376786184808049e+18,335.453716683441,1.88340667017557,22.88083,22.31022,21.43142,20.41725,20.30132,7717,301,3,165,1.0404684715412183e+19,GALAXY,0.0,9241,58014,886
15535,1.2376785964696873e+18,336.716365145247,1.67101949061696,22.79857,22.73535,21.82287,20.88843,20.96523,7712,301,2,174,1.04046814168773e+19,GALAXY,0.6713887,9241,58014,874
92139,1.2376634803337303e+18,336.036372929359,0.910139280562485,22.57815,22.36391,21.98791,21.39956,21.26295,4192,301,6,196,1.040451758964476e+19,GALAXY,0.8763565,9241,58014,278
32548,1.2376549521317563e+18,251.188954651376,41.9653530667909,22.39096,21.35134,20.96763,20.77169,20.82901,2207,301,1,81,9.6118106628264e+18,STAR,-0.001171724,8537,58014,11
79647,1.2376555029567252e+18,248.941579167865,43.0995689687992,22.99718,22.16577,20.93877,20.23,19.76398,2335,301,3,11,9.61196184567522e+18,QSO,1.479818,8537,58014,561
71838,1.237655502957445e+18,250.165837377669,41.7994876966616,20.26823,20.25616,20.14934,20.18512,20.02779,2335,301,3,22,9.61186646304151e+18,QSO,1.084429,8537,58014,214
39805,1.2376634792599237e+18,335.923093995061,0.0526026051302128,22.88265,23.2799,22.03254,22.73018,21.15539,4192,301,4,195,1.0404520063545924e+19,GALAXY,1.119424,9241,58014,287
5479,1.2376786179443924e+18,336.48415826957,1.52930915709798,23.03029,22.78187,22.17075,21.60104,21.21659,7717,301,2,172,1.0404673995173812e+19,GALAXY,0.7647243,9241,58014,847
71639,1.2376555029575112e+18,250.220424785599,41.6613436743933,21.49327,21.03686,20.63595,20.06981,20.06037,2335,301,3,23,9.61186536352988e+18,QSO,0.4971057,8537,58014,210
67273,1.237678617943737e+18,334.935161157388,1.48379372953376,24.8054,22.52642,21.85344,21.47712,21.68651,7717,301,2,162,1.0404585759365683e+19,QSO,2.292323,9241,58014,526
31688,1.2376549521316255e+18,251.006013528305,42.1652279336502,20.6875,20.00111,20.12389,19.67235,19.63436,2207,301,1,79,9.611842823541512e+18,QSO,0.6060567,8537,58014,128
84226,1.237655375183282e+18,248.107432173453,42.3326696896748,25.17412,22.43461,22.76815,21.72725,19.43258,2305,301,5,39,9.611944803244988e+18,STAR,-8.260131e-05,8537,58014,499
39370,1.2376634792555988e+18,326.106901530117,0.0556487107879277,25.52093,23.05284,22.43969,20.75894,20.66543,4192,301,4,129,1.0389990567140676e+19,QSO,1.090016,9228,58014,677
93253,1.2376555040311224e+18,251.092759623175,42.4567549402804,26.19573,24.64108,21.18182,20.05404,19.38614,2335,301,5,21,9.611831003791512e+18,GALAXY,0.7760985,8537,58014,85
63975,1.2376553751835448e+18,248.575957549194,41.8270894153352,21.36603,20.95327,20.84782,20.9344,20.35829,2305,301,5,43,9.611933258372897e+18,QSO,0.6865466,8537,58014,457
92049,1.2376634803337958e+18,336.186656361034,0.84136086065728,22.68228,22.00682,21.52542,20.73003,20.54043,4192,301,6,197,1.0404505220138949e+19,GALAXY,0.7735276,9241,58014,233
52269,1.237678596469424e+18,336.171843439564,1.60640574722603,24.51997,23.01623,23.40568,22.35406,22.91117,7712,301,2,170,1.0404656677865677e+19,QSO,0.1592897,9241,58014,784
20989,1.2376785964695557e+18,336.377726917702,1.60981820334291,21.80437,22.53334,21.98091,20.98841,20.22606,7712,301,2,172,1.0404664924202883e+19,GALAXY,0.9031903,9241,58014,814
38365,1.237663479256057e+18,327.08915289637,0.14667254417773,25.28721,23.30207,23.48734,22.06863,21.40503,4192,301,4,136,1.0390053789059277e+19,GALAXY,0.8030851,9228,58014,907
70374,1.2376555029568558e+18,249.218690590169,42.8674632647853,20.75809,20.64742,20.44373,20.42912,20.24892,2335,301,3,13,9.611987409320565e+18,QSO,1.047232,8537,58014,654
33129,1.2376786174111255e+18,344.634372853044,1.14407635163762,22.89766,22.11624,22.28669,21.91741,22.63497,7717,301,1,227,1.0326795586595215e+19,GALAXY,0.2328801,9172,58015,151
815,1.2376785975467707e+18,344.333120238703,2.67519971432949,21.61972,21.50873,21.31867,20.99278,20.89461,7712,301,4,225,1.032695968870566e+19,QSO,1.631623,9172,58015,748
75697,1.2376785986275249e+18,0.379752648195733,3.54189791370927,22.82698,22.91086,22.38001,21.92622,21.74295,7712,301,6,332,1.0627533182390786e+19,GALAXY,0.8627495,9439,58015,596
10673,1.2376549537419105e+18,252.112757003397,43.5111044206523,21.86237,21.21774,21.11583,21.10508,20.75035,2207,301,4,74,9.610771074599117e+18,QSO,2.229631,8536,58015,325
69882,1.237665570369242e+18,252.931041691229,45.6027902240554,22.73519,22.02592,21.68134,21.61606,21.29741,4679,301,3,151,9.610896968680495e+18,GALAXY,0.08392536,8536,58015,783
27969,1.2376785986278523e+18,1.17236138629579,3.71655961200519,19.03717,18.06425,17.74144,17.61325,17.5586,7712,301,6,337,1.0627587058460547e+19,STAR,-0.0002886029,9439,58015,792
71492,1.2376655703697004e+18,253.672873231146,44.6766803925997,21.61338,21.59451,21.51307,21.28239,21.77288,4679,301,3,158,9.61093545158747e+18,QSO,1.55386,8536,58015,923
62108,1.2376785964805655e+18,1.5902380514633,1.98611261179995,24.6588,21.36213,22.10715,21.25196,21.21786,7712,301,2,340,1.0627406463675685e+19,GALAXY,0.8432863,9439,58015,135
18854,1.2376786195658186e+18,1.21013195895137,2.96165294208369,22.98787,23.12919,22.40422,21.96595,21.22414,7717,301,5,337,1.0627593655530312e+19,GALAXY,1.004136,9439,58015,816
62789,1.2376786195663424e+18,2.38229723075449,3.00167427472848,23.42626,22.84991,22.47771,21.53089,20.65629,7717,301,5,345,1.0627640109896587e+19,GALAXY,0.6945401,9439,58015,985
15303,1.237678618485195e+18,345.469187303643,1.95217338660426,22.0925,21.83196,21.19275,21.05942,20.8836,7717,301,3,232,1.0327027308670767e+19,QSO,1.354541,9172,58015,994
69788,1.237665570370159e+18,254.388681520855,43.9290336002928,21.59894,21.25333,20.9573,20.97709,21.1434,4679,301,3,165,9.610688886104938e+18,QSO,1.084621,8536,58015,26
69787,1.2376655703697656e+18,253.645248088229,44.6604239797025,19.58813,19.40976,19.37315,19.1144,19.05726,4679,301,3,159,9.61082110237818e+18,GALAXY,0.0,8536,58015,507
70233,1.237665570370028e+18,254.033484902348,44.1292833385371,21.01563,20.92555,20.64855,20.53731,20.41531,4679,301,3,163,9.610702080244474e+18,QSO,1.449887,8536,58015,74
54997,1.2376785975463777e+18,343.396259683748,2.72932741859006,23.43193,22.05075,21.92739,21.90023,23.20461,7712,301,4,219,1.0326914333851e+19,STAR,-0.0005092641,9172,58015,583
6225,1.2376785959277036e+18,325.015517721718,0.886886338307351,23.5175,22.4833,22.10121,21.31123,21.1823,7712,301,1,96,1.0391043624419e+19,GALAXY,0.8525699,9229,58015,412
9653,1.2376549537418452e+18,251.772208184463,43.6526384788223,22.55612,21.37944,20.9897,20.78642,20.8254,2207,301,4,73,9.61079498897702e+18,GALAXY,0.8436444,8536,58015,412
72632,1.2376655703699625e+18,254.082775416038,44.2692030507324,21.32187,21.17574,21.26806,20.96436,21.43745,4679,301,3,162,9.610702630000286e+18,QSO,1.630161,8536,58015,76
77348,1.237678618484474e+18,343.74252872931,1.94982190805499,22.42441,22.09287,21.77846,21.84534,21.64677,7717,301,3,221,1.0326941546763805e+19,QSO,1.262944,9172,58015,682
66058,1.237678598627591e+18,0.508232653653067,3.64084149512416,23.54917,22.71696,21.83075,20.88112,20.19702,7712,301,6,333,1.062754087897218e+19,QSO,1.531101,9439,58015,624
8072,1.237678595943236e+18,0.601577912932271,1.54969982997849,23.1907,22.99349,22.81255,22.3794,21.52466,7712,301,1,333,1.0627458690478e+19,GALAXY,0.8460186,9439,58015,325
24526,1.237678597553849e+18,0.583747049196177,2.90799626726507,22.57653,23.26462,22.63604,22.47866,22.33589,7712,301,4,333,1.0627547476041947e+19,GALAXY,0.9915696,9439,58015,648
31183,1.2376786179481275e+18,344.983942048273,1.64304675086545,21.29695,20.78273,20.43822,20.22952,19.85112,7717,301,2,229,1.0327009716484725e+19,QSO,2.021147,9172,58015,930
24511,1.2376786195654907e+18,0.406624349333981,3.03104277482892,22.65479,22.37435,21.80216,21.4047,21.724,7717,301,5,332,1.0627538405071e+19,GALAXY,0.777302,9439,58015,615
58850,1.237678596479911e+18,0.171574983025948,2.00716871505725,23.63918,22.3886,22.86266,20.983,20.46625,7712,301,2,330,1.0627496348751256e+19,GALAXY,0.8480884,9439,58015,462
6833,1.2376627013308913e+18,252.928362831049,45.231530628655,20.77865,20.60398,20.28717,20.10809,19.8066,4011,301,3,148,9.610901366727006e+18,QSO,2.00589,8536,58015,799
39062,1.2376634792557957e+18,326.57023714092,0.149591205888256,24.67069,22.89425,22.88587,22.30449,21.26571,4192,301,4,132,1.0390956488122456e+19,GALAXY,1.366251,9229,58015,95
38214,1.237663479255664e+18,326.147853998372,0.0561253448897982,24.00048,22.16673,22.05911,20.78066,21.47364,4192,301,4,130,1.0390976829087568e+19,GALAXY,0.9103151,9229,58015,169
21389,1.2376785964801723e+18,0.661396960318882,2.03449681927025,22.27697,22.22156,21.67756,21.2466,20.5581,7712,301,2,334,1.0627462813646608e+19,GALAXY,0.8252689,9439,58015,340
10732,1.2376785964728975e+18,344.09636484268,1.77443894433787,21.70724,21.19609,20.77639,20.42735,20.42428,7712,301,2,223,1.0326956665048685e+19,QSO,0.5434372,9172,58015,737
5416,1.2376786179394122e+18,325.135820104393,1.17747855417616,22.90603,22.93708,22.00828,21.32548,20.87805,7717,301,2,96,1.039110986999453e+19,GALAXY,0.690929,9229,58015,653
21592,1.2376786174021476e+18,324.20573661753,0.7058819110227,22.88014,23.30231,22.94731,21.86643,21.75133,7717,301,1,90,1.0391064240262e+19,GALAXY,0.8111979,9229,58015,487
78222,1.2376627013308915e+18,253.008524595734,45.2936391263922,22.47074,22.04639,21.87813,21.84423,21.65795,4011,301,3,148,9.610900267215378e+18,QSO,0.9243879,8536,58015,795
40481,1.2376634792635274e+18,344.171785761928,0.126433091495133,22.73525,21.13958,19.68331,19.18063,18.74558,4192,301,4,250,1.0326820875362654e+19,GALAXY,0.2227939,9172,58015,243
33088,1.237678618484016e+18,342.785648088708,2.10172538425143,22.71082,21.76206,21.73848,21.47523,20.90005,7717,301,3,214,1.032689316825218e+19,QSO,2.254393,9172,58015,506
36622,1.2376634792635924e+18,344.321210695836,0.139856652965709,23.88854,24.64987,22.12937,20.89053,19.92423,4192,301,4,251,1.0326809330490565e+19,GALAXY,0.656898,9172,58015,201
31280,1.2376786179481275e+18,344.938629867926,1.52893631703052,21.34522,20.97133,20.83122,20.43839,20.42783,7717,301,2,229,1.0326775795385915e+19,QSO,1.537314,9172,58015,79
2637,1.2376549548153902e+18,252.647906253121,44.5628771185736,23.92372,23.67146,21.92868,20.63272,19.8771,2207,301,6,70,9.610892570633984e+18,GALAXY,0.757149,8536,58015,767
75611,1.2376785986281144e+18,1.80185995565529,3.72417080629261,22.95175,21.89315,21.34875,20.53609,20.63436,7712,301,6,341,1.0627631038925658e+19,GALAXY,0.8689206,9439,58015,952
59722,1.2376786184766758e+18,325.875300349491,1.71889615832777,22.6423,22.4849,21.83641,21.06055,21.20241,7717,301,3,102,1.0391147528267782e+19,GALAXY,0.7840977,9229,58015,790
80450,1.237678618485195e+18,345.410515470138,1.96400232680909,20.5552,20.23514,19.93363,19.66719,19.5911,7717,301,3,232,1.0327025109647512e+19,QSO,1.551885,9172,58015,986
85281,1.2376786184846054e+18,344.061273996951,1.9845508397862,22.02131,22.23092,21.61566,21.58419,21.3786,7717,301,3,223,1.0326954740903336e+19,QSO,1.150237,9172,58015,730
30471,1.237678617947931e+18,344.464564870973,1.56601102461082,21.66689,21.53847,21.54947,21.2641,21.11941,7717,301,2,226,1.0326978930159147e+19,QSO,1.630273,9172,58015,818
29438,1.2376786179476032e+18,343.772314914015,1.50567302811135,21.48822,21.26296,21.00364,20.78664,20.6601,7717,301,2,221,1.0326935499449848e+19,QSO,1.436731,9172,58015,660
74929,1.2376785986281147e+18,1.78260523550796,3.66354581282092,23.42832,23.0179,22.30314,21.45366,20.96269,7712,301,6,341,1.0627619494053566e+19,GALAXY,0.7377509,9439,58015,910
78661,1.2376786184762163e+18,324.837850105198,1.52979440970782,20.46754,19.73726,19.25983,19.10911,18.87747,7717,301,3,95,1.0391095576343368e+19,QSO,2.498587,9229,58015,601
11717,1.2376785964725048e+18,343.186002954516,1.70383291253767,20.97209,20.6458,20.45165,20.40611,20.20538,7712,301,2,217,1.0326908561415e+19,QSO,0.9298564,9172,58015,562
11215,1.2376549537417147e+18,251.678043714819,43.8168801106116,22.61522,21.75218,21.47175,21.37619,21.34275,2207,301,4,71,9.610797188000274e+18,QSO,1.163789,8536,58015,420
68557,1.237665570369372e+18,253.18268191007,45.4892987632814,18.52967,17.62784,17.33624,17.24681,17.22604,4679,301,3,153,9.61089641892468e+18,STAR,-0.0002754592,8536,58015,781
87562,1.2376786179392804e+18,324.818111756821,1.18476075465211,19.20516,19.01172,18.62742,18.51994,18.54602,7717,301,2,94,1.039109887487825e+19,QSO,1.11271,9229,58015,613
39505,1.2376634792633966e+18,343.918109905053,0.210246028053717,23.35742,23.43983,21.90492,20.72476,19.67538,4192,301,4,248,1.032684561437428e+19,GALAXY,0.8098339,9172,58015,333
36516,1.2376785975545692e+18,2.18348159955144,2.73247324396639,24.13103,20.01824,19.1215,19.00134,18.87749,7712,301,4,344,1.0627641759164e+19,QSO,3.565373,9439,58015,991
52794,1.2376785964801065e+18,0.580688773726138,2.03763476000518,24.55828,23.54298,23.5601,22.18557,21.86415,7712,301,2,333,1.0627475458030328e+19,GALAXY,1.013905,9439,58015,386
39369,1.2376634792553357e+18,325.422328917401,0.0536913810619204,26.49485,22.08439,20.99747,20.58792,19.48599,4192,301,4,125,1.03910136627271e+19,GALAXY,1.159338,9229,58015,303
37906,1.2376634792634624e+18,344.062035203091,0.200652364092763,24.14047,25.58241,22.23875,20.34643,19.3421,4192,301,4,249,1.0326833519746372e+19,GALAXY,0.8111933,9172,58015,289
30597,1.2376786179478e+18,344.245596883248,1.64389429263858,21.4147,21.20836,20.9381,20.89087,20.91768,7717,301,2,224,1.032696683553124e+19,QSO,1.20589,9172,58015,774
19276,1.2376785975539144e+18,0.711161167318096,2.75566619314913,23.63808,22.82817,22.45744,21.65691,22.29804,7712,301,4,334,1.0627572764809384e+19,GALAXY,0.9344106,9439,58015,740
39387,1.23766347925586e+18,326.642934359268,0.173667537059548,22.55202,22.26662,21.77881,21.10952,20.52068,4192,301,4,133,1.0390944118616644e+19,QSO,1.73746,9229,58015,50
79248,1.2376627007937585e+18,252.100165482939,45.6227173170128,23.64136,22.89086,21.55069,20.13088,19.40567,4011,301,2,144,9.61086398333166e+18,GALAXY,0.690276,8536,58015,663
12724,1.237678596480631e+18,1.80302760802351,1.98192221990225,18.98855,18.11194,17.87704,17.77381,17.74623,7712,301,2,341,1.062739601831522e+19,STAR,-0.0006771902,9439,58015,97
63386,1.2376786184921416e+18,1.22926429853555,2.16992263479533,20.25433,19.32857,19.13962,19.00629,18.66021,7717,301,3,338,1.0627419382937311e+19,QSO,2.592188,9439,58015,182
32102,1.237678617947865e+18,344.33447513253,1.5045830931175,20.61447,20.45835,20.40347,20.04149,19.87186,7717,301,2,225,1.032697783064752e+19,QSO,1.846215,9172,58015,814
10964,1.2376785964733568e+18,345.154742251646,1.81484225666286,21.67161,21.38982,21.12529,20.89926,20.53443,7712,301,2,230,1.0327016038676584e+19,QSO,1.88556,9172,58015,953
38808,1.2376785964650995e+18,326.256725419802,1.34560394080949,23.57226,23.06486,23.56877,22.28308,21.3811,7712,301,2,104,1.039117556581429e+19,GALAXY,0.8955227,9229,58015,892
12144,1.2376786184759552e+18,324.248291258948,1.49245442769236,24.08626,23.11792,22.43779,21.75754,22.1389,7717,301,3,91,1.0391068913186396e+19,GALAXY,0.4782468,9229,58015,504
1012,1.2376785975469673e+18,344.857171907448,2.59404463706069,21.59735,22.01011,21.58324,21.3546,21.06641,7712,301,4,228,1.0326993223810308e+19,QSO,1.776854,9172,58015,870
38482,1.2376634792555988e+18,326.007642450596,0.10725362934411,23.77517,23.10405,22.87389,22.01228,21.40537,4192,301,4,129,1.039098397591315e+19,GALAXY,1.147699,9229,58015,195
31525,1.2376786179481933e+18,345.147248125266,1.69842313009754,21.1396,20.79858,20.88822,20.47512,20.42735,7717,301,2,230,1.032701741306612e+19,QSO,2.828705,9172,58015,958
75847,1.2376785986280494e+18,1.64013475319263,3.59204554188739,22.19404,22.40674,21.85779,21.33057,20.86031,7712,301,6,340,1.0627618944297753e+19,GALAXY,1.161761,9439,58015,908
21666,1.237678617940199e+18,326.899135475757,1.13623015879646,24.25265,23.19752,22.67456,22.10829,21.57151,7717,301,2,108,1.0391204702872426e+19,GALAXY,0.6846491,9229,58015,998
76917,1.237678598627656e+18,0.657388906682399,3.70281001780004,22.74794,22.33671,21.78738,21.19975,20.85993,7712,301,6,334,1.0627562044571e+19,GALAXY,0.7054026,9439,58015,701
70717,1.237665570369569e+18,253.357279458212,45.0299227402349,21.59592,20.18388,19.61096,19.38946,19.39206,4679,301,3,156,9.610923631837469e+18,STAR,-0.000456294,8536,58015,880
25397,1.2376785975538488e+18,0.579568346954886,2.75180574408093,23.25082,22.92874,23.05796,22.50013,21.61864,7712,301,4,333,1.0627549125309389e+19,GALAXY,1.085534,9439,58015,654
37242,1.237663479255139e+18,324.948479042002,0.130388095070325,23.34894,22.35915,21.77847,20.89917,20.49216,4192,301,4,122,1.0391037302227096e+19,GALAXY,0.84949,9229,58015,389
88358,1.2376634803368105e+18,343.062238289772,1.0051167287157,24.83414,25.04813,22.44004,20.6828,19.67068,4192,301,6,243,1.0326884647037063e+19,GALAXY,0.7960139,9172,58015,475
2790,1.2376785975546355e+18,2.36941099700027,2.77145007880297,22.74407,23.73786,22.49748,22.34738,21.79384,7712,301,4,345,1.062737457783848e+19,GALAXY,1.409856,9439,58015,19
70888,1.2376655703699625e+18,254.094957629139,44.1753312716112,21.27616,21.20626,21.24837,21.02192,20.66874,4679,301,3,162,9.61070235512238e+18,QSO,1.728709,8536,58015,75
20952,1.2376551293047276e+18,251.893948444277,39.4684300765206,20.57654,19.27977,21.44387,21.29075,18.65153,2248,301,3,166,9.604052233936462e+18,STAR,-0.0008097831,8530,58016,458
88008,1.2376551298412713e+18,251.796800817544,40.3732665295373,21.75484,21.48218,21.14087,21.12908,20.42176,2248,301,4,161,9.60408521928529e+18,QSO,0.8876674,8530,58016,578
62380,1.2376802768684324e+18,354.629247335466,27.1796871274143,21.7615,19.75994,18.72407,18.23932,17.87885,8103,301,4,64,8.669443710826863e+18,GALAXY,0.1320299,7700,58016,52
71462,1.2376803064043932e+18,352.795539688075,26.7820701530767,19.85564,18.62334,18.12675,17.92623,17.84184,8110,301,3,187,8.669539918094293e+18,STAR,-0.0002196732,7700,58016,402
68171,1.237680276867908e+18,353.240525238842,27.1060084181691,21.52518,21.21724,21.11796,21.00678,20.56569,8103,301,4,56,8.669511055914064e+18,QSO,0.9166694,7700,58016,297
94163,1.237655504031778e+18,252.185318706997,41.1772431250149,23.12658,23.56534,21.83228,20.30039,19.57945,2335,301,5,31,9.604100337570177e+18,GALAXY,0.7534528,8530,58016,633
70734,1.237680306404655e+18,353.53150680194,26.9693042284458,21.27706,20.11644,19.72657,19.57659,19.52078,8110,301,3,191,8.669495662751275e+18,STAR,-0.0004194315,7700,58016,241
73295,1.2376803064049833e+18,354.421059533761,26.9415217197619,19.30449,18.37833,17.93265,17.78256,17.70247,8110,301,3,196,8.669451682286163e+18,STAR,-0.0004599337,7700,58016,81
24913,1.237655504569435e+18,253.792233261479,39.857737931012,20.46566,20.47669,20.25503,20.10935,20.21741,2335,301,6,43,9.60396509763996e+18,QSO,1.329376,8530,58016,141
93104,1.2376555029589527e+18,252.685091919306,38.7894743983668,21.22398,21.0797,21.01939,20.72463,20.3095,2335,301,3,45,9.604015125419022e+18,QSO,0.8393139,8530,58016,323
31279,1.2376549521330673e+18,253.322701125022,39.3147648254472,22.03976,20.69414,20.04862,19.79771,19.78391,2207,301,1,101,9.603984064215536e+18,STAR,-0.0006478221,8530,58016,210
99754,1.2376802774045166e+18,352.601902130614,27.5735749691989,19.91529,19.85894,19.703,19.51597,19.19318,8103,301,5,52,8.669545965408247e+18,QSO,2.130589,7700,58016,424
80440,1.237680277405434e+18,354.88252100874,27.6380702862611,21.25133,18.8992,17.7983,17.27851,16.87664,8103,301,5,66,8.669432990588491e+18,GALAXY,0.1205624,7700,58016,13
66854,1.237680276868432e+18,354.614807657402,27.219590431489,20.84943,19.13124,18.10916,17.67053,17.3262,8103,301,4,64,8.669440687169886e+18,GALAXY,0.1276483,7700,58016,41
69463,1.2376802768677115e+18,352.899446742268,26.9859837735335,21.72609,21.2453,21.05838,20.86454,20.70468,8103,301,4,53,8.6695322215129e+18,QSO,1.698875,7700,58016,374
64445,1.2376802768684977e+18,354.771095129793,27.2074956370635,19.28058,17.40303,16.51133,16.05574,15.72778,8103,301,4,65,8.669441511803606e+18,GALAXY,0.03280099,7700,58016,44
73249,1.2376802768677115e+18,352.838213571331,27.1308560987411,23.92099,22.20299,21.872,21.3938,20.78947,8103,301,4,53,8.669530847123363e+18,STAR,-0.0004891448,7700,58016,369
85961,1.2376555034952343e+18,252.200071688529,40.1948057802435,25.16212,23.31342,21.74105,21.56382,22.13765,2335,301,4,36,9.60403519150623e+18,QSO,3.841185,8530,58016,396
73921,1.237680529207592e+18,354.482024136776,28.985384173209,24.67075,24.73644,22.48838,21.37371,19.96996,8162,301,2,214,8.669666361931488e+18,GALAXY,0.0,7700,58016,862
71646,1.2376803064047212e+18,353.611253792556,26.9926971221464,22.15951,21.4621,21.00281,20.89441,20.95687,8110,301,3,192,8.669485767146626e+18,STAR,-0.0009341262,7700,58016,205
24443,1.2376555045695004e+18,253.929955140214,39.6912393788662,22.26119,21.59856,21.50339,21.06323,21.28408,2335,301,6,44,9.603941733017868e+18,QSO,2.210622,8530,58016,56
99663,1.23765550403204e+18,252.588957325659,40.591656250136,23.97494,23.94965,21.41052,20.32928,19.65949,2335,301,5,35,9.604116280488776e+18,GALAXY,0.7382149,8530,58016,691
31527,1.2376549521331328e+18,253.436630094305,39.2721859519724,21.30542,21.0843,20.94708,20.91111,20.91955,2207,301,1,102,9.603971144953911e+18,QSO,0.7717311,8530,58016,163
77815,1.2376803316373263e+18,352.715352928236,28.6451465524672,21.92373,19.71569,18.49544,18.02381,17.59012,8116,301,2,187,8.669605339036146e+18,GALAXY,0.1720578,7700,58016,640
66235,1.237680276868432e+18,354.587015883676,27.3041186473113,18.28532,16.36019,15.48693,15.07011,14.71792,8103,301,4,64,8.669445085216397e+18,GALAXY,0.03290382,7700,58016,57
66531,1.2376802768683663e+18,354.490600559575,27.2035500831091,20.38529,18.55507,17.55955,17.0928,16.68396,8103,301,4,63,8.669444260582676e+18,GALAXY,0.1252766,7700,58016,54
24121,1.2376555045691067e+18,253.402374068991,40.4613196480816,21.79418,21.2933,21.06812,20.86579,20.81069,2335,301,6,38,9.604150640227144e+18,STAR,-0.0003679083,8530,58016,816
98697,1.2376555045688453e+18,252.920540312186,40.9789235613102,23.02774,24.09544,21.92667,20.82586,19.94682,2335,301,6,34,9.604123427314358e+18,GALAXY,0.7687799,8530,58016,717
70387,1.2376555024213612e+18,251.148099080263,40.007025690398,22.01906,21.84925,21.79008,21.71346,21.44048,2335,301,2,34,9.604060480273668e+18,QSO,2.167053,8530,58016,488
68828,1.237680276867908e+18,353.313773564333,27.1203294561863,20.16586,20.20629,20.21317,20.05492,19.76245,8103,301,4,56,8.669510231280342e+18,QSO,1.93452,7700,58016,294
63848,1.237680331637982e+18,354.421918705448,28.830359163372,22.93494,22.33098,21.29401,20.49439,20.03038,8116,301,2,197,8.669694674355902e+18,GALAXY,0.5918522,7700,58016,965
87416,1.237655504568582e+18,252.425969128222,41.4102423395738,23.48995,21.80117,21.75061,21.65045,21.59796,2335,301,6,30,9.604098413424826e+18,GALAXY,1.31951,8530,58016,626
54933,1.2376719360413542e+18,254.830860446736,40.5640879425907,27.22391,23.30935,22.37698,20.91015,19.89325,6161,301,4,55,9.604200393128305e+18,QSO,1.617228,8530,58016,997
72997,1.237680276867908e+18,353.244430448982,27.2032801241734,21.07786,21.21847,20.81511,20.75212,20.92487,8103,301,4,56,8.669511330791971e+18,QSO,1.264524,7700,58016,298
72996,1.2376802768677115e+18,352.779458835074,27.1423926853414,21.89164,20.24046,19.60212,19.29635,19.26281,8103,301,4,53,8.66954101760592e+18,STAR,-0.001140739,7700,58016,406
64049,1.2376802768683663e+18,354.441827120896,27.1892753229833,24.30901,19.70699,18.70957,18.25701,17.89915,8103,301,4,63,8.669453606431512e+18,GALAXY,0.118784,7700,58016,88
69376,1.2376802768675804e+18,352.499796118353,27.1159622884004,21.65987,21.07182,20.66759,20.78833,20.76801,8103,301,4,51,8.669551462966384e+18,QSO,1.052333,7700,58016,444
24174,1.2376555045696315e+18,254.280764638905,39.3924538995686,20.70653,20.58652,20.33477,20.24952,20.34601,2335,301,6,46,9.603928264000428e+18,QSO,1.282269,8530,58016,7
67341,1.2376802768683663e+18,354.507839602856,27.1926498716431,20.84512,19.26903,18.18334,17.73439,17.29105,8103,301,4,63,8.669443435948956e+18,GALAXY,0.1256039,7700,58016,51
73433,1.2376803064049833e+18,354.256210110096,27.0263901935122,20.23123,20.23616,19.95972,19.96614,19.95682,8110,301,3,196,8.669462677402442e+18,QSO,1.228735,7700,58016,121
93721,1.2376555045693696e+18,253.742874517845,39.9128050167799,22.35309,22.83009,21.85594,20.78698,19.91329,2335,301,6,42,9.6039667469074e+18,GALAXY,0.7608047,8530,58016,147
85379,1.2376802774047135e+18,353.164729979192,27.6215647304445,25.79484,24.10151,22.00491,20.73316,19.92945,8103,301,5,55,8.669512705181506e+18,GALAXY,0.6098785,7700,58016,303
32681,1.2376549521324774e+18,252.359752205826,40.54949028385,21.021,21.20756,20.80968,20.98342,21.32788,2207,301,1,92,9.604106659762037e+18,QSO,1.257545,8530,58016,656
23546,1.2376555045694344e+18,253.9301600426,39.7555313751058,18.42758,18.241,18.08761,17.84421,17.85544,2335,301,6,43,9.603942832529496e+18,QSO,2.368374,8530,58016,60
99459,1.237680277405041e+18,353.869557145118,27.6492557161178,21.62059,21.89205,21.81216,21.39075,22.26749,8103,301,5,60,8.669481094222206e+18,QSO,2.016652,7700,58016,188
75188,1.2376802768677115e+18,352.78827596758,27.0532648705044,21.95468,20.84027,20.54781,20.37229,20.72701,8103,301,4,53,8.669540467850107e+18,STAR,-0.0001474764,7700,58016,404
99449,1.2376555040317775e+18,252.223380023261,41.082154876964,21.79722,22.39521,21.5303,20.40297,19.60009,2335,301,5,31,9.604100887325989e+18,GALAXY,0.9766604,8530,58016,635
68937,1.2376802768679736e+18,353.551574283049,27.1142589270186,22.00644,20.56264,19.94883,19.68957,19.84206,8103,301,4,57,8.669497861774532e+18,STAR,-0.0005159787,7700,58016,249
72552,1.2376803064049175e+18,354.113564324966,27.0085501955251,21.20215,21.25673,20.82073,20.82922,20.60364,8110,301,3,195,8.669462952280349e+18,QSO,1.111466,7700,58016,122
98982,1.2376802774045169e+18,352.59839946316,27.4435940558673,25.73682,22.5007,21.55758,20.50945,19.69486,8103,301,5,52,8.66954459101871e+18,GALAXY,0.5703551,7700,58016,419
32852,1.237654952132674e+18,252.785628814163,40.1681028672648,22.14226,22.30939,21.79421,21.79954,21.93194,2207,301,1,95,9.604014300785302e+18,QSO,1.402634,8530,58016,320
95068,1.2376802774052375e+18,354.398873394445,27.632137511425,19.64435,19.34181,19.07489,18.93586,18.9522,8103,301,5,63,8.669450033018721e+18,QSO,1.443705,7700,58016,75
93877,1.2376555029588874e+18,252.571812170271,39.0038937647654,21.12516,21.57459,21.09067,21.10964,20.9917,2335,301,3,44,9.604014850541115e+18,QSO,1.360762,8530,58016,322
33082,1.237655503494972e+18,251.785765150115,40.6892644159787,20.45118,20.31836,20.15175,19.89255,19.67581,2335,301,4,32,9.604082195628317e+18,QSO,1.594102,8530,58016,567
74717,1.2376555034948416e+18,251.540412503674,40.9428457708423,24.69727,23.49035,21.41269,20.30304,19.62433,2335,301,4,30,9.60407999660506e+18,GALAXY,0.6391278,8530,58016,559
73584,1.2376802768677773e+18,353.009261146907,27.0727891956052,22.15425,21.79129,22.12795,21.34697,22.45222,8103,301,4,54,8.669521501274528e+18,QSO,1.594573,7700,58016,335
84937,1.2376802774049103e+18,353.584929916119,27.5776774157138,22.9303,23.62423,21.63535,20.47145,19.66256,8103,301,5,58,8.669490165193136e+18,STAR,-1.275128e-05,7700,58016,221
98285,1.2376555040318436e+18,252.290928169645,41.046202664172,22.99388,22.5729,21.93418,20.76811,19.96908,2335,301,5,32,9.604101437081805e+18,GALAXY,0.8463119,8530,58016,637
71899,1.2376517142644667e+18,253.398240812449,40.7754262887993,24.38911,23.89146,21.49754,20.39318,19.46639,1453,301,2,99,9.60414926583761e+18,GALAXY,0.7428255,8530,58016,811
32991,1.237654952132936e+18,253.097408680699,39.589836706547,21.46123,21.3942,21.41504,21.10365,21.68665,2207,301,1,99,9.603996983477164e+18,QSO,1.831331,8530,58016,257
19962,1.237655129304793e+18,251.997485998587,39.2615506733969,20.89913,20.97013,22.7426,22.57724,21.36623,2248,301,3,167,9.6040379402853e+18,QSO,1.802227,8530,58016,406
86413,1.2376802774046484e+18,352.95412425392,27.4946371223187,22.90297,23.96423,22.62909,21.4774,19.98409,8103,301,5,54,8.669533046146619e+18,GALAXY,0.9692916,7700,58016,377
63989,1.237655503494841e+18,251.524821102625,41.0548046053658,22.63313,21.32955,21.36004,21.43757,21.88967,2335,301,4,30,9.604078347337622e+18,QSO,2.477526,8530,58016,553
80639,1.23768027740491e+18,353.673539658914,27.4992732064151,18.48757,16.59505,15.67844,15.23334,14.87927,8103,301,5,58,8.669489615437321e+18,GALAXY,0.06062384,7700,58016,219
71868,1.2376802768677773e+18,352.977609054461,27.1882958062014,21.47608,20.71168,20.36518,20.23007,20.49687,8103,301,4,54,8.669519027373365e+18,STAR,-0.001293833,7700,58016,326
23985,1.2376555045692385e+18,253.577662393237,40.1778673190359,21.20208,21.05983,20.95489,20.88186,21.18943,2335,301,6,40,9.603979666169029e+18,QSO,1.293083,8530,58016,194
71106,1.2376802768679736e+18,353.500133830127,27.1570905725386,21.90496,20.75522,20.27907,20.12075,20.24483,8103,301,4,57,8.669496212507088e+18,STAR,-0.001097749,7700,58016,243
59574,1.237680276331168e+18,353.611448391132,26.7355731329197,19.87097,19.73753,19.41654,19.42217,19.41221,8103,301,3,58,8.669486591780346e+18,QSO,1.216545,7700,58016,208
74850,1.2376802768677115e+18,352.798638854942,27.0332471704441,22.0466,20.37799,19.68609,19.40252,19.20457,8103,301,4,53,8.669541567361735e+18,STAR,-0.000364609,7700,58016,408
66292,1.2376802768683663e+18,354.428327667148,27.1620400172357,21.29404,18.39923,17.30988,16.83833,16.48129,8103,301,4,63,8.669454431065233e+18,GALAXY,0.1294876,7700,58016,91
74510,1.23768027686758e+18,352.501693472298,27.0909776498955,21.31526,20.97153,21.23071,21.42343,22.42978,8103,301,4,51,8.669552012722199e+18,GALAXY,0.03143122,7700,58016,446
30168,1.2376549521322158e+18,251.887847015081,41.0741768085016,24.09087,23.1409,21.57335,20.20818,19.51276,2207,301,1,88,9.604090716843434e+18,STAR,-9.770464e-05,8530,58016,598
81711,1.2376802774053683e+18,354.862154792525,27.561744249167,21.82047,19.82591,18.71229,18.17523,17.7825,8103,301,5,65,8.669430516687329e+18,GALAXY,0.125971,7700,58016,4
84563,1.2376802774053683e+18,354.844178858993,27.5800755376854,20.75707,17.90211,16.73256,16.20579,15.79727,8103,301,5,65,8.669439862536164e+18,GALAXY,0.1227491,7700,58016,38
26113,1.2376555045693038e+18,253.726469038273,40.0975053519602,22.17923,21.65181,21.68735,21.71911,21.09208,2335,301,6,41,9.603968945930656e+18,QSO,2.457249,8530,58016,155
98733,1.2376555040323023e+18,252.920479082835,40.0624199684809,23.41311,23.1543,21.83162,20.56147,19.91044,2335,301,5,39,9.604000282012047e+18,GALAXY,0.6165671,8530,58016,269
26112,1.2376555045691725e+18,253.52101875429,40.325413715,21.09037,21.05605,20.95561,20.74317,20.5534,2335,301,6,39,9.60398104055856e+18,QSO,1.45904,8530,58016,199
88809,1.2376551298415987e+18,252.421835161561,39.7405688979587,21.32592,19.83988,19.2097,18.9354,18.86432,2248,301,4,166,9.60402007322135e+18,STAR,1.556279e-05,8530,58016,341
97161,1.237655504569042e+18,253.355785442826,40.6614916323471,26.18912,24.1175,22.19204,20.94269,19.94105,2335,301,6,37,9.604141019500405e+18,GALAXY,0.6148045,8530,58016,781
72824,1.237680306404655e+18,353.56535813625,26.908234775083,21.44467,19.88043,19.21919,18.98508,18.87817,8110,301,3,191,8.669486316902439e+18,STAR,-0.0002672164,7700,58016,207
24442,1.2376555045690414e+18,253.305202418185,40.5127392509572,22.09109,21.53384,21.53113,21.15328,21.19104,2335,301,6,37,9.604150915105053e+18,QSO,1.624484,8530,58016,817
70873,1.237680276867973e+18,353.553323484716,27.0844530912792,21.02285,20.83401,20.85852,20.43922,20.53251,8103,301,4,57,8.669487416414067e+18,QSO,1.901011,7700,58016,211
72177,1.2376803064044588e+18,352.978099035786,26.8371006325044,19.98747,19.84779,19.60789,19.64818,19.6218,8110,301,3,188,8.669520126884994e+18,QSO,1.081366,7700,58016,330
32496,1.237654952132739e+18,252.827596736019,40.0235693022895,17.36881,17.22276,17.21601,17.26443,16.6201,2207,301,1,96,9.604013201273672e+18,QSO,0.357609,8530,58016,316
23482,1.2376555045691725e+18,253.454996058348,40.3821365058602,21.24919,20.91561,20.88759,20.63561,20.75003,2335,301,6,39,9.604151464860869e+18,QSO,1.519581,8530,58016,819
32497,1.23765495213287e+18,253.011689597465,39.7868365318014,22.01364,21.93922,21.77593,21.60686,21.41154,2207,301,1,98,9.603998907622513e+18,QSO,1.725758,8530,58016,264
93683,1.2376555029588224e+18,252.58502406078,39.1338979649742,22.52839,22.34764,21.75649,21.85908,21.90467,2335,301,3,43,9.604016499808555e+18,QSO,1.048458,8530,58016,328
64696,1.237655503495823e+18,253.178339265023,39.1502584269466,23.57725,22.06465,21.65187,21.25025,20.81883,2335,301,4,45,9.603992585430653e+18,STAR,-0.0009863558,8530,58016,241
65119,1.237680276868432e+18,354.692681732634,27.1724541205463,18.15784,16.16644,15.22073,14.74341,14.36238,8103,301,4,64,8.669441236925699e+18,GALAXY,0.03258135,7700,58016,43
66127,1.2376802768684977e+18,354.757454974547,27.2236318007174,17.97542,15.86261,14.94002,14.48955,14.1311,8103,301,4,65,8.669442611315235e+18,GALAXY,0.03461781,7700,58016,48
39602,1.237654952132871e+18,253.036667443399,39.8295722172208,20.41384,20.43547,20.28695,20.17048,20.26117,2207,301,1,98,9.603998082988794e+18,QSO,1.458029,8530,58016,261
70859,1.2376803064043935e+18,352.881745104922,26.7896040372692,23.55808,22.37178,20.83797,20.17171,19.70546,8110,301,3,187,8.669528922978016e+18,STAR,-0.0001010811,7700,58016,362
91366,1.237680529744462e+18,354.399398316009,29.3702921182292,21.18614,20.14157,19.53625,19.37314,19.23574,8162,301,3,214,8.669693849722183e+18,STAR,-0.0006113094,7700,58016,962
25242,1.237655504569369e+18,253.785862235902,39.894964247165,20.92106,20.7897,20.74474,20.43657,20.79826,2335,301,6,42,9.60396592227368e+18,QSO,1.629795,8530,58016,144
32398,1.237654952133264e+18,253.626158619071,39.058586151028,21.72561,21.86927,21.62151,21.11572,20.77307,2207,301,1,104,9.60395437740159e+18,GALAXY,0.90968,8530,58016,102
24279,1.2376555045692375e+18,253.560059085794,40.2387687633163,20.38122,20.34888,20.20547,20.02583,19.98941,2335,301,6,40,9.60398021592484e+18,QSO,1.493273,8530,58016,196
70107,1.237680276867515e+18,352.382444228651,27.0618114398806,22.50002,21.25078,20.97569,20.79237,20.60522,8103,301,4,50,8.669551737844292e+18,STAR,-0.0005379732,7700,58016,445
57714,1.2376802763312335e+18,353.798366289378,26.8206154891494,20.75716,20.93616,20.70406,20.69118,20.68835,8103,301,3,59,8.66947367251872e+18,QSO,1.219315,7700,58016,161
87384,1.237680277405369e+18,354.772191061957,27.6419252881031,24.22425,24.91202,23.26162,21.35869,20.04611,8103,301,5,65,8.669436289123374e+18,GALAXY,0.820698,7700,58016,25
70024,1.2376802768677115e+18,352.822662359334,27.156434580961,23.40878,21.5014,20.55104,19.93062,19.4339,8103,301,4,53,8.669531396879178e+18,QSO,0.9479849,7700,58016,371
64881,1.2376802768683663e+18,354.417053332348,27.1809097278452,20.74223,19.07363,17.98215,17.51294,17.12903,8103,301,4,63,8.66945388130942e+18,GALAXY,0.124923,7700,58016,89
80034,1.2376802774054344e+18,354.937637608693,27.6362621904113,21.98658,20.07462,18.99108,18.53072,18.16542,8103,301,5,66,8.669430241809422e+18,GALAXY,0.1265849,7700,58016,3
25382,1.2376555045693038e+18,253.748069627839,40.0823409657796,21.21156,20.85135,20.7083,20.61753,20.09781,2335,301,6,41,9.603967846419028e+18,GALAXY,0.3772511,8530,58016,151
25133,1.2376555045696973e+18,254.326050393305,39.4014277143244,24.50883,23.05007,22.16964,20.57144,20.00963,2335,301,6,47,9.603928813756242e+18,STAR,0.0001610335,8530,58016,9
15728,1.2376785964654927e+18,327.162818010765,1.49366228485536,22.93989,23.85506,22.49183,21.97456,21.3539,7712,301,2,110,1.0393370465934793e+19,GALAXY,0.7641639,9231,58017,685
65801,1.2376803316361467e+18,349.658865594394,28.4412421915295,22.22634,20.00084,19.25716,18.96833,18.7997,8116,301,2,169,8.671838447168936e+18,STAR,-0.0004660473,7702,58017,572
23020,1.237678617940199e+18,326.931563569136,1.15344768409648,23.18212,23.69343,22.62397,22.45177,21.6412,7717,301,2,108,1.0393362219597584e+19,GALAXY,1.456174,9231,58017,655
58501,1.2376794345205926e+18,4.8313891934642,-2.88792938545139,23.51686,22.45848,21.89288,21.73401,22.23209,7907,301,3,104,1.052495039682028e+19,GALAXY,0.5832803,9348,58017,138
84008,1.2376802774036652e+18,350.481909279006,27.3484484705453,25.57626,24.27928,21.64992,20.33366,19.4761,8103,301,5,39,8.671750211360807e+18,GALAXY,0.7050301,7702,58017,251
65728,1.2376803316364744e+18,350.536098787343,28.4785079188507,21.16884,20.6249,19.99616,19.65948,19.21477,8116,301,2,174,8.67189204836079e+18,QSO,0.4031845,7702,58017,767
38364,1.2376634792559263e+18,326.850862201489,0.119466922201644,24.98427,23.22699,22.69108,21.77241,22.96055,4192,301,4,134,1.03932797562255e+19,GALAXY,0.7622181,9231,58017,355
77814,1.2376803316362772e+18,349.906427126668,28.3517488486549,24.76158,23.58256,21.85944,20.5172,19.71781,8116,301,2,171,8.671859612767772e+18,GALAXY,0.6819457,7702,58017,649
39181,1.2376785964654927e+18,327.170313290091,1.53893730875193,23.43259,23.30055,22.32596,21.80608,21.34009,7712,301,2,110,1.039338146105107e+19,GALAXY,0.7001436,9231,58017,725
53369,1.237662701332203e+18,254.971863444613,42.6702867208641,24.67538,23.29815,21.91921,20.67871,19.87706,4011,301,3,168,9.607575344086538e+18,GALAXY,0.7240222,8533,58017,987
74508,1.237680276866859e+18,350.663388722831,26.9162091948276,21.00806,20.83854,20.62018,20.56752,20.24075,8103,301,4,40,8.671737841854995e+18,QSO,2.50523,7702,58017,206
41016,1.237680529742562e+18,349.505976349792,28.8908230445098,21.87944,21.86772,22.15878,21.8666,22.82667,8162,301,3,185,8.671834324000331e+18,QSO,1.769609,7702,58017,557
97609,1.2376802774042545e+18,351.898896698351,27.4208290112156,25.29593,24.67276,22.27401,21.11231,19.88133,8103,301,5,48,8.671696885046859e+18,STAR,2.205954e-05,7702,58017,57
45124,1.2376805297432174e+18,351.214216610958,29.1899277662199,22.249,22.09963,22.03326,21.63312,22.00787,8162,301,3,195,8.671932455413111e+18,QSO,1.677565,7702,58017,914
57046,1.2376786184769382e+18,326.576924732304,1.58380653697381,23.13694,22.75139,22.07082,21.78855,20.95918,7717,301,3,106,1.0393347101312702e+19,QSO,0.8558599,9231,58017,600
87832,1.2376555045684516e+18,252.399971775382,41.7124952293653,22.1059,21.67609,21.3132,21.08961,20.85435,2335,301,6,28,9.607408218319116e+18,QSO,1.027637,8533,58017,379
86632,1.2376555040313193e+18,251.31437791382,41.9532084720205,25.43769,23.81248,21.5065,20.44739,19.59854,2335,301,5,24,9.607437905133066e+18,GALAXY,0.8985621,8533,58017,487
15288,1.2376785964654927e+18,327.179239286798,1.37908854925424,22.27474,22.81137,21.55013,20.98956,20.88011,7712,301,2,110,1.0393384484708e+19,GALAXY,0.7977329,9231,58017,736
98979,1.2376555040312535e+18,251.319688073277,42.2062118504878,26.20104,23.30328,21.63953,20.42805,19.27936,2335,301,5,23,9.60744120366795e+18,GALAXY,0.9007145,8533,58017,499
38918,1.2376634792563187e+18,327.771261928195,0.134635224321642,23.17069,23.28034,22.44509,21.9723,21.28358,4192,301,4,140,1.0393218183574344e+19,GALAXY,0.8070481,9231,58017,131
39108,1.2376634792558607e+18,326.70580637641,0.195045077382599,23.38391,22.97068,22.27519,21.24419,20.8054,4192,301,4,133,1.03932915759755e+19,GALAXY,0.9304429,9231,58017,398
73037,1.2376802768668593e+18,350.606061585189,26.7933362551147,19.59248,19.34628,19.12546,19.09179,18.81227,8103,301,4,40,8.671737017221274e+18,QSO,0.9534736,7702,58017,203
3961,1.237654954816504e+18,254.468395422266,42.2990703187011,22.41078,21.12583,20.94418,21.00877,20.96032,2207,301,6,87,9.607561875069098e+18,QSO,2.901098,8533,58017,938
69462,1.2376802768671214e+18,351.340368560185,26.9307343665911,20.89786,19.6081,19.00244,18.80129,18.70525,8103,301,4,44,8.671703482116627e+18,STAR,-0.0001152873,7702,58017,81
73369,1.237680276867056e+18,351.191402018192,26.8816746297894,21.27315,20.91611,20.68674,20.54963,20.66068,8103,301,4,43,8.671703756994532e+18,STAR,-0.001171549,7702,58017,82
5068,1.2376786179403292e+18,327.138342376239,1.30116635187182,24.89451,22.56415,21.68117,21.82111,21.30756,7717,301,2,110,1.0393372664958e+19,GALAXY,0.7924405,9231,58017,693
99722,1.237680277403796e+18,350.685408596413,27.3813008548416,21.65916,21.42838,21.54938,21.17434,20.40051,8103,301,5,41,8.67174004087825e+18,QSO,1.923479,7702,58017,214
42537,1.2376805297432166e+18,351.160824408233,29.1308057889229,24.56201,21.75255,20.88352,20.70527,20.77382,8162,301,3,195,8.671917886884043e+18,STAR,-0.001273641,7702,58017,861
40148,1.237663479256188e+18,327.389661190016,0.101199972680189,22.44286,22.42103,21.50409,20.83998,20.72973,4192,301,4,138,1.0393244571853412e+19,GALAXY,0.739803,9231,58017,227
62025,1.2376786184772657e+18,327.228596273428,1.70618729251703,22.07314,22.02014,21.35238,20.61606,20.32024,7717,301,3,111,1.0393377612760371e+19,GALAXY,0.681588,9231,58017,711
30284,1.2376805297429555e+18,350.50547596621,29.1886304462444,22.86939,22.29998,22.02143,21.73522,21.47432,8162,301,3,191,8.671897820796835e+18,GALAXY,1.121268,7702,58017,788
69873,1.2376802768671872e+18,351.418158892071,26.9710524016979,22.3539,20.79287,20.36563,20.24909,20.71955,8103,301,4,45,8.671692487000349e+18,STAR,-0.001291947,7702,58017,41
97608,1.2376802774039923e+18,351.230306231111,27.2752260071743,18.8517,18.68296,18.54614,18.31938,18.26246,8103,301,5,44,8.671705956017789e+18,QSO,1.891252,7702,58017,90
53562,1.2376627013322028e+18,254.820544983412,42.6202291983807,23.21438,23.47889,21.42157,20.33063,19.54206,4011,301,3,168,9.6075698465284e+18,GALAXY,0.7055664,8533,58017,967
20490,1.237678617940591e+18,327.715010519301,1.28202850021517,22.79833,22.86443,23.29931,21.97012,21.90846,7717,301,2,114,1.039341664542316e+19,GALAXY,1.013894,9231,58017,853
39378,1.237663479256122e+18,327.288448800759,0.195168930515605,22.10121,22.15917,21.38896,20.74038,21.00461,4192,301,4,137,1.0393253367946437e+19,GALAXY,0.7664067,9231,58017,259
97552,1.2376794339836564e+18,4.7373878729322,-3.14012053225242,23.65829,22.263,21.79345,21.29309,20.9501,7907,301,2,103,1.0524960567302838e+19,GALAXY,0.8063226,9348,58017,175
27348,1.2376788810227387e+18,4.77631592359712,-2.13189734394196,23.96045,22.07702,22.44029,21.96821,22.84534,7778,301,4,349,1.0524956169256327e+19,QSO,1.174455,9348,58017,159
98455,1.237679433983656e+18,4.78734198967088,-3.27269506846019,22.80812,21.84563,21.46178,20.92824,20.65977,7907,301,2,103,1.0524916037081911e+19,GALAXY,0.0,9348,58017,13
89379,1.2376555040313188e+18,251.286255160587,41.9366252555401,22.56489,24.80181,21.64172,20.60062,19.80608,2335,301,5,24,9.607437355377252e+18,GALAXY,0.8809956,8533,58017,485
39283,1.2376785964656896e+18,327.675100581062,1.47418301643007,22.5291,23.04626,22.11751,21.38206,20.8883,7712,301,2,113,1.0393413896644088e+19,GALAXY,0.8565458,9231,58017,843
2639,1.237654954816242e+18,254.033814592051,42.7628553251555,25.92483,21.54956,21.57378,21.0568,20.57673,2207,301,6,83,9.60754813117375e+18,QSO,3.045817,8533,58017,888
77738,1.237651714263942e+18,252.605587480135,41.752901031445,23.29908,23.92216,21.76008,20.69572,19.89639,1453,301,2,91,9.607398322714466e+18,GALAXY,0.8266169,8533,58017,343
87743,1.2376555045682547e+18,251.955498672511,42.0782844101206,24.78793,23.99893,22.00313,20.7885,19.94661,2335,301,6,25,9.607423061726091e+18,STAR,-0.0001930428,8533,58017,433
72587,1.237680276867122e+18,351.259447775126,26.8892277085904,26.69415,23.86726,21.98733,20.74028,19.87215,8103,301,4,44,8.671704581628254e+18,GALAXY,0.858658,7702,58017,85
91250,1.2376794345209203e+18,5.64602528278867,-2.75312923062249,21.10386,21.1603,20.38482,19.80367,23.97736,7907,301,3,109,1.0524912738547e+19,GALAXY,0.798571,9348,58017,1
60177,1.2376786184777247e+18,328.414457525411,1.70277114896859,22.82476,22.45818,21.90286,21.47562,20.95125,7717,301,3,118,1.039344523272548e+19,QSO,0.9134688,9231,58017,957
3321,1.2376549548163077e+18,254.092852541618,42.6859888036327,21.44228,20.91069,20.37036,20.22316,20.22895,2207,301,6,84,9.60754923068538e+18,QSO,1.066125,8533,58017,892
40530,1.2376785964657551e+18,327.733581412978,1.40980782573482,26.03377,23.50313,23.19067,22.14902,22.01998,7712,301,2,114,1.0393404275917349e+19,GALAXY,0.0,9231,58017,808
38507,1.2376634792557292e+18,326.358583040575,0.0385199879672062,22.51917,22.67989,22.21905,22.13709,20.88707,4192,301,4,131,1.039329789816736e+19,GALAXY,1.206142,9231,58017,421
63847,1.23768033163654e+18,350.530390543113,28.5510671907239,24.28782,22.41286,20.71919,20.05193,19.56789,8116,301,2,175,8.671891773482883e+18,GALAXY,0.3963942,7702,58017,766
66520,1.2376803316362783e+18,349.93666062382,28.426178662414,23.19019,22.17748,21.81333,21.70972,21.25869,8116,301,2,171,8.671861262035212e+18,GALAXY,1.561041,7702,58017,655
15681,1.2376785964658204e+18,327.94200515557,1.56652615154255,23.62223,22.76948,22.45851,21.59342,20.69123,7712,301,2,115,1.0393425716394088e+19,GALAXY,0.8257805,9231,58017,886
82908,1.2376785964681797e+18,333.235797277875,1.56901128085265,23.11732,22.42191,22.63032,21.99514,21.56894,7712,301,2,151,1.04023416562005e+19,GALAXY,1.420964,9239,58018,554
44988,1.2376785964690972e+18,335.402796147053,1.71034294760772,24.95946,23.04685,22.72083,22.74342,22.67323,7712,301,2,165,1.0402451057607465e+19,GALAXY,0.9375792,9239,58018,952
14811,1.2376785964687695e+18,334.637791988564,1.56370304715492,24.49802,23.38038,22.08486,21.75136,22.85638,7712,301,2,160,1.0402420271281887e+19,QSO,1.632963,9239,58018,840
40492,1.237663479259399e+18,334.66573199089,0.151546040318143,23.19779,22.93186,22.08124,21.57624,21.39646,4192,301,4,187,1.040224819771214e+19,GALAXY,0.8491555,9239,58018,214
40123,1.2376634792596613e+18,335.331329348075,0.0728332666970371,22.97232,23.25627,22.30253,22.08902,21.25528,4192,301,4,191,1.0402203667491215e+19,GALAXY,0.967755,9239,58018,52
12628,1.237663783123747e+18,0.172603952153111,-0.6388328766363,23.5311,23.4145,22.67569,21.62794,21.89614,4263,301,2,117,1.0586952682161068e+19,GALAXY,0.8245447,9403,58018,421
636,1.237678595943498e+18,1.0978357413228,1.55476244261982,24.37503,22.65736,22.1962,21.90067,21.55554,7712,301,1,337,1.0587066481614545e+19,QSO,0.8085318,9403,58018,835
18245,1.2376785959435635e+18,1.30777649111269,1.5889375729747,22.88954,22.47901,21.89624,21.59382,21.01224,7712,301,1,338,1.0587073903318e+19,QSO,0.9960961,9403,58018,862
11678,1.2376637831240095e+18,0.795278412514273,-0.810642046754822,24.32099,22.50094,22.33563,21.69489,21.40157,4263,301,2,121,1.0586903753893632e+19,GALAXY,1.028283,9403,58018,243
24261,1.2376637831241408e+18,1.19207088095434,-0.697276143778526,22.88244,22.49081,22.40412,21.80738,20.75332,4263,301,2,123,1.0586883412928518e+19,GALAXY,1.071793,9403,58018,169
40016,1.2376634792592678e+18,334.372496659646,0.184775106936012,24.40623,22.99391,22.08964,21.49948,21.30216,4192,301,4,185,1.0402269913066789e+19,GALAXY,0.9078916,9239,58018,293
60589,1.2376786184802803e+18,334.243860750952,1.75029432913433,22.77853,22.40947,21.96554,21.46342,20.77622,7717,301,3,157,1.0402383712520264e+19,GALAXY,0.8528252,9239,58018,707
82670,1.2376637831240095e+18,0.826449416657029,-0.674294208422113,23.80009,22.86126,22.18707,21.74654,22.07117,4263,301,2,121,1.058689935584712e+19,QSO,6.51752,9403,58018,227
69068,1.2376637841975547e+18,0.435839414940839,0.148404894579939,22.22727,21.60822,21.27302,20.78642,20.09254,4263,301,4,118,1.0586950208259903e+19,GALAXY,0.8628057,9403,58018,412
92333,1.2376634803334026e+18,335.321761877315,0.878710245876176,22.29428,22.03182,21.61635,21.27003,21.57603,4192,301,6,191,1.0402199269444704e+19,GALAXY,0.989849,9239,58018,36
68330,1.2376637841976863e+18,0.63376779086436,0.0739932430446569,24.78364,23.63299,21.71205,20.97405,20.40397,4263,301,4,120,1.0586936739242463e+19,GALAXY,1.062487,9403,58018,363
8718,1.2376786174060145e+18,333.057667248528,0.902237033085716,23.96205,22.5655,21.58856,21.1557,20.7553,7717,301,1,149,1.0402325988159803e+19,GALAXY,0.7366717,9239,58018,497
54673,1.2376571909055447e+18,0.807736446638614,-0.171603722286441,21.26869,21.1841,20.90946,20.57558,20.39714,2728,301,3,418,1.058690842681805e+19,QSO,1.851516,9403,58018,260
41181,1.2376634792595955e+18,335.231518315262,0.0228972858130863,23.62637,23.27185,21.67211,21.40038,22.77644,4192,301,4,190,1.0402213288218e+19,GALAXY,0.7957581,9239,58018,87
37580,1.237663479259464e+18,334.840934536653,0.159439082401907,22.30389,22.39062,21.99131,21.44683,21.12857,4192,301,4,188,1.040223555332842e+19,GALAXY,0.8581561,9239,58018,168
98085,1.237663783661339e+18,1.86779409594981,-0.244420064055609,22.05279,21.75018,21.27773,20.8934,20.47467,4263,301,3,128,1.0586862247329683e+19,QSO,0.7061214,9403,58018,92
40927,1.2376634792595955e+18,335.131184510554,0.0489407557801783,23.59154,24.3301,22.65153,21.81139,21.67391,4192,301,4,190,1.0402213837973772e+19,GALAXY,0.8491436,9239,58018,89
7723,1.2376785959320955e+18,335.12717271976,1.12751770717075,23.56002,23.22661,22.70955,21.88488,22.57274,7712,301,1,163,1.0402445560049326e+19,GALAXY,0.8078873,9239,58018,932
57730,1.237663783660684e+18,0.446397888319952,-0.343998221520606,23.281,22.6859,22.49064,22.2496,20.98921,4263,301,3,118,1.0586935639730835e+19,GALAXY,1.164902,9403,58018,359
23379,1.2376637831243374e+18,1.57414153318042,-0.768588774955886,25.13458,22.2687,21.55748,21.35284,21.01067,4263,301,2,126,1.0586859223672707e+19,QSO,2.322373,9403,58018,81
15542,1.2376786174179415e+18,0.245787528120786,1.23878382174274,23.61724,22.28362,21.81374,20.93807,20.81987,7717,301,1,331,1.058700188530641e+19,GALAXY,0.8149294,9403,58018,600
92982,1.2376634803332718e+18,335.099626486698,0.862814326380732,22.65603,22.36054,21.53042,20.89939,20.87804,4192,301,6,189,1.0402222359188888e+19,GALAXY,0.6611862,9239,58018,120
41902,1.2376634792592676e+18,334.415764608683,0.0567028754282751,22.79682,21.76564,21.55252,21.62303,22.44523,4192,301,4,185,1.0402258643072604e+19,GALAXY,0.7516484,9239,58018,252
97959,1.2376637836613391e+18,1.89040248397646,-0.30374343069538,23.06171,22.75096,22.05336,21.42673,20.73374,4263,301,3,128,1.058685262660294e+19,GALAXY,0.8611439,9403,58018,57
41024,1.2376634792595297e+18,335.036991680464,0.207393591590921,22.1837,22.33232,21.60424,21.52616,21.11605,4192,301,4,189,1.0402226482357492e+19,GALAXY,0.8012004,9239,58018,135
26710,1.237668679916848e+18,256.708708017651,44.3809513628205,23.36595,22.57916,21.74344,20.58622,19.90685,5403,301,3,18,9.60958415186404e+18,GALAXY,0.8578664,8535,58019,103
17185,1.237668736824902e+18,255.958651959718,45.4981622038936,21.56988,21.21762,21.14711,20.85472,20.87828,5416,301,5,14,9.609769694451229e+18,QSO,1.562906,8535,58019,778
56469,1.237668727698228e+18,257.34130364428,44.9640274902271,21.21909,21.32202,21.13345,21.1669,21.23608,5414,301,4,16,9.60957508089311e+18,QSO,1.338585,8535,58019,70
93862,1.2376627024046986e+18,254.145902858864,45.5516638675608,19.99409,19.8175,19.51264,19.60316,19.54831,4011,301,5,149,9.609702624241932e+18,QSO,1.073337,8535,58019,534
37018,1.237665571443311e+18,254.57514906215,45.501216827895,22.14824,21.52071,21.48102,21.45677,21.20487,4679,301,5,156,9.60972461447449e+18,GALAXY,1.716297,8535,58019,614
93636,1.2376627024045676e+18,253.848462834688,45.8901863491887,22.12286,21.69964,21.3773,21.04292,20.76286,4011,301,5,147,9.609695477416352e+18,QSO,2.019793,8535,58019,508
21890,1.2376687368247053e+18,255.257998249298,45.4713531369447,21.58486,21.39346,21.39709,21.24001,21.07788,5416,301,5,11,9.609746604707043e+18,QSO,1.542351,8535,58019,694
87538,1.237662702404764e+18,254.297779250428,45.4604947870948,24.05606,21.99243,24.80202,20.97884,21.21057,4011,301,5,150,9.609712794724487e+18,STAR,6.584246e-05,8535,58019,571
73843,1.237668728235164e+18,257.52368545115,45.4004567166821,25.48256,23.37278,21.75433,20.67432,19.90788,5414,301,5,17,9.60983044246866e+18,GALAXY,0.5074278,8535,58019,999
92320,1.237662702404633e+18,253.901132479019,45.7021922511489,21.29072,20.73839,20.50352,20.47469,20.03379,4011,301,5,148,9.609694103026815e+18,QSO,0.7892078,8535,58019,503
35227,1.2376687373616428e+18,255.51655784166,45.8417543150195,26.1108,23.78765,21.5014,20.23475,19.57664,5416,301,6,12,9.60975402641053e+18,GALAXY,0.7792248,8535,58019,721
61545,1.2376685043710694e+18,256.392872305989,46.1717368463906,25.63226,24.98411,22.15186,20.93587,19.75398,5362,301,4,186,9.609795807852386e+18,GALAXY,0.8834783,8535,58019,873
89837,1.2376627024049613e+18,254.413677722444,44.9715014584573,25.65914,22.89531,21.13339,20.39279,19.89443,4011,301,5,153,9.609682558154723e+18,STAR,-7.758763e-05,8535,58019,461
26878,1.237668680990196e+18,255.605578020822,45.2738061475176,20.86275,20.37471,20.25043,20.02817,20.18893,5403,301,5,12,9.609631980619848e+18,QSO,1.504747,8535,58019,277
93231,1.2376627024046336e+18,254.01307778605,45.6553086651038,22.32137,21.47789,21.02404,20.80089,20.53149,4011,301,5,148,9.609697676439607e+18,STAR,-0.0006307831,8535,58019,516
42343,1.2376634792582185e+18,332.103776936008,0.14021012377305,18.29081,17.2322,16.79317,16.61848,16.55961,4192,301,4,169,1.0397711063030454e+19,STAR,-0.001163703,9235,58021,92
92898,1.23766270240424e+18,253.465551926596,46.533336853269,22.05104,22.19599,22.02334,21.66762,21.48207,4011,301,5,142,9.614316999699358e+18,QSO,1.344412,8539,58021,937
15810,1.237678596467066e+18,330.72130700761,1.49774302294572,22.72619,23.64413,22.5045,21.9308,21.71939,7712,301,2,134,1.0397851800518808e+19,GALAXY,0.8574677,9235,58021,604
70865,1.2376655703687173e+18,252.090751410248,46.6483110512493,21.60177,21.84535,21.44863,21.42591,21.86787,4679,301,3,143,9.614260649728432e+18,QSO,1.397517,8539,58021,732
70755,1.2376655703687828e+18,252.235771785861,46.5491854122099,20.67754,20.58603,20.46101,20.26886,20.03597,4679,301,3,144,9.614272744356336e+18,QSO,2.036999,8539,58021,776
4668,1.2376549548144072e+18,250.868725411705,46.2776590204347,21.97994,22.06296,21.5613,21.83941,22.69865,2207,301,6,55,9.61419055586216e+18,QSO,0.7868937,8539,58021,477
70864,1.2376655703685865e+18,251.72284235957,46.9907894411206,22.97731,21.58784,21.06415,20.6393,20.07943,4679,301,3,141,9.614245806321455e+18,QSO,2.45131,8539,58021,678
3701,1.2376549548146043e+18,251.156387631871,45.8907933238957,23.12989,22.26236,21.7667,21.60318,21.34161,2207,301,6,58,9.614176811966814e+18,GALAXY,0.20657,8539,58021,427
92992,1.2376627024039777e+18,252.874211275403,47.072958403531,22.55939,22.1017,22.15292,21.79651,21.45854,4011,301,5,138,9.614288962152847e+18,QSO,1.877732,8539,58021,835
70419,1.2376655703685862e+18,251.924762706622,46.9498576342319,22.01124,21.34955,21.24722,21.3032,21.47987,4679,301,3,141,9.614256526559828e+18,QSO,2.289886,8539,58021,717
70756,1.2376655703689144e+18,252.48447635322,46.2976289198902,22.50769,22.05821,22.01773,21.75364,21.56248,4679,301,3,146,9.61413585515868e+18,QSO,1.465947,8539,58021,278
70565,1.2376655703686515e+18,251.930738058777,46.8274448201466,21.74886,21.92836,21.97592,21.44044,21.70311,4679,301,3,142,9.614248555100529e+18,QSO,1.88456,8539,58021,688
93290,1.2376627024044365e+18,253.524252373575,46.0783220611761,21.90412,21.79008,21.52382,21.47992,21.39391,4011,301,5,145,9.61408390323427e+18,QSO,0.9314911,8539,58021,89
17890,1.2376788810066831e+18,328.076119092086,-1.77950502779138,25.59518,22.87411,22.02853,21.32432,21.10673,7778,301,4,104,1.0392114823723e+19,GALAXY,0.7522827,9230,58021,213
92806,1.2376627024036495e+18,252.490899685147,47.6748124773564,21.32225,20.29292,20.10291,19.89845,19.52472,4011,301,5,133,9.61427439362378e+18,QSO,2.364242,8539,58021,782
92807,1.2376627024043054e+18,253.312257605475,46.3175698815142,20.93129,21.04813,20.76185,20.83302,20.56196,4011,301,5,143,9.614317824333076e+18,QSO,1.216721,8539,58021,940
93144,1.23766270240365e+18,252.237622334225,47.6297868738703,20.57387,20.32836,20.13557,19.93,19.83076,4011,301,5,133,9.614264772897036e+18,QSO,1.558572,8539,58021,747
93472,1.2376627024043707e+18,253.594620062673,46.1965707207967,21.37317,21.02705,20.99054,20.67962,20.60467,4011,301,5,144,9.614085827379616e+18,QSO,1.60012,8539,58021,96
70304,1.2376655703689797e+18,252.497588543879,46.2374636519902,21.13551,21.04466,21.04048,20.83441,20.96518,4679,301,3,147,9.614135580280773e+18,QSO,1.830942,8539,58021,277
87415,1.237662702403847e+18,252.689077762151,47.2652732813736,21.76002,21.89911,21.63133,21.68527,21.2242,4011,301,5,136,9.614287312885406e+18,QSO,1.279714,8539,58021,829
70643,1.2376655703687173e+18,252.176058548391,46.7306330584502,21.43258,21.02172,20.84406,20.657,20.44444,4679,301,3,143,9.614259275338895e+18,QSO,2.078964,8539,58021,727
42055,1.2376655827185183e+18,253.61035603655,47.4633178673148,25.14964,22.62957,21.32221,19.8823,19.18998,4682,301,2,170,9.61431837408889e+18,STAR,-7.457712e-05,8539,58021,942
16357,1.2376785964672625e+18,331.255487993499,1.52539162341849,23.03098,23.37404,22.13666,21.2737,21.33221,7712,301,2,137,1.039788423611183e+19,GALAXY,0.7142742,9235,58021,722
41084,1.2376655827187804e+18,254.036849842836,46.9596874691138,26.13619,22.5853,21.26073,20.77354,20.6891,4682,301,2,174,9.614329918960982e+18,STAR,-0.0001681253,8539,58021,984
41325,1.237663479258154e+18,331.93276480218,0.0632207447372946,22.40592,23.4901,22.32765,22.12096,22.51858,4192,301,4,168,1.0397721508390918e+19,GALAXY,0.8229778,9235,58021,130
70644,1.2376655703693071e+18,253.073219409096,45.4799346942048,21.699,21.21072,20.80494,20.49727,20.22403,4679,301,3,152,9.614069884461013e+18,GALAXY,0.0,8539,58021,38
93289,1.2376627024037156e+18,252.566222332255,47.5933361587835,20.77126,20.90319,21.00585,20.95007,20.78179,4011,301,5,134,9.6142752182575e+18,QSO,1.989671,8539,58021,785
40012,1.2376634792582843e+18,332.191230593873,0.114187250445744,20.61995,20.37894,19.99189,20.03817,20.19416,4192,301,4,170,1.0397710238396731e+19,QSO,1.303851,9235,58021,89
73089,1.2376655703694385e+18,253.124075147082,45.2593280178866,21.9214,21.06822,20.71699,20.72789,20.94852,4679,301,3,154,9.614072083484269e+18,QSO,2.502056,8539,58021,46
78031,1.2376627018676977e+18,253.241021948631,45.5557347363882,24.02563,22.96162,21.26591,20.23516,19.36165,4011,301,4,147,9.614091599815662e+18,GALAXY,0.5814111,8539,58021,117
93754,1.23766270240424e+18,253.395443237132,46.5815868534105,23.03932,21.71304,21.14856,20.99392,20.91912,4011,301,5,142,9.614315075554007e+18,STAR,-0.0005067225,8539,58021,930
70067,1.2376655703687178e+18,252.05578474531,46.6818732288819,22.6302,21.10195,20.40784,20.126,20.05888,4679,301,3,143,9.614260099972618e+18,STAR,-0.0001183107,8539,58021,730
93913,1.2376655714426568e+18,253.421248746186,46.6613499310239,23.73363,23.36192,21.51644,20.43419,19.3605,4679,301,5,146,9.614315900187728e+18,GALAXY,0.8957738,8539,58021,933
70068,1.2376655703693727e+18,253.074205905374,45.3359149486364,21.94059,21.83814,21.53362,21.29124,21.8461,4679,301,3,153,9.614088301280778e+18,QSO,1.259752,8539,58021,105
37045,1.237663479255991e+18,326.971144890008,0.0971128032829878,21.76083,21.55828,20.85904,20.0806,19.74971,4192,301,4,135,1.03922066329439e+19,GALAXY,0.8245118,9230,58021,547
93821,1.2376627024044362e+18,253.718182473086,46.0845627990945,19.3999,18.87035,18.94898,18.94288,18.73911,4011,301,5,145,9.614078955431942e+18,QSO,2.525947,8539,58021,71
93930,1.2376627024044365e+18,253.64840420124,46.1116728986891,21.63597,21.27404,21.25035,21.06827,21.13953,4011,301,5,145,9.614085277623802e+18,QSO,1.835486,8539,58021,94
68416,1.2376655703687173e+18,252.173269299748,46.8031549368906,22.26775,21.9648,21.96021,21.82468,21.67067,4679,301,3,143,9.614257900949365e+18,GALAXY,-0.004712832,8539,58021,722
39636,1.2376634792562532e+18,327.527655770242,0.127010100216507,24.96461,22.89692,22.26747,21.46995,20.64455,4192,301,4,139,1.0392239618292732e+19,GALAXY,1.143148,9230,58021,667
69913,1.2376655703691763e+18,252.779844920003,45.8031894341399,21.26061,21.58447,21.23347,21.11674,21.57806,4679,301,3,150,9.614109466879613e+18,QSO,1.179645,8539,58021,182
68415,1.2376655703684554e+18,251.745952296788,47.2369933887317,21.42216,21.16056,20.94694,20.57381,20.79924,4679,301,3,139,9.61424305754239e+18,QSO,1.541347,8539,58021,668
91630,1.237662700793431e+18,251.540062037634,46.2556784179688,22.58501,21.00907,20.87364,20.7619,21.06231,4011,301,2,139,9.614158395147049e+18,STAR,-0.0006947936,8539,58021,360
94643,1.2376627024043712e+18,253.448579232905,46.2360920909676,23.48596,22.34449,22.01763,21.5687,21.01349,4011,301,5,144,9.61408637713543e+18,GALAXY,0.8451725,8539,58021,98
74988,1.2376785964666726e+18,329.886869286558,1.41668100410278,24.16596,22.46702,22.38714,21.31042,21.05765,7712,301,2,128,1.039782651175137e+19,GALAXY,0.9156386,9235,58021,512
15382,1.237678596466738e+18,329.997881208741,1.44862857171614,23.9736,21.83408,21.70691,20.70212,19.81651,7712,301,2,129,1.0397824587606e+19,GALAXY,0.9139066,9235,58021,505
92092,1.2376627024044362e+18,253.549850411843,46.0609363710888,24.39025,23.33222,21.82326,20.49177,19.72979,4011,301,5,145,9.61408280372264e+18,STAR,4.087578e-05,8539,58021,85
2368,1.23767859593085e+18,332.272847638128,1.07017850507291,24.50329,22.8366,22.48727,21.55166,21.58775,7712,301,1,144,1.0397707489617664e+19,GALAXY,0.7946037,9235,58021,79
69964,1.2376655703686515e+18,251.981275948968,46.8837273211249,20.495,20.46742,20.22636,20.11508,20.13162,4679,301,3,142,9.614258725583086e+18,QSO,1.395494,8539,58021,725
38857,1.2376634792580232e+18,331.666236146279,0.161638997494658,22.68232,23.23425,22.44562,21.87218,21.60273,4192,301,4,166,1.0397733053263e+19,GALAXY,0.9907249,9235,58021,172
38856,1.237663479258023e+18,331.581702911012,0.1613725509006,23.00056,22.77989,22.34579,21.82137,21.48354,4192,301,4,166,1.0397742673989753e+19,GALAXY,0.7794791,9235,58021,207
71490,1.237665570368914e+18,252.525314675237,46.289371831736,21.63217,20.30197,20.20489,20.26611,20.29255,4679,301,3,146,9.614124310286588e+18,QSO,2.950715,8539,58021,236
38424,1.2376634792564495e+18,328.041883415858,0.11195880411954,23.39779,22.67482,22.8393,21.77151,21.27696,4192,301,4,142,1.0392274252909e+19,GALAXY,1.262563,9230,58021,793
7339,1.2376799982290214e+18,329.025618284884,-1.5375559149424,22.35014,21.57552,21.15228,20.57629,20.32785,8038,301,5,12,1.0392062596920662e+19,QSO,0.8997173,9230,58021,23
71491,1.2376655703693727e+18,252.994531537807,45.4256059681206,22.43381,21.92736,21.48018,21.43349,21.34046,4679,301,3,153,9.614089675670313e+18,GALAXY,0.7161167,8539,58021,110
69434,1.2376655703692416e+18,252.764005333363,45.6901721303938,22.94034,20.99487,20.33446,20.18219,19.94249,4679,301,3,151,9.6141089171238e+18,STAR,-0.0004231291,8539,58021,180
39651,1.2376634792563848e+18,327.900392561257,0.0359807561846497,22.95572,23.1869,22.54785,21.41826,21.21879,4192,301,4,141,1.039227150412994e+19,GALAXY,0.814565,9230,58021,783
92128,1.2376627024039777e+18,252.997917807096,47.0677639569236,21.49383,21.29746,20.98116,20.8731,20.69265,4011,301,5,138,9.614301056780753e+18,QSO,0.9368457,8539,58021,879
69912,1.237665570368914e+18,252.55348684769,46.3433129358242,21.52997,21.72676,21.43025,21.41687,21.19398,4679,301,3,146,9.614125409798216e+18,QSO,1.240357,8539,58021,240
72631,1.237665570368914e+18,252.400159954602,46.3589373457148,21.82179,21.15797,20.84629,20.71919,20.43257,4679,301,3,146,9.614136130036586e+18,STAR,-0.001474477,8539,58021,279
581,1.2376634787212836e+18,331.947657061199,-0.267837745555326,24.56808,23.55933,22.95602,21.57531,22.82357,4192,301,3,168,1.0397708314251385e+19,GALAXY,0.7245792,9235,58021,82
14407,1.2376786174047685e+18,330.177934256451,0.877693732762548,24.87617,23.40769,22.69656,22.48091,22.14607,7717,301,1,130,1.0397815791513e+19,GALAXY,0.821849,9235,58021,473
37965,1.2376634792578263e+18,331.190224349896,0.184935785780784,23.44285,22.53932,21.76498,21.59855,20.36994,4192,301,4,163,1.0397766038611843e+19,GALAXY,0.9936208,9235,58021,292
36991,1.2376634792567772e+18,328.743132223911,0.198570411362306,22.97546,22.99867,22.69037,21.87972,21.08181,4192,301,4,147,1.0392315209717144e+19,GALAXY,0.9276637,9230,58021,942
92606,1.237662702404502e+18,253.606995740799,45.9587292988906,21.56647,21.48229,21.47476,21.51931,21.49875,4011,301,5,146,9.614084178112174e+18,QSO,2.452219,8539,58021,90
25459,1.2376788810067484e+18,328.278789394623,-1.75942326240627,22.21396,22.64547,21.763,21.01604,20.47342,7778,301,4,105,1.0392101629583448e+19,GALAXY,0.8613679,9230,58021,165
45346,1.237662702403715e+18,252.494202654619,47.4448087507696,23.91906,20.82001,22.26975,20.56923,19.04641,4011,301,5,134,9.614277967036568e+18,STAR,1.297033e-05,8539,58021,795
88174,1.2376627024043717e+18,253.709322688,46.2282561935047,23.0231,22.14607,21.895,21.79813,21.22764,4011,301,5,144,9.61408087957729e+18,QSO,0.4472669,8539,58021,78
86967,1.2376627024058125e+18,255.811528369314,43.2710710755759,24.14272,22.59542,21.48856,21.34591,22.03135,4011,301,5,166,9.606265001188022e+18,GALAXY,0.4386832,8532,58022,316
1154,1.237679998237017e+18,347.240090855128,-1.75998331218609,24.92178,22.97611,21.33848,20.19968,19.47267,8038,301,5,134,1.0305396341657063e+19,GALAXY,0.6061899,9153,58022,125
76747,1.237653010819449e+18,345.280938282078,-1.27213598053565,21.19418,21.25675,20.71646,20.27445,20.05475,1755,301,1,278,1.0305495572581472e+19,QSO,1.316687,9153,58022,486
765,1.2376799982369516e+18,347.133831368727,-1.89238241982472,24.58674,20.97292,19.50634,18.92499,18.61842,8038,301,5,133,1.0305395517023345e+19,GALAXY,0.2940972,9153,58022,122
14766,1.237678598628377e+18,2.38389805698853,3.66949492312697,24.649,24.07495,23.10095,21.91221,21.7805,7712,301,6,345,1.0629673931647506e+19,GALAXY,0.6504565,9441,58022,192
1933,1.237679998237148e+18,347.505940284632,-1.95336106045695,24.51812,23.48665,21.96231,20.73392,19.69937,8038,301,5,136,1.0305373251912882e+19,GALAXY,0.8743767,9153,58022,41
16606,1.237678617407718e+18,336.961951863095,1.15176912760806,22.57454,22.13243,22.33536,22.05298,20.96634,7717,301,1,175,1.0405724028912556e+19,GALAXY,1.0484,9242,58022,571
17274,1.2376786174086351e+18,339.042023581237,1.11146712777847,25.06601,25.32965,24.20365,22.25995,22.73618,7717,301,1,189,1.040583068154045e+19,GALAXY,0.8206548,9242,58022,959
42080,1.2376664084366628e+18,346.813605948073,0.237403437644571,22.40424,22.55051,21.89516,21.80979,21.53271,4874,301,4,333,1.030557941034309e+19,QSO,1.056327,9153,58022,791
47934,1.237663479261102e+18,338.557871652418,0.194341907127584,24.4132,23.62661,22.64378,22.47557,23.19345,4192,301,4,213,1.0405592362395128e+19,QSO,0.5588723,9242,58022,92
46809,1.237678598091375e+18,2.02217369752759,3.12715100745664,23.4875,23.32206,22.2995,21.69155,20.95888,7712,301,5,343,1.062969069919983e+19,GALAXY,0.713662,9441,58022,253
85538,1.2376634803341235e+18,336.93615568046,0.916645280808701,22.75256,22.30158,21.46869,20.47247,19.98991,4192,301,6,202,1.040569846526721e+19,GALAXY,0.9144265,9242,58022,478
99529,1.2376786174055552e+18,332.019191552919,0.951445526167159,22.00668,22.11746,21.74581,21.34881,21.23001,7717,301,1,142,1.0400058245494626e+19,GALAXY,0.9354556,9237,58022,439
41594,1.2376664084365317e+18,346.534683663697,0.302603352072345,22.02073,22.35085,21.93958,21.46916,21.86035,4874,301,4,331,1.0305566216203557e+19,QSO,1.988345,9153,58022,743
43226,1.2376785980918991e+18,3.20958612488494,3.18735624867101,22.42402,23.21858,22.35361,21.71015,21.55853,7712,301,5,351,1.0629634624106811e+19,GALAXY,0.8764953,9441,58022,49
82426,1.237678596468442e+18,333.960106299583,1.61663198159175,23.21122,22.86185,21.5976,21.65753,21.89045,7712,301,2,155,1.0400200357372516e+19,QSO,1.241565,9237,58022,956
72633,1.2376655703700936e+18,254.383462269905,43.9874326196153,22.25495,21.89459,21.85101,21.57198,21.4012,4679,301,3,164,9.606315853600809e+18,QSO,1.789708,8532,58022,501
86552,1.237663480334386e+18,337.523449309807,0.939295223181328,23.27329,23.34763,22.48084,21.54269,20.90674,4192,301,6,206,1.040566520504047e+19,GALAXY,0.8787047,9242,58022,357
28116,1.2376799982365576e+18,346.160716879974,-1.80925589491594,21.45922,21.43598,21.11999,20.8999,21.29325,8038,301,5,127,1.0305452416750082e+19,QSO,1.460423,9153,58022,329
764,1.237679998236951e+18,347.057607857382,-1.92797390145626,22.78363,21.39317,19.86496,19.34949,18.87396,8038,301,5,133,1.0305417232378e+19,GALAXY,0.3038332,9153,58022,201
87304,1.2376634803351068e+18,339.181415335712,0.923765298921474,23.8591,22.71745,20.96306,20.33668,20.84881,4192,301,6,217,1.0405572571185828e+19,GALAXY,0.7484635,9242,58022,20
82477,1.23766378311798e+18,347.094434355559,-0.680721191466282,21.22772,20.98901,20.77066,20.49868,20.59569,4263,301,2,29,1.0305609097157e+19,QSO,1.622124,9153,58022,899
42389,1.2376664084363348e+18,346.083633591961,0.318178078229104,21.75589,21.82895,21.76212,21.34503,20.83995,4874,301,4,328,1.0305534605244258e+19,QSO,2.025504,9153,58022,628
75330,1.237678598628901e+18,3.5749535928702,3.69164499086587,24.02047,22.31703,22.13029,21.29555,21.44662,7712,301,6,353,1.0629621979723094e+19,GALAXY,1.157486,9441,58022,3
72634,1.2376655703702904e+18,254.467557905866,43.6190369664621,22.76308,21.77897,21.49274,21.32501,20.80083,4679,301,3,167,9.60632464969383e+18,QSO,2.357028,8532,58022,533
41004,1.2376634792582843e+18,332.157353866647,0.14158778883187,20.45131,20.01762,19.93021,19.63495,19.55135,4192,301,4,170,1.0400049999157416e+19,QSO,1.8416,9237,58022,409
75496,1.2376637831181768e+18,347.524372761261,-0.684289058848148,21.62199,21.69989,21.63981,21.39765,21.07146,4263,301,2,32,1.0305631362267505e+19,QSO,1.883627,9153,58022,980
14812,1.237678596470539e+18,338.704971054955,1.74306540366306,23.62685,22.59019,21.93302,21.65556,20.55263,7712,301,2,187,1.040581803715673e+19,GALAXY,0.8701499,9242,58022,913
38597,1.237663479261037e+18,338.411987934904,0.114788681038306,25.42867,21.80565,21.51953,20.74325,19.67172,4192,301,4,212,1.0405602807755592e+19,GALAXY,0.9551947,9242,58022,130
76658,1.237653010820039e+18,346.599692825221,-1.27992119127798,20.66688,20.08112,19.74,19.3678,19.17521,1755,301,1,287,1.030543454968613e+19,GALAXY,1.17813,9153,58022,264
56534,1.2376569063491507e+18,346.453758564805,-1.04465487317045,25.66104,24.08466,21.99021,20.8319,19.94288,2662,301,1,192,1.0305445819680315e+19,GALAXY,0.6566015,9153,58022,305
51768,1.237679998236951e+18,347.040659645926,-1.83611344876594,26.8189,24.61314,21.38939,20.31554,19.58153,8038,301,5,133,1.03054095357966e+19,GALAXY,0.6939021,9153,58022,173
15913,1.2376785964679176e+18,332.666637016748,1.57935635545773,23.34739,21.91144,21.77738,20.96757,20.80631,7712,301,2,147,1.040013521130857e+19,GALAXY,0.7174599,9237,58022,719
31893,1.237678598627918e+18,1.26791653756641,3.59486382004931,21.12621,20.40922,20.34304,20.41763,20.47174,7712,301,6,338,1.0629739077711452e+19,QSO,2.449708,9441,58022,429
79725,1.237678618481853e+18,337.851093424111,1.80568551827492,18.71832,17.68404,17.31082,17.16044,17.1107,7717,301,3,181,1.040577130791255e+19,STAR,0.0001750919,9242,58022,743
63193,1.2376664078996613e+18,346.523512224045,-0.120929727190376,26.58009,24.04964,22.78077,21.00623,19.99504,4874,301,3,331,1.0305570614250068e+19,QSO,1.049986,9153,58022,759
15754,1.2376786174064724e+18,334.06427437927,1.04044535573167,24.01214,22.66314,22.13592,21.428,21.0432,7717,301,1,156,1.0400212177122517e+19,GALAXY,0.7502822,9237,58022,999
61828,1.237678619566277e+18,2.19267133708422,3.07603165448047,23.34051,22.78367,22.38106,21.57363,21.5245,7717,301,5,344,1.0629679154327738e+19,GALAXY,0.7808547,9441,58022,211
20349,1.2376786179455716e+18,339.07124718088,1.58573809284994,21.1289,20.28551,20.12589,20.11028,19.7408,7717,301,2,190,1.0405838652999752e+19,QSO,2.433864,9242,58022,988
67458,1.237678598628901e+18,3.53422059048171,3.58293437790877,23.9979,22.75621,22.49853,22.40253,22.19019,7712,301,6,353,1.0629621704845187e+19,GALAXY,0.8197412,9441,58022,2
16816,1.237678617405949e+18,332.797481983802,1.00807929930537,25.37305,22.53453,22.18621,20.9542,20.70444,7717,301,1,148,1.04000137152737e+19,GALAXY,0.8358074,9237,58022,277
88044,1.2376634803350408e+18,339.140579199241,0.875715775255825,23.86087,23.72447,22.51027,21.9627,21.65536,4192,301,6,216,1.0405577518988157e+19,GALAXY,0.9085384,9242,58022,38
63192,1.2376664078992023e+18,345.555897234332,-0.165141746891196,23.54452,24.23638,22.45359,21.10418,19.83112,4874,301,3,324,1.030551563866868e+19,GALAXY,0.9060837,9153,58022,559
85974,1.2376634803347791e+18,338.538365624086,0.974461192105526,24.76478,23.63991,23.00881,21.54993,21.26118,4192,301,6,212,1.0405814188866e+19,GALAXY,0.668959,9242,58022,899
6111,1.2376786179433444e+18,334.07806545788,1.3269587369093,23.36255,22.56603,21.71289,21.26917,20.98887,7717,301,2,156,1.0400207504198097e+19,GALAXY,0.9043959,9237,58022,982
49841,1.237663462605455e+18,346.487556555896,0.634671903669702,20.64109,19.94428,18.97836,18.73452,19.12215,4188,301,5,20,1.0305554946209372e+19,STAR,-0.000552071,9153,58022,702
16164,1.2376785964678523e+18,332.481455784685,1.49151182831086,25.51687,23.30642,22.37932,21.21749,20.72893,7712,301,2,146,1.0400124765948109e+19,GALAXY,0.8717308,9237,58022,681
57791,1.237678596469818e+18,337.019491283728,1.67131545618008,23.56539,24.5394,23.19798,22.1009,21.6809,7712,301,2,176,1.0405729526470697e+19,GALAXY,0.9841958,9242,58022,591
375,1.2376799982369516e+18,347.128186925346,-1.86291681519649,22.82882,21.0374,19.41936,18.78851,18.42626,8038,301,5,133,1.0305408986040785e+19,GALAXY,0.3008167,9153,58022,171
67511,1.2376785986284426e+18,2.45399667191714,3.70269553313341,23.01729,22.90178,22.26387,21.7966,21.26171,7712,301,6,346,1.0629662386775417e+19,GALAXY,0.7751285,9441,58022,150
87275,1.2376655827207455e+18,256.864035536353,42.9514633614011,21.97702,22.25454,21.88358,21.97369,21.48409,4682,301,2,204,9.606216897554307e+18,GALAXY,0.4151279,8532,58022,141
90744,1.2376634803343857e+18,337.595858559039,0.880852074716411,24.42299,22.53031,21.46392,20.95549,20.67388,4192,301,6,206,1.0405653935046283e+19,GALAXY,0.7707556,9242,58022,316
68751,1.237678617943279e+18,333.951991411512,1.37421672387714,24.58467,24.43164,22.38037,21.28845,23.54642,7717,301,2,155,1.0400203106151584e+19,GALAXY,0.9651416,9237,58022,966
85791,1.237663480334714e+18,338.305738039988,0.934390820631678,26.14848,23.03605,22.41457,21.51504,21.1958,4192,301,6,211,1.0405610779214895e+19,GALAXY,0.751074,9242,58022,159
1593,1.237679998237148e+18,347.523952109128,-1.7848570781315,25.50784,23.50698,21.36539,20.23456,19.49081,8038,301,5,136,1.0305376550447763e+19,GALAXY,0.8745916,9153,58022,53
87323,1.2376634803345167e+18,337.815489558309,0.865342964884484,22.70079,22.70826,22.1097,22.49011,22.15209,4192,301,6,208,1.04056426650521e+19,GALAXY,1.270241,9242,58022,275
43545,1.2376785980911127e+18,1.48513577437075,3.30257866437953,25.60016,23.12555,23.02678,22.19069,21.39191,7712,301,5,339,1.0629720935769592e+19,GALAXY,1.417455,9441,58022,363
97724,1.237678617405817e+18,332.507822856412,0.892185985673548,17.9054,17.00716,16.73488,16.63426,16.59362,7717,301,1,146,1.0400034056238815e+19,STAR,-0.00018274,9237,58022,351
9525,1.23767861740549e+18,331.800102693372,0.95499434521001,24.66535,23.402,22.70276,22.01219,21.71693,7717,301,1,141,1.040006951548881e+19,GALAXY,0.5079951,9237,58022,480
85338,1.2376634803341893e+18,337.183353608194,0.905031323336444,22.59924,22.72085,22.23964,21.47375,21.18228,4192,301,6,203,1.040567674991256e+19,GALAXY,0.9270337,9242,58022,399
72565,1.237663783118373e+18,347.964182646464,-0.745267301808438,21.55915,21.55669,21.69458,21.27853,22.01872,4263,301,2,35,1.0305366929721e+19,QSO,1.800677,9153,58022,18
4713,1.23766835349894e+18,257.734047965284,42.8023175599973,19.20997,18.8972,18.81041,18.93487,18.85936,5327,301,3,12,9.606195182199658e+18,QSO,0.8152742,8532,58022,62
72070,1.2376637831183078e+18,347.846435330876,-0.744939747810259,22.32016,22.16464,21.96128,21.96553,21.44764,4263,301,2,34,1.0305372977035e+19,GALAXY,1.407347,9153,58022,40
72394,1.237663784191066e+18,345.52490648225,0.082784569839711,24.96425,19.71122,24.82553,22.46926,23.42802,4263,301,4,19,1.0305513164767517e+19,STAR,-0.002659264,9153,58022,550
92631,1.2376634803339272e+18,336.591832163032,0.85140703959234,23.78879,22.70458,22.38878,21.41757,20.91654,4192,301,6,199,1.0405704237703256e+19,GALAXY,0.8773014,9242,58022,499
114,1.237663478721808e+18,333.110113556786,-0.415612289735027,23.68024,22.93109,22.38346,21.54711,21.80262,4192,301,3,176,1.039999309943068e+19,GALAXY,0.912237,9237,58022,202
86720,1.2376634803345823e+18,337.979581575866,0.961584419606984,25.12602,23.23843,22.23928,21.80683,21.31571,4192,301,6,209,1.0405633044325356e+19,GALAXY,0.8443716,9242,58022,240
16120,1.237678596467459e+18,331.608127214852,1.57368454279637,22.75975,23.26632,22.27504,21.62479,20.76885,7712,301,2,140,1.0400089031820204e+19,GALAXY,1.006221,9237,58022,551
49758,1.237678596468049e+18,332.966106951204,1.63561584509513,24.19649,24.37169,22.74137,24.01814,22.37615,7712,301,2,149,1.0400157476419e+19,GALAXY,0.8304584,9237,58022,800
53563,1.2376627013324652e+18,255.223693892581,42.0974843475348,24.13061,24.49409,21.7569,20.71746,19.95603,4011,301,3,172,9.606288915565926e+18,GALAXY,0.6505228,8532,58022,403
613,1.2376799982372134e+18,347.654066296833,-1.82528507503635,25.46499,23.61704,21.84731,20.76943,19.98424,8038,301,5,137,1.0305375450936136e+19,GALAXY,0.663325,9153,58022,49
2889,1.2376549548162417e+18,254.06670498967,42.850832446581,19.18893,18.19846,17.83775,17.69513,17.6677,2207,301,6,83,9.606310630920577e+18,STAR,-0.0005085664,8532,58022,482
86488,1.2376664068474803e+18,35.7504708059684,-0.850211624730899,25.68152,22.63222,22.536,22.00475,20.8836,4874,301,1,660,1.0556591592873157e+19,GALAXY,0.9824697,9376,58028,560
60079,1.2376788799632187e+18,37.4377798851002,-2.64726067022242,22.56562,23.14791,22.66509,21.76935,21.54388,7778,301,2,566,1.0556461025867356e+19,GALAXY,0.7944459,9376,58028,85
79662,1.2376570700897324e+18,37.2821354275103,-0.44285016076019,22.87872,22.33616,22.1593,21.37469,20.72955,2700,301,2,115,1.0556674331123145e+19,GALAXY,0.7422391,9376,58028,861
87712,1.237666406847218e+18,35.264310467844,-1.04368493377586,23.24169,22.56171,21.95542,21.27092,21.56748,4874,301,1,656,1.055657674946618e+19,GALAXY,0.7363443,9376,58028,506
85183,1.237666406847218e+18,35.2678062575164,-0.962298698830107,23.39725,22.52929,21.29228,20.68781,20.44369,4874,301,1,656,1.0556575649954552e+19,GALAXY,0.7560281,9376,58028,502
62675,1.2376788799633495e+18,37.647374732727,-2.5335123324592,22.38661,22.60599,22.08458,21.34146,21.16825,7778,301,2,568,1.0556449480995265e+19,GALAXY,0.709861,9376,58028,43
75425,1.237678623856788e+18,43.1513339416898,4.7370509404858,23.01867,21.70819,21.49995,20.37598,20.31729,7718,301,5,276,1.0600576456047485e+19,GALAXY,0.8298227,9415,58029,832
36866,1.2376786222457825e+18,42.273023797152,3.35605652396257,24.55918,23.12945,22.01895,21.74376,21.63176,7718,301,2,270,1.060045358562308e+19,GALAXY,0.7598413,9415,58029,385
21901,1.237678622245716e+18,42.0243735050475,3.53251926561144,23.64492,21.67026,20.6354,20.03228,21.5844,7718,301,2,269,1.0600474476344e+19,GALAXY,0.8795557,9415,58029,461
88033,1.2376786195842342e+18,43.2743150295242,2.45419493980734,22.99298,22.92891,22.36911,21.56715,21.3188,7717,301,5,618,1.0600392837605644e+19,GALAXY,0.846935,9415,58029,164
51041,1.2376786238560676e+18,41.5048657677108,4.66653679054409,22.96926,23.40658,22.76752,21.87121,21.34772,7718,301,5,265,1.0600500039989352e+19,GALAXY,0.9190784,9415,58029,554
48776,1.2376786614427976e+18,43.0103490468701,3.54581820976939,18.55798,17.55297,17.15176,17.00814,16.96369,7727,301,3,353,1.060040850564634e+19,STAR,-0.0003944444,9415,58029,221
76192,1.237678623856591e+18,42.7031580202912,4.61861079688687,24.65209,23.34081,22.25443,21.93215,21.58312,7718,301,5,273,1.0600545119966091e+19,GALAXY,0.791591,9415,58029,718
51951,1.2376786238569848e+18,43.669060145958,4.73915913673794,22.78085,23.44253,22.28112,21.86006,21.90212,7718,301,5,279,1.060061356456492e+19,GALAXY,1.089242,9415,58029,967
41076,1.237678622245913e+18,42.5356193801857,3.45412850638985,22.60994,22.43936,22.78862,21.43907,22.11531,7718,301,2,272,1.0600430770756805e+19,GALAXY,0.83657,9415,58029,302
41075,1.2376786222458478e+18,42.4169266651887,3.37466808172179,23.06223,22.81567,21.45001,20.67101,20.68312,7718,301,2,271,1.0600442865384708e+19,GALAXY,0.6892281,9415,58029,346
20593,1.2376786179417047e+18,330.238486772504,1.38651125921217,20.6507,19.84598,19.86049,19.78756,19.39212,7717,301,2,131,1.0395699231864412e+19,QSO,2.588474,9233,58035,965
8190,1.23767861740418e+18,328.805141456228,0.769588934999875,22.87165,23.16855,22.251,21.82093,21.56651,7717,301,1,121,1.039554282633536e+19,GALAXY,1.119845,9233,58035,396
44568,1.2376634792574984e+18,330.325526638466,0.188162640494442,22.80749,23.03291,22.58976,21.85963,21.55355,4192,301,4,158,1.0395445794434208e+19,GALAXY,0.917354,9233,58035,43
41336,1.23766347925704e+18,329.329658432806,0.15723607409995,22.94791,22.21417,21.97014,20.61147,22.05153,4192,301,4,151,1.039550324391676e+19,GALAXY,0.7482731,9233,58035,252
14493,1.2376786174039178e+18,328.285000043328,0.913626587198388,23.50911,23.2889,22.8973,22.05281,21.37117,7717,301,1,117,1.0395565641201635e+19,GALAXY,1.031766,9233,58035,479
40811,1.237663479257106e+18,329.42789462782,0.0788664069060485,23.03704,23.41687,22.7434,21.92244,21.20464,4192,301,4,152,1.0395491699044667e+19,GALAXY,0.7568678,9233,58035,210
40833,1.2376634792573015e+18,329.891920762723,0.0727137742739289,21.73159,22.01419,22.30088,21.5955,22.55347,4192,301,4,155,1.039546998369e+19,GALAXY,0.8363242,9233,58035,131
77486,1.237678617404441e+18,329.427849394915,0.905327808476878,22.1628,22.12281,21.58029,20.94674,20.89865,7717,301,1,125,1.0395498021236527e+19,GALAXY,0.7051676,9233,58035,233
23507,1.2376786174044416e+18,329.427767409328,0.857401499921888,23.24962,23.08787,22.92609,22.30268,22.96571,7717,301,1,125,1.0395498296114436e+19,QSO,2.274617,9233,58035,234
42068,1.237663479256515e+18,328.133952253752,0.190503921118983,24.37595,23.11008,22.17871,21.6245,21.505,4192,301,4,143,1.0395558494376057e+19,QSO,1.902686,9233,58035,453
52270,1.237678596466344e+18,329.084572808125,1.49368712459145,24.37297,22.80816,22.97206,22.67043,22.14971,7712,301,2,123,1.0395632161655116e+19,GALAXY,1.275762,9233,58035,721
19332,1.2376785959296704e+18,329.573623634945,1.10931133542938,25.51329,22.82664,22.16663,21.50806,21.622,7712,301,1,126,1.0395659374567903e+19,GALAXY,0.78962,9233,58035,820
19328,1.237678617404834e+18,330.34645978953,0.869847560830212,23.3322,23.22348,22.81394,22.28202,22.18854,7717,301,1,131,1.0395443320533e+19,QSO,1.029557,9233,58035,34
41978,1.2376634792570396e+18,329.315332033611,0.17374617333716,22.74959,22.20671,21.63361,20.70672,20.02856,4192,301,4,151,1.0395502969038854e+19,STAR,-3.494343e-05,9233,58035,251
40434,1.237663479256712e+18,328.599722004894,0.0459430719937225,22.8797,22.86257,22.11596,21.5977,20.701,4192,301,4,146,1.0395545849992335e+19,GALAXY,0.7376804,9233,58035,407
40301,1.237663479257433e+18,330.280567749735,0.191022660818209,25.07733,22.4181,22.08464,21.33154,20.79302,4192,301,4,157,1.0395448268335372e+19,GALAXY,0.7578958,9233,58035,52
41066,1.237663479257106e+18,329.422054399783,0.11453916140818,23.71996,22.68245,22.11544,21.24412,20.50657,4192,301,4,152,1.0395493073434204e+19,GALAXY,0.8630736,9233,58035,215
21076,1.2376786174046387e+18,329.930393169096,0.871284819707746,24.67044,23.73711,22.84613,22.06608,22.33128,7717,301,1,128,1.0395465310765605e+19,GALAXY,0.7620412,9233,58035,114
50904,1.2376785964660165e+18,328.292320108051,1.54683772991455,23.37066,25.19282,22.84543,21.96675,21.84926,7712,301,2,118,1.0395588456067912e+19,GALAXY,0.7286245,9233,58035,562
45289,1.23766347925835e+18,332.377518442709,0.130953492192387,24.27268,22.80231,22.61652,22.70467,22.51264,4192,301,4,171,1.0396821833269924e+19,STAR,0.003346975,9234,58037,953
40562,1.2376634792576955e+18,330.857418079143,0.0194401705838594,24.8853,23.14837,21.8434,21.39194,22.02135,4192,301,4,161,1.0394566734921355e+19,QSO,7.011103,9232,58037,941
78417,1.237679998229808e+18,330.767295991646,-1.62458013765973,23.65568,22.69736,21.73711,21.06626,20.28891,8038,301,5,24,1.0396672574566455e+19,GALAXY,1.009555,9234,58037,410
40561,1.2376634792574991e+18,330.339335425877,0.0267752553069476,25.22082,23.5057,22.54469,21.39836,20.47805,4192,301,4,158,1.0394541721031823e+19,QSO,0.8338836,9232,58037,850
44530,1.2376634792576294e+18,330.725052500995,0.175592704117966,20.71327,20.8111,20.45173,20.33316,20.10804,4192,301,4,160,1.0396720953078075e+19,QSO,1.445721,9234,58037,586
7005,1.2376799982292836e+18,329.539408480428,-1.55603994974825,22.64087,22.60342,21.31179,20.73911,20.20996,8038,301,5,16,1.0394391637694632e+19,GALAXY,0.8977683,9232,58037,304
57314,1.2376799982295455e+18,330.127466550794,-1.52028628784677,23.73773,22.6678,22.22224,21.42018,20.90073,8038,301,5,20,1.0396692090897848e+19,GALAXY,0.8140815,9234,58037,481
41179,1.23766347925776e+18,330.951944759689,0.0864308383879164,24.24862,24.3066,22.95284,22.39582,21.33713,4192,301,4,162,1.0396733322583888e+19,GALAXY,0.859237,9234,58037,631
7186,1.237679998230332e+18,332.016380423115,-1.55107960870199,23.03868,21.61163,20.97964,20.65335,20.00611,8038,301,5,32,1.0396592585095537e+19,GALAXY,0.9414917,9234,58037,119
7768,1.237679998230594e+18,332.509533684897,-1.53617783582826,23.07871,22.68905,21.77291,21.34539,21.13681,8038,301,5,36,1.039658213973507e+19,GALAXY,0.9645899,9234,58037,81
57440,1.237656906342663e+18,331.686618320096,-0.986451855882909,22.57285,22.00252,22.46422,20.63872,20.32437,2662,301,1,93,1.0396784999630395e+19,GALAXY,0.4768073,9234,58037,819
7669,1.2376799982292838e+18,329.628447169427,-1.49952852801353,23.61172,22.24452,21.55489,21.00051,20.82498,8038,301,5,16,1.0394391362816727e+19,GALAXY,0.8653462,9232,58037,303
21444,1.237678881008059e+18,331.252357365095,-1.81947470766472,25.12032,23.44067,22.09856,21.39715,21.3884,7778,301,4,125,1.0396639864095529e+19,GALAXY,0.7703798,9234,58037,291
24403,1.237656906343056e+18,332.515457819468,-1.01262362904856,24.05555,22.78102,22.56684,21.69843,21.58987,2662,301,1,99,1.0396587087537396e+19,GALAXY,0.733588,9234,58037,99
40318,1.2376634792571707e+18,329.64611572067,0.0270852603044458,26.52103,21.78865,22.07335,20.39854,20.67696,4192,301,4,153,1.0394496915933e+19,GALAXY,0.8564379,9232,58037,687
41459,1.2376634792574991e+18,330.456849131216,0.202051216308788,23.22355,23.08869,22.71782,21.64397,21.69347,4192,301,4,158,1.0394556289560891e+19,GALAXY,0.7761803,9232,58037,903
40692,1.237663479258088e+18,331.70366711894,0.0987825709450034,20.07104,21.28754,19.71899,19.344,18.69289,4192,301,4,167,1.0396776203537371e+19,GALAXY,0.8275151,9234,58037,787
68644,1.2376799982298076e+18,330.746671494101,-1.55052703329024,22.46439,23.03521,22.29267,21.44312,21.30315,8038,301,5,24,1.0396665152863e+19,GALAXY,0.8060544,9234,58037,383
24517,1.2376569063431214e+18,332.637069078848,-0.995334010517941,22.9157,22.33143,21.87898,21.32928,20.96429,2662,301,1,100,1.0396581040223445e+19,GALAXY,0.788963,9234,58037,77
40731,1.2376634792575647e+18,330.532993518129,0.0227517787944065,23.37737,22.73058,22.15514,21.35002,21.58348,4192,301,4,159,1.03945565644388e+19,GALAXY,0.7520779,9232,58037,904
40730,1.2376634792572365e+18,329.847528851812,0.153522104382096,25.54574,23.00683,23.45327,22.71983,21.18018,4192,301,4,154,1.0394513683485315e+19,GALAXY,1.942901,9232,58037,748
70941,1.2376799982292183e+18,329.392560675106,-1.4653805578924,23.52723,24.28302,22.55306,21.76475,22.26663,8038,301,5,15,1.039440373232254e+19,GALAXY,0.8528416,9232,58037,348
25288,1.2376788810083213e+18,331.861324304308,-1.77829340661218,22.61244,22.43363,21.66409,21.27743,20.1648,7778,301,4,129,1.0396607703380417e+19,GALAXY,0.910493,9234,58037,174
38734,1.2376634792576294e+18,330.668094652429,0.0348668691560986,23.57661,22.1905,21.20876,21.00095,20.81392,4192,301,4,160,1.0396721777711798e+19,GALAXY,0.6976826,9234,58037,589
40753,1.237663479257958e+18,331.423087752175,0.147140286654274,23.03765,24.24526,22.71753,22.25131,22.11042,4192,301,4,165,1.0396765483299e+19,GALAXY,0.7991031,9234,58037,748
42070,1.2376634792591365e+18,334.132105112881,0.0104546376872763,21.60413,21.75914,21.70684,21.39177,21.80314,4192,301,4,183,1.0298793224844892e+19,QSO,1.474033,9147,58038,679
30159,1.237678881001899e+18,317.297459790256,-1.26556793550595,20.92071,20.82251,20.57573,20.5721,20.86797,7778,301,4,31,1.0289733523909925e+19,QSO,1.090707,9139,58038,488
50456,1.2376634577774185e+18,319.371317906738,0.115101509341834,23.87704,20.0357,18.51783,17.96188,17.62123,4187,301,4,78,1.0289851996287816e+19,GALAXY,0.2338608,9139,58038,919
80327,1.237663478723052e+18,335.925838334651,-0.339637812873899,22.09465,21.40946,21.17431,20.82224,20.17354,4192,301,3,195,1.0298878162118136e+19,STAR,5.905463e-05,9147,58038,988
42067,1.237663479259333e+18,334.595044070612,0.124810775308826,21.06232,20.76348,20.51021,20.38888,20.30305,4192,301,4,186,1.0298814390443729e+19,QSO,1.368136,9147,58038,756
51205,1.2376634577774185e+18,319.376209324396,0.137383215987409,22.59101,20.77646,19.3949,18.87669,18.58801,4187,301,4,78,1.0289850072142467e+19,GALAXY,0.2286001,9139,58038,912
42855,1.237663479259464e+18,334.939663962868,0.0076526197861512,21.41238,21.20789,21.01026,20.65116,20.77833,4192,301,4,188,1.0298836930432096e+19,QSO,1.604068,9147,58038,838
39286,1.2376634792598577e+18,335.730849480261,0.070131836599784,23.32018,23.90914,21.8239,20.59313,19.75315,4192,301,4,194,1.029886634236814e+19,GALAXY,0.7907565,9147,58038,945
659,1.237663478722135e+18,333.872622063729,-0.293213536956864,22.77295,24.2466,22.06902,20.49502,19.78474,4192,301,3,181,1.0298772334124e+19,GALAXY,0.704735,9147,58038,603
83709,1.2376794345199373e+18,3.35055596494568,-2.72668750645372,23.14622,22.92536,22.52224,21.78996,21.45902,7907,301,3,94,1.0520657628899858e+19,GALAXY,0.8197882,9344,58038,905
41657,1.2376794334455406e+18,1.92494578497687,-3.66111081955712,25.22806,22.44175,21.60282,20.90473,20.48177,7907,301,1,84,1.052056664431266e+19,GALAXY,0.7330422,9344,58038,574
7457,1.2376635426046615e+18,319.820308009545,-0.438920319087277,21.96157,21.7746,21.30634,21.11637,20.8275,4207,301,2,103,1.0289871237741304e+19,QSO,1.209833,9139,58038,989
79445,1.2376634787223306e+18,334.295440146841,-0.250623523051615,24.09686,22.7502,22.56462,22.40566,21.26224,4192,301,3,184,1.0298793774600706e+19,QSO,1.153498,9147,58038,681
39330,1.237663479259268e+18,334.448562349013,0.180756449681252,22.43707,24.26411,24.15461,21.7278,19.95095,4192,301,4,185,1.0298814665321632e+19,QSO,1.367903,9147,58038,757
47317,1.237663479259333e+18,334.552293911004,0.104959495939304,22.27058,21.60253,21.48222,21.41862,22.39007,4192,301,4,186,1.0298813016054192e+19,STAR,-0.0009239258,9147,58038,751
75927,1.2376790791271882e+18,2.85270211731536,-4.17471385203125,22.8217,21.79585,21.6418,20.03581,19.79963,7824,301,5,335,1.0520481707039414e+19,GALAXY,0.7462376,9344,58038,265
7340,1.237679998231774e+18,335.202334109405,-1.66478077642297,26.8715,24.51221,21.8916,20.68656,19.78515,8038,301,5,54,1.0298642041996073e+19,GALAXY,0.7434263,9147,58038,129
42008,1.237663479259464e+18,334.915357401202,0.136054975502265,20.60445,20.77776,21.41211,22.19676,26.0935,4192,301,4,188,1.0298836380676282e+19,QSO,1.958951,9147,58038,836
74070,1.2376790791272535e+18,2.99106974290994,-4.26848778305292,23.99392,22.81352,22.13668,21.04748,20.72758,7824,301,5,336,1.0520470162167325e+19,GALAXY,0.8587593,9344,58038,223
71169,1.2376790791271227e+18,2.69873701545554,-4.16192041845327,22.56408,22.67643,23.05794,21.4134,20.49615,7824,301,5,334,1.0520484455818484e+19,GALAXY,0.8223974,9344,58038,275
9624,1.237679324457534e+18,1.90070613517379,-4.01342292992933,24.39888,23.38204,22.69498,22.1592,21.59612,7881,301,6,35,1.05205287111615e+19,GALAXY,0.8924804,9344,58038,436
28495,1.237679998231184e+18,333.934765103792,-1.60124576562912,22.83644,22.16039,22.05264,22.28426,22.24704,8038,301,5,45,1.0298720931955364e+19,STAR,0.0001554573,9147,58038,416
77563,1.23765301080726e+18,317.487846822396,-1.26298903154709,22.24685,22.26662,21.92417,21.37697,21.1474,1755,301,1,92,1.0289727476596e+19,QSO,1.56748,9139,58038,466
80850,1.2376799982320358e+18,335.804694321116,-1.66102508122624,24.56645,21.37565,19.88934,19.28272,18.86936,8038,301,5,58,1.0298620326641424e+19,GALAXY,0.2959003,9147,58038,50
40426,1.237679433445606e+18,1.99163384619429,-3.5553204416007,24.14126,22.83186,21.8162,21.21325,21.07226,7907,301,1,85,1.0520564720167311e+19,GALAXY,0.6960465,9344,58038,567
42454,1.237679324457861e+18,2.66884083384795,-4.0025046911521,23.52434,24.1171,23.21187,22.16992,21.75197,7881,301,6,40,1.0520483906062668e+19,GALAXY,1.028441,9344,58038,273
89904,1.2376794345198065e+18,3.06420830065362,-2.86136958286492,23.03464,22.35213,21.49302,20.93375,20.80631,7907,301,3,92,1.052064580914986e+19,GALAXY,0.6445319,9344,58038,862
97674,1.2376794339824115e+18,1.80342748599284,-3.2889175646585,23.23121,22.90195,22.31042,21.20034,20.37046,7907,301,2,84,1.0520562521144056e+19,GALAXY,0.7921675,9344,58038,559
17818,1.2376793244575334e+18,1.92320349805161,-3.99730248069563,24.32123,22.84365,22.60443,21.17555,21.65429,7881,301,6,35,1.0520528436283597e+19,GALAXY,0.8239576,9344,58038,435
74675,1.2376790791269258e+18,2.20750591969787,-4.36357350592093,22.36212,22.40101,22.32256,21.30092,21.1572,7824,301,5,331,1.0520513867754529e+19,GALAXY,0.6995096,9344,58038,382
42633,1.237663479259267e+18,334.452831322993,0.0237533441087846,21.83755,21.99928,21.60859,21.65111,21.7459,4192,301,4,185,1.0298815489955357e+19,QSO,1.337548,9147,58038,760
40430,1.2376634792590715e+18,334.052597739262,0.18920379948922,26.99778,23.96206,21.37579,20.32909,19.44672,4192,301,4,182,1.029878003070536e+19,GALAXY,0.6573961,9147,58038,631
41337,1.2376634792596616e+18,335.319053137696,0.0465812265270595,23.56456,23.52261,22.00378,20.62924,19.71118,4192,301,4,191,1.0298857546275115e+19,QSO,6.94771,9147,58038,913
7906,1.2376799982310533e+18,333.669756296425,-1.66186054665706,25.39142,23.58908,21.79859,20.73763,20.05817,8038,301,5,43,1.0298720107321643e+19,GALAXY,0.4672965,9147,58038,413
99899,1.2376794339825423e+18,2.16909175723602,-3.32051469014019,23.60497,22.52425,21.84662,21.47772,21.25641,7907,301,2,86,1.0520584511376611e+19,GALAXY,0.874009,9344,58038,639
26493,1.23767999823138e+18,334.340946380341,-1.60839748336644,24.63465,22.67063,20.25895,20.27274,22.8269,8038,301,5,48,1.0298687121972812e+19,STAR,-3.306825e-05,9147,58038,293
42218,1.237663479259464e+18,334.945412943541,0.104430780536526,21.87563,21.65097,21.92184,21.74008,21.01901,4192,301,4,188,1.0298835281164657e+19,QSO,2.024269,9147,58038,832
76240,1.2376530108073912e+18,317.774556706316,-1.26299413473635,21.64558,21.66259,21.56875,21.08757,20.58867,1755,301,1,94,1.028970603611923e+19,QSO,2.039523,9139,58038,388
39706,1.2376634792597924e+18,335.660178316356,0.115181546792428,24.64082,23.08494,21.72674,20.7073,19.80264,4192,301,4,193,1.0298866892124e+19,GALAXY,0.5030591,9147,58038,947
73496,1.237679079127188e+18,2.86722673192145,-4.24187419906539,25.63984,23.07785,21.95432,22.68151,23.07609,7824,301,5,335,1.052048198191732e+19,GALAXY,1.020451,9344,58038,266
51740,1.2376799982310528e+18,333.616990608951,-1.62115668291154,22.95182,23.76552,21.91687,20.58392,19.86518,8038,301,5,43,1.0298732751705364e+19,GALAXY,0.6027822,9147,58038,459
25408,1.2376662092681057e+18,317.561836702704,-1.57873415124901,21.60901,21.60977,21.72009,21.53118,20.46185,4828,301,1,494,1.028972390318318e+19,QSO,0.8170304,9139,58038,453
69269,1.2376790791275151e+18,3.54609096288824,-4.26312698684174,23.45473,22.22831,22.44337,21.69864,21.26866,7824,301,5,340,1.0520425631946396e+19,GALAXY,0.7187592,9344,58038,61
40122,1.237663479259334e+18,334.635699217974,0.0877974785186311,25.86402,23.70079,22.18474,20.91262,20.04541,4192,301,4,186,1.0298825660437912e+19,GALAXY,1.015,9147,58038,797
80059,1.237663478721873e+18,333.304133160992,-0.316743915056089,23.05789,21.81322,20.97212,20.66794,20.41014,4192,301,3,177,1.0298752817792571e+19,STAR,-0.0003291018,9147,58038,532
34920,1.2376788799482107e+18,2.99765309298407,-2.99651941889605,25.07731,22.74549,22.27345,21.63616,20.70564,7778,301,2,337,1.052063673817893e+19,GALAXY,0.9891492,9344,58038,829
41090,1.237663479259399e+18,334.787053955118,0.0601577238175816,23.16813,22.50539,21.97364,21.69998,22.23582,4192,301,4,187,1.0298823736292565e+19,STAR,-8.827038e-05,9147,58038,790
80318,1.2376634787219374e+18,333.420273711475,-0.261745866640746,24.09178,21.91209,22.03245,21.67249,20.95972,4192,301,3,178,1.0298750343891409e+19,STAR,-0.001024054,9147,58038,523
46814,1.2376634792590707e+18,333.950819212493,0.0331711110171024,22.55368,22.119,21.51598,21.52786,21.4781,4192,301,4,182,1.0298781954850707e+19,QSO,0.5159935,9147,58038,638
71650,1.237679079127712e+18,3.9806179159561,-4.36344389320478,23.63351,22.25066,21.7809,21.13337,21.49525,7824,301,5,343,1.0520415186585932e+19,GALAXY,0.7966725,9344,58038,23
43287,1.2376634792588744e+18,333.603753276673,0.202810369922683,19.19498,19.09552,18.85401,18.68724,18.58626,4192,301,4,179,1.0298757765594896e+19,QSO,1.473378,9147,58038,550
41812,1.2376794334456714e+18,2.11750252525592,-3.60784086217223,22.70342,23.12232,21.68586,21.63144,22.53165,7907,301,1,86,1.0520577639428936e+19,GALAXY,1.231021,9344,58038,614
73164,1.2376790791269916e+18,2.39454961894,-4.36120164434502,22.31607,22.79926,21.83227,21.3486,21.70997,7824,301,5,332,1.0520506171173132e+19,GALAXY,0.8527921,9344,58038,354
29191,1.2376799982319045e+18,335.54979458558,-1.64454759254086,21.97143,21.81225,21.84217,22.00998,21.35688,8038,301,5,56,1.0298632971025144e+19,GALAXY,0.1070311,9147,58038,96
40473,1.2376634792590707e+18,333.964840986059,0.146498756675283,22.16777,22.14212,21.60918,21.30564,21.18392,4192,301,4,182,1.029878085533908e+19,QSO,1.50908,9147,58038,634
7106,1.2376799982320358e+18,335.795275138174,-1.6378633793868,23.36361,22.16515,20.50986,19.9716,19.53461,8038,301,5,58,1.0298620876397238e+19,GALAXY,0.3012384,9147,58038,52
41937,1.237663479259333e+18,334.524085450981,0.15339117156695,22.60848,21.63935,21.4852,21.05799,20.9865,4192,301,4,186,1.02988132909321e+19,QSO,1.877152,9147,58038,752
40928,1.2376634792597268e+18,335.424046305794,0.0147439735396005,23.21096,24.72739,22.67074,21.00611,19.93282,4192,301,4,192,1.0298855897007675e+19,QSO,6.689438,9147,58038,907
4637,1.2376635426046607e+18,319.749585138406,-0.611085116791917,18.86368,17.89995,17.60439,17.47556,17.44955,4207,301,2,103,1.028987426139828e+19,STAR,-0.0007628317,9139,58038,1000
29231,1.2376788810019643e+18,317.333589415347,-1.29181046946629,23.78089,22.53116,22.01167,20.81348,19.74146,7778,301,4,32,1.0289732699276204e+19,GALAXY,0.6710656,9139,58038,485
37138,1.237678879411536e+18,3.44458125302576,-3.54316763335567,24.8204,22.82937,22.44135,21.52877,21.11728,7778,301,1,340,1.0520663126458e+19,GALAXY,0.8245682,9344,58038,925
99518,1.2376634567043328e+18,320.801398638513,-0.817204560013643,23.77546,22.69051,21.59393,20.56833,19.74682,4187,301,2,88,1.0290756894374257e+19,GALAXY,0.469933,9140,58039,115
38582,1.2376634792612992e+18,339.120640449733,0.140579597936336,21.72084,19.71237,18.42545,17.94893,17.62419,4192,301,4,216,1.030110852147186e+19,GALAXY,0.1908641,9149,58039,910
6382,1.237663542605317e+18,321.307311934524,-0.565549526998293,22.84434,22.49409,22.39455,21.74619,22.09347,4207,301,2,113,1.0290996313031205e+19,QSO,1.967752,9140,58039,986
49350,1.2376634577773537e+18,319.207521524117,0.183358545063154,19.11069,18.94151,18.70794,18.59854,18.08536,4187,301,4,77,1.0290880864310286e+19,QSO,0.3441649,9140,58039,566
72759,1.23766378312106e+18,354.047189445327,-0.679812034600832,21.89617,21.48338,21.2472,21.13031,20.9589,4263,301,2,76,1.0309014559831382e+19,QSO,1.597519,9156,58039,1000
25030,1.237656906352231e+18,353.430213479857,-1.02709704579697,20.74115,18.7916,17.86198,17.42756,17.0936,2662,301,1,239,1.0308777615075596e+19,GALAXY,0.09191583,9156,58039,138
3,1.237663478724298e+18,338.741037753146,-0.402827574587482,22.13682,23.77656,21.61162,20.50454,19.2501,4192,301,3,214,1.030107141295442e+19,GALAXY,0.9323456,9149,58039,775
81937,1.237663478723642e+18,337.333538850074,-0.315230684740411,23.12202,21.72903,20.89422,20.60098,19.89972,4192,301,3,204,1.0299987844245248e+19,QSO,0.855181,9148,58039,929
38656,1.237663479259858e+18,335.818412108217,0.165433895527196,23.92076,23.795,21.61047,20.56099,19.87095,4192,301,4,194,1.0299882291129e+19,GALAXY,0.5287952,9148,58039,545
78466,1.237679998232101e+18,335.9490611854,-1.67341459949247,20.07799,18.24697,17.18941,16.68462,16.31697,8038,301,5,59,1.029984463285573e+19,GALAXY,0.08470868,9148,58039,408
6628,1.2376635426050552e+18,320.738015605624,-0.44420529229159,22.46416,22.65151,22.61881,22.2145,21.82285,4207,301,2,109,1.0290969100118415e+19,GALAXY,0.2814372,9140,58039,887
27888,1.2376569063522967e+18,353.692897252152,-0.950205592800491,23.06381,22.27933,21.57179,21.01792,20.85192,2662,301,1,240,1.0308766070203505e+19,QSO,0.5077053,9156,58039,96
79623,1.237663478724035e+18,338.236118270435,-0.212954970310192,24.64554,22.33184,21.85713,21.66353,21.86935,4192,301,3,210,1.0301036778338146e+19,QSO,3.135761,9149,58039,649
6522,1.2376799982330191e+18,338.181574618882,-1.67861053498555,23.09654,22.62051,21.30347,20.13239,19.45886,8038,301,5,73,1.0300959262768388e+19,GALAXY,0.5930049,9149,58039,367
80816,1.2376634787229207e+18,335.635312209982,-0.386880007168311,22.13223,21.56608,21.65523,21.3343,21.0008,4192,301,3,193,1.0299877068448748e+19,QSO,1.745378,9148,58039,526
79352,1.23766347872338e+18,336.745228884857,-0.220530668819066,23.73186,21.79016,21.43499,21.15628,21.09939,4192,301,3,200,1.0299945787925484e+19,QSO,0.4058945,9148,58039,776
37371,1.2376634792612992e+18,339.007658290741,0.117089365618104,22.08607,20.42624,19.15176,18.60195,18.19565,4192,301,4,216,1.0301099725378836e+19,GALAXY,0.2128647,9149,58039,878
55828,1.2376571909020716e+18,352.785132945633,-0.0917220244032692,22.55702,22.34569,21.90153,21.97534,21.20488,2728,301,3,365,1.0308958209860458e+19,QSO,1.13672,9156,58039,795
38320,1.2376634792599227e+18,335.898535673519,0.116302822048851,23.51965,22.22306,21.71086,21.86814,20.62127,4192,301,4,195,1.0299885864541772e+19,QSO,1.296403,9148,58039,558
6933,1.2376635426050547e+18,320.767717389152,-0.519042010121916,21.56507,21.42052,21.47016,20.9813,20.70354,4207,301,2,109,1.029097019963e+19,QSO,1.938709,9140,58039,891
55971,1.237656906352296e+18,353.615657013541,-0.874849813240823,25.11178,24.1538,22.29687,20.30304,19.48663,2662,301,1,240,1.0308766345081412e+19,GALAXY,0.4560259,9156,58039,97
38172,1.237663479260054e+18,336.1797418093,0.114703152180182,22.19144,21.38928,21.21128,20.90822,20.1422,4192,301,4,197,1.0299905655751072e+19,QSO,1.739005,9148,58039,630
29551,1.2376799982324288e+18,336.814034870543,-1.57813574454616,25.00254,22.39854,20.09875,20.55928,21.17146,8038,301,5,64,1.0299789107518527e+19,QSO,0.9480905,9148,58039,206
80465,1.2376634787235103e+18,337.002549438195,-0.312840933126625,22.20364,21.32128,21.00874,20.96709,20.92783,4192,301,3,202,1.0299967778158e+19,QSO,2.228407,9148,58039,856
72074,1.2376637831209293e+18,353.77441064393,-0.668385809223829,22.98263,21.50611,21.44208,21.51607,21.67068,4263,301,2,74,1.0309008512517427e+19,QSO,2.999779,9156,58039,978
78975,1.2376637831200773e+18,351.881619720762,-0.69164365993101,21.92772,21.86128,22.02423,21.34822,21.90199,4263,301,2,61,1.0308899111110463e+19,QSO,1.883432,9156,58039,580
78751,1.237663783124796e+18,2.58643589254889,-0.656211327379722,23.07489,22.50573,22.28688,21.64337,21.50259,4263,301,2,133,1.0585917492315838e+19,GALAXY,0.8105806,9402,58039,751
50836,1.237663457777419e+18,319.368031016147,0.130767156948848,23.46114,20.54165,19.16148,18.63428,18.33674,4187,301,4,78,1.029088223869982e+19,GALAXY,0.2327553,9140,58039,571
4686,1.237663542604858e+18,320.281385990772,-0.479839344582703,20.92505,20.73211,20.7558,20.44299,20.28988,4207,301,2,106,1.029095343207772e+19,QSO,1.759017,9140,58039,830
7017,1.237663542605186e+18,321.039939976826,-0.625439819917538,22.01867,21.64524,21.47909,21.2438,21.04481,4207,301,2,111,1.0290983118891667e+19,QSO,0.8951199,9140,58039,938
7776,1.2376637841945403e+18,353.439749684938,0.0379930852161555,24.61634,23.9858,22.22293,20.75506,19.92061,4263,301,4,72,1.0308987346918597e+19,GALAXY,0.6510215,9156,58039,901
77803,1.2376637831200773e+18,351.815735850878,-0.689432499420988,22.21134,22.20021,22.10647,21.89967,21.81526,4263,301,2,61,1.030889883623256e+19,QSO,2.066793,9156,58039,579
29793,1.2376634626082086e+18,352.879469971373,0.64724387425958,24.31421,22.17753,20.67253,20.11166,19.62196,4188,301,5,62,1.0308965631563944e+19,GALAXY,0.2968279,9156,58039,822
77804,1.237663783120601e+18,353.004035581529,-0.725425742893716,21.34947,21.26798,21.04874,20.60916,20.52825,4263,301,2,69,1.0308964257174411e+19,QSO,1.874479,9156,58039,817
36478,1.237663479261234e+18,338.897066410555,0.169490945379907,24.84473,24.40193,21.59244,20.5119,19.75661,4192,301,4,215,1.030108405733814e+19,GALAXY,0.8775791,9149,58039,821
37519,1.237663479261234e+18,338.999962414627,0.15889785615486,23.25478,21.30639,19.83464,19.25656,18.86956,4192,301,4,215,1.0301098625867209e+19,GALAXY,0.3293281,9149,58039,874
7865,1.2376799982336092e+18,339.44394569378,-1.74519191701933,23.55529,24.81802,21.9493,20.78424,19.78434,8038,301,5,82,1.0300871301838166e+19,GALAXY,0.8318427,9149,58039,47
78310,1.2376637831198807e+18,351.37236851018,-0.785841809882104,24.23743,21.87431,21.57737,21.1498,20.806,4263,301,2,58,1.0308882618436e+19,QSO,2.254785,9156,58039,520
38899,1.2376634792612992e+18,339.027498404954,0.139522381863377,24.80738,20.64805,19.21464,18.63833,18.40158,4192,301,4,216,1.0301099175623e+19,GALAXY,0.2544551,9149,58039,876
54238,1.2376799982321672e+18,336.197223213789,-1.68670209448409,23.31382,23.00444,21.61243,20.48487,19.78729,8038,301,5,60,1.029982291750108e+19,GALAXY,0.6171242,9148,58039,329
79351,1.2376634787231828e+18,336.22821603226,-0.314511418241213,22.55654,21.8239,21.53921,21.65792,21.30009,4192,301,3,197,1.029991115330921e+19,STAR,0.0001222081,9148,58039,650
42169,1.2376634792609065e+18,338.223217539899,0.198727512711795,23.57146,22.29927,21.74007,21.55908,21.0481,4192,301,4,210,1.0301032380291635e+19,GALAXY,0.484066,9149,58039,633
7704,1.2376635426046615e+18,319.822104947462,-0.531592173419001,21.22467,21.33834,20.85523,20.74999,20.82868,4207,301,2,103,1.0290922095996328e+19,QSO,1.212039,9140,58039,716
18685,1.2376634626081423e+18,352.712106681455,0.658693121625457,21.99923,21.2854,20.4712,20.15553,20.02448,4188,301,5,61,1.0308944740843e+19,QSO,1.149155,9156,58039,746
45588,1.237663479260185e+18,336.59117892542,0.0414672010161271,21.35394,21.03048,20.76526,20.73318,20.89696,4192,301,4,199,1.0299940290367349e+19,QSO,1.210556,9148,58039,756
28648,1.237678881022018e+18,3.26337709961358,-2.23232012161074,23.15285,22.40498,21.8504,20.94861,20.60737,7778,301,4,338,1.0585736897531e+19,GALAXY,0.9204831,9402,58039,94
80659,1.2376634787241009e+18,338.317014519486,-0.379726014836498,25.74044,22.11803,21.19496,20.72423,20.2649,4192,301,3,211,1.0301047498576515e+19,QSO,0.901769,9149,58039,688
36430,1.2376634792612992e+18,339.120498226229,0.175193827997278,22.6429,20.60951,19.40684,18.84653,18.55257,4192,301,4,216,1.0301109071227673e+19,GALAXY,0.2081607,9149,58039,912
8482,1.2376799982321674e+18,336.187624140633,-1.76146685830211,24.99605,24.09691,21.97331,20.69729,19.91768,8038,301,5,60,1.0299821817989452e+19,GALAXY,0.7190769,9148,58039,325
38799,1.2376634792610376e+18,338.462838476702,0.0585236870451805,25.06778,24.10997,21.9008,20.69166,19.9459,4192,301,4,212,1.030105492028e+19,GALAXY,0.786728,9149,58039,715
54236,1.237679998232101e+18,335.989280508309,-1.59536560145406,20.03906,18.35474,17.3933,16.93778,16.61801,8038,301,5,59,1.0299835836762708e+19,GALAXY,0.09510818,9148,58039,376
8548,1.2376799982320358e+18,335.80384009057,-1.6926186412908,24.21689,22.16285,20.38907,19.89009,19.28361,8038,301,5,58,1.0299855902849917e+19,GALAXY,0.2939371,9148,58039,449
56713,1.237653010823119e+18,353.76235043512,-1.27459812713148,21.89906,21.85997,21.94805,21.48794,20.53178,1755,301,1,334,1.0308757823866296e+19,QSO,2.091262,9156,58039,66
7530,1.2376799982320356e+18,335.875225698359,-1.69717750806666,21.70121,19.92301,18.86967,18.35371,17.97244,8038,301,5,58,1.029984545748945e+19,GALAXY,0.08884564,9148,58039,411
38094,1.2376634792612987e+18,339.068067182396,0.162086374786341,23.94365,21.50734,20.02777,19.49313,19.19631,4192,301,4,216,1.0301096426844e+19,GALAXY,0.2478556,9149,58039,866
43352,1.2376634792610376e+18,338.540885174062,0.0409364950474905,22.53198,22.01143,22.06254,21.63122,21.90107,4192,301,4,212,1.030106344149512e+19,QSO,1.816172,9149,58039,746
54918,1.237653010808374e+18,320.023146709044,-1.25951031203513,21.65545,21.86938,21.56249,21.08663,20.88115,1755,301,1,109,1.029079867581611e+19,QSO,1.648493,9140,58039,267
74769,1.2376634577773548e+18,319.222032979378,0.149904993562696,24.81287,23.95241,22.1354,20.89255,20.02694,4187,301,4,77,1.0290881688944e+19,GALAXY,0.7824459,9140,58039,569
7388,1.2376799982328883e+18,337.813751540954,-1.64198401740175,24.87984,23.90326,21.86326,20.7219,19.79606,8038,301,5,71,1.0299745951687135e+19,GALAXY,0.6863332,9148,58039,49
79695,1.2376634787236424e+18,337.307485008982,-0.297007678407168,23.82561,24.03077,22.53695,20.68725,19.26611,4192,301,3,204,1.0299975749617342e+19,STAR,-1.222174e-05,9148,58039,885
7482,1.2376799982320358e+18,335.797501869026,-1.62107048907185,23.86066,21.82545,20.24057,19.58227,19.12574,8038,301,5,58,1.0299858376751075e+19,GALAXY,0.2981004,9148,58039,458
5184,1.2376635426052516e+18,321.227450374693,-0.473012455650506,21.2091,21.22735,20.96717,20.72058,20.62854,4207,301,2,112,1.0290993289374226e+19,QSO,1.777581,9140,58039,975
16833,1.2376637825836652e+18,352.896084609379,-1.25973498071774,23.42906,22.74504,21.32646,20.03516,19.32557,4263,301,1,68,1.0308800979697689e+19,GALAXY,0.7767978,9156,58039,223
40959,1.2376634792611686e+18,338.7831357262,0.017557501153349,25.35495,23.51616,22.14241,20.62422,19.80397,4192,301,4,214,1.0301088455384652e+19,STAR,-3.181879e-05,9149,58039,837
42362,1.2376637836616013e+18,2.51103802085873,-0.327219772566433,24.65245,23.53391,22.43094,22.23507,20.76109,4263,301,3,132,1.0585917217437932e+19,GALAXY,1.146773,9402,58039,750
75498,1.2376637831209943e+18,353.965834602385,-0.642285872509994,22.12381,21.19407,21.09132,21.15329,20.89742,4263,301,2,75,1.0309013460319754e+19,QSO,2.729994,9156,58039,996
27656,1.2376799982397033e+18,353.413842980262,-1.94069255947275,20.79833,20.72376,20.60364,20.54867,20.30182,8038,301,5,175,1.030876826922676e+19,QSO,1.886967,9156,58039,104
62941,1.237657190906594e+18,3.19228456438134,-0.0020106754946143,23.48167,24.51083,23.23674,22.86378,21.91053,2728,301,3,434,1.0585959273757692e+19,GALAXY,0.9086213,9402,58039,903
5911,1.2376635426053169e+18,321.273131011417,-0.607219378066007,21.20727,21.00056,21.14682,20.90452,20.87094,4207,301,2,113,1.0290994114007947e+19,QSO,1.710504,9140,58039,978
52343,1.2376571909065275e+18,3.05870420585785,-0.152593935690971,17.85204,16.9727,16.64778,16.51674,16.46523,2728,301,3,433,1.0585948278641416e+19,STAR,-5.595383e-05,9402,58039,863
48134,1.2376634792609715e+18,338.297650468756,0.0369567183514029,23.03592,22.59053,22.40314,22.44384,22.20068,4192,301,4,211,1.0301044200041632e+19,QSO,1.836622,9149,58039,676
73541,1.2376637831204047e+18,352.656394777346,-0.830035713371577,21.58713,21.26343,21.1101,21.07618,20.77725,4263,301,2,66,1.0308816372860475e+19,QSO,1.370104,9156,58039,279
13951,1.237663783124993e+18,3.00864086036665,-0.64672199777797,22.59273,23.25544,22.43325,21.77222,21.20625,4263,301,2,136,1.0585952951565834e+19,GALAXY,0.7592509,9402,58039,880
42385,1.237663479260185e+18,336.55801603559,0.0088033877331093,22.05111,21.78202,21.32859,20.69798,20.61375,4192,301,4,199,1.029993919085572e+19,QSO,1.793929,9148,58039,752
77543,1.2376637831207327e+18,353.344807433286,-0.813664501805737,26.39841,23.43528,21.94365,20.59639,19.92923,4263,301,2,71,1.030898679716278e+19,GALAXY,0.6314155,9156,58039,899
40431,1.2376634792612987e+18,339.035146402672,0.188671921397863,22.93823,20.54809,19.24539,18.68828,18.34275,4192,301,4,216,1.0301098076111397e+19,GALAXY,0.1808497,9149,58039,872
48277,1.237663479261234e+18,338.966922728253,0.197835563950915,23.07886,23.37484,21.78616,20.52871,19.86413,4192,301,4,215,1.0301098900745116e+19,GALAXY,0.5566224,9149,58039,875
54504,1.2376571909019405e+18,352.485550242452,-0.158670389645184,21.18365,20.97397,20.66723,20.61979,20.87475,2728,301,3,363,1.0308937594017436e+19,QSO,1.026245,9156,58039,720
81072,1.2376634787237071e+18,337.500703767129,-0.289178763353964,21.46758,21.41939,20.95659,21.20133,21.14801,4192,301,3,205,1.0299986469855711e+19,QSO,1.174197,9148,58039,924
79214,1.2376799982319703e+18,335.750803928347,-1.68688254608244,23.65557,21.23026,19.67368,19.09806,18.63566,8038,301,5,57,1.0299856727483636e+19,GALAXY,0.2638094,9148,58039,452
43640,1.2376634792605775e+18,337.366091160565,0.105090196126397,24.06137,21.51291,21.22785,21.12743,21.48909,4192,301,4,205,1.0299982621565e+19,QSO,1.457828,9148,58039,910
59966,1.2376571909025303e+18,353.922286033382,-0.014478886617172,22.22238,21.55354,21.17388,20.81808,20.63962,2728,301,3,372,1.030899861691278e+19,QSO,0.7658498,9156,58039,942
51284,1.2376634577774185e+18,319.367834109812,0.108744859913442,23.40459,20.45651,18.97715,18.37703,17.98843,4187,301,4,78,1.029088306333354e+19,GALAXY,0.2323471,9140,58039,574
85968,1.2376637831199465e+18,351.61081302183,-0.636973311406965,23.1039,22.50208,22.46261,22.14795,22.16313,4263,301,2,59,1.030888729136047e+19,QSO,1.723226,9156,58039,537
12180,1.2376785975374648e+18,323.141049024491,2.12376231961793,20.28036,20.09238,20.09481,19.89362,20.00339,7712,301,4,83,1.0315761163196193e+19,QSO,1.744077,9162,58040,968
9923,1.237678597537465e+18,323.159047304,2.08402869524676,21.32576,21.24895,20.90887,20.90281,20.95778,7712,301,4,83,1.0315761712952e+19,QSO,1.421212,9162,58040,970
47184,1.2376785975366136e+18,321.193865906511,2.04684340179955,22.55106,21.89272,21.48784,20.95405,20.85565,7712,301,4,70,1.031565615983574e+19,QSO,1.65816,9162,58040,586
2105,1.2376634588522094e+18,321.737113816252,0.886119915380343,21.9834,21.71954,21.2667,21.57893,20.8588,4187,301,6,94,1.031558689060319e+19,GALAXY,0.3386294,9162,58040,334
51947,1.2376786200853225e+18,321.478014766635,2.70367474543606,21.74739,21.02515,20.34429,20.06534,19.81108,7717,301,6,72,1.0315660557882251e+19,QSO,0.6601924,9162,58040,602
44872,1.2376785975368095e+18,321.526627867787,2.12955424176018,21.60484,21.60692,21.21115,21.19559,20.95471,7712,301,4,73,1.031567677567876e+19,QSO,0.9784373,9162,58040,661
10523,1.237678597537465e+18,323.147707071716,2.26919521438044,22.18138,20.87995,19.84939,19.16817,18.75708,7712,301,4,83,1.0315758964172935e+19,QSO,1.479447,9162,58040,960
60410,1.237678618474447e+18,320.884885949846,1.47825463166821,25.57702,23.0538,21.69507,20.27274,19.61579,7717,301,3,68,1.0315639392283417e+19,STAR,-2.50129e-05,9162,58040,525
53888,1.237678597537007e+18,322.103974492494,2.19247833451587,26.3863,23.17257,21.6398,20.5806,19.79788,7712,301,4,76,1.031570921127178e+19,STAR,0.0001567618,9162,58040,779
41704,1.2376785980742047e+18,322.775401649116,2.61466673671916,20.71577,20.24421,20.09392,20.02073,19.46243,7712,301,5,81,1.0315743021254334e+19,QSO,0.7437676,9162,58040,902
13758,1.237678596463e+18,321.47826881356,1.32597786133313,20.54521,20.39145,20.14557,20.14944,20.12398,7712,301,2,72,1.0315603383277609e+19,QSO,0.988546,9162,58040,394
29014,1.2376786184746437e+18,321.378068634328,1.39941897614484,21.97889,21.79979,21.66019,21.57129,20.96051,7717,301,3,71,1.0315604207911328e+19,QSO,1.26342,9162,58040,397
35987,1.237678597536613e+18,321.128282896119,2.04610611610838,21.75907,21.87728,21.96635,21.47951,21.565,7712,301,4,70,1.0315655884957831e+19,GALAXY,0.9047058,9162,58040,585
47854,1.237678619011975e+18,322.376468941996,1.91203245971985,24.0955,25.21138,22.62778,21.03576,19.84338,7717,301,4,78,1.0315733950283403e+19,STAR,-0.0001471376,9162,58040,869
11389,1.2376785975373998e+18,323.011583843829,2.22258570474744,22.70283,21.32393,20.28729,19.58969,19.4106,7712,301,4,82,1.0315759513928751e+19,QSO,0.576104,9162,58040,962
20011,1.2376785975369403e+18,321.883021497451,2.17195785058161,19.07548,18.153,17.89934,17.79594,17.78303,7712,301,4,75,1.0315703163957828e+19,STAR,-0.0009032724,9162,58040,757
3875,1.237663458852537e+18,322.523834107597,0.939087058928104,22.05755,21.60273,21.04128,20.76926,20.47811,4187,301,6,99,1.0315533014533427e+19,QSO,0.8832557,9162,58040,138
71748,1.2376785975368748e+18,321.751474466678,2.16973151290388,21.49107,23.67743,21.54461,21.03017,19.41244,7712,301,4,74,1.0315687221039225e+19,GALAXY,0.287515,9162,58040,699
2438,1.2376634588518164e+18,320.813318874777,0.874282309738168,26.44616,25.87279,22.22872,20.93166,19.90493,4187,301,6,88,1.0315627297655511e+19,QSO,1.076561,9162,58040,481
71159,1.2376786195483855e+18,321.287606734593,2.35583147563879,25.98729,24.06117,21.72719,20.33255,19.54082,7717,301,5,71,1.0315661932271784e+19,GALAXY,0.6996058,9162,58040,607
20619,1.2376785975364813e+18,320.806075706353,2.14145972496984,20.7676,22.36055,20.74468,20.99757,20.43773,7712,301,4,68,1.0315645164719462e+19,QSO,1.267692,9162,58040,546
21459,1.2376785975368092e+18,321.649375227922,2.09637478437381,21.25759,20.10503,20.81921,20.29224,19.06567,7712,301,4,73,1.0315688045672944e+19,GALAXY,0.2199429,9162,58040,702
53382,1.2376785980736143e+18,321.494305587485,2.61591119568036,18.40093,17.43574,17.01281,16.82007,16.73215,7712,301,5,72,1.0315671278120622e+19,STAR,-0.000134236,9162,58040,641
52732,1.2376785980734835e+18,321.095572195385,2.55314680223851,20.12811,19.85169,19.96024,19.6762,19.68049,7712,301,5,70,1.0315650112521787e+19,QSO,1.806041,9162,58040,564
3048,1.2376683534997263e+18,258.768826324492,41.1755009253996,21.45792,21.18425,21.35112,20.98842,20.99481,5327,301,3,24,9.620877236162023e+18,QSO,1.942816,8545,58041,227
42318,1.2376664084360074e+18,345.304371888289,0.355351409059237,23.6107,22.51025,21.97473,21.39392,21.63765,4874,301,4,323,1.030449611683059e+19,QSO,0.5178158,9152,58041,946
42638,1.2376634792580884e+18,331.74031455454,0.0663764184157956,22.49697,22.66931,22.18475,21.99514,22.37156,4192,301,4,167,1.0296620315040831e+19,QSO,1.250031,9145,58041,966
4010,1.2376786179559265e+18,2.75750346623965,1.75600194655389,23.45271,22.65672,21.83967,21.56442,21.34142,7717,301,2,348,1.0591554688465e+19,GALAXY,0.7975313,9407,58041,779
40428,1.2376634792573678e+18,330.049018656512,0.147245073726907,23.74675,24.44149,22.04329,20.70267,19.983,4192,301,4,156,1.0296539226058283e+19,GALAXY,0.5904362,9145,58041,671
34404,1.2376799982296115e+18,330.332958789345,-1.57880239766101,24.7318,23.0686,21.65546,20.39528,19.62752,8038,301,5,21,1.0296436421721084e+19,GALAXY,0.7504078,9145,58041,297
63108,1.2376664078992015e+18,345.446538335664,-0.172338173650299,24.53802,22.55247,22.3493,22.54877,22.42269,4874,301,3,324,1.0304501614388728e+19,QSO,2.745762,9152,58041,966
37110,1.2376634792638548e+18,344.841969334921,0.184535255065432,22.16549,20.02843,18.66171,18.14648,17.85423,4192,301,4,255,1.0304464230993383e+19,GALAXY,0.2265148,9152,58041,830
1769,1.2376785959445468e+18,3.57065302164398,1.5679099690065,23.5428,22.44202,21.85918,21.44137,21.44441,7712,301,1,353,1.0591371619779e+19,QSO,2.117136,9407,58041,113
59865,1.237668354573665e+18,259.946551148022,41.1527797041421,22.55119,22.30294,21.93877,22.2903,23.08056,5327,301,5,27,9.620816763022496e+18,GALAXY,1.555083,8545,58041,7
30658,1.2376655827217948e+18,258.154848040523,40.7999108717589,21.54665,20.70601,20.38141,20.25617,20.17279,4682,301,2,220,9.620918742725974e+18,STAR,-0.0005923235,8545,58041,378
43354,1.237663479263461e+18,343.943835807606,0.0596330463027192,21.96492,21.49316,21.67754,21.36688,21.58374,4192,301,4,249,1.0304398810051533e+19,GALAXY,0.04711819,9152,58041,592
81616,1.2376634787266565e+18,344.144808761501,-0.345368226116656,23.0863,21.86635,21.50097,21.5538,21.18473,4192,301,3,250,1.0304404857365484e+19,QSO,3.077082,9152,58041,614
37837,1.237665582721795e+18,258.122844464877,40.6779467626698,23.23615,22.17853,21.30956,20.59949,20.00922,4682,301,2,220,9.620914344679465e+18,GALAXY,0.673888,8545,58041,362
26775,1.2376799982298734e+18,330.947119180442,-1.59800700702525,22.67549,22.31701,21.92843,22.28946,22.37509,8038,301,5,25,1.029640371125016e+19,STAR,-0.001025193,9145,58041,178
53002,1.2376799982292175e+18,329.482241435427,-1.5220555891043,25.73272,23.9723,21.89155,20.6911,19.94374,8038,301,5,15,1.0296478752918755e+19,GALAXY,0.6867592,9145,58041,451
59878,1.2376683540367288e+18,259.379019173705,41.0581030714501,22.09115,21.59739,20.90043,20.76225,20.74537,5327,301,4,26,9.62082638374924e+18,GALAXY,0.5351176,8545,58041,42
38416,1.237663479263855e+18,344.840530243703,0.0045641073371089,22.40587,22.36969,22.23047,21.68121,21.96369,4192,301,4,255,1.030446643001664e+19,GALAXY,1.041692,9152,58041,838
44166,1.237663479263462e+18,344.060769160775,0.198499991218465,22.7729,21.45015,21.0883,20.84963,20.7128,4192,301,4,249,1.0304396885906184e+19,GALAXY,0.6309077,9152,58041,585
44695,1.2376634792639204e+18,345.064184010374,0.0916808502785247,21.77921,22.05324,21.57625,21.447,21.44357,4192,301,4,256,1.0304487870493385e+19,QSO,1.347307,9152,58041,916
37239,1.2376634792635277e+18,344.196435201154,0.115034984516919,23.06148,21.26201,19.78166,19.24726,18.94002,4192,301,4,250,1.0304409255412e+19,GALAXY,0.2231891,9152,58041,630
6867,1.2376785959438917e+18,2.11600948701846,1.53270924157621,24.18053,23.08871,23.32628,22.02684,21.54476,7712,301,1,343,1.059144941022664e+19,GALAXY,0.9265026,9407,58041,396
78745,1.2376785964815488e+18,3.84226596649017,2.01717669175146,22.96071,22.28378,22.04087,21.79613,21.30871,7712,301,2,355,1.0591609114290575e+19,GALAXY,0.8387125,9407,58041,977
53322,1.237653010819318e+18,344.996669272928,-1.27648021227342,21.46506,20.99074,20.64415,20.78022,20.28738,1755,301,1,276,1.0304285010598056e+19,QSO,2.507292,9152,58041,178
45455,1.237663479257564e+18,330.50522976255,0.0138415643747966,21.0845,20.83904,20.72037,20.46054,19.93566,4192,301,4,159,1.0296560941412932e+19,QSO,0.7311744,9145,58041,750
59974,1.2376683540362043e+18,258.927887233137,42.2459386295686,22.25059,22.15243,21.91589,21.84671,20.88146,5327,301,4,18,9.62105398265619e+18,GALAXY,1.148171,8545,58041,870
90901,1.237668354035942e+18,258.445141945817,42.8302225899134,22.22065,21.77044,22.10415,22.04047,22.08015,5327,301,4,14,9.621021547063171e+18,GALAXY,0.09341053,8545,58041,752
54148,1.2376530108195146e+18,345.427764467958,-1.27819693585086,21.09315,21.00107,20.92595,20.61412,20.4273,1755,301,1,279,1.0304253124760852e+19,QSO,1.799382,9152,58041,62
79811,1.2376799982296763e+18,330.414272447583,-1.55076432778949,22.75016,22.90133,21.70035,20.59143,19.87661,8038,301,5,22,1.0296422128069925e+19,GALAXY,0.5985408,9145,58041,245
40200,1.2376634792634624e+18,344.082401347422,0.0156559752596853,25.58055,23.36091,21.88763,20.58199,19.91409,4192,301,4,249,1.030439908492944e+19,GALAXY,0.8098668,9152,58041,593
43044,1.2376634792576945e+18,330.883523697761,0.0366810759941207,22.78074,22.05474,21.75925,21.61147,21.88801,4192,301,4,161,1.02965834814013e+19,GALAXY,1.967939,9145,58041,832
53387,1.237653010819777e+18,346.047923833657,-1.27807196899414,20.15108,19.99904,19.83616,19.63318,19.65702,1755,301,1,283,1.0304236906964345e+19,QSO,1.497857,9152,58041,3
42066,1.237663479258023e+18,331.653895361836,0.0207338633216667,22.26244,21.89155,21.61894,21.46069,21.7571,4192,301,4,166,1.0296620589918738e+19,QSO,6.545176,9145,58041,967
38739,1.2376634792637893e+18,344.824837437646,0.159412652752021,23.76439,20.74308,19.28749,18.78776,18.41689,4192,301,4,254,1.0304466155138734e+19,GALAXY,0.257325,9152,58041,837
78151,1.2376530108196457e+18,345.717302563507,-1.27529558950613,21.91276,22.40335,21.91204,22.22449,22.41233,1755,301,1,281,1.0304241854766668e+19,GALAXY,1.478484,9152,58041,21
59745,1.2376683540361388e+18,258.81855563141,42.3445772142337,21.47842,21.57549,21.57063,21.24492,20.62481,5327,301,4,17,9.621041338272471e+18,QSO,1.580098,8545,58041,824
40432,1.237663479263855e+18,344.879195868037,0.160973088689584,23.4342,24.03352,21.76364,20.67531,19.87726,4192,301,4,255,1.030446560538292e+19,GALAXY,0.8730902,9152,58041,835
31553,1.237665582721926e+18,258.352733837581,40.5300495259574,25.15328,22.76418,21.89588,20.80703,19.44711,4682,301,2,222,9.620903074685278e+18,STAR,-0.0001390616,8545,58041,321
45919,1.2376634792576952e+18,330.896073535407,0.201295435530295,23.19625,22.63889,21.81108,21.69943,21.48565,4192,301,4,161,1.0296582931645487e+19,QSO,1.515069,9145,58041,830
37673,1.2376634792637898e+18,344.741727200357,0.0365469012367343,25.35266,22.64261,21.22101,20.19854,19.42821,4192,301,4,254,1.0304451861487573e+19,GALAXY,0.6828793,9152,58041,785
92070,1.2376683540358108e+18,258.341678982824,43.0218090877855,21.91488,21.8091,21.91313,21.69826,21.93087,5327,301,4,12,9.621020447551543e+18,QSO,2.015633,8545,58041,748
39456,1.2376634792636582e+18,344.432319330722,0.17073765145034,22.46394,20.57464,19.07287,18.4604,18.01933,4192,301,4,252,1.030442052540618e+19,GALAXY,0.2721699,9152,58041,671
36289,1.237668354036074e+18,258.763501945168,42.5285275203855,27.3663,24.58366,21.84266,20.35045,19.41705,5327,301,4,16,9.621038864371309e+18,GALAXY,0.7511951,8545,58041,815
59305,1.237668354036794e+18,259.400766478648,41.0062340000025,24.84542,20.79504,19.65479,19.10576,18.81345,5327,301,4,27,9.620841502034125e+18,STAR,-0.0001119412,8545,58041,97
32911,1.2376655709087345e+18,257.413821842194,40.613600336049,23.16542,21.93918,21.36336,21.27016,20.85012,4679,301,4,191,9.620925064917832e+18,STAR,-0.0009378451,8545,58041,401
45590,1.2376634792576287e+18,330.723943618608,0.110957091289426,22.55906,18.81709,17.88687,19.46558,17.30994,4192,301,4,160,1.0296572211407116e+19,STAR,-0.0001998483,9145,58041,791
37040,1.2376634792573012e+18,329.954208027805,0.167964706165906,18.46167,18.24839,17.85327,17.69032,17.36323,4192,301,4,155,1.029652685655247e+19,QSO,0.2709907,9145,58041,626
28534,1.237665582721926e+18,258.276091543763,40.5527745483765,21.56047,21.62441,21.76612,21.31137,21.17276,4682,301,2,222,9.620919292481788e+18,QSO,1.887894,8545,58041,380
38406,1.2376655714456044e+18,257.810260600598,40.8214779852157,18.63343,17.56832,17.4065,17.29972,17.25547,4679,301,5,191,9.620927263941087e+18,STAR,-0.0006359192,8545,58041,409
69105,1.237679998229677e+18,330.445000979006,-1.56401373504211,26.15958,22.71769,21.77083,20.56746,19.82697,8038,301,5,22,1.029642267782574e+19,GALAXY,0.5963261,9145,58041,247
40819,1.237663479263462e+18,344.085270654701,0.0879164825584896,23.00606,22.60391,22.49553,22.06196,22.05981,4192,301,4,249,1.030439826029572e+19,QSO,2.129025,9152,58041,590
37637,1.237663479257367e+18,330.071398860619,0.0522082914989582,19.59186,19.35428,19.12868,18.97906,18.43607,4192,301,4,156,1.0296539500936188e+19,QSO,0.3733366,9145,58041,672
43822,1.2376634792637898e+18,344.804950576494,0.03562781504263,22.76947,21.69233,21.40556,21.31766,21.47185,4192,301,4,254,1.0304466704894548e+19,GALAXY,0.9785782,9152,58041,839
121,1.23766347872646e+18,343.76256831699,-0.296242797894369,22.65379,22.52258,21.95554,21.85023,21.03508,4192,301,3,247,1.0304391113470138e+19,QSO,1.166883,9152,58041,564
27204,1.237668354036008e+18,258.630620093398,42.6728942215751,24.33584,23.85212,22.05364,20.70854,19.73913,5327,301,4,15,9.62102786925503e+18,GALAXY,0.7239687,8545,58041,775
3482,1.23766835349894e+18,257.770576278816,42.8178662727679,23.10994,21.7325,21.90429,21.91607,21.166,5327,301,3,12,9.620984163667829e+18,QSO,2.269741,8545,58041,616
38588,1.2376634792637896e+18,344.716615469097,0.173055844775483,23.56967,21.65652,20.16887,19.52341,19.27572,4192,301,4,254,1.0304452686121292e+19,GALAXY,0.224013,9152,58041,788
41092,1.2376634792635272e+18,344.124847432496,0.0287028779738885,21.98773,22.0085,21.86745,21.88218,22.58657,4192,301,4,250,1.0304397985417812e+19,QSO,2.145262,9152,58041,589
45988,1.2376634792635272e+18,344.23474823247,0.157946234299998,22.09192,21.81097,21.58156,21.34106,21.33105,4192,301,4,250,1.030440705638874e+19,QSO,1.546025,9152,58041,622
97076,1.2376788810327657e+18,27.6986335168803,-1.95757001059619,25.24371,22.56642,21.87347,21.36137,21.89545,7778,301,4,502,1.049922210002766e+19,GALAXY,1.026147,9325,58042,747
74195,1.2376792552054456e+18,27.7455485442517,-3.80414826817823,23.57052,23.53393,23.07736,22.07018,21.84958,7865,301,5,100,1.0499077789126517e+19,GALAXY,0.671484,9325,58042,222
4701,1.237663782589236e+18,5.68216542704095,-1.18335911733867,22.92485,21.52222,21.2537,20.1864,19.62996,4263,301,1,153,1.0523963310675876e+19,GALAXY,0.8074379,9347,58042,643
45397,1.2376634792584814e+18,332.604525343507,0.000705465068921,22.51904,21.91901,21.64934,21.73103,20.90785,4192,301,4,173,1.0297699210842364e+19,QSO,2.262526,9146,58042,795
41006,1.2376634792588744e+18,333.524568214207,0.107753708076766,21.9966,21.67612,21.05901,20.54749,20.14536,4192,301,4,179,1.0297743741063289e+19,GALAXY,0.6825168,9146,58042,957
30374,1.2376788810228042e+18,4.92900579798743,-2.19453575461258,22.82911,22.08568,21.19044,21.36862,20.40241,7778,301,4,350,1.0523921804111927e+19,GALAXY,0.7584368,9347,58042,492
74196,1.237679255205315e+18,27.5255080105431,-3.84729601124837,22.76515,22.31674,21.81369,21.08066,20.85163,7865,301,5,98,1.0499098954725347e+19,GALAXY,0.1567702,9325,58042,299
40589,1.2376634792580887e+18,331.764352018021,0.122757104910036,24.92535,23.88286,21.66271,20.45616,19.67045,4192,301,4,167,1.0297634339656323e+19,GALAXY,0.7791229,9146,58042,559
47985,1.2376788895956344e+18,28.1195354688575,-2.17362370287076,22.34667,21.83823,21.36283,20.77395,22.10857,7780,301,4,89,1.0499253436109052e+19,GALAXY,0.8073215,9325,58042,861
98504,1.2376788810328312e+18,27.8789915519993,-2.02780459598905,24.97556,22.53304,22.13263,21.44003,20.57042,7778,301,4,503,1.0499234194655564e+19,GALAXY,0.6661649,9325,58042,791
73587,1.2376805028975752e+18,347.219346742578,32.6775890569414,23.6175,23.69387,22.16824,20.73702,19.93512,8156,301,1,163,8.741715435190508e+18,GALAXY,0.7398357,7764,58042,831
25918,1.2376569063427287e+18,331.849203267813,-0.963931295211301,26.06062,23.79598,21.75758,20.53961,19.77957,2662,301,1,94,1.029759970504005e+19,GALAXY,0.6731212,9146,58042,433
67822,1.2376792552057736e+18,28.4744535439088,-3.91457394379647,24.20162,22.48744,22.47571,21.81406,22.47083,7865,301,5,105,1.049904315451024e+19,GALAXY,0.7794667,9325,58042,96
72474,1.2376805028977715e+18,347.753268053444,32.8524932221544,23.97516,22.73566,21.71842,20.69466,19.77177,8156,301,1,166,8.741736325911435e+18,GALAXY,0.7673055,7764,58042,907
33305,1.2376637825894318e+18,6.00199445086816,-1.05667317127509,22.96054,23.46588,22.56187,21.76427,21.54527,4263,301,1,156,1.052398447627471e+19,GALAXY,0.7761993,9347,58042,720
24949,1.2376788810239188e+18,7.58296955389902,-2.1380955406574,23.42744,22.37514,22.19915,21.45102,21.52321,7778,301,4,367,1.0523796184908452e+19,GALAXY,0.7487232,9347,58042,35
99485,1.237678881033028e+18,28.3873058703263,-1.99602045385036,22.76851,22.02029,21.36613,20.59146,20.11452,7778,301,4,506,1.0499264706103237e+19,QSO,0.6217393,9325,58042,902
40832,1.237678889595962e+18,28.7789810954072,-2.16060858184318,23.13745,22.0673,21.42517,21.20338,20.20764,7780,301,4,94,1.0499280099266e+19,GALAXY,1.280291,9325,58042,958
80815,1.237663478722e+18,333.480828312698,-0.361371332746321,21.79681,21.67661,21.40158,21.48338,20.78913,4192,301,3,179,1.0297747864231893e+19,QSO,2.032305,9146,58042,972
76505,1.2376792552052495e+18,27.3499192138209,-3.93921133586023,22.88774,22.31422,21.86174,21.15739,20.89566,7865,301,5,97,1.0499119845446275e+19,GALAXY,0.721141,9325,58042,375
80648,1.237663478721938e+18,333.330908220539,-0.386769435565346,22.14706,21.81879,21.82417,21.37062,21.30842,4192,301,3,178,1.0297737968627243e+19,QSO,1.911506,9146,58042,936
55754,1.2376805071852012e+18,348.027800549593,32.6595618795271,19.91654,18.96357,20.31865,20.13867,18.34259,8157,301,1,51,8.741748145661434e+18,STAR,-0.0008813017,7764,58042,950
10659,1.237679324469e+18,28.1408006340219,-3.56945978149072,24.56458,22.69478,21.92396,21.89209,21.63348,7881,301,6,210,1.04990574481614e+19,QSO,2.109556,9325,58042,148
20388,1.2376637825895631e+18,6.35314957398681,-1.08658000202261,23.42195,22.79852,22.51723,22.1876,21.47076,4263,301,1,158,1.0524004817239824e+19,GALAXY,0.7541696,9347,58042,794
85080,1.2376792552053806e+18,27.6412363680285,-3.9809858355316,23.44359,22.8814,22.57709,22.81153,21.89316,7865,301,5,99,1.0499098679847442e+19,QSO,0.1066871,9325,58042,298
12024,1.2376637831259758e+18,5.300318059792,-0.750223487154245,23.33594,22.73116,23.20574,21.42015,21.29039,4263,301,2,151,1.0523946268245643e+19,GALAXY,0.7545861,9347,58042,581
99265,1.2376788810330936e+18,28.4876471035753,-1.9491311827297,24.69519,22.78208,22.32496,21.37559,20.49559,7778,301,4,507,1.0499268279516e+19,GALAXY,1.054188,9325,58042,915
65852,1.2376788895953065e+18,27.294923883325,-2.12575070030333,23.09544,22.65288,22.4989,21.82879,21.91457,7780,301,4,84,1.049918883980092e+19,GALAXY,0.8090296,9325,58042,626
56395,1.2376805071846116e+18,346.514212167427,32.4869077231251,21.21568,21.3134,20.84513,20.7323,20.6004,8157,301,1,42,8.741659634975398e+18,QSO,1.19205,7764,58042,628
66576,1.2376803273418345e+18,347.928642036934,30.5253427489619,17.9236,16.88097,16.5292,16.39279,16.35616,8115,301,2,179,8.741509551638206e+18,STAR,-0.001006965,7764,58042,82
58028,1.2376794345211174e+18,6.08221498521702,-2.73445404152562,23.4579,22.80693,21.83026,20.87571,20.2779,7907,301,3,112,1.0523867378286352e+19,GALAXY,1.00568,9347,58042,294
88131,1.237678881023788e+18,7.29125899525418,-2.27793843477441,23.15295,23.10177,23.77567,21.37749,20.83569,7778,301,4,365,1.0523808829292171e+19,GALAXY,0.7414285,9347,58042,81
32408,1.2376788810228705e+18,5.21046745003738,-2.12182942276156,22.05494,22.04663,21.70455,21.07107,21.62108,7778,301,4,351,1.0523916581431695e+19,GALAXY,0.7638125,9347,58042,473
14976,1.2376793244693307e+18,29.0094178860899,-3.72834588650793,26.09993,23.69103,22.2774,22.25795,22.50352,7881,301,6,215,1.0499018140620708e+19,GALAXY,1.002832,9325,58042,5
18229,1.2376793244691336e+18,28.5424475129926,-3.69636754713748,23.85525,23.94333,22.85584,21.78734,21.91356,7881,301,6,212,1.049904480377768e+19,GALAXY,1.083791,9325,58042,102
27290,1.2376569063430564e+18,332.539096516527,-0.968825640659126,24.66608,23.4264,21.92284,20.82716,20.06026,2662,301,1,99,1.0297554075307495e+19,GALAXY,0.5666476,9146,58042,267
44062,1.2376634792583503e+18,332.377706072053,0.153486786992797,22.05552,21.99348,21.8965,21.68902,21.11504,4192,301,4,171,1.0297673647197e+19,QSO,1.196709,9146,58042,702
84221,1.2376792552052495e+18,27.40307464743,-3.81585136116843,23.81824,22.76756,22.33067,22.49674,21.0632,7865,301,5,97,1.0499110774475348e+19,GALAXY,1.308813,9325,58042,342
19050,1.2376788810235904e+18,6.76608051833094,-2.11134810738893,22.86811,22.87517,22.6652,21.31242,20.55467,7778,301,4,362,1.052382724611194e+19,GALAXY,0.7676099,9347,58042,148
67431,1.237679255205184e+18,27.1623406491285,-3.97568110707184,26.01494,21.70712,21.65055,21.36184,23.04518,7865,301,5,96,1.049913111544046e+19,GALAXY,0.8114131,9325,58042,416
86996,1.2376792552058396e+18,28.7547799190097,-3.90594403414726,22.87636,22.41919,22.38554,21.72851,21.22298,7865,301,5,106,1.049903051012652e+19,QSO,1.653668,9325,58042,50
58463,1.2376794345216415e+18,7.33452583387209,-2.80168636560271,22.66399,22.45171,21.87821,21.81336,23.43239,7907,301,3,120,1.052378848832706e+19,GALAXY,0.9406499,9347,58042,7
67400,1.2376788895956344e+18,28.0968528555696,-2.19809200303493,23.41553,22.09273,21.22028,20.61369,20.05547,7780,301,4,89,1.0499245739527655e+19,GALAXY,0.7121977,9325,58042,833
77961,1.237679255205315e+18,27.4881235092997,-3.89963379607483,24.16389,22.89897,22.0328,21.42474,22.3943,7865,301,5,98,1.049910967496372e+19,GALAXY,0.6855296,9325,58042,338
83395,1.2376792552054464e+18,27.776774180545,-3.95543257749938,23.53677,23.3665,22.39566,21.61976,21.50669,7865,301,5,100,1.049907559010326e+19,GALAXY,0.7179676,9325,58042,214
4417,1.2376805077218762e+18,347.446416380977,33.0666021067289,22.43722,21.91824,21.99326,21.80699,20.58373,8157,301,2,48,8.741726705184693e+18,GALAXY,0.0,7764,58042,872
58535,1.2376794345213135e+18,6.47474707103676,-2.82557523384296,22.57373,22.6799,21.81965,20.98735,21.36314,7907,301,3,115,1.0523844288542167e+19,GALAXY,0.7045673,9347,58042,210
32109,1.2376637825895631e+18,6.34290714413997,-1.11224145771922,22.77529,22.23101,21.54674,21.07407,22.20721,4263,301,1,158,1.0524005641873543e+19,GALAXY,0.7700285,9347,58042,797
59126,1.237679434520724e+18,5.22855458818002,-2.79985716935161,23.30385,22.34577,21.55328,20.97774,21.08937,7907,301,3,106,1.05239088848503e+19,GALAXY,0.7694836,9347,58042,445
99735,1.2376805028971807e+18,346.242104003472,32.5735777372737,23.50523,24.34317,22.97524,21.20578,19.84127,8156,301,1,157,8.741650014248655e+18,GALAXY,0.660778,7764,58042,593
83575,1.2376792552057743e+18,28.5519652865504,-3.92597386396617,22.58984,22.71324,22.39273,21.33489,21.63504,7865,301,5,105,1.0499043704266052e+19,GALAXY,0.7543692,9325,58042,98
27359,1.2376569063429908e+18,332.439061524437,-0.96784954464838,23.90923,23.07409,21.66734,20.48336,19.78378,2662,301,1,98,1.0297554625063311e+19,GALAXY,0.6010195,9146,58042,269
58151,1.2376794345211172e+18,6.12492523334376,-2.79328340563267,21.90859,21.78311,21.42823,20.91146,21.39142,7907,301,3,112,1.0523864904385188e+19,GALAXY,0.7299451,9347,58042,285
48521,1.2376788895958963e+18,28.6708105346927,-2.14208276051986,23.72282,22.80909,22.32195,21.31653,21.16059,7780,301,4,93,1.0499275426341607e+19,GALAXY,0.8105037,9325,58042,941
36772,1.2376569063431867e+18,332.865406222965,-0.933865105173437,21.89713,21.83797,20.71955,20.45142,20.41595,2662,301,1,101,1.0297532634830756e+19,GALAXY,0.4605164,9146,58042,189
58183,1.237680507185136e+18,347.961007157792,32.6371307361387,25.65113,22.09162,22.94859,21.86449,18.91407,8157,301,1,50,8.741746221516085e+18,STAR,1.06976e-05,7764,58042,943
57545,1.2376805071842186e+18,345.520969244849,32.3556907929095,21.1776,21.35103,20.78794,20.83621,20.48106,8157,301,1,36,8.741626099870751e+18,QSO,1.324465,7764,58042,506
61269,1.2376788799594831e+18,28.8094726557859,-2.89894043432058,22.07974,22.74518,22.4826,20.52127,21.25738,7778,301,2,509,1.0499283672678816e+19,GALAXY,0.9735773,9325,58042,971
73803,1.2376792552053143e+18,27.457615969649,-3.79607489637924,24.85664,23.16404,21.9886,21.4011,21.74347,7865,301,5,98,1.049911132423116e+19,GALAXY,0.9810423,9325,58042,344
14856,1.237678597537661e+18,323.501990863183,2.100022037068,21.11289,22.21157,21.48517,22.11709,21.49044,7712,301,4,86,1.0316785633205705e+19,GALAXY,0.08150761,9163,58043,599
90956,1.2376786184759552e+18,324.265664651913,1.50146813669107,22.96069,21.86333,21.75954,21.71838,21.94486,7717,301,3,91,1.0316835111229e+19,QSO,2.234017,9163,58043,779
19277,1.237678597538317e+18,325.049599003015,2.27685125180299,21.15928,20.71468,20.76853,21.73252,22.82687,7712,301,4,96,1.0316872769502204e+19,QSO,2.666042,9163,58043,916
57738,1.2376569063470536e+18,341.703464652485,-0.926631375224861,22.14434,21.73081,21.06305,20.92209,20.74879,2662,301,1,160,1.0301994453033e+19,GALAXY,0.2271711,9150,58043,37
38080,1.237663479261824e+18,340.325161041742,0.141454923299792,22.7716,22.73594,21.46554,20.40343,19.6621,4192,301,4,224,1.0302181370009768e+19,QSO,0.7653167,9150,58043,717
71595,1.2376637831191596e+18,349.716420261835,-0.838195151980376,21.48142,21.39592,21.45486,21.12508,21.2562,4263,301,2,47,1.0307744349090505e+19,QSO,1.857944,9155,58043,475
39504,1.2376634792622177e+18,341.173998929706,0.0275646512596925,27.235,22.99236,21.22522,20.18137,19.25829,4192,301,4,230,1.030222535047488e+19,QSO,6.486614,9150,58043,877
51504,1.2376799982341332e+18,340.686321449037,-1.85135941400424,23.42678,24.64392,21.85297,20.75032,19.95277,8038,301,5,90,1.0302051627637692e+19,GALAXY,0.5658035,9150,58043,245
84338,1.2376664084383665e+18,350.736962153931,0.231749641783162,21.82859,21.25528,21.14531,21.26091,20.58557,4874,301,4,359,1.0307830385875376e+19,QSO,2.409202,9155,58043,788
41801,1.2376634792616266e+18,339.796126082699,0.186374684044173,21.26094,21.0925,20.69386,20.74674,20.47033,4192,301,4,221,1.0302159104899308e+19,QSO,0.9268833,9150,58043,636
89080,1.2376786179388874e+18,323.864954989972,1.10606975938922,21.07215,21.33812,20.97247,20.83654,20.84135,7717,301,2,88,1.0316716089095248e+19,QSO,1.233449,9163,58043,346
72071,1.237663783119749e+18,351.058730031341,-0.806898155125037,21.29905,20.7502,20.70138,20.80703,20.66936,4263,301,2,56,1.0307656663038188e+19,STAR,-0.0001518874,9155,58043,156
75244,1.2376786179386918e+18,323.457560678768,1.21748265664936,22.06149,22.92656,21.7058,20.27695,19.55328,7717,301,2,85,1.0316738903961524e+19,GALAXY,0.7935655,9163,58043,429
69382,1.2376799982345267e+18,341.574929630923,-1.76063057186001,25.27636,25.2813,21.79949,20.75271,19.9719,8038,301,5,96,1.0301995552544676e+19,GALAXY,0.7074372,9150,58043,41
87429,1.237679255209116e+18,36.186328928135,-3.64302334174616,25.89141,21.37268,20.55552,19.83288,19.13343,7865,301,5,156,1.0492426018673154e+19,GALAXY,0.8004974,9319,58043,599
12181,1.237678597538317e+18,325.003103957964,2.17201502324295,21.55955,21.37619,21.33458,20.9598,20.86341,7712,301,4,96,1.0316875518281275e+19,QSO,1.860916,9163,58043,926
79282,1.2376637831196844e+18,350.93929776362,-0.705874045108455,22.73477,21.68858,20.42441,19.76709,18.99654,4263,301,2,55,1.0307838357334675e+19,QSO,0.8443068,9155,58043,817
11438,1.237678618475759e+18,323.795876998261,1.54963001814212,25.38607,24.93152,22.98421,21.09648,19.98689,7717,301,3,88,1.03168131209964e+19,STAR,0.0001172759,9163,58043,699
63082,1.2376786195495657e+18,324.050432881755,2.47575077046852,24.48941,24.99727,21.69123,20.47431,19.70818,7717,301,5,89,1.0316814220508e+19,GALAXY,0.6926536,9163,58043,703
43798,1.237678619013219e+18,325.211752778161,2.04535681193556,20.85815,20.65278,20.43727,20.36541,20.16899,7717,301,4,97,1.0316887063153367e+19,QSO,1.428801,9163,58043,968
72485,1.2376637831189627e+18,349.300341163317,-0.811735625935922,21.99705,21.38466,21.5214,21.36175,20.82905,4263,301,2,44,1.03077561688405e+19,QSO,2.295459,9155,58043,518
52532,1.237653010822136e+18,351.485609224475,-1.25925591025346,19.90084,19.67739,19.61696,19.40475,19.31001,1755,301,1,319,1.0307631924026565e+19,QSO,2.00265,9155,58043,66
38804,1.2376634792622828e+18,341.287777109809,0.047248563553971,23.7137,24.1678,22.01565,20.92373,19.98717,4192,301,4,231,1.0302234146567903e+19,GALAXY,0.8418308,9150,58043,909
3802,1.237663458853258e+18,324.122524124057,0.976132237884239,23.20602,22.97213,21.64016,20.51452,19.5159,4187,301,6,110,1.0316692724473156e+19,GALAXY,0.9619172,9163,58043,261
64403,1.237679255209706e+18,37.4805088474585,-3.41559031488988,25.80513,22.23114,21.80386,21.37984,20.49531,7865,301,5,165,1.0492448558661523e+19,GALAXY,1.151011,9319,58043,681
43578,1.2376634792616266e+18,339.886866943699,0.0571244606228737,21.695,21.73815,21.43936,21.4319,21.70911,4192,301,4,221,1.0302145635881867e+19,QSO,1.043196,9150,58043,587
10087,1.2376786195495e+18,323.763751942808,2.4711509302824,24.74038,23.23415,21.67612,20.51555,19.84862,7717,301,5,88,1.031679497905454e+19,GALAXY,0.6211031,9163,58043,633
16623,1.2376785964643784e+18,324.565660617655,1.46485615749011,21.68496,20.83152,20.68615,20.60293,20.44263,7712,301,2,93,1.0316675407165e+19,STAR,-0.000145012,9163,58043,198
78009,1.2376792552097715e+18,37.701541253335,-3.53166087780618,25.47569,22.54766,22.20696,21.50031,21.19639,7865,301,5,166,1.0492504083998726e+19,GALAXY,0.7373034,9319,58043,883
45453,1.237663479262282e+18,341.302728448053,0.200326818803153,21.27485,21.13313,20.69198,20.49469,20.53768,4192,301,4,231,1.0302232222422557e+19,QSO,1.478426,9150,58043,902
75922,1.2376792552101647e+18,38.6509522327595,-3.43420981904052,22.84868,22.08175,21.61143,20.86414,20.6339,7865,301,5,172,1.0492522225940584e+19,GALAXY,0.7770813,9319,58043,949
43043,1.237663479261758e+18,340.055890817138,0.115512094581404,21.65402,21.28182,21.23759,20.91399,20.91905,4192,301,4,223,1.03021706497714e+19,QSO,0.6578616,9150,58043,678
71321,1.2376637831196183e+18,350.752890011758,-0.737688711801339,21.89715,21.72603,21.50945,21.31913,21.50338,4263,301,2,54,1.0307827911974212e+19,QSO,1.731839,9155,58043,779
16950,1.2376785964643784e+18,324.591826008137,1.42101234260461,21.72034,21.13985,21.4113,21.72692,20.89849,7712,301,2,93,1.0316664961804556e+19,STAR,0.0002384658,9163,58043,160
986,1.23767859753799e+18,324.231726280465,2.2508115489329,25.73058,25.49526,22.04667,20.7219,19.77997,7712,301,4,91,1.0316827964403374e+19,QSO,0.612705,9163,58043,753
56347,1.2376793228627151e+18,38.1665037290747,-4.45673953920346,21.86844,22.73311,21.85237,21.50708,21.21957,7881,301,3,276,1.049227895899294e+19,GALAXY,0.7253953,9319,58043,64
52598,1.237679998233871e+18,339.990045462525,-1.66753843927621,22.71944,25.60509,21.89213,20.68089,19.99956,8038,301,5,86,1.0302083513474896e+19,GALAXY,0.6314593,9150,58043,361
21658,1.23767859753812e+18,324.620299603592,2.12348538355809,19.92048,19.72958,19.33194,19.34572,19.52542,7712,301,4,93,1.0316854077804532e+19,QSO,1.243528,9163,58043,848
21685,1.237678596463986e+18,323.66729634836,1.3547133352404,23.42128,24.00046,22.05876,20.95509,19.75293,7712,301,2,87,1.0316729558112688e+19,GALAXY,0.8138174,9163,58043,395
42112,1.237663479261692e+18,340.047558413961,0.078669300082498,21.23748,20.78328,20.61617,20.60877,20.58658,4192,301,4,222,1.030215800538768e+19,QSO,2.521713,9150,58043,632
66992,1.2376792552099028e+18,37.9847614453922,-3.40850509340401,23.40268,22.60279,21.93342,21.23362,21.23547,7865,301,5,168,1.0492528548132444e+19,GALAXY,0.7276065,9319,58043,972
34567,1.2376785980751217e+18,324.842962513955,2.61140250481008,20.67328,20.04342,19.94018,19.65678,19.76748,7712,301,5,95,1.031685985024058e+19,QSO,0.5406616,9163,58043,869
86861,1.2376792552099684e+18,38.0661810349294,-3.53451595792149,23.51652,23.41557,22.25134,21.87517,22.23573,7865,301,5,169,1.0492516728382444e+19,STAR,-0.002895591,9319,58043,929
20294,1.2376785975385132e+18,325.480159003867,2.20458021581596,20.74021,20.47795,20.407,20.14476,20.02384,7712,301,4,99,1.0316890911444064e+19,QSO,2.111898,9163,58043,982
76709,1.2376792552092472e+18,36.4856989823499,-3.53480785228717,23.57043,22.42668,21.83986,21.24062,20.64223,7865,301,5,158,1.0492435364522e+19,GALAXY,0.7784809,9319,58043,633
22057,1.237679254672966e+18,37.8666206702821,-3.90594887696488,19.04492,18.16155,17.82473,17.66772,17.61887,7865,301,4,167,1.0492304522638285e+19,STAR,0.0004182885,9319,58043,157
95855,1.2376792541362918e+18,38.346105599806,-4.24523624968691,24.21837,23.8967,22.74599,21.93575,21.67068,7865,301,3,170,1.0492280058504569e+19,GALAXY,0.7429236,9319,58043,68
89615,1.2376786179392156e+18,324.675449794165,1.14167512540868,22.32059,21.53104,21.318,20.94156,20.96024,7717,301,2,93,1.0316660563758e+19,STAR,-0.0006417667,9163,58043,144
67099,1.2376637831190948e+18,349.594077239493,-0.778509198172851,26.16909,23.69775,22.19168,21.01094,19.92019,4263,301,2,46,1.0307761391520731e+19,GALAXY,0.8591464,9155,58043,537
