obj_ID,alpha,delta,u,g,r,i,z,run_ID,rerun_ID,cam_col,field_ID,spec_obj_ID,class,redshift,plate,MJD,fiber_ID
1.2376543921748055e+18,115.635569755961,36.146677256624,20.70287,20.37868,20.17103,19.98487,19.53357,2076,301,6,72,1.0540895235944503e+19,QSO,2.096257,9362,57801,801
1.237660764299068e+18,126.476149213671,27.2118275681585,24.42966,24.45053,22.17569,21.55698,22.3447,3560,301,3,124,1.0822269057585404e+19,GALAXY,0.8563624,9612,57801,433
1.237660962398012e+18,127.570351009194,28.5984580763974,21.88702,22.37646,21.94691,21.09698,21.31124,3606,301,4,26,1.0822377634358649e+19,GALAXY,0.9699607,9612,57801,828
1.237660764299527e+18,127.356215628576,27.8496573634293,23.27241,22.45073,21.90307,21.31548,20.89595,3560,301,3,131,1.0822362241195856e+19,GALAXY,0.6826202,9612,57801,772
1.237667485918102e+18,135.618451802739,16.874149047709,24.13898,22.7916,22.67585,21.60035,21.01874,5125,301,3,51,1.0753489107709876e+19,GALAXY,0.8638448,9551,57801,69
1.2376674859175777e+18,134.427752350777,16.4111676351443,19.58921,19.36736,19.14919,18.82929,18.73866,5125,301,3,43,1.0753527590616848e+19,QSO,1.621868,9551,57801,209
1.2376609618608136e+18,127.172601170849,27.904970294426,22.62583,22.48675,22.0917,21.4241,20.55957,3606,301,3,21,1.082234987169e+19,QSO,5.562482,9612,57801,727
1.2376674859175777e+18,134.501050486879,16.4006868749794,22.47786,22.42093,21.76964,21.22739,21.00265,5125,301,3,43,1.0753548756215683e+19,GALAXY,0.7013081,9551,57801,286
1.2376609618606828e+18,126.879041514586,27.7509149521899,24.66733,22.70602,22.00824,22.64912,23.51877,3606,301,3,19,1.0822339701207489e+19,GALAXY,0.3451667,9612,57801,690
1.237667537463608e+18,134.259137634536,16.0821342594755,23.84781,23.14628,23.12848,21.96463,21.64,5137,301,3,141,1.0753571296204052e+19,GALAXY,0.8584278,9551,57801,368
1.2376675422871237e+18,141.832561531314,19.1511618779836,24.33459,23.25665,22.67653,21.87303,21.26369,5138,301,4,14,1.0755894289395636e+19,GALAXY,0.7197261,9553,57801,627
1.2376674859176433e+18,134.636281321037,16.4608054199064,23.19708,22.56524,21.83116,20.91179,20.58103,5125,301,3,44,1.0753542159145916e+19,GALAXY,0.7381489,9551,57801,262
1.2376543921740846e+18,114.534771169023,34.7834617133399,21.50473,21.1744,20.95665,20.66132,21.54407,2076,301,6,61,1.0540778412834052e+19,QSO,1.934885,9362,57801,376
1.2376543921746744e+18,115.47735711303,35.9461710618892,20.70954,20.5053,20.21579,20.19858,20.11169,2076,301,6,70,1.0540898809357292e+19,QSO,1.209643,9362,57801,814
1.2376543921748055e+18,115.601210855755,36.2419571525434,22.04436,21.89547,21.71296,21.5337,21.56622,2076,301,6,72,1.0540904856671246e+19,QSO,1.667711,9362,57801,836
1.23765439217415e+18,114.609080806139,34.8680947462978,20.52957,20.01555,19.96763,19.95221,19.8251,2076,301,6,62,1.0540769066985216e+19,QSO,2.318707,9362,57801,342
1.237660961860289e+18,126.052786827751,27.1498250233984,23.34936,22.42621,21.89421,21.51611,20.64485,3606,301,3,13,1.0822285000504e+19,GALAXY,0.6777688,9612,57801,491
1.2376674859205926e+18,141.419811928555,18.6261552644309,23.38884,22.79242,22.40204,21.50759,20.60047,5125,301,3,89,1.0755869825261918e+19,QSO,0.8623865,9553,57801,538
1.2376609623972913e+18,126.152165433422,27.6658624932983,25.28727,22.80558,22.11652,21.39116,21.69165,3606,301,4,15,1.0822296545376098e+19,GALAXY,0.8983552,9612,57801,533
1.2376674859173806e+18,134.103996565395,16.2120839652662,23.78351,22.62996,21.89947,20.97442,20.90139,5125,301,3,40,1.0753571571082e+19,GALAXY,0.8115034,9551,57801,369
1.23766754121384e+18,143.224429327712,18.6474699853398,25.45581,24.59071,23.25051,21.53289,20.36085,5138,301,2,21,1.075597757740144e+19,STAR,-0.000146543,9553,57801,930
1.2376609618606822e+18,126.871576162927,27.6887993251948,22.33514,22.56523,22.89132,21.41631,21.2328,3606,301,3,19,1.0822330080480743e+19,GALAXY,0.8141686,9612,57801,655
1.2376609623973568e+18,126.268806067652,27.7976085830738,23.25058,22.40136,22.15151,21.2098,21.42184,3606,301,4,16,1.0822294896108657e+19,GALAXY,0.8212107,9612,57801,527
1.2376675374644603e+18,136.152103966426,16.7618098420364,25.25071,23.22734,22.42588,21.55748,20.98915,5137,301,3,154,1.0753474539180808e+19,QSO,1.292167,9551,57801,16
1.237667485917512e+18,134.36972113563,16.3523270694274,22.28738,21.8683,21.1855,20.74709,20.14856,5125,301,3,42,1.0753561125721496e+19,GALAXY,0.8101661,9551,57801,331
1.237654391637148e+18,114.785250173608,34.4653493758186,19.88366,18.82521,18.55593,19.58907,18.40832,2076,301,5,60,1.0540767142839867e+19,STAR,-0.0001301371,9362,57801,335
1.2376535874049157e+18,116.561395623962,34.7054658638254,25.13024,24.07078,22.10918,20.74902,19.93569,1889,301,3,66,1.0540687978002668e+19,GALAXY,0.6495601,9362,57801,47
1.237654391100933e+18,116.146619898079,35.4642525815501,22.4341,22.64238,21.2837,20.08261,19.3897,2076,301,4,70,1.0540707219456152e+19,GALAXY,0.6830779,9362,57801,117
1.23766748591784e+18,135.033686024042,16.6690497402484,25.98228,22.43069,21.67834,20.9954,20.86782,5125,301,3,47,1.0753509723552895e+19,GALAXY,0.2174553,9551,57801,144
1.2376674859171845e+18,133.554845467456,16.0915956390518,22.9205,22.2136,21.32648,20.54602,23.2773,5125,301,3,37,1.0753595485459864e+19,GALAXY,0.618495,9551,57801,456
1.23766112615e+18,127.570355157827,27.1790150868493,23.17695,22.88112,22.33164,21.97364,20.72323,3644,301,5,123,1.0822212157858666e+19,GALAXY,0.9312699,9612,57801,226
1.237660961324335e+18,128.236590563933,28.099408937215,24.24437,23.29342,23.55923,21.57835,22.90243,3606,301,2,27,1.0822415017754e+19,GALAXY,0.8046622,9612,57801,964
1.237667536930866e+18,143.82993640129,18.5036949134365,23.40878,23.07128,21.88677,21.186,20.38164,5137,301,2,204,1.0755996543977e+19,QSO,3.21171,9553,57801,999
1.2376511908129674e+18,115.768223376563,36.7439105862526,22.15549,22.06623,21.81509,21.78168,22.43061,1331,301,3,63,1.0540913103008457e+19,QSO,1.511734,9362,57801,866
1.2376609623979464e+18,127.422068400805,28.6139647709162,22.73513,21.98965,21.61551,21.07371,20.64089,3606,301,4,25,1.0822366364364462e+19,GALAXY,0.8159888,9612,57801,787
1.2376607648363976e+18,127.234955199573,28.106635211411,22.24454,22.70427,22.35255,21.54413,21.46253,3560,301,4,131,1.082234849730051e+19,GALAXY,0.7171499,9612,57801,722
1.237667541750842e+18,143.321858938357,19.1322537928818,22.76606,22.38195,22.82025,22.22334,21.60843,5138,301,3,23,1.0755973729110743e+19,GALAXY,1.028148,9553,57801,916
1.2376674859179717e+18,135.309108898778,16.7361676720052,22.9792,23.31179,22.59857,21.68451,22.32283,5125,301,3,49,1.0753498453558712e+19,GALAXY,0.6935452,9551,57801,103
1.2376609618605512e+18,126.610237112635,27.522409289436,22.64811,22.2359,21.92409,21.5703,20.91252,3606,301,3,17,1.0822270981730753e+19,GALAXY,0.9805384,9612,57801,440
1.2376674859171845e+18,133.641050908299,16.0935421412473,22.14261,22.49128,21.85284,21.32019,20.61416,5125,301,3,37,1.0753594935704e+19,GALAXY,0.8087769,9551,57801,454
1.2376674859180365e+18,135.47376125676,16.8223486841226,23.95959,22.4143,21.51976,21.02791,20.42962,5125,301,3,50,1.0753500927459877e+19,GALAXY,0.8274292,9551,57801,112
1.237667541213184e+18,141.642208607167,18.2593371236177,24.39377,24.54707,22.53669,22.42975,22.29579,5138,301,2,11,1.0755842887227e+19,GALAXY,0.4205061,9553,57801,440
1.2376607653728755e+18,126.087872739362,27.9560672780721,23.03567,22.72057,22.08693,21.81506,22.26879,3560,301,5,125,1.0822289948306332e+19,GALAXY,0.7456731,9612,57801,509
1.2376543921748708e+18,115.699546473532,36.3182693430146,20.29653,20.17404,20.02579,19.9172,19.60726,2076,301,6,73,1.0540905131549151e+19,QSO,2.064773,9362,57801,837
1.237667209973007e+18,136.637557392213,19.7126178964155,22.70151,22.81974,22.4372,21.44741,20.80729,5061,301,1,151,1.0759348405241403e+19,QSO,6.748448,9556,57805,905
1.237667253993473e+18,130.09979220888,18.1944279774398,24.85852,22.84706,21.93347,20.90133,20.31981,5071,301,3,106,1.0762749744461928e+19,GALAXY,0.7973276,9559,57805,991
1.237667538541479e+18,143.411833872683,19.8606820981936,22.7049,21.81522,21.54827,21.19724,20.77888,5137,301,5,204,1.0763672784473446e+19,GALAXY,0.6796286,9560,57805,253
1.2376677350310548e+18,149.316808019043,18.4280017104372,22.80052,22.67297,22.05146,21.29121,21.49273,5183,301,3,125,1.0774960095966288e+19,GALAXY,0.8547166,9570,57805,356
1.2376672110432755e+18,128.621363122063,17.4982775107258,23.56533,22.7495,22.29937,21.18694,21.61301,5061,301,3,98,1.0762541661886372e+19,GALAXY,0.840537,9559,57805,234
1.237667781746492e+18,149.898432216908,17.864942328614,22.74701,22.21632,21.90661,20.97883,20.11526,5194,301,2,242,1.0774922162815128e+19,GALAXY,0.9888377,9570,57805,218
1.2376677344938565e+18,148.726365091634,17.9426106435292,23.60612,24.32886,23.97071,22.44276,22.38813,5183,301,2,120,1.0774978787664e+19,GALAXY,1.089008,9570,57805,424
1.2376677344943803e+18,149.881007383612,18.0946949718908,22.48279,21.97569,21.42205,20.88428,20.44016,5183,301,2,128,1.0774924361838383e+19,GALAXY,0.8838738,9570,57805,226
1.237667292117271e+18,143.092225731296,20.3215457916417,23.9584,23.93222,23.25095,22.71013,21.61732,5080,301,2,197,1.0763688177636235e+19,GALAXY,0.9852681,9560,57805,309
1.2376576091066862e+18,119.844082184856,34.7792605485182,19.31545,18.29387,17.9051,17.74854,17.69611,2825,301,6,93,1.052964393352458e+19,STAR,-7.884387e-05,9352,57805,829
1.237663915727717e+18,118.351114863236,49.2311490517293,22.0533,22.39421,21.83049,20.63899,19.7537,4294,301,1,69,9.34855404052574e+18,GALAXY,0.893497,8303,57805,753
1.2376671068908431e+18,129.14060447288,18.3845478714024,23.49183,22.91663,22.47929,21.69665,21.51449,5037,301,1,106,1.0762708512775889e+19,GALAXY,1.073926,9559,57805,841
1.2376671068905157e+18,128.441163066436,18.1017471019895,24.0582,22.92365,21.67872,21.08734,20.47092,5037,301,1,101,1.0762666181578215e+19,GALAXY,0.7474033,9559,57805,687
1.2376672099726794e+18,135.914871925912,19.4256778495611,23.43004,23.12921,22.28531,21.9347,21.4043,5061,301,1,146,1.0759295353805363e+19,GALAXY,0.3729341,9556,57805,712
1.2376672115796224e+18,127.418655751618,17.2130628254087,22.28146,22.74421,22.6433,21.70932,21.24094,5061,301,4,90,1.0762610381363108e+19,GALAXY,0.8749851,9559,57805,484
1.2376672115798193e+18,127.830918650139,17.4273274427209,22.79054,23.23839,22.28935,22.59402,21.39395,5061,301,4,93,1.0762587016741e+19,GALAXY,0.3276788,9559,57805,399
1.2376677339569198e+18,148.709344498454,17.4660398187613,22.22683,22.5454,22.50136,21.36951,21.19343,5183,301,1,119,1.0774985384733729e+19,GALAXY,0.8695,9570,57805,448
1.2376672926547315e+18,144.221676243642,21.0792539807747,22.25473,22.09141,21.26145,20.61767,20.26089,5080,301,3,206,1.0763858052182729e+19,GALAXY,0.6820552,9560,57805,927
1.2376674300914573e+18,135.336606826542,18.4246189977349,23.15811,22.40474,21.72381,20.68076,20.11602,5112,301,3,172,1.0759206843119327e+19,GALAXY,0.5549877,9556,57805,390
1.2376677350311204e+18,149.471551147553,18.5603559142653,22.90542,22.64593,22.33167,21.81389,20.90261,5183,301,3,126,1.0775054104210465e+19,GALAXY,0.8534338,9570,57805,698
1.2376677350310548e+18,149.395255037759,18.4335720242091,22.36221,22.08669,21.28311,20.47835,20.23654,5183,301,3,125,1.0774950200361636e+19,GALAXY,0.8037433,9570,57805,320
1.2376677817464916e+18,149.863697476955,17.8762680526962,22.49552,21.90714,20.98628,20.39977,19.90033,5194,301,2,242,1.0774922712570943e+19,GALAXY,0.7466251,9570,57805,220
1.2376677812099487e+18,150.795161248095,17.7637531043111,22.157,22.35547,21.40572,20.50686,19.8396,5194,301,1,247,1.077487818235e+19,GALAXY,1.065716,9570,57805,58
1.2376677817466227e+18,150.16736781264,17.9972146228673,22.93628,22.55095,22.15981,21.20352,21.23773,5194,301,2,244,1.0774899897704667e+19,GALAXY,0.8026881,9570,57805,137
1.237657609106686e+18,119.83305759545,34.7495006085125,21.43272,22.32317,21.51627,21.22751,21.21066,2825,301,6,93,1.0529644483280394e+19,GALAXY,0.3372563,9352,57805,831
1.23766721157995e+18,128.113585991465,17.5407525881675,24.00849,22.54204,21.94501,21.74639,21.36767,5061,301,4,95,1.0762575746746833e+19,GALAXY,0.7796873,9559,57805,358
1.2376576085687667e+18,118.499709035684,32.7162136056727,20.93069,20.89501,20.66105,20.65142,21.0248,2825,301,5,77,1.052953865528622e+19,QSO,1.397056,9352,57805,446
1.2376677828206267e+18,150.66779542682,18.9485516128975,19.44719,18.36302,18.36116,18.39217,18.36337,5194,301,4,248,1.0775129695634872e+19,STAR,0.0004070459,9570,57805,973
1.2376672099728763e+18,136.383170598555,19.7401211151693,25.27478,22.65101,22.0122,21.64858,21.1642,5061,301,1,149,1.0759326415008848e+19,QSO,1.321532,9556,57805,825
1.237667211042882e+18,127.723454383304,17.019020544481,22.63084,22.76532,21.92632,21.44201,20.70095,5061,301,3,92,1.0762591414787529e+19,GALAXY,0.8312402,9559,57805,415
1.237657594074039e+18,120.287101060692,33.0349618142766,22.5785,22.03713,21.97226,21.41165,21.1758,2822,301,2,89,1.052944244801879e+19,GALAXY,0.7961671,9352,57805,96
1.2376677817465572e+18,149.989810881936,18.0068251646236,24.3116,22.64769,21.6777,20.7472,20.32052,5194,301,2,243,1.0774912542088389e+19,GALAXY,0.761947,9570,57805,183
1.2376675385410847e+18,142.461769998183,19.4929896669837,18.787,18.51676,18.54181,18.30783,18.02977,5137,301,5,198,1.076372473639786e+19,QSO,0.4412237,9560,57805,442
1.237667781746885e+18,150.83828747928,18.1418208404021,25.29283,22.48119,22.08306,21.21218,21.37453,5194,301,2,248,1.0774869661134903e+19,GALAXY,0.865492,9570,57805,27
1.2376675385384635e+18,136.425633158473,17.6557533782183,22.68614,22.65696,21.96614,21.13199,20.85997,5137,301,5,158,1.0759145820224e+19,QSO,0.6481901,9556,57805,168
1.2376576080320271e+18,118.929774476066,32.6487897991675,21.3005,21.01625,20.91935,20.72406,20.48722,2825,301,4,79,1.0529515565542e+19,QSO,1.790085,9352,57805,362
1.2376677344939876e+18,149.007053242176,18.0457560525461,22.90569,23.07017,22.21429,21.39922,20.52064,5183,301,2,122,1.0774970266448845e+19,GALAXY,0.8883603,9570,57805,393
1.237657594073776e+18,119.690879189686,32.549110878861,24.63465,21.89165,19.96146,19.03118,18.93183,2822,301,2,85,1.0529471585076926e+19,STAR,-0.0001228796,9352,57805,202
1.2376639162642606e+18,117.198505718033,48.7493224887685,24.15309,23.33857,21.36842,20.33189,19.67426,4294,301,2,64,9.34851170932807e+18,GALAXY,0.5651768,8303,57805,599
1.2376672099728763e+18,136.433749367998,19.6247096742964,23.97125,23.2859,22.53403,21.31063,20.60052,5061,301,1,149,1.0759339059392567e+19,GALAXY,0.5221318,9556,57805,871
1.237667736105124e+18,149.942941542079,19.5579867965592,19.94539,19.57963,19.2881,19.07532,18.9819,5183,301,5,130,1.0775078843222088e+19,QSO,1.532674,9570,57805,788
1.2376674300918505e+18,136.235589067695,18.8572935046534,23.16539,22.6248,21.94015,21.50304,21.6625,5112,301,3,178,1.0759331087933264e+19,GALAXY,0.8695725,9556,57805,842
1.2376575940739732e+18,120.185788165741,32.9246789271379,21.67818,19.93537,19.5018,19.29086,19.20135,2822,301,2,88,1.0529450419478092e+19,QSO,3.013086,9352,57805,125
1.2376677361049935e+18,149.585904474726,19.3119240013644,24.17236,22.78215,22.21322,22.02403,21.3071,5183,301,5,128,1.077505877713488e+19,GALAXY,0.9111679,9570,57805,715
1.237667211579688e+18,127.399060643605,17.3247857841892,24.85113,23.35713,22.40272,21.66896,21.7026,5061,301,4,91,1.0762607907461943e+19,GALAXY,0.7478971,9559,57805,475
1.2376675385419377e+18,144.52960991003,20.1181957653518,22.68473,22.934,22.29925,22.22622,21.86706,5137,301,5,211,1.076361121182229e+19,GALAXY,1.022876,9560,57805,29
1.237667430091654e+18,135.773099669834,18.6428333997478,22.73014,22.41995,21.75384,21.24249,20.85037,5112,301,3,175,1.075918705191e+19,GALAXY,0.6190139,9556,57805,318
1.237667106889991e+18,127.326655780875,17.4244484197734,22.41652,21.79877,21.27343,21.12178,19.98927,5037,301,1,93,1.0762609556729387e+19,GALAXY,0.958989,9559,57805,481
1.237667538541479e+18,143.412983366783,19.7883412095756,22.82764,22.57444,21.95667,21.85163,20.93629,5137,301,5,204,1.076367168496182e+19,GALAXY,0.7876781,9560,57805,249
1.237667781745902e+18,148.508465798475,17.6059090906527,22.185,22.51557,21.66691,21.15103,21.10904,5194,301,2,233,1.0774987308879075e+19,GALAXY,0.8462387,9570,57805,455
1.2376671068901222e+18,127.615157338637,17.6105684414838,22.87366,22.99731,22.34696,21.73552,21.83999,5037,301,1,95,1.076262440013636e+19,GALAXY,0.8058453,9559,57805,535
1.2376674300945377e+18,142.41627995759,20.8337474475631,23.06913,22.07614,21.68895,20.71865,20.50492,5112,301,3,219,1.0763758546380413e+19,GALAXY,0.7426184,9560,57805,565
1.2376672539934072e+18,129.896437677927,18.2329871320368,23.2303,22.34893,21.94219,21.69127,20.53485,5071,301,3,105,1.0762742872514257e+19,GALAXY,0.2172208,9559,57805,966
1.237667211579819e+18,127.72578777736,17.5648560941438,25.56902,23.37251,22.09064,21.3123,21.79649,5061,301,4,93,1.0762597736979388e+19,QSO,1.32675,9559,57805,438
1.2376639162643912e+18,117.437752707718,48.9263791804586,25.28624,22.50034,21.94994,20.52019,19.85724,4294,301,2,66,9.348519405909463e+18,GALAXY,0.7888572,8303,57805,627
1.2376672539934725e+18,130.072606172011,18.307945661945,24.58906,23.32392,23.82697,22.97257,21.7009,5071,301,3,106,1.0762748919828208e+19,GALAXY,0.8449403,9559,57805,988
1.2376677817466885e+18,150.30933342345,18.137392806296,22.86169,22.59561,21.8897,21.60413,20.85258,5194,301,2,245,1.077489247600118e+19,GALAXY,0.9959922,9570,57805,110
1.2376672115802117e+18,128.565299920536,17.7868771358747,24.47657,23.11097,23.25346,22.34388,22.52346,5061,301,4,99,1.076267937571775e+19,QSO,4.536639,9559,57805,735
1.2376672115801464e+18,128.457951441822,17.6677501583573,22.41863,22.33679,21.85016,21.46529,20.87493,5061,301,4,98,1.0762565301386367e+19,GALAXY,0.8759704,9559,57805,320
1.2376674300914565e+18,135.291458662003,18.4030361747598,23.73289,23.20754,22.55565,22.25306,22.51728,5112,301,3,172,1.0759207667753e+19,GALAXY,0.7935997,9556,57805,393
1.2376672115806715e+18,129.657923674569,18.2390644854268,24.33124,24.32128,23.22873,22.22352,22.94384,5061,301,4,106,1.0762741773002627e+19,GALAXY,0.812138,9559,57805,962
1.2376672099725478e+18,135.733840388268,19.3972911461232,24.01568,23.93881,22.15386,22.90699,22.47809,5061,301,1,144,1.0759285458200711e+19,QSO,1.497779,9556,57805,676
1.237667735031776e+18,151.150485492825,18.7763061659251,23.52137,22.83308,22.39263,21.95306,21.72081,5183,301,3,136,1.077513629270464e+19,GALAXY,0.7390558,9570,57805,997
1.2376672115799498e+18,128.027531701943,17.5839877288857,23.77238,22.12003,21.77213,21.2197,21.56787,5061,301,4,95,1.0762584817717762e+19,GALAXY,0.09011614,9559,57805,391
1.2376674300922432e+18,137.052966998263,19.0356577060432,22.51681,22.20897,21.77101,21.18259,20.89958,5112,301,3,184,1.075936517279373e+19,GALAXY,0.7328838,9556,57805,966
1.237667781746492e+18,149.979835084531,17.879062276995,26.64752,22.24725,21.8345,21.22871,20.73204,5194,301,2,242,1.0774908144041875e+19,GALAXY,0.8961869,9570,57805,167
1.2376677817464916e+18,149.846971198264,17.9063095537046,22.54886,21.99157,21.56859,20.71699,20.38038,5194,301,2,242,1.0774922437693e+19,QSO,0.638981,9570,57805,219
1.2376675385421335e+18,144.86310502796,20.1762642093647,22.91132,22.82577,22.17216,20.99761,20.7098,5137,301,5,214,1.0763604614752524e+19,GALAXY,0.8096669,9560,57805,5
1.237667209969468e+18,128.784469082193,16.6473354219697,25.33278,22.62098,22.19287,21.78131,20.87799,5061,301,1,97,1.0762533140671257e+19,GALAXY,0.9612855,9559,57805,203
1.2376672110442588e+18,130.900156236414,18.3022544847814,22.31288,21.89577,20.99948,20.48957,20.01181,5061,301,3,113,1.0761563921188147e+19,GALAXY,0.8647777,9558,57806,773
1.2376709653873303e+18,144.148194530551,15.5717445342887,23.37273,23.11561,22.68808,21.61603,20.78693,5935,301,4,186,1.0788420592208204e+19,GALAXY,0.7476091,9582,57806,173
1.237667253993866e+18,130.973434878445,18.5798580459927,22.80411,22.29318,21.30925,20.95334,21.31165,5071,301,3,112,1.076156117240908e+19,GALAXY,0.2892609,9558,57806,763
1.2376672110445862e+18,131.526494002302,18.6505155631899,23.00183,22.63942,21.75398,21.00576,20.66223,5061,301,3,118,1.0761592508490471e+19,GALAXY,0.6005551,9558,57806,877
1.237667781744067e+18,144.260694082779,16.7183135212124,24.96942,22.71193,22.28625,21.52435,21.26784,5194,301,2,205,1.0788609158452367e+19,GALAXY,1.047168,9582,57806,859
1.237667734491825e+18,143.996316310394,16.8705820541118,24.88929,22.21312,21.47487,20.65797,20.14578,5183,301,2,89,1.0788593490411672e+19,GALAXY,0.8406125,9582,57806,802
1.2376543911015885e+18,117.251083127648,36.7498437460484,24.08125,23.09107,21.96962,20.50648,19.81912,2076,301,4,80,1.053184020801784e+19,GALAXY,0.7445998,9354,57806,627
1.237670965385233e+18,139.325829507492,14.2830505748824,23.4831,22.73465,22.48201,21.78139,22.3833,5935,301,4,154,1.0748983584021e+19,GALAXY,1.266831,9547,57806,62
1.2376709653844462e+18,137.575324216041,14.0006996756226,22.40393,22.66943,22.27067,21.60608,21.05278,5935,301,4,142,1.0749077867143125e+19,GALAXY,0.6791533,9547,57806,405
1.2376709659239383e+18,143.430471044044,15.6914224330041,22.64722,22.19897,21.77393,21.73134,21.02771,5935,301,5,182,1.0788474743155872e+19,QSO,1.370958,9582,57806,370
1.2376709653873303e+18,144.132050427319,15.5509159574878,24.01061,23.05936,22.24432,21.56079,21.91836,5935,301,4,186,1.0788421141964e+19,GALAXY,0.6791883,9582,57806,175
1.237667211044455e+18,131.222532632331,18.4331411610707,22.83757,22.95393,22.45516,21.7629,21.27395,5061,301,3,116,1.0761572717281171e+19,GALAXY,0.7730802,9558,57806,805
1.2376709648484275e+18,139.591042050222,14.075386839665,23.06379,21.92715,21.2771,20.44587,20.07717,5935,301,3,155,1.0748982484509415e+19,GALAXY,0.755953,9547,57806,58
1.237670965384643e+18,137.968640015945,14.1201763029948,22.36452,22.40197,21.64919,21.93243,22.68141,5935,301,4,145,1.0749046531061731e+19,GALAXY,0.9447852,9547,57806,291
1.2376671068916943e+18,130.913977559682,19.1647658580017,22.58207,23.13248,21.7616,21.2292,20.90162,5037,301,1,119,1.0761544679734663e+19,GALAXY,0.769308,9558,57806,703
1.2376672110445865e+18,131.551265213922,18.7436245020964,23.24849,22.3473,21.54131,20.91942,20.38811,5061,301,3,118,1.0761591958734655e+19,GALAXY,0.8206421,9558,57806,875
1.2376672110446515e+18,131.612138464669,18.644537305396,22.94482,21.88942,20.75782,19.78225,19.40941,5061,301,3,119,1.0761604053362563e+19,QSO,0.6030482,9558,57806,919
1.2376709653851018e+18,139.002756146435,14.3618302957528,22.36615,22.62214,22.33708,21.46025,20.80253,5935,301,4,152,1.0748996228404765e+19,GALAXY,0.9617651,9547,57806,108
1.2376709653843151e+18,137.25978808663,13.8522212071344,22.5912,22.26763,21.74502,20.82038,20.82807,5935,301,4,140,1.0749089961771e+19,GALAXY,0.9478835,9547,57806,449
1.2376709648483622e+18,139.426406488209,13.984958045607,24.45113,22.71,22.69504,21.17486,21.2091,5935,301,3,154,1.0748979185974532e+19,GALAXY,0.9800223,9547,57806,46
1.237667209971106e+18,132.526373576454,18.0910322661719,22.50347,22.64224,22.24142,21.66689,21.22822,5061,301,1,122,1.0761624394327677e+19,GALAXY,1.342846,9558,57806,993
1.2376677817415117e+18,138.429300829022,15.1416178549703,23.91198,23.44289,22.5839,21.61785,21.41947,5194,301,2,166,1.0749188368061716e+19,GALAXY,0.8934482,9547,57806,807
1.2376672099710408e+18,132.247042955094,18.0133534932463,22.45291,22.54372,21.9226,21.44131,21.32762,5061,301,1,121,1.076162604359512e+19,GALAXY,0.8081241,9558,57806,999
1.2376672115806715e+18,129.671031392145,18.1895867353759,23.44495,23.55441,22.53716,24.06157,21.60503,5061,301,4,106,1.0761490803664902e+19,GALAXY,0.8784296,9558,57806,507
1.2376677822806758e+18,143.491291006665,16.9611826792387,22.90293,22.40495,22.23664,21.26039,20.30683,5194,301,3,201,1.0788562978964e+19,GALAXY,0.8555173,9582,57806,691
1.2376709653849047e+18,138.591330547802,14.1309695341404,23.02726,21.63566,21.76567,21.18111,24.78273,5935,301,4,149,1.0749014095468712e+19,GALAXY,0.8005961,9547,57806,173
1.237667781743674e+18,143.288887624788,16.4702265280649,24.18017,22.73747,22.26932,21.67409,20.83182,5194,301,2,199,1.0788481889981454e+19,GALAXY,0.7686539,9582,57806,396
1.237667211580867e+18,130.032304682572,18.4528469035769,24.75007,22.22217,21.11719,20.63434,20.46003,5061,301,4,109,1.0761507021461412e+19,QSO,1.547741,9558,57806,566
1.237670965384643e+18,138.050399040694,14.064020103046,22.95562,22.20699,22.02463,21.78384,21.641,5935,301,4,145,1.0749048180329175e+19,GALAXY,0.7992287,9547,57806,297
1.2376677339524628e+18,138.439821040245,14.9854917293673,24.49399,23.06674,22.07658,21.53349,22.19796,5183,301,1,51,1.074918891781753e+19,GALAXY,0.6849348,9547,57806,809
1.2376709648484275e+18,139.554663424623,13.9985268483097,23.46799,22.55412,21.98565,21.0613,21.08386,5935,301,3,155,1.07489819347536e+19,GALAXY,0.8647758,9547,57806,56
1.2376709648482964e+18,139.290314423125,13.8429173005092,22.55993,22.01171,21.34452,20.86137,19.7342,5935,301,3,153,1.0748989081579182e+19,GALAXY,0.8579467,9547,57806,82
1.2376677817443953e+18,145.005580566848,16.8621429240153,23.18857,22.59457,21.61772,21.14859,20.91792,5194,301,2,210,1.078864131916748e+19,GALAXY,0.7790466,9582,57806,976
1.237670965387527e+18,144.71952671386,15.5922312106392,25.26686,23.5259,22.11055,21.65014,22.1916,5935,301,4,189,1.078839530344077e+19,GALAXY,1.032095,9582,57806,81
1.2376677817415112e+18,138.353107376665,15.2030543574972,24.93271,22.72185,22.58802,21.74363,21.28992,5194,301,2,166,1.074917819757916e+19,GALAXY,0.9027558,9547,57806,770
1.2376677817407908e+18,136.859949078768,14.5868795244926,24.28014,22.06572,21.58282,20.91381,20.4077,5194,301,2,155,1.0749108653468705e+19,GALAXY,0.0,9547,57806,517
1.237670965384774e+18,138.277655378925,14.1954879217571,23.0004,21.15198,20.06622,20.00741,19.73623,5935,301,4,147,1.0749038009846618e+19,QSO,3.534819,9547,57806,260
1.2376709653847736e+18,138.312355743546,14.0712483553596,26.08652,23.44475,22.59838,21.54165,22.23612,5935,301,4,147,1.0749036635457083e+19,GALAXY,0.7463685,9547,57806,255
1.237667781741053e+18,137.370973728996,14.9002263020189,22.23545,22.49881,21.60938,21.09674,20.33704,5194,301,2,159,1.0749135041747767e+19,GALAXY,0.875456,9547,57806,613
1.237670965387592e+18,144.803388408189,15.7211191050175,24.01996,22.706,22.25488,21.53735,21.25667,5935,301,4,190,1.0788385407836117e+19,GALAXY,0.8956847,9582,57806,45
1.2376543911015877e+18,117.479441196972,36.7046064840671,20.8311,20.58171,20.53464,20.28274,20.28016,2076,301,4,80,1.0531851478012e+19,QSO,1.522564,9354,57806,668
1.237670965924332e+18,144.403404195097,16.0502762086885,22.20232,22.09253,21.89528,21.19882,21.24494,5935,301,5,188,1.0788410421725649e+19,GALAXY,0.0,9582,57806,136
1.2376709653847084e+18,138.092544107458,14.1211200247508,22.26999,22.35811,21.58266,21.64061,22.07717,5935,301,4,146,1.074904845520708e+19,GALAXY,0.7399712,9547,57806,298
1.237667211044324e+18,130.99436600364,18.3263213017132,23.38948,22.24391,21.64922,20.81076,20.35168,5061,301,3,114,1.0761563096554428e+19,GALAXY,0.6810788,9558,57806,770
1.2376709653843156e+18,137.207981411606,13.9119065461517,23.52909,23.1424,22.94141,21.77667,23.06546,5935,301,4,140,1.074908803762568e+19,GALAXY,1.009483,9547,57806,442
1.2376543911013256e+18,116.952533177795,36.19514710078,21.48622,20.94662,20.65059,22.54016,20.10672,2076,301,4,76,1.053182591436668e+19,QSO,0.713927,9354,57806,575
1.2376709659218412e+18,138.656850570059,14.6393515235694,23.87094,25.06678,23.50403,21.60746,20.97002,5935,301,5,150,1.0749009697422205e+19,GALAXY,0.9766468,9547,57806,157
1.2376677817434772e+18,142.801263943672,16.3945357533354,23.7323,22.92257,22.3442,21.64749,21.58138,5194,301,2,196,1.0788504429969824e+19,GALAXY,0.7693561,9582,57806,478
1.237670965922169e+18,139.37917995146,14.7894033300384,23.29154,23.10104,22.53694,21.67938,21.16251,5935,301,5,155,1.074898825694546e+19,GALAXY,0.9772284,9547,57806,79
1.237670965921318e+18,137.525394809084,14.3007006884458,24.22382,23.16818,21.58459,21.41377,23.19101,5935,301,5,142,1.0749074843486149e+19,GALAXY,1.201746,9547,57806,394
1.237670965923873e+18,143.373153157898,15.6689900769315,24.67906,23.21175,22.95788,22.34341,21.66511,5935,301,5,181,1.0788476392423315e+19,GALAXY,0.9723421,9582,57806,376
1.237670965924e+18,143.629863702507,15.8340670237708,24.19389,22.57258,21.82044,20.99856,20.67709,5935,301,5,183,1.078845522682448e+19,GALAXY,0.3166485,9582,57806,299
1.2376709648483622e+18,139.458516640961,13.8921418555379,23.68406,22.71856,22.01178,21.2212,20.82931,5935,301,3,154,1.074897946085244e+19,QSO,0.6712772,9547,57806,47
1.2376709653845773e+18,137.833834145741,14.1046767356266,25.77342,24.24898,23.54349,21.81719,21.42731,5935,301,4,144,1.0749059725201269e+19,GALAXY,0.7910262,9547,57806,339
1.2376709653851676e+18,139.177276794629,14.3224567356332,22.19381,22.88575,22.02776,21.15624,20.40883,5935,301,4,153,1.074898468353267e+19,GALAXY,0.9088994,9547,57806,66
1.2376709653872645e+18,143.994675721731,15.4671316114594,24.15953,23.01809,23.21061,22.69567,21.54841,5935,301,4,185,1.0788428838545414e+19,GALAXY,0.9202817,9582,57806,203
1.2376535874051123e+18,116.917101203337,34.9419855539555,26.07353,23.35992,22.01234,20.73985,19.88962,1889,301,3,69,1.053178083438994e+19,GALAXY,0.621394,9354,57806,411
1.237670965384774e+18,138.299003018825,14.1670071247849,22.0789,22.47458,22.33693,21.62436,21.85622,5935,301,4,147,1.0749037734968711e+19,GALAXY,0.9779443,9547,57806,259
1.237667781740921e+18,136.984367317965,14.7646039807866,23.41409,22.74499,22.55378,21.49201,21.01626,5194,301,2,157,1.0749114425904749e+19,GALAXY,0.8167893,9547,57806,538
1.2376709659238735e+18,143.284702579763,15.6589160958222,25.84535,22.37133,21.143,19.76199,19.52146,5935,301,5,181,1.0788485188516336e+19,GALAXY,0.728809,9582,57806,408
1.2376709659237422e+18,142.976038509334,15.6435771461311,22.42202,22.94357,22.25869,21.19571,21.2023,5935,301,5,179,1.0788496458510522e+19,GALAXY,0.8478265,9582,57806,449
1.2376677817415114e+18,138.468053332279,15.1137188952304,23.03298,21.99803,21.5939,20.58342,20.58421,5194,301,2,166,1.0749189192695435e+19,GALAXY,0.8001964,9547,57806,810
1.2376709659238075e+18,143.241443367493,15.6651757711691,23.61163,22.56005,22.12415,21.41646,21.26099,5935,301,5,180,1.0788485463394245e+19,GALAXY,0.9131835,9582,57806,409
1.2376709659213834e+18,137.634634241814,14.2861986937371,22.8469,22.29873,22.38499,21.59938,22.934,5935,301,5,143,1.0749060549835e+19,GALAXY,0.838926,9547,57806,342
1.2376677817415112e+18,138.359715795058,15.1084149530637,22.98824,23.67294,21.97963,22.09145,23.12126,5194,301,2,166,1.07491798468466e+19,GALAXY,0.6622778,9547,57806,776
1.2376709648482967e+18,139.377852312445,13.85735084547,25.33002,23.19035,22.57261,21.39716,22.01889,5935,301,3,153,1.0748978911096623e+19,GALAXY,0.7793036,9547,57806,45
1.2376677828148595e+18,137.304044767339,15.6950837136916,20.77147,20.11769,20.01328,19.90685,19.60607,5194,301,4,160,1.074911607517219e+19,QSO,2.401122,9547,57806,544
1.2376546536340206e+18,118.10309365424,35.5227815267754,24.99896,25.97287,21.81896,20.70679,19.41996,2137,301,5,119,1.0531732455878318e+19,GALAXY,0.8392764,9354,57806,235
1.23767096538484e+18,138.443651366887,14.0681365930846,23.37991,22.88739,22.75247,21.13488,20.34044,5935,301,4,148,1.0749025640340804e+19,GALAXY,0.8749909,9547,57806,215
1.237670964848231e+18,139.116207501756,13.8850685021901,21.91954,21.9186,21.72206,20.61285,21.74299,5935,301,3,152,1.0748988806701275e+19,GALAXY,0.918971,9547,57806,81
1.237670965387133e+18,143.742548563877,15.3228981885392,23.61292,24.09947,22.6258,22.00607,21.59851,5935,301,4,183,1.0788450279022156e+19,GALAXY,0.9510226,9582,57806,281
1.237654391101e+18,116.403138287938,35.5002168599425,20.84601,20.76902,20.706,20.72956,20.4793,2076,301,4,71,1.0531803649256217e+19,QSO,2.094881,9354,57806,494
1.2376709653849708e+18,138.766162721988,14.2295894389378,22.97351,22.58518,22.13095,21.51795,22.3939,5935,301,4,150,1.07490055742536e+19,GALAXY,0.9616666,9547,57806,142
1.2376671068911055e+18,129.725949296869,18.6219605081798,23.37079,22.82151,22.30467,21.90833,20.61581,5037,301,1,110,1.0761505097316063e+19,GALAXY,1.112113,9558,57806,559
1.2376677350262054e+18,138.180431367744,15.7729149317734,22.32598,21.89318,21.03551,20.60032,20.53017,5183,301,3,51,1.0749161704904745e+19,GALAXY,0.6524052,9547,57806,710
1.2376709648482964e+18,139.367922321085,13.8905452937278,22.72214,22.32002,21.99463,21.41098,21.12454,5935,301,3,153,1.0748980010608253e+19,GALAXY,0.8560539,9547,57806,49
1.2376709659238735e+18,143.349194698655,15.6781963925024,22.70258,22.57981,21.82469,21.34514,20.98235,5935,301,5,181,1.078847501803378e+19,GALAXY,0.8624878,9582,57806,371
1.2376672099704517e+18,131.000938873562,17.4840542225989,24.10659,23.46358,22.59101,22.60025,21.55763,5061,301,1,112,1.0761427306868398e+19,GALAXY,0.8248764,9558,57806,276
1.2376709653849708e+18,138.7259537022,14.2862245168322,23.38613,22.07433,21.89105,20.86013,21.35277,5935,301,4,150,1.0749006673765226e+19,GALAXY,0.8603485,9547,57806,146
1.2376709659213832e+18,137.699589075709,14.3036967040116,24.47338,21.4437,21.63513,20.39684,20.57769,5935,301,5,143,1.0749061649346615e+19,GALAXY,0.8628686,9547,57806,346
1.237670965384774e+18,138.315675621582,14.1308236261057,24.69761,22.19134,21.86006,21.84521,21.06486,5935,301,4,147,1.0749037185212895e+19,GALAXY,0.8740565,9547,57806,257
1.2376677339548884e+18,143.970389644571,16.4443290033808,22.93876,23.06417,23.32809,21.768,22.28316,5183,301,1,88,1.0788436535126809e+19,GALAXY,0.7800469,9582,57806,231
1.2376709653845775e+18,137.863347242462,13.9425273936977,23.4109,23.18652,22.27773,21.32954,21.01352,5935,301,4,144,1.0749056976422195e+19,GALAXY,0.8128971,9547,57806,329
1.2376677828153185e+18,138.321525671293,15.9649131861032,21.18369,20.62606,20.49998,20.2909,20.08432,5194,301,4,167,1.0749172700021e+19,QSO,0.4964306,9547,57806,750
1.2376677817409871e+18,137.182314576024,14.8491156151691,22.34183,22.33784,21.87333,21.17713,21.39318,5194,301,2,158,1.07491125017594e+19,GALAXY,1.161102,9547,57806,531
1.237670965387658e+18,144.907995969003,15.7064140000068,23.82004,23.11984,22.10067,21.87465,21.25275,5935,301,4,191,1.078838513295821e+19,GALAXY,1.019055,9582,57806,44
1.237670965923939e+18,143.582085024959,15.7023530150098,23.26615,22.79351,22.24551,21.23672,20.99239,5935,301,5,182,1.0788464847551224e+19,GALAXY,0.8482445,9582,57806,334
1.237670965385167e+18,139.228282739855,14.4545135866278,25.72561,22.53249,22.77108,22.1488,20.91696,5935,301,4,153,1.0748985508166392e+19,GALAXY,0.8108912,9547,57806,69
1.237670964848231e+18,139.195860917677,13.9535951786219,23.2611,22.89398,23.22909,21.56363,21.74865,5935,301,3,152,1.0748991830358252e+19,GALAXY,0.8527434,9547,57806,92
1.2376742907556672e+18,118.389046091882,34.4514822278921,26.15094,23.43953,21.87447,20.3988,19.55726,6709,301,6,32,1.0531714863692272e+19,GALAXY,0.7515839,9354,57806,171
1.23767096538484e+18,138.50637953676,14.2351730921689,22.52659,23.23966,22.20752,22.1048,20.87436,5935,301,4,148,1.0749016844247783e+19,GALAXY,0.7790867,9547,57806,183
1.2376677817409871e+18,137.178176010366,14.7377624172094,22.584,21.89655,21.32092,20.79528,20.31304,5194,301,2,158,1.074911415102684e+19,GALAXY,1.085112,9547,57806,537
1.2376709648481656e+18,138.933431658541,13.941697646774,25.63925,23.34694,22.89968,21.73952,21.64148,5935,301,3,151,1.07490017259629e+19,GALAXY,0.8055109,9547,57806,128
1.237670965385102e+18,139.033224867414,14.2131082032171,25.03246,23.91836,22.18828,21.92429,21.1064,5935,301,4,152,1.074899457913732e+19,GALAXY,0.6548254,9547,57806,102
1.2376677817437396e+18,143.532435569088,16.4083650191154,23.77725,22.39352,21.64751,21.44714,21.18601,5194,301,2,200,1.0788468970719828e+19,GALAXY,0.406322,9582,57806,349
1.2376671068918267e+18,131.302735194471,19.3461669898243,22.47851,22.87519,22.96415,21.48528,21.03206,5037,301,1,121,1.0761577115327685e+19,GALAXY,0.956926,9558,57806,821
1.2376709659241354e+18,144.020556199597,15.8260301218715,23.30386,22.61685,22.31311,21.72651,21.4329,5935,301,5,185,1.078842196659774e+19,GALAXY,0.9409125,9582,57806,178
1.2376709653845775e+18,137.876038113273,13.914050713971,24.03998,23.5568,22.22836,21.57554,21.36974,5935,301,4,144,1.0749057526178e+19,GALAXY,0.8271227,9547,57806,331
1.2376674859201994e+18,140.55231346192,18.2446879425064,23.70222,22.48567,21.87307,21.23225,20.64231,5125,301,3,83,1.0756898693368273e+19,GALAXY,0.9245118,9554,57807,185
1.2376543921766408e+18,118.663236264366,39.6424291996807,22.85773,22.18874,21.35562,21.26577,20.93935,2076,301,6,100,1.05352201067784e+19,QSO,1.174289,9357,57807,635
1.2376543916399007e+18,119.420458952643,39.5908354285072,21.83913,20.72048,19.3089,18.74929,18.35351,2076,301,5,102,1.0535265461633e+19,GALAXY,0.3692706,9357,57807,800
1.2376543921766413e+18,118.695241513916,39.5530815005556,23.27897,22.82777,22.05636,20.64918,19.95173,2076,301,6,100,1.053522120629e+19,GALAXY,0.7581937,9357,57807,639
1.2376511908146056e+18,118.430054704704,39.982426707171,19.38951,19.19968,18.85808,18.72293,18.7006,1331,301,3,88,1.0535207187516774e+19,QSO,1.337216,9357,57807,588
1.2376675385401024e+18,140.273773968161,18.8421211275193,22.36773,22.45558,21.99325,21.38245,20.98677,5137,301,5,183,1.0757060321577556e+19,GALAXY,0.7143015,9554,57807,773
1.2376677350262707e+18,138.325943855513,15.7570753604199,22.94539,22.805,21.61201,20.99375,20.34569,5183,301,3,52,1.0751330491607308e+19,QSO,0.758933,9549,57807,408
1.2376675374661637e+18,140.056441908164,17.8364994082919,23.45143,22.91581,22.40733,21.5792,21.46765,5137,301,3,180,1.075692947969385e+19,GALAXY,0.8369431,9554,57807,297
1.237667485920068e+18,140.131769586126,18.2408150046577,23.24604,22.57067,21.80864,21.33553,20.94057,5125,301,3,81,1.0756923707257805e+19,GALAXY,0.7799178,9554,57807,276
1.2376675374657708e+18,139.138184722628,17.6060032594081,22.53576,22.6809,22.74373,21.41728,20.92165,5137,301,3,174,1.0751436044723577e+19,GALAXY,0.8350445,9549,57807,792
1.2376672926530278e+18,140.340298225133,19.8978653890815,22.8021,22.84288,22.08627,21.47367,21.02528,5080,301,3,180,1.0757062520600812e+19,GALAXY,0.967424,9554,57807,781
1.2376674859201336e+18,140.288510795327,18.1446248988282,23.40415,22.30731,21.96707,21.50548,20.34272,5125,301,3,82,1.0756908588972925e+19,GALAXY,0.6779008,9554,57807,221
1.237654392176247e+18,117.848238486087,38.908865239598,20.75242,20.46299,20.37766,20.06948,20.16311,2076,301,6,94,1.053519399337724e+19,QSO,1.631051,9357,57807,540
1.2376675369286374e+18,138.616888987787,17.1725506658868,23.39197,22.96797,22.37912,22.05778,21.26548,5137,301,2,170,1.075139591254916e+19,GALAXY,0.7701658,9549,57807,646
1.237654392176182e+18,117.986447187624,38.7347943784785,22.35139,21.78006,21.21625,20.70064,20.25285,2076,301,6,93,1.0535175851435385e+19,GALAXY,0.5957339,9357,57807,474
1.237654392176706e+18,118.786751857759,39.7206015764279,20.72946,20.62613,20.37302,20.31219,20.41174,2076,301,6,101,1.0535231651650492e+19,QSO,1.162125,9357,57807,677
1.237667542286927e+18,141.439190635262,19.0814355107594,22.74661,23.04414,22.83617,21.36852,20.61315,5138,301,4,11,1.0757113098135687e+19,GALAXY,0.7663578,9554,57807,965
1.2376675385399055e+18,139.728706119404,18.6099148226744,22.47043,22.22614,21.82062,21.46354,21.19629,5137,301,5,180,1.0757027885984537e+19,GALAXY,1.220255,9554,57807,655
1.2376543921762473e+18,118.023467181333,38.8985288851729,21.55892,21.57748,21.61598,21.20538,21.05744,2076,301,6,94,1.0535177500702824e+19,QSO,1.950239,9357,57807,480
1.2376675422869268e+18,141.483339197847,18.9778062344093,23.79239,22.82449,22.76147,21.59725,21.04684,5138,301,4,11,1.075711832081592e+19,GALAXY,0.8108646,9554,57807,984
1.237667538540037e+18,140.033913697999,18.7731337846598,23.98102,23.01702,22.385,22.29627,23.19641,5137,301,5,182,1.0757050700850813e+19,GALAXY,0.8247911,9554,57807,738
1.237667537465574e+18,138.717654613162,17.5522188991423,22.74331,22.56654,22.5374,22.15695,21.92474,5137,301,3,171,1.0751404158886367e+19,GALAXY,0.9110088,9549,57807,676
1.2376672926527657e+18,139.734719848065,19.7375465303404,24.2513,22.60113,21.78418,20.94266,20.87268,5080,301,3,176,1.0757018815013607e+19,GALAXY,0.7082087,9554,57807,622
1.2376675374657713e+18,139.167184627364,17.6922158486476,22.35188,21.82005,21.86024,20.68554,20.34565,5137,301,3,174,1.0756970711379892e+19,GALAXY,0.8807204,9554,57807,447
1.237654392176837e+18,119.050806725322,39.9480659846275,21.99891,22.03223,22.03747,22.02886,21.7375,2076,301,6,103,1.0535240172865608e+19,QSO,2.163614,9357,57807,708
1.2376677350271227e+18,140.34292846033,16.2336796391497,23.03245,22.62358,22.10445,21.5599,21.01806,5183,301,3,65,1.0751219166055e+19,GALAXY,0.9007314,9549,57807,3
1.237667537465574e+18,138.720721953175,17.583605871963,23.64938,22.78108,22.60153,21.99422,22.37016,5137,301,3,171,1.0751401684985209e+19,GALAXY,0.9608458,9549,57807,667
1.2376674859190853e+18,137.957632781637,17.5785709328396,21.82899,21.83775,21.03086,20.64409,19.848,5125,301,3,66,1.0751369524270094e+19,GALAXY,0.5519567,9549,57807,550
1.2376674859200684e+18,140.216012265782,18.2110512650401,22.49544,21.97898,21.13224,20.46868,20.20453,5125,301,3,81,1.0756911337752e+19,GALAXY,0.781805,9554,57807,231
1.23765439217592e+18,117.426080420871,38.2595289702597,22.27537,22.24025,21.73397,21.55355,20.86527,2076,301,6,89,1.0535178050458638e+19,GALAXY,0.1618748,9357,57807,482
1.2376675374659676e+18,139.566105053822,17.7736517512326,22.87459,23.42565,22.52184,22.16859,21.89549,5137,301,3,177,1.0751456935444505e+19,GALAXY,0.8292706,9549,57807,868
1.2376675374653115e+18,138.092046077884,17.4059782818954,23.23781,22.02707,21.43949,20.83147,20.36385,5137,301,3,167,1.0751382168653812e+19,GALAXY,0.7889702,9549,57807,596
1.2376543916400315e+18,119.521317745422,39.9366265537728,21.74174,21.12401,20.64694,20.42653,19.98556,2076,301,5,104,1.053527315821444e+19,GALAXY,0.328495,9357,57807,828
1.2376677817417736e+18,139.088811338545,15.221426651278,23.29997,22.37407,21.83612,21.34277,21.50804,5194,301,2,170,1.0751284586996849e+19,GALAXY,0.9672928,9549,57807,241
1.237667485920199e+18,140.407137520123,18.2799370715066,25.12308,23.58163,22.68679,23.2505,21.42029,5125,301,3,83,1.0756901717025247e+19,GALAXY,1.180023,9554,57807,196
1.2376674859190853e+18,137.927060229538,17.5278687446272,23.64301,23.33364,22.27252,21.64419,21.0487,5125,301,3,66,1.0751367600124744e+19,GALAXY,0.8863715,9549,57807,543
1.2376674859195436e+18,138.890822769575,17.867410166179,23.70654,22.84485,22.15226,21.31492,21.12263,5125,301,3,73,1.0756981981374077e+19,GALAXY,0.7914885,9554,57807,488
1.237667538539709e+18,139.275345555484,18.6356512903503,23.21832,23.34875,22.72478,21.83636,21.7621,5137,301,5,177,1.07570067203857e+19,GALAXY,0.6531826,9554,57807,578
1.2376672926527e+18,139.474180393139,19.7391409967381,22.50659,22.35073,21.66721,21.33715,21.06248,5080,301,3,175,1.0757008919409e+19,GALAXY,0.75455,9554,57807,586
1.2376674859195438e+18,138.950009156566,17.8851716135796,23.47894,22.48313,21.82021,21.23842,21.07147,5125,301,3,73,1.0756974559670587e+19,GALAXY,0.6677337,9554,57807,461
1.2376672926527657e+18,139.766444476907,19.6985808598038,22.74878,22.5762,21.70559,21.0696,20.88063,5080,301,3,176,1.0757030634763606e+19,GALAXY,0.7318743,9554,57807,665
1.237654391102834e+18,119.301728900682,38.9997540802767,23.34081,25.10877,22.6938,21.08759,19.89656,2076,301,4,99,1.0535259689197e+19,QSO,6.307326,9357,57807,779
1.2376677817420357e+18,139.635811051971,15.5369593159347,23.20415,22.11258,21.55284,20.985,20.02849,5194,301,2,174,1.0751253250915455e+19,GALAXY,0.8770077,9549,57807,127
1.2376674859204616e+18,141.062994587523,18.5528607581719,23.1567,22.60982,22.46255,21.76769,21.32215,5125,301,3,87,1.0756868456798507e+19,GALAXY,0.9483724,9554,57807,75
1.2376543911025705e+18,119.084875935608,38.4594628984241,20.57797,20.52289,20.34154,20.2096,20.27281,2076,301,4,95,1.053513022170283e+19,QSO,1.326537,9357,57807,308
1.237667537465836e+18,139.273549328975,17.7114223815292,22.85812,22.50843,22.04345,22.02438,21.09502,5137,301,3,175,1.075697263552524e+19,GALAXY,0.9324397,9554,57807,454
1.2376677344899244e+18,139.664248199788,15.6927346518329,23.52912,23.36691,22.18571,21.82437,21.57822,5183,301,2,60,1.0751251876525922e+19,GALAXY,0.7831589,9549,57807,122
1.2376674859203297e+18,140.733848949264,18.3218441853367,22.76212,19.62481,18.14875,17.68807,17.41848,5125,301,3,85,1.0756887698252e+19,STAR,0.000766203,9554,57807,145
1.2376675385400369e+18,140.105309343675,18.7835044920659,23.2472,22.92935,22.56522,22.2408,21.53149,5137,301,5,182,1.0757049601339183e+19,GALAXY,0.9372001,9554,57807,734
1.2376543916399662e+18,119.464663805325,39.7091553962254,21.43159,19.49458,18.05988,17.49754,17.13398,2076,301,5,103,1.0535262163098163e+19,GALAXY,0.2571742,9357,57807,788
1.2376672926525036e+18,139.064479524295,19.4921166948963,23.04012,22.35636,21.82625,21.30223,20.8654,5080,301,3,172,1.0756998199170589e+19,GALAXY,0.7352433,9554,57807,547
1.2376543916397038e+18,119.040307202186,39.3248266679702,22.20149,20.4531,19.84366,19.65708,19.48465,2076,301,5,99,1.053524457091212e+19,STAR,0.0001071642,9357,57807,724
1.237667538539971e+18,139.876396904854,18.7436501616365,23.06526,22.86336,22.36536,21.89461,21.78644,5137,301,5,181,1.0757038606222907e+19,GALAXY,0.9410698,9554,57807,694
1.2376677828151877e+18,138.072711622199,15.9131005458222,20.35997,19.82493,19.65394,19.52495,19.40679,5194,301,4,165,1.0751342311357309e+19,QSO,2.381425,9549,57807,451
1.2376675385401677e+18,140.327153224549,18.8339485298984,23.35086,22.6379,21.81146,20.87496,20.50034,5137,301,5,184,1.075707159157174e+19,GALAXY,0.7844017,9554,57807,814
1.2376674859203302e+18,140.790222591793,18.394232391,26.33532,22.27428,21.85192,21.65256,23.18027,5125,301,3,85,1.0756878902159e+19,GALAXY,0.3153913,9554,57807,113
1.237667783352714e+18,139.382607440775,16.6546084973857,23.45217,22.65905,22.32555,21.60353,21.38262,5194,301,5,175,1.075128431211894e+19,GALAXY,0.8557658,9549,57807,240
1.2376675369283103e+18,137.973008599661,16.8794125906004,24.83666,23.16558,22.22637,21.63895,21.63132,5137,301,2,165,1.075137612133986e+19,QSO,0.6823524,9549,57807,574
1.237667537466164e+18,140.055726363875,17.9410657530756,22.1352,22.22369,21.98092,21.07199,20.62457,5137,301,3,180,1.0756930029449665e+19,GALAXY,0.7753103,9554,57807,299
1.237667536928899e+18,139.225700795079,17.3325550759787,19.23335,18.34335,18.00805,17.88592,17.87839,5137,301,2,174,1.0751437419113107e+19,STAR,-2.426568e-05,9549,57807,797
1.2376543916397704e+18,119.166421297329,39.4120192110167,24.2071,23.67531,22.08489,20.84834,19.79035,2076,301,5,100,1.0535244296034212e+19,GALAXY,0.8167698,9357,57807,723
1.237667537466426e+18,140.554575738979,18.1007960747483,23.47221,22.92736,22.04414,21.44685,20.6848,5137,301,3,184,1.075689814361246e+19,GALAXY,0.917678,9554,57807,183
1.237670965390934e+18,152.508855626393,17.2717934323402,19.21644,19.04048,18.88617,18.81993,18.91278,5935,301,4,241,1.0776055209597884e+19,QSO,1.425731,9571,57808,244
1.2376677817480648e+18,153.636734861152,18.6659508559337,22.66481,22.46231,21.99441,21.16459,20.47013,5194,301,2,266,1.0775999134504868e+19,GALAXY,0.7990286,9571,57808,40
1.2376677350319726e+18,151.538562565483,19.0607202837671,24.0255,23.00079,22.07454,21.91948,21.61643,5183,301,3,139,1.0776159113446707e+19,GALAXY,0.122383,9571,57808,622
1.2376677339584271e+18,152.175954791079,18.1336058900376,23.71966,22.54471,21.81006,20.97552,20.83558,5183,301,1,142,1.0776071977150208e+19,QSO,1.172899,9571,57808,305
1.2376677350323658e+18,152.537205077705,19.0756571026077,23.34454,22.59562,22.31931,21.69188,21.25649,5183,301,3,145,1.0776215188539724e+19,GALAXY,0.8041136,9571,57808,826
1.2376677817479337e+18,153.323459505665,18.6497360281202,20.78729,21.07555,20.95818,19.90523,19.67492,5194,301,2,264,1.0776257519737395e+19,GALAXY,0.8398324,9571,57808,980
1.2376677344956262e+18,152.938329604355,18.7539502841312,25.56778,22.68826,22.33436,21.23604,22.80449,5183,301,2,147,1.077624405072e+19,GALAXY,0.2910712,9571,57808,931
1.237670965928e+18,152.964697012403,17.68046205398,22.28811,22.22911,21.20243,20.51347,19.9285,5935,301,5,244,1.0776013977911845e+19,GALAXY,0.7523241,9571,57808,94
1.2376677817468196e+18,150.66592118339,18.0952538880921,22.73664,22.68772,22.2124,21.40552,21.02796,5194,301,2,247,1.077612227980718e+19,GALAXY,1.160899,9571,57808,488
1.237667735032497e+18,152.827795750548,19.2635405173993,25.67422,22.87726,22.20416,21.5773,21.04796,5183,301,3,147,1.0776230306824608e+19,GALAXY,0.8997962,9571,57808,881
1.237670966465e+18,153.292566770117,18.0706535540454,25.46064,22.70583,22.46159,21.38411,21.69345,5935,301,6,246,1.0776006556208355e+19,GALAXY,0.7973204,9571,57808,67
1.237670965927674e+18,152.239281473786,17.514340761223,24.8427,24.59126,23.01837,21.51425,21.24602,5935,301,5,239,1.0776077749586252e+19,GALAXY,0.6043288,9571,57808,326
1.2376709659277396e+18,152.416383980788,17.5066272493194,23.53742,23.22257,22.11457,21.40433,20.95496,5935,301,5,240,1.0776065929836255e+19,GALAXY,1.056638,9571,57808,283
1.237670965927936e+18,152.816262355553,17.5711130918673,24.56774,23.15358,22.53758,21.68585,21.06538,5935,301,5,243,1.0776021949371144e+19,GALAXY,0.7554353,9571,57808,123
1.2376677812104727e+18,151.920684202886,18.0187091199248,21.83118,22.41247,21.86745,20.8461,21.02231,5194,301,1,255,1.07760914934816e+19,GALAXY,0.7966935,9571,57808,376
1.2376677350326277e+18,153.057337587242,19.2799264446681,24.08681,22.74156,21.97194,22.10614,22.91924,5183,301,3,149,1.0776251747301347e+19,GALAXY,1.371683,9571,57808,959
1.2376682896193628e+18,152.392140844052,17.4334960257319,25.90393,22.85225,22.11895,21.58161,21.78468,5312,301,4,135,1.0776065654958348e+19,GALAXY,0.7797846,9571,57808,282
1.237667781747606e+18,152.459534979396,18.5942353842236,22.51736,22.40934,21.71458,21.2793,20.86258,5194,301,2,259,1.0776052460818817e+19,GALAXY,1.029597,9571,57808,234
1.237667781210604e+18,152.366631774466,18.0413245022255,22.85889,22.78155,22.34543,21.85272,22.9137,5194,301,1,257,1.077607005300486e+19,GALAXY,0.759422,9571,57808,298
1.237667733958361e+18,152.114727671579,18.1477844145887,22.51298,24.74368,22.3675,21.78916,21.49852,5183,301,1,141,1.0776072801783929e+19,GALAXY,1.05988,9571,57808,308
1.2376677822844116e+18,152.320345769944,18.9509078108631,22.70013,22.36027,21.75659,21.16315,21.76997,5194,301,3,258,1.077620391854554e+19,GALAXY,0.8440011,9571,57808,785
1.2376709653908687e+18,152.50265943458,17.2345869028342,19.41411,19.33801,19.26314,19.00886,18.83735,5935,301,4,240,1.0776054384964164e+19,QSO,1.96408,9571,57808,241
1.2376709664650696e+18,153.375786961142,18.1318071842968,22.15892,22.79053,22.53386,21.79616,20.53444,5935,301,6,247,1.077599006353394e+19,GALAXY,1.625758,9571,57808,7
1.2376677350315791e+18,150.614924889028,18.6905095145837,22.82214,22.14277,21.53486,21.32107,20.91271,5183,301,3,133,1.0776134099557175e+19,GALAXY,0.8826524,9571,57808,531
1.2376677350324964e+18,152.818946073442,19.1288654310763,21.89511,21.22172,20.64402,20.50112,20.13158,5183,301,3,147,1.0776232505847863e+19,GALAXY,1.169562,9571,57808,889
1.237667782820954e+18,151.314098455307,19.1855395068521,18.08429,18.18186,18.25097,18.12301,17.81978,5194,301,4,253,1.07761310759002e+19,STAR,0.0001584345,9571,57808,520
1.237670965928133e+18,153.290257273737,17.816331612845,23.17873,22.84436,22.22591,21.62444,21.0177,5935,301,5,246,1.0776004082307193e+19,GALAXY,0.7639422,9571,57808,58
1.2376709659247252e+18,145.371896936152,16.2474295496513,22.85167,22.38293,22.17452,21.54352,21.35518,5935,301,5,194,1.0789603941647931e+19,GALAXY,0.837081,9583,57809,382
1.2376709648511803e+18,145.927329125204,15.4886043255965,23.00341,23.37539,22.47777,22.18736,21.16958,5935,301,3,197,1.0789565183863052e+19,GALAXY,0.8926877,9583,57809,241
1.237667781744264e+18,144.743280506479,16.8637316749329,22.77067,22.33676,22.11019,21.17658,21.18552,5194,301,2,208,1.0789646822601417e+19,GALAXY,0.7975754,9583,57809,538
1.2376682896163476e+18,145.346490522008,15.8789748419827,22.27297,22.60637,22.58356,21.472,20.5191,5312,301,4,89,1.0789601467746769e+19,GALAXY,0.9134141,9583,57809,373
1.2376677822815278e+18,145.514308554785,17.3681467243808,23.50427,22.72517,21.98201,21.58198,21.24863,5194,301,3,214,1.0789675409903737e+19,GALAXY,0.6412321,9583,57809,642
1.2376672110484524e+18,140.298642057062,21.9262702950228,22.20318,22.24101,22.04953,21.73202,20.70516,5061,301,3,177,1.076487867391832e+19,GALAXY,1.060582,9561,57809,544
1.2376575962221775e+18,119.791781412523,35.2812192112685,20.89034,20.71673,20.52395,20.54211,20.47751,2822,301,6,99,1.053401971499233e+19,QSO,2.170438,9356,57809,364
1.2376677817441984e+18,144.616380886704,16.7320599646797,22.68059,22.41191,21.77951,21.48832,21.31834,5194,301,2,207,1.0789641874799088e+19,GALAXY,0.8542062,9583,57809,520
1.2376677817452465e+18,146.906390096731,17.3449687839028,23.01458,22.27652,21.49294,20.73724,20.45992,5194,301,2,223,1.0789753475229309e+19,GALAXY,0.80336,9583,57809,926
1.2376709659252495e+18,146.599279873507,16.4410443433708,22.51894,22.33091,21.56515,20.98738,20.5743,5935,301,5,202,1.078953852070608e+19,GALAXY,0.8906741,9583,57809,144
1.237667211048911e+18,141.275384088384,22.2215836565993,22.58551,21.78435,21.15523,20.33913,19.76062,5061,301,3,184,1.0764932824866e+19,GALAXY,0.9655516,9561,57809,741
1.2376682896164787e+18,145.702028940768,16.0933910961985,24.65127,22.45457,21.76894,21.13723,20.68464,5312,301,4,91,1.078958057702584e+19,GALAXY,1.084962,9583,57809,297
1.237670965924922e+18,145.797521337534,16.1900760965176,22.67068,22.42631,22.0924,21.43147,20.73562,5935,301,5,197,1.0789581126781655e+19,GALAXY,0.8458299,9583,57809,299
1.2376677817451814e+18,146.8986627644,17.2050087832791,25.16432,22.60894,22.54997,21.47508,20.70585,5194,301,2,222,1.0789696025746756e+19,GALAXY,0.0,9583,57809,717
1.237670965925053e+18,146.115325690061,16.3732805371764,22.22054,22.36995,21.62597,20.61707,20.22123,5935,301,5,199,1.078955996118282e+19,GALAXY,0.8558027,9583,57809,222
1.2376709648513116e+18,146.342463841734,15.4599950440288,23.224,23.34194,22.37044,21.32061,20.7432,5935,301,3,199,1.0789543193630497e+19,GALAXY,0.7307261,9583,57809,161
1.2376709659253148e+18,146.608769374153,16.5025451178049,22.9609,22.61313,22.30194,21.72231,21.54976,5935,301,5,203,1.0789537696072356e+19,GALAXY,0.8402886,9583,57809,141
1.2376677344924805e+18,145.509775808249,17.2667136945595,22.38309,22.7476,22.17784,21.23241,20.71544,5183,301,2,99,1.0789676784293272e+19,GALAXY,0.7342315,9583,57809,647
1.2376682896171996e+18,147.266081766826,16.3893709506738,26.71891,22.43382,21.90925,20.73601,20.35216,5312,301,4,102,1.0789505260479338e+19,GALAXY,0.7587625,9583,57809,23
1.2376709648514424e+18,146.503234654182,15.6639080222576,22.42207,22.12262,21.20131,20.77306,19.66259,5935,301,3,201,1.078953274827e+19,GALAXY,1.126147,9583,57809,123
1.2376709648515077e+18,146.640598760664,15.6905370940683,22.80695,22.32257,22.32811,21.08862,20.70271,5935,301,3,202,1.0789522577787476e+19,GALAXY,0.8480359,9583,57809,86
1.2376677344926766e+18,145.920137428254,17.2743099325418,20.79714,20.79424,20.15733,19.11283,20.25016,5183,301,2,102,1.078969849964792e+19,GALAXY,0.7574827,9583,57809,726
1.237670964851311e+18,146.205985337937,15.447134901982,23.92165,22.96351,22.27474,21.4032,21.73109,5935,301,3,199,1.0789554738502588e+19,GALAXY,0.9014878,9583,57809,203
1.2376682896168064e+18,146.380980282256,16.135054363551,22.76716,24.03245,21.91,21.19418,21.48149,5312,301,4,96,1.078954566753166e+19,GALAXY,0.8076392,9583,57809,170
1.2376672105119089e+18,141.068975419522,21.8943956508669,23.22808,22.75398,22.33142,24.46231,21.73379,5061,301,2,182,1.0764924578528778e+19,GALAXY,1.014167,9561,57809,711
1.2376677812079823e+18,146.142361138946,16.6896838565234,22.1318,23.0073,22.32419,21.46891,22.17607,5194,301,1,217,1.0789561610450262e+19,GALAXY,0.7898343,9583,57809,228
1.2376709659251835e+18,146.406103203466,16.495661506099,19.65027,19.35303,19.29736,19.06938,19.19285,5935,301,5,201,1.0789538245828172e+19,QSO,1.637306,9583,57809,143
1.2376682896164134e+18,145.571668185395,15.933923481221,23.22122,22.59842,22.37223,21.00608,21.03822,5312,301,4,90,1.0789589098241e+19,GALAXY,0.7545283,9583,57809,328
1.2376682896164132e+18,145.472581236959,16.0420879102187,24.28514,22.92274,22.10128,22.04465,20.73029,5312,301,4,90,1.0789602842136304e+19,GALAXY,0.7126931,9583,57809,378
1.2376709653886405e+18,147.259030926869,16.1981200077684,19.29663,18.34211,17.99434,17.86331,17.83641,5935,301,4,206,1.0789512132427e+19,STAR,0.0007014013,9583,57809,48
1.237657608570864e+18,122.0821035209,36.3331138690023,20.10568,20.01932,20.0378,19.69274,19.68913,2825,301,5,109,1.0533927356015596e+19,QSO,1.800836,9356,57809,28
1.23766729265329e+18,140.885691557167,20.0546763561511,24.30814,23.18108,22.35289,21.56318,21.12755,5080,301,3,184,1.076482177419158e+19,GALAXY,0.8198597,9561,57809,337
1.237670965924529e+18,144.814787087044,16.0079003765059,23.5535,23.01418,23.16166,21.58396,21.20266,5935,301,5,191,1.078962483236886e+19,GALAXY,0.9160937,9583,57809,458
1.237657609107735e+18,121.727126676182,36.617903760784,23.89974,21.79222,20.37892,19.5546,19.15994,2825,301,6,109,1.053394055015513e+19,STAR,-6.792851e-05,9356,57809,76
1.237667293727163e+18,140.873087543892,21.0215311756948,22.73625,22.64996,22.35414,21.67566,21.39646,5080,301,5,186,1.0764909460243896e+19,GALAXY,0.6404774,9561,57809,656
1.2376709648512456e+18,146.05225385236,15.5358903837852,24.33229,22.49281,22.00524,21.77038,21.40519,5935,301,3,198,1.078955446362468e+19,GALAXY,0.8689815,9583,57809,202
1.23765759622244e+18,120.243885960888,35.6755303466517,23.14688,21.67377,21.27967,21.06486,21.32454,2822,301,6,103,1.0533988104033e+19,STAR,0.0002149257,9356,57809,249
1.2376709659246597e+18,145.085425994608,16.1593547574432,24.55796,22.4625,22.21467,21.46039,23.00813,5935,301,5,193,1.0789614112130488e+19,GALAXY,0.9805436,9583,57809,419
1.237670965387723e+18,145.077419708819,15.7174604101582,19.96411,19.3665,19.14662,19.03655,18.88265,5935,301,4,192,1.0789620434322348e+19,QSO,0.7198356,9583,57809,442
1.237657608570536e+18,121.520400909945,35.7731830398682,18.6018,17.55751,17.25207,17.13934,17.14592,2825,301,5,104,1.0533922957969086e+19,STAR,-8.698698e-06,9356,57809,12
1.237657596222571e+18,120.590380348696,35.8282709381756,22.47691,21.85842,21.66263,21.58553,21.50028,2822,301,6,105,1.0533966388678384e+19,QSO,2.077531,9356,57809,170
1.2376709653877233e+18,145.149653196874,15.6868348958375,23.51118,23.28184,23.20591,22.1338,21.24085,5935,301,4,192,1.0789612462863e+19,GALAXY,0.6823226,9583,57809,413
1.2376672110488458e+18,141.156774892547,22.1716902254267,24.63453,22.39879,21.86802,20.99778,21.10854,5061,301,3,183,1.0764934749011335e+19,GALAXY,0.7906529,9561,57809,748
1.2376672937271626e+18,140.855207659142,20.9790154179434,22.87597,22.51752,21.81936,21.24279,20.84055,5080,301,5,186,1.0764909185366e+19,GALAXY,0.9363767,9561,57809,655
1.2376672099754317e+18,142.296545743735,21.658998527423,23.30335,22.51623,21.91693,22.04918,20.80582,5061,301,1,188,1.0764990274348536e+19,GALAXY,1.119847,9561,57809,950
1.237653587406292e+18,118.697312015411,37.1828856881594,26.04394,23.34168,21.59698,20.59081,19.73073,1889,301,3,87,1.0534060122044652e+19,GALAXY,0.6954515,9356,57809,511
1.237657596222243e+18,119.919423864431,35.3576010448131,21.54057,20.1315,19.48849,19.23226,18.98341,2822,301,6,100,1.053400817012024e+19,STAR,2.548151e-05,9356,57809,322
1.237670965387854e+18,145.365967895884,15.8074649076228,23.60369,23.1248,22.4003,21.62845,21.94029,5935,301,4,194,1.0789600917991e+19,GALAXY,0.9075317,9583,57809,371
1.2376677350300718e+18,147.035277032851,17.8758260742001,23.70821,23.71732,22.2285,21.58417,21.81733,5183,301,3,110,1.0789758972787448e+19,QSO,3.90988,9583,57809,946
1.2376677339556746e+18,145.815949653628,16.890069432396,23.23785,22.89558,22.61803,21.84181,21.36442,5183,301,1,100,1.0789701523304897e+19,GALAXY,0.7594204,9583,57809,737
1.23765759622244e+18,120.222481983351,35.6972461927256,21.96586,21.92584,21.5589,21.4072,21.33497,2822,301,6,103,1.0534000198660936e+19,QSO,0.9641314,9356,57809,293
1.2376576091072763e+18,120.852603788245,35.8452051029984,22.13325,21.08771,20.50489,20.28145,20.19602,2825,301,6,102,1.0533951545271409e+19,STAR,-5.015146e-05,9356,57809,116
1.237670965388379e+18,146.604574360344,15.9438872735779,21.83434,22.2428,21.75314,20.63929,20.36074,5935,301,4,202,1.078953467241538e+19,GALAXY,0.9903956,9583,57809,130
1.2376672099753664e+18,142.042559205851,21.7003559833524,23.6825,21.77704,21.49154,20.75152,20.22813,5061,301,1,187,1.0764989724592724e+19,GALAXY,1.111927,9561,57809,948
1.237670965387854e+18,145.442679140691,15.8360178453641,18.69861,17.69766,17.38024,17.24881,17.1924,5935,301,4,194,1.0789600093357234e+19,STAR,0.0003771893,9583,57809,368
1.23766778174505e+18,146.51741274265,17.1159469140487,22.79413,22.48888,21.69236,20.9768,20.45435,5194,301,2,220,1.0789741105723496e+19,GALAXY,0.6739289,9583,57809,881
1.23767096538792e+18,145.592765861073,15.7792970253035,23.41039,22.5808,22.0818,21.35185,22.12332,5935,301,4,195,1.0789589922874675e+19,GALAXY,0.710759,9583,57809,331
1.2376709653882476e+18,146.28469468291,15.8591090372168,22.81382,21.91538,20.95964,20.48616,20.69519,5935,301,4,200,1.0789546217287471e+19,GALAXY,0.5050923,9583,57809,172
1.2376709653884444e+18,146.775863580218,16.1589357948768,24.41943,24.56547,21.69298,20.99106,21.81906,5935,301,4,203,1.078952587632236e+19,GALAXY,0.7360904,9583,57809,98
1.2376575962228987e+18,121.143564371544,36.5557723126391,22.13288,21.58969,21.27423,21.06369,20.60114,2822,301,6,110,1.0533946047713268e+19,QSO,2.542073,9356,57809,96
1.2376677350295475e+18,145.871309980367,17.6087135910466,25.07584,22.6098,22.2089,21.37881,20.85171,5183,301,3,102,1.0789706745985128e+19,GALAXY,0.8610033,9583,57809,756
1.237657596222571e+18,120.550314101126,35.965121359765,21.44165,21.33139,21.21551,20.84255,20.74268,2822,301,6,105,1.053396858770164e+19,QSO,1.725858,9356,57809,178
1.2376709653878548e+18,145.318772667304,15.8160380750091,23.46123,23.01376,22.54488,21.46656,21.70984,5935,301,4,194,1.0789609164328163e+19,GALAXY,0.7508633,9583,57809,401
1.23767096538792e+18,145.558942084726,15.8494493793955,23.86893,23.07913,22.15359,21.36472,21.23712,5935,301,4,195,1.0789591022386303e+19,GALAXY,0.6739063,9583,57809,335
1.2376576091069486e+18,120.24080210302,35.4031305771501,20.17463,20.21713,19.84048,19.86973,19.90637,2825,301,6,97,1.0533986729643495e+19,QSO,1.368629,9356,57809,244
1.23767096538792e+18,145.592308341151,15.7197389371717,23.93799,21.83036,21.19789,21.14359,21.9522,5935,301,4,195,1.0789589373118863e+19,GALAXY,0.1790009,9583,57809,329
1.2376677812079176e+18,146.084748078975,16.68108907387,23.35592,23.11076,22.55707,21.72296,20.94833,5194,301,1,216,1.0789562435084e+19,GALAXY,0.8865674,9583,57809,231
1.2376709659248568e+18,145.611258506344,16.3510166061606,23.83002,23.14151,22.30286,21.74886,21.56266,5935,301,5,196,1.0789595145554907e+19,GALAXY,1.097729,9583,57809,350
1.2376709653877228e+18,145.073589392334,15.7003125625083,18.97553,18.85356,18.64748,18.54039,18.38881,5935,301,4,192,1.0789623457979324e+19,QSO,2.063367,9583,57809,453
1.23766773395574e+18,145.877637278326,16.8783885405621,22.6843,22.01905,21.49395,20.75884,20.87544,5183,301,1,101,1.078970207306071e+19,GALAXY,0.8368583,9583,57809,739
1.2376677812072622e+18,144.555789324859,16.4028651533694,26.05799,23.73981,23.58018,21.70601,21.83066,5194,301,1,206,1.0789635827485137e+19,GALAXY,1.245049,9583,57809,498
1.237670965924528e+18,144.862147764647,15.9885176026268,19.03375,18.09074,17.65721,17.48623,17.40199,5935,301,5,191,1.0789623732857231e+19,STAR,-9.911599e-05,9583,57809,454
1.2376675390775631e+18,141.523077412979,19.6667555698639,22.72502,22.74738,21.67005,21.7447,21.081,5137,301,6,192,1.07647750449474e+19,GALAXY,0.3413555,9561,57809,167
1.237670965924922e+18,145.727572038085,16.3041723723725,24.77417,23.125,21.74739,21.29416,21.16161,5935,301,5,197,1.0789582226293285e+19,QSO,0.7197214,9583,57809,303
1.2376672105120404e+18,141.454553290401,21.8394848014122,22.49814,22.31821,21.87714,21.87811,20.76008,5061,301,2,184,1.0764946293883429e+19,GALAXY,0.760195,9561,57809,790
1.237667292653159e+18,140.60440916652,20.005030750764,22.41304,22.43078,21.71487,21.18251,20.67094,5080,301,3,182,1.0764842664912509e+19,GALAXY,0.7758555,9561,57809,413
1.2376709653877235e+18,145.032780665476,15.7188694162948,22.92899,23.00902,22.73031,21.45548,21.62491,5935,301,4,192,1.078962098407816e+19,GALAXY,1.051879,9583,57809,444
1.237670965924791e+18,145.491485489935,16.1691645230619,24.10322,24.36976,22.26008,21.52835,21.97593,5935,301,5,195,1.0789602567258397e+19,GALAXY,0.8290959,9583,57809,377
1.237667211047994e+18,139.209351771299,21.5160769375132,22.306,22.66812,22.13762,21.21021,20.4621,5061,301,3,170,1.0797502283493167e+19,GALAXY,0.8394361,9590,57813,444
1.2376672110484526e+18,140.239178652729,21.9193095041021,23.02968,22.72698,21.82081,21.55882,21.40371,5061,301,3,177,1.0797437687185e+19,GALAXY,0.4898987,9590,57813,209
1.237667253998388e+18,141.170708770165,22.5129182487369,22.819,22.49034,22.53845,22.26759,21.15037,5071,301,3,181,1.07973887589176e+19,GALAXY,1.018515,9590,57813,31
1.2376671423296307e+18,138.885261763662,23.6011728770672,25.10801,25.61733,24.88565,22.48935,23.97501,5045,301,3,187,1.0797531145673398e+19,QSO,2.060863,9590,57813,549
1.2376672110481252e+18,139.544468418483,21.7308201591964,24.2468,22.34307,21.64064,21.17474,20.30576,5061,301,3,172,1.0797481942528055e+19,GALAXY,0.2700428,9590,57813,370
1.2376672115853235e+18,140.0893504727,22.3003726882546,22.77983,22.2364,21.93963,20.85958,20.49766,5061,301,4,177,1.0797452255714103e+19,GALAXY,0.7931202,9590,57813,262
1.237667211049042e+18,141.603684396604,22.4946819625495,22.18749,22.17518,21.84004,21.17986,20.93964,5061,301,3,186,1.0796382156022372e+19,GALAXY,0.7742394,9589,57813,465
1.2376672105111887e+18,139.570913156875,21.3010636234735,24.01201,22.88439,22.33311,21.80212,21.58343,5061,301,2,171,1.07974797435048e+19,GALAXY,1.005724,9590,57813,362
1.2376672115850616e+18,139.559385123831,22.0917227319204,22.11211,22.45107,22.22422,21.4392,21.07419,5061,301,4,173,1.0797484416429216e+19,GALAXY,0.9214836,9590,57813,379
1.2376672105125645e+18,142.637792282167,22.3059766353252,21.99402,21.73958,21.40535,21.13148,20.58375,5061,301,2,192,1.07963159104468e+19,QSO,0.8866076,9589,57813,224
1.237667211586897e+18,143.800871433728,23.4842715512435,25.75581,23.48516,22.61392,21.30094,22.6965,5061,301,4,201,1.0796520694487472e+19,GALAXY,0.8190507,9589,57813,969
1.2376672115859136e+18,141.494948820897,22.7853795362197,24.35627,23.29777,22.31988,21.90831,21.37339,5061,301,4,186,1.0797654290975707e+19,GALAXY,0.8937486,9590,57813,997
1.2376672110490427e+18,141.652939049695,22.374051329583,23.54252,22.69306,22.21557,21.51608,21.18706,5061,301,3,186,1.0796370886028188e+19,GALAXY,0.7745331,9589,57813,424
1.2376672937279496e+18,142.740323375804,21.5829307595829,22.2661,21.82608,21.40991,20.60579,20.08324,5080,301,5,198,1.0796309863132846e+19,GALAXY,0.853938,9589,57813,202
1.2376672110487803e+18,141.039496568262,22.2720977856082,23.15775,22.47325,21.83695,21.47672,21.06084,5061,301,3,182,1.0797387384528069e+19,GALAXY,0.7051582,9590,57813,26
1.237667211048911e+18,141.221639126503,22.3379316993863,23.11443,22.75725,22.30725,21.64944,21.39412,5061,301,3,184,1.0797386834772253e+19,QSO,0.7923076,9590,57813,24
1.2376672110480591e+18,139.288390108796,21.6141022204986,22.75946,22.8331,22.40662,21.57817,20.82343,5061,301,3,171,1.0797491563254798e+19,GALAXY,1.026811,9590,57813,405
1.237667211585061e+18,139.523096385038,22.1251901348727,23.11819,22.73175,22.0895,21.6161,21.28843,5061,301,4,173,1.0797484966185e+19,GALAXY,0.892082,9590,57813,381
1.237667210512368e+18,142.165657551749,22.1347120734739,24.4606,23.27315,23.05333,23.07325,23.27761,5061,301,2,189,1.0796345047504937e+19,GALAXY,1.041379,9589,57813,330
1.2376672539983224e+18,141.044472397732,22.3952617443253,22.47808,22.22482,21.43831,20.66513,20.28135,5071,301,3,180,1.0796386554068883e+19,GALAXY,0.8330872,9589,57813,481
1.2376672115865692e+18,143.003955792374,23.3988825682937,24.00347,22.49126,21.90332,20.93867,20.22564,5061,301,4,196,1.079648770913864e+19,GALAXY,0.8881549,9589,57813,849
1.2376672105123028e+18,142.097382192706,22.1860917814051,24.76797,22.3222,21.72692,20.65378,20.94891,5061,301,2,188,1.0796358516522375e+19,GALAXY,0.8504329,9589,57813,379
1.2376672115854543e+18,140.35153026227,22.3557608520274,23.78056,22.03133,21.43815,22.04509,20.61054,5061,301,4,179,1.079743109011527e+19,GALAXY,0.1972609,9590,57813,185
1.2376672110487148e+18,140.844506689667,22.259980736972,24.11667,20.50892,20.09732,19.666,21.27988,5061,301,3,181,1.0797408825004808e+19,GALAXY,0.7575512,9590,57813,104
1.2376672115851272e+18,139.736143374994,22.1173267292451,22.62,23.04756,22.42337,21.55359,21.32976,5061,301,4,174,1.0797472871557126e+19,GALAXY,0.8338545,9590,57813,337
1.2376576080339277e+18,122.465346836976,35.9336949994807,21.90156,21.19821,20.69852,20.07707,19.79089,2825,301,4,108,1.0533041424605403e+19,QSO,1.510164,9355,57814,901
1.2376675385392504e+18,138.316975167773,18.2278668720581,23.29135,23.29546,22.60844,21.73074,21.74064,5137,301,5,170,1.0758033664363483e+19,GALAXY,0.7774408,9555,57814,218
1.23766754228804e+18,144.05969914152,19.636222838433,22.37813,21.813,21.29025,20.72644,20.04904,5138,301,4,28,1.0754760418247596e+19,QSO,0.7673081,9552,57814,598
1.237667211586372e+18,142.472808024492,23.1966079727469,22.85617,22.4607,21.78628,20.75411,20.30925,5061,301,4,193,1.0835749620115855e+19,GALAXY,0.8719069,9624,57814,323
1.2376672926523727e+18,138.832985894987,19.416459506945,23.27472,22.77486,22.15945,21.37624,21.13276,5080,301,3,170,1.0758228003043697e+19,GALAXY,0.7011685,9555,57814,925
1.237657609107342e+18,121.101078816741,35.9332869510583,22.78308,21.50405,21.1393,21.13927,20.86374,2825,301,6,103,1.0532965558303089e+19,STAR,-1.955862e-05,9355,57814,625
1.2376677833551388e+18,144.950849003187,18.1176621298662,24.00258,22.84545,21.89374,21.48253,20.80263,5194,301,5,212,1.0754651841474351e+19,GALAXY,0.7532759,9552,57814,203
1.2376671423310072e+18,141.93839833187,24.945774347137,23.03432,22.47371,22.05438,21.81893,21.56129,5045,301,3,208,1.0835818614470498e+19,GALAXY,1.062645,9624,57814,574
1.2376576300451768e+18,123.517810998547,32.5974891119215,23.23489,23.07548,21.68348,20.49565,19.72401,2830,301,5,101,1.0530591712698718e+19,STAR,5.657157e-05,9353,57814,181
1.2376677350295475e+18,145.784039364371,17.6783430126794,25.78334,23.04332,21.64872,20.82261,20.22641,5183,301,3,102,1.0754608685643e+19,GALAXY,0.7693815,9552,57814,46
1.2376675385390538e+18,137.822377924086,18.0438837010521,24.23198,23.59558,22.40189,21.61199,21.32784,5137,301,5,167,1.0758055654596e+19,GALAXY,0.2227824,9555,57814,298
1.2376675385420687e+18,144.758481611709,20.1014395377776,23.80096,23.07126,22.18613,21.2548,20.70962,5137,301,5,213,1.0754799725788287e+19,QSO,4.111548,9552,57814,741
1.2376574013377743e+18,121.640391661865,32.5046315049267,23.99352,22.94656,21.72903,20.532,19.71381,2777,301,3,95,1.0530670327780104e+19,GALAXY,0.5432467,9353,57814,467
1.237667211586372e+18,142.510875165973,23.1881557715762,23.47461,22.78468,21.87035,22.36251,23.02319,5061,301,4,193,1.0835750169871667e+19,GALAXY,0.7354387,9624,57814,325
1.23766753746564e+18,138.815322675648,17.6492950447102,22.319,22.89504,22.02829,21.2464,20.81995,5137,301,3,172,1.0757990233654188e+19,GALAXY,0.9381034,9555,57814,60
1.2376677350292856e+18,145.209021916228,17.6174881023882,22.84805,23.32621,22.48444,21.45094,21.28246,5183,301,3,98,1.0754641396113887e+19,GALAXY,0.7825858,9552,57814,165
1.237674289682777e+18,120.759370815603,34.326081626915,23.27186,25.88325,21.88648,20.66136,19.99172,6709,301,4,45,1.0532913331500767e+19,GALAXY,0.6292956,9355,57814,435
1.2376672115866342e+18,143.100365726241,23.3508437493572,22.63259,22.73663,22.6981,21.57096,21.41996,5061,301,4,197,1.0835706189406558e+19,GALAXY,0.7796842,9624,57814,165
1.2376675385423306e+18,145.341074146974,20.2522649040544,22.99737,23.2951,22.33123,21.70241,20.90486,5137,301,5,217,1.0754832986015e+19,GALAXY,0.8910643,9552,57814,862
1.2376742907565192e+18,120.668346433948,35.0694493699108,26.3037,22.41597,21.28923,20.16813,19.46956,6709,301,6,45,1.0532949615384484e+19,GALAXY,0.7709792,9355,57814,567
1.2376674300925056e+18,137.646490282998,19.3472311490988,23.0815,22.71775,21.88567,21.07292,21.1456,5112,301,3,188,1.07581609328344e+19,GALAXY,0.877304,9555,57814,681
1.237667538539578e+18,139.09899857825,18.4535901332144,23.60647,22.83196,22.2272,21.4874,21.21405,5137,301,5,175,1.075799270755535e+19,QSO,4.92337,9555,57814,69
1.2376674290190254e+18,138.521536178728,18.7827003142553,23.66136,23.35672,23.68722,22.24111,22.07999,5112,301,1,192,1.0758016347055348e+19,GALAXY,0.00160313,9555,57814,155
1.2376674290191567e+18,138.895463059493,18.9354227477574,19.49283,19.32365,18.94607,18.869,18.76815,5112,301,1,194,1.07582321262123e+19,QSO,1.216962,9555,57814,940
1.2376675374687846e+18,146.144322514891,19.5818854706086,24.5991,22.51801,21.96723,21.28809,22.10403,5137,301,3,220,1.0754865696486e+19,GALAXY,1.131338,9552,57814,981
1.2376672539993052e+18,143.235726736285,23.1243731308668,22.17479,21.66212,20.91953,20.22199,20.00217,5071,301,3,195,1.0835695469168187e+19,GALAXY,0.8228394,9624,57814,126
1.2376675374683264e+18,144.990728237686,19.4196925895761,25.81787,22.23283,21.43379,20.44343,20.73469,5137,301,3,213,1.0754805223346428e+19,GALAXY,0.6658549,9552,57814,761
1.237667292652176e+18,138.328704229983,19.2442995823318,22.57344,22.4178,21.94384,21.1497,20.74469,5080,301,3,167,1.0758195567450675e+19,GALAXY,0.8297969,9555,57814,807
1.237657594075087e+18,122.142358771621,34.8772632781253,21.88865,21.77025,21.5783,21.38599,21.00562,2822,301,2,105,1.0533028230465868e+19,QSO,1.23481,9355,57814,853
1.2376674300926367e+18,137.904120152956,19.4976284342058,22.47672,22.49006,21.87912,21.44658,20.86596,5112,301,3,190,1.0758182648189e+19,GALAXY,0.9132261,9555,57814,760
1.2376742896826465e+18,120.527213774313,34.1635107785907,25.44632,24.31791,21.77944,20.52607,19.69249,6709,301,4,43,1.0532910032965884e+19,GALAXY,0.8036221,9355,57814,423
1.237667541750842e+18,143.372499542807,19.1769676248999,23.35229,22.66328,21.95157,21.07914,20.65154,5138,301,3,23,1.0754735679236e+19,GALAXY,0.6667265,9552,57814,508
1.237667292652176e+18,138.332001711288,19.2922811460167,25.31127,22.7068,22.07386,21.985,21.38741,5080,301,3,167,1.075819419306114e+19,GALAXY,0.9301646,9555,57814,802
1.2376674300929646e+18,138.768900362441,19.7507701223412,23.04229,22.26131,21.62223,20.89103,20.07039,5112,301,3,195,1.0758213434514629e+19,GALAXY,0.8813419,9555,57814,872
1.2376672926522414e+18,138.410899806128,19.3599932403128,23.55513,22.54101,21.90514,21.39847,20.96157,5080,301,3,168,1.0758206287689e+19,GALAXY,0.8360628,9555,57814,846
1.2376675385421998e+18,145.072827307397,20.2646609382261,23.24466,23.10037,22.7594,21.6939,20.82067,5137,301,5,215,1.0754813194805727e+19,GALAXY,0.7081976,9552,57814,790
1.2376675412141015e+18,143.760869870235,18.7369957397015,17.88041,16.97828,16.66825,16.54071,16.53532,5138,301,2,25,1.0754727707776668e+19,STAR,0.0009494731,9552,57814,479
1.237667537467671e+18,143.498358381426,18.8580649382744,22.95602,22.35463,21.42287,20.91234,20.65968,5137,301,3,203,1.0754738153137132e+19,GALAXY,0.9515616,9552,57814,517
1.2376674859192814e+18,138.383440834152,17.6573083136265,22.99671,22.9185,22.99732,22.19737,22.11044,5125,301,3,69,1.0758021294857673e+19,GALAXY,1.09264,9555,57814,173
1.2376672926523072e+18,138.658721192297,19.4553278805806,23.67241,22.95772,21.97729,21.81758,21.44786,5080,301,3,169,1.0758215633537882e+19,GALAXY,0.4790453,9555,57814,880
1.2376675417516938e+18,145.280678597399,19.6952839889788,22.9444,22.59517,21.80084,21.34341,20.8302,5138,301,3,36,1.0754825839189449e+19,GALAXY,0.7402216,9552,57814,836
1.2376671434047496e+18,141.762265055287,25.647864256192,24.13423,21.80291,20.94502,20.73877,20.08457,5045,301,5,208,1.0835811467644916e+19,GALAXY,1.612205,9624,57814,548
1.2376671434048148e+18,141.795126000595,25.6178227180082,24.43837,22.81289,22.29268,21.37894,20.91031,5045,301,5,209,1.0835809543499567e+19,GALAXY,0.8157241,9624,57814,541
1.2376576091073413e+18,121.0416489184,35.9484345106745,18.99542,18.4956,18.35736,18.35874,18.4254,2825,301,6,103,1.05329661080589e+19,STAR,7.17909e-05,9355,57814,627
1.237667211586831e+18,143.611220435654,23.5563761110979,23.40543,23.24588,22.16092,21.22222,21.23383,5061,301,4,200,1.0835684748929817e+19,GALAXY,0.8387291,9624,57814,87
1.237667541750908e+18,143.635018904524,19.0951636125373,24.1514,23.11321,22.35426,21.53787,21.19538,5138,301,3,24,1.0754734304846436e+19,GALAXY,0.9663048,9552,57814,503
1.2376576091070792e+18,120.58319213848,35.48263945619,21.88555,23.43064,21.49832,20.86973,20.19329,2825,301,6,99,1.0532944117826345e+19,STAR,6.721648e-05,9355,57814,547
1.2376677350328243e+18,153.561355595808,19.2870245069136,24.48384,22.1098,21.67922,20.35125,22.48187,5183,301,3,152,1.0772665690244798e+19,GALAXY,0.7740062,9568,57815,201
1.2376675374720617e+18,153.825077336522,21.3865338597707,23.57241,22.74409,21.87787,21.49593,22.35908,5137,301,3,270,1.0772849308686635e+19,GALAXY,0.9891331,9568,57815,869
1.2376675492663142e+18,152.804490481232,20.4625428826995,24.80274,22.21528,21.69358,21.17224,20.93626,5140,301,1,12,1.0772709395832e+19,GALAXY,0.5309262,9568,57815,360
1.2376677828214784e+18,152.581463416164,19.4313548692658,18.30738,17.34678,16.97063,16.81723,16.76347,5194,301,4,261,1.0772722864849445e+19,STAR,8.303102e-05,9568,57815,409
1.2376677361067625e+18,153.776634615916,20.2762242907811,21.72426,22.17428,21.72664,20.92662,20.87712,5183,301,5,155,1.0772652496105263e+19,GALAXY,0.8219075,9568,57815,153
1.2376675374715377e+18,152.566194728798,21.1259840506963,22.91725,22.44025,22.18558,21.60314,21.80197,5137,301,3,262,1.0772786361645949e+19,QSO,0.8492455,9568,57815,640
1.2376677361061734e+18,152.488985671949,20.031296450762,24.79729,23.25332,22.35458,21.72707,20.89658,5183,301,5,146,1.077272671314014e+19,GALAXY,1.60048,9568,57815,423
1.2376672926526346e+18,139.335191277138,19.7682494857176,23.86712,23.0217,22.58449,22.09011,21.92954,5080,301,3,174,1.076591358937218e+19,GALAXY,0.7405007,9562,57817,213
1.237667211584668e+18,138.624703664393,21.7613830338777,22.79737,22.86382,23.02978,21.49108,22.32273,5061,301,4,167,1.076602683906984e+19,GALAXY,0.8533207,9562,57817,625
1.2376543921756575e+18,117.045257219138,37.7506649387637,23.53743,21.19174,19.43899,18.83725,18.45953,2076,301,6,85,1.0547484059642386e+19,GALAXY,0.3408597,9368,57817,195
1.237667254532244e+18,134.068105781938,20.3927703003526,22.81829,22.45106,21.95905,21.3121,20.68867,5071,301,4,135,1.0768297605459104e+19,GALAXY,0.9361485,9564,57817,694
1.237654391639311e+18,118.266600118129,38.6351618296425,23.21648,22.16679,21.72356,21.40921,20.80968,2076,301,5,93,1.0547693791485385e+19,QSO,2.018954,9368,57817,958
1.2376543911021783e+18,118.343216746837,37.8759859839453,24.35414,22.48014,21.46717,20.35915,19.67756,2076,301,4,89,1.0547440079177275e+19,GALAXY,0.7291915,9368,57817,35
1.2376511908133614e+18,116.319604483415,37.5289800308997,23.65134,26.46116,22.66052,20.16987,18.36498,1331,301,3,69,1.0547526390840056e+19,STAR,3.653592e-05,9368,57817,349
1.237667254532113e+18,133.723057254316,20.2002225436777,24.30623,22.35738,21.38161,20.44076,21.01252,5071,301,4,133,1.0768216791354464e+19,GALAXY,0.7034156,9564,57817,400
1.2376511908140165e+18,117.423430635302,38.7606367086982,22.95334,21.04908,20.56219,20.4079,20.36729,1331,301,3,79,1.0547672351008643e+19,STAR,-5.528135e-05,9368,57817,880
1.237667782820496e+18,150.354377274683,18.9102320760821,22.49936,21.7097,21.03121,20.46122,19.95009,5194,301,4,246,1.078396866981189e+19,QSO,2.548084,9578,57817,361
1.237667254532113e+18,133.721446508627,20.2184382679521,23.18206,22.75061,22.05349,21.70828,21.02082,5071,301,4,133,1.0768216516476555e+19,GALAXY,0.8343836,9564,57817,399
1.2376675369343388e+18,151.907425717042,20.5581184413305,21.98424,21.85272,21.54285,20.79384,20.34086,5137,301,2,257,1.0784137994602568e+19,GALAXY,0.8959702,9578,57817,977
1.237667211582244e+18,133.144755161228,19.7218230778101,22.90713,23.14994,21.93224,21.30713,20.84713,5061,301,4,130,1.0768239331342832e+19,STAR,-0.000572128,9564,57817,482
1.2376675417539223e+18,150.681277976198,20.9343418229736,23.69957,22.78082,21.76059,21.13913,20.88005,5138,301,3,70,1.078406762585839e+19,GALAXY,0.6326727,9578,57817,721
1.2376672937269007e+18,140.296378775873,20.9004851015269,23.28362,22.74201,22.5799,21.56436,21.46265,5080,301,5,182,1.0766123870971e+19,GALAXY,0.8349767,9562,57817,978
1.2376672115825062e+18,133.75039424817,19.9409586602193,25.70596,23.14031,21.85795,22.34577,23.82102,5061,301,4,134,1.0768215142087e+19,GALAXY,0.2464003,9564,57817,394
1.2376672539952422e+18,134.040958568467,19.8324744250379,22.91421,22.64249,21.87703,20.94875,20.64907,5071,301,3,133,1.076820277258121e+19,GALAXY,0.83135,9564,57817,349
1.2376651274528364e+18,139.938938284168,25.6166902455047,24.72404,22.52689,21.74644,21.44477,21.18601,4576,301,2,183,1.080433354930365e+19,STAR,-0.0005484545,9596,57817,720
1.2376671434044874e+18,141.122660386114,25.4644585833455,23.8403,22.65487,22.57697,22.21822,21.20674,5045,301,5,204,1.0804404192925737e+19,GALAXY,0.8931043,9596,57817,977
1.2376671434040284e+18,140.04308983997,24.9990211906476,23.32281,23.11399,22.72568,21.69513,21.42028,5045,301,5,197,1.080433712271644e+19,GALAXY,0.8088652,9596,57817,733
1.237654392175723e+18,117.000328309468,37.9337381078804,21.34262,21.64595,21.20993,21.17221,21.03696,2076,301,6,86,1.0547655858334226e+19,QSO,1.383499,9368,57817,820
1.237667537470096e+18,149.204520503846,20.3769531309043,21.5518,21.13419,21.89185,20.59547,20.55973,5137,301,3,240,1.0784012375399094e+19,GALAXY,0.8754708,9578,57817,520
1.2376675369332908e+18,149.467656432551,19.9740752881224,24.19275,22.83356,22.36386,21.31371,19.74689,5137,301,2,241,1.0784001655160723e+19,GALAXY,0.8210213,9578,57817,481
1.2376672110460933e+18,134.84774282956,20.0117344885638,22.63222,22.24798,21.755,20.92685,22.18681,5061,301,3,141,1.076814779699982e+19,GALAXY,0.8313172,9564,57817,149
1.237667211582768e+18,134.273680447445,20.1277973503223,21.91603,22.58702,21.80389,20.75127,20.40674,5061,301,4,138,1.0768194251366097e+19,GALAXY,0.7577531,9564,57817,318
1.2376543911019164e+18,117.826990018139,37.3373228557616,24.01062,24.05219,22.38374,21.26611,19.97443,2076,301,4,85,1.0547453273316809e+19,GALAXY,1.026592,9368,57817,83
1.2376672105109263e+18,138.940250436906,21.0970367693437,23.28233,22.79929,22.06227,21.47912,20.44295,5061,301,2,167,1.0766066971244255e+19,GALAXY,0.8332176,9562,57817,771
1.237654391638656e+18,117.246937487397,37.2652149843864,26.33028,24.00142,22.13103,21.08096,20.03532,2076,301,5,83,1.054747911184006e+19,GALAXY,0.8822629,9368,57817,177
1.237667211045831e+18,134.210404422083,19.7445577041531,22.66971,22.34485,21.7729,21.1856,20.86956,5061,301,3,137,1.0768190677953305e+19,GALAXY,0.8441447,9564,57817,305
1.2376672099739249e+18,138.809557859822,20.5168092815445,24.2213,22.8017,21.53835,21.31994,20.35164,5061,301,1,165,1.0765941626918689e+19,GALAXY,0.4431726,9562,57817,315
1.2376672110464212e+18,135.591472229645,20.3479087236269,23.65499,23.07089,22.49244,21.88317,21.91722,5061,301,3,146,1.0768117010674244e+19,GALAXY,0.8845984,9564,57817,37
1.2376677361061076e+18,152.326328721762,20.0417612800377,22.42247,22.37418,21.58197,20.5431,20.08691,5183,301,5,145,1.0783871912788644e+19,GALAXY,0.6606985,9578,57817,9
1.2376675417537907e+18,150.267774005786,20.8550762738031,23.01367,22.50969,22.04793,21.18372,20.61126,5138,301,3,68,1.0784036564654903e+19,QSO,0.674556,9578,57817,608
1.2376677361049935e+18,149.603089259788,19.3070578014191,23.26857,22.72964,22.8202,22.02056,22.05187,5183,301,5,128,1.0783990934922353e+19,GALAXY,0.8255674,9578,57817,442
1.2376671068927437e+18,133.300112383604,20.1891238947408,22.98123,22.6801,21.90703,21.19,21.04992,5037,301,1,135,1.0768254724505625e+19,GALAXY,0.6565168,9564,57817,538
1.2376674300931607e+18,139.202458042332,19.8426995411945,23.06506,22.72862,22.23691,21.69096,20.62526,5112,301,3,198,1.07659144140059e+19,GALAXY,0.8660654,9562,57817,216
1.2376671434040942e+18,140.141835993947,25.0733750448521,23.2757,22.88387,22.1157,22.19867,22.51475,5045,301,5,198,1.0804347568076904e+19,GALAXY,0.8224009,9596,57817,771
1.2376672937270316e+18,140.51200559607,20.9692875512714,22.51962,22.38441,21.93124,20.93756,20.34442,5080,301,5,184,1.0766127994139597e+19,GALAXY,0.8097259,9562,57817,993
1.2376675417541847e+18,151.327259852177,21.0101055286941,24.28711,23.45518,21.90715,21.25716,20.73553,5138,301,3,74,1.0784111331445594e+19,GALAXY,0.786133,9578,57817,880
1.2376543921753953e+18,116.502270272242,37.3571496002749,22.15878,22.25001,22.16125,22.00153,21.96181,2076,301,6,81,1.0547513471578427e+19,GALAXY,0.005062977,9368,57817,302
1.2376672926528968e+18,139.943711559724,19.9056550354896,25.45301,22.85678,22.23999,21.55749,21.7345,5080,301,3,178,1.0765881428657068e+19,GALAXY,0.6824335,9562,57817,96
1.237667143404291e+18,140.537711033927,25.2277401657026,22.91936,22.76726,22.33385,21.24615,20.70778,5045,301,5,201,1.0804357188803647e+19,GALAXY,0.9450653,9596,57817,806
1.2376672545323753e+18,134.393796620941,20.4820170086502,22.71699,22.10711,21.31151,20.61263,20.5466,5071,301,4,137,1.0768317671546313e+19,GALAXY,0.6263354,9564,57817,767
1.2376543921753295e+18,116.527123038083,37.2160218790946,21.24355,21.24702,20.84456,20.83679,21.09478,2076,301,6,80,1.0547511822311e+19,QSO,1.222021,9368,57817,296
1.237667541216396e+18,149.224087048952,20.138644633792,22.8986,23.19133,23.05796,22.04788,21.88449,5138,301,2,60,1.078400550345142e+19,GALAXY,0.825889,9578,57817,495
1.2376543921758543e+18,117.397347788309,38.1184517596477,22.73676,21.49483,20.85234,20.27664,19.96224,2076,301,6,88,1.0547665753938876e+19,QSO,5.778182,9368,57817,856
1.2376675417539878e+18,150.793309909109,20.9787451239754,23.08087,23.02868,22.2386,21.5162,21.36592,5138,301,3,71,1.0784078071218852e+19,GALAXY,0.8008156,9578,57817,759
1.2376672937262456e+18,138.831007090697,20.3122634502961,22.46712,22.57637,21.96055,21.75828,21.50982,5080,301,5,172,1.0765939153017526e+19,GALAXY,0.7008657,9562,57817,306
1.237654392175723e+18,117.069034753902,37.9764797515534,21.55223,20.79926,20.50112,20.41304,20.37896,2076,301,6,86,1.0547655308578413e+19,STAR,-0.0003923798,9368,57817,818
1.2376511908132293e+18,116.336779453063,37.257297214251,24.63466,22.201,20.42358,20.36374,22.27608,1331,301,3,67,1.0547524466694707e+19,STAR,-4.99101e-05,9368,57817,342
1.237667143404029e+18,140.053329417859,25.0700999687817,22.42285,22.45942,22.26666,22.40075,23.04919,5045,301,5,197,1.080433629808272e+19,GALAXY,0.9559054,9596,57817,730
1.237667211048125e+18,139.423615249764,21.7051202234387,23.23001,22.5981,21.80509,21.31069,21.0038,5061,301,3,172,1.0766084013674484e+19,GALAXY,0.7818938,9562,57817,833
1.2376511908134257e+18,116.606662459703,37.5262365288598,22.19279,22.106,22.07865,22.1119,22.10304,1331,301,3,70,1.0547504125729591e+19,STAR,-0.000113995,9368,57817,268
1.237667142327403e+18,133.848715583418,21.5781101788254,22.69005,21.93906,21.71582,20.88694,20.96256,5045,301,3,153,1.0768288809366084e+19,GALAXY,0.8005192,9564,57817,662
1.2376511908130327e+18,116.061728475761,36.8829191423036,21.73045,21.81805,21.87676,21.66613,21.31684,1331,301,3,64,1.0547534362299355e+19,QSO,1.722185,9368,57817,378
1.2376672099721551e+18,134.814853724684,19.0681253048561,24.57529,23.35869,22.40599,21.35345,21.02552,5061,301,1,138,1.076815164529052e+19,GALAXY,0.6968239,9564,57817,163
1.2376511913498383e+18,115.474572547976,36.9243285252657,21.17935,20.72709,20.39414,20.03403,20.12047,1331,301,4,63,1.0547553603752843e+19,QSO,1.595841,9368,57817,448
1.2376671434044874e+18,141.039727166071,25.3343025034927,22.78688,23.25805,22.31881,22.03674,21.60867,5045,301,5,204,1.080438934951876e+19,GALAXY,1.057584,9596,57817,923
1.2376672110474698e+18,138.025269112437,21.1331207402683,22.86409,22.32514,22.09341,21.45967,21.17579,5061,301,3,162,1.076599907640124e+19,GALAXY,1.011548,9562,57817,524
1.2376543911021773e+18,118.337800063036,37.7704123511185,24.49164,22.94618,21.84533,20.59298,19.72581,2076,301,4,89,1.0547449974781923e+19,STAR,-0.0001459767,9368,57817,71
1.2376672110478628e+18,138.878551068676,21.5831384978426,23.46004,22.72424,22.10765,21.61533,20.99257,5061,301,3,168,1.0766049928814e+19,GALAXY,0.7753076,9562,57817,709
1.2376672110457656e+18,134.053830925729,19.7298477588005,23.68925,23.00321,22.23125,21.3509,21.00828,5061,301,3,136,1.0768201947947487e+19,GALAXY,0.8745204,9564,57817,346
1.2376511908132948e+18,116.427931327261,37.4113436487592,21.20866,19.7859,19.17886,18.93462,18.78169,1331,301,3,68,1.0547514571090055e+19,STAR,2.385197e-05,9368,57817,306
1.2376672110455035e+18,133.495662768507,19.4187418237406,21.915,21.78933,21.43179,21.2697,20.64513,5061,301,3,132,1.0768232734273067e+19,GALAXY,1.11905,9564,57817,458
1.2376677828209544e+18,151.428554195734,19.1602427475153,19.55967,19.488,19.28144,19.04297,18.99952,5194,301,4,253,1.078390544789329e+19,QSO,1.47319,9578,57817,131
1.237667211047928e+18,139.00961971157,21.4185321683555,23.38275,22.89784,22.5482,21.65463,21.30289,5061,301,3,169,1.0766063672709372e+19,GALAXY,0.721195,9562,57817,759
1.237667211045831e+18,134.312205570688,19.7373771917915,22.04359,22.76284,22.48294,21.95121,21.46209,5061,301,3,137,1.0768179133081213e+19,GALAXY,0.8496966,9564,57817,263
1.237667143403963e+18,139.871502215054,25.0735598230899,22.90108,22.47006,22.06229,22.26617,21.68253,5045,301,5,196,1.0804326677356e+19,GALAXY,1.048489,9596,57817,695
1.23766721158244e+18,133.585793572759,19.8452196731216,22.62981,22.70316,22.23948,21.91866,21.12596,5061,301,4,133,1.07682261372033e+19,GALAXY,1.0119,9564,57817,434
1.2376543921756575e+18,117.134188161056,37.7972486433842,21.12065,20.84892,20.36269,20.35164,20.46845,2076,301,6,85,1.0547484884276107e+19,QSO,1.036406,9368,57817,198
1.2376672926529623e+18,140.128198429576,19.9693717517806,23.99879,23.10456,22.65701,21.85537,21.40816,5080,301,3,179,1.0765881703535e+19,GALAXY,0.942329,9562,57817,97
1.2376543916385907e+18,117.072638684458,37.1500168248592,23.49426,23.33775,22.26703,20.65807,19.91456,2076,301,5,82,1.0547490656712151e+19,GALAXY,0.9020429,9368,57817,219
1.2376543921756575e+18,117.117325260718,37.7576069597948,21.17396,20.64628,20.63499,20.46932,20.18122,2076,301,6,85,1.0547484334520291e+19,QSO,2.242663,9368,57817,196
1.2376511908135567e+18,116.628088022147,37.8721974558963,24.82267,23.70744,22.2256,20.71689,19.94997,1331,301,3,72,1.0547633593223764e+19,STAR,-0.0001115029,9368,57817,739
1.237667106892678e+18,133.089550225036,20.1678386595787,23.11222,23.1113,21.60036,20.60613,20.32693,5037,301,1,134,1.0768255274261436e+19,GALAXY,0.7314141,9564,57817,540
1.2376543911017188e+18,117.50127865149,36.9184728297757,22.22325,20.84182,20.39319,20.32155,21.80008,2076,301,4,82,1.0547443927468e+19,STAR,-9.507805e-05,9368,57817,49
1.237667143404422e+18,140.977518563577,25.4125006054234,23.17629,22.77314,21.52369,20.86713,20.37786,5045,301,5,203,1.0804388799762946e+19,GALAXY,0.9239206,9596,57817,921
1.2376672539971425e+18,138.24644792649,21.4824320020655,22.8734,22.64623,22.65803,21.7455,21.35344,5071,301,3,162,1.0766017768098912e+19,GALAXY,1.170374,9562,57817,592
1.2376671434042255e+18,140.49429600739,25.1285068749716,23.92709,23.14983,22.95327,21.78513,22.21728,5045,301,5,200,1.0804358563193182e+19,GALAXY,0.8827143,9596,57817,811
1.2376672539970117e+18,137.888555113343,21.3876333200215,22.72167,22.80061,22.07776,21.21236,20.74833,5071,301,3,160,1.0766007872494262e+19,GALAXY,0.824065,9562,57817,556
1.237667209974711e+18,140.590167432524,21.1790275694421,22.86827,22.98276,21.75042,21.46449,20.9273,5061,301,1,177,1.0766125520238434e+19,GALAXY,1.137391,9562,57817,984
1.2376671428671575e+18,140.117786587885,24.7058082304795,23.08663,22.7547,22.25651,21.68749,21.61028,5045,301,4,197,1.0804210129123432e+19,GALAXY,0.9701352,9596,57817,271
1.2376675417543808e+18,151.702712056279,21.2402966284194,23.0812,22.89437,22.41254,20.9382,20.81787,5138,301,3,77,1.0784131122654894e+19,GALAXY,0.9527886,9578,57817,952
1.2376672099736622e+18,138.091220604839,20.3958425348088,24.28347,22.95009,22.46837,22.40601,22.00003,5061,301,1,161,1.0765985057628e+19,GALAXY,1.184325,9562,57817,473
1.237667736105583e+18,151.026933378442,19.6482716206621,22.72047,22.3358,21.70445,21.13286,20.641,5183,301,5,137,1.0783927713003756e+19,GALAXY,0.7539964,9578,57817,212
1.237654392175592e+18,116.971586286702,37.690898788363,21.57215,21.58051,21.14949,21.06007,20.72782,2076,301,6,84,1.05474925808575e+19,QSO,1.07943,9368,57817,226
1.2376675374707515e+18,150.71527744657,20.8168146974116,25.24428,22.71707,22.10524,21.39954,21.07143,5137,301,3,250,1.0784079995364202e+19,GALAXY,0.7350898,9578,57817,766
1.2376672099724823e+18,135.521057405915,19.2554084189856,21.91325,22.92381,21.7754,21.5227,21.80972,5061,301,1,143,1.0768119484575406e+19,GALAXY,0.7951454,9564,57817,46
1.2376543921762473e+18,117.959259115015,38.9853601791502,21.41583,21.55917,21.69191,21.44001,21.45234,2076,301,6,94,1.0547691042706315e+19,QSO,1.730398,9368,57817,948
1.237667293726573e+18,139.548220135444,20.5485471825771,23.66371,22.52695,21.8214,21.19964,22.07859,5080,301,5,177,1.0765909741081483e+19,GALAXY,0.6382216,9562,57817,199
1.237654392175526e+18,116.841481611105,37.5502361000159,21.97776,21.64733,21.38364,21.1759,20.72747,2076,301,6,83,1.0547493955247e+19,QSO,0.9245854,9368,57817,231
1.2376672105088947e+18,134.310559056973,19.2968060714671,23.62842,22.8375,22.32752,21.80469,22.01285,5061,301,2,136,1.0768188204052142e+19,GALAXY,0.8300341,9564,57817,296
1.2376672110474698e+18,138.019351181509,21.17230716425,23.2687,22.8168,22.39329,21.63213,21.77583,5061,301,3,162,1.0765999901035e+19,GALAXY,0.7615007,9562,57817,527
1.2376543921760507e+18,117.774521940609,38.5576110185052,20.86195,18.93545,17.75471,17.28685,16.93538,2076,301,6,91,1.0547684995392362e+19,GALAXY,0.1696456,9368,57817,926
1.2376675369343388e+18,151.958624331664,20.5615587761083,23.97524,22.71047,22.62763,21.74449,22.48436,5137,301,2,257,1.0784142117771172e+19,GALAXY,0.8005045,9578,57817,992
1.2376675380080804e+18,151.743168602032,21.3405196523897,18.54051,17.60909,17.25403,17.13204,17.06285,5137,301,4,257,1.0784128373875825e+19,STAR,1.966508e-06,9578,57817,942
1.2376671423308111e+18,141.623729835418,24.6857575313894,22.64489,21.94268,21.40833,20.53871,20.98877,5045,301,3,205,1.080414360867e+19,QSO,1.718447,9596,57817,29
1.237667143403963e+18,139.915802680373,24.9561450649026,22.76467,22.82473,22.99241,21.87997,21.36436,5045,301,5,196,1.0804326402478068e+19,GALAXY,0.8703609,9596,57817,694
1.237667143404029e+18,140.001916275354,25.0405924154172,22.5784,22.76819,21.91151,22.24462,20.55608,5045,301,5,197,1.0804336572960629e+19,GALAXY,0.8897462,9596,57817,731
1.237667254532375e+18,134.358368041549,20.3667385113785,22.45077,22.96137,22.26377,21.56387,21.78571,5071,301,4,137,1.076831877105794e+19,GALAXY,0.6966402,9564,57817,771
1.23766721104629e+18,135.365165147345,20.0824098194669,23.19578,22.91723,22.42393,21.81216,21.60622,5061,301,3,144,1.0768115911162616e+19,GALAXY,0.7671467,9564,57817,33
1.237667542290989e+18,150.969388285231,21.4809816900025,18.9153,18.44017,18.35845,17.87033,17.74328,5138,301,4,73,1.0784086042678155e+19,QSO,0.4632967,9578,57817,788
1.2376671068926126e+18,132.975433079185,20.233359079236,23.53912,22.5308,22.00349,21.49601,20.873,5037,301,1,133,1.0768249226947484e+19,GALAXY,0.7467952,9564,57817,518
1.2376593260227464e+18,232.069205602845,50.2532561828925,20.25834,20.13105,19.90476,19.73947,19.89309,3225,301,4,137,9.451957337168566e+18,QSO,1.479409,8395,57834,100
1.2376593260225505e+18,231.452574760193,50.4365479605019,23.6348,22.22463,22.26672,21.72915,20.98718,3225,301,4,134,9.451981526424375e+18,QSO,0.8796887,8395,57834,188
1.2376613870688668e+18,216.452299011997,53.0959770353957,22.06282,21.89394,21.35318,20.24949,19.61554,3705,301,3,117,9.46108026002213e+18,GALAXY,0.7624099,8403,57834,521
1.2376621956089777e+18,211.461988023019,40.2146697056102,20.61814,20.52032,20.68445,20.36102,20.38843,3893,301,5,308,9.575849207874738e+18,QSO,1.76594,8505,57834,256
1.23765911986294e+18,224.8899118549,47.8034345391466,22.69304,22.16138,21.53116,20.52426,19.66223,3177,301,4,116,9.493669784669411e+18,GALAXY,0.8509971,8432,57834,297
1.2376591316745587e+18,224.839542855851,47.1327432743889,20.79222,20.76307,20.44658,20.46405,20.361,3180,301,2,123,9.493666486134528e+18,QSO,1.109005,8432,57834,285
1.2376621956093056e+18,212.37135465055,39.8665479810469,21.27908,21.45557,21.19566,21.54236,20.6411,3893,301,5,313,9.57580330326428e+18,QSO,1.233405,8505,57834,89
1.2376593265587653e+18,229.925797364772,51.7893837305472,21.77328,21.52339,21.57466,20.99526,20.99075,3225,301,5,124,9.452091477587157e+18,QSO,1.886071,8395,57834,588
1.237661386532258e+18,217.27309937041,52.4931052571376,21.90163,21.30083,21.09701,20.97623,20.58885,3705,301,2,121,9.46104699979539e+18,STAR,-0.0003542636,8403,57834,400
1.2376621956087155e+18,210.759225408677,40.2903602835007,22.15095,21.63455,21.29544,21.32519,20.86346,3893,301,5,304,9.575873946886363e+18,QSO,0.8863748,8505,57834,346
1.2376593260228774e+18,232.279678949517,49.9811942045574,20.37542,20.32073,19.98309,19.90325,19.82564,3225,301,4,139,9.451993621052285e+18,GALAXY,0.0,8395,57834,232
1.2376618509406044e+18,210.166076307559,41.9882895082511,22.14345,21.5739,20.91277,20.87614,20.49823,3813,301,3,350,9.575929747101473e+18,QSO,1.123689,8505,57834,549
1.2376613865344865e+18,224.224720204244,49.8247768014734,22.32527,19.81268,18.36152,17.83776,17.48699,3705,301,2,155,9.493748949506611e+18,GALAXY,0.3062631,8432,57834,585
1.2376593260222884e+18,230.661301154964,50.7357949843681,22.57265,21.94774,21.88442,21.54167,21.84764,3225,301,4,130,9.45201753543019e+18,QSO,1.522815,8395,57834,319
1.2376613881432648e+18,219.461744025142,53.0616370127482,23.88186,22.73253,21.70557,20.53223,19.79161,3705,301,5,127,9.461180315580258e+18,GALAXY,0.642897,8403,57834,885
1.2376593244117407e+18,229.5845832521,49.6983627758691,23.98788,23.87418,21.8066,20.5088,19.86008,3225,301,1,131,9.452051620290648e+18,GALAXY,0.5041517,8395,57834,443
1.237667209981e+18,155.553155445109,25.4174232936833,23.87697,22.88832,22.20682,21.58729,21.15611,5061,301,1,273,1.0836871672067543e+19,GALAXY,0.9424428,9625,57834,309
1.2376614160670395e+18,218.99266953678,51.2264070507194,26.02084,25.36691,21.3619,20.37096,19.62567,3712,301,1,226,9.460992299091909e+18,GALAXY,0.5387158,8403,57834,201
1.2376613865327823e+18,218.88302205636,51.9781206911218,22.56555,20.5311,19.63192,19.25776,19.02604,3705,301,2,129,9.460987076411677e+18,STAR,-0.000318757,8403,57834,182
1.2376591198622195e+18,222.885264983303,48.6483707404106,25.86952,24.01871,21.67247,20.53289,19.67013,3177,301,4,105,9.493729708053123e+18,GALAXY,0.6791428,8432,57834,515
1.2376613865348795e+18,225.485899379205,49.5008131006878,21.47896,21.11162,20.53282,20.42413,20.211,3705,301,2,161,9.49381739410544e+18,QSO,6.652441,8432,57834,834
1.2376674301003046e+18,156.136352376091,24.4708400753837,23.01854,22.54558,22.3216,21.83624,21.40805,5112,301,3,307,1.0836841985253595e+19,GALAXY,0.7096029,9625,57834,201
1.2376613859982707e+18,225.895806780489,48.7589838909602,20.05602,20.00279,19.90723,19.73297,19.7856,3705,301,1,165,9.493833886779857e+18,QSO,2.007326,8432,57834,894
1.237659324948219e+18,228.889852872409,50.644951070916,25.8725,24.11303,21.92749,20.67951,19.87483,3225,301,2,125,9.452072511011578e+18,GALAXY,0.8884352,8395,57834,519
1.237661418214589e+18,220.427347512039,52.4990013948311,26.71265,22.90134,21.43473,20.29736,19.65794,3712,301,5,227,9.460947219115168e+18,GALAXY,0.6853795,8403,57834,37
1.2376613865353382e+18,226.856253754912,48.8972583138075,21.88858,21.69559,21.23325,21.40605,20.96403,3705,301,2,168,9.493850104576369e+18,QSO,1.317528,8432,57834,953
1.2376618498669284e+18,210.081958562228,41.2339907324334,21.98798,20.78186,20.53337,20.49712,20.39008,3813,301,1,351,9.575917927351474e+18,QSO,2.752508,8505,57834,506
1.2376593254854822e+18,230.270756682591,50.379032381872,21.8563,21.81199,21.3664,21.32775,21.7297,3225,301,3,131,9.452024957133674e+18,GALAXY,1.34696,8395,57834,346
1.237667211592008e+18,156.175039941413,26.8508103338717,23.57735,23.46696,22.75201,21.9394,21.47199,5061,301,4,279,1.0837013783945435e+19,GALAXY,0.9771503,9625,57834,826
1.2376674301003697e+18,156.190801597179,24.4292245828961,23.11927,23.19895,22.72577,21.97899,20.84889,5112,301,3,308,1.083683346403848e+19,GALAXY,0.8354182,9625,57834,170
1.2376672115915502e+18,155.03766383055,26.7411146178114,25.74791,23.51477,23.02588,21.83206,21.34021,5061,301,4,272,1.0836950562026838e+19,QSO,0.8923208,9625,57834,596
1.2376593260224845e+18,231.245134682777,50.619762381053,22.46139,22.00808,21.83301,21.54897,21.2835,3225,301,4,133,9.451994445686e+18,GALAXY,1.451638,8395,57834,235
1.2376672115914844e+18,154.859480407614,26.60280105491,21.57821,22.56541,21.08547,20.66478,20.2705,5061,301,4,271,1.0836939292032651e+19,GALAXY,1.104752,9625,57834,555
1.2376621956087155e+18,210.653856994507,40.3100029354303,21.48268,21.10176,20.86021,20.38953,20.40624,3893,301,5,304,9.57588439224683e+18,QSO,1.779016,8505,57834,384
1.2376613881432645e+18,219.394548760345,53.2270771859189,24.45993,22.54954,21.28228,20.2829,19.40442,3705,301,5,127,9.461179765824444e+18,GALAXY,0.7651013,8403,57834,883
1.237659324949e+18,231.148695496734,49.6352101416355,21.38861,20.93421,20.45054,20.26028,19.73277,3225,301,2,137,9.451987023982516e+18,QSO,0.3256825,8395,57834,208
1.2376593254860063e+18,231.971664600688,49.6045248505255,21.86713,21.86622,21.76886,21.51787,21.47332,3225,301,3,139,9.451952939122055e+18,QSO,1.816701,8395,57834,84
1.2376591198626127e+18,223.920817286304,48.0379587161273,24.33801,23.85282,22.01923,20.61945,19.97656,3177,301,4,111,9.493704419285686e+18,GALAXY,0.6973839,8432,57834,423
1.237659119862416e+18,223.497261471315,48.4172319036844,22.01209,20.24137,19.10635,18.59068,18.29974,3177,301,4,108,9.49371843805894e+18,GALAXY,0.1463289,8432,57834,474
1.23766743010037e+18,156.216198727152,24.4537258220305,23.01807,23.0439,22.26309,21.84051,21.5353,5112,301,3,308,1.083683263940476e+19,GALAXY,0.7838097,9625,57834,167
1.2376613865352072e+18,226.275745687336,49.0166266989127,22.09332,21.38547,21.13776,20.94128,20.56833,3705,301,2,166,9.493842957750786e+18,QSO,2.200365,8432,57834,927
1.2376672099811988e+18,155.978350398682,25.6689944384873,23.91832,22.39345,23.22665,22.11707,22.15187,5061,301,1,276,1.0836851331102431e+19,GALAXY,0.9299579,9625,57834,235
1.2376672099810675e+18,155.639118749409,25.4367908936165,22.68954,22.51517,21.18589,20.67278,20.45268,5061,301,1,274,1.0836871397189638e+19,GALAXY,0.9044678,9625,57834,308
1.2376591198630057e+18,225.184519593385,47.7096822791083,23.05475,22.67167,21.68938,20.6436,19.9525,3177,301,4,117,9.493646145169414e+18,GALAXY,0.7551296,8432,57834,211
1.237659324948808e+18,230.509434075895,49.7665007448652,24.15305,23.3191,21.68587,20.65047,19.9601,3225,301,2,134,9.452019184697629e+18,GALAXY,0.7275815,8395,57834,325
1.2376614160665157e+18,217.123257522143,51.6446589937649,25.10285,24.05092,21.4216,20.06184,19.37618,3712,301,1,218,9.46105057320818e+18,GALAXY,0.7266318,8403,57834,413
1.237659326559814e+18,232.893388333513,50.1521922050465,24.63465,22.15786,20.34797,19.48421,19.83324,3225,301,5,140,9.451944967662752e+18,STAR,-5.796368e-05,8395,57834,55
1.237659326022484e+18,231.311896359708,50.5776910913571,21.0351,20.35037,20.29045,19.95523,19.96549,3225,301,4,133,9.451984275203449e+18,QSO,0.5894637,8395,57834,198
1.2376591611953157e+18,226.017606228732,48.3144956028811,21.7603,21.55128,21.14683,21.04806,20.71612,3187,301,1,14,9.49361948201244e+18,QSO,1.159823,8432,57834,114
1.2376621956085844e+18,210.289067890948,40.3518814641739,22.19911,22.13909,22.22411,21.83768,21.82868,3893,301,5,302,9.57589593711892e+18,QSO,1.691378,8505,57834,426
1.237661386532717e+18,218.516803621933,51.9306785505433,21.06704,20.64394,20.51733,20.53306,20.39437,3705,301,2,128,9.461008791766323e+18,QSO,2.344997,8403,57834,261
1.2376593260224187e+18,231.043608812873,50.7458177292413,21.02128,21.04598,20.87637,20.70425,20.57845,3225,301,4,132,9.452005165924377e+18,QSO,2.082519,8395,57834,274
1.2376593254855475e+18,230.473469093229,50.3002263294639,19.28248,18.09864,17.84517,17.77839,17.74981,3225,301,3,132,9.452013137383676e+18,STAR,-0.0006635058,8395,57834,303
1.2376593244114135e+18,228.875715334123,50.2494720278423,22.74093,24.83315,22.05016,20.80766,19.8915,3225,301,1,126,9.452062065651114e+18,GALAXY,0.716926,8395,57834,481
1.237659326022222e+18,230.382890934979,50.8696615833283,21.62238,21.60012,21.47452,21.23939,21.26763,3225,301,4,129,9.45210989440692e+18,QSO,1.668262,8395,57834,655
1.237661385998402e+18,226.107154234036,48.6462928706691,21.90633,21.33154,21.17111,20.83252,20.18413,3705,301,1,167,9.4938355360473e+18,QSO,0.7007571,8432,57834,900
1.2376672937334538e+18,155.937152798582,24.9896440578967,19.05953,18.85762,18.77571,18.5806,18.14195,5080,301,5,282,1.083685765329429e+19,QSO,0.3945891,9625,57834,258
1.2376591316742963e+18,224.102773868596,47.4454185372711,22.27758,21.82785,21.90266,22.03336,21.6123,3180,301,2,119,9.493699196605454e+18,STAR,0.0001822523,8432,57834,404
1.2376593260225495e+18,231.385165419549,50.4810379073395,21.10575,21.00406,20.98811,20.75793,20.69518,3225,301,4,134,9.45198042691275e+18,QSO,1.94252,8395,57834,184
1.2376593244119368e+18,230.212998806027,49.5139634457528,21.12365,20.76868,20.56397,20.68843,20.44417,3225,301,1,134,9.452029904936e+18,GALAXY,0.01497663,8395,57834,364
1.2376591198624817e+18,223.498751222424,48.2021572822237,22.59335,23.24295,21.67513,20.57022,19.58526,3177,301,4,109,9.493716513913594e+18,GALAXY,0.7269375,8432,57834,467
1.2376591198624812e+18,223.585340754502,48.3317399075027,21.97379,19.96985,18.89648,18.43587,18.104,3177,301,4,109,9.493717613425222e+18,GALAXY,0.1478548,8432,57834,471
1.2376593260226156e+18,231.744417697967,50.4231141307054,20.75507,20.57501,20.51846,20.35483,19.9923,3225,301,4,135,9.451969981552286e+18,QSO,2.129431,8395,57834,146
1.2376613865347484e+18,224.898128013366,49.6025210091763,21.78894,21.81545,21.54939,21.37815,21.33753,3705,301,2,159,9.493782759489163e+18,QSO,1.296964,8432,57834,708
1.237661386535076e+18,225.970301696762,49.3350358421041,21.06267,21.0887,20.87241,20.81774,20.48922,3705,301,2,164,9.49383883458218e+18,QSO,1.022171,8432,57834,912
1.2376672105174144e+18,154.287680844476,25.6037795382868,24.23658,22.18307,21.82645,21.0391,20.57055,5061,301,2,266,1.0836928846672187e+19,GALAXY,0.79251,9625,57834,517
1.2376621956085192e+18,210.042062180728,40.4705287868217,22.3281,21.83043,21.37414,21.37208,21.31403,3893,301,5,301,9.575914903694496e+18,QSO,1.212376,8505,57834,495
1.2376593265590927e+18,230.780026278828,51.1917253848441,21.92812,21.7486,21.58502,21.38282,21.13251,3225,301,5,129,9.452129410738311e+18,GALAXY,0.3868271,8395,57834,726
1.2376614160667116e+18,217.924355627762,51.3891398834185,23.62154,23.53441,21.38842,20.35307,19.61594,3712,301,1,221,9.461026933708184e+18,GALAXY,0.5994307,8403,57834,327
1.2376613865348795e+18,225.316658694606,49.4998788648498,21.28075,21.41378,20.95743,21.06997,20.8587,3705,301,2,161,9.493805849233349e+18,QSO,1.39116,8432,57834,792
1.2376593244118062e+18,229.719808420631,49.6410068130735,23.14648,22.39039,21.5524,20.56165,19.89901,3225,301,1,132,9.452051070534834e+18,GALAXY,0.8101635,8395,57834,441
1.237667209980871e+18,155.195361800891,25.4133934574263,24.23275,22.88457,22.62873,21.81886,21.504,5061,301,1,271,1.0836906031805911e+19,GALAXY,0.594808,9625,57834,434
1.2376672110545477e+18,154.748758545414,26.1701225766233,24.28506,23.17372,22.52723,21.41659,22.01943,5061,301,3,270,1.0836930770817538e+19,GALAXY,0.8167664,9625,57834,524
1.2376591322112983e+18,224.598921389726,47.5309458634536,24.09163,24.4142,22.30474,21.05028,19.93131,3180,301,3,121,9.493680230029875e+18,GALAXY,0.8570908,8432,57834,335
1.237667209981068e+18,155.712624008779,25.466630935912,22.38984,22.63315,21.88977,21.31555,20.89781,5061,301,1,274,1.0836872496701264e+19,GALAXY,0.8176522,9625,57834,312
1.2376613870698506e+18,219.923837989703,52.1123215975482,23.26255,23.83333,21.75256,20.60262,19.44843,3705,301,3,132,9.460956564964004e+18,GALAXY,0.7611902,8403,57834,71
1.237661386532586e+18,218.203631812288,52.1487265344993,23.9739,21.56465,21.0908,20.87684,20.56171,3705,301,2,126,9.46102281053958e+18,QSO,3.178501,8403,57834,312
1.237661386535535e+18,227.118100986243,48.5928447914071,22.76031,21.82038,21.48953,21.21472,20.71491,3705,301,2,171,9.493593643489188e+18,QSO,1.793544,8432,57834,20
1.2376613865348795e+18,225.374741304066,49.4924106406521,20.79065,20.73897,20.6055,20.48423,20.35871,3705,301,2,161,9.493806398989162e+18,GALAXY,0.2543916,8432,57834,794
1.2376593260222223e+18,230.583535608408,50.9955521752783,22.41094,22.12043,21.88134,21.75764,21.40149,3225,301,4,129,9.452119515133663e+18,GALAXY,1.161078,8395,57834,690
1.2376613865346826e+18,224.778632101575,49.8108711301944,20.25596,20.20484,20.38301,20.12054,20.25235,3705,301,2,158,9.493771214617072e+18,QSO,1.90081,8432,57834,666
1.2376593260217636e+18,229.108555326644,51.516024370994,24.04846,22.78807,21.51426,20.52233,19.77332,3225,301,4,122,9.452082406616224e+18,QSO,7.011245,8395,57834,555
1.2376593270959636e+18,231.474569259784,51.6136579002474,18.66582,17.07443,16.84979,16.5805,16.36671,3225,301,6,129,9.45216019706389e+18,QSO,2.868036,8395,57834,838
1.23766138653311e+18,219.922437233029,51.5055622905399,21.49838,20.97207,20.7477,20.70502,20.7545,3705,301,2,134,9.460949418138423e+18,QSO,2.26858,8403,57834,45
1.2376593260224842e+18,231.210984380476,50.4899470602216,20.58632,20.50407,20.5563,20.28467,20.0959,3225,301,4,133,9.451992521540655e+18,QSO,1.683738,8395,57834,228
1.2376613865330447e+18,219.802925276747,51.6870142188458,23.35198,21.95632,21.5311,21.31647,21.34636,3705,301,2,133,9.460951892039588e+18,GALAXY,1.638417,8403,57834,54
1.2376591198632023e+18,225.742361834512,47.4346765019155,24.53229,23.38552,21.66412,20.37547,19.65412,3177,301,4,120,9.493622505669417e+18,GALAXY,0.6447316,8432,57834,125
1.237659326022681e+18,231.771189376274,50.2129119078488,22.23784,22.1244,21.84665,21.51238,21.06375,3225,301,4,136,9.451968332284844e+18,QSO,2.042376,8395,57834,140
1.2376591332847785e+18,224.61397216167,48.5461071407985,20.8311,20.54235,19.94379,19.44398,18.99801,3180,301,5,117,9.493676106861271e+18,GALAXY,0.540742,8432,57834,320
1.237659326022222e+18,230.477895700194,50.8885708872229,20.6676,20.60835,20.52398,20.26751,20.12224,3225,301,4,129,9.45212171415692e+18,QSO,1.631936,8395,57834,698
1.23766141606894e+18,224.835848430425,48.9047420758555,26.10089,23.35686,21.39121,20.29028,19.52722,3712,301,1,255,9.493787432413583e+18,GALAXY,0.5647466,8432,57834,725
1.237659324948808e+18,230.651266188435,49.8456244311563,23.81005,24.42189,21.76582,20.65025,19.86146,3225,301,2,134,9.45201093836042e+18,QSO,1.027923,8395,57834,295
1.2376591198625472e+18,223.7063027832,48.2025241626129,23.61676,23.06609,21.54307,20.48892,19.78723,3177,301,4,110,9.493715414401964e+18,GALAXY,0.5888124,8432,57834,463
1.23765534781558e+18,231.7349581099,52.1385003302571,22.18233,21.80562,21.70274,21.56546,21.40438,2299,301,2,233,9.452166794133656e+18,QSO,1.897719,8395,57834,862
1.237662195608584e+18,210.274490169685,40.4938945568787,20.93983,20.25966,20.26439,20.16888,19.77592,3893,301,5,302,9.57590748199101e+18,QSO,2.337653,8505,57834,468
1.2376613870698504e+18,219.848110435946,51.9666576487847,23.48713,23.6529,21.66944,20.4707,19.65653,3705,301,3,132,9.460953816184936e+18,GALAXY,0.7066028,8403,57834,61
1.2376613865346176e+18,224.575348760147,49.7383299832842,21.30416,20.99472,20.62005,20.6805,20.56001,3705,301,2,157,9.493759394867075e+18,QSO,1.050089,8432,57834,623
1.237659324411609e+18,229.422601419203,49.9416351783469,21.50247,22.04059,22.20679,22.15706,22.04951,3225,301,1,129,9.452054643947624e+18,QSO,1.992042,8395,57834,454
1.23765916119525e+18,225.886381027345,48.3849386729339,20.90347,20.60158,20.37966,20.13054,20.32625,3187,301,1,13,9.493630477128718e+18,QSO,1.502748,8432,57834,154
1.237661385998402e+18,226.122759030267,48.7033483360376,22.49205,21.68883,21.36404,21.13753,21.3545,3705,301,1,167,9.49384460701823e+18,STAR,0.002324146,8432,57834,933
1.2376672110552028e+18,156.352608200555,26.620839993278,23.38264,22.67323,21.86959,21.01303,20.49916,5061,301,3,280,1.0837026428329157e+19,GALAXY,0.8005926,9625,57834,872
1.2376593270965542e+18,232.942005730033,50.785056847515,23.19973,22.76627,21.03387,19.99916,19.22994,3225,301,6,138,9.4519389203488e+18,GALAXY,0.694208,8395,57834,33
1.2376593249485455e+18,229.769673966905,50.1818992753645,21.33547,21.01097,20.64347,20.2749,20.27523,3225,301,2,130,9.45204694736623e+18,QSO,1.668627,8395,57834,426
1.2376553478158415e+18,232.433538756706,51.7743070800433,18.13299,17.15783,16.87824,16.73864,16.71088,2299,301,2,237,9.45219070851156e+18,STAR,-0.0009138169,8395,57834,949
1.2376672115918116e+18,155.580103537457,26.8765916085839,22.43185,22.33433,22.37985,21.5319,21.00405,5061,301,4,276,1.083697997396288e+19,GALAXY,0.9380423,9625,57834,703
1.2376672115918116e+18,155.647957964854,26.7756542299127,22.60847,22.05089,21.95812,21.33536,20.02268,5061,301,4,276,1.0836981073474509e+19,GALAXY,1.39974,9625,57834,707
1.2376613865331756e+18,220.109367646243,51.5780777442887,23.32338,22.33402,22.47908,22.04999,22.06009,3705,301,2,135,9.460950242772146e+18,QSO,1.629111,8403,57834,48
1.2376614160666468e+18,217.692400804339,51.4942562338522,23.469,24.0039,21.54009,20.45424,19.66324,3712,301,1,220,9.461037379068647e+18,GALAXY,0.5535535,8403,57834,365
1.2376593270962268e+18,232.191730236628,51.2470581100782,26.43433,26.07564,21.29007,20.26523,19.40186,3225,301,6,133,9.452185210953425e+18,GALAXY,0.8538206,8395,57834,929
1.2376593260224845e+18,231.134007297665,50.5680901153483,22.27365,21.10471,20.81126,20.68517,20.65479,3225,301,4,133,9.452071411499948e+18,GALAXY,0.0,8395,57834,515
1.2376591611953157e+18,225.987739275723,48.4017991048635,22.4856,21.31539,20.95845,20.78654,21.04781,3187,301,1,14,9.49362030664616e+18,STAR,0.0001224203,8432,57834,117
1.2376593249485455e+18,229.7748638337,50.1174729459951,17.39672,17.55932,17.42322,17.06587,16.8769,3225,301,2,130,9.452044748342974e+18,STAR,0.000261734,8395,57834,418
1.237659132208088e+18,214.749330459125,50.9021560629744,25.51131,23.06735,22.19753,20.82877,19.83112,3180,301,3,72,9.463235302829349e+18,GALAXY,0.1382099,8405,57835,169
1.237667539082216e+18,152.468132028388,22.4183234930018,25.20749,23.17543,22.91005,22.24159,21.84937,5137,301,6,263,1.0824544497469512e+19,GALAXY,0.7788508,9614,57835,519
1.237667539083e+18,154.355284025427,22.7877176667986,24.98133,22.83408,22.25091,21.98772,21.46248,5137,301,6,275,1.0824623387428805e+19,GALAXY,0.9496195,9614,57835,806
1.2376675514149765e+18,155.211485402802,22.7199662875172,18.12788,17.25679,17.01449,16.91533,16.91815,5140,301,5,30,1.0824667917649727e+19,STAR,0.0008928825,9614,57835,968
1.2376591322078257e+18,213.888861803495,51.3067499265788,24.51211,23.11301,21.48781,20.13587,19.4586,3180,301,3,68,9.46327323598051e+18,GALAXY,0.8265406,8405,57835,307
1.2376591316710856e+18,214.03906818244,50.8284329577779,22.30789,22.04279,21.82509,21.61939,21.59947,3180,301,2,70,9.463268837934e+18,QSO,1.960183,8405,57835,291
1.237667538546263e+18,154.782757463298,22.5336244927889,23.15827,23.44886,23.24078,22.76453,21.72789,5137,301,5,277,1.0824648676196243e+19,GALAXY,0.9085665,9614,57835,898
1.237659132207694e+18,213.342710815657,51.4133847571753,22.97923,22.82795,21.65355,20.63724,19.77771,3180,301,3,66,9.463294676457249e+18,GALAXY,0.9822733,8405,57835,385
1.2376591316704302e+18,211.889181443513,51.3923191962773,22.1943,22.12304,21.98542,21.88271,21.95071,3180,301,2,60,9.46332601253864e+18,QSO,1.369885,8405,57835,499
1.237659131671085e+18,213.903898333704,50.7109887536513,22.25578,21.95867,21.78849,21.4386,21.43887,3180,301,2,70,9.46326746354446e+18,GALAXY,0.648393,8405,57835,286
1.2376591322072358e+18,211.920306872638,51.7741928622858,24.84868,24.04676,22.09739,20.60628,19.75075,3180,301,3,59,9.463330960340963e+18,GALAXY,0.0,8405,57835,517
1.237659131671151e+18,214.135532929664,50.6275669053921,22.65586,21.25902,20.62657,20.48424,20.40032,3180,301,2,71,9.463255368916558e+18,GALAXY,0.3109592,8405,57835,242
1.237667538546066e+18,154.264873877023,22.446612427587,22.35458,22.21416,21.72219,21.33307,20.79198,5137,301,5,274,1.0824455986783476e+19,GALAXY,1.126243,9614,57835,197
1.237667539082937e+18,154.210920596339,22.7172332877065,24.52058,23.11558,22.52114,22.15976,21.94176,5137,301,6,274,1.082461294206834e+19,GALAXY,0.7414057,9614,57835,768
1.237659131671282e+18,214.68323994847,50.6693588103742,21.20991,21.16123,21.30689,20.99808,20.76575,3180,301,2,73,9.463233378684e+18,QSO,1.759473,8405,57835,162
1.2376591198590085e+18,212.501616671316,51.9100244455904,25.45371,23.64429,21.49306,20.49951,19.84375,3177,301,4,56,9.46334580374794e+18,GALAXY,0.6157963,8405,57835,571
1.2376591198590735e+18,212.673295523793,51.7722714420248,25.72516,23.62266,21.65535,20.28858,19.52205,3177,301,4,57,9.463347453015382e+18,GALAXY,0.6857861,8405,57835,577
1.237659133281698e+18,214.915069449943,51.8646999101897,24.43681,25.38317,21.63585,20.41062,19.68128,3180,301,5,70,9.463434314433976e+18,GALAXY,0.7706984,8405,57835,893
1.237667539083461e+18,155.485846681134,22.9500988335894,22.3315,22.41126,21.80198,21.37446,20.80284,5137,301,6,282,1.0824673415207868e+19,GALAXY,0.8069978,9614,57835,988
1.2376675390828716e+18,154.038223716879,22.7153878521188,24.61427,22.78858,22.1617,21.53432,20.95969,5137,301,6,273,1.0824601672074156e+19,GALAXY,0.7412289,9614,57835,727
1.2376674300991903e+18,153.411479612086,23.792054065098,22.64213,22.41645,21.70521,21.08996,20.08947,5112,301,3,290,1.0824572809893929e+19,GALAXY,0.7741725,9614,57835,622
1.2376675374717343e+18,153.088018990028,21.2251133952879,24.02104,22.47687,22.24806,21.64274,21.14719,5137,301,3,265,1.0824524431382305e+19,GALAXY,1.062347,9614,57835,446
1.2376591316713477e+18,214.900469637088,50.5656994346651,21.65144,21.35554,21.10009,20.91467,20.86255,3180,301,2,74,9.463222933323536e+18,QSO,1.429223,8405,57835,124
1.237659132744303e+18,212.719751552278,52.0358347378476,25.23881,24.42587,21.68512,20.64626,19.93474,3180,301,4,62,9.46335569935259e+18,GALAXY,0.6490083,8405,57835,607
1.237659131670758e+18,212.923785786632,51.1048676939171,23.33369,22.32093,21.10159,20.6414,19.87377,3180,301,2,65,9.463304297183994e+18,QSO,6.924236,8405,57835,420
1.2376591322078257e+18,213.803184073955,51.3067518281331,25.43975,23.05596,21.73424,20.52918,19.86113,3180,301,3,68,9.463271586713063e+18,GALAXY,0.9361013,8405,57835,301
1.237667536935256e+18,154.111802944597,21.1028733265436,17.72078,16.83196,16.60345,16.50739,16.50844,5137,301,2,271,1.0824457086295103e+19,STAR,0.0008490003,9614,57835,201
1.23766753854587e+18,153.831161981182,22.2704512425082,22.92313,22.96952,21.7858,21.60169,21.79385,5137,301,5,271,1.082448787262068e+19,STAR,-0.002887673,9614,57835,313
1.237667538546394e+18,155.108697869627,22.4643395250378,22.2356,22.23773,21.96922,21.68441,20.1544,5137,301,5,279,1.0824670941306704e+19,GALAXY,1.067162,9614,57835,979
1.237667537472652e+18,155.278236501833,21.7954249546967,23.18705,22.78901,22.38842,21.88544,21.12144,5137,301,3,279,1.0824404309737e+19,GALAXY,0.8534766,9614,57835,9
1.2376675385464591e+18,155.248552659842,22.6845647183842,24.75163,22.60499,22.13409,21.29059,20.95143,5137,301,5,280,1.082466874228345e+19,GALAXY,0.9338963,9614,57835,971
1.2376613865317998e+18,215.614190253879,52.8015241796412,22.84042,22.46898,21.73069,20.57552,19.92083,3705,301,2,114,9.463438712480487e+18,GALAXY,0.8240143,8405,57835,909
1.2376591316709542e+18,213.603709188792,50.8961666367777,21.38832,21.19151,21.07257,20.88382,20.30513,3180,301,2,68,9.463280382806088e+18,QSO,2.121199,8405,57835,333
1.237659131670823e+18,213.197333980991,50.9367783570257,20.14666,20.03776,19.79745,19.81014,19.75852,3180,301,2,66,9.463291103044458e+18,QSO,1.005937,8405,57835,372
1.2376591198590085e+18,212.439565712872,51.7673618295292,26.19021,24.40455,21.93437,20.67428,19.83869,3177,301,4,56,9.463337007654918e+18,GALAXY,0.6699412,8405,57835,539
1.237659324945597e+18,220.832314241869,53.918462177699,21.96201,20.42142,19.81418,19.57782,19.52272,3225,301,2,85,9.45773087277635e+18,STAR,-0.0001776913,8400,57837,624
1.237659324946514e+18,223.785239847646,52.7512661998327,20.54391,20.46939,20.47355,20.41909,20.25453,3225,301,2,99,9.457569244567069e+18,QSO,1.987545,8400,57837,36
1.2376709664652657e+18,153.823202947418,18.2113356692529,19.40511,18.9574,18.90843,19.01417,18.75278,5935,301,6,250,1.0777306454316833e+19,QSO,0.7713454,9572,57837,700
1.2376593254831237e+18,223.463598509579,53.5547490570247,24.03436,22.92328,21.58644,20.56592,20.2375,3225,301,3,95,9.457821307607734e+18,STAR,-0.0004952211,8400,57837,953
1.2376709664655283e+18,154.441666260492,18.2915885175699,25.0545,22.4296,22.06762,21.27789,22.85904,5935,301,6,254,1.0777349885026128e+19,GALAXY,0.7996719,9572,57837,858
1.237659326557848e+18,227.222741874675,52.9233814717751,22.17511,20.86782,20.60456,20.22786,20.07785,3225,301,5,110,9.45332980260827e+18,QSO,2.932141,8396,57837,997
1.2376709648548503e+18,154.56484461925,17.0816781799565,22.76937,22.09505,20.81189,20.44303,19.70957,5935,301,3,253,1.077716186853778e+19,GALAXY,0.8069134,9572,57837,174
1.23765932494599e+18,222.032456411998,53.4590130433055,20.56656,20.48502,20.43689,20.40608,20.35057,3225,301,2,91,9.457778701532156e+18,QSO,1.510443,8400,57837,798
1.237661387606917e+18,220.710291473172,52.2297803643512,21.01109,21.25818,20.91399,21.09246,20.68059,3705,301,4,135,9.457665451834495e+18,QSO,1.331742,8400,57837,386
1.2376709648545224e+18,153.701531415726,17.0196439292593,24.57144,22.77289,22.30168,21.81937,20.84827,5935,301,3,248,1.0777213820462193e+19,GALAXY,0.757301,9572,57837,363
1.2376709659287887e+18,154.90149676293,17.9133241139918,22.2959,21.92068,21.26905,20.32656,20.47569,5935,301,5,256,1.0777143451718e+19,GALAXY,0.8129627,9572,57837,107
1.2376593260211082e+18,227.11049964189,52.4434207896185,24.16946,23.22974,21.98487,20.49858,20.04992,3225,301,4,112,9.45306427055016e+18,STAR,-2.003264e-05,8396,57837,31
1.23766138814392e+18,221.504897768473,52.3719060499853,22.62444,22.79832,21.28442,20.1872,19.40915,3705,301,5,137,9.457631092096127e+18,GALAXY,0.8754202,8400,57837,261
1.2376613859941422e+18,212.511132819126,53.2487384467941,23.08324,22.22094,21.80421,21.744,21.26815,3705,301,1,102,9.489132100231911e+18,GALAXY,0.254551,8428,57837,173
1.237670965928985e+18,155.285280032268,17.9884579892657,24.09928,21.9228,21.32418,20.6569,20.16769,5935,301,5,259,1.077712393538662e+19,GALAXY,0.9658312,9572,57837,36
1.2376593270943913e+18,226.604264765671,53.8202890790897,21.80563,20.91001,19.60227,19.0235,18.66557,3225,301,6,105,9.453305338474551e+18,GALAXY,0.3008829,8396,57837,908
1.2376675492676252e+18,155.85592233863,21.3006201147643,24.30077,22.98414,22.1831,22.29942,20.89084,5140,301,1,32,1.07739760335963e+19,GALAXY,1.12681,9569,57837,872
1.2376593265573898e+18,225.91285168677,53.5859257665782,25.67888,22.84917,21.13791,19.92619,19.26786,3225,301,5,103,9.453271528492e+18,GALAXY,0.6487697,8396,57837,785
1.2376593249465802e+18,223.994482010144,52.8070611058955,22.87371,21.54712,19.85468,19.26956,18.82184,3225,301,2,100,9.453186591218751e+18,GALAXY,0.2974362,8396,57837,476
1.237659324408988e+18,221.274526783346,53.184334985786,22.29524,21.71365,21.07268,21.53348,20.97752,3225,301,1,89,9.457748464962394e+18,GALAXY,0.2813342,8400,57837,688
1.237659326020518e+18,225.343609743479,53.1581575531509,21.49148,21.69116,21.14955,21.11872,21.36984,3225,301,4,103,9.453256959962927e+18,QSO,1.260534,8396,57837,732
1.2376593244095127e+18,222.870460480109,52.6128350759774,24.87544,22.98144,21.59602,20.53128,19.78372,3225,301,1,97,9.457588760898462e+18,GALAXY,0.610624,8400,57837,107
1.2376709664652006e+18,153.702976933922,18.1723449001231,24.01068,22.45953,21.74419,21.39908,21.56596,5935,301,6,249,1.0777223716066845e+19,GALAXY,0.997591,9572,57837,399
1.237659326021108e+18,227.299309424089,52.5393388625919,21.71542,21.5683,21.51872,22.28675,22.82689,3225,301,4,112,9.453060147381555e+18,GALAXY,0.01135836,8396,57837,16
1.237659326020977e+18,226.777977567757,52.6788952239797,22.11558,21.57443,21.58428,21.5005,21.01159,3225,301,4,110,9.4530777395676e+18,QSO,2.555772,8396,57837,80
1.23766138814392e+18,221.750401766164,52.4819823443474,24.59066,23.41176,21.49897,20.14904,19.45938,3705,301,5,137,9.457621746247293e+18,GALAXY,0.7020125,8400,57837,227
1.2376593265573235e+18,225.544178993447,53.5579502967935,21.38824,21.32309,21.19776,21.27018,21.11921,3225,301,5,102,9.45326410678851e+18,QSO,2.120089,8396,57837,758
1.2376593265577828e+18,227.056897486024,53.0688082779231,23.91363,22.22893,20.97805,20.89953,20.86863,3225,301,5,109,9.453323755294317e+18,QSO,3.704147,8396,57837,975
1.23766141875146e+18,220.808531603333,52.906969905278,23.5751,23.65486,21.43946,20.06885,19.4323,3712,301,6,227,9.457738844235651e+18,GALAXY,0.6728733,8400,57837,653
1.2376593265572577e+18,225.420587868466,53.7902798361281,24.2188,21.41863,21.36402,21.52066,20.81856,3225,301,5,101,9.453262457521068e+18,STAR,-0.0001167593,8396,57837,752
1.237661388143527e+18,220.437139143091,52.9245033966148,26.09202,23.14797,21.43495,20.37617,19.69084,3705,301,5,131,9.457717953514723e+18,GALAXY,0.6067419,8400,57837,577
1.2376593249461217e+18,222.484951966338,53.3149848001448,25.50361,21.34118,19.88269,19.11472,18.66241,3225,301,2,93,9.457802341032155e+18,STAR,0.0001555481,8400,57837,884
1.237659326557192e+18,225.163546959411,53.7154316692508,18.65677,17.67085,17.37419,17.2816,17.25364,3225,301,5,100,9.453239367776885e+18,STAR,-0.0008218048,8396,57837,668
1.2376677817487857e+18,155.224816734821,19.0252534333395,23.01668,22.80741,21.76796,21.74756,20.68723,5194,301,2,277,1.077737324964822e+19,QSO,1.04848,9572,57837,943
1.2376709648549156e+18,154.67009382331,17.2032145501231,22.64952,22.28296,21.61015,20.88251,20.39586,5935,301,3,254,1.0777160769026152e+19,GALAXY,0.7572992,9572,57837,170
1.237659325483844e+18,225.565732389087,52.5697733245574,22.31489,21.9833,21.72888,21.60083,21.0347,3225,301,3,106,9.453119795887364e+18,QSO,1.583845,8396,57837,233
1.237659326020518e+18,225.499469542614,53.2050570656216,22.0794,21.59939,21.64577,21.76324,22.33143,3225,301,4,103,9.45326740532339e+18,QSO,2.461413,8396,57837,770
1.2376593265572582e+18,225.389818587512,53.6535951870956,21.40564,21.19679,20.91732,20.73076,20.85273,3225,301,5,101,9.453263007276882e+18,QSO,1.234115,8396,57837,754
1.2376677833598572e+18,156.140453972335,20.4575885266255,23.68047,22.81261,22.57121,22.5573,20.59015,5194,301,5,284,1.0773980981398624e+19,GALAXY,1.06181,9569,57837,890
1.2376709653920486e+18,155.195510414597,17.5942971084062,22.78447,22.73411,21.82281,21.06747,21.32677,5935,301,4,258,1.0777131082212202e+19,GALAXY,0.7884251,9572,57837,62
1.237670964854981e+18,154.873729557709,17.1072553635306,22.25692,22.23851,21.84564,21.43466,20.67067,5935,301,3,255,1.0777136854648248e+19,GALAXY,1.111687,9572,57837,83
1.2376675374726523e+18,155.326070136578,21.7317036386472,24.44984,23.07133,21.85799,21.20007,20.53558,5137,301,3,279,1.0773940299468397e+19,GALAXY,0.8391324,9569,57837,742
1.2376593249469727e+18,225.286559766944,52.3402729337269,18.53788,17.48192,17.19237,17.09995,17.10237,3225,301,2,106,9.453130516125737e+18,STAR,7.694893e-05,8396,57837,272
1.2376591332805844e+18,211.061258658893,52.8083067571705,26.17653,23.44365,21.82722,20.36805,19.63477,3180,301,5,53,9.489175530941209e+18,GALAXY,0.8327079,8428,57837,331
1.2376593260201907e+18,224.395651577104,53.6070576610207,22.78066,21.22724,20.45328,20.27795,20.13714,3225,301,4,98,9.453216552910608e+18,STAR,-0.0007768785,8396,57837,585
1.23766138814392e+18,221.55045862221,52.5336068300113,25.93586,23.58272,21.85418,20.79276,19.80392,3705,301,5,137,9.45763274136357e+18,GALAXY,0.8485045,8400,57837,267
1.237667549266838e+18,153.957782721607,20.7321102094769,23.27123,22.65343,22.27481,21.36443,21.12541,5140,301,1,20,1.0773875978038172e+19,GALAXY,0.7973652,9569,57837,508
1.2376677350338726e+18,155.974840125231,19.8940218964862,22.5913,22.87,22.292,21.73321,21.75267,5183,301,3,168,1.0773779495892834e+19,GALAXY,0.6400815,9569,57837,157
1.2376709653916552e+18,154.276520517587,17.5513779435955,19.93767,19.31579,19.21049,19.17926,19.07085,5935,301,4,252,1.077718523315987e+19,QSO,2.263741,9572,57837,259
1.2376593249458588e+18,221.59614201326,53.7279843956471,21.58879,21.12793,20.93618,20.69855,20.53102,3225,301,2,89,9.45775506203216e+18,QSO,1.606395,8400,57837,712
1.2376593265574543e+18,226.111355172507,53.4781420750808,20.47506,19.97902,20.01173,20.06738,19.96639,3225,301,5,104,9.453285272387344e+18,QSO,2.42278,8396,57837,835
1.2376709659289848e+18,155.303494304295,18.1539051626159,23.49697,24.41424,22.30337,21.85526,21.562,5935,301,5,259,1.0777124485142436e+19,QSO,1.268847,9572,57837,38
1.237667781748327e+18,154.255119230444,18.8285976634014,22.1524,22.23684,21.5842,21.12705,20.3676,5194,301,2,270,1.077733366722962e+19,GALAXY,0.8690298,9572,57837,799
1.2376593244089884e+18,221.341186739399,53.3343486172711,25.03942,22.23749,20.66858,19.94865,19.59768,3225,301,1,89,9.457746815694952e+18,GALAXY,0.450463,8400,57837,682
1.237659324408857e+18,220.818001851548,53.4499061834296,25.34707,24.24481,21.54739,20.34155,19.70051,3225,301,1,87,9.45773444618914e+18,GALAXY,0.6451214,8400,57837,637
1.2376677361074186e+18,155.356928386586,20.470163910639,22.63159,23.36348,21.99971,20.54357,20.92905,5183,301,5,165,1.077393810044514e+19,GALAXY,0.8181841,9569,57837,734
1.237659324947104e+18,225.577606018342,52.028685629457,20.24897,19.38657,19.18307,19.1229,19.03642,3225,301,2,108,9.453115122962946e+18,STAR,-0.001380214,8396,57837,216
1.237670965392114e+18,155.329603555576,17.5867166184262,23.99633,22.70483,21.66431,21.12484,20.68818,5935,301,4,259,1.0777119812218e+19,GALAXY,0.52114,9572,57837,21
1.2376593260211732e+18,227.236442160492,52.312197730326,18.85133,17.92512,17.57913,17.47823,17.4156,3225,301,4,113,9.453061521771092e+18,STAR,-0.0004753989,8396,57837,21
1.2376677817481958e+18,153.850203612125,18.8318713473917,22.40278,22.12473,22.08261,21.59223,21.04653,5194,301,2,268,1.077730040700288e+19,QSO,2.073069,9572,57837,678
1.2376709659285916e+18,154.334312765542,17.8218156633976,24.41733,22.57339,21.79637,21.10655,20.86449,5935,301,5,253,1.0777166541462198e+19,GALAXY,0.7013269,9572,57837,191
1.2376593249465797e+18,224.002931344447,52.8016209915108,24.24654,21.42249,19.68574,19.08947,18.72742,3225,301,2,100,9.457564021886837e+18,GALAXY,0.3184658,8400,57837,17
1.2376613881438543e+18,221.403590106523,52.4603974649476,21.96203,22.89028,21.2662,20.24187,19.40854,3705,301,5,136,9.457646485258916e+18,GALAXY,0.7270445,8400,57837,317
1.2376677350339384e+18,156.189564541062,19.8344493023145,23.18945,22.22578,21.99344,21.36905,22.76483,5183,301,3,169,1.077377344857888e+19,QSO,0.7483085,9569,57837,135
1.2376709659289196e+18,155.216021374395,18.0652708741615,24.70229,22.66176,21.97604,21.44335,21.05867,5935,301,5,258,1.077713410586918e+19,GALAXY,0.9245873,9572,57837,73
1.237659324945859e+18,221.680750719766,53.7443912447163,23.92898,23.51306,21.5253,20.32299,19.68615,3225,301,2,89,9.457766332026343e+18,GALAXY,0.7265403,8400,57837,753
1.237659325482992e+18,222.719603691113,53.6678489036924,21.31194,21.16196,21.19149,20.83443,21.22854,3225,301,3,93,9.45781003761355e+18,QSO,1.86994,8400,57837,912
1.237661418211836e+18,210.789239557793,55.3198766390988,24.11946,24.54922,21.72329,20.46426,19.67913,3712,301,5,185,9.4892464494412e+18,GALAXY,0.8588642,8428,57837,589
1.237667781748458e+18,154.520579081724,18.9720974476454,23.3572,21.66111,21.26275,20.51021,20.0671,5194,301,2,272,1.0777344387468e+19,GALAXY,0.7736323,9572,57837,838
1.237659326557259e+18,225.315950785283,53.7538412233114,22.70419,23.1055,21.74719,20.31479,19.65314,3225,301,5,101,9.453251737282695e+18,GALAXY,0.7095981,8396,57837,713
1.2376677350341353e+18,156.714159223028,19.914945573999,21.69267,21.06619,20.65187,19.90921,20.03947,5183,301,3,172,1.077374486127656e+19,GALAXY,0.7950685,9569,57837,31
1.2376677350337418e+18,155.74281957949,19.8235258472471,23.10672,22.82997,22.33493,21.67755,21.66825,5183,301,3,166,1.0773786367840508e+19,GALAXY,0.84478,9569,57837,182
1.2376593260203215e+18,224.673399161549,53.5420679177216,21.16928,21.32039,21.00788,21.1303,20.96375,3225,301,4,100,9.453229747050142e+18,QSO,1.223944,8396,57837,633
1.2376593249460557e+18,222.258206830078,53.4566802557124,23.64501,23.6915,21.73755,20.47933,19.6353,3225,301,2,92,9.45780096664262e+18,GALAXY,0.8018543,8400,57837,879
1.2376593249465797e+18,224.06410274203,52.8535666933128,22.78835,20.49231,19.22289,18.756,18.42578,3225,301,2,100,9.457564846520558e+18,GALAXY,0.2096855,8400,57837,20
1.2376593265571927e+18,225.322262401799,53.8800988871978,20.88697,20.95195,20.95255,20.80499,20.62238,3225,301,5,100,9.453251187526883e+18,QSO,2.085118,8396,57837,711
1.237659324409775e+18,223.99415210194,52.3885460116148,25.89422,23.1222,20.99683,19.95221,19.22681,3225,301,1,101,9.457560723351951e+18,GALAXY,0.5679424,8400,57837,5
1.2376709653917207e+18,154.406174240344,17.5392621497496,25.11544,23.83045,22.39979,21.22269,21.59106,5935,301,4,253,1.0777163792683129e+19,GALAXY,0.8997056,9572,57837,181
1.2376675492674278e+18,155.368030307129,21.0113067549505,24.54203,22.63887,22.30277,21.88986,21.163,5140,301,1,29,1.0773943872881189e+19,GALAXY,0.9676223,9569,57837,755
1.237661418751329e+18,220.395901670849,53.1002939793263,26.353,23.57612,21.49449,20.34671,19.63145,3712,301,6,225,9.457716854003096e+18,GALAXY,0.6282204,8400,57837,573
1.2376593260211735e+18,227.314409898015,52.3751383883509,23.89134,22.34021,21.99085,22.07529,21.54354,3225,301,4,113,9.45305657396877e+18,QSO,3.221527,8396,57837,3
1.2376613886803315e+18,220.386681602879,53.198840771431,24.79768,23.44734,21.06289,19.99511,19.33277,3705,301,6,130,9.457714105224026e+18,GALAXY,0.6050256,8400,57837,563
1.237661418212623e+18,213.834006807797,54.5683987889666,24.19432,23.06302,21.33499,20.21618,19.49018,3712,301,5,197,9.489354201580722e+18,GALAXY,0.851699,8428,57837,981
1.2376675369354527e+18,154.586100540175,21.2168764290345,17.74634,17.8476,17.81285,17.65624,17.50096,5137,301,2,274,1.077389851802654e+19,QSO,2.038011,9569,57837,590
1.237659327094588e+18,227.225665136163,53.5053194759886,24.56892,21.54706,19.99133,19.38275,19.01647,3225,301,6,108,9.453322655782689e+18,GALAXY,0.4498778,8396,57837,971
1.2376593260210424e+18,226.954875276064,52.5269385264824,19.16746,18.19051,17.92067,17.81141,17.79489,3225,301,4,111,9.453064820305975e+18,STAR,0.0002016175,8396,57837,33
1.237659326020256e+18,224.632028540292,53.5793737124321,21.79408,21.96156,21.83921,21.55313,20.81161,3225,301,4,99,9.453231121439676e+18,QSO,1.088446,8396,57837,638
1.2376593260203215e+18,224.664135891029,53.3939804344375,21.96406,21.78085,21.86216,21.5289,21.1919,3225,301,4,100,9.453230846561767e+18,QSO,1.794624,8396,57837,637
1.2376709659290506e+18,155.404947024419,18.1860670104991,22.83955,22.66304,22.01214,21.44547,21.77285,5935,301,5,260,1.0777125034898248e+19,GALAXY,0.7415794,9572,57837,40
1.237667735032824e+18,153.495839811778,19.3721752809835,26.34876,22.10077,20.66298,20.06717,21.0639,5183,301,3,152,1.0777274568479627e+19,GALAXY,0.7219321,9572,57837,584
1.2376593249460557e+18,222.299561940544,53.451745165296,24.25912,24.56921,21.68757,20.54005,19.73804,3225,301,2,92,9.457800416886809e+18,GALAXY,0.6448608,8400,57837,877
1.237667736107943e+18,156.715755089147,20.852580699772,23.39987,22.1528,21.81849,21.03526,20.81817,5183,301,5,173,1.077400736967769e+19,GALAXY,0.7821505,9569,57837,986
1.2376675492672973e+18,155.095958876897,21.1510147494738,25.8956,23.04818,22.14544,21.48941,21.08698,5140,301,1,27,1.0773934252154444e+19,GALAXY,0.7505162,9569,57837,720
1.2376709653920484e+18,155.25671861727,17.6648212450052,21.32366,20.31663,20.38013,20.2189,20.28599,5935,301,4,258,1.0777130807334296e+19,QSO,2.442552,9572,57837,61
1.2376709648549816e+18,154.81931504831,17.0895210991924,22.57744,22.98314,22.48776,21.53892,20.87665,5935,301,3,255,1.0777147300008712e+19,GALAXY,0.9307092,9572,57837,121
1.237659324408988e+18,221.330552012932,53.2404328784375,22.67461,21.98743,21.37885,20.62558,20.13556,3225,301,1,89,9.457749014718208e+18,QSO,1.69256,8400,57837,690
1.2376677361079424e+18,156.585794847037,20.8184045775954,25.3795,22.92034,22.15025,21.76241,20.9862,5183,301,5,173,1.0774001597241643e+19,QSO,0.9412159,9569,57837,965
1.237670966465463e+18,154.363009674871,18.2426359375907,22.84027,23.32096,21.89416,21.79489,20.77853,5935,301,6,253,1.077733916478776e+19,GALAXY,0.7803912,9572,57837,819
1.2376593265576517e+18,226.598444976494,53.2373979321139,22.13576,20.9331,20.51779,20.31634,20.24051,3225,301,5,107,9.453313035055944e+18,QSO,2.712009,8396,57837,936
1.237670965928657e+18,154.520502858906,17.9946117998129,18.54817,17.63697,17.36345,17.25165,17.214,5935,301,5,254,1.0777157470491267e+19,STAR,4.434196e-05,9572,57837,158
1.2376677339594107e+18,154.433427004491,18.7034591147454,20.97151,21.67355,21.1955,19.85787,19.19058,5183,301,1,157,1.0777334766741248e+19,GALAXY,1.095703,9572,57837,803
1.237659326020518e+18,225.33553604358,53.2381950179594,21.86219,21.47774,21.97411,20.85839,22.13733,3225,301,4,103,9.4532558604513e+18,GALAXY,0.0868828,8396,57837,728
1.2376709664653312e+18,154.062383441028,18.2513641492678,18.35355,18.25278,18.21536,18.15973,17.98738,5935,301,6,251,1.0777317174555204e+19,QSO,0.9064779,9572,57837,739
1.237661385994273e+18,212.942410350646,53.1494140064689,22.01258,21.21215,20.92724,20.87203,20.93202,3705,301,1,104,9.48910873560982e+18,STAR,-0.0007466451,8428,57837,88
1.237659326020387e+18,225.038326553521,53.3713452939339,21.2343,21.08171,20.96948,20.65497,20.62715,3225,301,4,101,9.45324321606758e+18,QSO,1.671256,8396,57837,682
1.2376593244089231e+18,221.134634406617,53.3199784047599,23.65494,26.01935,21.88776,20.43452,19.5107,3225,301,1,88,9.457746540817046e+18,GALAXY,0.8746027,8400,57837,681
1.2376593249465797e+18,224.063295804087,52.7803818815082,23.00694,20.79516,19.08206,18.51597,18.15878,3225,301,2,100,9.4575626474973e+18,GALAXY,0.3166896,8400,57837,12
1.2376593260207148e+18,225.8872224868,52.9317758381901,21.96426,21.71957,21.54061,21.26189,21.26814,3225,301,4,106,9.453280599462926e+18,QSO,1.848638,8396,57837,818
1.2376677361073528e+18,155.306119237197,20.5532058441555,23.06138,21.96833,21.3111,21.24302,20.77502,5183,301,5,164,1.077393727581142e+19,GALAXY,1.218663,9569,57837,731
1.23765932494658e+18,223.837910436956,52.7269831130983,20.42558,20.32496,20.45325,20.2402,20.33976,3225,301,2,100,9.457567595299625e+18,QSO,1.826625,8400,57837,30
1.2376677339595412e+18,154.75317766005,18.6578995234798,23.62548,24.35448,22.60936,22.4893,21.51798,5183,301,1,159,1.0777360330386592e+19,QSO,2.034965,9572,57837,896
1.237670965392114e+18,155.434512628132,17.6303130389119,23.43986,23.02458,22.08777,21.41968,22.54886,5935,301,4,259,1.0777120911729644e+19,GALAXY,0.8390406,9572,57837,25
1.237659324408791e+18,220.671276281259,53.52450471487,22.13386,21.85984,21.84188,21.47423,21.35835,3225,301,1,86,9.457734721067049e+18,QSO,2.488813,8400,57837,638
1.2376593244093816e+18,222.603530678243,52.8528124239766,25.1371,23.27844,21.86563,20.64121,19.77572,3225,301,1,95,9.457602504793809e+18,GALAXY,0.789613,8400,57837,157
1.2376613876067868e+18,220.320251653009,52.3216505379089,22.97773,23.18812,21.60715,20.5353,19.83445,3705,301,4,133,9.457675622317052e+18,GALAXY,0.4794527,8400,57837,423
1.2376677350340695e+18,156.564224876415,19.9777166024554,23.33573,22.09531,21.79686,21.40847,21.37576,5183,301,3,171,1.077375365736958e+19,QSO,1.550266,9569,57837,63
1.2376593260204526e+18,225.197561318001,53.2142615715123,19.72518,18.84867,18.89832,18.82779,19.74958,3225,301,4,102,9.453254486061769e+18,STAR,-8.011491e-05,8396,57837,723
1.2376593260206495e+18,225.678338668133,53.0212770240966,23.41276,22.27264,22.33117,21.67088,22.11067,3225,301,4,105,9.453268779712928e+18,QSO,1.87787,8396,57837,775
1.2376593260210424e+18,226.924167380746,52.5216845721548,21.61555,21.33837,21.34545,21.09074,21.06651,3225,301,4,111,9.453064545428068e+18,QSO,1.65439,8396,57837,32
1.237670965929051e+18,155.497226379229,18.1657802502835,21.99032,21.00375,19.75216,19.23547,18.73921,5935,301,5,260,1.0777119262462204e+19,GALAXY,0.3118438,9572,57837,19
1.2376614187525742e+18,224.448716589736,51.6462639180222,26.68561,23.08806,21.98245,20.47508,19.79567,3712,301,6,244,9.45316597537573e+18,GALAXY,0.7776136,8396,57837,401
1.2376614182149166e+18,221.618459454027,52.1771745385709,25.3092,25.09026,21.59872,20.52973,19.83881,3712,301,5,232,9.457640437944963e+18,GALAXY,0.8055788,8400,57837,295
1.2376593249457933e+18,221.464135236415,53.7861735513292,21.719,21.68094,21.32687,21.1305,21.02149,3225,301,2,88,9.457755611787977e+18,QSO,1.425107,8400,57837,714
1.2376677828231823e+18,156.735961114644,20.0461842763778,19.05933,18.8951,18.8858,18.71781,18.74259,5194,301,4,287,1.0773746235666094e+19,QSO,1.607594,9569,57837,36
1.2376593270943916e+18,226.602416962556,53.7702797232201,22.26061,20.18577,18.83949,18.30704,17.87957,3225,301,6,105,9.453307537497809e+18,GALAXY,0.3010374,8396,57837,916
1.2376613876039027e+18,210.242645080887,55.0948785466423,21.30943,21.29945,21.52817,21.24987,21.63695,3705,301,4,89,9.489237928226085e+18,QSO,1.674476,8428,57837,558
1.2376709664652657e+18,153.865857691378,18.2347527009911,19.84734,19.27123,18.95422,18.93232,19.07817,5935,301,6,250,1.0777305904561e+19,QSO,1.314499,9572,57837,698
1.237659326020715e+18,225.838582910159,52.9335492371386,23.6004,21.86592,21.44002,21.391,20.52649,3225,301,4,106,9.453280049707112e+18,GALAXY,0.3398117,8396,57837,816
1.23765932602065e+18,225.892658313301,53.0339998706731,23.2886,22.19849,21.77636,21.842,21.32814,3225,301,4,105,9.453279774829206e+18,STAR,-0.001205734,8396,57837,815
1.2376709648549158e+18,154.693546649905,17.2254852571409,22.38626,22.89792,21.84521,21.05987,20.64431,5935,301,3,254,1.0777150598543596e+19,GALAXY,0.883156,9572,57837,133
1.2376593244089226e+18,221.168393511161,53.4436698163004,24.32974,23.09126,21.55004,20.32198,19.65461,3225,301,1,88,9.457744341793788e+18,GALAXY,0.6991384,8400,57837,673
1.2376593265574543e+18,226.078617431185,53.5398956460999,21.72875,19.80446,19.01968,18.73308,18.6131,3225,301,5,104,9.453286097021063e+18,STAR,-0.0002427452,8396,57837,838
1.2376677817489167e+18,155.547126016513,19.0454900196754,22.55383,22.97074,22.55926,21.60833,21.2133,5194,301,2,279,1.077383831976492e+19,GALAXY,0.8985388,9569,57837,371
1.237661387603969e+18,210.643289551479,55.0935628155833,26.46116,23.41131,23.1138,21.48529,19.85486,3705,301,4,90,9.48924809870864e+18,QSO,1.818033,8428,57837,595
1.237670964854981e+18,154.8790678477,17.2601760905882,23.7278,23.17463,22.3637,21.79262,22.13395,5935,301,3,255,1.077713932854941e+19,GALAXY,0.7625343,9572,57837,92
1.23766138814392e+18,221.589590820108,52.529951962893,26.16791,24.34821,22.0652,20.94395,19.91797,3705,301,5,137,9.457633840875198e+18,GALAXY,0.860373,8400,57837,271
1.2376593260208458e+18,226.351940720087,52.7928194069372,21.48598,21.24671,21.07592,20.72051,20.479,3225,301,4,108,9.453096981021088e+18,QSO,0.4918552,8396,57837,150
1.237659326020453e+18,225.208991566807,53.2826384753717,22.3839,22.01932,21.88229,21.81661,22.31905,3225,301,4,102,9.453254211183862e+18,QSO,2.282855,8396,57837,722
1.2376593244092503e+18,222.235644036323,52.9904343262966,24.14931,20.5815,19.1028,18.57216,18.13822,3225,301,1,93,9.45779491932867e+18,GALAXY,0.2726578,8400,57837,857
1.2376593244098406e+18,224.132935087445,52.3323698818126,22.83586,24.6097,21.37766,20.24122,19.41986,3225,301,1,102,9.45317147293387e+18,GALAXY,0.7910639,8396,57837,421
1.2376613881439854e+18,221.811323517467,52.3906375894121,22.95591,24.2973,22.01065,20.9828,19.94089,3705,301,5,138,9.457620646735663e+18,GALAXY,0.8207349,8400,57837,223
1.2376593249468426e+18,224.891486641789,52.5317995738763,23.32156,22.87611,21.63988,20.53814,19.84047,3225,301,2,104,9.45315058221294e+18,GALAXY,0.6915785,8396,57837,345
1.237659324945991e+18,222.157919633222,53.4396930066638,24.89464,23.10608,21.53112,20.35504,19.61873,3225,301,2,91,9.457789971526345e+18,GALAXY,0.6657676,8400,57837,839
1.2376709653917212e+18,154.443803378074,17.4880659335385,23.72025,25.20829,22.5835,23.70497,21.66588,5935,301,4,253,1.077716351780522e+19,QSO,0.3823441,9572,57837,180
1.237667735034135e+18,156.679152357273,19.8650248105307,25.49691,22.6027,21.70194,21.05109,22.48839,5183,301,3,172,1.0773744586398652e+19,GALAXY,0.6625207,9569,57837,30
1.2376709659283953e+18,153.972949924064,17.7538250812697,22.81712,23.02867,22.18644,21.65168,21.3375,5935,301,5,250,1.0777199251933125e+19,GALAXY,0.9008764,9572,57837,310
1.2376613865312753e+18,213.693583434217,53.4393381708942,23.93256,22.46727,21.2438,19.89543,19.16256,3705,301,2,106,9.489098290249355e+18,STAR,6.926441e-05,8428,57837,50
1.2376677344960187e+18,153.813335827568,18.9791742771135,25.68207,22.42674,22.16743,20.97383,20.70795,5183,301,2,153,1.077729958236916e+19,GALAXY,0.8602694,9572,57837,675
1.2376677361073523e+18,155.303262080377,20.4444293715365,24.10004,23.0368,22.68874,21.89496,21.44646,5183,301,5,164,1.0773938375323e+19,GALAXY,0.5700637,9569,57837,735
1.2376593260203876e+18,224.939894258057,53.2843795935372,23.17908,22.33151,22.11074,21.83033,21.49416,3225,301,4,101,9.453244865335024e+18,QSO,2.21829,8396,57837,688
1.2376593265578483e+18,227.340678872664,53.0290332387582,23.00541,21.57758,21.45452,21.4836,20.87613,3225,301,5,110,9.453330077486176e+18,QSO,2.622436,8396,57837,998
1.2376553483531064e+18,233.957058795141,51.4903914128457,22.80255,21.99804,21.26655,20.75164,19.97609,2299,301,3,243,9.465617119960127e+18,GALAXY,0.3973322,8407,57839,642
1.2376553478168906e+18,235.303976964588,50.2353192953894,21.24899,21.45878,21.27612,20.92106,21.45889,2299,301,2,253,9.465488477099678e+18,QSO,1.500615,8407,57839,174
1.2376553478168906e+18,235.24626320884,50.1524451607157,22.95087,21.79424,21.16512,21.23593,21.13629,2299,301,2,253,9.46548737758805e+18,GALAXY,0.2553177,8407,57839,170
1.2376553478163003e+18,233.61350975362,51.0472311383767,20.27899,20.15515,20.28628,20.13762,20.24557,2299,301,2,244,9.46561052289036e+18,QSO,1.932801,8407,57839,618
1.2376593270968824e+18,233.968148554598,50.3081562728082,25.61941,24.52082,21.32468,20.13022,19.04017,3225,301,6,143,9.46553328219851e+18,GALAXY,0.8283095,8407,57839,337
1.2376593270968156e+18,233.624330234948,50.2997580781942,18.38509,17.45846,17.21347,17.10154,17.06914,3225,301,6,142,9.465545651704322e+18,STAR,-0.0006241057,8407,57839,382
1.237659327096358e+18,232.39508108775,50.9965959681643,25.11411,23.12219,21.25888,20.0973,19.41268,3225,301,6,135,9.46558276022176e+18,GALAXY,0.5879337,8407,57839,517
1.237659327097341e+18,235.223965230447,49.5858037469303,24.58674,23.61312,21.70574,20.57863,19.69215,3225,301,6,150,9.465484903686887e+18,GALAXY,0.8053732,8407,57839,161
1.2376553478168906e+18,235.282041208234,50.1707316487092,21.53024,21.0898,20.36321,20.16523,20.1005,2299,301,2,253,9.465486827832236e+18,GALAXY,0.3549394,8407,57839,168
1.237655347816825e+18,235.025507928064,50.1672435947158,20.87724,20.71483,20.91865,20.88185,20.5008,2299,301,2,252,9.465499472215958e+18,QSO,2.130562,8407,57839,214
1.237655347816825e+18,235.129213844852,50.2956457903839,21.62439,21.11937,20.98333,20.86786,20.31867,2299,301,2,252,9.465489576611303e+18,QSO,0.8898848,8407,57839,178
1.2376591327531505e+18,237.799916729202,41.0894322981773,26.7563,22.76438,21.83685,20.82338,19.92012,3180,301,4,197,9.585052395211348e+18,GALAXY,0.8679995,8513,57842,969
1.2376623024424223e+18,235.705950001145,39.8847343703283,21.12258,21.01942,20.93306,20.93195,21.3193,3918,301,4,249,9.584906984798577e+18,QSO,1.413698,8513,57842,440
1.23766250054117e+18,235.810914012495,40.1938964636524,21.87593,20.89579,20.69806,20.41781,20.44016,3964,301,5,148,9.584943818438103e+18,GALAXY,0.09463074,8513,57842,574
1.2376625005418908e+18,237.458538761127,39.0521838839126,21.13005,21.04616,20.62485,20.6002,20.771,3964,301,5,159,9.584811052409051e+18,QSO,1.136111,8513,57842,91
1.2376625005414976e+18,236.471804068546,39.6963541018284,20.86819,20.80563,20.57585,19.98284,20.13183,3964,301,5,153,9.584872075304393e+18,QSO,1.774863,8513,57842,313
1.2376591316793428e+18,237.028371738236,40.5437423007407,21.48445,21.343,20.97948,20.78352,21.00346,3180,301,2,196,9.585007315234607e+18,QSO,1.291685,8513,57842,805
1.2376623024431437e+18,237.292666666923,38.911018064792,21.24646,21.08689,20.79359,20.76994,21.04091,3918,301,4,260,9.584831668252074e+18,QSO,1.14516,8513,57842,166
1.2376623019061414e+18,236.741385436439,38.8792514566496,20.13581,19.93493,19.80078,19.85258,19.61405,3918,301,3,258,9.58485365848463e+18,QSO,0.932823,8513,57842,246
1.2376623024428815e+18,236.803882787899,39.3298456606349,23.38194,22.1542,21.67274,21.47419,21.61834,3918,301,4,256,9.584855857507883e+18,STAR,-0.0003894806,8513,57842,254
1.2376623035169513e+18,238.195724486674,39.5080368262774,23.61147,20.95627,19.4485,18.837,18.4669,3918,301,6,261,9.584792910467193e+18,GALAXY,0.3595963,8513,57842,25
1.2376623013688776e+18,235.510316807408,39.0046599128789,21.79074,21.36726,21.09191,20.85413,21.10353,3918,301,2,252,9.584908634066016e+18,QSO,1.446954,8513,57842,446
1.2376591322163456e+18,237.662442800341,40.7951163932951,23.8935,23.1228,22.14151,20.44158,19.7615,3180,301,3,198,9.585038101560189e+18,GALAXY,0.6527874,8513,57842,917
1.2376591316792115e+18,236.620790743008,40.7975897992977,20.70615,20.85833,20.63911,20.54145,20.83751,3180,301,2,194,9.58498395061252e+18,QSO,1.301031,8513,57842,720
1.2376591322161487e+18,237.150913213112,41.0642420027609,22.64948,24.11736,21.87692,20.82808,19.96045,3180,301,3,195,9.58501446206019e+18,GALAXY,0.7587112,8513,57842,831
1.237659325482402e+18,220.832615607988,54.3359946970625,20.56944,20.55979,20.63203,20.39541,20.43336,3225,301,3,84,9.456463960603908e+18,QSO,1.783002,8399,57843,111
1.2376593254811569e+18,216.574267606698,55.7362398077094,21.49487,21.38321,20.94079,20.76862,20.7031,3225,301,3,65,9.460052491679062e+18,QSO,1.340817,8402,57843,878
1.2376613886794798e+18,217.5459103506,54.3052433820242,23.19461,22.20934,21.08474,20.02185,19.36258,3705,301,6,117,9.456567864452733e+18,GALAXY,0.6388991,8399,57843,489
1.2376613876135365e+18,239.028155769221,43.1902979000752,21.28093,21.34642,21.55404,21.05654,20.43781,3705,301,4,236,9.580501241722851e+18,QSO,1.949636,8509,57843,796
1.237659326019142e+18,220.800133743538,54.9171687671466,23.41654,21.75924,20.49628,20.04364,19.90136,3225,301,4,82,9.456678640249231e+18,STAR,-0.0002669805,8399,57843,892
1.237659163347322e+18,239.186726995598,43.148869274431,22.63938,22.79391,21.89002,20.69448,19.92926,3187,301,5,83,9.580497668310063e+18,GALAXY,0.8556937,8509,57843,783
1.2376593244077425e+18,217.09740984014,54.7360826986159,22.30832,20.6085,19.95683,19.39427,19.18186,3225,301,1,70,9.459827916429089e+18,QSO,0.533631,8402,57843,61
1.2376613876054095e+18,215.719633059388,53.8174713381617,24.63465,25.06792,21.96657,20.0484,21.52062,3705,301,4,112,9.459871622016293e+18,STAR,-0.0001338171,8402,57843,220
1.237659324945532e+18,220.412760426624,53.9812177400186,23.68394,24.55724,21.50028,20.17524,19.46392,3225,301,2,84,9.45648265230158e+18,GALAXY,0.7643738,8399,57843,179
1.2376593265558822e+18,220.849236826516,55.5004662300338,23.11721,21.679,20.91504,20.63686,20.57489,3225,301,5,80,9.456686336830624e+18,STAR,-0.0001125699,8399,57843,920
1.2376591504580943e+18,219.03552483597,55.7685978973872,22.3677,26.32328,22.49381,21.12092,19.75303,3184,301,5,17,9.456604148336447e+18,GALAXY,0.9540838,8399,57843,621
1.237659324943696e+18,213.956775585413,55.8917751916526,18.43526,17.5004,17.1272,16.98381,16.93128,3225,301,2,56,9.459960682458145e+18,STAR,-0.0003403562,8402,57843,544
1.2376593265557514e+18,220.418007696485,55.5415559970725,23.88114,21.00282,20.65705,20.70429,20.5012,3225,301,5,78,9.456662697330629e+18,QSO,3.041856,8399,57843,834
1.237659326556144e+18,221.716592783746,55.0748812110524,21.90166,21.68576,21.11331,21.32371,21.10319,3225,301,5,84,9.456698706336438e+18,QSO,1.104667,8399,57843,965
1.2376613876136676e+18,239.229524681286,42.9330025982038,20.89084,20.77667,20.8085,20.75117,20.91647,3705,301,4,238,9.58050234123448e+18,QSO,2.1524,8509,57843,800
1.2376593260192727e+18,221.430571638749,54.7501200687694,21.17065,21.01194,20.74561,20.55715,20.77743,3225,301,4,84,9.456691834388765e+18,QSO,1.546163,8399,57843,940
1.2376613860028582e+18,237.655182309455,42.3802833600783,20.91964,20.74941,20.63129,20.57994,20.33722,3705,301,1,235,9.580450939065885e+18,QSO,1.446044,8509,57843,613
1.237659324945466e+18,220.383809953669,54.2033525559196,21.64515,20.98565,20.76657,20.68678,20.52269,3225,301,2,83,9.456484576446929e+18,STAR,-0.0005703279,8399,57843,186
1.2376593270926876e+18,220.758794836207,55.8322612262945,24.09391,23.03005,21.69259,20.62284,19.63327,3225,301,6,79,9.45667066878993e+18,GALAXY,0.8908404,8399,57843,863
1.2376593249446792e+18,217.573720803421,55.0722425480296,22.07912,21.33564,21.11589,20.69173,20.76214,3225,301,2,71,9.46007723069069e+18,QSO,1.594794,8402,57843,968
1.2376613876132744e+18,238.17590648989,43.5473002292572,21.52165,20.98246,20.7291,20.37509,20.17673,3705,301,4,232,9.580478701734484e+18,QSO,1.527068,8509,57843,714
1.2376591633476493e+18,239.847550505628,42.7235942762899,25.56148,23.02617,21.36223,20.37314,19.61317,3187,301,5,88,9.58050811367053e+18,GALAXY,0.7382363,8509,57843,821
1.2376593249456632e+18,220.901565511139,53.8332666037703,24.60344,24.37693,23.0423,21.06861,19.60969,3225,301,2,86,9.45646945816205e+18,GALAXY,0.0,8399,57843,131
1.2376593270925568e+18,220.591877548456,56.0753722324597,24.90415,23.97276,22.01795,20.8276,19.84594,3225,301,6,77,9.456659673673652e+18,GALAXY,0.7448332,8399,57843,823
1.2376593249438272e+18,214.39299169983,55.8063865317198,24.39853,23.06409,21.13824,19.96966,19.30374,3225,301,2,58,9.459971402696511e+18,GALAXY,0.615737,8402,57843,583
1.2376593249442207e+18,216.034922712443,55.3310083919,24.47952,25.11463,21.90663,20.8755,19.88959,3225,301,2,64,9.460028577301156e+18,GALAXY,0.5354949,8402,57843,791
1.237659326555685e+18,220.165559128446,55.7377655632346,21.02197,20.95279,20.83702,20.44875,20.67918,3225,301,5,77,9.45666104806319e+18,GALAXY,0.4366578,8399,57843,828
1.2376593260186176e+18,219.001039071505,55.458989800517,21.31914,21.178,21.22939,20.88135,20.69456,3225,301,4,74,9.456604423214356e+18,QSO,1.857182,8399,57843,622
1.2376591332898903e+18,237.928421064245,41.6866357161426,24.19903,23.27385,21.78382,20.61814,19.95175,3180,301,5,195,9.5803882669031e+18,GALAXY,0.6300181,8509,57843,385
1.2376591612003615e+18,238.769976170456,41.2630137553566,21.5413,21.23754,21.28362,21.30899,20.91181,3187,301,1,91,9.580339888391475e+18,GALAXY,0.06722215,8509,57843,209
1.23766138761334e+18,238.380493492384,43.4836383230149,24.25223,22.12262,20.90261,20.18796,20.05755,3705,301,4,233,9.580491346118203e+18,STAR,-0.0005976926,8509,57843,760
1.2376593244078743e+18,217.599888223148,54.5975889407011,23.38628,23.89898,21.80444,20.78876,19.90803,3225,301,1,72,9.456569513720177e+18,GALAXY,0.9628501,8399,57843,495
1.23765932494481e+18,218.124451758041,54.8487430169139,24.64325,23.53714,21.80947,20.59572,19.92354,3225,301,2,73,9.456578309813197e+18,GALAXY,0.5628517,8399,57843,527
1.2376593249453343e+18,219.838812314005,54.2074068633201,21.73987,21.56783,21.26534,21.04829,20.93207,3225,301,2,81,9.456505467167857e+18,QSO,1.378483,8399,57843,262
1.2376593265554232e+18,219.154693781735,56.0083245775866,24.51622,23.61206,21.85319,20.4935,19.55029,3225,301,5,73,9.456616792720169e+18,GALAXY,0.7369915,8399,57843,667
1.2376593260186831e+18,219.319170170827,55.3999507847404,21.497,21.37395,21.31681,21.30617,20.65449,3225,301,4,75,9.456619816377143e+18,QSO,0.9442505,8399,57843,678
1.2376593249438272e+18,214.645204517484,55.852752430166,20.23928,20.08536,20.26151,20.07989,20.03107,3225,301,2,58,9.45998514659186e+18,QSO,1.994193,8402,57843,633
1.2376613865402532e+18,239.176307153306,41.7450384609383,21.35167,21.01995,20.98753,20.66476,21.59568,3705,301,2,243,9.580322571083342e+18,QSO,1.568516,8509,57843,146
1.2376593260190118e+18,220.219699643118,55.0009035573368,23.54711,24.80689,22.26828,21.2046,19.47367,3225,301,4,80,9.456655825382955e+18,GALAXY,0.9351996,8399,57843,809
1.2376613876134715e+18,238.787180875023,43.1773905184819,22.88062,21.9962,21.54999,21.64633,21.9617,3705,301,4,235,9.580487497827506e+18,GALAXY,0.02965291,8509,57843,746
1.237659326555292e+18,218.655944763203,56.0725038044496,21.67687,21.4747,21.3379,21.06387,20.7929,3225,301,5,71,9.456593977853893e+18,QSO,1.624103,8399,57843,584
1.2376593260179625e+18,216.639689410202,56.1368277633421,21.85235,22.04984,21.45333,21.54753,21.53502,3225,301,4,64,9.460062387283712e+18,QSO,1.357305,8402,57843,914
1.237661386540385e+18,239.453899257837,41.6530385773456,27.02681,23.9827,22.38507,21.16143,19.92281,3705,301,2,245,9.580299756217063e+18,GALAXY,0.955062,8509,57843,63
1.2376593265552924e+18,218.691342705645,55.9972736460828,22.72064,22.00912,21.74023,21.59686,21.3798,3225,301,5,71,9.456606072481798e+18,QSO,2.307501,8399,57843,628
1.237659133289563e+18,237.224630856607,42.118043080063,22.55017,22.70397,21.31632,20.20308,19.5511,3180,301,5,190,9.580413555670538e+18,GALAXY,0.5438345,8509,57843,477
1.237659324408136e+18,218.542379248856,54.2551600021831,19.89211,19.59594,19.70498,19.62701,19.72166,3225,301,1,76,9.456549447632968e+18,QSO,0.6197114,8399,57843,422
1.2376614187502804e+18,216.764061860871,54.1828487871334,25.86779,22.84523,21.53189,20.19726,19.54081,3712,301,6,209,9.45982681691746e+18,GALAXY,0.7704574,8402,57843,57
1.2376593265562097e+18,221.846370341805,54.99331610158,21.90905,21.60327,21.51304,21.25612,21.35397,3225,301,5,85,9.456705028528298e+18,QSO,2.661511,8399,57843,988
1.2376593260189453e+18,220.151390472027,55.2001253065425,22.31207,21.34188,21.1137,20.94152,20.7872,3225,301,4,79,9.456653901237606e+18,STAR,-0.0004835934,8399,57843,802
1.2376591611999695e+18,238.00210183025,41.7692526225335,24.33688,23.62143,21.42307,20.25494,19.52751,3187,301,1,85,9.580378371298447e+18,GALAXY,0.5388185,8509,57843,349
1.237659324943958e+18,215.128944466601,55.7878791944354,24.62518,25.93614,21.30838,20.20477,19.35671,3225,301,2,60,9.460006587068602e+18,GALAXY,0.7737316,8402,57843,711
1.2376613870766664e+18,238.482326830123,42.7971809778255,25.24294,25.30812,21.20264,20.08482,19.41376,3705,301,3,236,9.580492720507738e+18,GALAXY,0.7086609,8509,57843,765
1.2376613876050824e+18,214.539929787317,54.0770622654491,22.1471,21.04086,20.7765,20.59655,20.55607,3705,301,4,107,9.459900759074429e+18,STAR,-0.0008075777,8402,57843,326
1.2376591332893665e+18,236.662739949829,42.4247812230732,24.90417,24.19853,21.36449,20.35234,19.5701,3180,301,5,187,9.580420152740305e+18,QSO,1.072757,8509,57843,501
1.2376593265557512e+18,220.400925326002,55.642364016315,22.38537,21.86575,21.95348,21.88438,23.46975,3225,301,5,78,9.45666242245272e+18,QSO,2.730379,8399,57843,833
1.237659324944941e+18,218.545691847731,54.7953741306905,21.0235,20.30022,20.19664,20.04768,19.89996,3225,301,2,75,9.45659232858645e+18,QSO,2.568315,8399,57843,578
1.237661387613602e+18,239.027526542203,43.0584652829736,22.0211,21.8266,21.67251,21.53829,20.84769,3705,301,4,237,9.580536151217035e+18,QSO,2.127519,8509,57843,923
1.2376593265556193e+18,219.909009944987,55.7072405569126,24.63472,25.11442,23.70802,21.10068,19.19539,3225,301,5,76,9.456639882464352e+18,STAR,-8.856315e-05,8399,57843,751
1.237659324407939e+18,217.825065420676,54.4979322072872,21.96667,22.01583,21.33071,21.53478,21.28464,3225,301,1,73,9.45981884545816e+18,QSO,1.301152,8402,57843,28
1.237659326555489e+18,219.492595475054,55.9275640963089,22.53009,21.73676,21.82052,21.86066,21.80551,3225,301,5,74,9.456626963202724e+18,QSO,2.459821,8399,57843,704
1.2376593249444823e+18,216.891544664922,55.1727884425602,21.29549,21.27069,21.12347,21.01271,20.72072,3225,301,2,68,9.460066235574407e+18,QSO,1.790223,8402,57843,928
1.237659324408333e+18,218.9751503939,54.0398388096889,24.8131,23.71496,21.77739,20.59714,19.95198,3225,301,1,79,9.456535978615527e+18,GALAXY,0.6657119,8399,57843,373
1.2376613876140613e+18,240.04378438359,42.3534702951713,26.2987,24.52682,22.16086,20.89788,19.83917,3705,301,4,244,9.580532302926338e+18,GALAXY,0.8521384,8509,57843,909
1.237659161736382e+18,237.2763368993,42.9182384947398,25.96611,23.92512,22.65995,21.14507,19.97535,3187,301,2,78,9.580434446391466e+18,GALAXY,0.76836,8509,57843,553
1.237659326555685e+18,220.105694762767,55.7508837525973,22.03952,21.77833,21.49966,21.48088,21.35757,3225,301,5,77,9.456651427336444e+18,QSO,1.026438,8399,57843,793
1.2376593249449418e+18,218.611783375693,54.7584070481827,21.70039,19.89096,18.89862,18.42961,18.14293,3225,301,2,75,9.456603598580638e+18,GALAXY,0.1395777,8399,57843,619
1.2376613876136676e+18,239.192319432019,43.0217884561886,21.78307,21.54308,21.4501,21.10826,21.12345,3705,301,4,238,9.580500417089133e+18,QSO,1.817553,8509,57843,793
1.2376593244081357e+18,218.311965198924,54.1967381807745,21.43576,21.42394,21.63513,21.4381,21.30309,3225,301,1,76,9.456560442749243e+18,QSO,1.763249,8399,57843,462
1.2376593260192727e+18,221.290831387746,54.8199642443419,22.87862,20.67815,19.8387,19.48771,19.30518,3225,301,4,84,9.45669128463295e+18,STAR,-0.0007649637,8399,57843,938
1.2376593249519537e+18,238.494108127816,44.9898965716911,20.02898,19.97898,20.0221,19.88545,19.57796,3225,301,2,182,9.579399531105376e+18,QSO,0.8516876,8508,57845,884
1.2376613876134054e+18,238.776200640826,43.4123586127063,21.8071,21.60128,21.48365,21.46119,22.06054,3705,301,4,234,9.5791708326868e+18,STAR,-0.0003473385,8508,57845,52
1.2376593249522163e+18,239.299527531151,44.6769296487504,23.0474,23.73159,21.6754,20.6433,19.94734,3225,301,2,186,9.57943059230886e+18,GALAXY,0.5310458,8508,57845,997
1.2376613876131433e+18,237.895808696402,43.7557965976236,19.63107,19.51779,19.28015,19.40876,19.28505,3705,301,4,230,9.57921563778563e+18,QSO,1.119269,8508,57845,215
1.237661387612619e+18,236.7951606211,44.4800488815014,18.43889,17.99023,18.06861,18.18605,18.38346,3705,301,4,222,9.579323939680969e+18,STAR,-6.299207e-06,8508,57845,609
1.2376591633467968e+18,237.984738987574,44.1545574105682,21.12511,20.8672,20.88386,20.64672,20.45958,3187,301,5,75,9.57920931559377e+18,QSO,1.972399,8508,57845,192
1.2376613876125537e+18,236.496739020675,44.6290992890342,22.6046,22.16582,22.0192,21.76354,21.23688,3705,301,4,221,9.579313494320505e+18,STAR,-0.0008621351,8508,57845,571
1.237659163346732e+18,237.910408516306,44.2619954154174,23.74494,22.62937,21.74447,20.38552,19.6876,3187,301,5,74,9.579220585587958e+18,GALAXY,0.6217954,8508,57845,233
1.2376591633466e+18,237.501135899928,44.3359389587163,23.50778,25.18357,21.65359,20.52811,19.79757,3187,301,5,72,9.57923268021586e+18,GALAXY,0.6190332,8508,57845,277
1.237659163346863e+18,238.071414009161,43.9983998058254,25.43906,24.00723,21.99372,20.79082,19.90427,3187,301,5,76,9.579207391448422e+18,GALAXY,0.7551642,8508,57845,185
1.237661387613078e+18,237.84369639485,43.8753293726438,22.55862,21.89514,21.58157,21.13513,20.57099,3705,301,4,229,9.57921756193098e+18,QSO,0.5176108,8508,57845,222
1.237659162809926e+18,237.648360417759,43.6876470418665,22.03884,22.23777,21.78627,21.80386,21.30154,3187,301,4,75,9.57922745753563e+18,QSO,1.236075,8508,57845,258
1.2376613876132088e+18,238.033018531105,43.6573307235165,21.51582,21.30092,21.17934,20.84838,20.85483,3705,301,4,231,9.57920491754726e+18,QSO,1.665709,8508,57845,176
1.2376591633471242e+18,238.682973196103,43.5014078519752,18.8676,17.91115,17.6229,17.51345,17.47023,3187,301,5,80,9.579171932198429e+18,STAR,-0.0004340067,8508,57845,56
1.2376613876126195e+18,236.852259206489,44.5442415959155,22.42451,21.76639,21.58078,21.51051,21.26545,3705,301,4,222,9.579335759430963e+18,STAR,-0.0003589844,8508,57845,652
1.237659324952216e+18,239.137083440141,44.6553667580687,23.35203,22.64371,20.84048,19.97238,19.55634,3225,301,2,186,9.579419047436767e+18,GALAXY,0.4596626,8508,57845,955
1.2376593249520192e+18,238.891633898043,45.0022291763006,20.22537,19.91868,19.52519,19.54535,19.49854,3225,301,2,183,9.57941547402398e+18,QSO,1.098695,8508,57845,942
1.2376591628102538e+18,238.439568891939,43.2407394867452,22.45754,21.67132,21.17583,21.09067,21.27051,3187,301,4,80,9.5791788041461e+18,STAR,-0.000389272,8508,57845,81
1.237659162809992e+18,237.835892230947,43.7026938643986,22.89211,21.88767,21.55066,21.56288,21.19304,3187,301,4,76,9.579217012175163e+18,GALAXY,0.114465,8508,57845,220
1.2376591617361196e+18,236.746486182606,43.2124408637547,25.40508,23.01279,22.54697,20.98303,19.97295,3187,301,2,74,9.579266765076322e+18,GALAXY,0.9982389,8508,57845,401
1.2376613876132088e+18,238.31471032513,43.6724809638924,21.32594,20.49551,20.51342,20.51581,20.09495,3705,301,4,231,9.579193372675168e+18,QSO,2.394283,8508,57845,134
1.237659162809926e+18,237.557566965277,43.7928793144406,21.99371,21.75593,21.39755,21.45655,21.05386,3187,301,4,75,9.57922828216935e+18,QSO,1.354741,8508,57845,261
1.2376593249516262e+18,237.764437598387,45.5194909177049,20.50738,20.59834,20.34792,20.48166,20.55261,3225,301,2,177,9.579372867948405e+18,QSO,1.139853,8508,57845,787
1.2376648461216655e+18,198.364417865004,38.0044821693311,22.12402,23.86477,21.78581,20.57746,19.84869,4510,301,6,18,9.951947330839402e+18,GALAXY,0.7759302,8839,57846,429
1.2376613876118323e+18,234.848951345518,45.7708444059951,21.78131,21.28552,20.99865,20.58313,20.76159,3705,301,4,210,9.58140916349982e+18,QSO,1.666187,8510,57846,3
1.2376593260169787e+18,212.917211142698,57.0982587034877,18.74999,17.83666,17.49481,17.37391,17.372,3225,301,4,49,9.488177999167904e+18,STAR,-0.0001603775,8427,57846,798
1.2376648461224512e+18,200.689290256419,37.621633010663,21.99638,21.85209,21.7059,21.27057,21.27585,4510,301,6,30,9.951841227967322e+18,QSO,1.540513,8839,57846,43
1.2376512504375557e+18,236.139555759938,52.6530077305229,23.77531,24.96383,21.74453,20.63837,19.94816,1345,301,2,550,9.473431074338263e+18,GALAXY,0.7538425,8414,57846,397
1.2376593260169134e+18,212.756360086849,57.2242852465484,21.56279,21.20549,21.25119,21.13309,21.44286,3225,301,4,48,9.488165354784184e+18,QSO,2.204084,8427,57846,752
1.2376512504377518e+18,236.655119560936,52.4760086678125,24.04691,24.05056,21.65538,20.60282,19.66334,1345,301,2,553,9.473405235815012e+18,GALAXY,0.7318079,8414,57846,303
1.2376622240723763e+18,199.194722646551,38.4319204326854,20.15278,20.05734,20.06995,19.75543,19.86309,3900,301,2,449,9.951904724763826e+18,QSO,1.849298,8839,57846,274
1.2376512504381448e+18,237.682405514332,51.8318989810738,26.32306,23.03574,21.45714,20.22849,19.57267,1345,301,2,559,9.473370601198735e+18,GALAXY,0.6918489,8414,57846,177
1.2376613876113083e+18,233.61778230836,46.5260456751508,21.8595,21.92709,21.65437,21.40855,21.33686,3705,301,4,202,9.581643909232351e+18,QSO,1.212374,8510,57846,857
1.237661387611439e+18,233.780922788347,46.3495410172988,22.06857,21.07522,20.3254,19.62896,19.2499,3705,301,4,204,9.581451219819583e+18,QSO,1.773627,8510,57846,156
1.2376642958319946e+18,199.177817253908,39.8648188423853,21.62583,21.49776,21.44714,21.23632,21.142,4382,301,5,64,9.95203391738009e+18,QSO,1.680327,8839,57846,744
1.2376646743282158e+18,200.354056428022,37.3683932658722,22.71304,21.55903,21.3065,21.3616,21.78237,4470,301,6,98,9.951854422106855e+18,QSO,2.753639,8839,57846,91
1.2376648461221233e+18,199.667692980134,37.6885864607111,18.61832,17.67311,17.40179,17.31485,17.32312,4510,301,6,25,9.951888506967316e+18,STAR,-4.593038e-05,8839,57846,215
1.2376648461217303e+18,198.493252862516,37.9057393481448,25.65609,22.013,21.21615,21.002,20.88053,4510,301,6,19,9.951931113042893e+18,QSO,3.269617,8839,57846,370
1.2376591633445038e+18,232.21546344278,47.5284610339276,24.44792,23.48615,22.03835,20.67541,19.93655,3187,301,5,40,9.581580687313754e+18,GALAXY,0.7841818,8510,57846,627
1.2376593244059077e+18,210.265744933496,56.4210059790272,22.26459,21.59789,22.23629,21.87312,21.94517,3225,301,1,42,9.48810020872024e+18,GALAXY,0.04161621,8427,57846,515
1.2376613876117015e+18,234.643229837618,46.0040436167148,20.82107,20.07418,19.73747,19.38643,19.19559,3705,301,4,208,9.581414935935869e+18,QSO,2.091452,8510,57846,24
1.2376614187487076e+18,211.198556052067,55.6455659458015,25.69661,22.98987,21.39175,20.11454,19.44848,3712,301,6,185,9.488073270685358e+18,GALAXY,0.6641342,8427,57846,417
1.237664846121468e+18,197.890672732155,37.9170380328833,20.75611,20.77289,20.50759,20.40778,20.30727,4510,301,6,15,9.951962449124284e+18,QSO,1.30338,8839,57846,484
1.237659326017438e+18,214.7239605919,56.6732163559069,21.82424,21.98448,22.06561,21.84367,22.03968,3225,301,4,56,9.488225553045803e+18,QSO,1.837261,8427,57846,971
1.2376591611977403e+18,232.502422137989,45.1210266260405,25.65923,22.36003,21.22009,20.18024,19.43329,3187,301,1,51,9.58150756979051e+18,GALAXY,0.5476195,8510,57846,361
1.2376648461219272e+18,199.122565467617,37.8594514411261,23.66085,22.62804,20.98347,20.27117,19.74299,4510,301,6,22,9.951888232089407e+18,STAR,-6.055973e-05,8839,57846,214
1.2376648461219924e+18,199.262985817098,37.9103715763972,21.93303,21.62271,20.98264,20.79482,20.77125,4510,301,6,23,9.951887682333598e+18,QSO,1.094967,8839,57846,212
1.237664846121927e+18,199.181708284813,37.8261387352308,21.6026,21.37326,21.08724,20.97822,20.77908,4510,301,6,22,9.951886033066154e+18,QSO,1.219169,8839,57846,206
