obj_ID,alpha,delta,u,g,r,i,z,run_ID,rerun_ID,cam_col,field_ID,spec_obj_ID,class,redshift,plate,MJD,fiber_ID
1.237664092902654e+18,137.733860986505,29.3574200137801,23.13162,22.27399,21.55113,21.39086,22.08937,4335,301,3,184,1.175668049894e+19,GALAXY,0.6045198,10442,58141,122
1.2376613816943247e+18,135.874993815274,29.5519573345686,24.83504,23.63569,22.83503,22.07402,21.62652,3704,301,1,28,1.1756776156451592e+19,GALAXY,0.9320356,10442,58141,470
1.2376672115929254e+18,158.34626599885,27.4996318458157,22.80292,22.54421,22.17217,21.54101,21.40618,5061,301,4,293,1.1773762236711197e+19,GALAXY,0.9612622,10457,58141,825
1.2376648692175347e+18,153.273319141447,29.9964696117926,22.12268,22.52752,21.26694,20.51301,19.58772,4516,301,1,177,1.1766794631526e+19,GALAXY,0.7820857,10451,58141,53
1.2376613822312625e+18,135.716769744669,30.0833058087959,24.20778,22.98926,22.60811,21.89841,21.92569,3704,301,2,29,1.1756788800835312e+19,GALAXY,0.9789821,10442,58141,516
1.2376648778060275e+18,151.607522159398,31.5963227927693,23.87851,22.96885,22.42813,21.78312,22.0204,4518,301,1,155,1.1766966155339911e+19,GALAXY,0.9242655,10451,58141,677
1.237665330917409e+18,161.749597201919,30.8729789178062,20.14352,19.77197,19.54412,19.27942,19.16059,4623,301,5,38,1.1795076819371448e+19,QSO,1.633127,10476,58141,543
1.237665129605628e+18,152.161126172359,31.45385565797,24.5853,23.2701,22.3864,21.97503,21.40139,4576,301,6,264,1.1766990069717815e+19,QSO,0.9428979,10451,58141,764
1.237667538547836e+18,158.588633544252,23.1401013453024,22.05289,22.72269,21.82289,20.72722,20.62623,5137,301,5,301,1.17781611078728e+19,GALAXY,0.7153016,10461,58142,444
1.2376613838428575e+18,137.364987640731,32.3654778058376,22.20983,22.35443,21.80718,21.82371,21.01011,3704,301,5,44,1.1752358593625872e+19,GALAXY,0.7588962,10438,58142,783
1.2376672099850655e+18,165.694205586084,27.4607587249595,23.01805,22.02366,21.33956,20.32602,19.96924,5061,301,1,335,1.1791804672784e+19,GALAXY,0.7929985,10473,58142,927
1.2376648692164206e+18,150.402448736374,30.667380834837,23.20941,23.09444,22.14898,21.12923,20.8319,4516,301,1,160,1.1765735252089395e+19,GALAXY,0.7601595,10450,58142,295
1.2376582044936448e+18,131.593375836704,35.3594608434134,25.03907,23.56123,21.99359,20.73629,19.97029,2964,301,3,49,1.1528231394640943e+19,GALAXY,0.6386745,10239,58142,517
1.2376674317143247e+18,164.291271616667,27.0507785423722,22.73833,22.68812,21.85222,21.79449,20.8005,5112,301,6,359,1.1791658712615377e+19,GALAXY,1.082427,10473,58142,396
1.237667539084837e+18,158.763570259229,23.7444358599742,22.47284,22.70143,22.00664,21.69331,21.86706,5137,301,6,303,1.1778168804454191e+19,QSO,1.220618,10461,58142,472
1.2376648692166175e+18,150.899204628702,30.5375629512231,22.18364,23.25263,22.37006,21.1922,22.06298,4516,301,1,163,1.1765713536734749e+19,GALAXY,0.7883245,10450,58142,216
1.2376648778056343e+18,150.592894235141,31.3428289094022,22.81761,22.91224,22.51364,22.15349,22.25082,4518,301,1,149,1.1765868567874263e+19,GALAXY,0.8119842,10450,58142,780
1.2376675385480325e+18,159.094550738889,23.2507182678462,22.9853,22.59751,22.37228,21.31021,20.80112,5137,301,5,304,1.1778151762024e+19,GALAXY,0.8338606,10461,58142,410
1.2376582044939072e+18,132.39889479512,35.7288657879462,26.15769,23.45902,23.26172,21.12349,19.66577,2964,301,3,53,1.1528263830234e+19,GALAXY,0.945446,10239,58142,635
1.2376613833052e+18,135.780376177133,30.9387709905776,22.18333,22.36471,21.06562,20.56714,20.07506,3704,301,4,32,1.17522687085503e+19,GALAXY,0.8620659,10438,58142,456
1.2376582034202954e+18,133.219225504681,35.1893824710352,20.96539,19.71698,18.62921,18.14613,17.97714,2964,301,1,55,1.1528303412652562e+19,GALAXY,0.0,10239,58142,779
1.2376648778056348e+18,150.635623275251,31.2710229144116,22.43472,22.60214,22.50443,21.66819,20.83389,4518,301,1,149,1.1765718759415e+19,GALAXY,0.1821023,10450,58142,235
1.2376672099846062e+18,164.556536159762,27.2197911997943,18.50837,17.6102,17.26236,17.11907,17.06598,5061,301,1,328,1.179174200062118e+19,STAR,0.0008088578,10473,58142,699
1.237664869216027e+18,149.431013778429,30.9580383845707,23.83834,24.09097,23.27386,21.8167,22.09859,4516,301,1,154,1.1765784455234738e+19,GALAXY,0.8313499,10450,58142,474
1.2376672099847383e+18,164.896172468779,27.2245964673494,22.38169,22.86643,21.97952,21.55645,20.89603,5061,301,1,330,1.1791626551900264e+19,GALAXY,1.121798,10473,58142,279
1.2376651285289375e+18,145.141215403416,28.2924783721657,23.66208,23.48087,22.10035,21.73389,21.236,4576,301,4,219,1.1750048244818e+19,GALAXY,0.9170158,10436,58142,570
1.237667211595351e+18,164.531912731071,28.4932466720641,27.06803,19.95994,21.4333,20.55159,18.90221,5061,301,4,330,1.1791731555260715e+19,GALAXY,0.9777715,10473,58142,661
1.2376582034207547e+18,134.25915107034,35.7718826734552,23.55567,23.81373,21.79812,20.74625,19.83675,2964,301,1,62,1.152834134580372e+19,GALAXY,0.7434711,10239,58142,917
1.237665096853947e+18,145.385693029878,27.3059295985209,23.07538,22.22822,21.52954,21.05301,20.42459,4569,301,1,225,1.1749993818992431e+19,GALAXY,0.9145854,10436,58142,372
1.237667209985e+18,165.409792057385,27.4074540207986,22.85262,21.98178,21.78669,20.94511,19.88941,5061,301,1,334,1.1791792028400245e+19,STAR,-0.00126397,10473,58142,881
1.2376582039569705e+18,132.485585914802,35.2630159779268,24.92959,24.1666,21.51618,20.50465,19.78031,2964,301,2,52,1.1528268228280472e+19,GALAXY,0.5827127,10239,58142,651
1.2376672099846065e+18,164.485475357134,27.2170522079661,21.19445,21.19987,20.8388,20.68908,20.13167,5061,301,1,328,1.179173128038281e+19,GALAXY,0.9718769,10473,58142,660
1.237664869216748e+18,151.292806164433,30.5229017919622,23.41131,22.13439,22.12169,21.1251,20.60189,4516,301,1,165,1.1765691821380098e+19,GALAXY,0.8574072,10450,58142,137
1.2376613838429888e+18,137.589376708166,32.4770047649775,22.67993,22.76179,22.3539,21.90421,21.10048,3704,301,5,46,1.175236958874215e+19,GALAXY,0.9695475,10438,58142,823
1.237667539085755e+18,161.008593903411,23.9673143504144,23.99114,23.2284,22.19796,21.79983,20.8406,5137,301,6,317,1.1778059403047227e+19,GALAXY,0.8119175,10461,58142,74
1.237661383305856e+18,137.327448622272,31.8231500736685,23.07913,23.05416,23.43496,21.98038,22.27344,3704,301,4,42,1.17523676645968e+19,GALAXY,0.7571593,10438,58142,816
1.2376581921511846e+18,133.05806321044,36.4152677191191,25.46177,22.83094,22.06227,20.74816,19.87218,2961,301,4,134,1.152828197217582e+19,GALAXY,0.7886615,10239,58142,701
1.2376648692160271e+18,149.367662636665,30.9125346698968,22.83161,22.38496,22.24747,22.02458,21.13456,4516,301,1,154,1.1765788028647528e+19,GALAXY,1.147697,10450,58142,487
1.237664869216355e+18,150.177983183759,30.7455708010358,23.07805,23.21379,22.71812,22.10055,21.30676,4516,301,1,159,1.1765747896473117e+19,GALAXY,0.8796511,10450,58142,341
1.2376646695022764e+18,138.146175783921,30.5908770385471,23.64505,22.31464,21.64843,20.73298,20.49164,4469,301,5,188,1.175215628348636e+19,QSO,0.6340646,10438,58142,47
1.2376674301016804e+18,159.582776668272,24.9947008876063,24.60069,23.07272,22.53224,21.42,21.40242,5112,301,3,328,1.1778220756378604e+19,GALAXY,0.8519262,10461,58142,661
1.237667539085362e+18,160.108991910767,23.9782544455054,24.82018,22.59271,21.99583,21.32383,21.36116,5137,301,6,311,1.1778103933268154e+19,GALAXY,0.8548197,10461,58142,236
1.2376613838429883e+18,137.533394606545,32.4818631865343,22.99933,22.67203,22.18658,21.76681,21.3108,3704,301,5,46,1.1752369863620055e+19,GALAXY,0.781246,10438,58142,824
1.2376648778055688e+18,150.472666068401,31.2316896142679,22.63392,22.96438,22.28842,21.96398,21.34261,4518,301,1,148,1.1765728929897535e+19,GALAXY,0.9906492,10450,58142,272
1.2376674301021396e+18,160.724470900332,25.204119545766,22.75712,22.79135,22.28076,21.63456,21.83693,5112,301,3,335,1.1778303494628596e+19,GALAXY,0.8744593,10461,58142,962
1.237665128529068e+18,145.445250775455,28.5705489553108,25.09025,22.33539,22.73332,22.25093,21.60679,4576,301,4,221,1.175006693651568e+19,GALAXY,0.1182946,10436,58142,638
1.2376582039571016e+18,132.771684937033,35.4592042918334,24.34941,23.11455,21.48581,20.37616,19.7036,2964,301,2,54,1.1528279773152563e+19,GALAXY,0.632131,10239,58142,693
1.2376613833055278e+18,136.467262664976,31.3395047497638,24.98958,24.09859,22.3321,22.26606,21.9526,3704,301,4,37,1.1752240671003791e+19,GALAXY,0.3867169,10438,58142,354
1.2376651274550643e+18,145.181253305524,27.4191170313818,23.29794,23.37522,23.79136,22.64431,22.36058,4576,301,2,217,1.175000756288778e+19,GALAXY,0.9345767,10436,58142,422
1.237667211595482e+18,164.976189274468,28.5523483326825,23.38114,22.29466,21.6335,21.64911,21.43438,5061,301,4,332,1.17917664647549e+19,GALAXY,1.116862,10473,58142,788
1.2376648692166825e+18,151.055367731239,30.5941146313271,22.87861,22.03934,21.57527,21.16046,20.32231,4516,301,1,164,1.1765703641130097e+19,GALAXY,0.797033,10450,58142,180
1.237664877805634e+18,150.500959537966,31.2929069902931,22.26069,21.0183,20.85522,20.03282,20.05055,4518,301,1,149,1.1765730579165e+19,GALAXY,1.034244,10450,58142,278
1.2376672115954816e+18,164.94745411793,28.6169088365197,23.62622,22.5369,22.80944,22.37557,21.5025,5061,301,4,332,1.1791753545493273e+19,GALAXY,1.064232,10473,58142,741
1.2376613833052657e+18,135.902389291993,31.0888182518751,25.67183,22.32713,22.33315,21.42076,21.08854,3704,301,4,33,1.1752270082939836e+19,GALAXY,1.541311,10438,58142,461
1.2376672099848689e+18,165.083255827623,27.3533205539255,23.3451,22.30822,22.33046,21.8416,21.11622,5061,301,1,332,1.1791774161336291e+19,QSO,0.9188347,10473,58142,816
1.237667209985196e+18,165.996039714602,27.4197292043407,24.8399,22.56668,21.51299,20.88404,20.37939,5061,301,1,337,1.179182391423745e+19,GALAXY,0.3253874,10473,58142,997
1.2376672099851968e+18,165.993642079404,27.4510267969672,22.32385,22.86569,21.90218,21.67051,21.00128,5061,301,1,337,1.1791823089603727e+19,GALAXY,0.9232315,10473,58142,994
1.2376675385485568e+18,160.354132813949,23.4071340631564,22.58521,22.5642,21.75752,21.60327,20.89984,5137,301,5,312,1.1778077544989088e+19,GALAXY,0.899145,10461,58142,140
1.2376672115956127e+18,165.323812025333,28.5834013700057,23.5136,23.146,22.49202,21.40555,21.55723,5061,301,4,334,1.179178790523164e+19,GALAXY,0.8379354,10473,58142,866
1.2376672099848689e+18,165.11316528911,27.2530158561227,24.78977,22.65964,22.17739,21.51707,21.5344,5061,301,1,332,1.179177498597e+19,GALAXY,0.7334875,10473,58142,819
1.237661383305593e+18,136.64619674325,31.3900032321305,23.22654,22.59519,22.25071,21.79418,22.0257,3704,301,4,38,1.1752229675887516e+19,GALAXY,1.306714,10438,58142,314
1.2376674301039086e+18,165.045495973131,25.9840914369975,23.91673,22.6358,22.29391,21.57722,20.87672,5112,301,3,362,1.1791619130196777e+19,QSO,1.977137,10473,58142,252
1.237660637060924e+18,134.282941050302,36.1429757688346,21.77145,21.82066,21.57725,21.36206,20.98806,3530,301,6,128,1.1528336947757208e+19,GALAXY,0.7814425,10239,58142,901
1.2376675385487534e+18,160.783480341015,23.6424103544256,23.05471,22.91991,21.97167,21.58205,21.33521,5137,301,5,315,1.177805582963444e+19,GALAXY,0.7282072,10461,58142,61
1.2376640939765926e+18,137.76249935614,30.2414557899978,19.46372,19.06955,19.04536,18.89869,18.70091,4335,301,5,187,1.1759037577025577e+19,QSO,0.7001846,10444,58143,505
1.2376640929030477e+18,138.70699662389,29.7024858489194,23.46655,23.08324,22.23755,22.44312,21.12809,4335,301,3,190,1.175899387143837e+19,GALAXY,0.3696249,10444,58143,346
1.2376672099840174e+18,162.989869478876,27.053086072448,22.86532,23.25729,22.64897,21.58614,22.07163,5061,301,1,319,1.1792853332015733e+19,GALAXY,0.8278965,10474,58143,646
1.237661381695243e+18,138.034370658865,30.7118561681131,23.47674,23.00493,23.31117,21.83105,22.28683,3704,301,1,42,1.17590504962872e+19,GALAXY,1.138676,10444,58143,552
1.2376672110580209e+18,163.489816914829,27.8630323447905,23.15258,22.39779,21.59532,21.59052,20.91534,5061,301,3,323,1.179289236467852e+19,GALAXY,0.753653,10474,58143,788
1.2376674317142597e+18,164.169375641981,27.0347263825644,23.71324,22.94091,22.37303,21.61993,20.60232,5112,301,6,358,1.1792920677102934e+19,GALAXY,0.7420558,10474,58143,891
1.2376648778049792e+18,148.983814586293,30.8025344530989,24.35644,22.7589,22.50814,21.42579,20.4514,4518,301,1,139,1.1762495815972835e+19,GALAXY,0.8768425,10447,58143,798
1.2376613816953083e+18,138.117391114031,30.7225528484487,22.91292,22.57082,22.44732,22.60794,22.02769,3704,301,1,43,1.1759051046043e+19,GALAXY,0.9971374,10444,58143,554
1.2376651296039245e+18,147.877383508754,30.1058034326924,25.8744,22.42062,21.90942,21.19209,20.35905,4576,301,6,238,1.1762443864048425e+19,GALAXY,0.8016434,10447,58143,609
1.2376648692160932e+18,149.60938865319,30.8108150940629,23.86938,22.86266,22.38928,22.28775,21.5182,4516,301,1,155,1.1762526327420508e+19,GALAXY,1.037546,10447,58143,909
1.237664877804848e+18,148.653085856376,30.6338879396374,24.31076,23.29712,22.20937,23.01158,21.96406,4518,301,1,137,1.176248399622284e+19,GALAXY,0.6175758,10447,58143,755
1.237664877804389e+18,147.495113472019,30.3428207535462,22.64252,22.53825,22.01875,21.09968,21.03685,4518,301,1,130,1.1762421598938e+19,GALAXY,0.8007299,10447,58143,528
1.237664877804455e+18,147.650746657005,30.4208870865206,24.60072,22.85331,22.26976,22.07573,20.8425,4518,301,1,131,1.1762431219664703e+19,GALAXY,1.4738,10447,58143,563
1.2376674317138e+18,162.994040347462,26.8355959149221,23.33519,22.85878,22.61982,21.88512,20.92645,5112,301,6,351,1.179285443152736e+19,GALAXY,1.007949,10474,58143,650
1.2376648692156997e+18,148.498011062992,30.9990597143009,22.63277,23.28258,22.1328,22.34861,21.47127,4516,301,1,149,1.1762470802083303e+19,GALAXY,0.5052035,10447,58143,707
1.23766487780452e+18,147.733522267767,30.4120948786081,22.95206,22.95873,22.42073,21.53105,22.65822,4518,301,1,132,1.176243176942052e+19,GALAXY,0.7874324,10447,58143,565
1.2376672545413535e+18,155.662608132717,27.060585480695,23.01825,22.78461,22.34007,21.97031,20.69273,5071,301,4,274,1.1774772962808584e+19,GALAXY,1.0902,10458,58143,406
1.237667209984476e+18,164.168739613712,27.2026532630296,21.9009,22.71041,21.74073,21.37213,22.28202,5061,301,1,326,1.179292809880642e+19,GALAXY,1.011594,10474,58143,918
1.2376672550782244e+18,155.460775075904,27.4361907938337,23.43067,23.88877,22.83467,21.60255,21.05685,5071,301,5,274,1.177478780621556e+19,QSO,0.9252093,10458,58143,460
1.2376672550783557e+18,155.800608843375,27.4313872257121,22.90564,23.19144,22.72521,21.36713,20.86025,5071,301,5,276,1.177477681109928e+19,GALAXY,0.8401372,10458,58143,420
1.2376674301030572e+18,162.994154056839,25.5948707442007,23.12058,22.29039,22.25207,21.2768,21.19739,5112,301,3,349,1.1792772517911091e+19,GALAXY,0.8613639,10474,58143,352
1.237664669503e+18,139.811709406741,31.3814883606427,22.18869,22.43703,21.80644,21.4628,21.03609,4469,301,5,199,1.1759147253310444e+19,GALAXY,0.8411649,10444,58143,904
1.237665099003069e+18,148.677102115782,30.2065701617072,21.91883,21.67223,21.36793,20.71139,20.19288,4569,301,5,250,1.1762477948908886e+19,QSO,1.918704,10447,58143,733
1.2376672099842132e+18,163.448541064636,26.9579132239391,20.3547,20.20079,20.14542,20.02275,19.90812,5061,301,1,322,1.1792886592242473e+19,QSO,2.076655,10474,58143,767
1.2376614160629112e+18,204.453225468938,54.7983687112576,22.24975,26.00303,21.30712,20.29714,19.49289,3712,301,1,163,9.238029488104954e+18,QSO,1.498325,8205,58143,75
1.237664880485598e+18,138.994213081935,29.2650087428502,23.02418,22.87368,22.65304,21.20422,20.8243,4518,301,6,82,1.175897847827558e+19,GALAXY,0.8361959,10444,58143,290
1.237667209984476e+18,164.117190277661,27.1244886219309,22.87499,23.40288,22.46771,21.83605,21.34126,5061,301,1,326,1.1792918478079678e+19,GALAXY,0.8105358,10474,58143,883
1.2376648692160927e+18,149.531799863368,30.8679320625596,23.19295,23.74819,22.35364,21.7486,21.73362,4516,301,1,155,1.176252770181e+19,GALAXY,0.8809634,10447,58143,914
1.2376648778049137e+18,148.832149674322,30.7517568653079,21.99809,22.20028,21.39018,20.46703,20.37539,4518,301,1,138,1.1762494716461208e+19,GALAXY,0.7554151,10447,58143,794
1.237664880486056e+18,139.967469717999,29.6520766179378,22.45843,21.57446,20.5584,20.13962,19.85459,4518,301,6,89,1.1758917730258147e+19,GALAXY,0.9560542,10444,58143,69
1.2376613865278671e+18,201.030408719579,55.9839741882,23.40416,22.05512,21.94875,21.95816,22.52702,3705,301,2,54,9.238158130965406e+18,GALAXY,0.148317,8205,58143,543
1.2376640939771177e+18,138.997823613386,30.8014083299002,22.61909,22.84311,22.74048,21.24942,21.08228,4335,301,5,195,1.1759106571380216e+19,GALAXY,0.8109746,10444,58143,756
1.237664092903506e+18,139.734360030588,30.2758648471372,24.12769,22.31866,21.4333,20.93862,20.25109,4335,301,3,197,1.1759153300624398e+19,GALAXY,0.2978017,10444,58143,926
1.237665099003528e+18,149.901518749256,30.5740425388874,22.66676,22.95897,22.2332,21.65051,21.11931,4569,301,5,257,1.1762539246682137e+19,GALAXY,0.9788882,10447,58143,956
1.2376648692158308e+18,148.954526596472,31.0984744507621,22.5837,23.52904,22.37386,21.61686,21.06483,4516,301,1,151,1.1762492517438e+19,GALAXY,0.8066107,10447,58143,786
1.237664669502341e+18,138.25307725987,30.6305896654427,25.02281,22.6571,22.23127,21.73154,21.50017,4469,301,5,189,1.175906314067092e+19,GALAXY,0.7861617,10444,58143,598
1.237664877804848e+18,148.647704861331,30.6001877366607,23.64636,23.38234,22.94447,21.69771,21.18661,4518,301,1,137,1.1762484271100744e+19,GALAXY,0.7949224,10447,58143,756
1.2376672115922043e+18,156.680154796557,27.0044091434346,23.13914,22.58227,22.00118,21.693,20.99026,5061,301,4,282,1.1774738603070216e+19,GALAXY,1.054852,10458,58143,281
1.2376648778045855e+18,147.952678677257,30.4675465632334,23.13031,23.22566,21.94268,21.36106,20.75413,4518,301,1,133,1.176244248965889e+19,GALAXY,0.7672163,10447,58143,604
1.237667254541616e+18,156.320052879152,27.2585876225392,24.51342,22.0891,21.30751,20.92192,20.0554,5071,301,4,278,1.1774751522331845e+19,GALAXY,1.049278,10458,58143,328
1.2376648778053064e+18,149.634943727308,31.1047861644681,23.50792,22.31606,21.7488,21.80562,21.52779,4518,301,1,144,1.176252522790888e+19,GALAXY,0.9749943,10447,58143,905
1.2376674301027948e+18,162.27603145438,25.6264223544843,23.40639,22.94094,22.16487,21.22853,21.16895,5112,301,3,345,1.1792795607655274e+19,GALAXY,0.8185346,10474,58143,436
1.2376674301030566e+18,162.861461655076,25.6099513966018,24.81741,21.87023,21.28424,20.69687,20.08738,5112,301,3,349,1.1792773892300624e+19,GALAXY,0.7574648,10474,58143,357
1.2376672099840827e+18,163.210880076284,27.0359996648027,22.68031,22.6721,21.88718,22.12606,21.01095,5061,301,1,320,1.1792864052254104e+19,GALAXY,0.8109314,10474,58143,685
1.2376640929031137e+18,138.931078196434,29.8095702884394,20.28644,20.7725,19.56968,18.76859,17.86443,4335,301,3,191,1.1758984525589537e+19,GALAXY,0.7967151,10444,58143,312
1.2376648692157e+18,148.584642175385,31.1418456453087,23.67128,22.33987,21.72091,20.93808,20.63536,4516,301,1,149,1.176248207207749e+19,GALAXY,1.019771,10447,58143,748
1.2376648778047168e+18,148.216940159223,30.6088574450247,23.42895,23.08904,21.97756,20.8484,20.7108,4518,301,1,135,1.1762451835507726e+19,GALAXY,0.9115854,10447,58143,638
1.2376614160625836e+18,203.304541658669,54.9276321526556,23.75543,23.15054,21.83552,20.53191,19.89353,3712,301,1,158,9.238244442628184e+18,GALAXY,0.7244331,8205,58143,857
1.2376640939767895e+18,138.287344108913,30.5988220155501,23.64534,22.98278,22.32227,21.7376,21.77335,4335,301,5,190,1.1759064789938362e+19,GALAXY,0.7900034,10444,58143,604
1.237667210521477e+18,164.339285898361,27.5812288215585,23.70321,22.99617,22.7555,21.93902,22.50578,5061,301,2,328,1.179293552050991e+19,GALAXY,0.8862047,10474,58143,945
1.2376640939773788e+18,139.668828151619,31.0709145725092,19.04059,18.5714,18.39518,18.17192,18.12467,4335,301,5,199,1.1759139006973235e+19,QSO,0.5152642,10444,58143,874
1.237665127456834e+18,149.512011490027,28.9251314693379,23.3488,22.45941,21.93303,21.4552,21.16367,4576,301,2,244,1.1762311372897276e+19,GALAXY,0.8410187,10447,58143,127
1.2376672121288136e+18,155.871714151765,27.3255710577076,22.7232,22.72353,22.12116,21.64854,21.49503,5061,301,5,278,1.1774774886953933e+19,GALAXY,0.8963105,10458,58143,413
1.237667209983624e+18,161.949293342944,26.733098216678,23.71579,22.3919,22.00206,21.41818,20.87172,5061,301,1,313,1.1792816773254107e+19,GALAXY,0.8978902,10474,58143,513
1.237661385991848e+18,204.01430069893,55.0525925863333,24.13599,21.98358,21.26868,20.81533,20.76911,3705,301,1,67,9.23826450871539e+18,GALAXY,0.2384006,8205,58143,930
1.237664880485532e+18,138.718522290748,29.1218534881679,24.8789,22.6816,22.8524,21.79369,22.00621,4518,301,6,81,1.1758988923636e+19,GALAXY,0.714027,10444,58143,328
1.2376672099837542e+18,162.380253308036,26.9319351470329,19.19823,18.25712,17.95183,17.83488,17.85274,5061,301,1,315,1.1792819247155272e+19,STAR,4.072699e-05,10474,58143,522
1.2376651274567027e+18,149.189858615323,28.8029258305621,22.46999,22.16233,21.7424,21.12652,21.54953,4576,301,2,242,1.1762320718746114e+19,GALAXY,0.5865746,10447,58143,161
1.237664869215634e+18,148.290086042879,31.0627010904938,22.80375,22.56994,22.44384,21.86504,21.49258,4516,301,1,148,1.17624587074554e+19,GALAXY,0.9565496,10447,58143,663
1.2376651285344422e+18,158.972844922872,32.3605189826754,23.33812,23.05171,23.45505,21.73623,21.745,4576,301,4,303,1.1782758990655803e+19,GALAXY,0.9342809,10465,58144,787
1.2376651269238303e+18,159.341995649343,31.172150342535,22.5233,22.7222,21.7065,21.57285,21.72125,4576,301,1,303,1.178258306879536e+19,GALAXY,0.9279895,10465,58144,147
1.2376651274603727e+18,158.40384282627,31.2849309811996,23.19061,23.10096,22.10448,21.63968,21.07402,4576,301,2,298,1.178264519120233e+19,GALAXY,0.939318,10465,58144,373
1.2376653309167534e+18,159.914070451027,30.5656774103246,18.17132,17.26941,17.01553,16.93618,16.9032,4623,301,5,28,1.178255530612676e+19,STAR,-0.000503591,10465,58144,46
1.237665127460111e+18,157.796148223415,31.2271093082846,23.80877,21.62732,21.09498,20.47202,19.72388,4576,301,2,294,1.1782666356801163e+19,GALAXY,0.9114839,10465,58144,450
1.2376651285343117e+18,158.658119870025,32.284983633855,23.15314,22.69563,21.96313,21.45709,21.17035,4576,301,4,301,1.1782751019196504e+19,GALAXY,0.8864631,10465,58144,758
1.2376651279971784e+18,158.172953933394,31.6248231195238,23.75547,22.54206,22.02094,21.54816,20.84173,4576,301,3,297,1.178272298165e+19,GALAXY,1.009892,10465,58144,656
1.2376651285337871e+18,157.278212494512,32.0004997406986,22.9538,22.8622,22.68517,22.2249,22.18831,4576,301,4,293,1.178268202484186e+19,GALAXY,1.088149,10465,58144,507
1.2376651274610284e+18,160.070402724403,31.7472335245569,23.17306,23.90144,22.29818,21.82347,21.75957,4576,301,2,308,1.1782810392824404e+19,QSO,0.7109069,10465,58144,974
1.2376651285341809e+18,158.332715873217,32.0743247943172,22.96264,22.6827,22.31546,21.29963,21.63758,4576,301,4,299,1.1782729028963949e+19,GALAXY,0.6520162,10465,58144,678
1.2376672115931223e+18,158.861185485131,27.5725608834473,25.76664,23.04425,22.51224,22.27554,22.13131,5061,301,4,296,1.1780386794335656e+19,GALAXY,1.246153,10463,58145,349
1.237664880488154e+18,145.032186438598,31.6612842076414,25.15376,22.89429,21.9532,21.53459,21.55304,4518,301,6,121,1.1742277996194849e+19,GALAXY,0.9093966,10429,58145,974
1.2376672115933192e+18,159.47724639949,27.7098466577644,24.58741,22.71616,21.90254,22.04852,23.45278,5061,301,4,299,1.1780345562649614e+19,GALAXY,0.9880767,10463,58145,199
1.2376648804881536e+18,145.089061840554,31.638288382086,24.43251,22.52076,22.0808,21.4204,21.03133,4518,301,6,121,1.17422840435088e+19,QSO,1.736797,10429,58145,996
1.237667211056972e+18,160.767880569999,27.44644097188,22.98321,22.70736,22.3075,21.63179,21.63022,5061,301,3,307,1.1780298833405432e+19,GALAXY,1.020856,10463,58145,29
1.2376648364707676e+18,144.106600415559,30.1899973248867,24.5939,23.39153,22.55375,21.99304,21.83087,4508,301,4,213,1.1742055894846e+19,GALAXY,0.861099,10429,58145,166
1.237664880488154e+18,145.116278336128,31.6715277451674,23.58513,23.31713,22.03937,21.11862,20.99275,4518,301,6,121,1.1742282669119265e+19,GALAXY,0.7460768,10429,58145,991
1.23766488048835e+18,145.44502591658,31.9479246811165,22.09619,22.34065,21.69166,21.41447,21.00037,4518,301,6,124,1.1742282394241356e+19,GALAXY,1.147635,10429,58145,990
1.2376640929053417e+18,144.247823358691,32.1243634767974,24.61908,23.05336,23.02952,22.30191,22.12808,4335,301,3,225,1.1742263152787872e+19,GALAXY,1.050469,10429,58145,920
1.2376640929051448e+18,143.641368854523,31.9290573425445,22.47165,22.23688,21.73475,21.08476,20.25429,4335,301,3,222,1.1742219447200668e+19,GALAXY,0.905264,10429,58145,761
1.2376648692138647e+18,143.784037633759,32.1246916172768,23.09198,22.39353,22.05424,21.12748,21.15579,4516,301,1,121,1.1742227968415785e+19,GALAXY,0.801249,10429,58145,792
1.2376672110570378e+18,160.923110828736,27.5263356033991,22.52925,22.13743,21.8231,21.29721,20.1494,5061,301,3,308,1.1780294435358925e+19,GALAXY,0.9384776,10463,58145,13
1.2376648804875635e+18,143.662398203463,31.1722079677837,24.23195,21.98428,21.79292,21.25475,20.8809,4518,301,6,112,1.174207348703208e+19,QSO,0.2888468,10429,58145,230
1.237667211056448e+18,159.491358186082,27.2811786741798,24.5802,23.08948,22.18447,21.73763,21.49974,5061,301,3,299,1.1780352709475197e+19,GALAXY,0.7086582,10463,58145,225
1.2376648692140616e+18,144.342264407599,31.9671997159639,22.56462,23.19422,21.86771,20.7322,20.42843,4516,301,1,124,1.17422642522995e+19,GALAXY,0.8269427,10429,58145,924
1.237667211593712e+18,160.402909271711,27.7826840208445,23.82783,22.65309,21.88083,21.77913,22.01614,5061,301,4,305,1.1780312852178688e+19,GALAXY,0.8638124,10463,58145,80
1.2376640934421468e+18,143.875562131969,32.3007365009724,22.60535,22.31871,22.33079,21.63556,22.60954,4335,301,4,224,1.174222631914834e+19,GALAXY,0.9162461,10429,58145,786
1.237664869213537e+18,142.916500113359,32.2832240371965,23.26299,23.18543,22.226,21.81847,20.94888,4516,301,1,116,1.1742171068689e+19,GALAXY,0.9164587,10429,58145,585
1.2376672115938437e+18,160.667537359374,27.8107147536723,26.60934,21.82967,21.0493,20.95401,20.49991,5061,301,4,307,1.1780564640341449e+19,GALAXY,0.9740305,10463,58145,996
1.237664092904817e+18,142.998999959212,31.5062034539941,22.8529,22.9601,22.1748,21.76922,22.2719,4335,301,3,217,1.174219140965416e+19,GALAXY,0.9577464,10429,58145,659
1.2376648804871053e+18,142.46930178172,30.686338821971,25.39189,21.79203,20.93736,20.40867,19.98968,4518,301,6,105,1.1742134784805329e+19,GALAXY,0.8854944,10429,58145,453
1.237664880487301e+18,142.976071852745,30.8707413315621,22.23812,22.55845,22.45982,21.65443,21.07345,4518,301,6,108,1.1742116093107657e+19,GALAXY,0.7636981,10429,58145,385
1.2376648804871053e+18,142.42837256264,30.7605519984926,22.9696,22.74149,21.8646,21.14222,20.22464,4518,301,6,105,1.1742142481386723e+19,GALAXY,0.7505733,10429,58145,481
1.2376672115934495e+18,159.680487588109,27.5972043287737,22.86318,22.13274,22.03876,21.22782,21.63322,5061,301,4,301,1.1780343088748452e+19,GALAXY,0.9246487,10463,58145,190
1.2376648804876948e+18,143.933824235552,31.2212335769153,23.77567,22.70271,22.11196,21.02058,21.13416,4518,301,6,114,1.1742063041671617e+19,GALAXY,0.7295195,10429,58145,192
1.237667211593253e+18,159.292346429652,27.4969050103292,22.81189,22.53151,22.75914,21.45691,23.47964,5061,301,4,298,1.178036562873682e+19,GALAXY,0.995595,10463,58145,272
1.237667211056448e+18,159.474974320674,27.2005110933892,22.16313,22.47549,21.74846,20.87214,21.26415,5061,301,3,299,1.1780351884841474e+19,STAR,0.003578899,10463,58145,222
1.237667255079666e+18,159.079814084333,28.2691083725076,22.37654,21.89215,21.39327,21.5126,20.5733,5071,301,5,296,1.1780489323794946e+19,GALAXY,1.213266,10463,58145,722
1.2376648804876293e+18,143.758436823156,31.1505634044411,22.32463,22.46639,21.73262,21.72939,21.31666,4518,301,6,113,1.174207376191e+19,GALAXY,1.285677,10429,58145,231
1.237664092905079e+18,143.630290324539,31.7362559509593,24.49197,23.29855,22.34775,21.78304,21.54792,4335,301,3,221,1.1742222470857644e+19,GALAXY,0.9152478,10429,58145,772
1.2376672115935813e+18,160.176164961582,27.6602625142289,24.48551,23.21437,22.62111,22.60465,20.95337,5061,301,4,303,1.1780321373393803e+19,GALAXY,0.7789972,10463,58145,111
1.2376648804870395e+18,142.38994602822,30.7619384350177,24.81443,22.60262,22.78441,21.84717,22.55596,4518,301,6,104,1.174214275626463e+19,GALAXY,0.8144458,10429,58145,482
1.237667211056448e+18,159.508463677742,27.2498842889753,23.55116,22.81994,22.39796,21.46203,21.31995,5061,301,3,299,1.1780341164603103e+19,GALAXY,0.7349223,10463,58145,183
1.2376648804871053e+18,142.564605618527,30.7756940339152,22.54123,22.40175,21.70494,21.02316,20.87227,4518,301,6,105,1.1742136708950675e+19,GALAXY,0.7808553,10429,58145,460
1.237667210519184e+18,158.603311616161,26.5723229806072,23.75142,23.25399,23.17857,22.60038,21.28948,5061,301,2,293,1.178040163774263e+19,GALAXY,0.8651963,10463,58145,403
1.237667254006252e+18,160.140367744463,27.6243936400357,23.98329,23.05258,22.00639,21.83818,21.51939,5071,301,3,301,1.1780320823638e+19,GALAXY,0.9808307,10463,58145,109
1.2376648804872364e+18,142.82614232561,30.7937714761003,23.1813,23.17964,22.484,21.9476,21.20271,4518,301,6,107,1.1742126813346e+19,GALAXY,0.8233853,10429,58145,424
1.237667254543254e+18,160.431736812881,27.9450532572991,23.28002,22.63457,22.06737,21.78594,21.30709,5071,301,4,303,1.178055831814959e+19,GALAXY,0.9752324,10463,58145,973
1.2376672115935155e+18,159.908141944074,27.7895637746738,25.957,22.96521,22.43805,21.14613,20.44365,5061,301,4,302,1.1780537702306568e+19,STAR,0.002902322,10463,58145,898
1.237658310796903e+18,199.393546348209,58.2478945827661,24.38875,22.75581,21.24543,21.17379,21.02503,2989,301,1,92,9.233669649673249e+18,QSO,4.035498,8201,58146,598
1.2376583107970335e+18,200.024403946716,58.0890346456922,21.76501,21.78353,21.66875,21.74635,21.57044,2989,301,1,94,9.233681744301152e+18,QSO,1.868448,8201,58146,642
1.2376583107967055e+18,198.729787195314,58.304931704193,24.19236,21.58754,22.20716,21.7436,20.3249,2989,301,1,89,9.23365755504534e+18,STAR,-0.000608518,8201,58146,554
1.2376613881384148e+18,201.340349600084,57.2563585936622,22.92702,23.208,21.76614,20.57607,19.71039,3705,301,5,53,9.233568219725584e+18,GALAXY,0.7684084,8201,58146,229
1.2376583107972308e+18,200.926068207287,58.0873454502293,23.19811,22.65886,21.12939,20.02056,19.44648,2989,301,1,97,9.233705108923242e+18,STAR,-0.0002514636,8201,58146,727
1.237661387064804e+18,201.532814282592,56.2154895767514,24.43284,23.75,21.35009,20.08053,19.32006,3705,301,3,55,9.233560523144188e+18,GALAXY,0.7571654,8201,58146,201
1.23765831079723e+18,200.727114329108,58.1434869045921,19.2283,18.35259,18.17517,18.10897,18.13101,2989,301,1,97,9.233694388684872e+18,STAR,-0.0002617721,8201,58146,688
1.2376583107974927e+18,201.808526475556,57.9953641666994,23.58037,22.21642,20.84667,20.01614,19.43897,2989,301,1,101,9.233738369149985e+18,STAR,-0.0001006728,8201,58146,848
1.237658310796968e+18,199.606439372812,58.2726836111407,20.39072,20.16705,20.14623,20.05146,19.91503,2989,301,1,93,9.233669374795342e+18,QSO,1.98747,8201,58146,597
1.237655106771288e+18,202.047967957624,57.7597474251953,18.4038,18.59032,19.02039,19.35589,19.58951,2243,301,1,397,9.233750463777888e+18,STAR,-0.0001323095,8201,58146,892
1.2376583107972303e+18,200.88109140843,58.1041161614268,20.87193,20.81083,20.56798,20.43592,20.40816,2989,301,1,97,9.233704834045336e+18,QSO,1.313307,8201,58146,726
1.2376551067710917e+18,201.095596272237,57.8645934337754,20.78421,20.18603,19.99316,19.68197,19.50832,2243,301,1,394,9.2337152794058e+18,QSO,0.7693337,8201,58146,764
1.237655106771354e+18,202.409210925716,57.6726865857181,21.24422,21.03348,21.24563,20.91483,20.91989,2243,301,1,398,9.233760909138352e+18,QSO,1.728071,8201,58146,930
1.2376613881386767e+18,202.353735212923,56.9754852216123,24.22069,21.97473,21.39121,20.29345,19.65996,3705,301,5,57,9.233533035353496e+18,GALAXY,0.8321287,8201,58146,101
1.2376614160610107e+18,197.045065545138,55.7029244807494,24.3935,22.92968,21.28534,20.19773,19.51888,3712,301,1,134,9.23702343501587e+18,GALAXY,0.5973734,8204,58146,511
1.237655106771026e+18,200.841701070902,57.8595599899122,21.71061,21.47581,21.39396,20.93691,22.50624,2243,301,1,393,9.233706483312775e+18,QSO,1.635527,8201,58146,732
1.2376583107974922e+18,201.851484619461,57.8516794937625,24.33296,21.57219,20.28823,21.14147,19.26698,2989,301,1,101,9.233740018417424e+18,STAR,-0.0002991904,8201,58146,854
1.237655106771026e+18,200.984568607475,57.9154341960992,21.99218,20.58967,19.44525,19.0707,18.76928,2243,301,1,393,9.233705658679056e+18,GALAXY,0.2992402,8201,58146,729
1.2376613876019372e+18,202.633508101484,56.4648397742885,22.69278,24.14878,21.58029,20.40088,19.61775,3705,301,4,59,9.233517642190709e+18,GALAXY,0.7584035,8201,58146,45
1.237658310797689e+18,202.687983143911,57.8460232181268,19.94783,19.54113,19.51192,19.50402,19.28392,2989,301,1,104,9.233761733772073e+18,QSO,2.223232,8201,58146,933
1.2376583107972303e+18,200.712475617177,57.9776345294213,21.75801,21.08724,20.51552,20.34245,20.15301,2989,301,1,97,9.233695488196502e+18,GALAXY,0.1461616,8201,58146,692
1.23765831079723e+18,200.827377711848,57.9740464176266,21.06977,20.69588,20.61131,20.31492,20.10612,2989,301,1,97,9.233705933556963e+18,QSO,0.7315397,8201,58146,730
1.2376583107972303e+18,200.831077391826,58.1649802230733,20.92854,21.10696,20.86466,20.84771,20.78951,2989,301,1,97,9.23370373453371e+18,QSO,1.283072,8201,58146,722
1.2376613876016745e+18,201.523207796026,56.6322510990351,21.40011,21.08821,21.05024,20.62226,20.16855,3705,301,4,55,9.233562997045352e+18,QSO,1.822779,8201,58146,210
1.2376583107977544e+18,202.906855117213,57.7789448824508,21.73157,20.74823,24.80203,22.72082,19.38542,2989,301,1,105,9.233773278644165e+18,STAR,-9.114005e-05,8201,58146,975
1.2376583107967718e+18,198.859201724141,58.2615263468249,22.9943,21.13963,19.95719,19.47725,19.10296,2989,301,1,90,9.233657829923248e+18,GALAXY,0.1934714,8201,58146,555
1.2376551078445711e+18,200.407391156587,58.7448323510511,24.2691,23.2651,19.97039,19.17871,18.84146,2243,301,3,390,9.233687241859291e+18,GALAXY,0.4339528,8201,58146,662
1.237655107844834e+18,201.643690248207,58.6479189321631,25.67577,26.29184,22.61278,20.57666,19.63181,2243,301,3,394,9.2337232508651e+18,GALAXY,0.7892255,8201,58146,793
1.2376583107967713e+18,198.759808198355,58.324958440898,21.23302,22.17046,22.05284,21.55315,19.92047,2989,301,1,90,9.233656455533711e+18,GALAXY,0.07149094,8201,58146,550
1.2376613870646075e+18,200.567642126215,56.4477628908364,26.49064,24.53928,21.9482,20.55659,19.81256,3705,301,3,52,9.233595157760465e+18,GALAXY,1.030722,8201,58146,327
1.2376583107972303e+18,200.826067956877,58.1399869767515,23.39789,21.14677,20.59394,20.52147,20.71854,2989,301,1,97,9.233704009411617e+18,QSO,3.426311,8201,58146,723
1.2376583107972303e+18,200.785595671939,58.1228778682001,21.2419,20.87781,20.48896,20.19208,20.03901,2989,301,1,97,9.233693014295337e+18,GALAXY,0.4323747,8201,58146,683
1.2376613876012165e+18,199.700709662264,56.84869109291,25.72529,23.37552,22.04484,20.66744,19.9125,3705,301,4,48,9.233630891888368e+18,GALAXY,0.712197,8201,58146,457
1.237661386527343e+18,198.824717224552,56.2005194041471,24.28909,23.56308,21.82916,20.44229,19.80027,3705,301,2,46,9.23707126377168e+18,GALAXY,0.7552962,8204,58146,685
1.2376662151508134e+18,19.6386234996385,30.5699857903827,21.86263,21.21748,22.50514,20.97394,22.47096,4829,301,4,145,8.700021681232828e+18,GALAXY,0.06760311,7727,58152,702
1.2376803096258808e+18,19.4388573464984,30.434189542093,20.15873,20.13994,19.94491,19.77191,19.58403,8111,301,1,191,8.700011235872365e+18,QSO,1.992924,7727,58152,664
1.237680309626471e+18,20.9830267408431,30.2388422224309,21.88309,22.15654,22.4249,22.24115,23.02973,8111,301,1,200,8.700087102174681e+18,QSO,1.05675,7727,58152,940
1.2376803139117386e+18,19.5752289083561,30.675018647615,19.85369,19.69559,19.29259,19.15109,19.21829,8112,301,1,52,8.700010136360736e+18,QSO,1.431434,7727,58152,660
1.2376662135397422e+18,21.0779133191141,29.4189322732911,22.2136,21.50623,21.29889,21.1115,20.58111,4829,301,1,138,8.699845209616569e+18,QSO,2.390168,7727,58152,60
1.237666213540332e+18,21.2009405990531,30.7390629998321,21.19913,21.24959,21.27911,20.85913,21.05658,4829,301,1,147,8.700091225343285e+18,QSO,1.76359,7727,58152,955
1.2376662140770716e+18,20.7170323474592,30.5427165856713,20.74551,20.05936,20.13059,19.72609,19.92672,4829,301,2,145,8.70007280852352e+18,QSO,0.6294047,7727,58152,888
1.2376803139122632e+18,20.9040687120888,30.5057937148327,21.11268,20.76808,20.43521,20.05984,19.8167,8112,301,1,60,8.700083528761891e+18,QSO,1.933695,7727,58152,927
1.237666214613878e+18,20.0898056229631,30.4896907304605,24.25573,25.04655,22.01256,20.83845,19.95621,4829,301,3,144,8.700046145366547e+18,GALAXY,0.7360168,7727,58152,791
1.2376660895212513e+18,20.2392968235331,29.3486134657324,24.55345,24.16804,21.69427,20.6532,19.77535,4800,301,2,118,8.699888915203774e+18,GALAXY,0.6798244,7727,58152,219
1.237666216224228e+18,18.6785918845766,30.0000365942918,21.78236,21.53324,21.58899,21.08199,21.26668,4829,301,6,140,8.699982098814228e+18,QSO,1.861207,7727,58152,558
1.237666214613878e+18,20.2472118458973,30.412074725538,24.15862,23.22647,21.83492,20.73839,19.98652,4829,301,3,144,8.700055491215383e+18,GALAXY,0.537945,7727,58152,825
1.2376662146138767e+18,20.1487556097913,30.4398857402323,21.77819,19.78994,18.58828,18.07004,17.64634,4829,301,3,144,8.700056865604917e+18,GALAXY,0.174032,7727,58152,830
1.2376803139124595e+18,21.3537573103868,30.4763292955698,22.71521,21.04467,20.47661,20.48514,20.3523,8112,301,1,63,8.700100021436307e+18,QSO,2.851444,7727,58152,987
1.2376662140764165e+18,20.3415115216654,29.1115471882143,20.91362,20.5459,20.06605,19.91551,19.77392,4829,301,2,135,8.699876545697962e+18,QSO,1.168974,7727,58152,174
1.2376660895211855e+18,20.3453070915014,29.2423679472569,26.67718,25.33074,22.16351,20.90877,19.99058,4800,301,2,117,8.699876820575869e+18,GALAXY,0.6476313,7727,58152,175
1.2376803139122632e+18,20.881520787202,30.4523091368384,21.62734,21.81567,21.45078,21.31765,20.75288,8112,301,1,60,8.700084353395612e+18,QSO,1.182716,7727,58152,930
1.237680309625881e+18,19.493671883633,30.5498935622024,20.85981,21.06583,20.84157,20.54885,20.52866,8111,301,1,191,8.700011510750271e+18,QSO,2.033264,7727,58152,665
1.2376784397027249e+18,44.2471230639156,3.06817971402171,22.7732,22.71394,21.85914,21.3394,21.06839,7675,301,6,164,1.0599275186116385e+19,GALAXY,0.7743795,9414,58153,194
1.2376576278988728e+18,127.26876054452,33.1496477419787,22.8796,22.96245,22.01336,20.81027,19.9473,2830,301,1,119,1.1522607392849418e+19,QSO,1.724895,10234,58153,537
1.2376786222466993e+18,44.2613300050117,3.27276452359317,22.97066,22.76292,22.09061,21.72537,21.64751,7718,301,2,284,1.0599451657732645e+19,GALAXY,0.3342286,9414,58153,836
1.2376581921490867e+18,128.414369161441,33.4219608099206,22.10972,22.46354,21.80963,21.80198,21.97196,2961,301,4,102,1.1522659894529645e+19,QSO,1.378185,10234,58153,728
1.237658192148497e+18,127.181599563445,32.4376449053418,23.9362,21.72757,20.37675,19.78304,19.44392,2961,301,4,93,1.1522593923832e+19,GALAXY,0.2749383,10234,58153,488
1.2376581921485627e+18,127.329799113828,32.6398046990114,23.15047,23.52853,22.16065,20.63365,19.57507,2961,301,4,94,1.1522588701151746e+19,STAR,7.304021e-05,10234,58153,469
1.2376581921488896e+18,128.026216113337,33.1806061209207,24.63465,23.78981,21.99912,20.59038,19.73566,2961,301,4,99,1.1522650823558715e+19,STAR,-0.0001509499,10234,58153,695
1.237658192149152e+18,128.526347111802,33.5259604119499,21.10967,21.56235,21.3441,21.40073,21.27926,2961,301,4,103,1.1522658245262205e+19,QSO,1.347765,10234,58153,722
1.2376581921489551e+18,128.134036791213,33.2833461755783,21.1915,20.85004,20.64429,20.25105,20.37815,2961,301,4,100,1.1522651648192436e+19,QSO,1.558039,10234,58153,698
1.2376648692079012e+18,127.666302736834,33.9159317863599,24.5848,22.45261,21.67738,20.41383,19.70625,4516,301,1,30,1.1522620586989e+19,GALAXY,0.7185814,10234,58153,585
1.2376581921495452e+18,129.307880407104,34.1133274633213,21.16317,20.7182,20.38599,20.16282,20.24645,2961,301,4,109,1.1522710472064522e+19,QSO,1.561574,10234,58153,912
1.237658192149152e+18,128.622708022658,33.4812310702875,21.55145,21.06823,20.92666,20.76588,20.64208,2961,301,4,103,1.1522669790134297e+19,QSO,2.265707,10234,58153,764
1.237658204492072e+18,128.404285733212,33.0547734626678,23.04386,23.18001,22.12307,20.70111,19.9526,2964,301,3,25,1.152266291818662e+19,GALAXY,0.6474057,10234,58153,739
1.2376581921489551e+18,128.185404434806,33.1619188027612,21.25808,21.28346,21.26011,20.91989,20.83668,2961,301,4,100,1.152265219794825e+19,QSO,1.855225,10234,58153,700
1.2376786619799306e+18,43.6073349066729,4.03512798730723,25.16292,23.6956,22.46681,22.24968,22.72082,7727,301,4,357,1.0599398056540789e+19,GALAXY,1.023496,9414,58153,641
1.237658199125197e+18,130.201432308498,33.3143160350427,19.17612,19.10077,19.09784,19.01001,18.79825,2963,301,1,53,1.1522733012052892e+19,QSO,2.096509,10234,58153,994
1.237658192148431e+18,127.021319181373,32.4239013917656,21.76004,20.86229,20.72514,20.94977,20.60043,2961,301,4,92,1.1522592274564536e+19,QSO,2.780113,10234,58153,482
1.2376581921486277e+18,127.483731940087,32.6914150395869,21.08943,20.87536,20.80453,20.57189,20.61678,2961,301,4,95,1.1522578530669187e+19,QSO,1.577468,10234,58153,432
1.2376582044916127e+18,127.262781859602,32.4500027851738,23.9836,21.75862,20.29931,19.70399,19.27673,2964,301,3,18,1.1522587601640118e+19,GALAXY,0.2772121,10234,58153,465
1.2376581921487588e+18,127.691518449877,32.8707980981964,21.11623,20.98569,20.95175,20.76499,22.5194,2961,301,4,97,1.152256918482035e+19,QSO,1.432206,10234,58153,398
1.2376582061028152e+18,127.605205806438,34.2473850735517,21.38356,21.21015,21.24622,21.02448,21.2202,2964,301,6,27,1.1522608767239e+19,QSO,1.652723,10234,58153,542
1.237658192148759e+18,127.725283615048,32.8338371060223,22.65984,23.74072,21.12419,20.02466,19.21446,2961,301,4,97,1.1522568360186632e+19,GALAXY,0.6071267,10234,58153,395
1.2376581921490865e+18,128.410570298123,33.3147377597323,20.39468,19.94252,19.70953,19.7598,19.67367,2961,301,4,102,1.1522660444285458e+19,QSO,0.9558026,10234,58153,730
1.237658192149218e+18,128.678157068164,33.5009889607502,24.20683,24.7247,23.40008,21.40285,19.83525,2961,301,4,104,1.15226700650122e+19,STAR,-2.076185e-05,10234,58153,765
1.2376582034187886e+18,129.914095235579,33.0230992797292,23.92651,23.19527,21.94583,20.58024,19.81837,2964,301,1,32,1.1522480949012224e+19,GALAXY,0.7574232,10234,58153,77
1.2376648692086223e+18,129.690446323385,33.7729607302171,25.73423,23.02276,21.80034,20.61745,19.9115,4516,301,1,41,1.1522723391326149e+19,GALAXY,0.5170116,10234,58153,959
1.237658205028615e+18,127.429686924808,32.8862589100492,23.44005,21.85652,20.42245,19.92535,19.60914,2964,301,4,20,1.1522591724808722e+19,GALAXY,0.2563239,10234,58153,480
1.2376609629373727e+18,132.639733964957,32.3201458498148,20.6053,20.06102,20.05507,19.92045,19.65353,3606,301,5,64,1.1524723128115943e+19,QSO,2.246745,10236,58154,42
1.2376607659128266e+18,132.414862385819,32.3620249038242,25.60878,23.57694,21.9415,20.81086,19.71759,3560,301,6,172,1.1524737696645e+19,GALAXY,0.7023363,10236,58154,95
1.237658192150135e+18,130.65662437081,34.792742579275,21.74586,20.96279,20.33802,19.97372,19.7187,2961,301,4,118,1.152589355824371e+19,QSO,2.271225,10237,58154,204
1.23766621354197e+18,21.7830245967675,34.5110293982602,22.89779,22.05819,21.93285,21.84704,22.06962,4829,301,1,172,8.698973846685112e+18,QSO,2.445333,7726,58154,986
1.2376662151516e+18,19.9348878213739,32.4834223966156,20.98743,19.76817,19.19933,18.91539,18.88284,4829,301,4,157,8.698802322871179e+18,STAR,-0.0005277712,7726,58154,362
1.2376581921496763e+18,129.598721123204,34.3466292078335,22.00164,21.66294,21.37945,21.11247,21.30105,2961,301,4,111,1.152594386090068e+19,STAR,0.0001305361,10237,58154,387
1.2376662140785797e+18,21.3441661838664,33.9212706377277,22.07331,20.89544,20.53755,20.35404,20.27547,4829,301,2,168,8.698724257545606e+18,QSO,2.95646,7726,58154,78
1.2376581921495455e+18,129.474235987065,34.070796420906,26.01002,22.84572,21.4276,20.32119,19.66406,2961,301,4,109,1.152594221163324e+19,GALAXY,0.5511416,10237,58154,381
1.2376607659128266e+18,132.370040930382,32.4128817603364,22.40393,22.59434,21.50209,20.492,19.79716,3560,301,6,172,1.1524738246400823e+19,GALAXY,0.7476878,10236,58154,97
1.2376662140785792e+18,21.2466085590948,33.9188059366522,23.02284,21.89022,21.81543,22.05688,21.69133,4829,301,2,168,8.698734153150257e+18,QSO,2.577567,7726,58154,114
1.2376582061037325e+18,129.505034085954,35.6196187813619,20.93562,20.81652,20.71397,20.68552,20.39108,2964,301,6,41,1.1526003784284396e+19,QSO,2.075671,10237,58154,605
1.2376581921497418e+18,129.820072892569,34.3860867066951,20.72375,20.59785,20.41408,20.19768,20.39332,2961,301,4,112,1.152593424017394e+19,QSO,1.591215,10237,58154,352
1.237658192150201e+18,130.848564611579,34.9963315399227,24.64341,23.5281,21.46621,20.25825,19.59699,2961,301,4,119,1.1525877890203e+19,GALAXY,0.5508732,10237,58154,147
1.23765820503045e+18,131.279291974867,35.4640212887867,25.561,23.11735,21.24298,20.17346,19.46964,2964,301,4,48,1.15260950437495e+19,GALAXY,0.6409153,10237,58154,937
1.2376581921502003e+18,130.728112175668,35.0053377688746,21.61079,21.00755,20.13949,19.82737,19.55254,2961,301,4,119,1.1525894107999525e+19,GALAXY,0.3929332,10237,58154,206
1.23765819215e+18,130.272671312828,34.7337968575386,21.06742,20.74557,20.4136,20.37428,20.14274,2961,301,4,116,1.1525914723842544e+19,QSO,1.37173,10237,58154,281
1.237666214078972e+18,21.4714507577207,34.7685675905742,24.63466,20.68538,21.03735,20.11635,22.83182,4829,301,2,174,8.698966424981626e+18,STAR,0.000163137,7726,58154,959
1.2376603433944358e+18,132.793440839661,33.3229115728273,23.1359,22.06687,22.1237,22.40646,21.32782,3462,301,3,157,1.1524984537005447e+19,STAR,0.0004981806,10236,58154,993
1.237660963473917e+18,131.773486101284,32.2354188834191,24.07237,23.95416,21.64073,20.61736,19.92352,3606,301,6,59,1.1524769582482217e+19,GALAXY,0.6060471,10236,58154,211
1.237657629510927e+18,129.109208588847,36.3448536317872,25.67302,23.59485,21.78617,20.76628,19.85032,2830,301,4,141,1.1525988391121609e+19,GALAXY,0.827912,10237,58154,549
1.2376662140786442e+18,21.3567900467788,34.0169922341469,22.47173,21.55539,21.3121,21.0968,21.3661,4829,301,2,169,8.698723707789793e+18,GALAXY,0.01657041,7726,58154,76
1.2376662162263247e+18,19.1993410041108,34.814014051082,21.54984,19.80232,18.98412,18.69615,18.53325,4829,301,6,172,8.698841355533965e+18,STAR,3.089074e-05,7726,58154,504
1.2376609629375045e+18,132.991679728541,32.6094635988462,22.64164,21.52837,21.16682,20.9321,20.87425,3606,301,5,66,1.1524713232511291e+19,STAR,-7.436744e-05,10236,58154,6
1.23765819215007e+18,130.461912886482,34.83442681635,26.26312,23.05162,21.82349,20.74519,19.94888,2961,301,4,117,1.1525909226284409e+19,GALAXY,0.5515689,10237,58154,261
1.237660765375956e+18,132.656144396446,32.1549463465555,23.13365,24.0585,22.04945,20.82707,19.94458,3560,301,5,172,1.152472340299385e+19,GALAXY,0.6441036,10236,58154,43
1.2376609634741133e+18,132.118463034364,32.539357700425,26.45115,23.07391,21.65443,20.46583,19.58785,3606,301,6,62,1.1524749791272917e+19,GALAXY,0.7988055,10236,58154,139
1.2376581921497418e+18,129.843012085397,34.3548217197836,21.02789,21.03417,20.57356,20.61732,20.87366,2961,301,4,112,1.1525932865784404e+19,QSO,1.232823,10237,58154,347
1.2376609629373727e+18,132.715195541081,32.3236364941728,25.39895,21.5916,24.76119,22.18212,20.83727,3606,301,5,64,1.1524725602017104e+19,QSO,5.028109,10236,58154,51
1.2376609629375695e+18,133.012295393209,32.5986093004851,22.34037,21.63205,21.3539,21.21754,21.27331,3606,301,5,67,1.1524713782267107e+19,QSO,1.043412,10236,58154,8
1.2376609629373732e+18,132.655267701328,32.3523647134784,20.84197,20.83371,20.64289,20.61062,20.60622,3606,301,5,64,1.1524726426650829e+19,QSO,1.143624,10236,58154,54
1.2376581926869407e+18,130.275988285906,35.1571792251263,24.21292,23.54958,21.6779,20.2366,19.35817,2961,301,5,117,1.1525919121889057e+19,GALAXY,0.7376542,10237,58154,297
1.2376662140788408e+18,21.4276866186321,34.4891761239643,24.63465,20.69443,21.59129,20.63445,22.8269,4829,301,2,172,8.698956254499067e+18,STAR,-0.0001775463,7726,58154,922
1.2376609629375693e+18,133.030798564725,32.6284956364321,22.64722,22.64268,23.0237,21.58795,19.97842,3606,301,5,67,1.1524712407877573e+19,GALAXY,0.2573367,10236,58154,3
1.23765819215007e+18,130.370480555783,34.8643470615836,26.13378,24.13634,22.24819,21.08261,19.94412,2961,301,4,117,1.1525911975063476e+19,GALAXY,0.8856552,10237,58154,271
1.2376581921506598e+18,131.872345350055,35.6392945873058,22.25981,22.09937,21.98948,21.54809,21.13554,2961,301,4,126,1.1526110711790197e+19,GALAXY,0.38304,10237,58154,994
1.2376609629374385e+18,132.85452459776,32.5128785615384,21.95415,21.28981,20.64718,20.36518,19.98295,3606,301,5,65,1.1524728075918268e+19,QSO,4.281884,10236,58154,60
1.2376581921502003e+18,130.762963328288,34.9580293863627,21.53576,21.27778,21.00213,20.80024,21.12634,2961,301,4,119,1.152589465775534e+19,QSO,1.600141,10237,58154,208
1.2376609629371763e+18,132.299464861899,32.0940849112578,21.81977,21.48794,21.17773,20.78939,20.72697,3606,301,5,61,1.15247451183485e+19,QSO,2.016273,10236,58154,122
1.237657629510993e+18,129.291134145812,36.3809632644874,24.5605,23.70446,21.81217,20.60292,19.91778,2830,301,4,142,1.1525986741854165e+19,GALAXY,0.6639728,10237,58154,543
1.23766621354197e+18,21.7666814789418,34.5237432077822,24.63466,21.59284,24.80203,20.47462,21.66469,4829,301,1,172,8.698970823028136e+18,STAR,2.703844e-05,7726,58154,975
1.2376648692098017e+18,132.855695855447,33.5632844362361,22.52803,22.19967,21.07117,20.01015,19.32134,4516,301,1,59,1.1527106594463832e+19,GALAXY,0.686631,10238,58155,521
1.2376609629377006e+18,133.38414710904,32.8320128865405,20.71152,20.4701,20.35146,20.28675,20.06002,3606,301,5,69,1.1527089277155697e+19,QSO,2.144161,10238,58155,458
1.2376607648401329e+18,135.283795723113,33.098846999345,20.00666,19.85366,19.53198,19.45955,19.69391,3560,301,4,188,1.152722176830684e+19,QSO,1.406316,10238,58155,940
1.2376646684287964e+18,139.005249667946,30.2260211050681,24.42263,22.89147,22.55502,22.10516,22.63221,4469,301,3,192,1.175786109978518e+19,GALAXY,1.430716,10443,58155,321
1.2376609629378317e+18,133.712216517904,32.9251567539455,19.71716,19.58503,19.54086,19.29926,19.2901,3606,301,5,71,1.1527067561801e+19,QSO,1.617716,10238,58155,379
1.2376651269235676e+18,158.811587794973,30.861856586157,23.39054,22.15792,21.61211,21.08643,20.72145,4576,301,1,299,1.17816207214277e+19,GALAXY,0.6545365,10464,58155,742
1.237678439702791e+18,44.4882891545931,3.00823147105759,23.24093,23.4135,22.98413,22.44777,22.01844,7675,301,6,165,1.0599265015667382e+19,GALAXY,0.9841374,9414,58155,157
1.237660961864025e+18,134.204639138608,32.1571529165039,23.947,25.07604,23.86445,21.56722,19.75554,3606,301,3,70,1.1527026330115e+19,STAR,-7.684906e-05,10238,58155,229
1.2376609624014856e+18,135.143717793664,33.1636608240423,24.08456,23.14907,21.339,20.28727,19.64764,3606,301,4,79,1.1527220393917309e+19,GALAXY,0.6236145,10238,58155,935
1.2376607653770696e+18,135.321287634802,33.4511037606689,22.48611,21.32145,20.76805,20.57961,20.46393,3560,301,5,189,1.1527218194894051e+19,QSO,1.311793,10238,58155,927
1.237660764302935e+18,134.815064165889,32.2235441490495,25.12779,23.86657,21.62453,20.38228,19.54915,3560,301,3,183,1.1527009287684772e+19,GALAXY,0.6831939,10238,58155,167
1.2376609629375695e+18,133.179546752163,32.6365068001183,21.30701,21.25917,20.78964,20.66875,20.84806,3606,301,5,67,1.1527087627888253e+19,QSO,1.152146,10238,58155,452
1.2376607648400678e+18,135.08370431406,33.0066513482555,23.4111,23.05519,21.82455,20.67919,19.9239,3560,301,4,187,1.152699609354524e+19,GALAXY,0.6845879,10238,58155,119
1.2376609629378972e+18,133.856905882712,33.0857176062307,20.20799,20.12879,19.92979,19.97834,20.2856,3606,301,5,72,1.152715524785336e+19,QSO,1.030235,10238,58155,698
1.237660961864483e+18,135.062065698651,32.710419502073,21.94773,21.05732,20.75223,20.09692,19.77124,3606,301,3,77,1.1526992245254543e+19,QSO,0.6453284,10238,58155,105
1.2376648778038648e+18,146.19445963269,29.8522638213343,23.66058,22.19977,21.3902,20.81461,20.59911,4518,301,1,122,1.174332665557761e+19,GALAXY,1.026115,10430,58155,693
1.2376607653766766e+18,134.38796501415,32.9900680890857,22.74233,23.02707,21.7335,20.56519,19.63541,3560,301,5,183,1.1527040074010352e+19,GALAXY,0.6190795,10238,58155,279
1.2376651269233052e+18,158.132681333908,30.758753106944,24.14675,22.27346,21.61633,21.41397,19.74669,4576,301,1,295,1.1781579214863751e+19,GALAXY,0.9263008,10464,58155,591
1.237664877803734e+18,145.819102208787,29.7773347964205,22.5832,23.25838,22.05707,21.34846,21.40365,4518,301,1,120,1.174331511070552e+19,GALAXY,0.7747335,10430,58155,651
1.2376609618642865e+18,134.806578137592,32.381792784908,22.1137,20.62951,20.02974,19.7147,19.69899,3606,301,3,74,1.1527011761585936e+19,STAR,0.0003291624,10238,58155,176
1.2376650990027412e+18,147.834362090864,30.0300218944094,23.67122,22.80527,22.16784,21.64036,21.18193,4569,301,5,245,1.174340307163574e+19,GALAXY,0.7127308,10430,58155,971
1.2376609618645486e+18,135.348020211086,32.8174046914037,21.04324,20.48143,20.48098,20.68606,20.46632,3606,301,3,78,1.15269826245278e+19,QSO,0.8367057,10238,58155,70
1.2376609629377006e+18,133.383854392324,32.7115192339828,21.49638,21.34559,21.30611,21.10598,21.24329,3606,301,5,69,1.1527076907649882e+19,QSO,1.629145,10238,58155,413
1.2376651269234363e+18,158.329632212608,30.905294364476,23.82843,22.4265,22.65524,21.53206,21.20247,4576,301,1,297,1.1781577015840496e+19,GALAXY,0.8140868,10464,58155,583
1.2376609629380288e+18,134.152858152368,33.2077463430931,24.89741,26.37647,22.5421,21.00956,19.91226,3606,301,5,74,1.152716431882429e+19,GALAXY,0.8311695,10238,58155,731
1.2376609629378972e+18,133.791906046722,33.0090338050619,21.22032,21.119,21.08159,20.6088,20.39784,3606,301,5,72,1.1527155797609175e+19,QSO,2.059572,10238,58155,700
1.2376609624012897e+18,134.727976341939,33.0609393548269,26.15491,25.05129,21.46163,20.35783,19.50342,3606,301,4,76,1.1527198403684751e+19,GALAXY,0.773389,10238,58155,855
1.2376607653767424e+18,134.547441502296,33.054169481801,24.59802,24.20617,22.28707,20.73997,19.92808,3560,301,5,184,1.152718685881266e+19,GALAXY,0.7681227,10238,58155,813
1.237660961864483e+18,135.153815916273,32.6188482788743,20.22846,20.05924,19.94779,19.68421,19.61326,3606,301,3,77,1.1526991695498727e+19,QSO,1.914206,10238,58155,103
1.2376784397029217e+18,44.7749697589846,3.03360520938729,25.55171,22.60861,21.9222,21.2825,21.09681,7675,301,6,167,1.0599243025434829e+19,GALAXY,0.7519675,9414,58155,77
1.2376786619797345e+18,43.1739849470983,3.98494208512693,21.21637,21.99567,21.07693,20.58001,22.78766,7727,301,4,354,1.0599378265365e+19,GALAXY,0.9177219,9414,58155,569
1.2376646695035863e+18,141.12493664793,32.0055361615844,22.9299,23.1915,22.78835,21.92045,21.47635,4469,301,5,208,1.1758047192128182e+19,GALAXY,0.7766427,10443,58155,998
1.2376607648403955e+18,135.876086525943,33.3887562075367,25.50486,23.44108,22.10394,20.70714,19.90392,3560,301,4,192,1.1527236886591724e+19,GALAXY,0.6819769,10238,58155,995
1.237664877803341e+18,144.976597806716,29.406435494869,22.75396,22.89932,21.78822,21.72978,21.83317,4518,301,1,114,1.1743271954874128e+19,GALAXY,0.9550495,10430,58155,494
1.2376607648398712e+18,134.635984977485,32.7262983134173,23.76369,24.425,21.68026,20.39397,19.74451,3560,301,4,184,1.1527020282801052e+19,GALAXY,0.7003748,10238,58155,207
1.2376607653761523e+18,133.127606961202,32.2191638317424,23.8243,23.6404,22.2889,21.06701,19.74567,3560,301,5,175,1.1527081855452207e+19,GALAXY,0.931129,10238,58155,431
1.2376609629378975e+18,133.87929076409,32.8898727987249,23.63105,21.95979,21.7991,21.61316,22.34935,3606,301,5,72,1.1527055192295231e+19,QSO,0.8558512,10238,58155,334
1.2376609624010916e+18,134.216060062829,32.7479042223192,21.66367,21.1005,20.90598,20.31266,20.04099,3606,301,4,73,1.1527043372545237e+19,QSO,0.675953,10238,58155,291
1.2376648692102602e+18,134.095110036974,33.4612739664739,26.56971,23.32861,21.91576,20.90436,19.92748,4516,301,1,66,1.1527162119801e+19,GALAXY,0.7655373,10238,58155,723
1.2376609629375695e+18,133.137417903089,32.68422872216,21.88794,21.63391,21.48266,21.42924,21.29476,3606,301,5,67,1.1527093675202204e+19,QSO,1.290781,10238,58155,474
1.2376650990027412e+18,147.855614868266,29.96806628601,23.88403,23.19097,22.31926,22.20438,21.81391,4569,301,5,245,1.1743402247002e+19,GALAXY,0.2874936,10430,58155,968
1.237660962938356e+18,134.855870872342,33.5703284146684,21.42299,21.522,21.06874,20.92646,21.20479,3606,301,5,79,1.152720582538824e+19,GALAXY,0.5504978,10238,58155,882
1.2376609629379628e+18,134.02122339668,33.0609642623311,21.71706,21.23529,21.35887,21.0174,20.529,3606,301,5,73,1.1527164868580104e+19,QSO,2.175178,10238,58155,733
1.23766113795421e+18,139.079050287753,32.3657415150323,20.77602,22.41104,21.65811,21.72093,21.13385,3647,301,3,17,1.1757979572163074e+19,GALAXY,1.141724,10443,58155,752
1.2376611374173391e+18,139.32925590467,32.1234841096264,22.17913,22.50516,22.09943,21.00055,20.43857,3647,301,2,17,1.17579924914247e+19,GALAXY,0.8366631,10443,58155,799
1.237660962938159e+18,134.439152327777,33.2268342132414,20.55229,19.53035,19.30464,19.24569,19.20478,3606,301,5,76,1.1527176963208e+19,QSO,2.84441,10238,58155,777
1.237660764839609e+18,134.143553683829,32.4254139965392,23.5876,23.27896,21.7938,20.53655,19.81852,3560,301,4,180,1.152702852913826e+19,GALAXY,0.6778203,10238,58155,237
1.2376786222467653e+18,44.3994307839527,3.33810754464394,24.2698,22.80632,21.72032,21.32596,21.11578,7718,301,2,285,1.0599460728737126e+19,GALAXY,0.9215301,9414,58155,869
1.237664877804e+18,146.481927178062,29.8891290862917,22.49895,22.90041,22.25728,21.17013,20.67741,4518,301,1,124,1.1743337925571797e+19,GALAXY,0.8799491,10430,58155,734
1.2376609629374385e+18,132.785480523065,32.4746425526292,21.91398,21.1759,20.85391,20.80758,20.83017,3606,301,5,65,1.1527098073248717e+19,QSO,2.699536,10238,58155,490
1.2376609629384215e+18,135.064091084982,33.5242850229049,22.03414,22.0282,22.11419,21.67995,21.60056,3606,301,5,80,1.152720747465568e+19,GALAXY,1.053589,10238,58155,888
1.2376646695024727e+18,138.56271747923,30.777724188183,23.94746,24.27166,22.05244,21.47584,21.78604,4469,301,5,191,1.1757885838796806e+19,GALAXY,0.8444463,10443,58155,411
1.237660962937832e+18,133.757282789785,32.9191992310111,21.68188,21.46854,21.19342,21.09755,20.92009,3606,301,5,71,1.1527067012045232e+19,QSO,0.879478,10238,58155,377
1.2376786201216945e+18,44.5579897040234,2.97537072499024,23.93083,22.89401,22.39014,21.65828,21.23848,7717,301,6,627,1.0599254020551105e+19,GALAXY,0.9035595,9414,58155,117
1.237665128529396e+18,146.262305083755,28.8457053944279,25.21899,23.0296,22.87704,22.29875,22.21484,4576,301,4,226,1.1743228249286924e+19,GALAXY,0.2117344,10430,58155,335
1.2376786222465687e+18,43.9862170993213,3.41274470175891,22.66174,23.87036,22.18808,22.05869,21.16696,7718,301,2,282,1.0599423620219689e+19,GALAXY,0.9971405,9414,58155,734
1.23766096186409e+18,134.279440458105,32.2632296781994,22.42558,20.51862,19.73602,19.50401,19.37987,3606,301,3,71,1.152702770450454e+19,STAR,0.0001208672,10238,58155,234
1.237664877804e+18,146.582526956649,29.9056870247564,23.23003,22.76191,22.18771,21.56057,21.19275,4518,301,1,124,1.1743348096054352e+19,GALAXY,0.9442068,10430,58155,771
1.2376607653768077e+18,134.581157187222,33.056354233632,26.82808,25.72379,21.52479,20.2695,19.55201,3560,301,5,185,1.1527187408568472e+19,GALAXY,0.7686582,10238,58155,815
1.237665128530117e+18,148.0619000025,29.4159814757641,24.06347,23.1044,22.56475,21.17188,22.12924,4576,301,4,237,1.1743138089333449e+19,QSO,2.079194,10430,58155,7
1.2376609634747686e+18,133.575042564185,33.2832939041314,22.19009,23.21501,21.64067,20.59413,19.92248,3606,301,6,72,1.1527140679324291e+19,GALAXY,0.555253,10238,58155,645
1.2376640929035064e+18,139.758205131328,30.1547221962597,23.9883,22.96519,22.53523,21.85765,20.90973,4335,301,3,197,1.1757817394198e+19,GALAXY,0.9034817,10443,58155,162
1.237664877804586e+18,147.861748811154,30.4555083482868,25.43769,22.10707,21.63473,20.52034,20.77542,4518,301,1,133,1.1743399498223e+19,GALAXY,0.8896702,10430,58155,958
1.2376609624012234e+18,134.565684115201,32.9889777916716,22.60999,25.14184,21.99455,20.58961,19.79367,3606,301,4,75,1.1527022481824307e+19,GALAXY,0.6716298,10238,58155,215
1.2376648692101292e+18,133.729219180937,33.4103572000781,23.38969,22.6214,21.57399,20.4602,19.74982,4516,301,1,64,1.152714012956848e+19,GALAXY,0.6330284,10238,58155,643
1.2376613816962255e+18,140.218186475755,31.7586570875543,24.251,23.89869,22.54571,23.12523,22.37694,3704,301,1,57,1.1758030974331673e+19,GALAXY,0.8570904,10443,58155,939
1.2376611379542103e+18,139.1101580666,32.499474373582,23.45824,22.70156,21.96093,23.36753,22.05718,3647,301,3,17,1.1757977098261912e+19,GALAXY,1.014114,10443,58155,743
1.2376609629376356e+18,133.334038679628,32.5693633390767,26.11277,24.00181,22.10196,20.92714,20.00828,3606,301,5,68,1.1527086253498718e+19,STAR,-9.894583e-05,10238,58155,447
1.2376609618646797e+18,135.556685055762,32.8919782076363,21.85946,22.09425,21.2399,21.33588,21.95773,3606,301,3,80,1.1526973828434778e+19,QSO,1.324701,10238,58155,38
1.2376648692098673e+18,133.022411283801,33.572776735623,25.92677,22.74411,21.79266,20.69266,19.92714,4516,301,1,60,1.1527108793487088e+19,GALAXY,0.7065111,10238,58155,529
1.2376607653770693e+18,135.267342447503,33.4361724227447,21.61335,21.29505,20.96795,20.76065,20.40137,3560,301,5,189,1.1527217920016144e+19,QSO,2.394648,10238,58155,926
1.2376607648395438e+18,134.035329982871,32.3120900324599,25.68844,23.19983,21.23537,20.13848,19.33997,3560,301,4,179,1.1527031827673143e+19,GALAXY,0.7395825,10238,58155,249
1.237664877803406e+18,145.066190368303,29.5350325030912,22.83615,22.66929,21.87612,21.24226,21.35899,4518,301,1,115,1.174327167999622e+19,GALAXY,0.8661361,10430,58155,493
1.2376650990018888e+18,145.798830675283,29.1861045141231,18.07714,18.10799,18.01569,17.81922,17.61546,4569,301,5,232,1.1743241443426456e+19,QSO,2.033404,10430,58155,383
1.2376609634749652e+18,134.057942896363,33.6617854884574,23.75416,22.88544,21.48825,20.26969,19.59125,3606,301,6,75,1.1527160470533591e+19,GALAXY,0.6473677,10238,58155,717
1.237660962400764e+18,133.573180203696,32.3074434878895,22.1094,21.01855,20.66821,20.2594,20.19135,3606,301,4,68,1.1527059590341745e+19,STAR,-0.0001999519,10238,58155,350
1.2376609629378967e+18,133.870586402733,33.1055969314527,24.63467,22.12496,21.32594,20.46532,21.2567,3606,301,5,72,1.1527155522731268e+19,QSO,1.003262,10238,58155,699
1.2376650990018893e+18,145.849806510478,29.2698274826317,23.45919,23.07212,22.8983,22.42748,21.85706,4569,301,5,232,1.174324116854855e+19,GALAXY,1.067896,10430,58155,382
1.237660961864024e+18,134.085049931502,32.1493020865578,18.83933,17.84999,17.60367,17.5326,17.51576,3606,301,3,70,1.1527030453283609e+19,STAR,-1.969487e-05,10238,58155,244
1.2376609629377006e+18,133.327256598739,32.7505200944501,21.35792,21.22655,20.85413,20.75234,20.81595,3606,301,5,69,1.152708790276616e+19,QSO,1.382167,10238,58155,453
1.237664877803472e+18,145.284781028461,29.550249914304,23.11256,22.72849,22.32445,21.86785,22.60496,4518,301,1,116,1.174326728194971e+19,GALAXY,0.865952,10430,58155,477
1.2376648692103255e+18,134.306101451511,33.3853019564726,26.15171,24.79364,21.77595,20.54607,19.79507,4516,301,1,67,1.1527173114917313e+19,GALAXY,0.7375548,10238,58155,763
1.2376648692102602e+18,134.100982053182,33.4324801184488,24.00608,22.78208,21.2115,20.09799,19.25489,4516,301,1,66,1.1527163219312665e+19,GALAXY,0.6196554,10238,58155,727
1.237664877804455e+18,147.704737136119,30.2875007129567,23.06728,23.08268,22.06939,21.59213,21.06768,4518,301,1,131,1.1743398123833416e+19,GALAXY,0.9657199,10430,58155,953
1.2376651269236987e+18,159.051987232282,31.0454348070868,23.61107,22.89534,21.89016,21.17721,21.1145,4576,301,1,301,1.1781632541177698e+19,GALAXY,0.8130093,10464,58155,785
1.2376609618645489e+18,135.379890086808,32.7057308661691,26.24361,22.88488,21.64263,20.2999,19.65682,3606,301,3,78,1.152698344916152e+19,STAR,0.0002914017,10238,58155,73
1.2376609629374387e+18,132.871751227702,32.3061398316936,22.51507,21.49694,21.15487,20.87926,20.86734,3606,301,5,65,1.1526969430388267e+19,GALAXY,0.0,10238,58155,22
1.237665099002348e+18,146.993762986557,29.6237202707949,22.73606,22.79084,22.33727,22.08625,21.07566,4569,301,5,239,1.1743190316135766e+19,GALAXY,1.145142,10430,58155,197
1.23766076537707e+18,135.179284381935,33.493016301639,24.37197,22.91642,22.23581,20.78299,19.92332,3560,301,5,189,1.1527216545626608e+19,GALAXY,0.9530675,10238,58155,921
1.2376609618647452e+18,135.827153980289,33.0065954179921,21.19379,21.77354,21.12984,21.24491,21.49645,3606,301,3,81,1.1526967781120823e+19,QSO,1.28134,10238,58155,16
1.2376648778024888e+18,142.858411811573,28.6879869178995,24.26576,22.68636,21.97483,21.12617,20.84335,4518,301,1,101,1.1748887160774e+19,GALAXY,0.7974938,10435,58156,442
1.2376648778033403e+18,144.897442441545,29.4300318305919,22.81575,22.2751,22.28677,21.1783,20.85253,4518,301,1,114,1.1748786005704202e+19,GALAXY,1.027266,10435,58156,74
1.23766487780334e+18,144.847804379511,29.3175851476261,24.10203,22.18491,21.54137,21.30691,21.18865,4518,301,1,114,1.1748785730826295e+19,GALAXY,0.9692357,10435,58156,73
1.2376648778027507e+18,143.535174732099,28.8607470440529,22.90422,22.46923,22.12098,21.80078,21.1877,4518,301,1,105,1.1748858298593729e+19,GALAXY,1.068011,10435,58156,337
1.2376648364701783e+18,142.731542771482,29.6297298751017,22.71342,22.52482,21.92395,21.59541,21.34487,4508,301,4,204,1.174892289490186e+19,GALAXY,0.7976604,10435,58156,572
1.2376648778033403e+18,144.812014631155,29.4396687311415,22.95096,23.10765,21.76665,21.20687,20.74799,4518,301,1,114,1.1748786830337923e+19,GALAXY,1.066106,10435,58156,77
1.2376648778025544e+18,143.06829555318,28.7058220828592,23.71381,24.13769,22.65293,21.35641,21.72001,4518,301,1,102,1.1748879464192563e+19,QSO,1.97508,10435,58156,414
1.2376648778030129e+18,144.079924997873,29.0093434773154,22.81071,22.49948,21.42172,20.95616,20.44058,4518,301,1,109,1.1748826412756523e+19,GALAXY,1.000192,10435,58156,221
1.2376609634754895e+18,135.292387455035,34.3003284596826,23.93453,23.5582,21.98072,20.72619,19.78481,3606,301,6,83,1.1530454607404e+19,GALAXY,0.804338,10241,58157,413
1.2376609623975532e+18,126.608450603011,28.0312945199042,23.06776,22.01902,21.15445,20.1216,19.47764,3606,301,4,19,1.1998744856011e+19,GALAXY,0.6304163,10657,58157,107
1.2376607653724823e+18,125.276032980193,27.4811811872819,23.98259,23.52438,21.16991,20.0437,19.38397,3560,301,5,119,1.1998804229638871e+19,GALAXY,0.6285179,10657,58157,323
1.2376609634758825e+18,136.198379585001,34.6371812718862,26.16319,22.86415,21.23221,20.10745,19.37896,3606,301,6,89,1.1530412825962109e+19,GALAXY,0.5671249,10241,58157,261
1.237660765372482e+18,125.307255682537,27.4065568581102,21.62996,21.27273,20.90354,20.87185,21.13589,3560,301,5,119,1.199880615378422e+19,QSO,1.139395,10657,58157,330
1.2376609629388805e+18,136.031580647231,34.2444278149139,20.97285,20.73685,20.6793,20.59048,20.32918,3606,301,5,87,1.1530421072299315e+19,QSO,0.8063292,10241,58157,291
1.2376648804868426e+18,141.913878411949,30.5005465280966,23.27329,23.0462,22.23022,21.55937,22.76081,4518,301,6,101,1.175330499851114e+19,GALAXY,0.9726432,10439,58157,130
1.2376603433911588e+18,125.87858731163,28.7538032738606,22.09333,21.75518,21.60338,21.22513,21.79436,3462,301,3,107,1.1998938919813272e+19,GALAXY,0.1264197,10657,58157,813
1.2376609629389455e+18,136.424488658159,34.2525884578128,22.2262,21.64484,21.45105,21.02675,20.91127,3606,301,5,88,1.153039908206676e+19,QSO,1.743149,10241,58157,211
1.2376609623976842e+18,126.934215926755,28.2182773612436,20.96416,20.76784,20.44072,20.41184,20.46621,3606,301,4,21,1.199873496040632e+19,QSO,1.313572,10657,58157,71
1.237660765373465e+18,127.24094737225,28.8418714610031,24.10807,24.86756,21.74194,20.31773,19.43035,3560,301,5,134,1.1998988947592335e+19,GALAXY,0.8141714,10657,58157,995
1.2376603433906342e+18,124.788690747516,28.0376905244433,19.50138,19.33327,19.15767,19.13321,18.68526,3462,301,3,99,1.1998833641574914e+19,QSO,0.3413612,10657,58157,430
1.237660962939142e+18,136.729284073175,34.6027547648273,17.80698,16.77212,16.41809,16.28634,16.23856,3606,301,5,91,1.1530389736217924e+19,STAR,-0.0004064985,10241,58157,177
1.237660961860813e+18,127.243059647539,27.8688250177409,19.7431,19.29619,19.29264,18.94152,18.75217,3606,301,3,21,1.1998716543586556e+19,QSO,0.4296978,10657,58157,4
1.23766138223349e+18,141.03181499793,32.4840833285163,22.53511,22.50595,21.66425,21.07718,20.53915,3704,301,2,63,1.1753462778429725e+19,GALAXY,0.7677128,10439,58157,704
1.237660765372744e+18,125.860339346707,27.7906352509444,20.64579,20.6847,20.39624,20.2576,20.14194,3560,301,5,123,1.1998785263063292e+19,QSO,1.235873,10657,58157,254
1.2376609634764723e+18,137.51948889999,35.4877521260602,22.67906,21.27281,20.01479,19.45405,19.05649,3606,301,6,98,1.153060963854348e+19,GALAXY,0.355272,10241,58157,977
1.237660764836397e+18,127.080995394878,28.163348625961,19.948,19.64595,19.64794,19.39022,19.51588,3560,301,4,131,1.1998724789923764e+19,QSO,1.582253,10657,58157,34
1.237660765372941e+18,126.27840316622,28.0906728685265,23.96796,22.502,20.90387,20.25239,19.67853,3560,301,5,126,1.1998755301371435e+19,STAR,-0.0001025572,10657,58157,145
1.2376606370689843e+18,155.744577312403,44.7400895583022,21.29465,20.97602,20.82836,20.75456,20.86795,3530,301,6,251,9.409299589964782e+18,QSO,2.231907,8357,58157,560
1.2376607653724168e+18,125.179289921511,27.3106812892623,25.01312,24.3335,21.7083,20.70576,19.98016,3560,301,5,118,1.1998815774511e+19,GALAXY,0.7745566,10657,58157,365
1.2376648804870395e+18,142.414198395091,30.7289727501286,22.73766,22.9243,21.84703,21.50453,21.13486,4518,301,6,104,1.1753285482179744e+19,GALAXY,0.8708599,10439,58157,59
1.2376609629388805e+18,136.078002457942,34.2044368021346,21.69821,21.67882,21.49691,21.44722,20.87427,3606,301,5,87,1.1530408702793505e+19,QSO,1.259423,10241,58157,246
1.2376613816968156e+18,141.594500873555,32.4476901532529,22.98904,22.18697,22.12598,21.35833,21.08451,3704,301,1,66,1.1753485593296e+19,GALAXY,0.8641129,10439,58157,787
1.2376607653728097e+18,125.948138080811,27.8002936589371,20.09759,19.82175,19.71198,19.54543,19.49518,3560,301,5,124,1.1998774817702828e+19,QSO,0.6695353,10657,58157,216
1.2376609629347515e+18,127.028894659726,28.7773642803425,21.27777,21.04219,21.2611,21.01295,21.72073,3606,301,5,24,1.1998982625400476e+19,QSO,1.691972,10657,58157,972
1.2376646684301071e+18,142.169523750278,31.5764297126452,23.45328,22.44771,21.71095,21.21355,20.04899,4469,301,3,212,1.1753290979737885e+19,GALAXY,0.9154592,10439,58157,79
1.2376603433956155e+18,135.286661293668,34.8983137747107,24.17678,23.44178,21.81808,20.60556,19.93464,3462,301,3,175,1.153044856009e+19,GALAXY,0.6836162,10241,58157,391
1.2376613559248492e+18,156.595889104217,42.7008362754775,26.05167,23.20568,21.40027,19.83632,19.04711,3698,301,1,33,9.409257808522926e+18,STAR,0.0001691985,8357,58157,408
1.2376609629344896e+18,126.37744254932,28.5464406921787,21.66484,21.53539,21.26388,21.11563,21.15582,3606,301,5,20,1.1998961734679548e+19,QSO,1.122289,10657,58157,896
1.2376609629388805e+18,136.111733828794,34.2332118343335,20.59521,20.52432,20.44593,20.18775,20.08776,3606,301,5,87,1.1530410077183e+19,QSO,1.732272,10241,58157,251
1.237664669503718e+18,141.470416500155,32.0442205535448,24.81909,22.49369,21.93193,21.45635,21.7074,4469,301,5,210,1.1753479545982e+19,GALAXY,0.7664371,10439,58157,765
1.237660962934752e+18,126.982530859102,28.8845642205515,25.44992,23.61489,21.75817,20.51358,19.8444,3606,301,5,24,1.1998980701255127e+19,GALAXY,0.6543357,10657,58157,965
1.2376613822333588e+18,140.591571975255,32.4858898567133,23.09753,22.9745,22.49125,21.88111,21.5383,3704,301,2,61,1.1753429518203e+19,GALAXY,0.8307385,10439,58157,583
1.237660961860813e+18,127.159818977259,28.0019904870866,21.12892,21.05067,20.81789,20.56336,20.67922,3606,301,3,21,1.1998722041144697e+19,QSO,1.488714,10657,58157,24
1.2376609618608136e+18,127.190247936676,27.8547400788577,23.04312,22.90519,21.5251,20.39441,19.72723,3606,301,3,21,1.1998721216511e+19,GALAXY,0.6112437,10657,58157,21
1.2376609634758828e+18,136.274946958621,34.7276098888702,25.46836,22.8837,21.4305,20.23773,19.5346,3606,301,6,89,1.1530440038874896e+19,GALAXY,0.0,10241,58157,360
1.237660962934424e+18,126.320101467179,28.3618356588084,22.27089,22.00561,21.15915,20.15236,19.48505,3606,301,5,19,1.199875750039469e+19,GALAXY,0.7382416,10657,58157,153
1.2376603433955497e+18,135.265364870876,34.7065640173518,24.36992,23.94542,21.73467,20.73494,19.96358,3462,301,3,174,1.153045845569466e+19,GALAXY,0.6854556,10241,58157,427
1.237660962934817e+18,127.071008462968,28.9461627959338,19.94835,19.82451,19.70333,19.39686,19.2479,3606,301,5,25,1.1998982075644664e+19,QSO,1.614976,10657,58157,970
1.2376613816966193e+18,141.181667897038,32.1423538470599,23.19452,23.06427,22.38325,22.11715,21.14108,3704,301,1,63,1.1753463603063443e+19,GALAXY,0.7162959,10439,58157,707
1.237661355925504e+18,158.584492321551,43.18928867302,19.85793,19.66761,19.62565,19.54383,19.67199,3698,301,1,43,9.409169572714795e+18,QSO,1.918186,8357,58157,87
1.2376607653726129e+18,125.519599549365,27.5607914924159,20.10623,20.10771,19.92759,19.92361,20.18726,3560,301,5,121,1.1998795983301665e+19,QSO,1.249252,10657,58157,293
1.237660765372482e+18,125.310219577772,27.4942624646348,22.16303,21.43977,20.56065,20.12101,19.80244,3560,301,5,119,1.199880780305166e+19,GALAXY,0.5215291,10657,58157,336
1.237661355925635e+18,158.990718972534,43.2877910232652,21.50542,21.33524,21.11235,20.6911,20.37808,3698,301,1,45,9.409161876133405e+18,QSO,1.784124,8357,58157,59
1.237660765372744e+18,125.934857604729,27.7333072623984,21.63658,21.71534,21.63876,21.50006,20.9633,3560,301,5,123,1.1998775642336549e+19,QSO,1.907687,10657,58157,219
1.2376609618606167e+18,126.748800646922,27.6841740524373,21.02932,20.60024,19.88908,19.55711,19.22288,3606,301,3,18,1.1998742382109809e+19,QSO,0.4111803,10657,58157,98
1.2376609618605514e+18,126.734314257082,27.5012039546557,24.22568,23.71872,21.85054,20.62731,19.94733,3606,301,3,17,1.1998739358452832e+19,STAR,0.0002279849,10657,58157,87
1.2376603433912243e+18,125.930705345831,28.7732957904141,21.64714,21.49708,21.12995,21.06894,20.79362,3462,301,3,108,1.199893919469118e+19,QSO,0.9088166,10657,58157,814
1.237660765372679e+18,125.650328017242,27.7299370274131,21.42106,20.77887,20.64205,20.74926,20.4813,3560,301,5,122,1.1998792959644686e+19,QSO,2.563855,10657,58157,282
1.23766096293449e+18,126.453788819297,28.4693332449081,22.3039,22.1239,21.9948,21.71568,21.33924,3606,301,5,20,1.199874842942376e+19,QSO,1.966182,10657,58157,120
1.2376648804865807e+18,141.268880196936,30.2066144942069,23.79128,22.34601,23.16841,21.97356,21.79171,4518,301,6,97,1.1753335509958808e+19,GALAXY,1.171741,10439,58157,241
1.23766096293462e+18,126.725807847606,28.7854010846525,21.48686,21.3884,21.40367,21.17644,21.90417,3606,301,5,22,1.1998971355406293e+19,QSO,2.016788,10657,58157,931
1.2376609629392737e+18,137.089390708965,34.6384362486448,22.08244,22.38375,21.48721,20.44039,19.76316,3606,301,5,93,1.1530374343055137e+19,GALAXY,0.8308055,10241,58157,121
1.2376603433916173e+18,126.726615649383,29.4603666185185,21.57698,21.40521,21.29623,20.85212,20.63683,3462,301,3,114,1.1998974928819083e+19,QSO,1.832241,10657,58157,944
1.2376609623978808e+18,127.339730141531,28.4136139372141,24.53998,23.89741,21.49496,20.35769,19.5569,3606,301,4,24,1.1998720116999346e+19,GALAXY,0.8213177,10657,58157,17
1.2376640939780997e+18,141.3289424284,31.9445997748377,23.57119,23.21981,22.68514,21.629,22.44256,4335,301,5,210,1.1753480370615767e+19,GALAXY,1.28922,10439,58157,768
1.2376609629392737e+18,137.121021003483,34.6347939980928,21.88574,21.16027,20.91688,20.94652,20.40508,3606,301,5,93,1.1530357300624906e+19,QSO,2.528349,10241,58157,59
1.237664880486909e+18,141.983592434981,30.5432002587134,22.44357,22.84599,23.37762,21.93923,22.25228,4518,301,6,102,1.1753304173877416e+19,GALAXY,0.8574654,10439,58157,127
1.2376646695032591e+18,140.453024515784,31.6801514671043,22.12246,21.98856,21.77273,21.14274,20.99246,4469,301,5,203,1.1753427594057636e+19,GALAXY,0.8140713,10439,58157,576
1.237664880487105e+18,142.535958471146,30.7036600762582,23.33365,23.36536,23.77847,23.47867,22.61872,4518,301,6,105,1.175328520730184e+19,GALAXY,0.8632656,10439,58157,58
1.23766096293947e+18,137.497462197706,34.9952818873236,21.28971,21.19596,20.83833,20.85446,20.41997,3606,301,5,96,1.1530359774526069e+19,QSO,1.110745,10241,58157,68
1.2376648804865805e+18,141.163577173149,30.2416573439744,22.48568,22.79023,22.38241,21.60785,21.3952,4518,301,6,97,1.1753352277511131e+19,GALAXY,0.7831985,10439,58157,302
1.2376607653733996e+18,127.176085893918,28.6401219900656,21.85862,21.69272,21.57508,21.26961,21.04903,3560,301,5,133,1.1998989497348151e+19,GALAXY,0.9637747,10657,58157,997
1.2376609629341617e+18,125.790197847411,28.0326247850472,24.87539,24.99679,21.5743,20.37982,19.60735,3606,301,5,15,1.1998777291604e+19,GALAXY,0.6888011,10657,58157,225
1.2376609618605512e+18,126.615438413905,27.5236812507438,23.93005,22.78087,21.58413,20.57011,19.86451,3606,301,3,17,1.1998741007720272e+19,GALAXY,0.6935804,10657,58157,93
1.2376640939785587e+18,142.45323650683,32.4060029130551,24.79226,24.52288,23.7377,21.77354,22.0684,4335,301,5,217,1.1753530123516924e+19,GALAXY,0.8219662,10439,58157,949
1.2376607653774628e+18,136.078059106366,33.916920746422,25.46512,24.0759,21.69858,20.52817,19.73722,3560,301,5,195,1.1530418323520248e+19,GALAXY,0.4816137,10241,58157,281
1.237664880486974e+18,142.206029723801,30.5674421160686,23.23395,22.94966,22.47669,21.62514,22.64319,4518,301,6,103,1.1753293728517e+19,GALAXY,0.9603223,10439,58157,89
1.2376603433908964e+18,125.254970430698,28.3218070013194,20.16967,20.08836,19.9678,19.6646,19.6497,3462,301,3,103,1.1998813025731891e+19,QSO,1.73551,10657,58157,355
1.2376607653732027e+18,126.689916364841,28.4633951750172,19.49815,19.45735,19.18386,19.21205,19.33575,3560,301,5,130,1.199874678015632e+19,QSO,1.162591,10657,58157,114
1.2376613822332936e+18,140.571655937387,32.3444098099284,23.35978,22.90781,22.52753,21.8696,21.59732,3704,301,2,60,1.1753430617714612e+19,GALAXY,1.003332,10439,58157,587
1.2376609629341617e+18,125.712760812077,28.0912225433112,22.12338,21.03526,20.87142,20.79328,21.25799,3606,301,5,15,1.1998777841359804e+19,STAR,0.0002054686,10657,58157,227
1.2376609629346204e+18,126.807107190521,28.6617975536479,22.2958,22.14278,21.91584,21.55087,21.64467,3606,301,5,22,1.1998973829307455e+19,QSO,1.314313,10657,58157,940
1.2376646695037834e+18,141.667777274332,32.162447934184,23.28529,22.36333,21.75548,21.01576,20.78737,4469,301,5,211,1.1753486967685536e+19,GALAXY,0.6807668,10439,58157,792
1.237660635987837e+18,136.418378205442,36.1526785230781,20.66654,22.21825,24.8026,21.43702,22.82647,3530,301,4,138,1.1530560710276e+19,STAR,0.0003084856,10241,58157,799
1.237660343396139e+18,136.569226857105,35.5468004011509,19.64987,19.50538,19.46229,19.37659,19.19369,3462,301,3,183,1.1530564833444649e+19,QSO,0.8445857,10241,58157,814
1.2376603433907653e+18,125.082154227891,28.192196797299,22.43554,20.25968,19.4234,19.12638,18.9184,3462,301,3,101,1.199882402084817e+19,STAR,0.0002595343,10657,58157,395
1.2376609623972905e+18,126.079016156637,27.7008611255809,25.46216,24.94082,21.43895,20.37714,19.55541,3606,301,4,15,1.1998773443313291e+19,GALAXY,0.6192009,10657,58157,211
1.2376581921467927e+18,123.69333824109,29.920677880503,25.25862,22.45341,20.96329,20.20515,19.96313,2961,301,4,67,1.2004406516277072e+19,GALAXY,0.0,10662,58158,224
1.237664869215634e+18,148.335487200007,31.0445638607299,22.04701,21.79012,22.05594,21.6189,20.60465,4516,301,1,148,1.1763463111579e+19,QSO,6.469741,10448,58158,221
1.237658192147514e+18,125.198791632632,31.0857472646131,20.90151,21.00039,20.65654,20.60088,20.89948,2961,301,4,78,1.2004580788870076e+19,QSO,1.340868,10662,58158,858
1.237664879951151e+18,144.826100550256,31.2741848944939,24.77759,22.83188,22.58444,21.16812,21.61427,4518,301,5,119,1.1760142036707334e+19,GALAXY,0.779136,10445,58158,427
1.2376648804879567e+18,144.590307770418,31.461826906778,23.91338,22.70875,22.20059,21.36847,20.87833,4518,301,6,118,1.1760156330358495e+19,GALAXY,0.902133,10445,58158,479
1.237658192147186e+18,124.559245861078,30.5807685556268,22.59935,22.10216,20.96974,21.76283,22.10596,2961,301,4,73,1.200442603260847e+19,GALAXY,0.2505805,10662,58158,295
1.2376551073090767e+18,205.877734021336,57.5711346581334,20.71774,20.63771,20.63763,20.42859,20.3473,2243,301,2,411,9.234861520479082e+18,QSO,1.672098,8202,58158,838
1.2376672121286167e+18,155.447165859117,27.1388381320889,22.78496,22.31447,21.52801,21.35434,20.24823,5061,301,5,275,1.1771328742886234e+19,GALAXY,1.409876,10455,58158,164
1.2376672099823132e+18,158.686611839898,26.2481480774912,22.70038,22.63978,21.92497,21.98929,22.13848,5061,301,1,293,1.1779320268274815e+19,GALAXY,0.8606285,10462,58158,565
1.237655106772206e+18,205.622050128007,57.1747498517464,24.48742,23.19679,21.98051,20.37694,19.35362,2243,301,1,411,9.2348543736535e+18,STAR,-0.0001773137,8202,58158,812
1.2376609613283336e+18,137.148415356948,33.2232867376519,23.76544,22.96392,21.37168,19.95245,19.43756,3606,301,2,88,1.152942931282784e+19,STAR,0.0001747896,10240,58158,779
1.237664877804848e+18,148.592195887851,30.7564437128416,22.27161,21.87852,21.44882,20.68118,20.39198,4518,301,1,137,1.176345156670694e+19,GALAXY,0.8205472,10448,58158,179
1.2376581991231657e+18,126.007663801077,30.352832934581,21.02057,20.78827,20.39044,20.2515,20.21547,2963,301,1,22,1.2004347692405e+19,QSO,1.051646,10662,58158,10
1.2376581921467927e+18,123.627627211583,29.9897150792979,22.30441,20.86442,20.54394,20.37193,20.324,2961,301,4,67,1.2004462866248e+19,STAR,0.0003075627,10662,58158,429
1.2376581921474483e+18,124.961521530983,30.9638396457089,22.48101,21.83078,21.59507,21.20762,20.61756,2961,301,4,77,1.200456869424217e+19,QSO,2.179532,10662,58158,814
1.237661387601937e+18,202.674509332932,56.6239821295432,21.95151,21.73113,20.90112,19.80893,19.68638,3705,301,4,59,9.23476806199072e+18,GALAXY,0.7096423,8202,58158,498
1.2376551067716165e+18,203.381925849634,57.5072101567762,23.65168,21.69348,20.50734,20.03479,19.65457,2243,301,1,402,9.234796099537228e+18,STAR,-0.0001898039,8202,58158,600
1.237666216225538e+18,19.164345641829,32.8884839900178,27.43449,22.4357,22.89367,21.69485,16.8597,4829,301,6,160,8.697802042234919e+18,GALAXY,0.2398628,7725,58158,819
1.2376581921470548e+18,124.241269158868,30.2789165148076,20.26373,20.04779,19.99215,19.91347,19.75194,2961,301,4,71,1.2004446098695672e+19,QSO,1.880098,10662,58158,368
1.2376648804884155e+18,145.785250613087,31.9922801739718,22.16802,23.08583,22.31057,21.41678,20.68215,4518,301,6,125,1.176024594055616e+19,GALAXY,0.891665,10445,58158,805
1.2376581921475791e+18,125.41854099111,31.1330133815372,21.42389,21.02308,21.04519,20.99166,21.10719,2961,301,4,79,1.2004600854957283e+19,STAR,0.0006920226,10662,58158,931
1.237657627898021e+18,125.583782038776,31.8884514833863,25.14229,22.98766,21.88413,20.69868,19.98985,2830,301,1,106,1.2004606902271236e+19,GALAXY,0.6467937,10662,58158,953
1.237660961864614e+18,135.388498906645,32.9113802827401,21.90405,22.22916,21.94151,21.80358,21.99868,3606,301,3,79,1.1529352621891803e+19,QSO,1.593565,10240,58158,500
1.2376648804889403e+18,147.073581206535,32.4295601188103,23.89324,23.29038,22.62841,21.5492,21.35042,4518,301,6,133,1.1760285797852664e+19,GALAXY,0.7442674,10445,58158,950
1.2376674301017464e+18,159.72525832199,25.0889024866917,22.97044,22.47499,22.21699,21.53163,21.73816,5112,301,3,329,1.1779236980269e+19,GALAXY,0.8436242,10462,58158,262
1.2376613886763343e+18,205.70585934813,56.8603088020691,23.32533,23.86178,21.58508,20.4055,19.59039,3705,301,6,69,9.234867292915128e+18,GALAXY,0.7480944,8202,58158,859
1.2376583107980823e+18,204.347233896864,57.6138299737028,21.8799,21.37524,21.25935,20.88026,20.71843,2989,301,1,110,9.234805445386066e+18,QSO,1.599582,8202,58158,634
1.237664877804848e+18,148.529524488549,30.6010056707246,24.34978,23.38007,22.23026,21.35494,21.13853,4518,301,1,137,1.1763449367683684e+19,GALAXY,0.6972368,10448,58158,171
1.237660961865073e+18,136.607703309892,33.4228921262266,20.39761,20.30186,20.35441,20.11871,20.25082,3606,301,3,86,1.15293960526011e+19,QSO,1.768486,10240,58158,658
1.237661388139e+18,203.732471958077,56.8742480824243,25.5877,23.02894,21.64975,20.52157,19.76468,3705,301,5,62,9.234789227589556e+18,GALAXY,0.5951501,8202,58158,575
1.237664880489071e+18,147.350908209933,32.4711318008551,21.87153,23.01928,22.20317,21.56641,20.44078,4518,301,6,135,1.1763563442015066e+19,GALAXY,0.9132345,10448,58158,586
1.23766487780452e+18,147.787389086653,30.3428668144001,25.53206,23.98155,22.16299,21.70179,21.30178,4518,301,1,132,1.1763492523515077e+19,GALAXY,0.8640645,10448,58158,328
1.2376581991227067e+18,125.163222205474,29.5817422529307,21.63251,21.14445,20.8764,20.55445,20.35808,2963,301,1,15,1.2004381777265449e+19,QSO,1.168583,10662,58158,134
1.2376648804888087e+18,146.750610165371,32.2092342083661,24.26465,22.58618,22.53369,21.94564,21.9515,4518,301,6,131,1.176355409616623e+19,GALAXY,0.9294116,10448,58158,552
1.2376581921478415e+18,125.943915140188,31.5189260512701,20.19406,20.45362,20.12156,19.84097,19.84386,2961,301,4,83,1.200461459885263e+19,QSO,1.782568,10662,58158,981
1.2376593244047944e+18,205.993225284168,57.2617166714292,26.82768,22.75615,21.86673,20.62256,19.70107,3225,301,1,25,9.234862894868615e+18,GALAXY,0.8114973,8202,58158,843
1.237659324404794e+18,205.93039446334,57.1789582402677,22.96121,21.63189,20.85384,20.65677,20.24146,3225,301,1,25,9.234866468281407e+18,STAR,-0.000551953,8202,58158,856
1.2376648692160276e+18,149.296456082602,30.9110323780909,23.53178,22.72297,22.35151,21.6586,21.08431,4516,301,1,154,1.1763417206968572e+19,GALAXY,0.8731295,10448,58158,54
1.2376672121285514e+18,155.249848704788,27.2168756877918,24.89331,22.88124,22.17694,21.93464,21.46078,5061,301,5,274,1.1771283937787402e+19,GALAXY,0.0,10455,58158,1
1.2376648799512172e+18,145.155278904713,31.2645419550823,21.97341,21.25766,21.89866,21.5234,23.10174,4518,301,5,120,1.17601208711085e+19,GALAXY,0.7528014,10445,58158,350
1.237664879951152e+18,144.855506034582,31.2856445423321,25.10174,23.06618,22.557,21.52077,20.81181,4518,301,5,119,1.1760131041591056e+19,GALAXY,1.017365,10445,58158,387
1.2376648799510863e+18,144.839434791066,31.1962458935922,21.74668,22.23314,21.68136,20.96259,20.15859,4518,301,5,118,1.1760132415980591e+19,GALAXY,0.9159158,10445,58158,392
1.2376672110563172e+18,159.255577333049,27.1550600001896,22.90831,22.43005,21.69,20.92201,20.40005,5061,301,3,297,1.1779347481187604e+19,GALAXY,0.8692582,10462,58158,664
1.2376672105195113e+18,159.489273530947,26.7091820716122,22.23478,21.64489,21.23444,20.81312,20.17931,5061,301,2,298,1.1779361774838764e+19,GALAXY,0.6567911,10462,58158,716
1.2376576278978245e+18,125.009852645773,31.5963455223958,24.7474,24.40847,21.89247,20.86251,19.91192,2830,301,1,103,1.2004574466678217e+19,GALAXY,0.9269277,10662,58158,835
1.23765819214771e+18,125.555496097605,31.3091036814784,18.32017,17.33578,17.01535,16.89901,16.8794,2961,301,4,81,1.2004601404713095e+19,STAR,-5.269622e-06,10662,58158,933
1.2376648692113743e+18,137.08214758353,33.0272516541586,24.21908,22.62679,21.918,20.74062,19.79796,4516,301,1,83,1.1529291324118557e+19,QSO,0.8044552,10240,58158,277
1.2376672110565133e+18,159.664001746091,27.1279314280735,22.01019,22.2237,21.5778,21.06754,20.3426,5061,301,3,300,1.177936919654225e+19,GALAXY,0.9043752,10462,58158,743
1.2376609629389455e+18,136.203169645496,34.3075956343638,20.67347,20.65457,20.25225,20.23633,20.00639,3606,301,5,88,1.1529375986513891e+19,QSO,1.298171,10240,58158,585
1.2376551073086835e+18,204.39055146968,57.7020428710701,21.10901,20.92924,20.68528,20.70475,20.58745,2243,301,2,405,9.234816440502344e+18,QSO,1.109964,8202,58158,674
1.2376648804888745e+18,146.888153543124,32.4476044858758,23.3264,22.2039,21.51248,20.67552,20.21621,4518,301,6,132,1.1763552446898788e+19,GALAXY,0.7816942,10448,58158,546
1.2376662151514688e+18,19.9073952530611,32.1075954010203,22.05195,20.25196,19.55333,19.22075,19.10099,4829,301,4,155,8.69759780795006e+18,STAR,-0.0002690003,7725,58158,76
1.23766096293888e+18,136.031190128102,34.2122923086406,18.75261,17.83884,17.44536,17.27513,17.24632,3606,301,5,87,1.1529364991397616e+19,STAR,-0.0001318325,10240,58158,545
1.2376648778049134e+18,148.689502460575,30.8254223287017,24.17565,21.96748,20.96755,20.66689,20.54585,4518,301,1,138,1.1763451016951126e+19,GALAXY,0.7132154,10448,58158,177
1.237661387065394e+18,203.837859929065,56.0246037633853,24.67814,23.62825,22.1846,20.60468,19.79329,3705,301,3,64,9.234745247124443e+18,GALAXY,0.9710462,8202,58158,415
1.2376593244049244e+18,206.629991498657,57.2376105776219,23.07535,21.00326,20.29789,19.62826,21.18786,3225,301,1,27,9.234887084124428e+18,STAR,-7.390197e-05,8202,58158,931
1.2376672099831654e+18,160.816497501084,26.6796826874981,22.85699,23.10035,22.06268,22.11979,20.52648,5061,301,1,306,1.1779426096269e+19,GALAXY,0.6949766,10462,58158,950
1.237666216225539e+18,19.1268610056881,32.9621249448679,22.21314,21.7397,21.74856,21.40139,22.19882,4829,301,6,160,8.697789672729107e+18,QSO,1.921671,7725,58158,774
1.2376648692157652e+18,148.730943837555,30.9600879161393,23.4744,22.54935,22.09986,21.48467,20.95246,4516,301,1,150,1.1763441396224385e+19,GALAXY,0.9654226,10448,58158,142
1.237667212128748e+18,155.776123773743,27.188713906183,23.9187,22.50135,22.12732,21.61508,21.28996,5061,301,5,277,1.1771318022647863e+19,GALAXY,0.7827838,10455,58158,125
1.2376672121286167e+18,155.424314401674,27.2391688356065,24.99932,22.92875,21.71371,21.14018,21.4845,5061,301,5,275,1.177132956752e+19,GALAXY,0.5629144,10455,58158,167
1.2376593249414024e+18,205.070743176777,57.9268810524087,24.60783,24.90674,22.16883,20.53087,19.84314,3225,301,2,21,9.234835956833737e+18,GALAXY,0.7637116,8202,58158,745
1.237658192147186e+18,124.587878631098,30.578603431916,19.39561,18.20392,18.14815,18.10892,18.06564,2961,301,4,73,1.200442548285265e+19,STAR,0.0002324861,10662,58158,293
1.2376674301022052e+18,160.87814910961,25.2800968150165,23.83226,22.9423,22.14406,21.43538,21.24784,5112,301,3,336,1.1779182829321343e+19,GALAXY,0.8160626,10462,58158,65
1.237667430101746e+18,159.671815976905,24.9976494093641,23.48254,22.58543,22.33842,21.59659,20.89858,5112,301,3,329,1.1779246326117847e+19,GALAXY,0.8767741,10462,58158,296
1.2376581991232312e+18,126.145961502358,30.4506290258383,22.3565,22.11536,21.58095,21.39255,21.01645,2963,301,1,23,1.200434576825964e+19,QSO,1.510533,10662,58158,3
1.2376648692156344e+18,148.376344673873,31.2051669889508,24.94769,23.07625,22.78933,21.90509,21.16364,4516,301,1,148,1.1763463386456938e+19,GALAXY,0.8087926,10448,58158,222
1.2376648799510213e+18,144.707021423861,31.0284208035081,25.11841,23.17071,22.64043,21.88074,20.4893,4518,301,5,117,1.1760141761829427e+19,GALAXY,0.9047816,10445,58158,426
1.2376648799512177e+18,145.11447644721,31.2172137385971,22.65357,22.84001,22.73978,21.64177,21.43453,4518,301,5,120,1.176012004647478e+19,GALAXY,0.7437216,10445,58158,347
1.2376648692155684e+18,148.14949130946,31.167889984711,22.06101,21.68082,21.41693,20.39481,20.00363,4516,301,1,147,1.176347575596275e+19,GALAXY,0.8729143,10448,58158,267
1.237658199122838e+18,125.307051852064,29.8717035215762,20.86403,20.46072,20.33126,20.19389,20.28449,2963,301,1,17,1.2004381227509635e+19,QSO,1.49302,10662,58158,132
1.237664869211178e+18,136.57606102561,33.0669253450211,23.261,22.84549,21.77325,20.5664,19.78806,4516,301,1,80,1.1529313864106924e+19,GALAXY,0.8201554,10240,58158,359
1.2376648804880225e+18,144.811484309757,31.5427668207491,22.5875,22.3657,21.67757,20.95945,20.71174,4518,301,6,119,1.176019371375384e+19,GALAXY,0.8074245,10445,58158,615
1.237667210519184e+18,158.587547317474,26.6778585673463,23.94351,23.18886,22.89582,21.55117,21.83433,5061,301,2,293,1.1779316694862e+19,GALAXY,0.7646297,10462,58158,552
1.237660962938684e+18,135.795552887832,33.9431355010915,23.38401,22.73469,21.56789,20.4806,19.7816,3606,301,5,84,1.15293682899325e+19,STAR,0.0001763475,10240,58158,557
1.2376576278969723e+18,123.487308634013,30.3363596418753,24.28141,23.48534,21.49356,20.47224,19.81301,2830,301,1,90,1.2004467814050322e+19,GALAXY,0.5279471,10662,58158,447
1.2376581991232307e+18,125.981052914828,30.4048893198599,19.71857,19.57334,19.33963,19.30501,19.38907,2963,301,1,23,1.200435373971894e+19,QSO,1.089834,10662,58158,32
1.237661417672934e+18,202.72984312704,56.362997296758,24.0646,22.79148,21.64676,20.39004,19.52077,3712,301,4,154,9.234768336868628e+18,GALAXY,0.7427786,8202,58158,499
1.2376672121282235e+18,154.391966674488,27.0112212782111,23.356,22.7081,22.16387,21.6996,21.411,5061,301,5,269,1.1771372173595531e+19,GALAXY,0.8333528,10455,58158,322
1.237664879951021e+18,144.5744392061,31.0000531143704,24.66349,22.64882,22.08934,21.43744,20.71632,4518,301,5,117,1.1760151932312e+19,GALAXY,0.97289,10445,58158,463
1.2376614182104604e+18,205.616827509867,56.3364450982517,24.99865,23.6283,21.18031,20.18294,19.27239,3712,301,5,164,9.234669930577945e+18,GALAXY,0.773028,8202,58158,141
1.237664869218321e+18,155.132767646545,29.3533265932516,23.09732,22.55738,22.29142,21.71878,20.98136,4516,301,1,189,1.1771500266700167e+19,GALAXY,0.9331913,10455,58158,788
1.2376648799514798e+18,145.747074014426,31.5596278217439,22.65039,22.68802,21.8908,21.35569,22.19069,4518,301,5,124,1.1760250063724763e+19,GALAXY,0.7487408,10445,58158,820
1.2376648692153715e+18,147.680793731931,31.2493422378584,22.06641,21.75577,21.63846,21.16713,20.65664,4516,301,1,144,1.1763498845706934e+19,QSO,0.7604883,10448,58158,351
1.237664880488154e+18,145.178711629081,31.6863325307025,23.33242,22.65163,21.93776,20.75591,20.13973,4518,301,6,121,1.1760215429108488e+19,GALAXY,0.7764589,10445,58158,694
1.2376648692153715e+18,147.710912526721,31.247285361918,22.21481,21.995,22.01499,21.38157,22.07995,4516,301,1,144,1.1763498021073211e+19,GALAXY,0.9787748,10448,58158,348
1.2376648799513485e+18,145.531531454847,31.3451742691075,22.40533,22.70392,22.45128,21.74148,21.55868,4518,301,5,122,1.17601010798992e+19,GALAXY,0.7871415,10445,58158,278
1.2376613876020677e+18,203.290594479782,56.4659078349013,20.66258,19.70239,19.59268,19.45129,19.22235,3705,301,4,61,9.234761464920957e+18,QSO,2.382502,8202,58158,474
1.237667212128486e+18,155.138237377296,27.0323762565109,23.77129,22.5031,21.87651,20.97851,20.573,5061,301,5,273,1.1771339188246696e+19,GALAXY,0.8908558,10455,58158,202
1.2376648799511516e+18,144.997380753445,31.1370260955601,23.81076,22.78065,22.6168,22.51735,21.35181,4518,301,5,119,1.1760131316469e+19,GALAXY,0.9015565,10445,58158,388
1.237658192147121e+18,124.392824418112,30.3823722223611,23.68688,22.31571,21.73807,21.07406,20.5858,2961,301,4,72,1.2004434278945675e+19,QSO,1.672832,10662,58158,325
1.2376648804889395e+18,146.960623198275,32.4463676329708,22.85828,22.99834,22.34736,21.83436,21.68293,4518,301,6,133,1.1763556295189484e+19,GALAXY,0.7529105,10448,58158,560
1.237680311772448e+18,17.2634575145427,32.4601354443065,21.84344,24.95034,22.67421,21.28147,19.33921,8111,301,5,177,8.697721777886091e+18,GALAXY,1.175866,7725,58158,527
1.2376609629389455e+18,136.340185005302,34.2039744748786,20.81903,20.50633,20.31795,20.00967,19.90646,3606,301,5,88,1.1529387256508078e+19,QSO,1.841849,10240,58158,626
1.2376648804880228e+18,144.777283421461,31.7163224107758,23.23046,22.82871,21.86405,21.37995,20.61978,4518,301,6,119,1.1760183268393376e+19,GALAXY,0.8903877,10445,58158,577
1.237659324404466e+18,204.749670835547,57.588809182053,20.80496,18.98629,18.12717,17.67311,17.37651,3225,301,1,20,9.23482743561862e+18,STAR,0.0001102334,8202,58158,714
1.237664877804717e+18,148.317024661639,30.6535668037812,25.85804,23.18763,22.09266,21.84018,22.26532,4518,301,1,135,1.1763471632794149e+19,QSO,0.7986778,10448,58158,252
1.237664880488416e+18,145.757640738363,31.8695462978253,18.8541,31.60224,17.28707,16.9323,16.35421,4518,301,6,125,1.1760246490312e+19,GALAXY,0.7679752,10445,58158,807
1.23766725454155e+18,156.176711955832,27.1123908228755,23.49935,22.46256,22.07681,21.42604,21.05241,5071,301,4,277,1.1771295482659492e+19,GALAXY,0.7858163,10455,58158,43
1.2376609613281367e+18,136.616269542082,32.8957714272237,22.40418,25.86097,22.93793,21.53362,19.9547,3606,301,2,85,1.1529311665083668e+19,STAR,0.0001930904,10240,58158,351
1.237666216225736e+18,19.2374256483461,33.371057474539,25.92848,21.90568,21.44003,21.47395,21.33893,4829,301,6,163,8.697798468822128e+18,QSO,3.073542,7725,58158,806
1.23766141821046e+18,205.520154342231,56.3922153133218,24.01065,22.62105,21.39484,20.36776,19.68964,3712,301,5,164,9.23468257496166e+18,GALAXY,0.6045955,8202,58158,187
1.237667254541419e+18,155.832840940376,27.124425055179,22.57599,22.60527,22.42003,21.65014,21.76567,5071,301,4,275,1.1771316923136236e+19,GALAXY,0.8233426,10455,58158,121
1.2376609618653358e+18,137.153291866531,33.6665677524837,23.70202,24.83748,23.28892,20.91142,19.22176,3606,301,3,90,1.1529424914781327e+19,STAR,7.423561e-05,10240,58158,763
1.2376648778047823e+18,148.41298223496,30.69634368002,25.72195,22.88839,21.6345,21.35815,20.58569,4518,301,1,136,1.1763462836701125e+19,GALAXY,0.8825802,10448,58158,220
1.237664877805241e+18,149.627621206393,30.9468359405152,24.70823,22.82066,22.22057,21.61333,20.88502,4518,301,1,143,1.1763404012829e+19,GALAXY,0.997622,10448,58158,6
1.23766725507829e+18,155.75445858072,27.4887793657227,23.21898,24.67381,22.78239,21.63114,21.38191,5071,301,5,275,1.1771322145816467e+19,GALAXY,0.6774495,10455,58158,140
1.237664880488153e+18,145.057669425688,31.6322384589513,23.36883,22.73361,22.46091,21.50953,20.71135,4518,301,6,121,1.1760205808381743e+19,GALAXY,0.8633488,10445,58158,659
1.237658192146727e+18,123.512867769263,29.901469267809,21.85381,22.3319,21.77428,20.45382,19.26439,2961,301,4,66,1.2004463965759623e+19,QSO,0.5944265,10662,58158,433
1.2376609613285957e+18,137.659725236313,33.6308286191078,24.14328,21.97367,21.7486,21.97361,21.12333,3606,301,2,92,1.1529458449886e+19,QSO,2.538757,10240,58158,885
1.237658192147907e+18,125.981511636028,31.5953466298971,21.93752,20.89781,21.20877,21.01936,20.59884,2961,301,4,84,1.2004615973242163e+19,QSO,2.36018,10662,58158,986
1.2376640929058e+18,145.394677805403,32.4502875964487,23.75101,24.88216,22.1161,21.86728,22.6268,4335,301,3,232,1.1760219827155e+19,GALAXY,0.8614337,10445,58158,710
1.237664879951021e+18,144.613176242995,31.1335853460741,23.54742,22.85954,21.97736,21.75748,21.20317,4518,301,5,117,1.176015330670152e+19,GALAXY,0.2452259,10445,58158,468
1.2376609618656627e+18,137.931771484368,34.0197875127324,21.8893,21.73354,21.20328,21.13552,20.98297,3606,301,3,95,1.152946807061272e+19,QSO,1.088708,10240,58158,920
1.2376581921475791e+18,125.284318936208,31.1047021520727,20.16609,19.93768,19.71748,19.64285,19.7407,2961,301,4,79,1.200459123423054e+19,QSO,1.08396,10662,58158,896
1.2376593244045972e+18,204.997114338288,57.3768720893873,24.08147,23.01238,21.36886,20.38493,19.73696,3225,301,1,22,9.23482935976397e+18,GALAXY,0.576591,8202,58158,721
1.2376648692154373e+18,147.81670410285,31.2321186380666,23.30457,22.58722,21.88626,21.34143,20.35014,4516,301,1,145,1.1763487575712748e+19,GALAXY,1.047429,10448,58158,310
1.2376648804878917e+18,144.434025023436,31.4486126047011,24.80062,22.10675,21.52617,20.7565,20.59563,4518,301,6,117,1.1760160728405e+19,GALAXY,0.9255969,10445,58158,495
1.237664880488088e+18,144.9849467512,31.6575932179185,22.37811,22.66531,21.75694,21.24266,20.91977,4518,301,6,120,1.1760204159114303e+19,GALAXY,0.7735433,10445,58158,653
1.2376609629388805e+18,136.04769767084,34.2400536714547,21.11674,21.02466,20.63446,20.67745,20.47988,3606,301,5,87,1.1529365266275525e+19,QSO,1.024719,10240,58158,546
1.2376648804878917e+18,144.430099962534,31.4670688772029,23.78321,23.08331,23.02189,21.68473,22.50964,4518,301,6,117,1.1760172548155e+19,GALAXY,0.78234,10445,58158,538
1.2376648799510203e+18,144.515185073702,31.1139630335713,23.00851,22.65649,22.50306,22.07332,21.45145,4518,301,5,117,1.1760153031823612e+19,GALAXY,0.8325583,10445,58158,467
1.2376648804887434e+18,146.54534149537,32.1940290380427,21.67248,22.36466,21.40671,20.85465,20.19514,4518,301,6,130,1.1760275627370109e+19,GALAXY,1.008727,10445,58158,913
1.2376581921473828e+18,124.867519938441,30.85074064298,22.72261,22.21787,21.30905,20.64861,20.40247,2961,301,4,76,1.20045697937538e+19,QSO,1.253595,10662,58158,818
1.237661418210526e+18,205.796055252608,56.2349679291531,26.25278,23.77775,21.78536,20.72209,19.90234,3712,301,5,165,9.234671579845384e+18,GALAXY,0.7251451,8202,58158,147
1.237655106771879e+18,204.407931330259,57.411001050256,24.09712,22.96457,21.60622,20.53389,20.18669,2243,301,1,406,9.234807919287228e+18,STAR,-9.552835e-05,8202,58158,643
1.2376607648407227e+18,136.677744397228,33.7104796028072,24.95119,23.63185,21.54479,20.40633,19.71862,3560,301,4,197,1.1529401825037146e+19,GALAXY,0.6578497,10240,58158,679
1.2376581921474488e+18,124.983773440148,30.9117117211791,24.24708,24.47457,22.04968,20.68973,19.90834,2961,301,4,77,1.2004569518875892e+19,GALAXY,0.8899532,10662,58158,817
1.2376648692153715e+18,147.747148346318,31.247722174117,22.21872,22.70183,21.94537,21.12688,20.64108,4516,301,1,144,1.176349829595112e+19,GALAXY,0.867775,10448,58158,349
1.2376803112358382e+18,17.9529250313531,31.9354355425355,21.8687,21.66479,21.63461,21.50777,20.94201,8111,301,4,181,8.69769676399656e+18,QSO,2.638355,7725,58158,436
1.2376613876028544e+18,206.320194368726,55.9948633759663,22.77516,21.51421,21.43261,21.45399,21.02991,3705,301,4,73,9.234657286194223e+18,QSO,2.448153,8202,58158,95
1.237661387602265e+18,204.024846817488,56.2651428690729,23.06654,22.52921,21.2586,20.22449,19.34496,3705,301,4,64,9.23473755054305e+18,GALAXY,0.8707378,8202,58158,387
1.237664880488416e+18,145.793252784818,31.9745816976089,26.14889,22.49751,21.78518,21.35181,20.76776,4518,301,6,125,1.1760245390800343e+19,GALAXY,0.9809139,10445,58158,803
1.237664869214782e+18,146.227684025648,31.653733798846,22.40545,22.08806,21.81851,20.88167,21.08468,4516,301,1,135,1.1760271504201505e+19,GALAXY,0.9882838,10445,58158,898
1.2376613870655252e+18,204.197719139847,55.8184297788864,23.5001,23.73005,22.07697,20.6727,19.74375,3705,301,3,66,9.234742223467469e+18,GALAXY,0.8721499,8202,58158,404
1.237667209982247e+18,158.594356480593,26.1426384773439,18.15396,17.23699,16.91828,16.76634,16.73904,5061,301,1,292,1.177932081803063e+19,STAR,0.0004179987,10462,58158,567
1.237664877805307e+18,149.695006826315,30.9558620837525,22.57664,22.64817,21.80055,21.44726,20.78956,4518,301,1,144,1.176340291331741e+19,GALAXY,0.3069153,10448,58158,2
1.237664880488088e+18,144.963096875927,31.6666949519399,22.50212,22.45338,22.1645,21.07872,21.36905,4518,301,6,120,1.1760204708870115e+19,GALAXY,0.7994953,10445,58158,655
1.2376614182103296e+18,205.119676248653,56.4221740823156,24.94471,23.60627,21.28576,20.07801,19.38865,3712,301,5,162,9.23470676421747e+18,GALAXY,0.6058345,8202,58158,275
1.2376582050587617e+18,219.590258882661,44.7977996035545,23.64876,22.86274,21.71893,20.59012,19.90591,2964,301,4,480,9.565908803578518e+18,GALAXY,0.6129065,8496,58159,957
1.2376642958331745e+18,202.612505070844,39.4887622403123,25.92012,22.43274,21.73104,21.45763,21.32267,4382,301,5,82,9.958841273996829e+18,GALAXY,1.701155,8845,58159,933
1.2376651274626662e+18,164.508463252574,32.4260899836303,24.39302,23.49747,22.329,21.78448,21.86369,4576,301,2,333,1.1798476234748617e+19,GALAXY,0.7935753,10479,58159,622
1.2376607659155791e+18,138.768914894933,35.8179209597679,22.6423,24.81923,21.22896,20.08044,19.04429,3560,301,6,214,1.1532781174041893e+19,GALAXY,0.7967003,10243,58159,685
1.2376609629399944e+18,138.74053075949,35.5214773707247,20.85106,20.45773,19.93498,19.73613,19.61087,3606,301,5,104,1.1532782823309337e+19,QSO,1.210937,10243,58159,691
1.2376582045212347e+18,217.255755563218,45.0096834567816,21.31128,21.46422,21.26042,21.13714,21.22648,2964,301,3,470,9.56579527900295e+18,QSO,2.150941,8496,58159,544
1.2376642958328463e+18,201.808791087668,39.6140742151347,20.36024,20.33809,20.35383,20.09575,20.09336,4382,301,5,77,9.9588005920666e+18,QSO,1.793108,8845,58159,785
1.2376582034480832e+18,218.629863355028,43.7464481655311,24.44453,24.08942,21.70699,20.63611,19.85778,2964,301,1,479,9.565708142706448e+18,GALAXY,0.6374158,8496,58159,227
1.2376651274614218e+18,161.177870265557,31.8669573903304,23.51216,23.88366,22.90048,22.21589,22.14581,4576,301,2,314,1.1790636716842572e+19,QSO,0.9126633,10472,58159,774
1.237661362377e+18,218.483523819194,42.9126027137687,17.27766,16.39733,16.16889,16.10516,16.11458,3699,301,5,181,9.565713090508771e+18,STAR,-0.0001441977,8496,58159,245
1.23766096294006e+18,138.897486589785,35.5595628248855,22.77769,22.53425,21.34336,19.96502,19.30029,3606,301,5,105,1.1532793268669798e+19,GALAXY,0.862935,10243,58159,729
1.237665126924551e+18,161.262611210731,31.4855257592564,23.97105,23.21292,22.07628,21.33685,21.57233,4576,301,1,314,1.1790649361226291e+19,GALAXY,0.7065849,10472,58159,820
1.2376609629397975e+18,138.221122171995,35.329142733308,21.00609,20.79667,20.5457,20.38984,20.24761,3606,301,5,101,1.1532752311861664e+19,QSO,1.455765,10243,58159,580
1.237660765916038e+18,139.943851239349,36.4132273187772,26.43685,23.45579,21.73183,20.5707,19.93214,3560,301,6,221,1.1532841097425609e+19,GALAXY,0.7022096,10243,58159,903
1.237661362377e+18,218.549915092922,42.8635814872125,21.66138,20.80436,19.87066,19.18032,19.01385,3699,301,5,181,9.56571364026459e+18,QSO,0.5433447,8496,58159,247
1.2376613623768023e+18,217.890003472555,43.0643494829176,19.94453,19.92063,19.63252,19.60825,19.61425,3699,301,5,178,9.565747175369234e+18,QSO,1.351173,8496,58159,369
1.2376582045218245e+18,219.144005948044,44.5129771172961,21.92067,21.68287,21.51957,21.2614,21.04858,2964,301,3,479,9.565878292130849e+18,QSO,0.9603308,8496,58159,846
1.237660962940322e+18,139.616987517737,35.8776752825954,21.97481,21.67689,21.60278,21.54169,21.65693,3606,301,5,109,1.1532813059879098e+19,QSO,1.309881,10243,58159,801
1.2376607653788388e+18,139.496968918903,35.536949295134,20.40323,20.09653,19.81611,19.56478,19.23278,3560,301,5,216,1.153281498402445e+19,GALAXY,0.0,10243,58159,808
1.2376612120452795e+18,219.442925187648,45.1150853765139,23.6943,21.50653,20.38275,19.74936,19.32712,3664,301,5,61,9.565894784805263e+18,STAR,-4.759068e-05,8496,58159,906
1.237662224610296e+18,202.427258592824,38.4518095604706,22.13317,21.83426,21.67454,21.07951,21.09895,3900,301,3,465,9.958620272159646e+18,QSO,1.555566,8845,58159,129
1.2376607653787077e+18,139.129435098442,35.3883681599044,21.97267,22.31815,21.56112,21.64114,21.95021,3560,301,5,214,1.1532805913053516e+19,QSO,1.468845,10243,58159,775
1.237662224610493e+18,202.901278423303,38.1793745163515,20.99125,20.95028,20.7154,20.73259,20.5947,3900,301,3,468,9.958597457293367e+18,QSO,1.321272,8845,58159,46
1.237664295832912e+18,201.872914736913,39.5088292186425,21.9254,21.1123,20.74524,20.66821,20.55567,4382,301,5,78,9.958801691578229e+18,STAR,0.0003898616,8845,58159,789
1.2376609613292503e+18,139.183937141881,34.2543451099334,24.05097,21.89452,20.41269,19.40524,18.74489,3606,301,2,102,1.1532655005082604e+19,STAR,8.380014e-05,10243,58159,226
1.2376612120453455e+18,219.686428688549,45.1059229386918,24.67862,25.39842,21.29903,20.11178,19.30244,3664,301,5,62,9.565908253822704e+18,GALAXY,0.8444766,8496,58159,955
1.2376609624031895e+18,139.231619657526,35.3075717745724,22.50891,22.60806,21.90982,20.67165,19.76639,3606,301,4,105,1.153282652889654e+19,GALAXY,0.0,10243,58159,850
1.2376651279980956e+18,160.46269035841,32.2604861995178,25.5947,22.40438,22.00618,21.48395,21.08752,4576,301,3,311,1.1790596584668156e+19,GALAXY,0.7962774,10472,58159,628
1.237661362376409e+18,216.749707628838,43.4095028685878,23.88485,21.56513,20.0736,18.66438,17.92829,3699,301,5,172,9.565777961694812e+18,STAR,-9.690251e-05,8496,58159,481
1.237660961865925e+18,138.560880192984,34.346015075111,26.85114,25.22877,22.00284,20.40241,19.45888,3606,301,3,99,1.1532689914576787e+19,GALAXY,0.7464103,10243,58159,353
1.2376609613292508e+18,139.270152922359,34.2632291327866,25.20692,21.99953,20.50038,19.62802,19.27402,3606,301,2,102,1.153265555483842e+19,STAR,-9.6158e-05,10243,58159,228
1.2376642958329124e+18,201.98354241264,39.5747768904319,22.21133,22.08881,21.83475,21.69488,21.32098,4382,301,5,78,9.958812961572411e+18,QSO,1.088904,8845,58159,830
1.2376609634767995e+18,138.415640711852,35.878748134478,24.36519,22.78508,21.75813,20.60377,19.75536,3606,301,6,103,1.1532767430146544e+19,GALAXY,0.536445,10243,58159,635
1.2376582045217587e+18,218.899917058175,44.5650778067032,22.05589,21.73744,21.67398,21.54754,21.84727,2964,301,3,478,9.565876917741312e+18,QSO,5.827251,8496,58159,841
1.2376622240734907e+18,202.438094355645,37.8442625948922,21.6946,20.81866,20.13207,19.59411,19.38098,3900,301,2,466,9.958618348014295e+18,QSO,0.5018028,8845,58159,122
1.2376582045219553e+18,219.539722825007,44.4601359254759,20.43383,20.34324,20.44563,20.30379,20.21403,2964,301,3,481,9.565900832119216e+18,QSO,2.020435,8496,58159,928
1.237664295832913e+18,201.950528324738,39.4095403247766,24.29672,23.2936,21.87086,20.6557,19.9455,4382,301,5,78,9.958812686694504e+18,GALAXY,0.8103857,8845,58159,829
1.2376607648418368e+18,139.388332289759,35.0513262543218,19.31936,19.1025,19.0994,18.90497,19.00351,3560,301,4,214,1.1532667649466325e+19,QSO,1.574868,10243,58159,272
1.237662305111442e+18,202.373676296108,39.9850375843614,21.90356,21.58083,21.21584,20.68117,20.57676,3919,301,1,15,9.958819833520085e+18,GALAXY,0.793344,8845,58159,855
1.237658203448018e+18,218.476264520523,43.7935979373531,24.4241,24.78186,22.21474,21.0875,19.63424,2964,301,1,478,9.56572078709017e+18,GALAXY,0.8701758,8496,58159,273
1.2376623051111795e+18,201.530402841557,40.0559289193478,20.94698,20.82244,20.87194,20.68127,20.55394,3919,301,1,11,9.958776677688697e+18,QSO,1.641301,8845,58159,698
1.237658204522021e+18,219.589279500431,44.3741602481139,21.08742,20.85568,20.77194,20.68121,20.77323,2964,301,3,482,9.56591292674712e+18,QSO,1.69775,8496,58159,972
1.2376603433967296e+18,137.930787115305,36.3455886907696,25.64708,23.60357,21.57984,20.43122,19.51604,3462,301,3,192,1.1532742141379109e+19,GALAXY,0.6377915,10243,58159,543
1.237662305111311e+18,201.991280369095,40.1364589377744,23.6131,22.41701,22.16309,21.96003,22.64395,3919,301,1,13,9.958797293531718e+18,QSO,5.50503,8845,58159,773
1.2376609618663836e+18,139.65518366864,35.0247048811593,20.9139,20.83564,20.63367,20.55839,20.45721,3606,301,3,106,1.1532650607036094e+19,QSO,1.453919,10243,58159,210
1.2376651269221916e+18,155.14036484931,30.0652421789354,23.66223,23.28479,22.30352,21.82972,21.08663,4576,301,1,278,1.177592882467572e+19,GALAXY,0.780036,10459,58159,515
1.2376651269221916e+18,155.237387731399,30.0509563142776,22.93902,22.59031,21.89796,21.27534,20.74282,4576,301,1,278,1.1775927725164091e+19,GALAXY,0.7450027,10459,58159,511
1.2376609618665802e+18,140.04337304892,35.2376117260439,25.30457,25.57575,21.71407,20.48397,19.7429,3606,301,3,109,1.1532839997914e+19,GALAXY,0.8858466,10243,58159,899
1.237662305111376e+18,202.028458308925,39.9977172816966,20.37393,20.06497,20.09888,20.20307,20.54441,3919,301,1,14,9.958799217677064e+18,QSO,4.418085,8845,58159,780
1.2376642958328463e+18,201.772554204198,39.5840664712934,22.48589,21.93929,21.99511,21.89641,21.81044,4382,301,5,77,9.95880251621195e+18,QSO,2.468418,8845,58159,792
1.2376651274612247e+18,160.682919588831,31.8907254434664,22.6866,22.8785,22.49178,21.79754,22.07892,4576,301,2,311,1.1790604006371643e+19,GALAXY,0.8232802,10472,58159,655
1.237660764304442e+18,138.325910282955,33.9926328472828,21.90071,22.85709,21.33512,20.29603,19.55468,3560,301,3,206,1.153269761115818e+19,GALAXY,0.764652,10243,58159,381
1.2376651269248788e+18,162.195818931059,31.5720122011847,22.4558,22.54712,21.51315,20.71528,20.06447,4576,301,1,319,1.1790680147551869e+19,GALAXY,0.7948828,10472,58159,932
1.2376613629138708e+18,218.834782012008,43.3236346902167,24.99258,23.13733,21.21892,20.11971,19.4271,3699,301,6,181,9.5656943988111e+18,QSO,7.00387,8496,58159,177
1.2376653309172777e+18,161.321826936891,30.7405741279907,18.10947,17.17278,16.89233,16.77881,16.72841,4623,301,5,36,1.179048306009259e+19,STAR,4.275496e-05,10472,58159,215
1.2376651274615526e+18,161.47192427427,31.9787092202574,22.71833,22.09212,21.47614,20.64861,20.13938,4576,301,2,316,1.179065568341815e+19,GALAXY,0.7747798,10472,58159,843
1.2376582045216284e+18,218.533603867224,44.7099020891031,25.38994,22.37672,20.992,19.78939,19.19217,2964,301,3,476,9.565856851654103e+18,STAR,0.000145677,8496,58159,768
1.2376609629399288e+18,138.570322675269,35.4731592647934,21.21699,21.42007,20.74986,20.90204,20.67143,3606,301,5,103,1.1532773752338403e+19,QSO,1.333898,10243,58159,658
1.2376582034480832e+18,218.550013472858,43.7586028088774,24.21287,23.72714,21.77643,20.77461,19.92881,2964,301,1,479,9.56570979197389e+18,GALAXY,0.6394413,8496,58159,233
1.237661362376606e+18,217.429057679122,43.1103532390446,21.80128,21.92406,21.5733,21.53399,21.54917,3699,301,5,175,9.56575844536342e+18,QSO,1.450151,8496,58159,410
1.237660343396926e+18,138.500714134877,36.5382781695149,22.88101,23.55669,21.18124,20.12795,19.32082,3462,301,3,195,1.153276523112329e+19,GALAXY,0.6785801,10243,58159,627
1.237658204521628e+18,218.497044647387,44.6900136370568,21.30324,20.81594,20.67829,20.38862,20.39729,2964,301,3,476,9.56585740140992e+18,QSO,1.637433,8496,58159,770
1.23765820452189e+18,219.30402507763,44.5380740428335,21.53912,21.43169,21.41882,21.09228,20.72729,2964,301,3,480,9.565890111880843e+18,QSO,1.757586,8496,58159,889
1.2376609634764718e+18,137.512256359727,35.4899898658075,24.22556,21.517,19.84435,19.22956,18.9283,3606,301,6,98,1.153273554430934e+19,GALAXY,0.3493664,10243,58159,519
1.237665127460832e+18,159.703380029707,31.5965621618908,23.50261,22.7457,22.31262,22.07222,21.27524,4576,301,2,305,1.179056497370886e+19,GALAXY,1.183105,10472,58159,513
1.2376612120456077e+18,220.343441790614,44.7569307265408,23.28931,24.01602,21.58445,20.30452,19.48506,3664,301,5,66,9.565915400648284e+18,GALAXY,0.770781,8496,58159,981
1.237661362376737e+18,217.720430261236,43.153801235212,22.39365,22.01107,21.79888,21.46488,20.71529,3699,301,5,177,9.565746900491327e+18,QSO,0.8151774,8496,58159,368
1.2376609624032543e+18,139.335167452981,35.4309382756268,21.06745,20.87983,20.57945,20.49534,20.61759,3606,301,4,106,1.153280673768724e+19,QSO,1.095029,10243,58159,778
1.237665127996523e+18,156.456687034409,31.2350042039021,21.94692,21.82318,21.20636,20.78133,19.91442,4576,301,3,287,1.1775991221960595e+19,GALAXY,0.9202622,10459,58159,742
1.237664295832388e+18,200.337772429241,39.806228533156,25.01369,23.0815,22.01852,20.605,19.88499,4382,301,5,70,9.958734346491023e+18,STAR,-0.0001490302,8845,58159,544
1.2376609629397325e+18,138.224534309492,35.2707575251208,21.2285,21.25284,21.3135,21.19394,20.83208,3606,301,5,100,1.1532719051634924e+19,QSO,2.106708,10243,58159,459
1.2376612120454108e+18,219.878421048291,44.8346954965353,21.65219,21.11476,20.86968,21.0192,20.88154,3664,301,5,63,9.565907704066888e+18,GALAXY,0.7658768,8496,58159,953
1.2376609629401257e+18,139.128745759895,35.7958753427184,21.74012,21.66699,21.50053,21.25636,21.4066,3606,301,5,106,1.1532802339640728e+19,QSO,0.9280689,10243,58159,762
1.2376651269221253e+18,155.082681193613,30.121903636715,18.71571,18.5687,18.3554,18.38811,18.2716,4576,301,1,277,1.1775926075896648e+19,QSO,0.9871436,10459,58159,505
1.2376623051113103e+18,201.87591076827,40.0662263651198,22.15342,21.054,20.67622,20.4703,20.45869,3919,301,1,13,9.958798393043343e+18,STAR,-0.0005866841,8845,58159,777
1.2376582045223488e+18,220.459415601129,43.974724720151,22.27805,22.04901,21.7408,21.61767,21.38358,2964,301,3,487,9.565649868590176e+18,QSO,1.016058,8496,58159,15
1.2376582045220872e+18,219.908091442462,44.2426856381233,22.32338,21.86093,21.54944,21.26919,20.88545,2964,301,3,483,9.565917324793633e+18,QSO,1.816227,8496,58159,988
1.23766512853477e+18,159.859455000654,32.3865605911523,22.78939,22.73878,22.47913,21.62118,21.5158,4576,301,4,308,1.1790573220046068e+19,GALAXY,1.008496,10472,58159,543
1.23766121204528e+18,219.363186642205,45.0535559459377,23.67725,23.23425,21.63722,20.62573,19.92597,3664,301,5,61,9.565893960171545e+18,GALAXY,0.6367743,8496,58159,903
1.2376651274599145e+18,157.298896625506,31.1414307740736,23.58578,22.41797,21.9426,21.71865,21.29523,4576,301,2,291,1.1776036027059427e+19,GALAXY,0.7541019,10459,58159,905
1.2376609618665802e+18,140.137387988798,35.2791338209297,21.95693,22.24044,21.88624,21.61599,21.12047,3606,301,3,109,1.1532850718152348e+19,QSO,0.9812924,10243,58159,938
1.237660962940453e+18,140.030444970579,36.0075513451546,23.58592,22.76299,21.48228,20.21074,19.6077,3606,301,5,111,1.153284522059421e+19,STAR,0.0001446037,10243,58159,918
1.237665330917212e+18,161.177798475498,30.7493752736266,18.13914,17.1557,16.85313,16.75371,16.72375,4623,301,5,35,1.1790495429598405e+19,STAR,-8.51832e-05,10472,58159,260
1.237665126922716e+18,156.506335401013,30.4026623550717,22.56297,22.36077,21.38442,20.69825,20.02031,4576,301,1,286,1.1775985999280364e+19,GALAXY,0.8040255,10459,58159,723
1.237665127459521e+18,156.286216922275,30.8199644778601,24.25479,22.85066,22.04233,21.48656,21.87933,4576,301,2,285,1.1775972255385e+19,GALAXY,0.746191,10459,58159,673
1.2376609624033856e+18,139.774021658827,35.4154447943258,25.87207,24.94184,21.36064,20.15579,19.48397,3606,301,4,108,1.1532826803774444e+19,GALAXY,0.7721352,10243,58159,851
1.237660962939929e+18,138.581224351351,35.4975840348772,24.92743,23.11399,21.59795,20.43491,19.72083,3606,301,5,103,1.1532771828193057e+19,GALAXY,0.6593438,10243,58159,651
1.2376609618665152e+18,140.000938204365,35.1356534339117,22.45986,22.18894,21.86081,21.96863,21.48888,3606,301,3,108,1.1532636313384931e+19,QSO,2.287884,10243,58159,158
1.2376609629397975e+18,138.359124492307,35.2654498501171,22.01045,20.93938,20.71693,20.87383,20.84903,3606,301,5,101,1.1532708331396553e+19,QSO,2.905001,10243,58159,420
1.2376607659157102e+18,139.148922769786,36.0667855674622,23.71806,22.72038,21.32783,20.05647,19.295,3560,301,6,216,1.153280041549538e+19,GALAXY,0.7067366,10243,58159,755
1.237660962940453e+18,139.956159347235,36.0770260485889,22.72036,22.1488,21.99069,22.10442,21.60855,3606,301,5,111,1.153283477523375e+19,QSO,2.225218,10243,58159,880
1.2376613623770647e+18,218.6979090224,42.8371030742322,21.34748,21.08198,21.25321,21.6756,22.28579,3699,301,5,182,9.565700995880868e+18,GALAXY,0.07088458,8496,58159,201
1.237661211508409e+18,219.161542335683,44.6626697910011,26.11041,23.67039,21.8357,20.33249,19.43687,3664,301,4,61,9.56588791285759e+18,GALAXY,0.8583224,8496,58159,881
1.2376622246105582e+18,203.091463024472,38.1803085915707,20.49625,20.28803,20.18875,19.86797,19.85752,3900,301,3,469,9.958599106560809e+18,QSO,1.640458,8845,58159,52
1.2376622246097062e+18,200.572695533665,38.6747989455999,21.2555,21.08849,20.97834,20.77301,20.56856,3900,301,3,456,9.958701086264283e+18,QSO,0.7664136,8845,58159,423
1.2376642958327153e+18,201.232046489556,39.5798450005571,19.78377,19.72561,19.68225,19.46064,19.39157,4382,301,5,75,9.958770080618928e+18,QSO,1.950449,8845,58159,674
1.237660961866449e+18,139.764888030424,35.0434173230737,17.88544,17.62443,17.32187,16.96349,16.91584,3606,301,3,107,1.1532649507524469e+19,QSO,0.2115932,10243,58159,206
1.2376642958325194e+18,200.806461319524,39.7550581960533,24.22571,22.30938,21.01166,19.60756,18.8438,4382,301,5,72,9.958756611601488e+18,STAR,-1.907855e-05,8845,58159,625
1.2376609634770624e+18,139.042612220361,36.1282915382956,24.19393,23.09121,21.81322,20.56372,19.84121,3606,301,6,107,1.1532788320867471e+19,GALAXY,0.8366644,10243,58159,711
1.2376609629399944e+18,138.750028540959,35.4996586745918,20.43463,20.28482,20.18904,19.83368,19.76715,3606,301,5,104,1.1532784747454683e+19,QSO,1.841133,10243,58159,698
1.237661362913608e+18,217.960921593365,43.5549015635694,21.07641,21.22776,21.22791,20.96708,20.98171,3699,301,6,177,9.56573947878784e+18,QSO,1.957455,8496,58159,341
1.2376609629399288e+18,138.648369923243,35.5072111855733,21.90383,21.83043,21.74949,21.50209,21.21214,3606,301,5,103,1.1532783647943055e+19,QSO,1.895837,10243,58159,694
1.23766096294006e+18,138.813621103609,35.6677554414116,21.37842,21.31943,21.06068,20.64354,20.48872,3606,301,5,105,1.1532781723797709e+19,QSO,1.781222,10243,58159,687
1.2376651274610286e+18,160.146143764168,31.7312384392813,23.58182,22.76309,22.89177,22.4886,21.11702,4576,301,2,308,1.1790580916627462e+19,GALAXY,1.199502,10472,58159,571
1.2376609629401912e+18,139.271132971519,35.7760673347427,21.80521,21.6081,21.6942,21.42231,21.09005,3606,301,5,107,1.1532804538664e+19,QSO,1.755012,10243,58159,770
1.237665330918e+18,163.263324745066,31.1169259901168,18.76743,17.76215,17.43825,17.28641,17.24055,4623,301,5,47,1.1798442149888152e+19,STAR,0.001074037,10479,58159,498
1.23766096294006e+18,138.84630186498,35.610746974917,19.96534,19.66264,19.53851,19.20605,19.19435,3606,301,5,105,1.1532793543547703e+19,QSO,1.642937,10243,58159,730
1.2376609634771937e+18,139.282314468255,36.2175870176191,24.77899,22.6921,21.18625,20.18292,19.51882,3606,301,6,109,1.1532797666716307e+19,GALAXY,0.656157,10243,58159,745
1.237660961329906e+18,140.804621117984,35.0157398613602,24.83632,23.67016,21.63371,20.54181,19.88766,3606,301,2,112,1.15325953565768e+19,GALAXY,0.5712382,10243,58159,9
1.2376609618667768e+18,140.644415731951,35.4568665981724,21.5163,21.43667,21.06717,21.14982,20.35391,3606,301,3,112,1.1532865561559325e+19,QSO,0.7729887,10243,58159,992
1.2376622246103616e+18,202.536577153627,38.4044332896093,21.57632,21.86136,21.50853,21.47052,20.79023,3900,301,3,466,9.958609277043364e+18,QSO,1.13228,8845,58159,89
1.23766096294065e+18,140.280665922494,36.3074550765729,22.75498,24.62944,22.16268,20.76742,19.95061,3606,301,5,114,1.1532852642297698e+19,GALAXY,0.7116922,10243,58159,945
1.2376582039851502e+18,219.401712107169,43.9385507644707,22.08957,20.1097,18.93197,18.45073,18.05663,2964,301,2,482,9.565666086386684e+18,GALAXY,0.1813908,8496,58159,74
1.2376607653782497e+18,138.025051530629,34.9573358006732,24.06017,23.01317,21.0208,19.93977,19.23487,3560,301,5,207,1.1532722350169809e+19,GALAXY,0.6329017,10243,58159,471
1.237660962940322e+18,139.496262110004,35.9780210988262,21.43397,21.09902,21.00443,20.38218,20.32328,3606,301,5,109,1.153282268060584e+19,QSO,0.581058,10243,58159,836
1.2376582045217595e+18,219.003022359114,44.6352902328722,22.66917,21.93806,22.03652,21.51343,21.40412,2964,301,3,478,9.56587719261922e+18,QSO,2.395924,8496,58159,842
1.2376609629403876e+18,139.761325701862,35.9802428375352,21.97331,21.92278,21.68052,21.38227,21.22676,3606,301,5,110,1.153283367572212e+19,QSO,1.724234,10243,58159,876
1.2376607648424266e+18,140.7407693312,35.7465049526362,21.98269,21.14411,20.89177,20.80555,21.40524,3560,301,4,223,1.1532863912291883e+19,STAR,0.0003785235,10243,58159,986
1.2376651269324152e+18,182.436894324945,33.8068413266909,26.18462,25.22229,21.61403,20.34136,19.67402,4576,301,1,434,1.1534877942749616e+19,GALAXY,0.7967141,10245,58161,121
1.2376582034488696e+18,220.85471979315,43.0273000410898,24.20067,23.41602,21.65517,20.40735,19.72661,2964,301,1,491,9.566991272809615e+18,GALAXY,0.635047,8497,58161,799
1.2376650254413335e+18,183.346384571932,35.3955788095719,21.27194,21.16446,20.85413,20.82098,21.17507,4552,301,4,91,1.153511681165075e+19,QSO,0.9843696,10245,58161,990
1.237665025441071e+18,182.540723346554,35.1967119639069,20.6287,20.25529,19.98376,19.78039,20.00052,4552,301,4,87,1.153506376021471e+19,QSO,1.416947,10245,58161,797
1.237664817676485e+18,181.829239212,36.5742754361146,24.28073,23.18158,21.71924,20.64749,19.93739,4504,301,1,155,1.1535065959238e+19,QSO,1.49484,10245,58161,805
1.2376611374175355e+18,139.758765045205,32.2201315268748,18.69464,17.75894,17.51354,17.39805,17.37502,3647,301,2,20,1.1531534602767456e+19,STAR,0.0007706971,10242,58161,246
1.237665025440416e+18,180.76189339448,35.2054972613422,21.00783,20.78212,20.84279,20.42208,20.5495,4552,301,4,77,1.1534997514639137e+19,QSO,1.925419,10245,58161,556
1.2376582034487383e+18,220.474201603247,43.0486483303032,25.07183,23.08965,21.37441,20.33232,19.62011,2964,301,1,489,9.566976979158456e+18,GALAXY,0.6737517,8497,58161,747
1.2376651285423729e+18,180.629770190362,35.0408664421981,26.62619,25.71871,22.42591,20.9345,19.68548,4576,301,4,424,1.1534975799284488e+19,QSO,1.155034,10245,58161,477
1.2376650254402191e+18,180.132862434864,35.3178240423082,20.31884,20.00746,19.96938,19.81903,19.69147,4552,301,4,74,1.153499091756937e+19,QSO,1.997782,10245,58161,532
1.2376613623781133e+18,221.68615100036,41.860392702183,22.09491,22.10841,21.63405,21.62886,21.31431,3699,301,5,198,9.566790611937548e+18,QSO,1.34653,8497,58161,69
1.2376650254406126e+18,181.218907727707,35.2243931344631,21.79423,21.38708,21.17512,20.8861,21.52993,4552,301,4,80,1.1535009059511228e+19,QSO,1.46838,10245,58161,598
1.2376650254412024e+18,182.926528812247,35.2407882099961,21.84729,21.87247,21.72118,21.4909,21.67242,4552,301,4,89,1.1535086575081e+19,QSO,1.555367,10245,58161,880
1.2376650265146824e+18,182.099934482268,36.1254252840256,22.38861,20.99645,20.38506,19.97798,19.76404,4552,301,6,85,1.1535077778988e+19,QSO,1.553289,10245,58161,848
1.2376650254403505e+18,180.546875430628,35.2900258853089,20.25311,20.24697,20.04034,20.05963,20.35702,4552,301,4,76,1.153498651952286e+19,QSO,1.22974,10245,58161,516
1.2376650254410058e+18,182.291439550044,35.2215545971402,21.21337,20.88134,20.33823,19.99851,19.67203,4552,301,4,86,1.1535048092174e+19,QSO,2.065718,10245,58161,740
1.2376675390869348e+18,164.054171680261,24.3934886135732,23.57979,22.17153,21.42781,20.71994,19.9295,5137,301,6,335,1.1783791707237409e+19,GALAXY,0.9075407,10466,58161,448
1.2376651274601103e+18,157.746222867188,31.0488265753139,16.70498,16.71914,16.47837,15.95405,16.12518,4576,301,2,294,1.1776929930046364e+19,QSO,0.1783878,10460,58161,61
1.2376651269228467e+18,156.82393513145,30.540116474765,23.08112,23.09179,22.04895,21.42432,21.10787,4576,301,1,288,1.1776970337098684e+19,GALAXY,0.8031286,10460,58161,208
1.2376650254407437e+18,181.55978034776,35.171395937829,22.0132,20.89453,20.50562,20.37016,20.43546,4552,301,4,82,1.1535031049743784e+19,STAR,-0.0006208343,10245,58161,678
1.2376650254412027e+18,182.980310548991,35.2002385347106,21.89542,21.60826,21.26872,21.04419,20.94917,4552,301,4,89,1.1535090973127496e+19,QSO,1.535227,10245,58161,896
1.2376613623777198e+18,220.659564025148,42.15736096415,23.08597,22.16279,21.33343,20.248,19.5686,3699,301,5,192,9.566837341181729e+18,GALAXY,0.6580647,8497,58161,239
1.2376650254402847e+18,180.409105319178,35.1773806670853,21.12099,20.73639,20.5878,20.16507,19.94379,4552,301,4,75,1.153498459537751e+19,QSO,1.718234,10245,58161,509
1.237665025440678e+18,181.388752959845,35.3135596022583,20.41077,20.47452,20.25842,20.18089,19.9149,4552,301,4,81,1.1535017305848437e+19,QSO,1.164137,10245,58161,628
1.2376613629143288e+18,220.093693536086,42.8323698276662,22.50999,21.86804,21.75146,21.52412,20.98665,3699,301,6,188,9.566950316001485e+18,QSO,2.295544,8497,58161,650
1.237661362377393e+18,219.679849935316,42.3950210857006,23.28695,22.05865,21.47757,21.34634,21.40495,3699,301,5,187,9.566942069664274e+18,GALAXY,0.2114019,8497,58161,620
1.2376613618405875e+18,219.638054247458,41.923525885811,24.04623,23.38384,21.9834,20.77792,19.91774,3699,301,4,188,9.566890667495676e+18,GALAXY,0.6620609,8497,58161,433
1.2376613623779822e+18,221.249135062913,41.8737508957128,22.00407,21.84242,21.43292,21.58932,21.53514,3699,301,5,196,9.566812327292197e+18,QSO,1.013489,8497,58161,148
1.2376609618621896e+18,130.037952779262,29.8217978117719,24.96944,21.6979,21.20485,21.16116,20.87084,3606,301,3,42,1.200115031264175e+19,QSO,3.231246,10659,58161,666
1.237661362377917e+18,221.184684024381,42.0524652161007,21.27992,21.16731,21.17415,21.27206,20.71412,3699,301,5,195,9.566812602170106e+18,QSO,1.407276,8497,58161,149
1.2376650254410056e+18,182.34441889657,35.2565236338375,19.2657,18.31807,17.96754,17.83332,17.78435,4552,301,4,86,1.1535064035092615e+19,STAR,0.0003891567,10245,58161,798
1.237664869212423e+18,139.885178648895,32.8101465204371,22.59585,22.95485,21.57376,20.50586,19.79144,4516,301,1,99,1.153154477325e+19,GALAXY,0.6854138,10242,58161,283
1.2376613623773276e+18,219.476094401249,42.6258259833755,23.10011,22.86921,21.17234,19.99464,19.28712,3699,301,5,186,9.566926951379393e+18,GALAXY,0.5955178,8497,58161,565
1.23766138330756e+18,141.334019419602,33.6725390364007,25.12169,23.50263,21.39649,20.20401,19.46395,3704,301,4,68,1.153173114047092e+19,GALAXY,0.7116382,10242,58161,961
1.2376613629149844e+18,221.944190065192,42.1270750083373,22.95613,21.78761,21.14845,21.06851,21.44654,3699,301,6,198,9.56678209072243e+18,GALAXY,0.2611322,8497,58161,38
1.237665024367526e+18,183.045842745993,34.3614831602268,23.51329,22.1519,21.84727,21.924,23.1665,4552,301,2,90,1.1534858426418223e+19,STAR,0.0002843631,10245,58161,50
1.2376650243674606e+18,182.85819707687,34.3689746018881,21.45533,21.15972,20.92715,20.93034,21.15314,4552,301,2,89,1.1534869971290317e+19,QSO,1.005143,10245,58161,92
1.2376650254406129e+18,181.224951931999,35.2808305374382,22.35235,21.43577,21.35031,20.87617,20.40937,4552,301,4,80,1.1535007410243789e+19,QSO,0.7062758,10245,58161,592
1.2376650254408748e+18,182.058880330457,35.1777641114657,20.41449,20.31122,20.02559,20.06396,19.98899,4552,301,4,84,1.1534910378342636e+19,QSO,1.141659,10245,58161,239
1.237664869212685e+18,140.682952876484,32.5654164093467,23.67463,22.36559,21.11793,20.05495,19.4135,4516,301,1,103,1.15315046410756e+19,GALAXY,0.5188993,10242,58161,137
1.237665025440875e+18,181.967779882553,35.2844088375957,22.45676,21.76415,21.6745,21.07843,20.89833,4552,301,4,84,1.1535040945348432e+19,GALAXY,0.3900734,10245,58161,714
1.2376613618409152e+18,220.522199664552,41.6235729652893,22.83672,23.16753,21.20238,20.08039,19.09646,3699,301,4,193,9.566837890937545e+18,GALAXY,0.6737897,8497,58161,241
1.2376613629141985e+18,219.623443887027,42.8920610262529,23.13574,23.54333,22.22828,20.91501,19.92287,3699,301,6,186,9.566936297228229e+18,GALAXY,0.7916942,8497,58161,599
1.2376650254414643e+18,183.625684200901,35.392611957837,20.73803,20.54595,20.44651,20.15749,20.33219,4552,301,4,93,1.1535114612627497e+19,QSO,1.627058,10245,58161,982
1.2376613629140677e+18,219.413421085725,43.0732191725737,22.85739,22.57316,21.86714,20.46482,19.70925,3699,301,6,184,9.567036352786356e+18,GALAXY,0.0,8497,58161,963
1.237665025440547e+18,181.035100534793,35.3189644370223,21.93708,21.87654,21.30859,20.85524,20.54641,4552,301,4,79,1.1535014557069367e+19,QSO,1.475272,10245,58161,618
1.237661362915247e+18,222.533044153426,41.8919773303184,24.75119,22.87551,21.77705,20.63598,19.35363,3699,301,6,202,9.566774119263134e+18,GALAXY,1.60775,8497,58161,9
1.2376650243671327e+18,182.020509239798,34.3499468667989,23.02459,21.56615,21.95529,21.42722,20.07658,4552,301,2,84,1.1534914776389149e+19,GALAXY,0.3638683,10245,58161,255
1.237660961325253e+18,130.268369703508,29.3494682657612,21.50051,20.91688,20.2623,19.96368,19.65824,3606,301,2,41,1.2001162407269652e+19,GALAXY,0.3454956,10659,58161,710
1.2376613623773924e+18,219.637979039958,42.4640621217597,21.3892,20.98875,20.77142,20.80119,20.77629,3699,301,5,187,9.566940420396833e+18,QSO,1.039621,8497,58161,614
1.237665025441268e+18,182.998219460443,35.3199281012851,21.00237,20.77302,20.49904,20.33962,19.93796,4552,301,4,90,1.153509069824959e+19,GALAXY,0.8256341,10245,58161,895
1.237665025441071e+18,182.492134064994,35.3038381287688,21.00789,20.88575,20.69656,20.7159,20.53464,4552,301,4,87,1.1535062935581e+19,QSO,1.125251,10245,58161,794
1.237658203448935e+18,220.913836267606,42.9492712747577,25.10949,23.01557,21.56741,20.37166,19.72359,2964,301,1,492,9.567000618658454e+18,GALAXY,0.6547452,8497,58161,833
1.237661361841308e+18,221.663859528808,41.4259727940316,22.18999,21.95024,21.62597,21.41973,21.06248,3699,301,4,199,9.566786488768944e+18,GALAXY,0.7506813,8497,58161,54
1.2376613623775892e+18,220.134413011446,42.251423327085,25.27007,21.44944,21.38477,21.51024,21.26709,3699,301,5,190,9.566952240146831e+18,QSO,3.011431,8497,58161,657
1.2376582034492623e+18,221.909003312421,42.551456274292,22.99636,24.34206,21.80044,20.55059,19.91171,2964,301,1,497,9.567033604007289e+18,GALAXY,0.8784884,8497,58161,953
1.2376613623780485e+18,221.390185289992,41.8288747459019,25.06448,23.33539,21.83326,20.74605,19.96168,3699,301,5,197,9.566801607053826e+18,GALAXY,1.459283,8497,58161,109
1.2376651285333937e+18,156.265364214779,31.6353350252608,22.8867,22.61585,23.03641,21.55019,21.99405,4576,301,4,287,1.177710502727309e+19,GALAXY,0.872356,10460,58161,698
1.2376613618408494e+18,220.275373682269,41.7094960274572,26.16874,23.29113,21.42238,20.40188,19.54135,3699,301,4,192,9.566857132391029e+18,GALAXY,0.9412984,8497,58161,311
1.2376609618617308e+18,129.188194885214,29.0961953313919,26.23882,23.00707,21.61514,20.36107,19.59926,3606,301,3,35,1.2001120076072e+19,STAR,0.000184342,10659,58161,556
1.2376650243671327e+18,182.033388806334,34.3740937206854,20.73175,20.61361,20.27708,20.33022,19.99873,4552,301,2,84,1.1534903506395e+19,QSO,1.014652,10245,58161,214
1.2376674301039089e+18,164.995303719991,25.8771143543088,23.11203,22.54922,21.91154,20.96023,19.96875,5112,301,3,362,1.178386784841763e+19,GALAXY,0.8239133,10466,58161,725
1.2376613843805806e+18,139.175454681176,33.6012152990711,23.45412,22.92074,21.78928,20.69566,19.85631,3704,301,6,57,1.1531646478075582e+19,GALAXY,0.7909551,10242,58161,653
1.237665025441071e+18,182.543558715192,35.3159046573379,21.71662,20.51892,20.3335,20.29136,20.46447,4552,301,4,87,1.1535063485336803e+19,GALAXY,0.1327651,10245,58161,796
1.237658203985806e+18,221.366424926776,43.3106597823124,24.51157,22.94318,21.44998,20.10395,19.31281,2964,301,2,492,9.567011064018915e+18,GALAXY,0.7886507,8497,58161,871
1.2376648176763543e+18,181.508059675434,36.4528991799044,23.43473,24.84995,21.56321,20.30621,19.57127,4504,301,1,153,1.1535050016319363e+19,GALAXY,0.7265565,10245,58161,747
1.237664817676419e+18,181.761198477944,36.4231033391297,24.08924,23.6357,21.68125,20.57931,19.86634,4504,301,1,154,1.1535067058749592e+19,GALAXY,0.6165758,10245,58161,809
1.2376650254404165e+18,180.71037731538,35.2849700968542,22.06018,21.96818,21.57607,21.30513,21.74422,4552,301,4,77,1.1534994216104251e+19,QSO,0.7569501,10245,58161,544
1.2376651274695475e+18,183.254910580942,34.1703958810777,23.96575,21.48054,20.13837,19.56204,19.2593,4576,301,2,438,1.153485595251706e+19,GALAXY,0.2249282,10245,58161,41
1.2376613613035205e+18,218.848825050468,41.7835938839676,24.68517,23.81168,21.78426,20.44075,19.77578,3699,301,3,185,9.566904411391023e+18,GALAXY,0.6944112,8497,58161,483
1.237667430103319e+18,163.582184720425,25.7163626612802,22.96872,21.97924,21.09304,20.3027,19.87271,5112,301,3,353,1.1783809574301358e+19,GALAXY,0.8074306,10466,58161,513
1.2376651285338524e+18,157.472167226376,31.8534495731314,23.51113,23.31644,22.69498,21.58584,20.84632,4576,301,4,294,1.1777159178220757e+19,GALAXY,0.8266209,10460,58161,895
1.2376650254412024e+18,182.975257141306,35.2469373910352,21.85888,21.24623,21.13979,20.80762,20.29126,4552,301,4,89,1.1535090423371684e+19,QSO,2.233538,10245,58161,894
1.2376650254402847e+18,180.324936296519,35.199910259566,21.29601,21.27598,21.37191,21.16936,21.13012,4552,301,4,75,1.1534992017081e+19,QSO,1.934069,10245,58161,536
1.237661361304044e+18,220.294068660878,41.4010668081028,24.59916,23.0633,21.78492,20.69888,19.94883,3699,301,3,193,9.566863179704982e+18,GALAXY,0.6720473,8497,58161,333
1.237661382233425e+18,140.859921901837,32.4939317314499,24.77182,24.02107,22.05609,20.73345,19.9316,3704,301,2,62,1.1531504091319783e+19,GALAXY,0.7734447,10242,58161,135
1.2376651269322836e+18,182.047836223932,33.8424388190966,21.36975,21.36178,20.96918,20.69217,20.70988,4576,301,1,432,1.1534900757615892e+19,QSO,1.551431,10245,58161,204
1.237665025441137e+18,182.731847042627,35.2862975341708,21.31147,19.26962,18.23717,17.76632,17.38153,4552,301,4,88,1.1535074755331e+19,GALAXY,0.1302704,10245,58161,837
1.2376611374179292e+18,140.678052501624,32.7090748185579,22.81455,21.34624,20.87071,20.47677,20.22157,3647,301,2,26,1.153150711497676e+19,GALAXY,0.1137319,10242,58161,146
1.237665127469024e+18,181.726828720652,34.3046534145063,23.66408,23.53472,21.46889,20.43305,19.79399,4576,301,2,430,1.153492522174961e+19,GALAXY,0.627441,10245,58161,293
1.2376613623782444e+18,222.116233430836,41.6201973080955,25.71471,21.51695,19.95437,18.92081,18.34291,3699,301,5,200,9.566777692675922e+18,STAR,-0.0001741699,8497,58161,22
1.2376613623780475e+18,221.442695364028,41.7629877172781,21.94022,21.7985,21.49374,21.31318,21.34292,3699,301,5,197,9.566800232664291e+18,QSO,1.022144,8497,58161,104
1.237661361840587e+18,219.562997268156,42.131660898445,21.85347,21.59258,21.47437,21.34184,22.52144,3699,301,4,188,9.566892591641025e+18,QSO,1.530052,8497,58161,440
1.2376613618407836e+18,220.166241351677,41.773438565997,19.93465,19.81575,19.79037,19.42745,19.31894,3699,301,4,191,9.566866203361956e+18,QSO,1.762092,8497,58161,344
1.237661382233425e+18,140.826963739354,32.4607580101491,24.1655,22.97141,21.2997,20.01865,19.36427,3704,301,2,62,1.1531502991808156e+19,GALAXY,0.7475818,10242,58161,131
1.237661360766977e+18,219.558094995257,41.2306106600432,24.22802,23.8363,21.61665,20.4249,19.76351,3699,301,2,190,9.56688407042591e+18,GALAXY,0.6788577,8497,58161,409
1.237661362915116e+18,222.296575361693,42.0018147225858,26.37213,24.57098,21.70497,20.59026,19.90443,3699,301,6,200,9.566774669018943e+18,GALAXY,0.7671342,8497,58161,11
1.237661362378244e+18,222.064062144199,41.7496227091918,23.63767,22.18669,21.79134,21.48849,21.95604,3699,301,5,200,9.566778242431738e+18,GALAXY,0.1846173,8497,58161,24
1.2376651280065505e+18,183.47223293235,34.6375266694376,22.55907,23.81021,21.3784,20.21019,19.41128,4576,301,3,440,1.1534844957400785e+19,GALAXY,0.5791541,10245,58161,1
1.2376614343193403e+18,219.603545675147,41.8625723099201,23.55126,23.84194,22.17587,20.89333,19.85169,3716,301,3,206,9.566890117739862e+18,GALAXY,0.7339966,8497,58161,431
1.2376674301035156e+18,164.11163633114,25.7979970236585,23.00685,22.5623,22.09581,21.65701,20.82995,5112,301,3,356,1.1783823318196703e+19,GALAXY,0.872633,10466,58161,563
1.2376611384909504e+18,138.509954344248,32.5533124204461,24.90387,23.88591,21.59867,20.471,19.72095,3647,301,4,15,1.15315997488314e+19,GALAXY,0.5981259,10242,58161,483
1.2376614343196677e+18,220.594277117752,41.4628755028906,25.95071,24.01736,22.68848,21.16093,19.52533,3716,301,3,211,9.56684283873987e+18,STAR,8.592636e-05,8497,58161,259
1.2376613623776543e+18,220.538960615214,42.2944429755869,21.98211,21.59666,21.19394,20.90541,20.58833,3699,301,5,191,9.566985500373574e+18,QSO,1.017825,8497,58161,778
1.2376609618618616e+18,129.40182304071,29.270233560826,20.11356,19.95068,19.4851,19.42077,19.4047,3606,301,3,37,1.2001117877048728e+19,QSO,1.205938,10659,58161,548
1.2376613607668452e+18,219.096058228318,41.3521390179242,20.54274,20.46197,20.28499,20.10818,20.22006,3699,301,2,188,9.566895340420092e+18,QSO,1.947086,8497,58161,450
1.2376650265149448e+18,182.942195204188,36.1540369704877,23.77297,22.10828,20.28441,19.72053,19.24293,4552,301,6,89,1.1535111039214705e+19,GALAXY,0.369535,10245,58161,969
1.2376613613037824e+18,219.610708521276,41.6969860572208,22.50384,23.67331,21.92919,20.66457,19.95154,3699,301,3,189,9.56688846847242e+18,GALAXY,0.6416666,8497,58161,425
1.2376651280059604e+18,181.808458222422,34.5986820755896,23.10007,23.16173,21.29338,20.17991,19.51912,4576,301,3,431,1.1534916425656588e+19,GALAXY,1.280595,10245,58161,261
1.237661360766977e+18,219.451756575233,41.1511500282702,25.6482,22.94223,21.46645,20.33672,19.61633,3699,301,2,190,9.566892866518934e+18,GALAXY,0.5965666,8497,58161,441
1.2376611379552586e+18,141.602652100309,33.451872613618,19.82567,19.64752,19.3941,19.24148,19.3372,3647,301,3,33,1.1531739386808127e+19,QSO,1.41658,10242,58161,991
1.237661362377917e+18,221.010776888116,41.9254608308079,23.48181,21.47772,21.13689,21.33194,21.26966,3699,301,5,195,9.566823872164289e+18,QSO,3.10652,8497,58161,190
1.237661137954407e+18,139.576962721677,32.6520005682073,21.97243,21.45639,21.61036,21.80449,22.49706,3647,301,3,20,1.153155576836629e+19,QSO,3.823349,10242,58161,323
1.2376613623771302e+18,219.012391309159,42.7591951233745,21.15512,20.97279,20.6251,20.76137,20.45189,3699,301,5,183,9.56691568138521e+18,QSO,1.013143,8497,58161,524
1.2376651269323492e+18,182.305349887845,33.7714626355373,21.18676,20.76803,20.47278,20.07887,19.77814,4576,301,1,433,1.1534890312255429e+19,QSO,0.4755253,10245,58161,166
1.2376609618619277e+18,129.638002144161,29.3928721003691,24.75641,23.78044,22.34076,20.49857,19.68001,3606,301,3,38,1.2001129696798726e+19,GALAXY,0.9030188,10659,58161,591
1.2376609618621243e+18,129.939729342115,29.7042545701279,26.14332,23.22268,21.87192,20.63575,19.3887,3606,301,3,41,1.2001138492891748e+19,QSO,1.545938,10659,58161,623
1.2376650249034143e+18,180.387184490421,34.8596859223797,22.39012,22.01353,21.84517,21.65665,21.83105,4552,301,3,75,1.1534979922453092e+19,QSO,2.406719,10245,58161,492
1.2376613613035855e+18,218.984996665385,41.8127008435256,22.90331,24.45907,22.22193,20.78256,19.94921,3699,301,3,186,9.56690551090265e+18,GALAXY,0.777081,8497,58161,487
1.2376613607674348e+18,220.760809951753,40.7569797179256,16.85116,16.78612,16.68561,16.57066,16.50089,3699,301,2,197,9.566827170699172e+18,QSO,0.2460631,8497,58161,202
1.2376651280065505e+18,183.490739544447,34.6514075190952,23.65374,23.15758,21.70208,20.69945,19.89687,4576,301,3,440,1.1534845507156597e+19,QSO,1.284792,10245,58161,3
1.2376613623781133e+18,221.690150857433,41.7928644616071,20.39865,20.64784,20.49986,20.32585,20.32281,3699,301,5,198,9.56679033705964e+18,QSO,1.34003,8497,58161,68
1.2376609618619927e+18,129.580650373249,29.5660917580156,20.71049,20.29743,20.09145,20.16148,19.92705,3606,301,3,39,1.200112749777547e+19,QSO,0.9072383,10659,58161,583
1.2376613623776543e+18,220.358924751579,42.2729781833827,22.1737,22.04987,21.46693,21.47146,21.31417,3699,301,5,191,9.566974505257292e+18,GALAXY,0.4020197,8497,58161,738
1.237661360767304e+18,220.473039906772,40.8453145931869,22.00545,21.54095,21.64685,21.31447,21.44453,3699,301,2,195,9.566849160931727e+18,QSO,2.794845,8497,58161,282
1.23766512800596e+18,181.910741280683,34.6517081823243,26.16193,22.59113,21.23292,20.22775,19.39582,4576,301,3,431,1.1534905980296124e+19,GALAXY,0.6463439,10245,58161,223
1.2376611374177324e+18,140.15938764485,32.4793784766591,19.88405,19.91281,19.65562,19.62799,19.60138,3647,301,2,23,1.1531521408627925e+19,QSO,1.218585,10242,58161,198
1.2376613623775237e+18,220.132670137284,42.4260448774419,22.20323,21.88046,21.86898,21.86886,22.22198,3699,301,5,189,9.566952789902643e+18,QSO,1.402942,8497,58161,659
1.2376650249042657e+18,182.658170212153,34.9590696358256,22.91444,21.73755,21.85889,22.09169,22.27119,4552,301,3,88,1.1534887013720543e+19,GALAXY,0.03433441,10245,58161,154
1.237661361840783e+18,220.266081438092,41.8695353094788,22.0785,21.29914,20.85554,20.58585,20.73522,3699,301,4,191,9.566855758001494e+18,GALAXY,1.563131,8497,58161,306
1.2376613618403904e+18,219.020575861011,42.1689707115208,21.76791,21.1613,20.96792,20.82191,20.14592,3699,301,4,185,9.566903586757302e+18,QSO,2.160453,8497,58161,480
1.2376613607670423e+18,219.770146090316,41.1243996234317,22.81077,22.88973,21.77624,20.46869,19.82047,3699,301,2,191,9.566881871402654e+18,GALAXY,0.833805,8497,58161,401
1.237661362377917e+18,221.213283851457,42.0418743050877,20.8158,20.92326,20.65687,20.63203,20.81539,3699,301,5,195,9.566803531199177e+18,QSO,1.291048,8497,58161,116
1.2376673237857738e+18,164.303768953161,26.421926036235,23.80704,23.03194,22.77426,21.77592,20.85174,5087,301,5,92,1.1783840910382748e+19,GALAXY,0.898609,10466,58161,627
1.237661137417732e+18,140.166971832784,32.5055645651451,17.5884,16.70864,16.41039,16.27244,16.25349,3647,301,2,23,1.153152113375e+19,STAR,-0.0001157135,10242,58161,197
1.2376611379543409e+18,139.387350379805,32.5944489342641,21.21308,21.16268,20.82218,20.73821,21.05079,3647,301,3,19,1.1531567038360476e+19,QSO,1.263653,10242,58161,364
1.2376582039859372e+18,221.519524199085,43.1580877408209,24.69312,22.40956,21.36755,20.21916,19.57,2964,301,2,494,9.567020959623567e+18,QSO,0.9100758,8497,58161,907
1.237661360766977e+18,219.512372007153,41.2016007621561,26.14845,23.25036,22.19488,20.79659,19.70721,3699,301,2,190,9.56689396603056e+18,GALAXY,0.9649796,8497,58161,445
1.2376613618411113e+18,221.184068180045,41.5962483543793,20.73308,20.384,20.13835,19.84868,20.17987,3699,301,4,196,9.56680930363522e+18,QSO,1.56356,8497,58161,137
1.237660961861796e+18,129.212485014878,29.1708446339514,21.38843,21.36884,21.12864,21.03806,20.56203,3606,301,3,36,1.200111842680454e+19,QSO,2.066849,10659,58161,550
1.2376613618413734e+18,221.751799106882,41.2005506589147,22.26254,22.29646,21.90092,21.64092,22.07099,3699,301,4,200,9.566784014867782e+18,QSO,1.420066,8497,58161,45
1.2376613623781788e+18,221.818390715253,41.7892346185396,20.2522,19.97792,19.87124,19.83863,19.67828,3699,301,5,199,9.56677879218755e+18,QSO,2.125038,8497,58161,26
1.2376650259742067e+18,172.122774433436,35.0229306337358,23.37823,22.86685,21.64292,20.57356,19.8757,4552,301,5,30,1.155632336731035e+19,GALAXY,0.654433,10264,58162,315
1.237661212047115e+18,224.705493083124,43.095092715634,24.31444,22.88873,21.73437,20.49873,19.63774,3664,301,5,89,9.562520108792046e+18,GALAXY,0.6671774,8493,58162,917
1.2376650254430374e+18,188.077786386937,35.2614142139252,20.87181,20.60666,20.73987,20.54306,20.35346,4552,301,4,117,1.1537327929551e+19,QSO,2.036375,10247,58162,842
1.23766502651075e+18,171.116509054295,35.4488077462034,22.23644,23.45574,21.62045,20.41647,19.60355,4552,301,6,25,1.1556383290694064e+19,QSO,0.9550197,10264,58162,533
1.237665026511078e+18,172.098508281118,35.4729978538547,25.28726,21.58058,19.90992,19.26329,18.93727,4552,301,6,30,1.1556426171647547e+19,GALAXY,0.4061588,10264,58162,689
1.237665025443365e+18,189.012994900442,35.263834234632,21.08752,21.09286,20.74366,20.38119,20.64213,4552,301,4,122,1.1537366687335864e+19,QSO,1.50603,10247,58162,983
1.2376650254426442e+18,186.938899905803,35.219181418764,21.02498,20.58347,20.21265,19.70396,19.40442,4552,301,4,111,1.1537271304702157e+19,QSO,0.7335242,10247,58162,636
1.237661212047312e+18,225.201276504591,42.9011223276362,24.51753,23.79257,21.85388,20.78896,19.8476,3664,301,5,92,9.562533028053668e+18,GALAXY,0.8991193,8493,58162,964
1.2376651285398172e+18,173.583896692514,34.6680134362235,26.18945,24.00333,21.6739,20.58807,19.74883,4576,301,4,385,1.1556262344415e+19,GALAXY,0.7773706,10264,58162,93
1.2376650254431685e+18,188.347513661119,35.1760951928662,20.78146,20.4515,20.41448,20.35402,20.50456,4552,301,4,119,1.153734002417889e+19,QSO,1.977339,10247,58162,886
1.237658311329383e+18,180.057015512205,59.3771918743518,21.26864,20.98784,20.75759,20.78376,20.55437,2989,301,2,25,9.274237505838012e+18,GALAXY,0.6878382,8237,58162,727
1.2376611374243525e+18,157.345529661668,38.5479167807092,24.45661,23.7944,22.11394,20.41136,19.45538,3647,301,2,124,9.934988743672093e+18,STAR,-4.368504e-05,8824,58162,174
1.2376581910741655e+18,126.605599430078,31.0985986323751,25.30147,22.83201,21.34341,20.33762,19.58262,2961,301,2,84,1.2005660784233568e+19,GALAXY,0.6507134,10663,58162,691
1.2376650243637903e+18,172.759195652439,33.9607661201134,20.41794,20.70189,20.34107,20.22674,20.27942,4552,301,2,33,1.1556292306106864e+19,QSO,1.203364,10264,58162,202
1.2376611379609605e+18,156.463066591703,38.62917377994,21.05074,20.61951,20.03624,19.81352,19.56066,3647,301,3,120,9.935034373404643e+18,QSO,1.364815,8824,58162,340
1.2376613827761285e+18,155.668435761139,38.3459254331688,24.26351,23.01065,21.4149,20.3717,19.88396,3704,301,3,151,9.935063785340688e+18,STAR,8.011745e-06,8824,58162,447
1.237658310793036e+18,182.484283750819,59.0331688884625,20.19854,20.23207,20.04313,20.05304,20.47821,2989,301,1,33,9.2740470154485e+18,QSO,1.205076,8237,58162,34
1.2376583113291855e+18,179.081176928072,59.3846036721115,18.27232,17.30611,17.03024,16.90605,16.88394,2989,301,2,22,9.2742053451229e+18,STAR,-0.0006110267,8237,58162,610
1.237661353779528e+18,178.579380395456,57.964144549337,20.64296,20.65442,20.49579,20.39378,20.80244,3697,301,5,66,9.27415944051244e+18,STAR,6.178476e-07,8237,58162,443
1.2376613629154437e+18,223.209107971955,41.737515844634,24.77149,23.37677,21.77795,20.44892,19.72842,3699,301,6,205,9.562360679606016e+18,QSO,1.502381,8493,58162,337
1.2376618498492337e+18,155.783512086645,40.1682156351877,21.18001,20.94064,20.99468,20.72889,20.33052,3813,301,1,81,9.93509429678836e+18,QSO,2.030519,8824,58162,558
1.2376613543169231e+18,180.675396562969,58.3547669138952,21.66547,21.43322,20.90938,20.74108,20.82594,3697,301,6,74,9.274097592983378e+18,QSO,1.312406,8237,58162,218
1.2376612109738317e+18,225.299738652156,41.9254516993458,21.25094,21.27111,21.02823,21.03053,20.97461,3664,301,3,96,9.562274917699047e+18,QSO,1.153694,8493,58162,25
1.2376581921481034e+18,126.249112302788,31.9923524649257,21.19721,21.27205,21.09254,20.91247,21.18463,2961,301,4,87,1.2005654462041709e+19,QSO,1.47574,10663,58162,668
1.2376651274709243e+18,187.043900667926,34.2170872050136,26.93148,25.2952,21.49125,20.31004,19.432,4576,301,2,459,1.1537191864987e+19,QSO,0.9548091,10247,58162,347
1.237665129618343e+18,186.773250762521,35.8692852618817,24.07591,23.08936,21.77606,20.51411,19.73762,4576,301,6,458,1.1537256186417273e+19,GALAXY,0.8394182,10247,58162,581
1.2376583107928394e+18,181.547053777113,59.0430985990319,20.79888,20.72252,20.64947,20.49218,20.83191,2989,301,1,30,9.274070654948495e+18,QSO,1.532146,8237,58162,120
1.2376611379608947e+18,156.206942949781,38.6336398984549,21.77555,21.5727,21.6139,21.6524,20.47738,3647,301,3,119,9.935056088759292e+18,QSO,2.232331,8824,58162,419
1.2376651296130342e+18,171.944624327802,35.2827203125478,25.21851,24.61949,22.0016,20.55278,19.89077,4576,301,6,377,1.1556335461938256e+19,GALAXY,0.5683264,10264,58162,359
1.2376612109735035e+18,224.454168980633,42.303758456046,21.07279,21.05456,21.01484,20.77337,21.03087,3664,301,3,91,9.562301031100207e+18,QSO,1.76541,8493,58162,120
1.2376786195845617e+18,44.0182605058649,2.55615114983607,22.02789,22.16486,21.5814,20.78877,21.45031,7717,301,5,623,1.0599294152843e+19,GALAXY,0.9573796,9414,58162,263
1.2376650265114716e+18,173.200049410172,35.5274952879611,24.71111,22.43147,21.69391,20.498,19.72815,4552,301,6,36,1.1556481147228936e+19,GALAXY,0.8998404,10264,58162,889
1.2376612109735035e+18,224.396603799536,42.2485073040043,19.87218,19.85716,19.59059,19.59978,19.59546,3664,301,3,91,9.56231092670486e+18,QSO,1.386946,8493,58162,156
1.2376613537797243e+18,179.33870838974,57.9288513485876,23.80933,21.727,22.04815,22.1613,22.82257,3697,301,5,69,9.274137725157792e+18,GALAXY,0.004189216,8237,58162,364
1.2376784397024627e+18,43.6855158928805,3.1374180306963,25.7596,20.51943,20.29031,19.39918,20.00588,7675,301,6,160,1.059941372473248e+19,GALAXY,0.8742242,9414,58162,698
1.2376613543165297e+18,179.038240046488,58.2060370834181,20.521,20.10512,19.87335,19.73851,19.64552,3697,301,6,68,9.274152018808953e+18,QSO,1.940196,8237,58162,416
1.2376611379616814e+18,158.460303334695,39.2597790675654,22.07914,22.52477,21.90788,21.74525,21.91981,3647,301,3,131,9.93495026076512e+18,GALAXY,1.182137,8824,58162,34
1.2376581910746895e+18,127.61369038825,31.7595907536982,23.06762,22.91654,21.22299,20.07707,19.41036,2961,301,2,92,1.2005735825902164e+19,GALAXY,0.0,10663,58162,964
1.2376581991232315e+18,126.03748799781,30.4266999912521,22.50969,22.20605,21.87684,22.22608,21.48189,2963,301,1,23,1.2005588491344e+19,QSO,2.083304,10663,58162,428
1.2376613827765212e+18,156.615910672413,38.6129351473601,23.82854,21.75297,20.47645,19.89749,19.58497,3704,301,3,157,9.935021179265112e+18,QSO,3.551939,8824,58162,292
1.237661137961288e+18,157.330609241606,38.9248056698173,21.261,19.34603,18.23945,17.81241,17.46661,3647,301,3,125,9.934991217573255e+18,GALAXY,0.1663547,8824,58162,183
1.2376613623786376e+18,223.213876533346,41.313353763341,22.18809,21.99174,21.75028,21.32347,21.47437,3699,301,5,206,9.56235930521648e+18,QSO,1.793296,8493,58162,332
1.2376651285449288e+18,187.788655206052,35.0764810470723,23.07104,24.39181,23.28784,21.10084,19.90516,4576,301,4,463,1.1537317759068428e+19,GALAXY,1.011139,10247,58162,805
1.2376583118666473e+18,181.911280650932,59.7969218375769,22.96843,21.7099,20.05953,19.46496,19.16391,2989,301,3,31,9.274277912890331e+18,GALAXY,0.2982556,8237,58162,874
1.237657613413712e+18,179.894590183556,58.5452213248856,21.06603,20.92029,20.74605,20.54809,20.04199,2826,301,6,277,9.27412178223919e+18,QSO,0.8428783,8237,58162,306
1.2376613629155087e+18,223.301668039278,41.5809785958504,22.88334,22.57556,21.50768,20.46218,19.80152,3699,301,6,206,9.56235848058276e+18,GALAXY,0.5997388,8493,58162,329
1.2376651285452567e+18,188.731467160736,34.9555003231639,23.0373,22.2709,21.34141,20.34843,19.46615,4576,301,4,468,1.1537358990754468e+19,GALAXY,0.7604093,10247,58162,955
1.2376583107927736e+18,181.212989323252,59.0718025642476,21.36635,19.90871,19.29927,19.04115,18.9453,2989,301,1,29,9.274091820547332e+18,STAR,-0.0007686793,8237,58162,197
1.2376581921481037e+18,126.403423183921,31.8535344209242,22.5668,21.74422,21.01115,20.73614,20.6317,2961,301,4,87,1.2005653912285897e+19,STAR,0.0001546263,10663,58162,666
1.23766502436923e+18,187.809022028466,34.3794781186578,22.21811,21.97434,21.14892,22.34089,21.44094,4552,301,2,116,1.153713771403938e+19,GALAXY,0.3014368,10247,58162,150
1.237661137961288e+18,157.281663948184,38.9191422397349,21.60918,20.14286,19.17108,18.68768,18.41529,3647,301,3,125,9.934990942695348e+18,GALAXY,0.2074426,8824,58162,182
1.2376612115105065e+18,225.170072197821,42.562892789028,23.22931,22.77005,21.48828,20.35124,19.56785,3664,301,4,93,9.56253660146646e+18,GALAXY,0.6961449,8493,58162,977
1.237658311329317e+18,179.939287114127,59.3115716496363,21.44888,20.38406,19.97017,19.77295,19.85031,2989,301,2,24,9.27422870974499e+18,STAR,-0.000483395,8237,58162,695
1.2376612109738317e+18,225.405777323401,41.9288907367379,20.6174,20.69236,20.32485,20.14339,20.12838,3664,301,3,96,9.562270794530443e+18,QSO,1.439003,8493,58162,10
1.237658191074231e+18,126.772263384236,31.1234187885396,23.75245,21.5356,20.34081,19.8512,19.57461,2961,301,2,85,1.2005682774466124e+19,GALAXY,0.2152923,10663,58162,771
1.2376582045232008e+18,223.042765144808,43.0904079065866,21.89693,21.62759,20.92241,20.55178,20.487,2964,301,3,500,9.56243792029787e+18,QSO,1.389372,8493,58162,618
1.237658311329186e+18,179.146795608962,59.3546301745208,21.78865,21.75449,21.68085,21.5688,21.36036,2989,301,2,22,9.274206444634528e+18,QSO,0.8387005,8237,58162,614
1.2376650259742728e+18,172.216485967106,35.062944786063,22.89574,24.26595,21.84773,20.62302,19.93693,4552,301,5,31,1.1556322267798725e+19,GALAXY,0.7232408,10264,58162,311
1.2376613537799212e+18,180.209444409705,57.8807356737738,21.39864,21.20566,21.31411,21.20289,21.17916,3697,301,5,72,9.2741063890764e+18,QSO,2.209563,8237,58162,250
1.2376551073038336e+18,183.158754177097,59.2123872911157,18.26204,17.3977,17.05651,16.89809,16.89068,2243,301,2,331,9.27404261740199e+18,STAR,-0.001198756,8237,58162,18
1.2376582050609244e+18,225.50754073054,42.4326861871278,23.04636,23.25598,21.67754,20.30136,19.60892,2964,301,4,513,9.56227326843161e+18,GALAXY,0.5868471,8493,58162,19
1.2376576134132536e+18,178.084076668241,58.5231850434507,22.10918,21.84206,21.74389,21.45972,21.05279,2826,301,6,270,9.27417126026244e+18,QSO,2.131966,8237,58162,486
1.2376581921479726e+18,126.119648421657,31.707217086408,22.17903,20.71873,20.29943,20.06551,19.91741,2961,301,4,85,1.2005645116192872e+19,STAR,0.0001569603,10663,58162,634
1.2376582045235284e+18,223.845639561366,42.7202364507406,22.43821,20.14067,18.77017,18.25098,17.96542,2964,301,3,505,9.562496469292046e+18,GALAXY,0.2240109,8493,58162,831
1.237658310793036e+18,182.467209350975,59.0596349783325,22.55726,21.85907,21.15127,20.6901,20.15911,2989,301,1,33,9.274046465692686e+18,GALAXY,0.4249905,8237,58162,32
1.237658192148038e+18,126.166609870994,31.8583473792416,22.08989,21.64056,21.48011,21.59579,21.1471,2961,301,4,86,1.2005642092535896e+19,QSO,2.518601,10663,58162,623
1.2376582034499835e+18,223.944738619075,41.8658765574575,24.42486,23.401,21.96519,20.78615,19.93725,2964,301,1,508,9.562321097187416e+18,GALAXY,0.8011644,8493,58162,193
1.2376611374243515e+18,157.365547109224,38.4793142975196,21.73559,21.61086,21.78342,21.42178,21.63221,3647,301,2,124,9.934987919038372e+18,QSO,1.695514,8824,58162,171
1.237661137961091e+18,156.894424516723,38.7335455871896,22.22551,22.15885,21.94418,21.84612,21.71953,3647,301,3,122,9.935013482683718e+18,QSO,0.9584653,8824,58162,264
1.2376613623786383e+18,223.155344748614,41.1939370470439,25.07709,23.30724,21.62805,20.60807,19.94004,3699,301,5,206,9.56235683131532e+18,GALAXY,0.5867269,8493,58162,323
1.2376583107929047e+18,181.974711006652,59.0175102117958,19.94816,19.6801,19.60593,19.44108,19.41526,2989,301,1,31,9.274058560320592e+18,QSO,1.568349,8237,58162,76
1.237655106765783e+18,178.014427807274,58.616565482025,24.74794,23.42929,21.50325,20.71102,20.49505,2243,301,1,313,9.274169885872904e+18,QSO,0.6402602,8237,58162,481
1.2376613623784407e+18,222.695868115029,41.4841789667443,24.36772,23.20677,21.66819,20.65952,19.95738,3699,301,5,203,9.562381570326944e+18,GALAXY,0.54268,8493,58162,413
1.2376583107923151e+18,179.354483376128,58.8821404066647,21.00434,20.71146,20.37755,20.45424,20.27966,2989,301,1,22,9.274145971495e+18,QSO,1.103829,8237,58162,394
1.237661212047312e+18,225.142218484718,42.8897443142659,23.667,23.79514,21.4868,20.46222,19.7965,3664,301,5,92,9.562533302931577e+18,QSO,1.057986,8493,58162,965
1.237665128002552e+18,172.394238686286,34.1288353766492,24.79326,23.98418,21.67008,20.40073,19.61488,4576,301,3,379,1.1556315120973142e+19,GALAXY,0.6792232,10264,58162,285
1.2376651296134277e+18,173.050798557133,35.2900577920929,23.02887,23.10373,21.3134,20.15277,19.3684,4576,301,6,383,1.155629093171733e+19,GALAXY,0.7046766,10264,58162,197
1.237658310791922e+18,177.606810704211,58.9273112697745,20.97789,20.64752,20.50108,20.52728,20.66183,2989,301,1,16,9.274180331233368e+18,QSO,0.9961145,8237,58162,519
1.2376582034499182e+18,223.772038912587,41.9416092204051,23.15646,23.90465,21.93971,20.91124,19.94129,2964,301,1,507,9.562330443036252e+18,GALAXY,0.8601046,8493,58162,227
1.2376611379608952e+18,156.338371026198,38.6690300966258,22.91552,23.21329,21.25279,20.1086,19.32007,3647,301,3,119,9.935043994131388e+18,GALAXY,0.6299967,8824,58162,375
1.2376613827773071e+18,158.81163629542,39.1216563296682,18.42111,18.17968,17.91435,17.30247,16.85223,3704,301,3,169,9.934944763206982e+18,STAR,0.0001348152,8824,58162,14
1.2376576128765133e+18,178.529401449937,58.1074837307272,24.13176,22.16567,21.04249,21.1867,18.53581,2826,301,5,272,9.274163563681044e+18,STAR,-0.0003293726,8237,58162,458
1.2376583113299067e+18,182.431128055734,59.543321275208,20.85587,20.36893,20.28231,19.51897,18.87533,2989,301,2,33,9.27430347653568e+18,STAR,-5.484264e-05,8237,58162,967
1.2376583113299067e+18,182.580540143522,59.4455727916756,21.97641,21.47408,21.18664,20.89182,20.47256,2989,301,2,33,9.274304576047309e+18,QSO,1.130425,8237,58162,971
1.2376611379609605e+18,156.454381443956,38.7145790452341,19.6007,19.49171,19.43624,19.1966,19.09381,3647,301,3,120,9.935035472916271e+18,QSO,1.762359,8824,58162,344
1.2376583107926428e+18,180.887195095237,58.9525631886584,21.7658,21.94753,21.32669,21.34089,20.73513,2989,301,1,27,9.274092645181053e+18,QSO,1.210836,8237,58162,200
1.2376651296132966e+18,172.628353889782,35.3138581254415,23.06411,23.53673,21.47578,20.32217,19.60216,4576,301,6,381,1.1556450910659172e+19,GALAXY,0.678176,10264,58162,779
1.237661353779725e+18,179.48017862169,57.8712969198346,26.15656,22.83479,21.71122,20.46836,19.60406,3697,301,5,69,9.274138549791513e+18,STAR,-6.100111e-05,8237,58162,367
1.237664817672881e+18,171.743927497701,35.7301816932655,25.78378,22.87098,21.13115,20.13543,19.37357,4504,301,1,100,1.1556403631659176e+19,GALAXY,0.5582527,10264,58162,607
1.237661212046787e+18,223.784588607377,43.5396637117303,23.20514,24.08053,21.38118,20.30651,19.61923,3664,301,5,84,9.562478877106e+18,GALAXY,0.503363,8493,58162,767
1.237661137961091e+18,156.787834375827,38.9017604700515,20.78983,20.76701,20.40621,20.40929,20.61579,3647,301,3,122,9.935012932927904e+18,QSO,1.353235,8824,58162,262
1.2376581921475791e+18,125.307336219214,31.1666142234842,23.033,21.51946,20.00327,19.42559,19.09197,2961,301,4,79,1.2005610756454504e+19,GALAXY,0.350666,10663,58162,509
1.2376583107922496e+18,178.99335421285,58.8810416237498,21.12266,20.93901,20.79521,20.72614,20.22672,2989,301,1,21,9.274157516367094e+18,QSO,2.14912,8237,58162,436
1.2376650254433649e+18,188.854819057738,35.211850210462,20.28839,18.96247,18.20652,17.92048,17.49161,4552,301,4,122,1.153735541734168e+19,QSO,1.811029,10247,58162,942
1.2376613537801175e+18,180.899887337183,57.8690766978222,22.05053,21.88503,21.36516,21.19177,21.13355,3697,301,5,75,9.274094294448497e+18,QSO,2.75357,8237,58162,206
1.237655106766242e+18,180.07310379453,58.7861952126846,21.80237,21.849,21.71234,21.54192,20.91088,2243,301,1,320,9.27411271126826e+18,QSO,2.009062,8237,58162,273
1.2376651269339876e+18,186.776330870719,33.8927520871298,22.01801,21.43747,21.36071,21.19076,21.59477,4576,301,1,458,1.1537201210835884e+19,QSO,1.622265,10247,58162,381
1.2376611379618125e+18,158.811195455733,39.3329450757513,24.01623,22.94921,21.50146,20.3115,19.62474,3647,301,3,133,9.934945587840702e+18,GALAXY,0.7337331,8824,58162,17
1.237661382776652e+18,156.99759886812,38.6615180098479,21.70841,21.54124,21.70665,21.55547,21.91003,3704,301,3,159,9.93501238317209e+18,QSO,2.029568,8824,58162,260
1.2376583107929047e+18,181.817000045943,59.1169703660314,20.66987,20.61441,20.60086,20.54411,20.64575,2989,301,1,31,9.274068181047337e+18,QSO,1.319703,8237,58162,111
1.237665026510816e+18,171.386768262137,35.2988886636718,24.51311,22.93749,21.57755,20.35857,19.53532,4552,301,6,26,1.1556395385322e+19,GALAXY,0.7198655,10264,58162,577
1.237658311329317e+18,179.926853081837,59.3283570401931,21.85399,20.8969,20.4622,20.22812,20.405,2989,301,2,24,9.274228159989176e+18,STAR,0.0002359841,8237,58162,693
1.2376582034494592e+18,222.420312422812,42.3825528598668,21.93957,21.04373,19.7669,19.27362,18.81989,2964,301,1,500,9.56239998714671e+18,GALAXY,0.2616416,8493,58162,480
1.237661137961026e+18,156.573437826324,38.8046104390992,22.26005,21.75753,21.17592,20.60401,20.19153,3647,301,3,121,9.935023928044182e+18,QSO,0.5670891,8824,58162,302
1.2376581910745587e+18,127.310691968795,31.6527208637821,23.84683,23.87858,21.74463,20.57858,19.80304,2961,301,2,90,1.200569651836147e+19,GALAXY,0.6448413,10663,58162,821
1.2376611379612877e+18,157.377926794705,38.9672800960623,19.06659,18.19909,17.92267,17.84608,17.81781,3647,301,3,125,9.934982146602326e+18,STAR,-0.0008523738,8824,58162,150
1.2376613537797243e+18,179.351803851981,57.869429061804,19.62558,18.53172,18.67627,18.60718,18.63527,3697,301,5,69,9.274139099547326e+18,STAR,-0.0007614617,8237,58162,369
1.2376651285449943e+18,187.912110160335,35.1230232233843,24.21829,24.04733,22.55726,21.31152,19.78681,4576,301,4,464,1.1537317209312614e+19,GALAXY,0.9236774,10247,58162,803
1.2376583107922496e+18,178.928806436294,58.8996211542606,21.95692,21.83058,21.66969,21.50392,21.1549,2989,301,1,21,9.27415861587872e+18,QSO,1.634101,8237,58162,440
1.237658311329448e+18,180.374042120378,59.3432897175167,21.94925,21.37853,21.10574,20.74384,20.45007,2989,301,2,26,9.274249875343825e+18,QSO,1.466538,8237,58162,772
1.2376648176726188e+18,170.95545197486,35.7183865340185,25.69886,23.53062,21.78393,20.61232,19.86518,4504,301,1,96,1.1556389338008e+19,GALAXY,0.7142799,10264,58162,555
1.2376650249011205e+18,173.996010037287,34.4629082578711,25.52064,23.7247,21.58344,20.32893,19.59732,4552,301,3,40,1.1556249700031287e+19,GALAXY,0.787086,10264,58162,47
1.237665025442972e+18,187.86713799611,35.2864330461885,21.92589,21.65538,21.51151,21.07054,20.99409,4552,301,4,116,1.1537316384678892e+19,QSO,1.574218,10247,58162,800
1.23766135378038e+18,182.229823000371,57.9063919028982,21.31372,21.11925,21.01237,20.81413,20.32386,3697,301,5,79,9.274049764227568e+18,QSO,2.046371,8237,58162,44
1.2376583113296448e+18,181.349044993941,59.4800303215971,21.19061,21.06852,21.01846,21.01713,20.79902,2989,301,2,29,9.274270766064753e+18,QSO,2.061477,8237,58162,848
1.2376650254430374e+18,188.059937217751,35.2235556627945,19.7712,19.42104,18.73968,18.21846,17.89188,4552,301,4,117,1.15373284793068e+19,STAR,3.710706e-05,10247,58162,844
1.237658192148038e+18,126.145365577044,31.9182509088913,21.24309,21.11583,21.03446,20.58839,20.551,2961,301,4,86,1.2005642367413803e+19,QSO,1.778203,10663,58162,624
1.237661362378572e+18,222.820834850681,41.2645251705031,20.85489,20.83119,20.8499,20.53447,20.59457,3699,301,5,205,9.562378821547874e+18,QSO,1.826225,8493,58162,403
1.2376581910742313e+18,126.730317608396,31.1714752799218,23.73381,21.52387,20.19213,19.68124,19.32798,2961,301,2,85,1.200566958032659e+19,GALAXY,0.2133616,10663,58162,723
1.2376611374247447e+18,158.429870301441,38.7073319000171,26.53766,21.25808,20.43132,19.89997,19.57874,3647,301,2,130,9.934956033201166e+18,QSO,4.390453,8824,58162,55
1.2376613827767178e+18,157.206522430312,38.6511769979308,22.5722,21.39106,21.54539,21.23752,20.93796,3704,301,3,160,9.93499973878837e+18,QSO,2.43629,8824,58162,214
1.2376583113292516e+18,179.445315462092,59.4472694853633,21.32964,20.40668,20.14507,19.93682,19.82655,2989,301,2,23,9.274216615117085e+18,STAR,0.0003231593,8237,58162,651
1.237658311329317e+18,179.86109051171,59.3585166629277,22.88872,22.02271,21.38133,21.09903,20.60443,2989,301,2,24,9.274227335355455e+18,GALAXY,0.9752821,8237,58162,690
1.237661212047246e+18,225.091590784635,43.0229588151124,25.73915,22.42943,21.27757,19.97347,19.28963,3664,301,5,91,9.562531653664135e+18,GALAXY,0.7426783,8493,58162,959
1.2376650254423163e+18,186.010478108203,35.2533225420722,21.80655,21.25515,20.90228,20.50573,20.28837,4552,301,4,106,1.1537248764713783e+19,QSO,1.894375,10247,58162,554
1.2376650265106844e+18,170.921708465223,35.4255211623387,23.47218,25.00239,21.81045,20.42651,19.74099,4552,301,6,24,1.1556377793135923e+19,GALAXY,0.7561292,10264,58162,513
1.237658192147776e+18,125.779137922055,31.4616396750834,21.96235,20.48153,20.07107,19.90544,19.62337,2961,301,4,82,1.2005627524006828e+19,STAR,-0.0005385029,10663,58162,570
1.237657613414105e+18,181.788527721152,58.6182282547949,21.18653,21.04161,20.89463,20.67264,20.06149,2826,301,6,283,9.274055261785709e+18,QSO,2.018566,8237,58162,64
1.2376612120471148e+18,224.644407945951,43.1424200939653,23.35606,23.52939,21.57515,20.39849,19.70573,3664,301,5,89,9.562519009280416e+18,GALAXY,0.6382159,8493,58162,913
1.2376613537799864e+18,180.46832896011,57.9333273984403,18.44288,17.52838,17.32227,17.23732,17.22843,3697,301,5,73,9.274105014686863e+18,STAR,0.000243193,8237,58162,245
1.2376576134139745e+18,181.093287333803,58.5520112031706,20.17815,20.20373,20.0758,20.11105,20.14857,2826,301,6,281,9.274088522012449e+18,QSO,1.170773,8237,58162,185
1.237661138498487e+18,158.024418242485,39.6092682482851,25.44159,23.04573,21.73499,20.65421,19.81532,3647,301,4,130,9.935195726736022e+18,GALAXY,0.6340745,8824,58162,927
1.237661353779725e+18,179.216709932017,57.9211288480794,25.91526,23.05217,21.64654,20.19345,19.4372,3697,301,5,69,9.27414954490779e+18,STAR,-5.769339e-05,8237,58162,407
1.2376613623785062e+18,222.721562218862,41.3902810665185,19.0929,18.14656,17.8925,17.79751,17.75327,3699,301,5,204,9.562381295449037e+18,STAR,-0.001119847,8493,58162,412
1.2376650254429066e+18,187.661282886774,35.3575560678349,22.68822,21.75414,21.62213,21.52545,21.40303,4552,301,4,115,1.1537304290051e+19,QSO,2.167226,10247,58162,756
1.2376583107929702e+18,182.23827422961,59.0452664377823,24.12246,21.82829,22.2286,21.74457,20.40632,2989,301,1,32,9.27404866471594e+18,GALAXY,0.3686147,8237,58162,40
1.237665126933988e+18,186.721476384373,33.8972158368853,22.87276,23.58675,21.73884,20.42598,19.67416,4576,301,1,458,1.1537201760591696e+19,GALAXY,0.7814728,10247,58162,383
1.237661138498618e+18,158.463320527737,39.5735731145006,23.9163,23.46031,21.90302,20.84892,19.93708,3647,301,4,132,9.935208920875557e+18,GALAXY,0.6386821,8824,58162,975
1.2376651285398825e+18,173.660338209137,34.4903844496909,22.45497,22.6995,21.95533,20.80579,19.7336,4576,301,4,386,1.155626124490338e+19,GALAXY,0.666998,10264,58162,89
1.2376583107930363e+18,182.364692955555,58.9457236304951,23.32528,23.09659,21.63137,20.62744,19.96023,2989,301,1,33,9.27404619081478e+18,GALAXY,0.5128934,8237,58162,31
1.2376551067658488e+18,178.497211767481,58.6067126051066,20.86631,20.51545,20.32057,20.23793,20.26735,2243,301,1,314,9.274166312460114e+18,QSO,2.08597,8237,58162,468
1.2376650254428403e+18,187.465729902533,35.3249920625156,18.66475,18.34975,18.20611,17.94768,17.85114,4552,301,4,114,1.153729329493471e+19,QSO,1.821436,10247,58162,716
1.2376582050609244e+18,225.566382648821,42.5430167616762,25.62898,24.32886,21.94,20.89916,19.74129,2964,301,4,513,9.562542648780413e+18,GALAXY,0.8127985,8493,58162,999
