,obj_ID,alpha,delta,u,g,r,i,z,run_ID,rerun_ID,cam_col,field_ID,spec_obj_ID,class,redshift,plate,MJD,fiber_ID
45082,1.2376803058639188e+18,343.849226695657,25.3472558584768,22.67751,24.06153,22.13861,20.92139,20.1441,8110,301,2,132,8.622320554794571e+18,GALAXY,0.5875528,7658,57312,651
40989,1.2376727633655247e+18,343.942129944339,26.2433369633219,25.97025,23.45838,21.83129,20.76602,19.97761,6354,301,1,148,8.622312308457363e+18,GALAXY,0.7002697,7658,57312,621
45529,1.2376803058640494e+18,344.071145054088,25.3395016254845,24.18268,23.71508,22.13468,20.94319,20.12451,8110,301,2,134,8.622332649422477e+18,GALAXY,0.6772757,7658,57312,695
7506,1.2376728165108288e+18,345.09801879931,26.441292722429,20.10662,19.73828,19.77697,19.63859,19.35736,6366,301,4,73,8.622389549149215e+18,QSO,0.7277242,7658,57312,902
98444,1.2376803021058872e+18,343.929350180778,25.6069359172418,22.56962,22.25441,21.36186,20.67205,20.70156,8109,301,3,133,8.622319180405037e+18,GALAXY,0.7417508,7658,57312,646
43874,1.237680305863722e+18,343.345491479006,25.3517893238167,26.06887,23.70745,22.51872,20.7886,20.03715,8110,301,2,129,8.622287569445737e+18,GALAXY,0.6491325,7658,57312,531
95427,1.237680302642693e+18,343.727045833098,25.9811899646194,26.14028,23.30622,21.76334,20.55318,19.64961,8109,301,4,132,8.622316706503876e+18,GALAXY,0.7032063,7658,57312,637
4883,1.237672816510829e+18,345.110830586543,26.4690384357301,21.20937,21.21075,21.39538,21.30604,21.7443,6366,301,4,73,8.622390098905029e+18,QSO,1.932265,7658,57312,904
820,1.2376728165112215e+18,345.714015095678,25.6732741284673,18.47566,17.31879,16.81042,16.59652,16.49559,6366,301,4,79,8.622413188649211e+18,STAR,-0.0006998316,7658,57312,988
73781,1.237672764439397e+18,344.962949445939,26.4306924108656,25.33287,22.5606,21.36058,20.33738,19.654,6354,301,3,150,8.622378828910843e+18,GALAXY,0.6660008,7658,57312,863
96289,1.23767276336631e+18,344.84699260275,24.6960907835046,24.63466,21.42434,24.80203,19.76744,22.82691,6354,301,1,160,8.622191362178307e+18,STAR,-8.790992e-05,7658,57312,181
85624,1.237680529199072e+18,332.910321817322,25.433480639198,19.39802,19.39284,19.09793,19.12699,19.21463,8162,301,2,84,8.606385058146964e+18,QSO,1.347968,7644,57327,22
93254,1.2376803273352812e+18,331.167140177899,27.092171062376,20.84751,19.88154,19.62529,19.50136,19.57749,8115,301,2,79,8.606551634158573e+18,STAR,-0.0006991449,7644,57327,628
84595,1.237680331628677e+18,330.92711676637,24.8276239552953,25.39856,22.7503,22.13399,20.79778,19.93875,8116,301,2,55,8.606489236873697e+18,GALAXY,0.8170606,7644,57327,401
94214,1.2376803273354127e+18,331.527059402027,27.2372875763444,20.6817,20.45586,20.16584,20.29687,20.27809,8115,301,2,81,8.606573074635315e+18,QSO,0.9764915,7644,57327,706
94684,1.23768032733515e+18,330.764250606292,27.0970684506691,21.47893,20.02709,19.53045,19.2787,19.14896,8115,301,2,77,8.60652854441439e+18,STAR,-0.0001666207,7644,57327,544
73661,1.237678579292111e+18,0.58999510632276,24.2554206554452,26.66588,22.64268,21.72429,20.63329,19.73964,7708,301,2,209,8.630199105631837e+18,GALAXY,0.8335678,7665,57328,641
94117,1.237666308560455e+18,3.9231344440999,24.5228434050893,22.63281,23.58125,21.95741,20.76242,19.82426,4851,301,2,55,8.627980291166984e+18,QSO,1.165536,7663,57328,761
55668,1.2376795429638643e+18,3.63352802225876,23.0200347943882,23.17262,23.1977,22.38518,20.6975,19.721,7932,301,5,33,8.627862093667e+18,GALAXY,0.7569246,7663,57328,331
43805,1.2376785406247567e+18,348.666205237071,23.5679574536735,20.48051,19.9042,19.89088,19.60101,19.58199,7699,301,2,16,8.63573679594513e+18,QSO,0.6074152,7670,57328,307
69690,1.2376785787568788e+18,4.67776785715466,23.8127632926034,23.16167,22.84155,21.44407,20.33355,19.57445,7708,301,1,234,8.627801070771656e+18,GALAXY,0.7680476,7663,57328,109
64288,1.237679478007202e+18,0.137794438789172,22.8198846421522,23.98309,22.3781,22.62259,21.40332,18.97401,7917,301,4,105,8.630149077852772e+18,STAR,7.739424e-05,7665,57328,459
10661,1.2376785406248883e+18,348.983007560528,23.5164276454965,22.33344,21.57956,21.1224,20.62462,20.45851,7699,301,2,18,8.635716180102109e+18,QSO,0.6258782,7670,57328,232
36851,1.2376794790829102e+18,4.87692368208593,23.6482848413888,25.2403,22.87854,21.29062,19.84354,18.95496,7917,301,6,135,8.627789251021658e+18,STAR,-0.0002865322,7663,57328,66
35070,1.2376794790831063e+18,5.49360104466143,23.6937428544052,19.46331,19.38475,19.29349,19.01976,18.96732,7917,301,6,138,8.627775782004218e+18,QSO,1.82478,7663,57328,17
93701,1.2376802988923953e+18,1.56724070254643,22.8907782515194,24.48821,22.38449,20.81278,19.55611,18.94867,8108,301,5,251,8.6300710125272e+18,STAR,0.0001204415,7665,57328,175
78499,1.2376785792925043e+18,1.70400089752667,24.2185960047292,24.64676,21.65707,21.60084,21.55756,22.12066,7708,301,2,215,8.630266175841129e+18,GALAXY,0.03422311,7665,57328,885
55969,1.2376785798294405e+18,1.87123630084841,24.588282965941,24.55257,24.27367,22.07933,20.73167,19.85705,7708,301,3,216,8.630274422178339e+18,GALAXY,0.6045253,7665,57328,915
74566,1.2376785787555028e+18,1.35005510989851,23.7570261148008,26.40433,26.29016,22.54744,21.13193,19.87323,7708,301,1,213,8.630247484143457e+18,GALAXY,0.9482501,7665,57328,817
1046,1.2376794780072015e+18,0.115996882734692,22.7141636813664,29.19901,25.35543,23.48086,21.56495,17.17135,7917,301,4,105,8.630147978341144e+18,QSO,0.2539811,7665,57328,455
70058,1.2376785792919803e+18,0.249725245179775,24.1563796998644,23.44472,22.64783,21.80396,20.66421,19.75662,7708,301,2,207,8.630179314422536e+18,GALAXY,0.6839228,7665,57328,569
98772,1.237680299429e+18,0.886133454703668,23.2937601981484,24.29125,22.45014,20.8462,19.25103,18.4485,8108,301,6,247,8.630105647143475e+18,STAR,-0.0001358651,7665,57328,301
73702,1.2376785787559616e+18,2.3878538264446,23.7231978686127,27.00893,23.85195,22.31498,20.80286,19.88259,7708,301,1,220,8.630033629131856e+18,GALAXY,0.7570245,7665,57328,39
61434,1.2376785792873928e+18,348.921708236745,23.4502483090451,22.11378,21.73087,21.40322,20.95347,20.89655,7708,301,2,137,8.635725525950945e+18,QSO,3.211022,7670,57328,266
94730,1.2376663085606515e+18,4.49415779753195,24.4407611610629,24.14925,23.90928,22.16096,20.9617,19.98722,4851,301,2,58,8.628003380911167e+18,GALAXY,0.7619653,7663,57328,845
2199,1.2376802994293312e+18,1.6840802425196,23.427153535608,20.44868,20.14422,19.90563,19.58587,19.08315,8108,301,6,252,8.63006551496906e+18,QSO,0.402437,7665,57328,155
36418,1.2376794790821896e+18,3.07412240313585,23.6347194283364,23.10829,23.73492,21.9236,20.70069,19.92964,7917,301,6,124,8.627890131213508e+18,STAR,-0.0001134217,7663,57328,433
93225,1.2376802988923295e+18,1.39909616478843,22.9251932865305,22.38967,22.10801,22.12672,21.67714,21.85921,8108,301,5,250,8.630082832277199e+18,QSO,1.759516,7665,57328,218
31964,1.23767947800871e+18,3.8701516619825,22.8987776149024,23.57968,24.13293,21.84379,20.56075,19.81696,7917,301,4,128,8.627840103434443e+18,GALAXY,0.8323248,7663,57328,251
90873,1.2376785411621532e+18,349.953168642735,24.2284441318346,26.08301,23.57796,21.71211,20.49412,19.68513,7699,301,3,24,8.635914367073016e+18,GALAXY,0.6033021,7670,57328,953
87716,1.2376785792933568e+18,3.81962477611427,24.3067955981917,23.7512,21.89853,21.29993,21.1741,21.0413,7708,301,2,228,8.627971220196054e+18,STAR,-0.001024493,7663,57328,728
73114,1.2376785792879168e+18,350.235791850275,23.5639891431483,20.97905,21.01094,21.07232,20.72263,20.62177,7708,301,2,145,8.635659830131186e+18,QSO,1.934704,7670,57328,27
76262,1.2376794780071373e+18,359.932934393916,22.827125073168,26.97806,23.30022,21.70244,20.46621,19.63009,7917,301,4,104,8.630146878829517e+18,GALAXY,0.6894306,7665,57328,451
90104,1.237678578754913e+18,359.905408725985,23.7599060519871,22.90505,22.83278,21.50788,20.43369,19.71769,7708,301,1,204,8.630170518329514e+18,GALAXY,0.3759922,7665,57328,537
91150,1.2376785792934218e+18,4.00699871283882,24.2328883704824,19.17626,18.21587,17.92292,17.82762,17.83658,7708,301,2,229,8.627983589701868e+18,STAR,-0.0009745365,7663,57328,773
60970,1.2376794780085783e+18,3.41406641785034,22.8957531707572,24.68147,23.343,21.49776,20.35217,19.68579,7917,301,4,126,8.627872264149555e+18,GALAXY,0.6055302,7663,57328,368
78719,1.2376785792921766e+18,0.761427425773263,24.1066515982266,20.50081,20.13042,20.00714,19.583,19.36883,7708,301,2,210,8.630210650503928e+18,QSO,2.038589,7665,57328,683
34781,1.237679479080813e+18,359.640815716433,23.6171156348055,22.33797,21.00683,20.57374,20.43893,20.30779,7917,301,6,103,8.630165845405096e+18,QSO,3.019342,7665,57328,520
69378,1.237678578754913e+18,359.925268223561,23.6877409516024,22.42901,22.2808,21.51459,20.41635,19.68913,7708,301,1,204,8.630171068085328e+18,GALAXY,0.6315105,7665,57328,539
84115,1.2376785792877207e+18,349.687635684835,23.5471322603689,25.10771,23.56567,21.85226,20.74054,19.84013,7708,301,2,142,8.635683469631183e+18,STAR,4.009043e-05,7670,57328,113
17505,1.2376802994244815e+18,349.599233376897,22.7195451497729,20.67141,20.49555,20.4119,20.22622,20.47616,8108,301,6,178,8.635675773049788e+18,QSO,1.534442,7670,57328,85
76218,1.2376794780080543e+18,2.20401331026892,22.7696847572541,23.54595,22.74916,21.92133,20.84586,19.85487,7917,301,4,118,8.630036377910925e+18,GALAXY,0.6980268,7665,57328,49
50623,1.2376795429637332e+18,3.34521784353524,22.9126296776306,22.76323,24.13138,22.8339,20.84302,19.70788,7932,301,5,31,8.627881884876297e+18,GALAXY,1.406292,7663,57328,403
50691,1.2376785792879823e+18,350.317192898812,23.5146562595978,24.84882,21.89832,21.99191,21.95614,22.70639,7708,301,2,146,8.635654882328861e+18,QSO,2.804564,7670,57328,9
5036,1.2376802983556557e+18,1.8722617956098,22.5445956308963,26.61548,23.35798,22.17953,21.06727,19.96393,8108,301,4,253,8.630046273515574e+18,QSO,1.449316,7665,57328,85
36102,1.237679479076422e+18,348.808013267255,22.9100245298869,21.49438,20.59851,20.10053,19.8623,19.85246,7917,301,6,36,8.635732397898619e+18,STAR,-0.0007660089,7670,57328,291
18606,1.2376802994238264e+18,347.982723379144,22.6100209775921,21.50886,21.25485,20.91762,21.01148,20.92613,8108,301,6,168,8.635774454218381e+18,QSO,1.009002,7670,57328,444
16070,1.2376802983551311e+18,0.605479037976295,22.4626893446276,25.56468,22.69307,21.44385,20.32347,19.51007,8108,301,4,245,8.63012323932952e+18,GALAXY,0.5878022,7665,57328,365
81617,1.2376785792873272e+18,348.754329839916,23.4327095615794,22.10646,21.63541,21.77976,21.66883,20.92423,7708,301,2,136,8.635737895456759e+18,QSO,2.36949,7670,57328,311
97385,1.2376785792877204e+18,349.699660662107,23.4756210560655,22.78233,22.05873,21.98746,21.85245,21.26462,7708,301,2,142,8.63568099573002e+18,STAR,-0.0002343841,7670,57328,104
58549,1.2376794780073992e+18,0.539373247184585,22.8539677910099,26.49475,23.43396,21.88605,20.78058,20.02192,7917,301,4,108,8.630125438352774e+18,GALAXY,0.6022058,7665,57328,373
84200,1.2376785792924385e+18,1.40406692549078,24.1357108017941,20.435,19.96033,19.47696,19.15866,19.00611,7708,301,2,214,8.630244185608574e+18,QSO,1.441354,7665,57328,805
96828,1.2376785798241329e+18,348.599032350985,23.7343090865639,24.71359,23.41075,21.97861,20.54196,19.77902,7708,301,3,135,8.635750539840477e+18,GALAXY,0.7191547,7670,57328,357
65517,1.2376785792879173e+18,350.172467404622,23.595934588449,23.80711,21.21071,20.57382,20.2783,19.97963,7708,301,2,145,8.635660105009093e+18,STAR,-0.0001704735,7670,57328,28
89641,1.2376802988920678e+18,0.809800054224752,22.9823094430623,24.22431,23.62911,23.08029,21.08831,19.99502,8108,301,5,246,8.630116092503939e+18,GALAXY,0.7736351,7665,57328,339
29932,1.237679542964192e+18,4.43086981232409,23.0712111613771,24.33547,23.97351,22.28741,20.94082,19.81393,7932,301,5,38,8.627807118085609e+18,GALAXY,0.8314083,7663,57328,131
65508,1.2376785406248888e+18,349.057104895391,23.6272232338423,22.50037,22.55706,21.66392,20.53361,19.56522,7699,301,2,18,8.63571700473583e+18,GALAXY,0.8718576,7670,57328,235
3589,1.237680299424154e+18,348.93685283187,22.7238068938894,20.57035,20.23487,19.939,19.6194,19.33596,8108,301,6,173,8.635721127904433e+18,QSO,0.4571107,7670,57328,250
77179,1.2376785792931597e+18,3.31872822745754,24.2028344947607,21.35802,20.87603,20.86099,20.80401,20.70703,7708,301,2,225,8.62795005459722e+18,QSO,2.176032,7663,57328,651
84013,1.2376785792929633e+18,2.86346891520037,24.3173046291549,20.76663,21.13922,20.62772,20.76105,20.36867,7708,301,2,222,8.627915694858852e+18,QSO,1.273928,7663,57328,526
32252,1.237679478007858e+18,1.64863350594794,22.8488304042795,26.00271,23.39211,22.1911,20.77997,19.86776,7917,301,4,115,8.630059742533016e+18,GALAXY,0.68398,7665,57328,134
47888,1.2376785792878515e+18,350.070354134538,23.5844904891678,21.99618,20.58331,19.95278,19.74882,19.49298,7708,301,2,144,8.635660654764905e+18,STAR,1.60689e-05,7670,57328,30
83635,1.237678579287262e+18,348.526781060985,23.3168277265055,25.14637,23.78355,21.88095,20.75087,20.06563,7708,301,2,135,8.635787373480008e+18,GALAXY,0.0,7670,57328,491
66151,1.2376785792919803e+18,0.348634034038355,24.1389918290235,22.85734,23.32891,21.58497,20.0906,19.05435,7708,301,2,207,8.630189484905093e+18,STAR,-0.0001446949,7665,57328,606
18607,1.2376802994244165e+18,349.52395429672,22.7628938653386,21.61383,19.83098,19.16949,18.98757,18.87098,8108,301,6,177,8.635676597683509e+18,STAR,-0.0001301511,7670,57328,88
29007,1.2376802983555238e+18,1.51337606846602,22.5268344885352,21.62512,21.48604,21.51184,21.00488,21.28133,8108,301,4,251,8.630069088381852e+18,QSO,1.833693,7665,57328,168
7915,1.2376803021028723e+18,336.564090526144,24.3809916574748,21.91675,21.49345,21.3196,21.28167,21.3988,8109,301,3,87,8.610908998773e+18,QSO,0.8276694,7648,57329,96
5254,1.2376802758007857e+18,10.2839997466711,26.6175225322625,27.04947,22.21659,21.33169,20.17709,19.30687,8103,301,2,157,8.639182665403357e+18,GALAXY,0.8422515,7673,57329,555
2478,1.2376802752638487e+18,10.1882678019322,26.1915827412529,20.58744,20.59652,20.59658,20.21099,20.14742,8103,301,1,156,8.639174968821963e+18,QSO,1.566183,7673,57329,527
44542,1.237666275273082e+18,14.8149429887055,24.8222118648885,26.01049,23.24728,21.6979,20.67543,19.79188,4843,301,4,34,8.642454262251805e+18,GALAXY,0.6499593,7676,57329,169
45971,1.2376785406256745e+18,351.059623717004,23.8097484517779,20.562,19.58819,19.25187,19.10924,19.11226,7699,301,2,30,8.634610896055064e+18,STAR,-0.0008048682,7669,57329,307
43252,1.2376785406256742e+18,350.928585479622,23.8520001623294,19.2906,19.13758,18.84739,18.64903,18.65846,7699,301,2,30,8.634622440927157e+18,QSO,1.427029,7669,57329,349
67054,1.2376785792883103e+18,351.16192388064,23.6920259226231,25.74535,22.60646,21.09078,19.72969,19.05606,7708,301,2,151,8.634610071421344e+18,STAR,-0.0001335532,7669,57329,304
44331,1.2376785406255434e+18,350.618533341068,23.8442058000095,19.41823,19.05533,18.74983,18.5071,18.56155,7699,301,2,28,8.634634260677155e+18,QSO,1.628801,7669,57329,392
1659,1.23768033163097e+18,336.534808056615,26.2313787469722,22.08285,21.59034,21.39244,21.16492,21.19378,8116,301,2,90,8.611135498168326e+18,QSO,1.445206,7648,57329,920
93156,1.2376785411630052e+18,352.078298307289,24.3333686260637,23.79355,23.77368,21.92024,20.69295,19.85787,7699,301,3,37,8.634784069136438e+18,GALAXY,0.7236245,7669,57329,937
88943,1.237678579288114e+18,350.657026674651,23.655511761303,22.32323,21.65913,21.62825,21.38301,21.18944,7708,301,2,148,8.634631786775992e+18,QSO,2.426607,7669,57329,383
98417,1.2376805292003832e+18,336.017224795325,26.3477391038375,22.54976,20.97989,20.7883,20.98296,20.79617,8162,301,2,104,8.611098389650888e+18,QSO,3.069453,7648,57329,785
22517,1.237680299425268e+18,351.607880705207,22.9708813884927,21.41358,21.11323,20.86857,20.7654,20.26616,8108,301,6,190,8.634571313636464e+18,QSO,1.98728,7669,57329,163
45477,1.2376785406257395e+18,351.149503775318,23.8454923121067,21.83271,21.52259,21.2513,21.11594,20.85895,7699,301,2,31,8.634600725572508e+18,STAR,-3.45716e-05,7669,57329,270
36925,1.237679479077274e+18,350.904327883688,22.9628902021458,20.30899,20.07636,19.77724,19.7009,19.85381,7917,301,6,49,8.634617218246924e+18,QSO,1.37064,7669,57329,330
72329,1.2376785792887035e+18,352.100633554596,23.6310008783374,25.10887,23.31782,21.59272,20.25457,19.49463,7708,301,2,157,8.634553721450421e+18,GALAXY,0.7183079,7669,57329,99
83240,1.2376805291999895e+18,335.144709986243,25.974251008663,22.07874,22.05022,21.82854,21.48791,21.13937,8162,301,2,98,8.611043139191594e+18,GALAXY,0.7781351,7648,57329,584
74289,1.2376785792877855e+18,349.902112094201,23.4751971832266,19.39437,18.3478,17.97599,17.81603,17.73709,7708,301,2,143,8.634658724810874e+18,STAR,-0.0005012145,7669,57329,481
11296,1.2376803021027412e+18,336.256173777241,24.2038435742289,21.80555,21.00235,21.10761,21.2363,21.16588,8109,301,3,85,8.610929339738118e+18,STAR,-0.001043518,7648,57329,170
39986,1.2376805292000548e+18,335.250171571628,26.1863265589223,24.99768,24.16085,22.02594,20.61065,19.41264,8162,301,2,99,8.611053859429963e+18,GALAXY,0.8393788,7648,57329,623
74176,1.2376785792883763e+18,351.271313694456,23.6871910720088,23.23763,24.9667,22.0527,20.84699,19.92954,7708,301,2,152,8.634598801427158e+18,GALAXY,0.8787874,7669,57329,263
42926,1.237678540625937e+18,351.573975159516,23.8151700862736,20.94205,20.90541,20.6276,20.70689,20.44106,7699,301,2,34,8.634576261438791e+18,QSO,1.147041,7669,57329,181
74701,1.2376785792885071e+18,351.732391206335,23.6083451796964,25.2148,24.65039,22.01794,20.86049,19.95876,7708,301,2,154,8.634564166810883e+18,GALAXY,0.5533386,7669,57329,137
91093,1.2376803021028068e+18,336.399811271148,24.3163288017875,23.74376,22.36959,22.24305,20.79241,19.67556,8109,301,3,86,8.610918619499747e+18,STAR,-2.427159e-05,7648,57329,131
74733,1.2376785792879823e+18,350.311987461728,23.4628600226688,20.92862,19.82482,19.56567,19.49404,19.44013,7708,301,2,146,8.63465267749692e+18,QSO,2.866945,7669,57329,459
90834,1.2376785792879823e+18,350.333771913111,23.4886648099578,23.43348,22.09431,22.47003,22.27442,22.61159,7708,301,2,146,8.634652952374827e+18,STAR,-8.364938e-05,7669,57329,460
34456,1.237680305323901e+18,336.163129346504,23.6205390770229,21.27513,20.65868,21.29442,21.16006,19.3294,8110,301,1,84,8.610927690470676e+18,QSO,4.786499,7648,57329,164
36416,1.2376794790778634e+18,352.384423981759,23.1776537982625,18.3946,17.38839,17.01153,16.86769,16.80422,7917,301,6,58,8.634539702677166e+18,STAR,-0.0004245432,7669,57329,48
73878,1.2376785792879176e+18,350.1423738321,23.5861887209692,24.0006,25.90729,22.78928,21.25303,20.02456,7708,301,2,145,8.634654326764362e+18,GALAXY,0.8001773,7669,57329,465
62967,1.237678540625872e+18,351.540947571027,23.8105624553193,24.54771,23.64882,21.74708,20.47566,19.69035,7699,301,2,33,8.634576811194604e+18,STAR,-2.390308e-05,7669,57329,183
65433,1.2376803316301834e+18,334.660213642054,25.7030232830155,21.19443,20.25142,19.11131,18.59843,18.16221,8116,301,2,78,8.611035442610199e+18,GALAXY,0.34194,7648,57329,556
9929,1.2376785406257395e+18,351.09373957184,23.736540470924,24.55313,23.05186,22.37984,22.01888,19.27123,7699,301,2,31,8.634610621177159e+18,STAR,-3.247679e-05,7669,57329,306
72034,1.237678580361528e+18,349.698289798297,24.3050896909247,22.90467,23.32184,21.71561,20.44602,19.73362,7708,301,4,143,8.634668620415523e+18,GALAXY,0.5319321,7669,57329,517
95614,1.2376785798258363e+18,352.774637790527,24.1112187226035,23.10074,22.83985,21.17733,20.15924,18.87086,7708,301,3,161,8.634529532194609e+18,GALAXY,0.5828283,7669,57329,11
31516,1.2376803316304463e+18,335.188100248198,25.7691665002032,25.41603,23.64911,22.20407,20.75844,20.03206,8116,301,2,82,8.611057707720661e+18,STAR,-0.000261617,7648,57329,637
73654,1.2376785792881137e+18,350.648456172436,23.6371120556811,21.30046,21.4179,21.43923,20.97663,20.52798,7708,301,2,148,8.634632061653899e+18,QSO,1.913084,7669,57329,384
12343,1.2376785406261327e+18,352.075997309244,23.9655536874345,24.63465,22.5001,21.01995,20.67531,22.23625,7699,301,2,37,8.634545200235306e+18,STAR,-0.0001138125,7669,57329,68
46845,1.237678579288048e+18,350.507341297342,23.4567009569139,20.90982,20.69101,20.34992,20.24936,20.20263,7708,301,2,147,8.6346400331132e+18,QSO,1.424123,7669,57329,413
75278,1.2376785422361572e+18,350.559888529476,25.0125073194336,24.63975,23.90461,22.08357,20.905,19.99311,7699,301,5,28,8.634701605764355e+18,GALAXY,0.7320751,7669,57329,637
27128,1.2376785814435927e+18,10.8199543524981,25.9006332173279,23.19058,23.05633,21.47016,20.17545,19.4782,7708,301,6,270,8.63921125270568e+18,GALAXY,0.7233444,7673,57329,659
41252,1.2376803058603796e+18,335.158836830295,23.8065487634024,22.30664,23.61715,21.58804,20.40432,19.53021,8110,301,2,78,8.610992836534622e+18,GALAXY,0.6514543,7648,57329,401
46870,1.237680305861035e+18,336.71010506422,24.1500736577206,22.05096,24.66298,21.9121,20.59509,19.85233,8110,301,2,88,8.610906524871842e+18,GALAXY,0.780856,7648,57329,87
4292,1.2376802758007857e+18,10.3508650933973,26.7282702996025,26.40366,24.16644,21.85473,20.25453,19.48814,8103,301,2,157,8.639181565891729e+18,GALAXY,0.6512681,7673,57329,551
11473,1.2376785406253463e+18,350.099391444936,23.7598339762692,20.41175,22.1919,21.68387,21.21416,19.62366,7699,301,2,25,8.634653777008547e+18,QSO,0.8004703,7669,57329,463
64431,1.2376785792882447e+18,351.064652046963,23.7166261044663,22.17909,21.98285,21.45901,21.48442,20.84233,7708,301,2,150,8.634610346299251e+18,GALAXY,0.7876652,7669,57329,305
47000,1.2376785792885724e+18,351.821546278947,23.6639272273721,25.4719,21.79201,20.68957,20.16984,19.82235,7708,301,2,155,8.634555095839955e+18,STAR,-9.886536e-05,7669,57329,104
10470,1.2376785406252155e+18,349.796920680075,23.6851709483975,24.63465,23.67284,20.51241,19.82538,20.78442,7699,301,2,23,8.634659549444594e+18,STAR,-0.0002757657,7669,57329,484
86206,1.2376785792883758e+18,351.316342411718,23.5321327575627,23.77163,21.65803,20.91941,20.50309,20.52995,7708,301,2,152,8.634585332409719e+18,STAR,-0.001159843,7669,57329,214
93304,1.237678541162481e+18,350.834520834507,24.2535544247649,23.11452,23.08741,21.39338,20.31012,19.44904,7699,301,3,29,8.634714799903889e+18,GALAXY,0.723803,7669,57329,685
60948,1.237666276346234e+18,13.4150039451303,25.661140567598,24.11042,23.90404,22.04973,20.62406,19.25267,4843,301,6,25,8.642534526600632e+18,STAR,6.703792e-05,7676,57329,461
46863,1.237678579288441e+18,351.421069077036,23.5970895279507,22.68964,21.97747,21.37573,20.81463,20.3111,7708,301,2,153,8.634586706799252e+18,GALAXY,0.6930734,7669,57329,219
97544,1.2376803026407928e+18,339.072564558778,25.0969170552328,26.1007,23.15364,21.40842,20.26049,19.55132,8109,301,4,103,8.617653677992467e+18,GALAXY,0.6475282,7654,57330,57
83715,1.237680529200907e+18,337.374943321826,26.5489533620909,20.59564,20.63789,20.6616,20.30089,20.28349,8162,301,2,112,8.617801837184309e+18,QSO,1.85522,7654,57330,596
34094,1.2376803321680384e+18,336.924672825561,26.6058016915446,26.82278,23.67801,22.43437,20.83636,19.74099,8116,301,3,93,8.617789467678496e+18,GALAXY,0.8607277,7654,57330,551
40606,1.2376805297381711e+18,338.330510272479,27.1755474256901,21.32637,21.10084,21.06477,20.74286,20.36126,8162,301,3,118,8.617863684713372e+18,QSO,1.802848,7654,57330,821
85234,1.237680529201038e+18,337.755453989997,26.5300852282185,22.3941,22.2056,21.64226,22.14234,21.45641,8162,301,2,114,8.617824377172679e+18,GALAXY,0.3462607,7654,57330,678
28738,1.237680302103724e+18,338.547144187,24.6034927396088,25.22461,23.89227,21.91038,20.69045,19.81003,8109,301,3,100,8.617682815050601e+18,STAR,6.643392e-05,7654,57330,163
84170,1.2376805292012347e+18,338.187024113087,26.649658277546,20.99371,20.86013,20.77443,20.76267,20.49301,8162,301,2,117,8.617841969358723e+18,QSO,2.121984,7654,57330,742
10628,1.2376803021037243e+18,338.674528917064,24.7624549423505,23.00342,21.43524,20.80684,20.66711,20.76954,8109,301,3,100,8.61766769676572e+18,STAR,-0.0004712939,7654,57330,108
7140,1.2376803021036595e+18,338.396723574835,24.5384347554471,24.28447,24.52921,22.0969,20.87217,19.96444,8109,301,3,99,8.61769381016688e+18,STAR,-0.0002183579,7654,57330,203
78246,1.237680331631035e+18,336.631133917233,26.1235637115435,24.39004,24.25084,21.86423,20.56033,19.70182,8116,301,2,91,8.617778472562219e+18,GALAXY,0.6760137,7654,57330,511
84541,1.2376805292011692e+18,338.089615328789,26.6996142341923,22.23124,22.05053,21.99375,21.82759,21.13841,8162,301,2,116,8.617846367405233e+18,STAR,0.0005656002,7654,57330,758
99356,1.237680302640923e+18,339.390815643348,25.2999033101286,25.44455,23.23904,22.34072,21.29816,19.28711,8109,301,4,105,8.617643232632e+18,STAR,-0.000101886,7654,57330,19
80563,1.237680331631035e+18,336.678523328812,26.2237157710339,24.75837,23.60128,21.8536,20.71933,19.74006,8116,301,2,91,8.617850765451745e+18,GALAXY,0.0,7654,57330,774
83716,1.2376805292009723e+18,337.628877067333,26.5039691868759,22.11492,21.86215,21.98248,21.52623,21.02277,8162,301,2,113,8.61781173278896e+18,QSO,1.74851,7654,57330,632
82373,1.23767887996217e+18,34.9792589213555,-2.75359403786534,24.32936,23.52152,22.01838,20.48544,19.61344,7778,301,2,550,8.875676071699437e+18,STAR,0.0001151127,7883,57331,753
63788,1.2376792552015142e+18,18.8168243661236,-4.20806804739418,24.58672,23.50646,22.06812,20.95048,19.96081,7865,301,5,40,8.910480562520874e+18,QSO,1.001048,7914,57331,395
22055,1.2376792546712622e+18,33.9361305087285,-3.98116635951521,22.36759,21.89393,21.80824,21.37648,20.83279,7865,301,4,141,8.875601030030842e+18,QSO,1.859073,7883,57331,480
21825,1.2376792546716557e+18,34.8771346324617,-4.05048112532926,23.65456,22.03814,21.24405,20.46915,19.88874,7865,301,4,147,8.875554850542475e+18,STAR,-0.0007581422,7883,57331,312
88593,1.2376794345271468e+18,19.9045293014774,-2.63905070212006,24.82036,23.20039,21.99013,20.49798,19.80653,7907,301,3,204,8.910619650741788e+18,GALAXY,0.7525145,7914,57331,901
51091,1.2376793233984072e+18,35.4396668152749,-4.14917313041279,26.92642,23.94023,22.73508,20.97828,19.91462,7881,301,4,258,8.875521040559921e+18,GALAXY,0.7694162,7883,57331,189
6234,1.2376792546644462e+18,18.3460653957776,-4.60074525577819,22.39848,22.11395,21.6967,20.66198,19.88155,7865,301,4,37,8.91049705519529e+18,QSO,1.246748,7914,57331,455
24207,1.237679254665233e+18,20.1461511966118,-4.49938808839487,22.29508,22.14994,21.73462,21.89066,21.62555,7865,301,4,49,8.910389028177861e+18,QSO,2.412563,7914,57331,62
23686,1.2376792546649705e+18,19.6153490895787,-4.53718034661467,21.78811,21.54397,21.24639,20.8465,20.93215,7865,301,4,45,8.910422013526694e+18,QSO,1.537173,7914,57331,182
73655,1.2376793228549169e+18,20.3244975051622,-5.06832416349988,25.02163,22.93516,21.53009,20.19422,19.55094,7881,301,3,157,8.910384905009256e+18,GALAXY,0.6190667,7914,57331,47
70980,1.2376793223247951e+18,35.7211114444765,-4.96916923814497,21.04179,21.04532,20.90969,20.59887,20.79681,7881,301,2,260,8.875503998129692e+18,GALAXY,0.7406976,7883,57331,127
83392,1.237679255201842e+18,19.5004513809772,-4.12933545614318,23.42374,22.78743,22.10892,20.67885,19.88755,7865,301,5,45,8.910436032299949e+18,GALAXY,0.7127973,7914,57331,233
92144,1.237679322861732e+18,35.8633651624378,-4.52049572466479,22.02658,20.10088,19.31791,19.04648,18.87905,7881,301,3,261,8.875495202036668e+18,STAR,0.0001973591,7883,57331,95
97478,1.237679254127838e+18,19.0032295023801,-5.00576073111349,23.89292,23.10315,21.57956,20.19863,19.52054,7865,301,3,41,8.910462420579015e+18,GALAXY,0.7402832,7914,57331,329
20404,1.237679254672114e+18,35.925162604323,-4.00351837946943,21.4367,21.67838,21.12656,21.16424,21.03192,7865,301,4,154,8.875490529112249e+18,QSO,1.244746,7883,57331,78
49495,1.2376793233914598e+18,19.5769029791799,-4.75375014956463,23.75411,22.87143,21.38341,20.29785,19.59573,7881,301,4,152,8.910429984986e+18,GALAXY,0.5449721,7914,57331,211
20634,1.2376792546715896e+18,34.6282907284835,-4.05164754537784,23.95242,21.37685,21.07824,20.94468,20.81094,7865,301,4,146,8.875566395414567e+18,QSO,3.263105,7883,57331,354
89859,1.2376793228545231e+18,19.4344999236763,-5.18117565857404,23.93999,22.67859,21.21852,19.83876,18.64299,7881,301,3,151,8.910441254980179e+18,STAR,0.0001359509,7914,57331,252
4106,1.2376793244657254e+18,20.7023810912954,-3.88822347706173,24.63462,23.03648,21.38901,20.1458,22.8269,7881,301,6,160,8.910382156230187e+18,QSO,6.983865,7914,57331,37
60570,1.2376788879814167e+18,19.7633958761298,-3.47781672488524,22.59436,22.27913,21.98994,22.2288,22.08894,7780,301,1,34,8.910603432945277e+18,QSO,1.46868,7914,57331,842
64960,1.2376792552016453e+18,19.0749480413928,-4.20874187428986,26.27177,23.72511,21.68835,20.36836,19.52817,7865,301,5,42,8.910458022532504e+18,GALAXY,0.7321959,7914,57331,313
40900,1.2376794334529464e+18,18.8312968989813,-3.55949064523499,23.57405,23.39426,22.0072,20.60052,19.52107,7907,301,1,197,8.91054928199761e+18,GALAXY,0.7936157,7914,57331,645
41707,1.2376794334530117e+18,18.9250550532174,-3.65428460371917,22.51847,23.32927,22.13525,20.90786,19.93854,7907,301,1,198,8.910550931265052e+18,GALAXY,0.7064776,7914,57331,651
92991,1.2376793228543263e+18,18.8964507920807,-5.26133022886992,23.76648,21.79737,20.69543,20.23403,19.97464,7881,301,3,148,8.910471766427851e+18,STAR,-0.0001361561,7914,57331,363
96156,1.2376788799617764e+18,34.1154280164023,-2.79006981091856,19.78109,17.74504,16.8596,16.46623,16.16689,7778,301,2,544,8.875618072461072e+18,GALAXY,0.06579855,7883,57331,542
6139,1.23767925467159e+18,34.7764474291641,-4.10651947072334,26.53778,23.34064,21.75554,20.41703,19.47174,7865,301,4,146,8.875554025908755e+18,GALAXY,0.7884135,7883,57331,309
20949,1.2376792546716552e+18,34.8034590966199,-4.11707569605035,21.48895,20.99035,20.86068,20.65947,20.79064,7865,301,4,147,8.87555430078666e+18,STAR,-0.0004290846,7883,57331,310
70019,1.237679433452749e+18,18.4087082703924,-3.64704139195245,21.73537,21.80701,21.30239,21.1223,20.92179,7907,301,1,194,8.910518220794124e+18,QSO,1.179326,7914,57331,532
68633,1.2376793223246643e+18,35.4182280687427,-5.06851891109197,21.83357,20.83079,20.52712,20.42892,20.47306,7881,301,2,258,8.875514168612248e+18,STAR,-0.00015687,7883,57331,164
80847,1.2376792552083955e+18,34.4656800368277,-3.63652354021903,22.55284,23.43577,21.87845,20.71902,19.76696,7865,301,5,145,8.875637039036652e+18,GALAXY,0.691188,7883,57331,611
43596,1.2376793228549164e+18,20.250209818335,-5.05153713774479,22.03563,21.45545,21.3672,20.92149,21.27473,7881,301,3,157,8.910384080375536e+18,QSO,1.707767,7914,57331,44
89314,1.2376792552088545e+18,35.6005830955236,-3.4927031059564,21.9784,23.61519,22.373,21.30452,19.97424,7865,301,5,152,8.87571455460641e+18,GALAXY,0.7991679,7883,57331,893
91121,1.23767932285472e+18,19.8905189158793,-5.2428502636625,24.1928,23.137,21.81404,20.64117,20.00665,7881,301,3,154,8.910406070608091e+18,STAR,6.50258e-05,7914,57331,124
68867,1.237679433452749e+18,18.3885623346053,-3.49518815059332,20.6969,20.67298,20.01294,19.98372,20.07029,7907,301,1,194,8.910516021770869e+18,QSO,1.314538,7914,57331,524
80000,1.2376792552080678e+18,33.8282059929977,-3.58714109704532,24.14002,25.33319,21.3655,20.17523,19.21571,7865,301,5,140,8.875614499048282e+18,GALAXY,0.7516561,7883,57331,529
61028,1.237679323398144e+18,34.8586996423908,-4.33054862778364,25.14523,23.95244,21.27998,20.2158,19.55999,7881,301,4,254,8.875552376641312e+18,GALAXY,0.6535378,7883,57331,303
80095,1.23767887996217e+18,34.9352137540178,-2.73919306647838,24.65215,23.10345,21.87606,20.59172,19.86629,7778,301,2,550,8.875673322920368e+18,STAR,8.510074e-05,7883,57331,743
91156,1.2376793228542612e+18,18.8214288515119,-5.13829435827185,25.7038,22.30434,20.86704,20.89336,21.14691,7881,301,3,147,8.910482761544129e+18,QSO,3.871221,7914,57331,403
64673,1.2376792552081329e+18,33.8708635025487,-3.75147169970149,22.05531,20.09559,18.98455,18.54946,18.1889,7865,301,5,141,8.87561559855991e+18,GALAXY,0.0,7883,57331,533
92493,1.237679322861601e+18,35.6318203801687,-4.54901428278517,19.45452,19.46352,19.46031,19.24053,19.19297,7881,301,3,259,8.875506472030853e+18,QSO,1.818544,7883,57331,136
78530,1.23767925520833e+18,34.3257709835685,-3.68436483598041,24.03819,23.46998,21.7331,20.5004,19.76569,7865,301,5,144,8.875638688304093e+18,GALAXY,0.7656016,7883,57331,617
22805,1.237679254664643e+18,18.8650658028734,-4.46656979430639,22.74581,21.41049,21.02192,20.91588,20.32589,7865,301,4,40,8.910465719113898e+18,QSO,0.209375,7914,57331,341
75316,1.2376793228547205e+18,19.8634166403886,-5.15765556074134,27.04901,23.27506,21.23875,20.12046,19.46967,7881,301,3,154,8.910418440113904e+18,GALAXY,0.7174762,7914,57331,169
70205,1.23767943345288e+18,18.6303013265992,-3.54037028947877,21.70299,21.36722,21.04762,20.87191,20.4955,7907,301,1,196,8.910538561759238e+18,QSO,0.9813766,7914,57331,606
23138,1.2376792546721797e+18,35.9860710668387,-4.04985739674246,21.48078,22.07924,21.21863,21.41237,21.91226,7865,301,4,155,8.875489429600623e+18,GALAXY,0.2091488,7883,57331,74
62540,1.2376793233978163e+18,34.0403853104218,-4.21679047457243,22.06326,19.76753,18.5738,18.11394,17.67606,7881,301,4,249,8.87559855612968e+18,GALAXY,0.1539935,7883,57331,471
75166,1.2376792552089198e+18,35.7942221158359,-3.50441787476797,25.31587,23.22615,21.203,20.10297,19.45807,7865,301,5,153,8.875723900455247e+18,GALAXY,0.6149512,7883,57331,927
71500,1.2376794334528143e+18,18.4989322918654,-3.68181890716997,20.71808,20.80193,20.34009,20.42719,20.4029,7907,301,1,195,8.910527841520867e+18,QSO,1.320961,7914,57331,567
92330,1.2376793228544576e+18,19.2157296761722,-5.17285148843371,21.57173,21.59413,21.21517,21.19238,20.98554,7881,301,3,150,8.910450875706923e+18,QSO,0.9876435,7914,57331,287
57646,1.23767932285472e+18,19.8279916642734,-5.16124479799498,22.70056,22.89309,21.62144,20.59252,19.91517,7881,301,3,154,8.910418989869716e+18,GALAXY,0.6739674,7914,57331,171
44879,1.237679254665167e+18,19.9442808504462,-4.61073960552718,22.41263,21.6344,21.89962,21.84302,21.74748,7865,301,4,48,8.910409644020881e+18,QSO,2.193663,7914,57331,137
32587,1.2376794345270154e+18,19.5581438768399,-2.68187434221434,25.79716,23.67456,21.7821,20.75894,19.93327,7907,301,3,202,8.910599309776672e+18,GALAXY,0.5951731,7914,57331,827
44878,1.2376793228547855e+18,20.0327491482201,-5.16425450344654,22.53915,21.91476,21.63881,21.52182,21.0672,7881,301,3,155,8.910394525736e+18,QSO,2.284211,7914,57331,82
23428,1.2376792546648392e+18,19.2456295099814,-4.48215199948011,21.24546,20.02527,19.54901,19.37239,19.43755,7865,301,4,43,8.910445103270877e+18,STAR,-0.0004691296,7914,57331,266
79168,1.237679322854458e+18,19.2819801588294,-5.06087303564374,22.4306,24.35482,22.09912,21.07197,19.94547,7881,301,3,150,8.910451425462736e+18,GALAXY,0.8568321,7914,57331,289
11172,1.2376803058654254e+18,347.534689704144,25.8523208635221,21.9072,22.19848,22.16096,21.97303,23.06479,8110,301,2,155,8.675304646083107e+18,QSO,2.353381,7705,57332,894
7595,1.2376634626076188e+18,351.560233283329,0.756476773616752,23.90357,23.09616,22.05317,21.78816,23.18612,4188,301,5,53,9.867648865225955e+18,GALAXY,0.1904775,8764,57332,953
52107,1.2376634626069627e+18,350.066632853493,0.767736231212185,23.44203,22.5324,21.96659,21.74031,21.56186,4188,301,5,43,9.867573273801544e+18,GALAXY,1.180972,8764,57332,678
62158,1.2376793233957197e+18,29.2756717595007,-4.38384177642268,22.68063,20.09235,19.14983,18.7111,18.3096,7881,301,4,217,8.884606305157011e+18,GALAXY,0.1360668,7891,57332,473
77200,1.2376637831191593e+18,349.779254042087,-0.805997160021613,18.44556,17.40876,17.11075,16.98128,16.96829,4263,301,2,47,9.867498781888764e+18,STAR,-0.0001580938,8764,57332,407
1157,1.237672816511943e+18,346.492886082104,24.1989606283117,19.67065,19.31953,19.10705,18.96112,18.72513,6366,301,4,90,8.675162809083124e+18,QSO,0.8732762,7705,57332,378
68809,1.2376793223227635e+18,31.1114952089982,-5.31629047342343,20.22064,19.95262,19.83455,19.69503,19.33712,7881,301,2,229,8.884501026918651e+18,QSO,2.164124,7891,57332,90
28093,1.2376634626067016e+18,349.428796065624,0.828130062805741,22.81258,22.91581,21.81618,22.94037,21.89796,4188,301,5,39,9.867537539673643e+18,GALAXY,0.1496915,8764,57332,548
97357,1.237679322859111e+18,29.9039242456951,-4.93602189087581,22.45222,23.5063,21.94397,20.88329,19.95557,7881,301,3,221,8.884578267610502e+18,GALAXY,1.075538,7891,57332,371
38543,1.237678879423398e+18,30.5933364300643,-3.15496337205693,21.87155,20.00318,18.93399,18.4793,18.17235,7778,301,1,521,8.884695090720953e+18,GALAXY,0.1557931,7891,57332,796
67544,1.2376637831190287e+18,349.495609518089,-0.65229057863952,22.62598,22.27101,22.10297,21.48157,21.44546,4263,301,2,45,9.86751087651667e+18,GALAXY,0.8561508,8764,57332,451
23160,1.2376792546694927e+18,29.8860359322812,-4.30383651682153,23.16601,21.76718,21.56512,21.3596,21.89721,7865,301,4,114,8.884582940534921e+18,STAR,-0.0004541318,7891,57332,388
17704,1.2376634626076838e+18,351.579206867228,0.743824628434517,22.96152,22.76619,22.2181,22.06488,21.6572,4188,301,5,54,9.867649414981767e+18,QSO,1.943874,8764,57332,955
95,1.2376661845683085e+18,348.335814703174,25.6855811217627,23.93912,22.92743,21.78178,20.69582,19.83773,4822,301,3,437,8.675068525961042e+18,GALAXY,0.6862542,7705,57332,35
80085,1.237666408437842e+18,349.518039121491,0.312194661078108,19.06977,18.20577,17.83176,17.68094,17.60939,4874,301,4,351,9.867541662842247e+18,STAR,-0.0003930212,8764,57332,563
60689,1.2376793233957192e+18,29.2221531110027,-4.40523494689377,23.27302,20.10172,18.97864,18.54244,18.2972,7881,301,4,217,8.884609878569802e+18,GALAXY,0.1372761,7891,57332,486
44368,1.2376803058657536e+18,348.359224996119,25.9830371174034,23.92835,23.48314,22.12409,20.77906,19.8792,8110,301,2,160,8.675332408751709e+18,GALAXY,0.6087319,7705,57332,995
52933,1.2376634626074217e+18,350.979935291673,0.720257109224546,23.64511,22.49575,21.9297,21.53621,22.14995,4188,301,5,50,9.867625775481772e+18,GALAXY,0.9470374,8764,57332,869
84006,1.2376727649771192e+18,346.273285667949,24.7893170694426,20.65129,20.20057,19.81789,19.6751,19.61721,6354,301,4,163,8.675159235670332e+18,QSO,1.13229,7705,57332,365
73512,1.237663462607749e+18,351.786754403546,0.775619038960508,17.86093,16.96491,16.67578,16.57425,16.55005,4188,301,5,55,9.867647765714328e+18,STAR,-0.0004140429,8764,57332,949
24933,1.2376634626075535e+18,351.392881649258,0.804585738529779,22.77858,22.983,22.40321,22.24231,20.89486,4188,301,5,52,9.867635945964329e+18,GALAXY,0.7972188,8764,57332,906
46958,1.2376793244695265e+18,29.3699569609299,-3.6624237432404,21.74422,20.4192,21.37391,21.22057,19.9554,7881,301,6,218,8.8846216983198e+18,STAR,-0.0004662556,7891,57332,529
30551,1.2376634626075535e+18,351.371851774523,0.789831458492183,23.02196,22.77901,21.99203,22.80026,22.07514,4188,301,5,52,9.867636495720145e+18,GALAXY,0.2093203,8764,57332,908
67545,1.2376637831190943e+18,349.645344914172,-0.783609532265548,23.08865,22.36689,22.25639,22.36184,21.64104,4263,301,2,46,9.867510051882949e+18,GALAXY,1.210704,8764,57332,448
49683,1.2376634626067663e+18,349.540123084737,0.837917506357654,23.8176,22.60858,22.74044,21.68234,20.92905,4188,301,5,40,9.867540013574806e+18,GALAXY,0.9124457,8764,57332,557
31035,1.2376634626076846e+18,351.701247493409,0.703914344121184,21.97712,22.03594,21.87239,20.86119,20.53472,4188,301,5,54,9.86764749083642e+18,GALAXY,0.7783247,8764,57332,948
79283,1.2376637831200115e+18,351.655008670975,-0.792478577835616,23.18357,22.27151,21.98592,21.87235,21.52184,4263,301,2,60,9.867399550964355e+18,QSO,1.733566,8764,57332,46
8782,1.2376727644400527e+18,345.776232167892,25.0609501037475,25.51175,23.70351,21.53589,20.29585,19.56839,6354,301,3,160,8.675194969798237e+18,GALAXY,0.537564,7705,57332,495
9193,1.2376634626071598e+18,350.431147839865,0.791333578934745,25.83121,22.09264,21.33355,20.78691,20.35839,4188,301,5,46,9.867594164522471e+18,GALAXY,0.9873198,8764,57332,754
44828,1.2376793228594383e+18,30.5887098856544,-4.73907933957818,23.05128,21.42435,21.29767,21.05203,20.69257,7881,301,3,226,8.884536761046556e+18,STAR,-0.0002533834,7891,57332,220
50134,1.2376634626073564e+18,350.878807502013,0.637472084971558,22.92906,22.48097,22.07335,21.42407,22.14106,4188,301,5,49,9.86761615475503e+18,GALAXY,0.2458872,8764,57332,834
68631,1.2376793223223053e+18,30.0765734728424,-5.30965964009062,20.94368,20.68138,20.56901,20.3897,20.35564,7881,301,2,222,8.884564523715155e+18,QSO,1.54735,7891,57332,321
24141,1.2376792546694267e+18,29.6848449237002,-4.32904240202791,22.39787,22.32131,21.84549,21.93901,21.64084,7865,301,4,113,8.884593935651198e+18,GALAXY,1.607648,7891,57332,428
29513,1.2376792546698857e+18,30.8117847429315,-4.1120447416474,25.01068,23.97526,22.30823,20.86818,19.81887,7865,301,4,120,8.88452823983144e+18,STAR,8.777822e-05,7891,57332,189
79804,1.2376727660506655e+18,346.948311015936,25.6840016978442,22.65701,21.27622,21.02466,20.81724,20.35891,6354,301,6,160,8.675273310001715e+18,QSO,2.32949,7705,57332,780
8141,1.237663462607225e+18,350.608068391402,0.790987783349195,23.75406,22.68501,22.25787,21.14814,21.64743,4188,301,5,47,9.867605434516658e+18,GALAXY,0.9367529,8764,57332,795
87080,1.2376793228595697e+18,30.9651997193888,-4.71727040523485,23.02503,25.21222,22.79452,21.34122,19.06258,7881,301,3,228,8.884523841784928e+18,GALAXY,0.4349546,7891,57332,173
74463,1.2376727644396595e+18,345.306606439178,25.8734938971385,25.51649,23.07396,21.79523,20.69652,20.01538,6354,301,3,154,8.675199367844747e+18,GALAXY,0.5348451,7705,57332,511
976,1.2376728165112223e+18,345.655769466331,25.6624621478772,20.64839,20.21793,19.84444,19.56109,19.59421,6366,301,4,79,8.675207339304048e+18,QSO,1.570645,7705,57332,540
10631,1.2376634626066355e+18,349.325016541189,0.659793450465596,23.37169,22.71007,22.387,21.98752,21.70815,4188,301,5,38,9.86753698991783e+18,GALAXY,0.991244,8764,57332,546
5492,1.2376728165117463e+18,346.255475735756,24.6925948236958,20.78401,20.62257,20.57923,20.27703,19.91671,6366,301,4,87,8.675160884937774e+18,QSO,2.162245,7705,57332,371
12224,1.237663783119226e+18,349.870281145147,-0.638635749919203,19.78842,20.25345,19.39183,20.30905,17.55096,4263,301,2,48,9.86750180554574e+18,GALAXY,1.060968,8764,57332,418
44117,1.2376792546694267e+18,29.7238046209897,-4.1678904624666,22.12359,21.77317,21.84414,21.74419,22.31966,7865,301,4,113,8.884596409552361e+18,QSO,1.579246,7891,57332,437
11596,1.2376803058651633e+18,346.986425495485,25.8392382315127,21.88671,21.75477,21.09271,20.44503,20.34132,8110,301,2,151,8.675273035123808e+18,QSO,1.751979,7705,57332,779
49304,1.2376634626066355e+18,349.314255108585,0.763647494627281,23.34981,22.64556,22.32091,22.21931,21.22769,4188,301,5,38,9.867536165284108e+18,GALAXY,1.39688,8764,57332,543
46806,1.2376803058653606e+18,347.506679212126,25.7751083505258,26.92977,22.81142,21.72477,20.43006,19.71579,8110,301,2,154,8.675305470716828e+18,QSO,1.54767,7705,57332,897
52108,1.237663462607094e+18,350.247769247176,0.774864350293596,23.28178,21.8629,21.14547,20.58362,20.13954,4188,301,5,45,9.867583719162008e+18,GALAXY,0.766838,8764,57332,716
30697,1.237663462607226e+18,350.578443465391,0.760661711940402,21.1155,20.45146,20.80324,19.72409,26.2969,4188,301,5,47,9.867604884760844e+18,QSO,0.5909213,8764,57332,793
50393,1.237679323395851e+18,29.5283392500233,-4.4432828647552,22.38979,25.16232,22.28984,21.05296,19.94063,7881,301,4,219,8.884593111017478e+18,STAR,-6.05291e-05,7891,57332,425
45785,1.2376793244703127e+18,31.1469697762475,-3.59946556027408,23.71744,22.15083,22.32136,21.90353,20.68858,7881,301,6,230,8.884721479000021e+18,GALAXY,0.137839,7891,57332,892
52599,1.23768027632953e+18,349.505467601985,26.3998623708376,21.96828,23.14568,22.50741,21.18855,20.03626,8103,301,3,33,8.673008041187367e+18,GALAXY,0.6076168,7703,57333,731
30338,1.237679254669034e+18,28.8121826956652,-4.19146757199923,22.66205,22.22285,21.98551,22.04732,22.30944,7865,301,4,107,8.885643694394595e+18,STAR,-0.0003638813,7892,57333,151
30328,1.2376662462993536e+18,348.819958654933,25.1451516745854,25.00489,21.35905,20.82712,20.40618,19.9177,4836,301,6,298,8.672920630012959e+18,QSO,3.279615,7703,57333,413
7139,1.2376802757931172e+18,350.712827474098,25.930881568558,20.94831,20.90255,21.51122,22.05165,20.51685,8103,301,2,40,8.672827171524599e+18,GALAXY,0.9216545,7703,57333,73
13746,1.2376803058663432e+18,349.863525467331,26.1627908337481,26.07853,23.00351,21.62699,20.45013,19.57811,8110,301,2,169,8.672861806140872e+18,STAR,-1.766499e-05,7703,57333,199
77161,1.2376792552024315e+18,20.8516139296118,-4.15977548970593,22.86446,24.10189,21.69019,20.55145,19.75541,7865,301,5,54,8.909365108008048e+18,GALAXY,0.7367816,7913,57333,433
84190,1.2376802774033377e+18,349.505719136797,27.1078323039696,25.75895,23.80309,21.6658,20.41088,19.71759,8103,301,5,34,8.673000894361785e+18,GALAXY,0.604315,7703,57333,705
10336,1.2376634626084047e+18,353.240996412638,0.761715822997082,23.32131,21.91283,21.39604,21.37246,24.24891,4188,301,5,65,9.869798960230849e+18,GALAXY,0.1207264,8766,57333,583
52591,1.2376790791311854e+18,11.9281783463088,-4.20230276610889,22.53067,22.1752,22.10659,21.82786,21.16819,7824,301,5,396,8.901442851852016e+18,GALAXY,0.1024376,7906,57333,284
10347,1.2376803058663434e+18,349.920382978564,26.2587459807628,23.12288,23.16801,21.74625,20.3554,19.54525,8110,301,2,169,8.673041576292014e+18,STAR,-5.101245e-07,7703,57333,853
59950,1.2376793233883796e+18,12.4877802868474,-4.8614846740149,24.42155,23.17386,21.22535,20.11794,19.27839,7881,301,4,105,8.901398596509e+18,GALAXY,0.6533814,7906,57333,123
70845,1.2376637836582587e+18,354.848880153566,-0.350872476923833,24.09465,22.70123,22.48293,21.64221,21.82045,4263,301,3,81,9.869660696643656e+18,GALAXY,1.049406,8766,57333,80
10316,1.2376637841947366e+18,353.96102633791,0.0875602598338089,23.00447,22.65775,22.31374,22.44259,22.40423,4263,301,4,75,9.869840466794795e+18,GALAXY,1.059315,8766,57333,734
90500,1.2376793228585216e+18,28.6230663799076,-4.94753085220435,23.33729,22.66585,22.03694,20.91184,19.96633,7881,301,3,212,8.885648092441107e+18,GALAXY,0.8075888,7892,57333,167
64188,1.2376792552025623e+18,21.1505491994873,-4.05802359304225,21.8598,21.78889,20.04548,19.30717,18.85785,7865,301,5,56,8.909354112891771e+18,GALAXY,0.4025212,7913,57333,393
4720,1.2376802752562468e+18,350.753758697471,25.6981429048935,22.46008,21.55679,21.04517,20.82371,21.46267,8103,301,1,40,8.672814527140878e+18,STAR,-0.000657069,7703,57333,27
88359,1.237679322858587e+18,28.678816279469,-4.91459118469628,23.90832,22.71876,21.51959,20.50125,19.75121,7881,301,3,213,8.885647542685293e+18,GALAXY,0.5581176,7892,57333,165
75123,1.2376793228556375e+18,21.9338852434172,-5.16446229401148,26.54502,23.52337,21.64519,20.62273,19.94808,7881,301,3,168,8.909301336333639e+18,GALAXY,0.4930696,7913,57333,201
81128,1.2376637831207982e+18,353.506422023427,-0.630716945991616,24.47408,23.31161,22.9569,22.54145,22.6776,4263,301,2,72,9.86974316001574e+18,GALAXY,1.053676,8766,57333,380
59822,1.2376788879816788e+18,20.4481428781365,-3.56850673429656,24.33584,22.32495,20.80458,19.77507,18.97304,7780,301,1,38,8.90938654848479e+18,STAR,5.097343e-05,7913,57333,511
70915,1.2376794334503242e+18,12.7817781502003,-3.65962550696781,22.24883,21.45158,21.03818,20.93809,20.93128,7907,301,1,157,8.901622622003157e+18,QSO,1.626341,7906,57333,938
81034,1.2376794345233457e+18,11.2373929451712,-2.83549171886536,24.5792,25.07977,21.90035,20.61726,19.85608,7907,301,3,146,8.901525590102007e+18,GALAXY,0.676374,7906,57333,585
71488,1.2376792552061015e+18,29.2389466610513,-3.82311585523793,23.80406,23.28297,21.51656,20.37472,19.68814,7865,301,5,110,8.885871293301546e+18,GALAXY,0.8345049,7892,57333,979
24376,1.2376792546657567e+18,21.2964812714354,-4.57699792247226,21.2222,21.19082,20.80462,20.69592,20.80987,7865,301,4,57,8.909346416310376e+18,QSO,1.32548,7913,57333,365
61446,1.237679255202301e+18,20.5932926617357,-4.06360863993492,26.36928,23.36437,21.61888,20.47706,19.75173,7865,301,5,52,8.909377202635953e+18,GALAXY,0.6067063,7913,57333,477
9789,1.2376634626083397e+18,353.171724930991,0.654999592402412,22.63838,22.23583,22.19485,21.12582,21.94688,4188,301,5,64,9.869803083399453e+18,GALAXY,0.9191925,8766,57333,598
90630,1.2376794345276055e+18,20.8529659047483,-2.69591027666292,25.34519,24.18749,21.4975,20.25314,19.33682,7907,301,3,211,8.909407988961531e+18,GALAXY,0.7487656,7913,57333,589
44667,1.2376793228581934e+18,27.8400821350598,-5.01801977027126,22.09848,21.50363,21.2694,21.35491,21.12432,7881,301,3,207,8.885702243388774e+18,STAR,-0.0003010849,7892,57333,364
69826,1.237679433450128e+18,12.372754288736,-3.56774264955503,22.29607,21.82115,21.5102,21.09198,21.34572,7907,301,1,154,8.901600631770601e+18,QSO,1.563959,7906,57333,858
71287,1.2376788799563374e+18,21.6835995701477,-2.88362683577403,24.45285,24.72314,23.13079,21.86545,20.00483,7778,301,2,461,8.909451969426643e+18,STAR,7.288925e-05,7913,57333,749
25434,1.2376792546654948e+18,20.6817808930108,-4.55032829711549,20.971,21.07396,20.60022,20.74847,21.20825,7865,301,4,53,8.909371979955721e+18,QSO,1.176301,7913,57333,458
33358,1.237679433450521e+18,13.2891680660891,-3.63042455738131,23.87799,23.6916,22.16329,20.50898,19.79325,7907,301,1,160,8.901370009206675e+18,GALAXY,0.8573754,7906,57333,19
52173,1.2376802763297925e+18,350.257022333335,26.3989767542823,22.55969,23.10087,21.91106,20.61265,19.57201,8103,301,3,37,8.673063016768756e+18,GALAXY,0.5137966,7703,57333,931
31975,1.23766346260834e+18,353.128374143529,0.792222453749218,22.96491,23.32269,22.66495,21.84126,21.56809,4188,301,5,64,9.86980253364364e+18,GALAXY,0.9485079,8766,57333,596
29135,1.2376792546662154e+18,22.4252542773038,-4.41090138409271,22.06485,21.58667,22.09463,21.78921,22.51401,7865,301,4,64,8.909274123420849e+18,GALAXY,0.08967804,7913,57333,102
97934,1.2376793228587827e+18,29.2199455600949,-4.938508264532,20.65165,20.55347,20.26521,20.06025,20.12957,7881,301,3,216,8.885615931725994e+18,QSO,1.131933,7892,57333,50
6032,1.237680275792921e+18,350.175177047046,25.9824642189487,23.01133,24.4769,23.99226,21.43632,19.42794,8103,301,2,37,8.672843664199014e+18,STAR,8.358833e-06,7703,57333,133
15865,1.2376793244690683e+18,28.3731753717664,-3.67312503196949,26.66734,23.05123,21.52551,21.43163,21.48348,7881,301,6,211,8.885814668452713e+18,QSO,0.5232252,7892,57333,773
58635,1.2376802763297265e+18,349.998955524775,26.3757259366116,26.37739,22.66746,21.79333,20.46937,19.60998,8103,301,3,36,8.673042400925735e+18,STAR,-2.708807e-05,7703,57333,856
45065,1.2376793228511155e+18,11.6452734930934,-5.21014859001246,22.00799,21.77612,22.03463,21.90174,21.27331,7881,301,3,99,8.901447524776434e+18,QSO,2.133255,7906,57333,301
28594,1.2376792546660844e+18,22.1381032276111,-4.5145815250141,24.44697,23.3548,21.90189,20.55451,22.14165,7865,301,4,62,8.909293639752243e+18,GALAXY,0.5022604,7913,57333,173
9057,1.237663784194737e+18,353.976835341168,0.0492627531151633,24.88688,22.64185,22.56554,21.37099,21.47938,4263,301,4,75,9.86984101655061e+18,GALAXY,0.8367898,8766,57333,736
8526,1.237663784194672e+18,353.8319295659,0.161962015111668,23.18139,22.71901,22.30675,21.26522,22.25005,4263,301,4,74,9.869827272655264e+18,GALAXY,0.8703105,8766,57333,686
75813,1.2376792552034148e+18,23.095628876422,-3.98606597204575,24.67822,23.31246,21.41846,20.33066,19.66424,7865,301,5,69,8.909252408066202e+18,GALAXY,0.626913,7913,57333,23
33250,1.237679433450128e+18,12.3023605882544,-3.66787087637578,25.13041,24.91411,21.83397,20.58802,19.72278,7907,301,1,154,8.901600906648508e+18,GALAXY,0.7137746,7906,57333,859
8630,1.237663784194868e+18,354.288915820577,0.1352118467277,22.83681,22.66988,22.99614,22.30945,21.72031,4263,301,4,77,9.869859433370376e+18,GALAXY,1.123868,8766,57333,803
96161,1.2376792541285588e+18,20.5945070474619,-4.83114659208139,23.94478,23.28575,21.89861,20.54031,19.88867,7865,301,3,52,8.90936950605456e+18,GALAXY,0.6016672,7913,57333,449
19573,1.2376788799564024e+18,21.7270159306932,-3.00861719253344,20.64223,20.07484,19.89133,19.899,19.65979,7778,301,2,462,8.90945224430455e+18,QSO,0.8410084,7913,57333,750
61681,1.237680276329726e+18,349.951733045858,26.3661864433024,23.79595,24.86318,21.87902,20.677,19.98243,8103,301,3,36,8.67304020190248e+18,STAR,-0.0003530882,7703,57333,848
4958,1.2376792546690995e+18,29.0133779561684,-4.23458823264742,23.95775,22.92683,22.44141,21.01604,19.62783,7865,301,4,108,8.885621154406226e+18,GALAXY,0.6462219,7892,57333,69
25246,1.23767925466615e+18,22.3161697229225,-4.45808394665435,21.70682,20.3594,19.97922,19.81801,19.88786,7865,301,4,63,8.909284019025501e+18,STAR,0.0001612238,7913,57333,138
44610,1.2376793244686743e+18,27.4060200634005,-3.72900505411821,25.82808,21.50105,22.54546,21.25125,17.83262,7881,301,6,205,8.885761342138768e+18,STAR,-0.00046086,7892,57333,579
64980,1.2376637831204705e+18,352.725291096991,-0.63821691135756,23.43737,22.12852,22.52559,20.90621,20.73274,4263,301,2,67,9.869771472440154e+18,GALAXY,0.9601064,8766,57333,483
46343,1.2376793244686743e+18,27.4223893005944,-3.72074599215454,22.55155,21.92403,20.88225,20.27001,18.85186,7881,301,6,205,8.885759967749232e+18,GALAXY,0.1565645,7892,57333,574
46342,1.237679324469e+18,28.1586402119018,-3.73827263383682,23.25195,22.749,20.93718,21.56598,20.30404,7881,301,6,210,8.885803123580623e+18,GALAXY,0.4105645,7892,57333,731
7627,1.2376637841948027e+18,354.116176720118,0.0436911341389762,23.98484,23.62012,22.93762,21.93447,22.58329,4263,301,4,76,9.869850637277354e+18,GALAXY,0.839718,8766,57333,771
24892,1.2376792546655603e+18,20.9019188438994,-4.51759945294403,21.80663,21.88029,22.09381,21.86133,21.47054,7865,301,4,54,8.909361534595257e+18,QSO,1.885756,7913,57333,420
91427,1.2376793228587172e+18,28.963793764728,-4.88862354219973,21.51173,20.97451,21.01332,20.8069,20.74105,7881,301,3,215,8.885628576109713e+18,QSO,2.194731,7892,57333,96
64217,1.2376802763297915e+18,350.220086572869,26.3893627490783,21.50505,21.04134,20.70316,20.81736,21.07445,8103,301,3,37,8.673062741890848e+18,QSO,0.8304369,7703,57333,930
65531,1.2376792552025628e+18,21.2270297751112,-4.08885881214599,25.96041,23.07432,21.36075,20.3069,19.65113,7865,301,5,56,8.909343667531307e+18,GALAXY,0.5610858,7913,57333,355
20029,1.237663462608601e+18,353.769167139553,0.687203864109041,19.27111,18.25713,17.90251,17.75147,17.73106,4188,301,5,68,9.869834969236658e+18,STAR,-0.0003237444,8766,57333,714
64222,1.2376792552034148e+18,23.1119513575619,-4.00278077923921,23.86082,22.69441,21.45914,20.37565,19.50755,7865,301,5,69,8.909252957822015e+18,GALAXY,0.7516112,7913,57333,25
85679,1.237679255205512e+18,27.8677453067513,-3.83558662253551,24.85098,24.45153,22.67567,21.32341,19.97147,7865,301,5,101,8.885783332371323e+18,GALAXY,0.7891319,7892,57333,659
5253,1.2376802757926592e+18,349.554663684833,25.9782919560161,23.46736,23.63301,21.84681,20.8007,19.94236,8103,301,2,33,8.672881597350173e+18,GALAXY,0.497425,7703,57333,271
28092,1.237663462608602e+18,353.795637627525,0.637786711501816,24.89343,23.45196,22.45316,21.79472,21.19852,4188,301,5,68,9.869834694358751e+18,GALAXY,0.7791308,8766,57333,713
7964,1.2376637841948682e+18,354.176985284798,0.123972403189584,23.82333,23.38231,21.76511,22.42433,21.78594,4263,301,4,77,9.86986190727154e+18,GALAXY,1.003663,8766,57333,812
9635,1.23766346260834e+18,353.207094592452,0.683338360056286,23.52897,22.96154,22.40896,22.04607,21.63043,4188,301,5,64,9.869801159254104e+18,GALAXY,0.9643115,8766,57333,591
74783,1.237680276866663e+18,350.051368565137,26.8483465595928,21.85734,20.79949,20.65376,20.67437,20.28105,8103,301,4,37,8.673047348728059e+18,QSO,2.278748,7703,57333,874
28160,1.2376634626088635e+18,354.313225751724,0.750703465505438,22.81808,22.6548,22.25125,21.58176,21.03897,4188,301,5,72,9.869865480684329e+18,GALAXY,1.112441,8766,57333,825
5325,1.237679324469e+18,28.1580588126156,-3.69971775713429,23.6725,23.2359,21.67108,20.61934,19.79941,7881,301,6,210,8.88580257382481e+18,GALAXY,0.5273673,7892,57333,729
65300,1.2376792552024315e+18,20.825253979943,-4.14029907532012,23.64571,23.48917,21.78371,20.58266,19.69974,7865,301,5,54,8.909374453856885e+18,GALAXY,0.8551921,7913,57333,467
97689,1.2376794339867366e+18,11.72856008313,-3.20827176207537,25.43,25.25851,21.3503,20.2803,19.5453,7907,301,2,150,8.901561873985721e+18,GALAXY,0.5686188,7906,57333,717
9515,1.2376793244690675e+18,28.3811699918827,-3.74844626311921,22.24611,21.87618,21.9291,21.97477,21.84895,7881,301,6,211,8.885815767964342e+18,GALAXY,0.05072436,7892,57333,777
9479,1.237663784194672e+18,353.817351329823,0.0974738562614795,24.2365,23.9125,22.71655,21.5902,21.11339,4263,301,4,74,9.869829746556426e+18,GALAXY,0.7907436,8766,57333,695
8101,1.237663784194671e+18,353.816787081321,0.137103833964111,23.18869,23.02902,23.14733,22.25568,22.00522,4263,301,4,74,9.869828921922703e+18,GALAXY,1.341245,8766,57333,692
31189,1.237663462608471e+18,353.449202604212,0.679851971895819,23.26101,23.10615,22.2316,21.65412,21.89795,4188,301,5,66,9.869812429248289e+18,GALAXY,0.9858698,8766,57333,632
62681,1.2376792552028905e+18,21.9704476881796,-4.15209739439244,22.91444,22.3904,21.39122,20.37981,19.72704,7865,301,5,61,8.909299687066195e+18,GALAXY,0.6431481,7913,57333,195
93306,1.2376793228587827e+18,29.1885069758775,-4.96155722446961,21.57835,21.93881,21.20991,21.41988,21.1193,7881,301,3,216,8.885614557336459e+18,QSO,1.301016,7892,57333,45
12614,1.2376803058660155e+18,349.111850327473,26.1623904620655,23.18496,21.6713,20.25604,19.61755,19.0788,8110,301,2,164,8.67298797510016e+18,STAR,-0.0002086396,7703,57333,658
23642,1.2376792546656916e+18,21.1782877440311,-4.4860628826717,22.13163,21.21901,20.67257,20.45412,20.19856,7865,301,4,56,8.909349439967354e+18,QSO,1.387904,7913,57333,376
64652,1.2376792552023662e+18,20.7385417983609,-4.12059761632864,23.19503,25.46668,21.4856,20.29885,19.59779,7865,301,5,53,8.909376103124326e+18,GALAXY,0.8107086,7913,57333,473
11169,1.2376634626086671e+18,353.861118629202,0.763781994853262,23.47317,22.78045,22.55048,22.17013,21.86965,4188,301,5,69,9.869834144602935e+18,GALAXY,0.873726,8766,57333,711
79934,1.2376792552060362e+18,29.1186813251539,-3.92986901600943,23.51433,23.70831,22.61056,21.45531,19.78462,7865,301,5,109,8.885622803673668e+18,GALAXY,0.9407895,7892,57333,75
23586,1.237679254665626e+18,21.0819999955371,-4.45567102525666,22.50603,21.66349,21.28193,21.17206,21.99548,7865,301,4,55,8.909352188746422e+18,QSO,1.524358,7913,57333,386
23880,1.2376792546655603e+18,20.8843336208511,-4.44523718409957,21.1517,21.22065,20.89975,20.80084,20.74936,7865,301,4,54,8.909362084351072e+18,QSO,1.367048,7913,57333,422
53981,1.2376790791312507e+18,12.0702357900382,-4.2266865518214,22.91702,21.10604,20.31011,20.04584,19.77684,7824,301,5,397,8.901437354293877e+18,STAR,-0.0002851126,7906,57333,264
63078,1.2376792552032837e+18,22.7750984796895,-3.93518080328531,22.87741,22.83855,21.69733,20.45304,19.78498,7865,301,5,67,8.909255706601085e+18,GALAXY,0.7009943,7913,57333,35
11788,1.237663783121e+18,353.88786373848,-0.755846171295278,23.00529,22.32713,21.86463,22.75502,22.66592,4263,301,2,75,9.869716771736672e+18,QSO,1.057533,8766,57333,284
62372,1.237679255203087e+18,22.3281074281012,-3.96452508026816,27.21177,24.23254,21.61591,20.51037,19.80324,7865,301,5,64,8.90927769683364e+18,GALAXY,0.6708919,7913,57333,115
69031,1.2376790791308582e+18,11.2657975249526,-4.23087309451984,23.24919,25.40772,21.95173,20.91339,19.90427,7824,301,5,391,8.901477211590384e+18,GALAXY,0.8697937,7906,57333,409
23475,1.2376792546662815e+18,22.6218389175969,-4.52664218702236,23.18476,21.42797,21.12986,21.10752,20.9109,7865,301,4,65,8.909262578548759e+18,STAR,-0.0003727477,7913,57333,60
93752,1.2376793228583895e+18,28.2044208746426,-4.93401885127875,21.81292,21.75912,21.5815,21.22022,20.78866,7881,301,3,210,8.885671457063197e+18,QSO,2.125541,7892,57333,252
48284,1.2376793244661847e+18,21.799403106854,-3.91317188397247,22.38606,21.66189,21.25166,20.82914,20.4386,7881,301,6,167,8.909320852665031e+18,QSO,0.7309632,7913,57333,272
23688,1.2376792546683128e+18,27.1324928804131,-4.3459333273175,22.07797,21.37381,21.21838,20.8134,20.68378,7865,301,4,96,8.885729181423655e+18,QSO,1.644357,7892,57333,462
69588,1.2376794334502587e+18,12.6057464446111,-3.55156277685727,20.84912,20.66209,20.1719,20.15072,20.15991,7907,301,1,156,8.901611352008972e+18,QSO,1.239437,7906,57333,897
72483,1.2376802768664663e+18,349.714149050007,26.7035310422495,22.81738,22.1798,22.04564,21.96707,22.66125,8103,301,4,34,8.673027007762946e+18,QSO,2.079095,7703,57333,800
72835,1.237680276866663e+18,350.10598214996,26.8829080106916,21.24719,20.91332,20.51414,20.39595,20.20259,8103,301,4,37,8.673058893600152e+18,QSO,1.118404,7703,57333,916
72903,1.2376794334496689e+18,11.3595896546643,-3.65223382604129,20.80183,20.50953,19.93823,19.58874,19.44948,7907,301,1,147,8.901533011805493e+18,QSO,1.554924,7906,57333,612
33984,1.2376792546690345e+18,28.8300861866932,-4.24085673207714,23.49784,24.99983,22.99161,21.03922,19.5964,7865,301,4,107,8.885642045127154e+18,STAR,-0.0001365089,7892,57333,145
88039,1.2376793228580623e+18,27.5821204347543,-4.96299856349818,25.7225,22.93782,21.54416,20.47796,19.76365,7881,301,3,205,8.885714612894587e+18,GALAXY,0.6265032,7892,57333,409
77928,1.2376637831206666e+18,353.206517097559,-0.745871495466121,18.44979,17.51013,17.23964,17.10438,17.11566,4263,301,2,70,9.869752505864577e+18,STAR,-0.0007680836,8766,57333,414
62338,1.237657190902858e+18,354.688309462477,-0.0575338317962605,22.32787,21.8479,21.50761,21.28486,21.19196,2728,301,3,377,9.869885821649445e+18,QSO,2.457929,8766,57333,899
93384,1.237679322858521e+18,28.5080666566632,-4.82050128513089,24.11123,22.99953,21.56736,20.01811,19.43693,7881,301,3,212,8.885649191952734e+18,STAR,-0.0001626365,7892,57333,171
22784,1.237679254674211e+18,40.6361628486687,-3.81866332762514,21.29075,21.09547,21.08502,20.74093,20.55395,7865,301,4,186,8.872343452039535e+18,QSO,1.725904,7880,57336,917
43494,1.237679322862912e+18,38.6176443730357,-4.58335263278293,22.37749,21.27497,21.08193,21.22993,21.58492,7881,301,3,279,8.872226628929083e+18,QSO,2.759386,7880,57336,492
23984,1.237679254673818e+18,39.7796984896245,-3.85326391802827,22.73748,21.78102,21.5211,21.42487,21.54681,7865,301,4,180,8.872278855731403e+18,STAR,-0.0004360523,7880,57336,682
59059,1.237679323397751e+18,33.9903581731731,-4.29078099653641,20.84997,19.26543,18.28242,17.84872,17.51411,7881,301,4,248,8.877737930963311e+18,GALAXY,0.1509002,7885,57336,62
53169,1.237678879961252e+18,32.8595172004742,-2.77296401422694,23.98976,24.74757,22.18852,20.89175,19.92488,7778,301,2,536,8.877915227213289e+18,GALAXY,0.7636612,7885,57336,707
43250,1.2376792546738836e+18,39.9102595877603,-3.88197011365341,22.60762,21.27092,20.78966,20.80835,21.00469,7865,301,4,181,8.872290950359308e+18,STAR,0.0003633051,7880,57336,726
19764,1.23767925467408e+18,40.4348473028458,-3.73170028338339,21.77962,21.36461,21.26506,21.00889,20.63546,7865,301,4,184,8.872331907167443e+18,QSO,2.015366,7880,57336,875
22827,1.23767925467408e+18,40.3610093224239,-3.68531138979526,22.05553,22.36161,21.96393,21.61291,21.11978,7865,301,4,184,8.872320087417444e+18,QSO,1.737555,7880,57336,832
19763,1.237679254673818e+18,39.7986342718602,-3.84116925262351,21.07397,20.11293,19.98009,19.8535,19.7864,7865,301,4,180,8.872273633051171e+18,QSO,2.883085,7880,57336,663
93186,1.2376805297392855e+18,341.01199970779,27.6344064443428,24.00073,21.7345,21.10443,20.83216,20.52473,8162,301,3,135,8.619023394703432e+18,STAR,-0.0002391156,7655,57336,944
25568,1.237656906354e+18,357.529216126268,-0.872786716373457,22.47979,22.36081,21.69101,21.50114,21.21693,2662,301,1,266,9.87195950062976e+18,GALAXY,0.8384686,8768,57336,251
78100,1.2376792552104271e+18,39.2292026465833,-3.43682711650327,25.74785,22.56817,21.14174,20.04143,19.16645,7865,301,5,176,8.872253292086058e+18,GALAXY,0.6468998,7880,57336,589
90867,1.2376805297384328e+18,338.926682114108,27.2982003931092,18.45838,18.12153,18.02078,17.80532,17.81466,8162,301,3,122,8.618915642563911e+18,QSO,1.599306,7655,57336,552
59790,1.2376793233978168e+18,34.0705619957946,-4.16871857795975,23.0778,20.48601,19.401,18.94361,18.61664,7881,301,4,249,8.877729134870288e+18,GALAXY,0.1532762,7885,57336,30
37430,1.2376805292013668e+18,338.539125594382,26.8808554238253,26.47821,23.7485,21.49099,20.34257,19.5888,8162,301,2,119,8.618901623790655e+18,GALAXY,0.7462828,7655,57336,501
18454,1.2376737012815631e+18,41.3085046967158,-4.14974437683938,23.90314,23.2877,22.09629,20.97212,19.86583,6572,301,4,187,8.872362693493021e+18,GALAXY,0.7997603,7880,57336,987
28210,1.237656906353935e+18,357.469199813692,-0.876236397816468,22.27486,21.99471,21.52861,21.11211,21.51343,2662,301,1,265,9.871958950873946e+18,GALAXY,0.8740713,8768,57336,249
92201,1.237679322863174e+18,39.2630280827954,-4.44244494909289,21.27994,20.96506,20.9527,20.85495,20.67793,7881,301,3,283,8.872210411132573e+18,QSO,2.208603,7880,57336,433
9421,1.2376805297390892e+18,340.563320333849,27.5875258565642,24.91631,25.36889,22.32606,20.94627,19.95728,8162,301,3,132,8.618992333499947e+18,GALAXY,0.615763,7655,57336,831
71594,1.237679322863895e+18,40.8905793328262,-4.36821464340325,22.01347,22.57229,21.61694,20.47953,19.71007,7881,301,3,294,8.872349499353488e+18,GALAXY,0.8603466,7880,57336,939
23244,1.237679254673359e+18,38.7080641628472,-3.75782739573109,20.63497,20.61651,20.56334,20.72373,20.73308,7865,301,4,173,8.872229377708154e+18,QSO,1.081361,7880,57336,502
67470,1.2376637841963095e+18,357.519217122573,0.0937830452974252,23.9134,22.64736,22.03427,21.6911,21.55551,4263,301,4,99,9.872104911042531e+18,GALAXY,0.7191775,8768,57336,780
92605,1.2376793228637637e+18,40.5373508403676,-4.3271273894503,20.79487,19.97413,19.44334,19.29597,19.06606,7881,301,3,292,8.872338779115117e+18,QSO,0.9043359,7880,57336,900
52063,1.23767932286088e+18,33.8987016356712,-4.66386322460526,22.17698,21.7948,20.24918,19.67459,19.51328,7881,301,3,248,8.877733807794707e+18,GALAXY,0.3552046,7885,57336,47
22107,1.237679254673753e+18,39.7168476747801,-3.86673352522494,24.09959,21.78298,21.58849,21.41986,21.32059,7865,301,4,179,8.872278305975589e+18,STAR,-0.0004494052,7880,57336,680
44668,1.2376793228630428e+18,38.8824721981944,-4.52272181461667,23.08113,21.80025,21.50724,21.32677,21.11055,7881,301,3,281,8.87222250576048e+18,QSO,2.478647,7880,57336,477
22025,1.2376792546740145e+18,40.3094449498778,-3.73997003619415,21.70956,21.05269,20.54894,20.26725,19.80736,7865,301,4,183,8.872321186929072e+18,QSO,2.734656,7880,57336,836
23164,1.2376792546740147e+18,40.3150096981891,-3.84351620034432,22.58715,21.9124,21.42904,20.7963,20.49197,7865,301,4,183,8.872322286440699e+18,QSO,1.889391,7880,57336,840
20445,1.2376792546735562e+18,39.2536898156584,-3.86723832303762,25.52614,22.06094,20.57182,19.10818,18.46164,7865,301,4,176,8.872255765987219e+18,STAR,6.231666e-05,7880,57336,598
62820,1.2376793234005696e+18,40.3755009341443,-4.04407175985904,26.05635,24.2167,21.5989,20.24818,19.2113,7881,301,4,291,8.872322561318607e+18,GALAXY,0.9124852,7880,57336,841
42308,1.2376805297390884e+18,340.612493136284,27.5853767682051,20.52666,20.14727,20.0175,19.8513,19.64552,8162,301,3,132,8.619002778860411e+18,QSO,0.7625947,7655,57336,869
40672,1.2376637836595044e+18,357.747193430659,-0.347034557553567,23.79286,23.20139,23.53248,22.52014,22.37526,4263,301,3,100,9.871941083809997e+18,QSO,2.299483,8768,57336,184
23140,1.2376792546734907e+18,39.0989448132678,-3.84249350948579,21.97916,21.70031,21.30093,21.085,20.42371,7865,301,4,175,8.872244495993035e+18,QSO,1.064089,7880,57336,557
23410,1.2376792546714583e+18,34.3421010356145,-4.05018541695146,22.9127,21.85341,21.96691,21.47787,21.52916,7865,301,4,144,8.877724187067963e+18,QSO,1.850937,7885,57336,12
21288,1.237679254673687e+18,39.5005330065026,-3.78718211114973,22.14204,21.43375,21.35528,21.06487,21.54226,7865,301,4,178,8.87226648622559e+18,STAR,-0.0003056035,7880,57336,637
20241,1.2376792546740145e+18,40.2645201388287,-3.78093164490604,21.45914,21.31909,21.4981,21.15545,21.29021,7865,301,4,183,8.872321461806979e+18,QSO,1.784171,7880,57336,837
23412,1.2376792546738831e+18,39.8995959595116,-3.75899413555224,21.28193,21.27345,21.22895,21.00702,20.91993,7865,301,4,181,8.872299746452329e+18,QSO,1.998998,7880,57336,758
42492,1.2376805297392202e+18,340.969953300403,27.6121917049118,23.5362,21.59613,21.07544,20.70362,20.45747,8162,301,3,134,8.619013499098781e+18,STAR,-0.0002961096,7655,57336,908
61074,1.2376793233978163e+18,34.0748375646797,-4.23162084957797,21.59896,20.02233,18.87944,18.42017,18.02345,7881,301,4,249,8.877728310236568e+18,GALAXY,0.1511439,7885,57336,27
59975,1.237678887990526e+18,40.5881871354323,-3.12120167201342,21.84331,20.80168,20.41927,20.98209,20.67888,7780,301,1,173,8.872339053993023e+18,STAR,0.0002848913,7880,57336,901
25436,1.237679254673818e+18,39.84579993508,-3.82823464088971,20.62506,19.91192,19.78473,19.79273,19.49516,7865,301,4,180,8.872288476458146e+18,QSO,2.255593,7880,57336,717
24604,1.2376569063542625e+18,358.087040295778,-0.965747607941777,22.15312,22.20844,21.89769,21.55806,21.61695,2662,301,1,270,9.871925690647204e+18,GALAXY,1.22451,8768,57336,128
80350,1.237666408440857e+18,356.449383642744,0.4054521765523,22.72465,21.83941,21.4324,21.27629,20.48597,4874,301,4,397,9.872033717664637e+18,QSO,2.20679,8768,57336,521
23139,1.2376792546734907e+18,39.0962711660967,-3.88944935992567,22.97353,21.57331,21.57206,21.55597,21.44825,7865,301,4,175,8.872244770870941e+18,QSO,2.377075,7880,57336,558
20239,1.2376792546708032e+18,32.8929470632525,-4.11366026048944,20.52015,20.33956,19.99533,19.66732,19.54597,7865,301,4,134,8.877794830690048e+18,QSO,1.932642,7885,57336,269
46168,1.237679322863895e+18,40.8498609924744,-4.44667273457807,23.9693,21.89882,21.38638,20.72067,20.52086,7881,301,3,294,8.872112829475608e+18,GALAXY,0.1731887,7880,57336,78
96193,1.2376805292032663e+18,343.238133662561,27.5847924563728,22.09702,22.08334,21.9843,21.72205,21.37946,8162,301,2,148,8.620141598062433e+18,QSO,1.092415,7656,57338,916
17988,1.2376637841970964e+18,359.337629467685,0.0010793347266541,23.1566,23.5849,22.29957,22.02185,22.09468,4263,301,4,111,9.873070557163182e+18,GALAXY,0.8868548,8769,57338,197
83594,1.2376803316331983e+18,342.16654713051,27.2890977346284,24.27582,23.5023,21.91557,20.6202,19.73923,8116,301,2,124,8.620078651021744e+18,STAR,-0.0002700159,7656,57338,687
83433,1.2376805292028076e+18,342.079245357614,27.3784547561659,20.44291,20.40279,20.07877,19.94,19.86479,8162,301,2,141,8.62006738102756e+18,QSO,1.303772,7656,57338,646
25193,1.237672763902199e+18,343.982892966269,26.866687574837,25.22491,22.81377,21.90123,20.47877,19.61808,6354,301,2,145,8.619899430626416e+18,GALAXY,0.7130995,7656,57338,35
79778,1.2376805297398743e+18,342.559758320923,28.031452564392,24.36783,24.96173,22.45027,21.28538,19.83025,8162,301,3,144,8.620094044184533e+18,STAR,-3.168859e-05,7656,57338,743
41045,1.2376637836596357e+18,358.033002680192,-0.23919924529375,23.91882,23.42595,22.72896,21.85865,21.62407,4263,301,3,102,9.873146698343406e+18,GALAXY,0.4942614,8769,57338,474
84581,1.237680529202874e+18,342.243068129074,27.3976354641545,24.84089,23.42511,22.0325,20.96298,19.52516,8162,301,2,142,8.620078101265929e+18,STAR,1.988168e-06,7656,57338,685
88509,1.2376805292033976e+18,343.65111743966,27.670842119044,22.47598,21.49516,21.3582,21.02394,20.70876,8162,301,2,150,8.620153692690339e+18,QSO,2.317497,7656,57338,960
36456,1.2376805292024804e+18,341.302808176321,27.3466305603838,24.16886,23.01924,21.60061,20.34682,19.57306,8162,301,2,136,8.620034120800819e+18,GALAXY,0.6223542,7656,57338,525
27384,1.2376728148996923e+18,343.262899050752,26.8763579905958,26.51167,24.94704,21.69771,20.35004,19.49628,6366,301,1,65,8.619928017928739e+18,GALAXY,0.806053,7656,57338,139
89848,1.2376805297394816e+18,341.563770991017,27.8810525249841,21.06569,18.87185,17.80291,17.40157,17.16242,8162,301,3,138,8.620040168114771e+18,STAR,-0.0002865275,7656,57338,547
18798,1.237663784196966e+18,359.094505937879,0.168358862441604,22.69208,22.95914,22.58804,21.5251,21.10836,4263,301,4,109,9.87322888683758e+18,GALAXY,0.7991971,8769,57338,773
88116,1.237680332706941e+18,341.935414386784,28.1745778865446,26.54691,23.24711,22.01214,20.63075,19.95475,8116,301,4,124,8.620060509079887e+18,GALAXY,0.836008,7656,57338,621
85195,1.2376805292026107e+18,341.609516436248,27.4581184080192,20.82812,20.73461,20.44746,20.65835,20.47572,8162,301,2,138,8.620044291283376e+18,QSO,1.248058,7656,57338,562
41756,1.237680529202808e+18,342.126772082025,27.4002284109348,23.38307,21.39764,19.92845,19.52058,19.01862,8162,301,2,141,8.620066831271746e+18,GALAXY,0.3458358,7656,57338,644
28212,1.2376569063547213e+18,359.206191940779,-0.949164011802762,22.31417,22.14335,21.82628,21.17337,21.00446,2662,301,1,277,9.87307165667481e+18,GALAXY,0.7381971,8769,57338,201
78624,1.2376805292034632e+18,343.746688894229,27.6880305994,22.46409,22.20376,22.08951,22.22388,21.86352,8162,301,2,151,8.620153142934526e+18,STAR,-0.0003421454,7656,57338,958
83753,1.2376637831235502e+18,359.779618853185,-0.812654493451425,18.79351,17.83704,17.52264,17.39829,17.3774,4263,301,2,114,9.873039770837604e+18,STAR,-2.755972e-05,8769,57338,85
25928,1.237672814899823e+18,343.426640561316,26.6900998399136,26.2683,24.54884,21.6925,20.37962,19.47322,6366,301,1,67,8.619915923300833e+18,GALAXY,0.8923851,7656,57338,95
22276,1.2376792546671987e+18,24.5887859732741,-4.34946960944026,22.49274,22.3218,21.9241,21.8339,22.52988,7865,301,4,79,8.887895219431037e+18,GALAXY,1.017734,7894,57339,150
82956,1.2376785792918487e+18,359.997006303344,24.19614863085,20.23688,20.13522,19.7459,19.74461,19.73753,7708,301,2,205,8.63118261896743e+18,QSO,1.33838,7666,57339,123
98757,1.2376785798325217e+18,9.4590356610521,24.5431511822936,23.04301,22.95468,21.8124,20.61265,19.85917,7708,301,3,263,8.638082604187539e+18,GALAXY,0.677667,7672,57339,649
87762,1.237679322856752e+18,24.4857414383976,-5.12201666783124,26.40471,23.15557,22.02867,20.83765,19.96375,7881,301,3,185,8.887899342599641e+18,GALAXY,0.6492138,7894,57339,165
5886,1.2376802757961324e+18,358.453987599666,26.5113744991847,22.53645,22.21441,22.14218,22.01924,21.57548,8103,301,2,86,8.631298342566255e+18,QSO,2.718939,7666,57339,544
41659,1.2376632328435144e+18,0.267678514158547,24.4575558339581,20.30863,20.01532,19.5934,19.63111,19.62528,4135,301,1,307,8.631174097752315e+18,QSO,1.299122,7666,57339,92
91084,1.237678579295388e+18,8.8644977391686,24.1823065788564,22.78125,21.83626,21.86187,21.50187,21.59975,7708,301,2,259,8.638035600065453e+18,QSO,1.966524,7672,57339,478
6233,1.2376792546664128e+18,22.8598311339155,-4.49927813445861,22.52988,24.75149,21.94477,20.74313,19.82467,7865,301,4,67,8.887988952797306e+18,GALAXY,1.15352,7894,57339,491
57283,1.2376785798281303e+18,358.471822153933,24.6261668186063,23.1633,21.50749,21.67629,21.85062,23.16394,7708,301,3,196,8.631271954287187e+18,STAR,0.001284704,7666,57339,448
69177,1.23767925520348e+18,23.2298106588306,-3.91637524996566,23.31884,24.62892,21.57896,20.48754,19.82264,7865,301,5,70,8.888016990343813e+18,GALAXY,0.6415415,7894,57339,593
44271,1.2376785406289513e+18,359.206074787237,24.4487167554312,20.82966,20.29709,19.97198,19.66299,19.43523,7699,301,2,80,8.631240068449982e+18,QSO,0.8360776,7666,57339,332
7716,1.2376802757962632e+18,358.785283192054,26.5501599065861,20.78375,20.70298,20.41533,20.47812,20.61472,8103,301,2,88,8.631309337682532e+18,QSO,1.173964,7666,57339,584
15130,1.2376633058453752e+18,359.9989651072,26.5460588812625,22.42342,21.75532,21.56104,21.6468,21.38688,4152,301,1,115,8.63137695764764e+18,STAR,-0.0004182954,7666,57339,830
73234,1.2376793228566863e+18,24.3736156242419,-4.94763913183699,24.1439,23.36553,22.09407,20.8938,19.94787,7881,301,3,184,8.887902091378711e+18,GALAXY,0.8854103,7894,57339,175
1926,1.2376662463040724e+18,0.664180897949507,25.8430089839118,25.81834,24.84541,23.15757,21.57243,19.00821,4836,301,6,370,8.631417914455776e+18,QSO,5.817004,7666,57339,979
89247,1.2376793228565555e+18,24.0608990350679,-5.01798779086605,22.27231,22.54667,21.56102,20.50441,19.57412,7881,301,3,182,8.887921882588009e+18,GALAXY,0.7313564,7894,57339,247
15268,1.2376633058454408e+18,0.0849485597124158,26.4600206143893,20.91615,20.56131,20.57736,20.53966,20.29604,4152,301,1,116,8.631388777397638e+18,QSO,0.7445301,7666,57339,873
98163,1.2376785798327183e+18,10.0496011534552,24.5031071345575,23.34702,24.02225,22.08207,21.00731,19.90383,7708,301,3,266,8.638117238803814e+18,GALAXY,0.7812719,7672,57339,775
43959,1.237678540628624e+18,358.377017673546,24.4184501083347,21.52358,21.17507,21.1086,20.85386,20.9605,7699,301,2,75,8.631270579897653e+18,QSO,1.478188,7666,57339,443
21014,1.2376633058455063e+18,0.0920679370601647,26.2420944174094,22.88827,21.35962,21.26414,21.34023,21.24155,4152,301,1,117,8.63138960203136e+18,QSO,2.918617,7666,57339,876
53776,1.2376795429663547e+18,9.81967685194007,22.9099475403847,26.67839,22.41135,21.48929,20.12455,19.41034,7932,301,5,71,8.637982548629411e+18,GALAXY,0.8135071,7672,57339,285
83421,1.23767857929198e+18,0.387351112544934,24.2151295377844,21.98099,20.59211,19.28162,19.20653,18.94456,7708,301,2,207,8.63117107409534e+18,STAR,-0.0001187735,7666,57339,81
75131,1.237678542239237e+18,358.231761889057,25.5799301114587,25.30189,23.4295,21.25819,20.01136,19.33983,7699,301,5,75,8.631295318909278e+18,GALAXY,0.7027805,7666,57339,533
84125,1.2376792552040704e+18,24.6575721911575,-3.90416631384005,22.91379,23.33644,21.74258,20.38832,19.72184,7865,301,5,79,8.888098903960083e+18,GALAXY,0.8540089,7894,57339,891
39490,1.237663232843252e+18,0.0257159157289379,25.0274051418279,21.22173,21.27688,21.09566,20.99008,20.97017,4135,301,1,303,8.631188666281384e+18,QSO,1.44564,7666,57339,145
87005,1.2376792552032184e+18,22.6962259571412,-3.93158126543094,26.91778,23.307,22.66506,21.32036,19.97026,7865,301,5,66,8.888000497669396e+18,STAR,0.001456211,7894,57339,533
2733,1.2376802757963287e+18,358.859837524086,26.5932651970801,23.77819,22.38597,21.73668,20.60493,19.89207,8103,301,2,89,8.631321157432531e+18,GALAXY,0.5267276,7666,57339,627
91746,1.237678579295322e+18,8.685138860721,24.2658568633647,23.51447,23.78528,22.61303,21.39976,19.83022,7708,301,2,258,8.638041372501498e+18,STAR,-4.191127e-05,7672,57339,499
67989,1.2376785792954542e+18,9.09963897097668,24.2795241918177,26.18168,23.21496,21.91316,20.46602,19.7247,7708,301,2,260,8.638024330071267e+18,GALAXY,0.6271322,7672,57339,437
77829,1.237679322856621e+18,24.1942087578246,-5.04605981518839,24.41755,23.75722,21.68002,20.67944,19.98914,7881,301,3,183,8.887911437227548e+18,GALAXY,0.5722916,7894,57339,209
50757,1.237663306382247e+18,0.457461086892863,26.6806417055559,22.67522,23.33282,21.6155,20.59323,19.72726,4152,301,2,115,8.631411317386008e+18,GALAXY,0.7573259,7666,57339,955
74183,1.23767857875878e+18,9.42189886580871,23.6852008922589,26.39053,23.89286,22.00109,20.64465,19.6141,7708,301,1,263,8.638007287641037e+18,GALAXY,0.9413084,7672,57339,375
28614,1.237679254667068e+18,24.3462710867437,-4.38760595106487,22.3994,21.94482,22.04346,21.86724,21.48522,7865,301,4,77,8.887908138692662e+18,GALAXY,1.28423,7894,57339,197
25429,1.2376792546674609e+18,25.2352611235049,-4.45854246841883,21.67638,21.34169,21.09421,21.12832,21.03312,7865,301,4,83,8.88785893554732e+18,STAR,-0.0004915648,7894,57339,18
78500,1.237678579295257e+18,8.59587434747897,24.2517474424761,23.51731,21.49473,19.9227,19.42617,19.09855,7708,301,2,257,8.638041647379405e+18,GALAXY,0.3850678,7672,57339,500
83557,1.2376785792959124e+18,10.1924356101079,24.2775809092469,21.49693,21.36073,21.55309,21.36141,20.8933,7708,301,2,267,8.637969079611972e+18,QSO,2.118224,7672,57339,236
75275,1.23767925520348e+18,23.2378310852126,-4.10675200031025,23.19606,24.98598,22.1811,20.52098,19.66846,7865,301,5,70,8.888018639611255e+18,GALAXY,0.789168,7894,57339,599
59468,1.2376788879829896e+18,23.4455109871736,-3.47933743886522,21.05133,22.03644,20.61967,20.494,20.59122,7780,301,1,58,8.888023037657766e+18,QSO,1.117258,7894,57339,615
98274,1.2376785798329147e+18,10.4795690039251,24.511071783732,25.13725,23.66276,22.35818,20.75238,19.94516,7708,301,3,269,8.638139778792184e+18,GALAXY,0.7461753,7672,57339,857
51437,1.2376632328425966e+18,359.742088196759,26.5199910314445,21.45282,21.29265,20.80327,20.58184,20.39243,4135,301,1,293,8.631363763508107e+18,QSO,1.440687,7666,57339,782
24540,1.2376792546671332e+18,24.4459383430229,-4.35327040189106,21.83181,21.60211,21.41002,21.18532,21.11163,7865,301,4,78,8.887903740646152e+18,QSO,1.008196,7894,57339,181
4979,1.237679324467429e+18,24.6561104516836,-3.79870308517433,24.63462,22.89384,20.48918,20.234,22.8269,7881,301,6,186,8.888099178837988e+18,STAR,1.284496e-05,7894,57339,892
94007,1.2376793228563584e+18,23.5956689570536,-5.01301780483812,22.40835,22.20779,21.99007,21.588,21.87447,7881,301,3,179,8.887954867936843e+18,STAR,-0.0001653361,7894,57339,367
78080,1.237679322856621e+18,24.1706854874569,-5.10912059466847,26.41452,23.62153,21.54646,20.13664,19.48792,7881,301,3,183,8.887912536739174e+18,GALAXY,0.7299057,7894,57339,213
4742,1.2376802757964603e+18,359.249187875916,26.6981103905797,22.89137,24.34437,22.62367,21.35632,19.66967,8103,301,2,91,8.631331602792995e+18,GALAXY,0.8337703,7666,57339,665
21963,1.2376788799575163e+18,24.3128935396197,-2.8723920721749,22.28066,21.86886,21.52686,20.47983,19.65191,7778,301,2,479,8.888074164948457e+18,GALAXY,0.7941626,7894,57339,801
97603,1.2376785798325217e+18,9.53910631399089,24.5655178175346,22.83752,25.61897,21.79335,20.74912,19.98655,7708,301,3,263,8.638084803210795e+18,GALAXY,0.627363,7672,57339,657
4774,1.2376793244674296e+18,24.6584526083474,-3.74571466345224,21.39976,20.94308,21.16722,21.4377,22.8269,7881,301,6,186,8.888098629082175e+18,GALAXY,0.05334988,7894,57339,890
97050,1.2376633069195105e+18,1.00026762468895,25.8313613374749,21.79758,20.89956,21.91365,21.45473,21.77094,4152,301,3,121,8.631421762746472e+18,GALAXY,0.05894117,7666,57339,993
64740,1.2376793223280724e+18,43.2293553609439,-4.74266981799167,21.46105,21.60839,21.29282,21.3085,20.93218,7881,301,2,310,8.86997098089181e+18,QSO,1.398161,7878,57340,478
23487,1.2376792546761116e+18,44.9819012129641,-3.47889561133429,22.00862,21.862,21.61817,21.62473,21.81498,7865,301,4,215,8.870100723263888e+18,QSO,1.303193,7878,57340,950
49988,1.2376793234025357e+18,44.9125143389103,-3.83488498046115,27.28766,24.16531,21.96836,20.7056,19.8233,7881,301,4,321,8.870110893746444e+18,QSO,1.022303,7878,57340,987
71243,1.2376793223283343e+18,43.8176371640935,-4.66696169021353,20.42663,19.78488,19.65772,19.40292,19.37419,7881,301,2,314,8.869927000426699e+18,QSO,1.831677,7878,57340,318
70635,1.237679322865468e+18,44.4050324925214,-4.17347436729477,25.60711,24.96272,21.71489,20.70175,19.84809,7881,301,3,318,8.870071861083657e+18,GALAXY,0.7001066,7878,57340,845
92702,1.237679322865271e+18,43.9712805954967,-4.19027495928264,20.57022,20.41751,20.16364,20.0148,20.19663,7881,301,3,315,8.87004025012436e+18,QSO,1.499828,7878,57340,730
98421,1.2376737002084111e+18,42.806324584375,-3.92757658759725,24.6328,23.15197,21.41639,20.2908,19.64202,6572,301,2,196,8.869977303083668e+18,GALAXY,0.632521,7878,57340,501
25461,1.2376794404289915e+18,43.8469610452409,-4.96815105615436,26.86649,24.15511,21.98829,20.67233,19.7887,7908,301,6,147,8.869925626037165e+18,GALAXY,1.02938,7878,57340,313
27514,1.2376793400358346e+18,43.9632161349742,-5.94029115936651,25.9925,23.43243,22.26783,20.79432,19.58312,7885,301,3,173,8.869917379699956e+18,GALAXY,0.7546739,7878,57340,283
65302,1.2376793223287278e+18,44.8186651849049,-4.64113002338346,21.6783,21.87013,21.77574,21.43047,22.19384,7881,301,2,320,8.869849209979034e+18,QSO,1.777908,7878,57340,35
24369,1.2376792546757184e+18,44.1570112407306,-3.56363699292477,21.96475,21.48857,21.39229,21.02798,20.5712,7865,301,4,209,8.87005729255459e+18,QSO,1.798569,7878,57340,792
58371,1.2376576128710085e+18,156.362319801171,54.8845792756791,22.05129,21.25202,22.69306,21.45755,22.38762,2826,301,5,188,9.210075765970064e+18,GALAXY,0.0948102,8180,57345,780
57700,1.2376583032776297e+18,155.1101415249,56.2637286607194,21.44157,21.58096,21.28424,21.26278,20.79712,2987,301,3,45,9.210032610138676e+18,QSO,1.342254,8180,57345,623
56938,1.2376576112603955e+18,157.379726654114,53.75523006772,21.58983,21.92681,21.42743,21.5186,21.43457,2826,301,2,188,9.209885275580552e+18,QSO,1.215952,8180,57345,87
55446,1.2376551067606715e+18,157.231571281986,55.6911408009767,23.88561,21.79069,20.63387,20.0936,19.74901,2243,301,1,235,9.210113424243316e+18,STAR,-0.0002452249,8180,57345,917
67490,1.2376551072976737e+18,157.448152554066,56.0554141221837,21.48849,21.13593,21.12197,20.93745,21.26956,2243,301,2,237,9.210109850830526e+18,QSO,1.506102,8180,57345,904
56121,1.2376551067602127e+18,155.370822306637,55.2144326006648,20.51536,20.4703,20.58241,20.31914,20.33494,2243,301,1,228,9.210041955987512e+18,QSO,1.79026,8180,57345,657
55823,1.2376583032777608e+18,155.739399156287,56.3677251038778,21.75036,21.93161,21.69046,21.54569,21.45376,2987,301,3,47,9.210054050615418e+18,QSO,1.463319,8180,57345,701
13014,1.2376551072970836e+18,155.147609854064,55.5941808518067,21.69807,21.28172,21.25847,21.167,21.08117,2243,301,2,228,9.21003838257472e+18,QSO,2.348041,8180,57345,644
39573,1.237658302740694e+18,155.186915894221,55.8537729121807,23.24749,22.92912,21.7243,20.72791,19.76145,2987,301,2,44,9.210035358917744e+18,GALAXY,0.831614,8180,57345,633
56833,1.2376583032776297e+18,155.216474402218,56.2323038180661,22.0224,22.16153,21.46433,21.44357,21.43821,2987,301,3,45,9.210032335260768e+18,QSO,1.353147,8180,57345,622
36660,1.2376511913606515e+18,138.592646637636,56.0520702213356,23.84505,22.21495,21.19506,20.62488,20.38012,1331,301,4,228,9.227993957228894e+18,STAR,-0.0008195242,8196,57346,430
38173,1.2376576279058847e+18,143.415584377563,42.9123422707273,23.11879,23.12448,21.49773,20.25455,19.55204,2830,301,1,226,9.344037239058094e+18,GALAXY,0.6561368,8299,57346,705
25708,1.2376511908247631e+18,142.351250882005,57.1756841509633,18.48065,17.50563,17.21731,17.12042,17.1049,1331,301,3,243,9.228138268130042e+18,STAR,-0.000120151,8196,57346,955
72008,1.2376582044989527e+18,144.754600012472,42.1231159197215,24.27378,22.01029,21.71348,21.44252,20.8097,2964,301,3,130,9.344098536831345e+18,QSO,2.898297,8299,57346,928
45975,1.2376576279058852e+18,143.466962690184,42.9761843296691,25.19216,23.96593,21.51999,20.22841,19.50336,2830,301,1,226,9.344036139546466e+18,GALAXY,0.7272691,8299,57346,701
82532,1.2376543835897864e+18,140.508746669136,54.9986204289973,22.9835,21.42924,20.59062,19.91889,19.6525,2074,301,6,147,9.227943379694017e+18,QSO,0.465699,8196,57346,246
82531,1.2376543835904415e+18,142.426691377418,55.8879987595862,22.35862,21.90968,21.72484,21.39323,20.7246,2074,301,6,157,9.227877683874257e+18,QSO,1.275269,8196,57346,7
92477,1.2376543835899825e+18,140.919490748892,55.329531345244,20.81431,20.05332,19.77157,19.64563,19.61996,2074,301,6,150,9.227911768734716e+18,QSO,2.619037,8196,57346,131
29005,1.2376511908243704e+18,141.06380545616,56.6307114855802,17.99872,17.91327,18.26107,18.54571,18.85586,1331,301,3,237,9.228128922281206e+18,STAR,-5.324031e-05,8196,57346,921
83061,1.237654383589786e+18,140.402619995433,55.0731821694431,21.5342,20.94209,20.99385,21.03781,21.01228,2074,301,6,147,9.227943654571926e+18,QSO,2.412592,8196,57346,247
85239,1.237658204498822e+18,144.237821483802,42.0539682351078,22.8581,24.47181,22.05395,20.61844,19.83804,2964,301,3,128,9.344074622453438e+18,GALAXY,0.8334581,8299,57346,841
27840,1.237651190823846e+18,139.242406673109,55.8539574993455,21.48494,21.47175,21.36653,21.43238,20.79077,1331,301,3,229,9.227970592606804e+18,QSO,1.755996,8196,57346,345
48288,1.2376606370647905e+18,143.846038031992,40.6290444082479,21.79576,22.39598,21.66164,21.90294,21.44113,3530,301,6,187,9.343912444488342e+18,QSO,1.344465,8299,57346,251
54102,1.2376511908241083e+18,140.192354865459,56.2140176819851,23.51382,21.48314,20.59963,20.17619,19.99019,1331,301,3,233,9.22794035603704e+18,STAR,-8.662097e-05,8196,57346,235
18736,1.2376802838518167e+18,28.9100496793683,26.8945863617998,19.82411,18.64879,18.39714,18.31266,18.27268,8105,301,1,126,1.125911628966136e+19,STAR,-0.0002234538,10000,57346,426
70438,1.2376582044987558e+18,144.077810954438,41.8179003448237,22.04539,22.36527,21.93789,21.84123,21.24759,2964,301,3,127,9.344068025383674e+18,QSO,1.473722,8299,57346,817
41151,1.2376511913615035e+18,141.303932029229,57.3519353829957,21.64075,20.94917,20.58351,20.05482,19.89742,1331,301,4,241,9.228127822769578e+18,QSO,1.988815,8196,57346,917
79984,1.2376543835897203e+18,140.248201628794,54.9591503464253,21.87121,21.02321,20.56939,20.37739,20.3126,2074,301,6,146,9.22795300042076e+18,STAR,-0.0001610175,8196,57346,281
72820,1.2376582044981005e+18,142.354409468855,41.2195560789803,24.51466,22.5726,21.19232,18.87697,17.67144,2964,301,3,117,9.343976765918566e+18,STAR,-0.0001222941,8299,57346,485
86706,1.237651190823978e+18,139.836409462064,56.1231437389245,24.02066,25.45568,21.80766,20.30192,19.18468,1331,301,3,231,9.227962896025407e+18,GALAXY,0.8254936,8196,57346,317
82677,1.237654383589786e+18,140.233766948332,55.0453030615193,22.04413,21.47848,20.98654,20.76069,20.76194,2074,301,6,147,9.2279546496882e+18,QSO,1.502944,8196,57346,287
74809,1.2376582044981663e+18,142.570792750676,41.2288547405551,25.60064,22.99993,21.30119,20.13038,19.42932,2964,301,3,118,9.343972642749962e+18,STAR,-5.791498e-05,8299,57346,470
40877,1.237658205035365e+18,143.048921873541,41.9833252965992,25.7016,23.25307,21.35886,20.12763,19.45234,2964,301,4,123,9.344023495162749e+18,GALAXY,0.6476476,8299,57346,655
30522,1.2376511908243704e+18,140.911387916637,56.6451601990862,20.40747,19.96609,19.4901,19.29034,19.28896,1331,301,3,237,9.228120401066088e+18,QSO,1.363577,8196,57346,890
27085,1.2376576279060165e+18,143.795791002192,43.0247780467347,23.08152,23.04122,21.23911,19.96913,19.14055,2830,301,1,228,9.344058679534838e+18,GALAXY,0.7800846,8299,57346,783
65810,1.2376582039614925e+18,143.354022139742,41.1375919600507,22.52324,22.82448,21.69696,20.67464,19.89215,2964,301,2,121,9.343926738139505e+18,QSO,1.019971,8299,57346,303
68609,1.237651191361241e+18,140.578594478916,56.8900300970426,20.85393,20.75687,20.42365,20.31744,20.28952,1331,301,4,237,9.228107206926555e+18,QSO,1.126139,8196,57346,842
72037,1.237658204498297e+18,142.908972465786,41.3988900374104,22.58205,21.967,21.93457,21.6746,21.26276,2964,301,3,120,9.343952851540662e+18,QSO,1.938337,8299,57346,398
36177,1.2376511913605868e+18,138.560749217688,56.0446633477499,23.0969,21.93009,21.19808,20.96257,21.01436,1331,301,4,227,9.227993132595171e+18,STAR,-0.000349922,8196,57346,427
65943,1.2376582034246863e+18,143.712898240452,40.8272133792693,23.99689,22.78956,21.47969,20.37897,19.70928,2964,301,1,122,9.343912994244155e+18,GALAXY,0.7124349,8299,57346,253
41077,1.2376511913612416e+18,140.591333016741,56.9807786892545,25.28728,21.63645,20.55097,20.30254,20.08685,1331,301,4,237,9.228116827653298e+18,QSO,3.615129,8196,57346,877
73092,1.2376582044992148e+18,145.328726529524,42.3773236896625,23.19462,21.84492,22.0361,21.65459,20.87985,2964,301,3,134,9.344113655116225e+18,QSO,2.278489,8299,57346,983
85015,1.2376543835901135e+18,141.419279260265,55.6042595850856,20.80041,20.34906,20.23507,20.25392,20.26155,2074,301,6,152,9.22789280215914e+18,QSO,2.422411,8196,57346,62
28349,1.2376511908242396e+18,140.66119498222,56.4154626236322,22.20053,21.78577,21.61649,21.41221,21.91467,1331,301,3,235,9.228111604973066e+18,QSO,1.316021,8196,57346,858
28839,1.237651190824436e+18,141.328654665401,56.6677406336478,21.89536,21.4801,21.2353,20.88694,20.70447,1331,301,3,238,9.228133045449808e+18,QSO,1.848953,8196,57346,936
35259,1.237651191361241e+18,140.499724954443,57.0790302128302,20.69475,20.58009,20.31177,20.37446,20.33197,1331,301,4,237,9.228105282781209e+18,QSO,0.9172469,8196,57346,835
70795,1.2376511913610447e+18,139.821398645239,56.6913149526047,20.92136,20.76101,20.44271,20.53774,20.4811,1331,301,4,234,9.228076970356791e+18,QSO,1.216121,8196,57346,732
28297,1.2376576279059505e+18,143.550057231723,43.0183820985856,23.05335,23.24266,21.51926,20.44629,19.78343,2830,301,1,227,9.344047134662744e+18,GALAXY,0.7222512,8299,57346,741
79986,1.237654383591162e+18,144.735438921095,56.9554666443724,21.32341,20.96738,20.79526,20.42494,20.15613,2074,301,6,168,9.223612953181575e+18,QSO,1.871823,8192,57348,876
43418,1.2376512504155348e+18,141.747160450404,56.6956238080084,22.91873,23.38963,21.32767,20.23593,19.50252,1345,301,2,214,9.22352526712926e+18,GALAXY,0.5780692,8192,57348,557
94203,1.2376583032754017e+18,147.439242776946,53.8571537414737,23.74554,23.42536,21.31517,18.32548,16.43616,2987,301,3,11,9.218981810205384e+18,STAR,-0.0001897999,8188,57348,412
46540,1.2376512504157967e+18,142.518668659349,57.0001088278693,23.67179,23.89727,21.19837,20.08446,19.39036,1345,301,2,218,9.223546707606e+18,GALAXY,0.6379976,8192,57348,635
55493,1.2376543814434168e+18,145.802921632934,55.2334084583388,25.03296,25.35362,21.74633,20.60094,19.90998,2074,301,2,164,9.223386178908346e+18,GALAXY,0.914415,8192,57348,51
25830,1.2376553692794724e+18,147.6525805585,56.1971665505674,24.3923,24.1159,21.95863,20.57854,19.78773,2304,301,2,66,9.21904035919956e+18,GALAXY,0.698614,8188,57348,625
55945,1.2376583032763848e+18,150.771260487602,54.8810348068962,21.62616,21.63721,21.59348,21.37086,20.99076,2987,301,3,26,9.218877906356556e+18,QSO,1.708655,8188,57348,34
39757,1.237658302738859e+18,148.913782127643,53.8796945502624,24.30141,23.49169,21.28378,20.18396,19.5257,2987,301,2,16,9.218936455350736e+18,GALAXY,0.7220572,8188,57348,247
32425,1.2376583043502572e+18,150.466827251048,55.7486659486835,23.89126,21.95423,21.79447,21.80618,21.25164,2987,301,5,28,9.219128869885596e+18,QSO,2.258797,8188,57348,947
9096,1.2376551083689907e+18,148.022014525211,54.3909969080287,22.77489,22.99022,21.51093,20.21503,19.45382,2243,301,4,200,9.218963393385616e+18,GALAXY,0.686686,8188,57348,345
80190,1.2376543835913587e+18,145.616199495609,57.1201372020335,21.63862,21.46729,20.46214,19.94839,19.62881,2074,301,6,171,9.223631644879247e+18,QSO,1.47474,8192,57348,944
81356,1.2376543835910963e+18,144.691697697508,56.7925034637012,22.07694,21.50583,21.26281,21.17597,20.60308,2074,301,6,167,9.223614052693205e+18,QSO,2.428995,8192,57348,880
85955,1.2376543835910963e+18,144.816027317018,56.8420558099727,19.58949,19.7309,19.36038,19.47322,19.61312,2074,301,6,167,9.223624498053669e+18,QSO,1.270148,8192,57348,918
90912,1.2376543835905068e+18,142.821867818248,56.0018031723736,20.62885,20.35993,20.28251,19.91765,19.93754,2074,301,6,158,9.223470566425778e+18,QSO,1.659514,8192,57348,358
39734,1.2376583027390556e+18,149.55892611854,54.0967494874406,24.86942,23.34763,21.88924,20.4737,19.81639,2987,301,2,19,9.218917763653064e+18,GALAXY,0.7266044,8188,57348,179
19235,1.237658304350192e+18,150.307479724115,55.7190236618201,20.85314,20.90514,20.9754,20.87054,21.14126,2987,301,5,27,9.219119798914668e+18,GALAXY,0.004300271,8188,57348,914
81553,1.2376543835910963e+18,144.73454810809,56.7832625611314,21.30143,21.00102,20.65831,20.60954,20.67816,2074,301,6,167,9.223613777815296e+18,QSO,1.310632,8192,57348,879
27495,1.2376551083695153e+18,149.941298384899,54.938806246963,23.26688,22.94207,22.23897,21.14454,19.78584,2243,301,4,208,9.219126121106528e+18,GALAXY,1.045814,8188,57348,937
65474,1.2376543814435471e+18,146.016895929303,55.3841218453865,22.16526,22.0041,21.82272,21.89853,23.13892,2074,301,2,166,9.223388652809509e+18,STAR,0.003126379,8192,57348,60
50244,1.2376543835905733e+18,143.032156960482,56.1530373416531,23.87852,23.22943,21.91691,20.81737,19.96153,2074,301,6,159,9.223564299792046e+18,GALAXY,0.893332,8192,57348,699
84945,1.2376543835904407e+18,142.562127785645,55.8530412146996,21.90864,21.68522,21.78716,22.14138,22.84506,2074,301,6,157,9.223482111297868e+18,GALAXY,0.02518116,8192,57348,400
30890,1.237651190824698e+18,142.221205735549,57.0718487712416,20.79732,20.78409,20.70544,20.58816,20.57125,1331,301,3,242,9.22353433810019e+18,QSO,0.9053087,8192,57348,590
4414,1.2376543819797627e+18,143.578355820516,54.8324287955698,20.97528,20.95329,20.52719,20.5189,20.58319,2074,301,3,156,9.223427685472297e+18,QSO,1.131425,8192,57348,202
54382,1.2376543814434824e+18,145.890139913467,55.304287241422,22.7516,22.92216,21.31791,20.25126,19.6064,2074,301,2,165,9.223387278419974e+18,GALAXY,0.6474977,8192,57348,55
33144,1.2376583043500603e+18,149.699189427211,55.5582134121561,24.4176,24.70333,21.59633,20.52268,19.68768,2987,301,5,25,9.219109078676296e+18,GALAXY,0.6501591,8188,57348,875
84136,1.2376543835906376e+18,143.220260321786,56.2620703661749,22.50104,20.64552,20.10698,19.9544,20.00239,2074,301,6,160,9.223574470274603e+18,STAR,-0.0004012332,8192,57348,736
57198,1.2376543819797627e+18,143.611253194699,54.8954573553177,21.16431,21.02257,20.6446,20.50766,20.29927,2074,301,3,156,9.22342988449555e+18,QSO,0.9826922,8192,57348,210
78804,1.237654383590769e+18,143.737938502904,56.3833699158831,21.66967,21.77484,21.24051,21.18052,21.32675,2074,301,6,162,9.223584640757162e+18,QSO,1.121585,8192,57348,773
45273,1.237651250415469e+18,141.477895734817,56.5980725799451,22.51395,22.94397,21.6862,20.67322,19.98358,1345,301,2,213,9.223516471036236e+18,GALAXY,0.5827947,8192,57348,525
25998,1.2376543835912937e+18,145.234924524418,57.1290301594805,26.51373,22.24742,21.44759,20.27682,19.51501,2074,301,6,170,9.223620374885065e+18,QSO,1.670277,8192,57348,903
32953,1.2376583043494712e+18,147.664605407677,54.960028789335,25.71983,21.3213,21.06388,20.88006,20.46913,2987,301,5,16,9.21903870993212e+18,QSO,3.130615,8188,57348,619
95487,1.237654383591031e+18,144.446177402856,56.6985040553058,20.23966,19.86617,19.68983,19.61133,19.6405,2074,301,6,166,9.22360443196646e+18,QSO,1.386577,8192,57348,845
83772,1.2376802774043863e+18,352.214782658177,27.3502280655088,24.7355,23.69546,22.34178,20.5022,19.77962,8103,301,5,50,8.670761739317697e+18,GALAXY,0.712608,7701,57356,751
74974,1.2376802768669248e+18,350.775066504081,26.9127356700435,21.73567,21.43644,21.00566,21.12274,22.14014,8103,301,4,41,8.670693844474681e+18,QSO,1.150547,7701,57356,504
60015,1.2376802763310372e+18,353.333304207002,26.6198151966085,21.68848,20.57964,20.22305,20.19726,20.12715,8103,301,3,56,8.670825785870014e+18,STAR,-0.0008411365,7701,57356,984
75012,1.2376802768677773e+18,352.983536115642,27.1935792697522,22.35949,21.86791,21.77442,21.5659,22.10098,8103,301,4,54,8.670805170026994e+18,GALAXY,1.626454,7701,57356,909
70089,1.2376803064041313e+18,352.096394211657,26.715200683281,21.62493,21.36085,20.8295,20.88724,20.57878,8110,301,3,183,8.670754867370023e+18,QSO,1.116431,7701,57356,726
69597,1.237680276867973e+18,353.504058756695,27.0929834114609,19.6549,19.61415,19.56968,19.30031,19.0921,8103,301,4,57,8.670816989776992e+18,QSO,2.039863,7701,57356,952
70106,1.2376802768672525e+18,351.564190244047,26.9265050636132,20.3168,19.82395,19.7437,19.85893,19.53063,8103,301,4,46,8.670730678114211e+18,QSO,0.7894531,7701,57356,638
71798,1.2376802768675804e+18,352.418056054819,26.9805384882142,22.85474,22.07594,21.58437,21.61958,21.76108,8103,301,4,51,8.670785928573508e+18,STAR,-0.0009462309,7701,57356,839
21612,1.237680276330382e+18,351.70617362574,26.4626948207951,26.04419,23.85402,21.42382,20.05655,19.32797,8103,301,3,46,8.670734251527e+18,GALAXY,0.700781,7701,57356,651
70278,1.2376803064043927e+18,352.811171896851,26.9610182027692,18.54311,17.53224,17.17092,17.02085,16.97137,8110,301,3,187,8.670794999544437e+18,STAR,-0.0007187752,7701,57356,872
50156,1.23768027633071e+18,352.561937821439,26.6406794881823,27.24497,23.01625,22.02718,20.63678,19.41229,8103,301,3,51,8.670788677352578e+18,GALAXY,0.9305703,7701,57356,849
58161,1.2376802763309064e+18,352.999170732228,26.5835268376397,25.55472,23.53966,22.87532,20.74438,18.99719,8103,301,3,54,8.670808468561877e+18,STAR,-8.346664e-05,7701,57356,921
6527,1.2376802757941007e+18,353.248397867904,26.243961131268,21.6503,22.31304,21.96623,22.10825,22.7029,8103,301,2,55,8.670575646974696e+18,QSO,1.84668,7701,57356,74
2683,1.2376802752570327e+18,352.730509887252,25.8045967601607,19.80427,19.39611,19.13966,18.86057,18.95221,8103,301,1,52,8.670595987939809e+18,QSO,1.627858,7701,57356,148
20901,1.2376803053301276e+18,351.648252541605,25.8473811970573,22.24353,22.23322,21.52468,20.71206,20.82652,8110,301,1,179,8.670650413765384e+18,QSO,1.939208,7701,57356,346
58373,1.2376802763307092e+18,352.494849031898,26.6253271302831,20.98752,21.06329,20.87229,20.90055,20.60149,8103,301,3,51,8.670778506870019e+18,QSO,1.246508,7701,57356,812
4403,1.2376802757932488e+18,351.137652177867,25.9700076960786,21.18754,20.7985,20.68978,20.45347,21.227,8103,301,2,42,8.670686697649101e+18,QSO,2.009252,7701,57356,478
74729,1.237680276867449e+18,352.180261075215,26.9293563274335,21.84385,20.7136,20.1449,19.98187,19.75783,8103,301,4,49,8.670798847835134e+18,GALAXY,0.0,7701,57356,886
72377,1.2376802768669903e+18,350.89741600913,26.9374314773446,20.85451,19.53025,18.98034,18.71618,18.56217,8103,301,4,42,8.670708138125843e+18,STAR,-6.16196e-05,7701,57356,556
49800,1.2376802763307753e+18,352.68542020216,26.7084686733968,22.80554,23.76069,22.00232,20.65235,19.97659,8103,301,3,52,8.670787577840949e+18,GALAXY,0.6914791,7701,57356,845
73326,1.237680276867449e+18,352.103278598836,26.9792541028024,21.06733,21.23301,20.9894,20.73246,20.81013,8103,301,4,49,8.670762563951417e+18,QSO,1.94724,7701,57356,754
72629,1.23768030640459e+18,353.285206259293,26.9647806861047,20.59261,20.55963,20.5893,20.42903,20.11829,8110,301,3,190,8.670818639044434e+18,QSO,1.801727,7701,57356,958
48995,1.2376802763306442e+18,352.384035801599,26.5301771411864,26.43833,23.80697,22.28007,20.70275,19.9969,8103,301,3,50,8.670767786631649e+18,GALAXY,0.7359277,7701,57356,773
72143,1.237680276867515e+18,352.298037260776,26.9504372544813,24.78762,22.06264,21.17949,21.15902,20.49327,8103,301,4,50,8.670775208335136e+18,QSO,2.492692,7701,57356,800
73099,1.237680276867449e+18,352.160772872646,26.934309057902,24.69203,21.10819,20.23856,19.89166,19.7424,8103,301,4,49,8.670763663463045e+18,STAR,-0.0001675693,7701,57356,758
73454,1.2376802768671217e+18,351.243715769283,26.89665413038,21.87011,21.60745,21.7128,21.33266,22.97665,8103,301,4,44,8.670720232753747e+18,QSO,1.632034,7701,57356,600
68288,1.2376802768677768e+18,353.047977903236,27.1430126642942,18.87949,17.84102,17.49143,17.383,17.3214,8103,301,4,54,8.670805719782808e+18,STAR,-0.0001408548,7701,57356,911
50645,1.2376802763310377e+18,353.424679308942,26.7710768578183,22.84475,23.72861,22.39259,20.93029,20.01629,8103,301,3,56,8.670825510992108e+18,GALAXY,0.695616,7701,57356,983
59947,1.2376802763309711e+18,353.267273313846,26.7190658268131,25.64433,23.56155,21.61568,20.37692,19.54535,8103,301,3,55,8.670822212457224e+18,STAR,0.000135683,7701,57356,971
61503,1.2376802763307745e+18,352.713221528702,26.6840249996576,21.13086,20.86302,21.72312,21.40402,20.63857,8103,301,3,52,8.670788127596763e+18,QSO,0.8525334,7701,57356,847
70702,1.237680276867449e+18,352.130261624863,26.9085879452361,23.87126,22.59295,20.97624,20.19407,19.71927,8103,301,4,49,8.670763938340952e+18,STAR,-3.376264e-05,7701,57356,759
11718,1.2376803058669327e+18,351.354183965598,26.243531890288,24.13421,21.8897,21.5008,21.4602,21.49267,8110,301,2,178,8.670714460317702e+18,GALAXY,0.6192861,7701,57356,579
71405,1.237680306404328e+18,352.728893015412,26.7920193423949,23.6806,21.71658,20.98771,20.68216,20.39969,8110,301,3,186,8.670786753207228e+18,STAR,-0.0007342609,7701,57356,842
2755,1.2376802752567053e+18,352.019564517088,25.7633517893109,20.87021,20.72939,20.70638,20.72448,20.77606,8103,301,1,47,8.670628423532829e+18,QSO,0.9138467,7701,57356,266
7515,1.2376802757931174e+18,350.773953104285,26.1197903068852,25.58232,23.6341,21.58054,20.33357,19.32456,8103,301,2,40,8.670697967643284e+18,STAR,-0.0001272381,7701,57356,519
20809,1.2376802763308408e+18,352.778668397374,26.6287307959105,22.02211,23.10808,21.53858,20.41541,19.51556,8103,301,3,53,8.670798572957227e+18,GALAXY,0.4977452,7701,57356,885
3308,1.237680275257361e+18,353.558192214966,25.8427538383481,21.98005,21.67045,21.37601,21.37836,20.88312,8103,301,1,57,8.670562452835162e+18,QSO,0.9958825,7701,57356,26
3475,1.237680275256836e+18,352.308851507309,25.8393327460916,20.82306,20.90606,22.81988,21.11013,19.0591,8103,301,1,49,8.67061660378283e+18,GALAXY,0.124198,7701,57356,223
75200,1.2376802768673838e+18,351.950240601843,27.0379627327249,23.00774,21.70554,21.6252,21.79329,21.90019,8103,301,4,48,8.67075156883514e+18,QSO,3.11092,7701,57356,714
69398,1.2376803064041969e+18,352.359202474758,26.7734013731106,21.45431,21.12008,20.71969,20.35406,20.68139,8110,301,3,184,8.670775483213044e+18,QSO,1.390256,7701,57356,801
73180,1.2376802768672525e+18,351.692171739677,26.8796920184616,20.79581,20.28654,20.25079,20.25267,19.94446,8103,301,4,46,8.670742222986303e+18,QSO,2.205312,7701,57356,680
2872,1.23768027525664e+18,351.779994071401,25.7745045398948,21.55629,21.43039,20.96318,20.80053,21.03681,8103,301,1,46,8.670651238399106e+18,QSO,1.300167,7701,57356,349
2873,1.237680275256771e+18,352.114170330273,25.8135715100477,23.88171,22.57791,21.22857,19.96604,19.36581,8103,301,1,48,8.6706273240212e+18,STAR,-0.0001182564,7701,57356,262
4190,1.2376802752567055e+18,352.014449588155,25.7436803281829,24.73037,26.0854,22.56556,21.23222,19.48732,8103,301,1,47,8.670628698410736e+18,STAR,0.0009298985,7701,57356,267
57803,1.2376802763307753e+18,352.758643768763,26.5673606572707,26.61903,23.92137,22.2722,21.01226,19.81219,8103,301,3,52,8.67079912271304e+18,STAR,7.449697e-05,7701,57356,887
4305,1.237680275793052e+18,350.650853469495,26.072678731545,21.31932,21.14929,21.1755,20.75228,20.05087,8103,301,2,39,8.670692744963053e+18,STAR,-0.0003872407,7701,57356,500
74278,1.2376802768675804e+18,352.445382392836,26.9546270100772,22.43572,21.65426,21.44789,20.83802,21.58179,8103,301,4,51,8.6707856536956e+18,STAR,-7.883689e-05,7701,57356,838
70858,1.2376803064041969e+18,352.368531155909,26.8974600507797,21.00857,20.58143,20.43875,20.50829,20.4117,8110,301,3,184,8.670774383701416e+18,STAR,0.0001285176,7701,57356,797
70526,1.237680276867449e+18,352.103728945386,26.9146227442347,20.45095,20.27989,20.14867,20.33816,19.75937,8103,301,4,49,8.670752118590953e+18,QSO,0.78583,7701,57356,716
68906,1.237680276866925e+18,350.795981649071,26.928483059517,22.93531,20.0706,19.38132,19.08785,18.95029,8103,301,4,41,8.670707588370029e+18,STAR,-3.340502e-06,7701,57356,554
41557,1.237680305867195e+18,351.964580244455,26.443678953766,22.66211,23.82885,21.70204,20.63713,19.80987,8110,301,2,182,8.67075514224793e+18,GALAXY,0.5792306,7701,57356,727
60373,1.2376802763309711e+18,353.20769545706,26.5885904412981,23.20993,22.59843,20.86094,21.30089,18.7922,8103,301,3,55,8.670820288311876e+18,STAR,4.686859e-05,7701,57356,964
72776,1.2376802768669903e+18,350.881956476226,26.9574410401482,21.31551,20.8936,20.61241,20.41481,20.55564,8103,301,4,42,8.670707038614215e+18,QSO,1.639397,7701,57356,552
68973,1.2376802768673183e+18,351.757744221909,27.0165221393057,21.88278,21.33954,21.1287,20.76386,21.20634,8103,301,4,47,8.670741123474676e+18,QSO,1.411325,7701,57356,676
48612,1.237680276330972e+18,353.146135841249,26.6117205571971,27.1016,23.34029,21.53959,20.50651,19.72862,8103,301,3,55,8.670820563189783e+18,GALAXY,0.756358,7701,57356,965
33609,1.2376803053306516e+18,352.965437489786,26.1147835164491,21.11906,20.91099,20.74354,20.40539,20.4588,8110,301,1,187,8.670593239160739e+18,QSO,1.718581,7701,57356,138
83546,1.2376802774042552e+18,351.968357466706,27.4719440458899,22.52101,24.62447,23.27573,21.32134,20.00884,8103,301,5,48,8.670749094933977e+18,STAR,-0.0001572024,7701,57356,705
12782,1.2376803058671296e+18,351.89287586551,26.3952650541015,26.0251,23.04974,21.96902,20.7418,19.92428,8110,301,2,181,8.670744696887466e+18,STAR,-0.0002944564,7701,57356,689
73841,1.2376802768677112e+18,352.758864175903,26.9998165896354,20.91273,20.01694,19.60422,19.49557,19.15573,8103,301,4,53,8.670796099056065e+18,QSO,2.533541,7701,57356,876
71105,1.237680276867777e+18,352.90579164159,27.1130168181515,21.65274,21.46117,21.4647,21.26481,21.12187,8103,301,4,54,8.670807094172342e+18,QSO,2.227836,7701,57356,916
2378,1.2376802752570327e+18,352.734968669149,25.9002909628079,21.21014,20.93652,20.71918,20.37263,20.27264,8103,301,1,52,8.670597087451437e+18,QSO,1.466068,7701,57356,152
87204,1.2376802774044516e+18,352.372144844334,27.4868590610436,26.29496,24.48668,23.07531,21.62802,19.98899,8103,301,5,51,8.670769985654906e+18,GALAXY,0.674352,7701,57356,781
20010,1.23768027633012e+18,351.093837535583,26.4702092383944,22.83594,22.87921,21.11643,20.06904,19.12456,8103,301,3,42,8.670710612027e+18,STAR,-1.224506e-05,7701,57356,565
70294,1.237680276867646e+18,352.644264935638,27.1160714788216,21.95507,20.86022,20.59174,20.46119,20.07085,8103,301,4,52,8.670796923689785e+18,STAR,3.914078e-07,7701,57356,879
73455,1.237680276867449e+18,352.1694111469,27.044225207426,24.44066,21.24829,19.77983,19.1324,18.75134,8103,301,4,49,8.670759815172347e+18,STAR,-0.0003714669,7701,57356,744
5487,1.2376802757936415e+18,352.059327205507,26.1815151503417,20.673,20.73028,20.31987,20.28509,20.12916,8103,301,2,48,8.670632271823526e+18,QSO,1.27377,7701,57356,280
70527,1.237680276867515e+18,352.37094240955,26.959551917624,23.25899,21.89569,21.31043,21.42907,21.04735,8103,301,4,50,8.670774108823509e+18,STAR,0.002195176,7701,57356,796
59028,1.2376802763309716e+18,353.231707129618,26.6380133585637,21.38509,21.41438,21.05127,20.63217,20.60825,8103,301,3,55,8.670823311968851e+18,QSO,1.886351,7701,57356,975
3603,1.2376802752572298e+18,353.218756391449,25.9485357162111,21.62991,21.17039,20.89828,20.93422,20.86796,8103,301,1,55,8.670575097218882e+18,QSO,1.373975,7701,57356,72
59631,1.237680276330054e+18,350.903766219698,26.5770988864903,20.20941,20.09273,19.81704,19.72096,19.64007,8103,301,3,41,8.670699891788634e+18,QSO,1.440199,7701,57356,526
39998,1.2376803058674575e+18,352.633881323442,26.440797858165,24.74373,23.05107,21.30911,20.25566,19.48304,8110,301,2,186,8.670790876375832e+18,GALAXY,0.5392419,7701,57356,857
74051,1.2376785422372055e+18,353.141635480574,25.3610335780021,25.80275,23.46884,21.71288,20.37049,19.65176,7699,301,5,44,8.670557230154929e+18,GALAXY,0.6572838,7701,57356,7
96727,1.237680277404451e+18,352.393829979256,27.5533085818888,21.18035,20.86643,20.6304,20.60172,20.69404,8103,301,5,51,8.670782630038624e+18,QSO,1.223265,7701,57356,827
69812,1.2376803064044588e+18,353.024776285419,26.9753447127726,21.61086,19.91471,19.24697,18.99919,18.87596,8110,301,3,188,8.670802971003738e+18,STAR,1.268882e-05,7701,57356,901
3933,1.23768027579397e+18,352.871321580396,26.2110206799844,22.7353,23.0458,21.43052,20.34594,19.58632,8103,301,2,53,8.67080187149211e+18,GALAXY,0.5368499,7701,57356,897
48665,1.2376802763305787e+18,352.187524287895,26.6174979370254,22.05629,23.73693,22.30365,20.90202,19.99899,8103,301,3,49,8.670766137364208e+18,GALAXY,0.8636996,7701,57356,767
75964,1.237680276867777e+18,352.989836117849,27.171561593142,22.70997,20.75386,20.40648,20.27056,21.06953,8103,301,4,54,8.670805994660713e+18,STAR,-0.000776188,7701,57356,912
3954,1.237680275793445e+18,351.626744680638,26.1104500864075,21.39859,21.52598,20.99179,21.0019,20.69807,8103,301,2,45,8.670665257172358e+18,QSO,1.055264,7701,57356,400
97713,1.2376785798320627e+18,8.43569021588127,24.6464721701109,22.48678,23.34919,21.85153,20.7881,19.89283,7708,301,3,256,8.624448660305107e+18,GALAXY,0.6806383,7660,57357,201
58774,1.237680276336542e+18,7.44298465633454,27.1570959534509,20.98754,20.96117,20.93073,20.80418,21.17303,8103,301,3,140,8.624565483415558e+18,QSO,1.92142,7660,57357,626
4911,1.2376802757994747e+18,6.89659871866593,26.7122657319639,27.80917,23.03259,21.43746,20.41744,19.68741,8103,301,2,137,8.624543218305096e+18,GALAXY,0.5551069,7660,57357,545
1807,1.2376802752633897e+18,8.91472861380083,26.3803895765877,20.5019,20.12485,19.9989,19.75319,19.70337,8103,301,1,149,8.624637501427177e+18,QSO,1.547643,7660,57357,888
2518,1.2376802752635868e+18,9.41878959170327,26.3731645462041,21.64486,21.82988,21.32311,20.98506,20.73406,8103,301,1,152,8.624658941903918e+18,GALAXY,0.6451065,7660,57357,966
6837,1.2376802758000645e+18,8.39622844946877,26.8003697717844,23.14109,23.1519,21.66803,20.62947,19.84992,8103,301,2,146,8.624609738758576e+18,STAR,-0.000108769,7660,57357,787
4489,1.2376802758003924e+18,9.3217384837767,26.7444047324678,22.64974,23.04219,21.40016,20.2969,19.6035,8103,301,2,151,8.624652619712059e+18,GALAXY,0.5606273,7660,57357,943
28871,1.23767858144261e+18,8.26501822595196,25.9405054674017,26.1383,23.57707,22.15118,20.74053,19.82361,7708,301,6,255,8.624617435339972e+18,GALAXY,0.7924318,7660,57357,815
3489,1.2376802752626035e+18,6.92989809446931,26.2834473499867,24.66713,21.5496,20.19132,19.69621,19.13666,8103,301,1,137,8.624534147334167e+18,GALAXY,0.2078919,7660,57357,512
5888,1.237680275800195e+18,8.78206576336174,26.7652764449541,21.39984,21.38144,21.45132,21.04601,21.1519,8103,301,2,148,8.624633103380665e+18,QSO,1.930369,7660,57357,872
4937,1.237680275800196e+18,8.73578971111141,26.7699115481032,26.65423,24.00895,23.34316,21.79956,19.6004,8103,301,2,148,8.624631728991132e+18,GALAXY,0.9140629,7660,57357,867
2019,1.237680275263456e+18,9.03332264975955,26.3529701196568,27.69898,22.98675,21.32057,20.19427,19.4877,8103,301,1,150,8.624637776305084e+18,GALAXY,0.7199418,7660,57357,889
62257,1.2376802763367383e+18,7.93745473792302,27.073048998471,19.68928,19.30145,18.98733,18.6998,18.73562,8103,301,3,143,8.624586923892299e+18,QSO,1.518423,7660,57357,704
3631,1.237680275263e+18,7.99822411593033,26.3086612335284,23.15298,21.28875,20.87355,21.11142,20.85927,8103,301,1,143,8.624592146572532e+18,QSO,2.780132,7660,57357,723
3240,1.2376802752629312e+18,7.69786067697277,26.2912519641939,22.68748,21.94858,20.48613,19.83585,19.41099,8103,301,1,142,8.624581976089975e+18,GALAXY,0.2665661,7660,57357,686
3052,1.2376802752629317e+18,7.81273440811873,26.4103378924785,27.14015,23.85798,22.59455,20.5527,19.84131,8103,301,1,142,8.624582800723696e+18,GALAXY,0.6163822,7660,57357,689
3259,1.237680275263e+18,7.96601458569563,26.3314167250827,20.81224,20.54192,20.41339,20.32342,20.12168,8103,301,1,143,8.624592971206253e+18,QSO,0.9053891,7660,57357,726
7172,1.2376802758000645e+18,8.50786091023804,26.6603844296207,24.97943,22.06538,23.38431,21.14002,22.12216,8103,301,2,146,8.624623207776016e+18,GALAXY,0.7236471,7660,57357,836
27685,1.2376785814425444e+18,8.02655162800795,25.9102275323967,25.40816,24.75043,21.8263,20.8112,19.86845,7708,301,6,254,8.624470100781848e+18,GALAXY,0.5802898,7660,57357,279
56411,1.2376802763371978e+18,9.06200439195129,27.0559620233061,25.75677,23.40824,22.39085,20.73299,19.63206,8103,301,3,150,8.624642724107409e+18,QSO,1.138711,7660,57357,907
1513,1.2376802752634555e+18,9.15549339218251,26.3313879938971,18.77055,18.31045,17.94533,17.48212,17.3867,8103,301,1,150,8.624648496543456e+18,QSO,0.08257554,7660,57357,928
6888,1.2376802758002606e+18,9.00603605305662,26.7139304361936,19.89199,19.914,19.69147,19.73506,19.52101,8103,301,2,149,8.624644373374851e+18,QSO,1.03953,7660,57357,913
4769,1.237680275799671e+18,7.46320126982801,26.7955231177595,21.72301,20.98268,21.00883,20.69361,21.43816,8103,301,2,140,8.624566582927186e+18,QSO,2.169533,7660,57357,630
26294,1.2376637847418967e+18,17.3678836454785,0.529220390177263,23.43787,22.51833,21.91142,21.73211,21.59555,4263,301,5,232,9.895710876304169e+18,STAR,-5.070126e-05,8789,57358,642
5891,1.2376802752617516e+18,4.73478349382668,26.3294170084047,21.06683,20.23748,19.74068,19.52437,19.39627,8103,301,1,124,8.626823055682067e+18,STAR,-0.0007835505,7662,57358,647
2426,1.237680275261948e+18,5.26212890564801,26.3811370890806,21.08656,21.47326,20.72358,21.02044,20.73366,8103,301,1,127,8.626845595670435e+18,QSO,1.364621,7662,57358,729
3400,1.2376802752625377e+18,6.76409180820292,26.3948540044155,23.35451,21.17758,20.92784,20.42539,20.22236,8103,301,1,136,8.6269154146588e+18,QSO,0.6142873,7662,57358,983
3260,1.2376802752622758e+18,6.0438191255223,26.2760847542306,19.78574,19.75197,19.37254,19.42882,19.4384,8103,301,1,132,8.626890950525082e+18,QSO,1.032682,7662,57358,894
80170,1.2376663397267543e+18,18.6611109678587,0.316699243783454,24.81061,22.78231,21.99745,21.54642,20.90852,4858,301,4,479,9.895790316019278e+18,QSO,6.586975,8789,57358,931
81508,1.2376794345201344e+18,3.81971786971695,-2.89251550642506,23.33229,23.26967,21.44134,20.30511,19.54785,7907,301,3,97,8.894803726185028e+18,GALAXY,0.6239326,7900,57358,707
5506,1.2376663386523569e+18,17.1443456980734,-0.458447483121138,21.40377,20.33139,19.33775,18.92381,18.61498,4858,301,2,469,9.895650678042548e+18,GALAXY,0.2750108,8789,57358,423
3271,1.2376802757988849e+18,5.42155363163323,26.8604032155358,23.18877,22.06434,21.138,20.04711,19.3312,8103,301,2,128,8.626864287368109e+18,GALAXY,0.602515,7662,57358,797
2930,1.2376802757983608e+18,4.14935347362848,26.6619736035744,25.46198,22.55533,21.9418,20.72326,19.73963,8103,301,2,120,8.626797766914628e+18,GALAXY,0.6415159,7662,57358,555
96585,1.2376663397266227e+18,18.3907417047796,0.26263879876642,22.60216,21.64881,20.42069,19.92475,19.60791,4858,301,4,477,9.895770249932069e+18,GALAXY,0.2595733,8789,57358,858
13088,1.2376637831314153e+18,17.786680338193,-0.77362314383031,22.47062,21.53132,21.24279,21.3229,21.5455,4263,301,2,234,9.895603948798368e+18,GALAXY,1.475618,8789,57358,253
75928,1.2376790791272535e+18,2.88928716502743,-4.2480500562944,21.99788,23.23224,21.59487,20.39127,19.41665,7824,301,5,336,8.894739129876896e+18,GALAXY,0.9126617,7900,57358,472
50432,1.2376802763355594e+18,4.88417115739338,27.1893425132997,21.929,23.92229,22.22803,20.55229,19.88157,8103,301,3,125,8.626817558123928e+18,GALAXY,0.773611,7662,57358,627
79730,1.23766633972623e+18,17.49646744733,0.230956572419016,24.07678,23.0073,22.43031,22.17204,21.74169,4858,301,4,471,9.895724895077423e+18,QSO,1.669472,8789,57358,693
512,1.2376788799486036e+18,3.96384616697534,-2.98812605757408,21.27081,21.31896,20.96941,20.95894,20.84171,7778,301,2,343,8.894816370568747e+18,QSO,1.430203,7900,57358,753
54860,1.237678879948932e+18,4.70930663702249,-3.01757395584304,23.6626,24.36591,24.12824,21.48678,19.66662,7778,301,2,348,8.894859801278045e+18,STAR,1.231267e-05,7900,57358,911
76581,1.2376637831317427e+18,18.4729673356708,-0.735943414293438,24.06018,23.25279,22.51231,22.50376,22.10792,4263,301,2,239,9.89557233783907e+18,QSO,1.22852,8789,57358,138
58992,1.2376802763356905e+18,5.24623838947468,27.0992196856569,23.34324,24.16833,21.86616,20.49142,19.46087,8103,301,3,127,8.626851093228575e+18,GALAXY,0.8771982,7662,57358,749
31310,1.2376785814414958e+18,5.4257688491561,26.0428580026327,22.81936,23.21632,21.7857,20.55877,19.76683,7708,301,6,238,8.62685769029834e+18,GALAXY,0.6378875,7662,57358,773
50098,1.2376790791272535e+18,2.97905953648419,-4.27908949154466,22.46045,21.37453,20.94502,20.81201,20.98271,7824,301,5,336,8.894737480609454e+18,STAR,0.0003671429,7900,57358,466
71440,1.2376794334469164e+18,4.9504456773294,-3.55337162894817,21.79418,20.50322,20.26374,20.18837,20.26521,7907,301,1,105,8.894867222981532e+18,STAR,-0.0002638859,7900,57358,938
59900,1.2376794345206584e+18,4.964302063299,-2.91661053125301,22.8218,23.77666,21.19886,20.19951,19.51403,7907,301,3,105,8.894869696882694e+18,GALAXY,0.5514863,7900,57358,947
9697,1.2376637852788987e+18,17.7816639193714,0.870259236705036,23.00329,21.2762,20.69109,20.62557,20.3497,4263,301,6,234,9.895741662629749e+18,STAR,-0.0004263542,8789,57358,754
26473,1.2376637847421588e+18,18.0310749664532,0.487411584074706,24.16289,22.76586,22.31475,22.21911,21.60654,4263,301,5,236,9.895744686286723e+18,GALAXY,0.7519838,8789,57358,765
80810,1.2376663397260992e+18,17.2295213589834,0.400285922558502,24.19123,22.36172,21.74667,21.60489,22.51122,4858,301,4,469,9.89570262996696e+18,STAR,-0.000663698,8789,57358,612
3352,1.237680275261883e+18,5.09371008476336,26.3843093401262,22.10103,21.4485,20.98995,21.33527,21.15926,8103,301,1,126,8.626834600554158e+18,QSO,2.509301,7662,57358,689
81002,1.2376663397262956e+18,17.5934347984075,0.330715243526629,24.11639,22.95491,22.58509,22.27245,22.10023,4858,301,4,472,9.895724620199516e+18,QSO,1.245075,8789,57358,692
79548,1.237666339726361e+18,17.7396707665336,0.329565304499806,24.67985,22.45423,22.29498,22.32587,22.12299,4858,301,4,473,9.89573616507161e+18,QSO,3.342395,8789,57358,734
4220,1.2376802757985574e+18,4.58819804633964,26.8485899694264,22.72437,23.17828,21.82097,20.3899,19.66839,8103,301,2,123,8.626808212275091e+18,GALAXY,0.6648742,7662,57358,593
3867,1.237680275798754e+18,5.18130151614639,26.8648235479745,22.41644,23.15389,21.93305,20.84807,19.92359,8103,301,2,126,8.626840647868111e+18,GALAXY,0.6064324,7662,57358,711
10660,1.2376793244612692e+18,10.4645251866746,-3.9969845994227,21.87819,21.28767,21.58179,21.26077,21.24411,7881,301,6,92,8.899117934934514e+18,QSO,2.105229,7904,57358,18
95539,1.237666339726951e+18,19.08146150641,0.267994265843911,22.09409,20.60263,19.09402,18.55567,18.16422,4858,301,4,482,9.895807633327411e+18,QSO,0.344155,8789,57358,994
70117,1.2376794334467853e+18,4.72640586125664,-3.6322521911838,21.54461,21.16445,21.09929,20.7782,20.89044,7907,301,1,103,8.894854853475718e+18,QSO,1.539174,7900,57358,893
92852,1.2376663397265574e+18,18.2674685031171,0.321937727790297,22.76645,20.77464,19.60591,19.07014,18.72431,4858,301,4,476,9.895767226275092e+18,QSO,0.2415354,8789,57358,847
59598,1.237663204921574e+18,16.8602021259714,0.79428923787967,23.71209,23.11664,22.46472,22.07254,21.98039,4128,301,5,236,9.895687786559984e+18,GALAXY,1.60657,8789,57358,558
5594,1.237679324458779e+18,4.85669803040875,-4.07767670247295,21.11136,21.0957,20.9353,21.13232,22.06108,7881,301,6,54,8.894641548219932e+18,GALAXY,0.0207259,7900,57358,117
38155,1.2376788794123884e+18,5.44849712330171,-3.53663213585988,25.66337,23.91907,21.23115,20.17778,19.53318,7778,301,1,353,8.894880691998971e+18,GALAXY,0.5469817,7900,57358,987
35660,1.237678879411471e+18,3.40132902957203,-3.43430250826966,24.11121,25.49097,21.6943,20.58539,19.88172,7778,301,1,339,8.894775138882705e+18,GALAXY,0.7150424,7900,57358,603
6875,1.2376793244603515e+18,8.35760278346056,-4.03789610809378,23.32222,22.17031,21.0498,20.03789,20.9079,7881,301,6,78,8.899232559021709e+18,GALAXY,0.3324195,7904,57358,435
3637,1.237680275261817e+18,4.95387429157773,26.2857020579913,21.0456,20.62264,20.11115,19.95503,19.59753,8103,301,1,125,8.626835150309971e+18,QSO,2.538694,7662,57358,691
3121,1.237666338652357e+18,17.2124917259668,-0.481064396922202,23.0217,22.86833,22.61644,21.86878,21.6214,4858,301,2,469,9.895639957804175e+18,GALAXY,0.6629668,8789,57358,384
92701,1.237679322850263e+18,9.67302335245503,-5.32730132039717,20.05795,19.48558,19.25879,19.14024,18.69389,7881,301,3,86,8.899157517353114e+18,QSO,2.184431,7904,57358,162
4426,1.2376663386530775e+18,18.9001478638989,-0.436396072191322,20.84268,19.6257,18.64035,18.06281,17.78645,4858,301,2,480,9.895534679565818e+18,GALAXY,0.1845138,8789,57358,1
94182,1.237666339726754e+18,18.6541174720826,0.336722207021756,21.09256,19.55667,18.43311,17.92924,17.54952,4858,301,4,479,9.895787842118111e+18,GALAXY,0.2710486,8789,57358,922
9182,1.2376793244578616e+18,2.72570670343663,-4.0425032370312,22.17905,21.86347,21.88184,21.79173,21.41725,7881,301,6,40,8.894746826458289e+18,QSO,2.129087,7900,57358,500
99804,1.2376785809042317e+18,4.41577585505399,25.4553196797136,22.40627,23.2105,22.13235,21.02539,19.9425,7708,301,5,232,8.626763682054167e+18,QSO,0.9379871,7662,57358,431
62248,1.2376802763356905e+18,5.29826676201344,27.135468768104,23.35855,23.06261,21.39258,20.11619,19.26993,8103,301,3,127,8.626851642984389e+18,STAR,-0.0002021884,7662,57358,751
92421,1.2376663397262295e+18,17.5497867754631,0.336872638649944,20.89428,19.79743,18.85384,18.41691,18.04358,4858,301,4,471,9.895724070443702e+18,GALAXY,0.2531777,8789,57358,690
4664,1.2376802757987535e+18,5.06271798565621,26.6651855545925,22.44145,23.03055,21.23668,20.21327,19.49679,8103,301,2,126,8.626841472501832e+18,GALAXY,0.5871161,7662,57358,714
58188,1.237663783668221e+18,17.6261105371573,-0.262784712345437,21.48288,20.42896,19.30504,18.88415,18.66371,4263,301,3,233,9.895618517327438e+18,GALAXY,0.2710504,8789,57358,306
66914,1.2376790791283023e+18,5.37467928588197,-4.17837709338279,25.66615,23.00729,21.56267,20.39944,19.75282,7824,301,5,352,8.894610212138539e+18,GALAXY,0.6036529,7900,57358,3
3636,1.2376802752625382e+18,6.74802409979452,26.2948496157155,21.79428,21.37769,21.1347,20.74974,20.29306,8103,301,1,136,8.626916789048334e+18,QSO,1.606776,7662,57358,988
3551,1.2376802752624724e+18,6.61242161818404,26.2871720601836,20.61213,20.18499,20.05757,19.80474,19.70814,8103,301,1,135,8.626913490513451e+18,QSO,1.66542,7662,57358,976
9983,1.237663785278964e+18,17.8350365314478,0.991483261951551,22.63584,22.21988,22.20469,21.83064,21.57218,4263,301,6,235,9.895739738484398e+18,STAR,-0.0007979456,8789,57358,747
2393,1.237680275798492e+18,4.42648547392361,26.8008577253607,25.69007,23.44519,21.58787,20.29657,19.62464,8103,301,2,122,8.626805463496022e+18,GALAXY,0.6804907,7662,57358,583
79974,1.2376663397261642e+18,17.278528595191,0.218679724714361,23.24133,22.38506,22.46256,22.46844,21.57347,4858,301,4,470,9.89570345460068e+18,QSO,2.634214,8789,57358,615
2605,1.237680275261752e+18,4.85001084309857,26.2617852749214,23.50576,23.18598,21.61815,20.40376,19.5676,8103,301,1,124,8.626824155193694e+18,GALAXY,0.6758693,7662,57358,651
18262,1.2376637852787016e+18,17.3273690204246,0.905381698859785,20.16241,20.03882,19.6374,19.69473,19.68862,4263,301,6,231,9.895708677280911e+18,QSO,1.35573,8789,57358,634
2606,1.2376802752624074e+18,6.45719092518164,26.3158891596143,26.10623,23.49861,21.59511,20.50336,19.82888,8103,301,1,134,8.626911016612289e+18,GALAXY,0.5940167,7662,57358,967
2622,1.2376802752615547e+18,4.24012526767979,26.2958121410276,22.69494,21.93556,21.88609,21.69121,21.33181,8103,301,1,121,8.626786771798351e+18,QSO,2.273092,7662,57358,515
39672,1.2376785814420198e+18,6.69168180188223,25.9561704145417,26.28299,22.91573,21.57089,20.53367,19.77297,7708,301,6,246,8.626654830403016e+18,GALAXY,0.5821242,7662,57358,35
28720,1.2376637847417656e+18,17.1277625648668,0.614713113179408,23.70003,22.94299,21.54301,20.18929,19.46235,4263,301,5,230,9.895688886071611e+18,STAR,0.0001864492,8789,57358,562
2325,1.2376802752624727e+18,6.56522331001975,26.3171039501387,22.56379,23.02584,22.02227,20.7401,19.78807,8103,301,1,135,8.626913765391358e+18,QSO,0.09375242,7662,57358,977
97405,1.237666339726361e+18,17.7954097051108,0.285912411876519,22.10355,21.73517,20.12644,19.4719,19.03492,4858,301,4,473,9.895735615315794e+18,QSO,0.3607115,8789,57358,732
80618,1.237666339726885e+18,18.9109671832496,0.413445680225405,24.28318,22.4729,22.06767,21.75075,21.74379,4858,301,4,481,9.8957952638216e+18,QSO,1.508704,8789,57358,949
4013,1.2376793244609413e+18,9.72236848795794,-4.10264627770471,24.7801,22.18738,21.99846,20.76633,22.8269,7881,301,6,87,8.899155318329858e+18,QSO,1.170976,7904,57358,154
70740,1.2376794334491443e+18,10.0958338828628,-3.67653415625516,24.92618,22.43836,21.52566,20.31457,19.7224,7907,301,1,139,8.899370272853088e+18,STAR,2.14274e-05,7904,57358,936
9981,1.2376637852784394e+18,16.7323203978188,1.00469681837192,17.71486,16.6951,16.45313,16.3476,16.33632,4263,301,6,227,9.895683113635568e+18,STAR,-0.0001345954,8789,57358,541
87237,1.237663783131808e+18,18.6305610237803,-0.801618109763767,21.68472,20.76438,20.60584,20.61922,20.76078,4263,301,2,240,9.895556669798371e+18,STAR,-0.000528081,8789,57358,81
58721,1.2376802763355594e+18,4.98907770669763,27.1984726124964,21.44906,25.02941,22.33444,20.76303,19.84637,8103,301,3,125,8.626827178850671e+18,GALAXY,0.6774921,7662,57358,662
10034,1.237663785278833e+18,17.5508030125489,0.889061850183962,22.64194,22.61187,21.94489,21.67456,21.04394,4263,301,6,233,9.895730942391376e+18,GALAXY,0.3217516,8789,57358,715
10996,1.2376637852787676e+18,17.4306981182592,1.00346633377641,24.58125,22.53161,22.30119,22.25506,21.56607,4263,301,6,232,9.895718572885563e+18,STAR,-0.0006471761,8789,57358,670
70065,1.2376794334485548e+18,8.79499120323857,-3.68313597430534,21.39381,21.18224,21.26093,20.79168,20.78607,7907,301,1,130,8.899308700201933e+18,QSO,1.823806,7904,57358,712
11847,1.2376637852790295e+18,18.0580722745915,1.02550394300628,22.83241,22.84488,21.99432,21.55142,21.51467,4263,301,6,236,9.895750458722769e+18,GALAXY,0.2806738,8789,57358,786
79620,1.2376663397262956e+18,17.5931496973047,0.348093698687022,22.14045,21.60793,21.54482,21.76954,21.97786,4858,301,4,472,9.895734790682071e+18,STAR,7.569019e-05,8789,57358,729
2381,1.2376802752622103e+18,5.97272803927353,26.273925436745,22.34177,21.83516,21.54084,21.6108,21.54152,8103,301,1,131,8.62689012589136e+18,GALAXY,1.460053,7662,57358,891
68086,1.237679079127319e+18,3.04095791226381,-4.23040431262184,25.61105,23.11627,21.5048,20.44829,19.72507,7824,301,5,337,8.894741054022244e+18,GALAXY,0.5761018,7900,57358,479
31268,1.2376794345201344e+18,3.82333434075501,-2.84840914458475,25.15525,22.93115,21.74875,20.73022,19.72156,7907,301,3,97,8.894803176429213e+18,GALAXY,0.8662244,7900,57358,705
3006,1.237680275262341e+18,6.21089769632385,26.3821848441442,21.29044,21.05076,20.73796,20.76973,21.76691,8103,301,1,133,8.626899746618104e+18,QSO,1.389474,7662,57358,926
99766,1.2376794339855567e+18,9.09854268449779,-3.24359996995664,24.72883,21.8399,20.40736,19.90398,19.7061,7907,301,2,132,8.899321619463558e+18,GALAXY,0.309873,7904,57358,759
49667,1.2376790791279086e+18,4.43690842437333,-4.26487432171952,21.58393,21.51284,21.24347,21.39046,21.17862,7824,301,5,346,8.894662713818765e+18,QSO,1.01785,7900,57358,194
92231,1.23766633972682e+18,18.8202848661173,0.299177063943507,23.15578,22.14268,21.88121,21.69358,21.28273,4858,301,4,480,9.895795813577417e+18,GALAXY,0.4201878,8789,57358,951
3717,1.2376802757985577e+18,4.68178854704479,26.7609657054099,22.41599,23.74643,22.53879,20.83914,19.81828,8103,301,2,123,8.626820306903e+18,GALAXY,0.9541966,7662,57358,637
95389,1.2376663397266227e+18,18.3164839467014,0.271875312013556,23.12601,22.99529,22.07392,21.95748,21.43557,4858,301,4,477,9.89576832578672e+18,GALAXY,0.3052401,8789,57358,851
92813,1.2376663397266227e+18,18.449208604684,0.346177172726356,21.93751,21.71177,21.05448,20.83603,20.61542,4858,301,4,477,9.895779870658812e+18,GALAXY,0.393803,8789,57358,893
65848,1.2376790791273188e+18,3.14683446480385,-4.27331493102611,20.76345,20.25596,19.5205,19.22726,18.77679,7824,301,5,337,8.894725935737363e+18,GALAXY,0.3432425,7900,57358,424
48579,1.2376785814412997e+18,4.97835376971489,25.9338962322063,23.56512,23.52074,22.09411,20.79204,19.90563,7708,301,6,235,8.626837349333228e+18,QSO,1.074187,7662,57358,699
16572,1.237663785279226e+18,18.4341785552572,1.01263117842988,24.69711,22.07318,21.39481,21.02725,20.82723,4263,301,6,239,9.895772998711138e+18,STAR,0.0002296746,8789,57358,868
11051,1.2376637852786363e+18,17.1193497614846,0.953500553300667,23.07754,22.36884,22.13726,21.72984,21.39899,4263,301,6,230,9.895707852647193e+18,QSO,2.858923,8789,57358,631
11471,1.237663785279292e+18,18.6838869464271,0.967943563997472,22.5202,21.82538,21.39333,21.12729,21.52766,4263,301,6,240,9.895784268705323e+18,QSO,1.131265,8789,57358,909
96875,1.237680277408449e+18,2.7955182717875,27.971678876228,23.76555,22.20953,21.72222,21.14871,21.35357,8103,301,5,112,8.66281749297944e+18,GALAXY,0.1716169,7694,57359,522
70025,1.2376802768717087e+18,3.00777825582804,27.6265827769548,21.40239,20.94991,21.16235,20.86815,21.13316,8103,301,4,114,8.662804298839905e+18,QSO,2.188701,7694,57359,474
4375,1.237680275797902e+18,2.96264937466179,26.828794912302,26.74355,23.85232,21.95305,20.74261,19.73049,8103,301,2,113,8.66277791056084e+18,GALAXY,0.0,7694,57359,378
84669,1.2376803316454536e+18,13.9260478730733,28.9897679233914,23.85094,23.48997,21.78428,20.53221,19.8147,8116,301,2,311,8.640420166243736e+18,GALAXY,0.6983,7674,57359,961
65788,1.2376802768717747e+18,3.32017863011447,27.5794851265602,22.27982,22.55559,21.78318,20.6081,19.61696,8103,301,4,115,8.662779284950374e+18,GALAXY,1.332117,7694,57359,383
71714,1.2376802768723643e+18,4.77743320319018,27.6569992265278,21.08988,21.25347,21.34864,21.54111,21.68733,8103,301,4,124,8.662714688642244e+18,QSO,2.083111,7694,57359,148
53773,1.237680276335494e+18,4.84798050742125,27.1564329292619,23.49747,23.25548,22.81749,21.61155,19.96872,8103,301,3,124,8.662708366450383e+18,GALAXY,0.6435516,7694,57359,125
82903,1.2376802774093668e+18,5.08605047709852,27.9731199125357,26.25743,23.71651,22.11722,20.56566,19.78178,8103,301,5,126,8.662930467799194e+18,GALAXY,0.5742282,7694,57359,933
56991,1.2376802763347727e+18,2.93426881555683,27.1439705309521,21.73201,21.51615,21.61932,21.27373,21.0436,8103,301,3,113,8.662806772741069e+18,QSO,2.051927,7694,57359,483
82844,1.2376802774094323e+18,5.35866683304931,27.9478061361566,24.11755,24.42521,22.38237,20.82201,19.85733,8103,301,5,127,8.662943112182914e+18,GALAXY,0.721337,7694,57359,979
66402,1.2376793223273516e+18,41.6646333296344,-4.71982893778101,20.61292,20.46609,20.23855,20.26769,19.99578,7881,301,2,299,8.8710644455244e+18,QSO,0.9386302,7879,57359,360
97348,1.2376802774087767e+18,3.5075897546115,27.940549285882,22.31463,20.41741,19.91739,19.76661,19.7856,8103,301,5,117,8.662842506868972e+18,QSO,2.782624,7694,57359,613
84836,1.237680277408646e+18,3.27380162073308,27.9443494376212,24.6806,22.66776,22.07477,20.68316,19.96471,8103,301,5,115,8.662841957113159e+18,GALAXY,0.8802038,7694,57359,611
94097,1.2376793228638948e+18,40.9448670190636,-4.4238792707511,20.40202,20.11547,20.02388,19.79781,19.95233,7881,301,3,294,8.8711119994023e+18,QSO,0.539145,7879,57359,533
68173,1.237680276872168e+18,4.20146779429945,27.6604404215466,22.28907,21.62424,20.73118,20.34168,19.77192,8103,301,4,121,8.662736953752706e+18,GALAXY,0.4683611,7694,57359,229
70108,1.2376802768725612e+18,5.30257622021605,27.5586862388342,21.32253,20.94268,20.60256,20.10458,20.10582,8103,301,4,127,8.662681428415502e+18,QSO,1.725844,7694,57359,27
82880,1.237680277409497e+18,5.40092142773915,28.0530914757218,19.39376,17.22701,16.17957,15.75248,15.37808,8103,301,5,128,8.662940638281751e+18,GALAXY,0.0947286,7694,57359,970
61103,1.2376793217912676e+18,43.4066612253366,-5.16261334648511,24.96803,23.65924,21.61699,20.48818,19.63758,7881,301,1,311,8.870971261913946e+18,GALAXY,0.7476695,7879,57359,21
75074,1.2376802768717087e+18,3.05714150459562,27.5304259475187,20.7168,21.0349,20.74998,20.59945,20.56938,8103,301,4,114,8.662805948107347e+18,QSO,1.308278,7694,57359,480
77233,1.237680284382659e+18,13.5309391031143,29.2351633348563,22.33216,22.64041,21.89767,20.50996,19.84054,8105,301,2,34,8.640403673569319e+18,GALAXY,0.8135357,7674,57359,901
22108,1.2376792546742769e+18,40.7992404982393,-3.84197588720806,23.68538,21.59795,21.18246,21.22307,21.05293,7865,301,4,187,8.871118871349974e+18,QSO,3.034073,7879,57359,558
99310,1.2376802774093665e+18,5.02623463959412,28.0581557959817,19.75068,19.64277,19.36223,19.06267,18.9127,8103,301,5,126,8.662928543653845e+18,QSO,0.2440591,7694,57359,926
81857,1.2376802774084493e+18,2.80206701257794,28.0831507662426,24.70588,24.02996,21.84566,20.44938,19.71898,8103,301,5,112,8.662818867368974e+18,GALAXY,0.8106354,7694,57359,527
23208,1.237679254675194e+18,42.9009452168876,-3.55446912306206,21.30974,21.21774,21.27852,20.99371,20.87445,7865,301,4,201,8.87122717324531e+18,QSO,2.074435,7879,57359,952
65326,1.237680331645191e+18,13.2159301731093,28.9547637027518,20.86729,20.55967,20.46472,20.12724,20.07096,8116,301,2,307,8.640384157237926e+18,QSO,1.782578,7674,57359,830
87881,1.2376802774089736e+18,4.01603877390562,27.9415746746484,24.4135,23.26839,21.63172,20.41364,19.50997,8103,301,5,120,8.662874942461991e+18,GALAXY,0.7507319,7694,57359,731
71415,1.237680276871578e+18,2.76798366563457,27.6733415084435,20.90096,20.15219,19.99617,19.83377,19.97292,8103,301,4,112,8.662822440781765e+18,QSO,2.293736,7694,57359,540
85532,1.2376802774084485e+18,2.6976383211977,28.0113431837136,21.57082,21.16586,23.03745,21.50769,19.64904,8103,301,5,112,8.662820516636416e+18,GALAXY,0.324064,7694,57359,533
96524,1.237673700208346e+18,42.8422341463675,-4.08219074414784,25.98906,23.23693,21.22125,20.20795,19.56307,6572,301,2,195,8.871231296413915e+18,GALAXY,0.5390908,7879,57359,967
59682,1.2376802763356244e+18,5.0698484740293,27.2217523050734,20.95087,19.63202,19.12571,18.94975,18.98712,8103,301,3,126,8.662690499386431e+18,STAR,-0.0004225007,7694,57359,60
85325,1.2376802774093668e+18,5.10611118945963,27.9648681369033,24.39693,22.88625,21.34975,20.34685,19.3432,8103,301,5,126,8.662931017555007e+18,GALAXY,0.5357366,7694,57359,935
82505,1.2376802774094318e+18,5.35214386842051,28.0114876619108,20.84546,19.07143,18.13459,17.7319,17.35361,8103,301,5,127,8.662942012671285e+18,GALAXY,0.09542216,7694,57359,975
64956,1.237680276872037e+18,3.92018937843909,27.594855979161,27.10148,23.08081,21.19484,20.11905,19.21258,8103,301,4,119,8.662760043496888e+18,GALAXY,0.9348903,7694,57359,313
64463,1.2376793223271547e+18,41.1245855954341,-4.74865890069138,20.69975,20.68847,20.39932,20.56982,20.29451,7881,301,2,296,8.871097155995326e+18,QSO,1.322665,7879,57359,479
97212,1.2376737002080837e+18,42.2670973850651,-4.45270636104947,24.78386,23.13228,21.69069,20.57041,19.85769,6572,301,2,191,8.87118951497206e+18,GALAXY,0.7339775,7879,57359,815
65203,1.2376802768718405e+18,3.43940426779136,27.6603243403291,25.47071,24.76599,21.91052,20.77851,19.92713,8103,301,4,116,8.662780384462e+18,GALAXY,0.6261119,7694,57359,387
96464,1.2376802774087764e+18,3.53391379468502,27.9482959681051,21.28159,21.07127,20.67586,20.74659,20.80021,8103,301,5,117,8.662850203450366e+18,QSO,1.244081,7694,57359,641
6996,1.237680275798295e+18,3.88885989312416,26.8326393455037,24.83283,23.49124,21.54998,19.98981,19.15857,8103,301,2,119,8.662745200089913e+18,STAR,4.038383e-06,7694,57359,259
69130,1.2376802768722332e+18,4.43032092501704,27.4978340211334,21.34814,21.2078,20.96066,20.83145,21.72952,8103,301,4,122,8.662737503508519e+18,GALAXY,0.9228579,7694,57359,231
71869,1.2376802768722332e+18,4.36519052015296,27.5298968830299,25.80712,22.13994,20.69001,19.11986,18.46607,8103,301,4,122,8.662738603020147e+18,STAR,-5.919224e-05,7694,57359,235
72969,1.2376802768715123e+18,2.58147786007623,27.5757586208553,21.11596,20.92621,20.90037,20.53036,20.47713,8103,301,4,111,8.662803749084092e+18,QSO,1.680143,7694,57359,472
85375,1.2376802774085796e+18,3.02429476916012,27.908783838204,24.53586,23.91652,21.57561,20.29054,19.6026,8103,301,5,114,8.662821616148043e+18,GALAXY,0.6340213,7694,57359,537
70960,1.23768027687243e+18,4.9665230924038,27.5779202979815,22.48079,21.48216,20.35747,19.85872,19.63251,8103,301,4,125,8.662702868892243e+18,STAR,-0.0003464938,7694,57359,105
71164,1.2376802768724298e+18,4.91648163621841,27.6693619689264,21.33234,21.71683,21.41519,21.04468,20.79293,8103,301,4,125,8.662702044258523e+18,QSO,0.7548301,7694,57359,102
73183,1.23768027687184e+18,3.36106394446665,27.6948032627411,19.29578,18.25849,17.97264,17.86844,17.84255,8103,301,4,116,8.66278148397363e+18,STAR,-0.0003373451,7694,57359,391
30637,1.2376792546746698e+18,41.7728157050691,-3.6511918779766,21.69257,21.55252,21.28337,21.11802,21.24848,7865,301,4,193,8.871178244977875e+18,GALAXY,0.0,7879,57359,774
83425,1.2376802774092357e+18,4.71272581494759,28.0656360271229,25.07732,23.9524,21.91736,20.83927,19.93167,8103,301,5,124,8.662908477566638e+18,GALAXY,0.8948895,7694,57359,853
97002,1.237673700208346e+18,42.7491056739972,-3.92575996904135,22.85991,23.35504,21.74961,20.72932,19.98171,6572,301,2,195,8.87121920178601e+18,QSO,6.532517,7879,57359,923
72606,1.2376802768722988e+18,4.53342157346958,27.5195024169884,21.68206,21.15235,20.72409,20.28001,20.34541,8103,301,4,123,8.662726783270147e+18,QSO,1.832203,7694,57359,192
43249,1.2376793228644196e+18,42.1025740126202,-4.33267638578477,22.45285,20.62595,19.96722,19.71332,19.68234,7881,301,3,302,8.87117879473369e+18,STAR,1.850482e-05,7879,57359,776
71324,1.2376802768724303e+18,5.01945909633992,27.5837853274254,23.24756,23.71911,23.06386,21.76224,19.8655,8103,301,4,125,8.662692973287594e+18,GALAXY,0.811777,7694,57359,69
68044,1.2376793223271547e+18,41.2205462689917,-4.72354929621954,21.11004,20.4997,20.2103,20.08876,19.72663,7881,301,2,296,8.871124918663928e+18,STAR,-0.0001500388,7879,57359,580
81123,1.237680277409039e+18,4.29078638932464,28.118936239269,23.31533,23.10752,21.59367,20.09761,19.41304,8103,301,5,121,8.662885937578269e+18,GALAXY,0.73593,7694,57359,771
63515,1.23768027687243e+18,4.9207732160794,27.5695861750141,27.3126,22.85495,21.11194,20.10038,19.31262,8103,301,4,125,8.66270231913643e+18,GALAXY,0.5741926,7694,57359,103
98091,1.2376737002081495e+18,42.528581014414,-4.36873675565709,26.46673,23.96162,21.97172,20.52098,19.57474,6572,301,2,192,8.871211505204614e+18,GALAXY,0.7812952,7879,57359,895
84175,1.2376802774094976e+18,5.50995465267658,28.0640182365642,21.11597,19.39932,18.44417,18.03193,17.74632,8103,301,5,128,8.662948059985238e+18,GALAXY,0.09214478,7694,57359,997
96063,1.2376802774090383e+18,4.33458208317268,28.0423657362234,21.35944,22.03209,21.74913,21.45478,20.81053,8103,301,5,121,8.662887311967803e+18,QSO,1.053103,7694,57359,776
90593,1.2376802774084495e+18,2.72816839134765,28.1046871393106,22.85799,23.09493,21.94765,20.85138,19.86419,8103,301,5,112,8.662819417124789e+18,GALAXY,0.9269474,7694,57359,529
98474,1.2376737002081492e+18,42.4367209424324,-4.41031025778284,25.64436,23.62509,21.68648,20.5613,19.72163,6572,301,2,192,8.87120105984415e+18,GALAXY,0.6287992,7879,57359,857
69035,1.23768027687243e+18,4.92561570132523,27.5911936090234,24.5285,22.55291,20.67229,20.11106,19.65716,8103,301,4,125,8.662703693525965e+18,STAR,3.471975e-05,7694,57359,108
85757,1.237680277409497e+18,5.40888145269895,28.1204332838189,19.89898,18.05212,17.04031,16.59816,16.20257,8103,301,5,128,8.662946410717796e+18,GALAXY,0.09435399,7694,57359,991
69034,1.2376802768718395e+18,3.41360531269612,27.5348518653494,17.90094,17.71411,17.70846,17.69941,17.39151,8103,301,4,116,8.662782858363165e+18,QSO,0.396971,7694,57359,396
25437,1.2376792546742766e+18,40.8737833582967,-3.73956036922687,21.33359,21.04825,20.9631,20.49228,20.16489,7865,301,4,187,8.871118321594161e+18,QSO,1.809921,7879,57359,556
38044,1.2376792546751288e+18,42.7477171444068,-3.71834471156628,22.07092,21.6405,21.58312,21.41368,20.96841,7865,301,4,200,8.871227448123218e+18,QSO,2.792215,7879,57359,953
64091,1.2376802768722335e+18,4.44700095603793,27.5742304565862,26.88658,23.74085,22.165,21.058,19.95501,8103,301,4,122,8.662725958636427e+18,STAR,4.318395e-05,7694,57359,189
68473,1.2376802768724298e+18,4.89083813349998,27.5300975830651,21.77429,21.62444,21.46722,21.20398,22.10517,8103,301,4,125,8.662702594014338e+18,STAR,-0.0004041147,7694,57359,104
96962,1.2376802774084493e+18,2.66114998159918,27.938406653455,23.54744,23.12793,21.65047,20.635,19.87675,8103,301,5,112,8.662817767857348e+18,STAR,1.124356e-05,7694,57359,523
97607,1.2376737002076247e+18,41.565101717207,-5.22249778073228,23.67488,23.42078,21.67393,20.57051,19.91707,6572,301,2,184,8.87106087211161e+18,GALAXY,0.5835845,7879,57359,347
50759,1.2376802763371978e+18,9.21060541367666,27.1010843769227,25.06192,23.87035,22.26503,20.63288,19.49168,8103,301,3,150,8.636892932958608e+18,GALAXY,0.6533515,7671,57360,417
75806,1.237680276873871e+18,8.71533305417017,27.4542162193531,20.6985,20.79628,20.66166,20.31558,20.47254,8103,301,4,147,8.636913823679534e+18,QSO,1.858995,7671,57360,493
6124,1.2376802758007196e+18,10.0577115691043,26.6475248319547,24.28254,23.30665,21.9547,20.56633,19.79264,8103,301,2,156,8.636845653958613e+18,STAR,-0.0001025521,7671,57360,245
92894,1.2376663397259676e+18,16.9273321668676,0.262075266149664,22.53688,20.17668,18.9347,18.43952,18.09944,4858,301,4,467,9.894680908820404e+18,GALAXY,0.224396,8788,57360,991
51546,1.2376802763372636e+18,9.28263786330155,27.0479322888575,22.14396,22.6386,21.77016,20.73183,19.91074,8103,301,3,151,8.636893482714421e+18,GALAXY,0.6458052,7671,57360,419
97406,1.2376663397254438e+18,15.7442714415213,0.210470934427894,22.92841,21.77522,21.63414,21.48595,21.55873,4858,301,4,459,9.894630331285529e+18,STAR,-0.0003519089,8788,57360,807
97863,1.23766320492046e+18,14.4264687306927,0.793959568809397,25.62925,24.01382,21.82409,21.00595,21.14345,4128,301,5,219,9.89455721376228e+18,GALAXY,0.4862283,8788,57360,541
21937,1.2376637852780467e+18,15.7846252511428,1.02077202856544,24.33592,25.06996,24.52456,22.46255,22.48976,4263,301,6,221,9.894623184459946e+18,GALAXY,0.6531466,8788,57360,781
4798,1.2376637842040425e+18,15.2474506779466,0.205056586126894,21.94645,20.88205,19.71099,19.31448,18.88112,4263,301,4,217,9.89461026519832e+18,QSO,0.3486307,8788,57360,734
59394,1.2376632049212462e+18,16.1810582147523,0.695664406328828,23.50692,22.33486,21.89781,21.6221,21.6542,4128,301,5,231,9.894649572739013e+18,STAR,-0.001013552,8788,57360,877
59786,1.2376802763374597e+18,9.76219059481446,27.1424108322594,20.5739,20.29494,19.9652,19.98136,19.95412,8103,301,3,154,8.6368530756621e+18,QSO,0.9768867,7671,57360,272
72775,1.2376802768741335e+18,9.35048620789917,27.4733738336635,21.31213,21.05941,20.56682,20.43892,20.11953,8103,301,4,151,8.636885786133027e+18,GALAXY,0.8621973,7671,57360,391
58472,1.23768027633746e+18,9.77667482410288,27.1061438467014,23.78164,23.39847,21.35696,19.59505,18.63015,8103,301,3,154,8.636860772243495e+18,STAR,-7.934051e-05,7671,57360,300
74819,1.2376802768741335e+18,9.32376899342785,27.5287990573992,21.00463,20.92568,20.46642,20.33807,20.58827,8103,301,4,151,8.63688551125512e+18,QSO,1.963203,7671,57360,390
7759,1.2376802758005883e+18,9.85018410115305,26.6222732983752,20.24072,20.0444,19.83692,19.63163,19.45007,8103,301,2,154,8.63685582444117e+18,QSO,0.6622238,7671,57360,282
81341,1.2376663397251812e+18,15.0159742421598,0.303960320644061,22.66006,22.28445,22.133,22.00772,21.80901,4858,301,4,455,9.894588274965764e+18,QSO,2.024974,8788,57360,654
68936,1.237680276873872e+18,8.64017244421268,27.6257475543516,26.00789,22.47585,20.93837,19.51101,18.69641,8103,301,4,147,8.636915472946976e+18,STAR,-0.0001210283,7671,57360,499
65575,1.2376802768741345e+18,9.25272391270346,27.5930771625878,25.38361,23.97585,22.35969,20.93407,19.98488,8103,301,4,151,8.636886885644655e+18,GALAXY,0.6321102,7671,57360,395
69085,1.2376802768740685e+18,9.09455780665746,27.4881620601682,22.26773,21.36876,20.97496,21.06607,20.85632,8103,301,4,150,8.636898155638838e+18,QSO,0.9040595,7671,57360,436
70543,1.2376802768739372e+18,8.88479589955375,27.5748606498399,21.08845,20.67907,20.35942,19.90499,19.36785,8103,301,4,148,8.636909425633024e+18,QSO,0.4280173,7671,57360,477
5048,1.2376637825934295e+18,15.1714339877466,-1.11439672415673,22.55928,20.59271,19.08126,18.52798,18.04249,4263,301,1,217,9.89449701550066e+18,GALAXY,0.29559,8788,57360,322
76892,1.237680284382791e+18,13.8989369056611,29.2419965756591,24.23217,23.98495,22.06147,20.92305,19.68511,8105,301,2,36,8.693164838556555e+18,GALAXY,0.8112407,7721,57360,333
11469,1.2376637852779812e+18,15.7049517159139,0.967680101544271,22.85036,22.55812,22.1397,21.93007,22.45285,4263,301,6,220,9.894625933239015e+18,STAR,0.001962121,8788,57360,791
4241,1.237666338651112e+18,14.3336531990777,-0.53632361768096,22.2324,21.77727,21.12743,21.01624,20.5414,4858,301,2,450,9.894537422552982e+18,GALAXY,0.2887845,8788,57360,469
71325,1.2376802768745272e+18,10.3836392634752,27.4550591438617,22.11223,21.56003,21.56783,21.45433,21.76093,8103,301,4,157,8.636829436162102e+18,QSO,2.104563,7671,57360,186
3900,1.237663784204764e+18,16.8422870770728,0.174719105256224,22.79858,22.90299,22.97732,21.99989,21.67516,4263,301,4,228,9.894682558087844e+18,QSO,1.744734,8788,57360,997
39405,1.2376802859937308e+18,14.9080436146475,30.2808478641042,22.49678,22.67948,21.77271,20.67163,19.96084,8105,301,5,41,8.693308324823981e+18,GALAXY,0.6959953,7721,57360,855
84197,1.237663783130563e+18,15.8323181708272,-0.839048120729255,22.52798,21.34703,20.77868,20.54234,20.4634,4263,301,2,221,9.894465129663451e+18,STAR,-0.0006939106,8788,57360,206
99198,1.2376802774106117e+18,8.30606332226154,27.9613377999916,22.62834,21.80103,21.81257,21.1867,20.78321,8103,301,5,145,8.636917397092324e+18,QSO,1.398754,7671,57360,506
93454,1.2376663397258363e+18,16.5941788501183,0.368552244689987,21.97387,22.10432,21.80298,21.44331,22.11148,4858,301,4,465,9.8946767856518e+18,QSO,1.771467,8788,57360,976
93418,1.2376663397255744e+18,15.9294459048593,0.403893043839557,23.86578,22.53287,22.0991,21.3706,21.32934,4858,301,4,461,9.894640226890177e+18,QSO,0.7915329,8788,57360,843
84237,1.2376802774113329e+18,10.1736036307791,27.9104743075307,24.5109,24.39893,21.94912,20.79485,19.69046,8103,301,5,156,8.637003433877199e+18,GALAXY,0.8391594,7671,57360,819
93488,1.2376663397253125e+18,15.3935494312447,0.345415827619576,22.47827,22.59159,22.02998,21.83585,21.54582,4858,301,4,457,9.894608615930876e+18,GALAXY,0.6970778,8788,57360,728
62457,1.237680285993862e+18,15.1848171982784,30.3810846561475,23.14519,25.38788,22.38594,20.88977,19.89988,8105,301,5,43,8.693319869696072e+18,STAR,-0.0002666972,7721,57360,897
70133,1.2376802768739372e+18,8.74958667494326,27.6052919403518,21.45911,21.11119,22.43815,21.49721,21.18435,8103,301,4,148,8.636913548801629e+18,STAR,-0.0007820653,7671,57360,492
69419,1.2376802768741335e+18,9.39460254785604,27.4519881574428,19.05828,18.04428,17.71124,17.57939,17.5807,8103,301,4,151,8.636876165406283e+18,STAR,-0.0008007277,7671,57360,356
64439,1.237680331645977e+18,15.31037322476,28.9228342525604,21.11909,20.96313,20.65218,20.62996,20.56843,8116,301,2,319,8.693099142736796e+18,QSO,1.162056,7721,57360,94
22970,1.2376637852773916e+18,14.3560912442022,0.941704040019919,24.14969,24.23353,22.46367,22.45994,22.28628,4263,301,6,211,9.894557488640186e+18,GALAXY,0.4658284,8788,57360,542
92763,1.2376663397259676e+18,16.9498197459605,0.225949985297657,21.33837,20.86573,20.64054,20.67772,20.21401,4858,301,4,467,9.894548967425071e+18,GALAXY,0.0,8788,57360,511
84260,1.2376802774110707e+18,9.5763296571746,28.025481227815,23.36342,24.73019,21.7699,20.68194,19.98835,8103,301,5,152,8.636967699749296e+18,GALAXY,0.5448686,7671,57360,689
21512,1.2376637852781128e+18,15.8832101914341,0.955290318367328,25.91377,24.78103,23.11737,21.99245,22.27318,4263,301,6,222,9.894636103721572e+18,GALAXY,0.5273524,8788,57360,828
27510,1.2376637847415035e+18,16.5027462256274,0.473667855895116,25.02281,23.00764,22.36027,22.154,21.48849,4263,301,5,226,9.894663041756453e+18,QSO,2.117158,8788,57360,926
429,1.237680333793657e+18,15.8659404120046,30.4906956590805,23.37152,21.30158,19.90008,19.32057,19.011,8116,301,6,322,8.693345708219324e+18,GALAXY,0.2346958,7721,57360,991
78703,1.2376663397253128e+18,15.4486471525104,0.261572711703984,23.17486,22.88454,22.22907,21.83928,20.99221,4858,301,4,457,9.894618786413437e+18,GALAXY,0.4561578,8788,57360,765
3359,1.2376802758006548e+18,10.0162856317012,26.7619282499361,26.10933,23.55263,21.86469,20.61775,19.53173,8103,301,2,155,8.63684675347024e+18,GALAXY,0.6164278,7671,57360,249
67109,1.2376802768742e+18,9.42983329365137,27.580001412959,27.66154,22.78422,21.42549,20.24782,19.1438,8103,301,4,152,8.636875340772563e+18,GALAXY,0.7187568,7671,57360,353
96260,1.2376663397258368e+18,16.5658210358454,0.365786944258697,22.34778,21.94227,22.07694,22.13613,22.0037,4858,301,4,465,9.894663866390174e+18,STAR,-1.547312e-05,8788,57360,929
11846,1.2376637852779151e+18,15.4234041077557,0.88810396617219,24.66757,22.90957,22.14024,21.69007,21.49541,4263,301,6,219,9.894614388366926e+18,STAR,-0.0001031404,8788,57360,749
66031,1.237680331645387e+18,13.6262782816267,28.9848120392001,20.41236,20.15122,20.0066,19.72278,19.63382,8116,301,2,310,8.693184354887948e+18,QSO,1.61828,7721,57360,404
87354,1.237663783130956e+18,16.6555254355552,-0.782824093194749,20.55794,20.77215,20.32149,20.38901,20.70134,4263,301,2,227,9.894420874320435e+18,QSO,1.219414,8788,57360,45
76735,1.2376802843829873e+18,14.4225079211852,29.1821025511437,26.10124,23.22758,22.22006,20.89786,19.79364,8105,301,2,39,8.693141199056558e+18,GALAXY,0.7154956,7721,57360,247
4543,1.2376802758007204e+18,10.0565377289238,26.7134650091792,22.55681,24.06457,21.97327,20.85858,19.8116,8103,301,2,156,8.636847303226055e+18,QSO,1.604675,7671,57360,251
3326,1.2376802758005235e+18,9.70939630617943,26.766146276292,24.31653,24.53066,21.57928,20.5122,19.85986,8103,301,2,153,8.636857748586519e+18,GALAXY,0.7617668,7671,57360,289
81448,1.2376663397259028e+18,16.8004880638406,0.262828643909233,25.60896,22.34826,20.95323,20.54521,20.1713,4858,301,4,466,9.894679809308776e+18,GALAXY,0.4343434,8788,57360,987
81453,1.2376663386512433e+18,14.6291424915229,-0.458975899417683,22.57779,24.51846,22.65448,22.83424,22.69958,4858,301,2,452,9.894524228413446e+18,QSO,1.500298,8788,57360,421
39518,1.237680285994124e+18,15.8330589611253,30.3224658059049,23.51236,23.47375,23.24541,21.54165,19.52259,8105,301,5,47,8.693347907242579e+18,GALAXY,-0.005675106,7721,57360,999
70693,1.237680276874331e+18,9.85966405406435,27.5241987174732,22.14071,21.81155,21.52205,21.56517,22.29037,8103,301,4,154,8.636851151516752e+18,STAR,0.0004634158,7671,57360,265
84119,1.237680277410874e+18,9.06036334474419,27.902014734085,23.26522,22.06715,22.50912,21.37829,19.8816,8103,301,5,149,8.636946809028368e+18,GALAXY,0.745776,7671,57360,613
81001,1.2376663397249848e+18,14.6303769833326,0.307107370739892,23.0303,22.35789,21.70129,21.56705,21.9123,4858,301,4,452,9.894575355704136e+18,STAR,0.0004296947,8788,57360,607
3225,1.237666338651112e+18,14.3057539540722,-0.534608582637594,24.27073,23.08035,22.4238,22.32583,21.9486,4858,301,2,450,9.894541270843677e+18,GALAXY,0.6919268,8788,57360,483
16527,1.237663785277522e+18,14.5866734638419,0.988199956817485,21.87725,20.37553,19.7369,19.49269,19.3007,4263,301,6,213,9.894568758634371e+18,STAR,-0.0005665007,8788,57360,583
39565,1.2376802859939927e+18,15.4945233548725,30.4166338512905,24.38979,22.6872,22.18545,20.56991,19.7137,8105,301,5,45,8.693331414568163e+18,GALAXY,0.5939725,7721,57360,939
69128,1.2376802768741993e+18,9.56210203343414,27.5338747400683,20.49339,19.49648,19.17972,19.10119,18.99198,8103,301,4,152,8.636865720045819e+18,STAR,-0.0006458383,7671,57360,318
80320,1.2376663397249196e+18,14.537770584398,0.384390995341455,23.4507,22.7842,21.90038,21.05632,20.6203,4858,301,4,451,9.89456408570995e+18,QSO,1.865381,8788,57360,566
74120,1.2376802768740682e+18,9.19981937066291,27.5696465185198,21.19778,20.89088,20.95993,20.69382,21.2303,8103,301,4,150,8.636886610766748e+18,QSO,1.674758,7671,57360,394
69449,1.237666338114765e+18,15.4905305833099,-0.869263627193084,21.64502,20.38468,19.37857,18.84271,18.63776,4858,301,1,458,9.894477499169264e+18,GALAXY,0.2408332,8788,57360,251
68584,1.2376802768740685e+18,9.12384568760467,27.4473018884899,22.7406,22.10913,22.19376,21.74657,20.92901,8103,301,4,150,8.63689458222605e+18,QSO,0.9024916,7671,57360,423
57136,1.2376637836669097e+18,14.569081693507,-0.226351809329919,23.16262,23.21545,22.02655,21.34043,20.71967,4263,301,3,213,9.894526152558797e+18,GALAXY,1.062555,8788,57360,428
9695,1.23766378527844e+18,16.6369486996826,0.929083647463667,24.46899,22.92307,22.39931,22.02024,21.12756,4263,301,6,227,9.894670738337847e+18,GALAXY,0.0,8788,57360,954
94770,1.237666339725706e+18,16.3330448741522,0.355018413540672,23.30063,22.6911,21.21483,20.20133,19.83397,4858,301,4,463,9.894652046640175e+18,GALAXY,0.6361426,8788,57360,886
69623,1.237680276874396e+18,9.94951841532463,27.4587248311551,20.93321,21.0007,21.0645,20.59477,21.12001,8103,301,4,155,8.636851426394659e+18,QSO,1.999539,7671,57360,266
73453,1.237680276874e+18,8.96789745593509,27.4657519005335,19.97805,19.59615,19.52196,19.31923,19.05255,8103,301,4,149,8.636908600999302e+18,QSO,2.176804,7671,57360,474
69596,1.23768027687433e+18,9.8226781793698,27.5832024615251,18.66167,18.56709,18.51384,18.45939,17.9401,8103,301,4,154,8.636851976150472e+18,QSO,0.3728182,7671,57360,268
80665,1.23766633972505e+18,14.7533967987003,0.359499240806157,21.77103,20.9942,20.64871,20.56984,20.54583,4858,301,4,453,9.894575630582045e+18,STAR,-0.000806142,8788,57360,608
89091,1.2376802774108744e+18,8.94081251028604,27.9838385392749,22.11958,23.60022,22.25909,21.09435,19.751,8103,301,5,149,8.636935264156277e+18,GALAXY,0.7385502,7671,57360,571
10113,1.23766378527785e+18,15.3876584567657,1.00270273703931,22.53638,22.74935,22.34123,21.93787,21.98629,4263,301,6,218,9.894613838611108e+18,GALAXY,1.192372,8788,57360,747
63177,1.2376802763371315e+18,9.03828521823345,27.151757181542,22.86742,22.37117,21.92735,20.32777,20.40729,8103,301,3,149,8.636896506371399e+18,STAR,-0.0008343461,7671,57360,430
81935,1.2376663397257713e+18,16.4195152900727,0.219070188858695,22.97078,22.91441,21.99237,21.60036,20.99973,4858,301,4,464,9.894665240779708e+18,QSO,0.9041755,8788,57360,934
38141,1.237680285993469e+18,14.2004849063188,30.5198537060404,26.19168,23.00081,21.68578,20.50913,19.71552,8105,301,5,37,8.693273690207705e+18,GALAXY,0.7442223,7721,57360,729
85031,1.237680277411202e+18,9.86711514002883,27.8661645072307,22.96514,23.3419,22.27759,21.06525,19.91054,8103,301,5,154,8.636980344133016e+18,GALAXY,0.6630616,7671,57360,735
10993,1.2376637852777843e+18,15.1532969921383,0.941667943425451,23.5396,22.66987,22.04818,21.33229,20.41372,4263,301,6,217,9.894592673012275e+18,QSO,2.046492,8788,57360,670
72190,1.2376663381146995e+18,15.4015649379994,-0.939389077221112,21.74467,21.31697,20.88735,20.64232,20.69718,4858,301,1,457,9.894488494285543e+18,QSO,1.169943,8788,57360,291
94232,1.2376663397257715e+18,16.482682452424,0.278811203477453,22.48649,21.75182,20.96419,20.74666,20.26368,4858,301,4,464,9.894664691023897e+18,GALAXY,0.4594552,8788,57360,932
68065,1.2376802768738063e+18,8.41793205247711,27.5515533903568,21.18967,20.679,20.43017,19.9817,19.87793,8103,301,4,146,8.636915198069071e+18,QSO,0.597454,7671,57360,498
70022,1.237680276874396e+18,10.0645485265003,27.5796495629098,20.91487,21.19257,21.28392,21.06242,21.17822,8103,301,4,155,8.636843729813264e+18,QSO,1.784606,7671,57360,238
50001,1.237680309623915e+18,14.1772114325328,31.0189484695282,22.95885,21.88441,20.53734,19.52037,18.55937,8111,301,1,161,8.693266543382125e+18,STAR,2.2392e-05,7721,57360,703
38581,1.237680285993862e+18,15.283961570781,30.4169424517404,24.6034,23.52058,21.67224,20.46267,19.70964,8105,301,5,43,8.693330864812348e+18,GALAXY,0.7386897,7721,57360,937
67541,1.237680276874e+18,8.94499904634489,27.5200434967089,24.56207,23.25572,21.96949,20.64628,19.63518,8103,301,4,149,8.63690887587721e+18,GALAXY,0.8860174,7671,57360,475
79368,1.237666338651178e+18,14.5225648298843,-0.542542849610794,24.33753,24.30224,22.67563,22.13155,21.30721,4858,301,2,451,9.894527801826236e+18,QSO,2.940082,8788,57360,434
7534,1.2376737061181855e+18,124.558449790107,43.0112028725263,21.87862,21.70244,21.2374,21.06887,20.89949,6573,301,5,260,9.337270020118698e+18,QSO,1.486157,8293,57361,662
6984,1.2376802757990815e+18,5.93375763788816,26.8263533496303,22.96886,23.05159,21.85977,20.72733,19.87669,8103,301,2,131,8.661670977263132e+18,GALAXY,0.6496017,7693,57361,447
5007,1.237680275799344e+18,6.62330249912441,26.7017786969024,24.14088,23.55089,21.52114,20.29366,19.59595,8103,301,2,135,8.66163771703639e+18,GALAXY,0.5650979,7693,57361,326
27509,1.237673704507966e+18,125.822023665723,41.8923199575489,25.20177,22.78616,21.13341,20.04888,19.46293,6573,301,2,266,9.337310152293114e+18,GALAXY,0.0,8293,57361,808
72570,1.2376802768730196e+18,6.51537024859687,27.6501794084105,21.0744,21.42289,20.89969,20.73366,21.27128,8103,301,4,134,8.661654759466621e+18,QSO,1.182733,7693,57361,388
98798,1.237680277409956e+18,6.67893378666133,27.9406072146946,20.63912,20.70452,20.50313,20.48782,20.93651,8103,301,5,135,8.66173942186196e+18,QSO,1.096873,7693,57361,696
87173,1.237680277409497e+18,5.41258091351875,28.0115898024824,20.88568,19.09999,18.122,17.67561,17.36776,8103,301,5,128,8.661689394082896e+18,GALAXY,0.09200647,7693,57361,514
74600,1.2376802768730852e+18,6.7040528556393,27.6616406059328,22.28816,21.15522,20.13762,19.75467,19.40096,8103,301,4,135,8.661635518013135e+18,GALAXY,0.2692881,7693,57361,318
84410,1.2376802774094976e+18,5.49986208431881,28.0837097701483,20.22719,18.55255,17.58235,17.13236,16.79315,8103,301,5,128,8.661687744815454e+18,GALAXY,0.09428792,7693,57361,508
65284,1.2376802768730854e+18,6.63640175819341,27.5481432148398,24.42963,22.47177,22.56585,20.81883,19.76984,8103,301,4,135,8.661644588984064e+18,GALAXY,0.6657375,7693,57361,351
4665,1.2376802757992783e+18,6.43848747823546,26.7123765678098,27.04177,24.0488,21.52845,20.52592,19.77574,8103,301,2,134,8.661648437274761e+18,GALAXY,0.5303318,7693,57361,365
82914,1.2376802774094976e+18,5.47283162710363,27.9778061673522,20.51481,18.8344,17.80071,17.38955,16.99726,8103,301,5,128,8.661689943838711e+18,GALAXY,0.1354112,7693,57361,516
84009,1.237680277410415e+18,7.81509116660902,28.0624297286612,25.49552,24.56806,22.16873,21.08851,19.88585,8103,301,5,142,8.661792473298e+18,GALAXY,0.8504235,7693,57361,889
86227,1.237680277410022e+18,6.80405777622104,27.9689996730014,23.88727,23.69464,22.09777,20.95824,19.93926,8103,301,5,136,8.661738597228239e+18,GALAXY,0.530619,7693,57361,693
84437,1.237680277410743e+18,8.58263586767396,27.8944987389515,22.04649,23.36393,21.92208,20.82633,19.94952,8103,301,5,147,8.661552230007331e+18,GALAXY,0.6375481,7693,57361,15
90093,1.2376737050445092e+18,124.780597888891,42.3697356629164,22.32497,22.18051,21.78951,21.50525,21.55079,6573,301,3,261,9.337285688159392e+18,QSO,1.420926,8293,57361,719
86062,1.2376802774095631e+18,5.56677568474095,28.0934514997291,24.24251,24.83266,22.42085,21.05386,19.98712,8103,301,5,129,8.661692417739872e+18,GALAXY,0.5710077,7693,57361,525
69624,1.2376802768728236e+18,5.91837805512614,27.6507153647291,23.94425,23.77802,22.01945,20.7774,19.87401,8103,301,4,131,8.661679223600339e+18,GALAXY,0.8068047,7693,57361,477
3953,1.2376802757992123e+18,6.26243031097539,26.8156110992586,23.59983,21.19224,20.93214,20.49994,20.63507,8103,301,2,133,8.66166025702476e+18,QSO,2.767038,7693,57361,408
69252,1.2376802768732815e+18,7.19109756737566,27.5242784077464,20.72751,18.17645,17.08123,16.669,16.49481,8103,301,4,138,8.661621774117788e+18,STAR,1.672957e-05,7693,57361,268
69878,1.2376802768738063e+18,8.5465712165967,27.5349469271159,21.33926,21.30259,21.33814,20.9992,21.08288,8103,301,4,146,8.661550305861982e+18,GALAXY,0.8628973,7693,57361,8
72007,1.2376802768730196e+18,6.37680949372464,27.6281075315221,19.99959,20.00986,19.71002,19.71244,19.50129,8103,301,4,134,8.66165668361197e+18,QSO,1.244808,7693,57361,395
76619,1.2376802768728888e+18,6.10358925877563,27.6352205713191,23.95054,21.77472,21.2382,21.14771,20.39647,8103,301,4,132,8.661668503361968e+18,STAR,-0.0007182201,7693,57361,438
95054,1.2376737045082276e+18,126.748107402296,42.0761366981809,24.005,22.97089,20.50022,19.93037,19.32461,6573,301,2,270,9.337358530804732e+18,GALAXY,0.4332708,8293,57361,984
67173,1.2376575962252582e+18,125.818519240294,40.5361224068041,22.19211,22.21748,21.67676,21.65825,22.1889,2822,301,6,146,9.33713423043267e+18,QSO,1.721713,8293,57361,168
52299,1.2376802763364111e+18,7.03926150598784,27.0837996316433,22.58092,23.97372,22.78283,21.40456,19.4209,8103,301,3,138,8.661616551437556e+18,STAR,0.001484631,7693,57361,249
89600,1.237673705044902e+18,125.91660143036,42.4196357958957,22.17806,21.66704,21.36929,21.06618,20.56824,6573,301,3,267,9.33732829423497e+18,QSO,0.732157,8293,57361,874
86974,1.2376802774096287e+18,5.77955146679261,27.9812385062166,26.28806,22.79513,22.21903,20.68402,19.59726,8103,301,5,130,8.661695166518941e+18,GALAXY,1.068681,7693,57361,535
58922,1.237680276336018e+18,6.1865274323057,27.0832648377299,26.3882,23.83579,22.19116,21.02665,19.83172,8103,301,3,132,8.661663280681736e+18,GALAXY,0.8150067,7693,57361,419
90681,1.2376802774103498e+18,7.72124237023547,27.8942235122159,24.62979,23.21289,22.08153,20.70948,19.9722,8103,301,5,141,8.661794122565442e+18,GALAXY,0.7320514,7693,57361,895
82885,1.2376802774104806e+18,7.99337458142031,27.9380732236516,23.23573,23.16907,21.58208,20.34885,19.42357,8103,301,5,143,8.661805667437533e+18,GALAXY,1.041867,7693,57361,937
68067,1.2376802768736097e+18,7.94609074469577,27.6455275868285,27.12608,22.58602,21.15214,19.60819,18.83496,8103,301,4,143,8.66157751877477e+18,STAR,-9.451885e-05,7693,57361,107
58280,1.2376802763364767e+18,7.25094090271239,27.2338791888666,23.89371,23.17018,22.13995,20.65713,19.79101,8103,301,3,139,8.661606106077091e+18,GALAXY,0.7121629,7693,57361,211
68275,1.2376802768727575e+18,5.84313336850346,27.5668870017815,21.28164,21.20746,20.63291,20.60694,20.03998,8103,301,4,130,8.661678673844525e+18,QSO,1.230502,7693,57361,475
64376,1.2376737045078351e+18,125.566917922262,42.0323588228486,22.20325,22.01333,21.66407,21.59577,21.53001,6573,301,2,264,9.33730932765939e+18,QSO,1.790321,8293,57361,805
88474,1.237673705044771e+18,125.569578411155,42.2817069804391,20.06681,18.79469,18.2477,18.05615,17.93705,6573,301,3,265,9.33730850302567e+18,STAR,-0.0001263698,8293,57361,802
85055,1.2376802774102185e+18,7.24184150785356,27.932187441549,25.20651,23.21247,21.40352,20.4012,19.69113,8103,301,5,139,8.661760587460793e+18,GALAXY,0.5285242,7693,57361,773
83431,1.237680277410022e+18,6.78957744083687,28.1038719229068,24.25351,23.58445,22.25491,21.19439,19.85775,8103,301,5,136,8.661736947960797e+18,GALAXY,0.9859629,7693,57361,687
95607,1.237680277409498e+18,5.49618563608362,28.0006423158358,21.70673,21.68101,21.61081,21.13553,21.69817,8103,301,5,128,8.661689119204989e+18,QSO,1.278269,7693,57361,513
88969,1.2376737050450335e+18,126.479945636243,42.4397380283663,21.63684,21.47321,21.0925,20.85734,20.34246,6573,301,3,269,9.337350284467526e+18,QSO,0.9442289,8293,57361,954
88472,1.237673705044378e+18,124.502675933183,42.1532068854407,22.0923,21.70961,21.62562,21.14169,21.36153,6573,301,3,259,9.337275517676837e+18,QSO,1.763776,8293,57361,682
62609,1.237680331642635e+18,6.57663887401458,29.1888523898043,21.61987,21.33507,20.77173,20.57277,20.5256,8116,301,2,268,8.661720730164287e+18,QSO,1.325553,7693,57361,628
90837,1.2376802774103498e+18,7.67960717341725,27.9454708115589,24.96149,24.37635,22.20926,20.98846,19.84259,8103,301,5,141,8.66178257769335e+18,GALAXY,0.7889725,7693,57361,853
66782,1.237673703970374e+18,123.841757091443,41.3993090212111,23.60925,23.57171,21.98226,20.87179,18.43889,6573,301,1,255,9.337216418926844e+18,STAR,0.0001609976,8293,57361,467
91181,1.237680277410612e+18,8.25024782505557,28.0153304855415,24.02412,24.01472,22.01085,20.68793,19.89466,8103,301,5,145,8.661816112798e+18,GALAXY,0.7400933,7693,57361,975
71659,1.237680276873347e+18,7.3478541477557,27.5860811040331,21.00793,21.13107,20.9291,20.7257,21.81667,8103,301,4,139,8.661600883396859e+18,QSO,1.749674,7693,57361,192
69271,1.2376802768726922e+18,5.65020386641413,27.5853184134736,22.56933,22.11373,20.5665,20.01047,19.42555,8103,301,4,129,8.661682797013129e+18,STAR,-7.101205e-06,7693,57361,490
58136,1.237680276336346e+18,6.91622976410167,27.1420798417185,23.44545,23.06239,21.81947,20.47206,19.64075,8103,301,3,137,8.661630295332903e+18,GALAXY,0.6421753,7693,57361,299
67215,1.2376575962256512e+18,126.536715047764,41.1212977597737,26.19357,22.90523,22.14899,20.57847,19.81905,2822,301,6,152,9.33710701751988e+18,GALAXY,0.9613336,8293,57361,69
66089,1.23768027687361e+18,7.92449603746331,27.6719890765271,26.94761,23.44255,21.86592,20.66075,19.89074,8103,301,4,143,8.661579717798025e+18,GALAXY,0.5867984,7693,57361,115
69139,1.2376802768729546e+18,6.34691369510819,27.6570929622073,21.84926,21.36635,21.02183,20.54515,20.18752,8103,301,4,133,8.661655309222435e+18,QSO,1.731232,7693,57361,390
88011,1.237680277409497e+18,5.43291916824938,28.0647707248073,19.30837,17.17426,16.19069,15.75548,15.41756,8103,301,5,128,8.661688294571267e+18,GALAXY,0.09477753,7693,57361,510
63779,1.237673704508162e+18,126.544708966411,41.9693407408013,22.30472,21.95655,21.92947,21.30479,21.06019,6573,301,2,269,9.337354407636128e+18,GALAXY,0.662667,8293,57361,969
65561,1.2376737045073103e+18,123.787159481582,41.8161366643835,21.79168,21.28319,20.91653,20.99287,20.86279,6573,301,2,256,9.3372463806187e+18,QSO,1.0634,8293,57361,576
63037,1.2376802859929446e+18,12.7374489090141,30.5225223301888,27.81124,23.02724,21.76445,20.70163,19.92164,8105,301,5,29,8.689836067137018e+18,GALAXY,0.0,7718,57362,511
52351,1.237679079129351e+18,7.79572204145205,-4.34343215165782,21.93149,21.47985,21.7385,21.44706,22.19222,7824,301,5,368,8.896862012019333e+18,QSO,2.018019,7902,57362,3
99298,1.237679433984443e+18,6.52548676467913,-3.31563696097067,23.91355,20.64224,19.43294,18.92603,18.57789,7907,301,2,115,8.897059924112333e+18,GALAXY,0.2155084,7902,57362,723
64623,1.2376790791285645e+18,5.99720470734681,-4.18518922720037,24.34698,22.57975,21.46522,20.3135,19.54842,7824,301,5,356,8.896981309030947e+18,GALAXY,0.4784635,7902,57362,437
71858,1.2376790791291543e+18,7.28380607049428,-4.17417501786812,26.25517,22.71384,22.48228,21.10727,19.60065,7824,301,5,365,8.896891149077469e+18,GALAXY,0.8799205,7902,57362,109
66956,1.2376790791287608e+18,6.34276169933634,-4.17771559889539,23.17102,22.76063,21.55507,20.16573,19.4931,7824,301,5,359,8.896996152437922e+18,GALAXY,0.0,7902,57362,491
59544,1.237679434521511e+18,6.98884651564343,-2.75439833232297,23.58598,24.35526,21.0325,20.02119,19.37748,7907,301,3,118,8.897089061170469e+18,GALAXY,0.5576359,7902,57362,829
64000,1.2376790791290885e+18,7.21871544014854,-4.27459111962496,23.70695,24.50812,21.90019,20.74693,19.81706,7824,301,5,364,8.896900494926305e+18,GALAXY,0.6962034,7902,57362,143
59726,1.2376794345211167e+18,6.06297606928565,-2.85617215546021,19.71499,17.98877,17.13501,16.7248,16.43501,7907,301,3,112,8.897032161443731e+18,GALAXY,0.06750073,7902,57362,622
21350,1.2376788799492595e+18,5.48256689095197,-3.0568625380565,23.49288,22.7121,21.47195,20.47516,19.79148,7778,301,2,353,8.897014294379779e+18,GALAXY,0.5691048,7902,57362,557
68348,1.2376794334478991e+18,7.19766340305434,-3.74314999382511,19.17878,18.88404,18.69431,18.73917,18.72853,7907,301,1,120,8.897108027746048e+18,QSO,0.893906,7902,57362,898
64282,1.2376790791283023e+18,5.36482971767833,-4.17427105132844,26.44927,23.05311,21.94139,20.62259,19.92115,7824,301,5,352,8.896996702193736e+18,QSO,1.260227,7902,57362,493
78919,1.237680331644338e+18,10.9482554774895,29.1708360122663,22.69362,20.81592,19.4526,18.92359,18.61451,8116,301,2,294,8.68979813398586e+18,GALAXY,0.2255024,7718,57362,373
81405,1.2376663397270822e+18,19.4562167150651,0.33600386736868,22.64369,22.313,22.30742,22.42294,21.94638,4858,301,4,484,9.896838975318151e+18,QSO,2.097301,8790,57363,650
60359,1.23766320492295e+18,20.0557565294603,0.789129378241055,22.61237,21.08805,20.55121,20.24476,20.11136,4128,301,5,257,9.896877733103032e+18,STAR,-6.404215e-05,8790,57363,791
26516,1.2376637847424215e+18,18.6820814363274,0.439286930322585,24.28499,22.08084,21.38872,21.18793,20.96277,4263,301,5,240,9.89680049241118e+18,STAR,-0.0005984518,8790,57363,510
64257,1.2376803316429627e+18,7.38657072334155,29.3230567913822,22.58142,21.72811,21.68564,21.36953,20.97192,8116,301,2,273,8.685317074363636e+18,QSO,2.290438,7714,57363,455
16932,1.2376637852794227e+18,18.9107022635393,0.998631789790243,22.24033,21.04944,20.89503,20.79413,20.39125,4263,301,6,242,9.896810388015831e+18,STAR,-0.0004371847,8790,57363,546
50099,1.2376786174265925e+18,20.0056066907794,1.21004279615049,22.60194,22.02138,21.62021,21.71735,21.92451,7717,301,1,463,9.896864813841404e+18,STAR,-0.0002686983,8790,57363,744
88015,1.2376727961062607e+18,1.23590036289784,-3.22141732019986,20.42561,20.50975,20.41978,20.3287,20.18542,6361,301,6,20,8.892534609147091e+18,QSO,1.387066,7898,57363,644
40002,1.237663784743535e+18,21.2108697932646,0.484812591517757,23.50583,22.72987,22.61283,22.90677,21.98857,4263,301,5,257,9.896931609172791e+18,QSO,2.76397,8790,57363,987
99201,1.2376632049232778e+18,20.822235061915,0.717327189950854,22.51669,22.736,22.98715,22.31045,21.55549,4128,301,5,262,9.8969120928414e+18,QSO,1.967109,8790,57363,916
91922,1.2376632049228844e+18,19.8872958798097,0.695479441527578,22.74327,22.34102,22.90328,22.38163,21.61064,4128,301,5,256,9.896868387254196e+18,QSO,1.733626,8790,57363,757
16185,1.2376637852798812e+18,19.9358432116373,0.998717166364041,22.2526,20.21935,19.24736,18.89426,18.78228,4263,301,6,249,9.896866463108848e+18,STAR,-0.000205061,8790,57363,750
18062,1.23766378527975e+18,19.6119931646132,0.96864487448263,22.21288,25.11437,21.25806,24.3618,20.80677,4263,301,6,247,9.896843648242571e+18,STAR,-0.0002392142,8790,57363,667
32065,1.2376802843838387e+18,16.6317240565689,28.9904409979142,22.54899,22.03407,21.79076,21.86536,21.87625,8105,301,2,52,8.643783847258118e+18,QSO,1.443256,7677,57363,910
50494,1.2376802843835113e+18,15.6655546273357,29.0080618571512,23.643,25.60601,22.32511,20.61917,19.76362,8105,301,2,47,8.643740691426728e+18,GALAXY,0.7981609,7677,57363,753
71035,1.2376663381166656e+18,19.8763610597506,-1.03611842462301,21.50514,20.21378,19.40468,18.9323,18.67324,4858,301,1,487,9.89672847439956e+18,GALAXY,0.1776438,8790,57363,248
93445,1.2376727961072435e+18,2.26718201462691,-5.08139946297432,19.94527,19.61365,19.46334,19.20374,19.19373,6361,301,6,35,8.892380952397109e+18,QSO,1.578759,7898,57363,85
82107,1.2376637831327916e+18,20.9417444482165,-0.722693196066338,23.477,21.77529,21.06999,20.76225,20.61427,4263,301,2,255,9.896671574672824e+18,GALAXY,1.785806,8790,57363,41
10872,1.2376727944961723e+18,0.619843825020695,-4.79546639220541,21.10776,20.97451,20.9159,20.62912,20.35796,6361,301,3,28,8.892480183321517e+18,QSO,1.959809,7898,57363,446
32542,1.237679434519151e+18,1.61134050306431,-2.90177072277622,23.43492,24.6894,22.14796,20.83089,19.97329,7907,301,3,82,8.892564570838947e+18,GALAXY,0.6458479,7898,57363,753
80063,1.237666339726689e+18,18.556932879273,0.269596977131032,22.59965,22.64254,22.43658,22.36261,22.69316,4858,301,4,478,9.896799942655367e+18,GALAXY,1.335877,8790,57363,508
92600,1.2376727961065231e+18,1.46958024469731,-3.74932790168791,25.47439,22.13016,21.81238,22.02208,21.98116,6361,301,6,24,8.892560447670344e+18,QSO,2.878376,7898,57363,738
58556,1.2376632049231465e+18,20.4371206364249,0.750814069464404,23.51839,22.91968,22.21448,22.13553,22.88474,4128,301,5,260,9.896889827730938e+18,GALAXY,0.2680843,8790,57363,835
61379,1.2376632049228844e+18,19.8954376467175,0.639264284297766,23.30255,22.89992,22.97262,22.15356,23.25439,4128,301,5,256,9.896869211887915e+18,QSO,1.73432,8790,57363,760
8728,1.237663785279619e+18,19.3168345004484,0.902792810347129,21.79121,21.04825,20.74685,20.70328,20.52675,4263,301,6,245,9.896832653126294e+18,STAR,0.0004199587,8790,57363,627
40682,1.2376802843836424e+18,16.0246228675351,29.0566307080968,26.42181,23.42686,21.48447,20.40954,19.68591,8105,301,2,49,8.643762131903469e+18,GALAXY,0.618791,7677,57363,831
4525,1.2376727944961065e+18,0.663324773916685,-4.58993940123517,18.97377,17.97432,17.61438,17.47351,17.42472,6361,301,3,27,8.89248073307733e+18,STAR,-0.000511714,7898,57363,448
13309,1.2376637852800128e+18,20.265774162536,0.897927035773671,23.08388,22.23749,22.01803,21.5648,21.96383,4263,301,6,251,9.89688872821931e+18,STAR,-6.306564e-06,8790,57363,831
48000,1.2376602231572398e+18,20.6476894772013,-0.332918064635968,22.26317,19.37124,18.21821,17.91333,17.30783,3434,301,3,491,9.896694664417008e+18,QSO,0.2886371,8790,57363,125
80619,1.237666339727213e+18,19.7206123430051,0.403042866957169,23.7926,22.29757,21.07828,20.02285,19.24929,4858,301,4,486,9.89684914580071e+18,STAR,6.468876e-08,8790,57363,687
89193,1.237657190914524e+18,21.2395258554973,-0.182596235255573,23.09234,23.35898,22.79645,23.59754,22.45308,2728,301,3,555,9.89667927125422e+18,QSO,1.379565,8790,57363,69
92748,1.237666339727344e+18,20.0510031824648,0.400487138581041,23.16845,22.57566,22.84155,22.19415,22.46953,4858,301,4,488,9.89687086115536e+18,QSO,1.728237,8790,57363,766
92973,1.2376663397272133e+18,19.6516221462866,0.269647260760039,22.64888,23.53151,21.56325,20.64529,20.03779,4858,301,4,486,9.89684997043443e+18,GALAXY,0.5139849,8790,57363,690
93920,1.237666339726885e+18,18.9286219273034,0.36456452284424,22.33335,21.82357,21.6082,21.29207,21.64141,4858,301,4,481,9.896804890457692e+18,GALAXY,0.1356598,8790,57363,526
94251,1.2376727961071785e+18,2.10954307156243,-4.99067014791771,22.17695,21.56991,21.523,21.34891,21.05143,6361,301,6,34,8.89239084800176e+18,QSO,2.244922,7898,57363,121
51829,1.2376790791269258e+18,2.18351690780598,-4.20222384926724,22.1906,21.70447,21.70196,21.57208,21.2814,7824,301,5,331,8.892388374100597e+18,QSO,2.421215,7898,57363,112
9313,1.237663785279619e+18,19.3270848503285,0.868474716557245,24.87247,22.46824,21.84583,21.76208,21.52817,4263,301,6,245,9.896834027515828e+18,QSO,0.8717762,8790,57363,632
31560,1.2376802843837734e+18,16.3604129582234,28.9387039131912,25.89026,25.41963,23.21371,21.48507,19.75451,8105,301,2,51,8.643773676775561e+18,STAR,1.414798e-05,7677,57363,873
10047,1.2376727944962376e+18,0.711032595001058,-4.8448804492231,19.83712,19.72261,19.47498,18.57312,17.92602,6361,301,3,29,8.892481832588957e+18,STAR,3.003214e-05,7898,57363,452
92010,1.2376663397276063e+18,20.646116854004,0.407196804328147,22.70201,21.6382,20.77253,20.34563,20.39538,4858,301,4,492,9.896904396260004e+18,GALAXY,0.497291,8790,57363,888
90694,1.237663204923343e+18,20.9707675526516,0.78515049082334,23.60779,22.72615,22.51541,22.30443,22.16145,4128,301,5,263,9.896922813079771e+18,QSO,1.02104,8790,57363,955
61759,1.2376632049226225e+18,19.266275102456,0.791546910809886,23.01516,22.33941,21.82541,21.61158,21.33084,4128,301,5,252,9.896824131911178e+18,STAR,-0.0008693715,8790,57363,596
71148,1.2376794334456712e+18,2.12681475858675,-3.57420575162639,20.10146,19.94904,19.85942,19.57881,19.5741,7907,301,1,86,8.892602778868013e+18,QSO,1.894645,7898,57363,892
91433,1.2376663397272783e+18,19.8113755610725,0.310297783607014,24.46314,21.81649,21.44576,21.06557,21.13848,4858,301,4,487,9.896860965550709e+18,GALAXY,0.1154673,8790,57363,730
11103,1.2376637852800128e+18,20.256935560685,1.00619020377116,23.60159,22.41998,22.16677,22.16993,21.10228,4263,301,6,251,9.89688790358559e+18,QSO,2.967228,8790,57363,828
28165,1.2376637847430764e+18,20.0958700032943,0.596011008726093,25.08529,22.89574,22.27369,21.98175,21.87799,4263,301,5,250,9.896880756760009e+18,QSO,3.565778,8790,57363,802
66804,1.2376803316431596e+18,7.95140744331991,29.2332160382943,23.34213,21.7391,21.35271,21.26149,22.15677,8116,301,2,276,8.685294809253173e+18,QSO,3.267237,7714,57363,374
94285,1.237666339727016e+18,19.2049842071314,0.255730487863817,22.21282,22.39969,21.68927,21.52419,20.83603,4858,301,4,483,9.89681671020769e+18,GALAXY,0.5103106,8790,57363,569
92233,1.2376663397271475e+18,19.5407216277746,0.36617234997474,21.88867,20.29361,18.9317,18.41616,17.99719,4858,301,4,485,9.89684832116699e+18,QSO,0.2746004,8790,57363,684
97673,1.2376794339820838e+18,1.16620585616701,-3.31762250603091,24.1524,22.99493,21.48699,20.43595,19.60829,7907,301,2,79,8.892534334269184e+18,GALAXY,0.6518356,7898,57363,643
92601,1.2376727961068508e+18,1.89437334510379,-4.32023573967036,22.92763,21.89076,21.71342,21.48922,20.95504,6361,301,6,29,8.892407615554083e+18,QSO,2.195683,7898,57363,182
10471,1.237663785279619e+18,19.3236445337521,0.941717944253123,24.8747,23.39403,22.21954,21.64695,21.30196,4263,301,6,245,9.896831003858852e+18,QSO,4.531965,8790,57363,621
78871,1.2376663397266888e+18,18.5150318621117,0.215678446949482,23.28073,22.86296,22.45875,21.88468,22.75531,4858,301,4,478,9.896800767289088e+18,QSO,1.182485,8790,57363,511
86699,1.2376637831319388e+18,18.8838150689202,-0.812664636117845,18.81028,18.66451,18.84692,19.10104,19.50648,4263,301,2,242,9.896785649004206e+18,GALAXY,1.787333,8790,57363,456
10764,1.237663785279947e+18,20.0900180877122,1.03832430104152,22.39866,22.51998,22.29581,22.0315,21.60295,4263,301,6,250,9.896877183347218e+18,QSO,0.9872686,8790,57363,789
87580,1.2376727961070477e+18,2.14390733451455,-4.76539997475289,23.62055,21.69394,21.39374,21.32328,21.8969,6361,301,6,32,8.892391947513387e+18,QSO,2.921346,7898,57363,125
80828,1.2376794345190203e+18,1.25677471424243,-2.86311138894562,22.98823,22.81561,21.36207,20.24606,19.47551,7907,301,3,80,8.892542580606392e+18,GALAXY,0.6127898,7898,57363,673
87370,1.2376727961061952e+18,1.18895891460647,-3.01250709481139,21.11271,20.32258,20.06668,20.00457,19.83164,6361,301,6,19,8.892542855484299e+18,QSO,2.544239,7898,57363,674
33661,1.2376637825959206e+18,20.9218359742257,-1.09787352328424,22.92022,21.00954,19.59976,19.01683,18.69919,4263,301,1,255,9.896661679068174e+18,QSO,0.2521955,8790,57363,5
66140,1.2376803316460424e+18,15.3232834360296,28.8758843650782,20.49549,20.51134,20.42092,20.12463,19.90461,8116,301,2,320,8.64371897607208e+18,QSO,1.923871,7677,57363,674
11899,1.2376727944958446e+18,0.297778785283242,-4.04719154683157,21.64767,21.47379,21.37595,21.24393,21.18001,6361,301,3,23,8.892492827705235e+18,QSO,1.501719,7898,57363,492
93324,1.237666339727082e+18,19.3648396598835,0.301409182028991,23.50499,22.21652,20.9044,20.299,19.76321,4858,301,4,484,9.896829079713503e+18,GALAXY,0.4389746,8790,57363,614
60360,1.2376632049230812e+18,20.4107197770271,0.707231958281926,23.73458,22.54339,21.56756,21.64347,20.78905,4128,301,5,259,9.896890102608845e+18,QSO,1.142646,8790,57363,836
86910,1.2376727961071782e+18,2.17293535705238,-5.06606124371973,21.45869,20.90976,20.81599,20.55208,20.4968,6361,301,6,34,8.89238177703083e+18,QSO,1.575539,7898,57363,88
59053,1.237663204922557e+18,19.1688392724122,0.783422488750726,24.53986,23.15095,22.12358,21.23213,21.16246,4128,301,5,251,9.896822757521646e+18,GALAXY,0.6097823,8790,57363,591
92837,1.2376663397272783e+18,19.8894017373901,0.230456260601566,22.62881,22.42146,22.13051,21.0668,20.13943,4858,301,4,487,9.896871410911173e+18,GALAXY,0.8765796,8790,57363,768
20225,1.2376637825953956e+18,19.6897080398169,-1.05881913613971,29.23438,25.40505,17.51251,16.55034,23.5446,4263,301,1,247,9.896750464632115e+18,STAR,-0.0001673205,8790,57363,328
97407,1.2376663397272123e+18,19.7163862716519,0.280704645072595,25.25903,22.99599,23.52649,23.57319,22.40707,4858,301,4,486,9.896848596044896e+18,QSO,1.285356,8790,57363,685
15827,1.2376637852800128e+18,20.3255475832302,0.86638077747293,23.23452,22.20686,21.99573,21.8898,22.26396,4263,301,6,251,9.896889003097215e+18,STAR,-0.0004246594,8790,57363,832
93835,1.2376727961067195e+18,1.69978975199336,-4.12349268776063,22.69862,21.89949,21.66676,21.18707,20.66225,6361,301,6,27,8.892421634327338e+18,QSO,0.63739,7898,57363,233
87159,1.2376727961064576e+18,1.48835857943868,-3.53533709131681,22.24615,21.74016,21.51713,21.31455,20.74786,6361,301,6,23,8.892559348158715e+18,QSO,0.7417986,7898,57363,734
96687,1.237666339727082e+18,19.403627462059,0.334540399568312,22.41265,22.30893,21.46115,20.98545,20.33715,4858,301,4,484,9.896837326050712e+18,QSO,0.9582849,8790,57363,644
72806,1.237666338116928e+18,20.4442112124803,-1.00676530555055,23.51378,22.34733,22.12372,21.78855,21.58761,4858,301,1,491,9.896709232946078e+18,GALAXY,1.100968,8790,57363,178
31881,1.2376737061149747e+18,114.698208928238,41.6586633306378,22.86354,21.97079,21.60236,21.36222,20.77052,6573,301,5,211,9.333879401186875e+18,QSO,2.203783,8290,57364,615
83197,1.2376637831340365e+18,23.7903230390378,-0.795989097953587,23.33733,23.44321,22.71992,23.10716,22.24729,4263,301,2,274,9.899026728596296e+18,QSO,1.377149,8792,57364,417
81268,1.237663783134298e+18,24.2837140538595,-0.790487573671161,24.00044,22.14554,21.57306,20.9104,21.1937,4263,301,2,278,9.89899319349165e+18,QSO,1.397661,8792,57364,295
94190,1.2376786614235308e+18,358.885333966052,4.56481304985109,26.26539,23.32694,21.61087,20.37859,19.72651,7727,301,3,59,9.842630028428595e+18,GALAXY,0.7102112,8742,57364,47
27797,1.2376737066519114e+18,114.704083698453,42.0521623480999,23.69793,23.82577,22.05626,20.80947,19.98892,6573,301,6,212,9.333876652407804e+18,GALAXY,0.6130536,8290,57364,605
2337,1.2376737066525005e+18,116.462625712657,42.4020218369312,21.8678,21.65249,21.56456,21.10458,21.08621,6573,301,6,221,9.33395114432059e+18,QSO,1.764888,8290,57364,876
8745,1.2376737055782344e+18,115.160254412631,41.3203417460808,20.73904,20.5874,20.24564,20.11355,20.21749,6573,301,4,213,9.333812056099674e+18,QSO,1.327901,8290,57364,370
21990,1.2376696795764495e+18,358.107742869913,6.55630961570094,23.80355,24.88152,22.83747,20.3921,19.2819,5636,301,1,109,9.842824641986712e+18,STAR,-0.0001615611,8742,57364,755
47076,1.237680309621949e+18,9.0507722219761,31.3264107242738,21.40953,21.16156,21.20649,20.88391,20.76538,8111,301,1,131,8.686413012595399e+18,QSO,1.756831,7715,57364,346
4115,1.2376637825976243e+18,24.7944678249499,-1.08707041575734,23.72915,22.60419,22.3133,22.36438,22.26206,4263,301,1,281,9.898957459363748e+18,GALAXY,1.100978,8792,57364,165
32583,1.2376737061151703e+18,115.395801315465,41.7199376845807,22.4193,22.16366,21.80331,21.47919,21.48272,6573,301,5,214,9.333900017029896e+18,QSO,1.217295,8290,57364,690
87110,1.2376637831341015e+18,23.8556449347927,-0.683674144910932,18.43382,17.45777,17.1802,17.06554,17.04884,4263,301,2,275,9.899017932503278e+18,STAR,-2.158035e-05,8792,57364,385
49962,1.2376737066524344e+18,116.341579474915,42.3009236185159,20.20111,20.09843,19.89798,19.77709,19.79844,6573,301,6,220,9.33395086944268e+18,QSO,1.318569,8290,57364,875
54917,1.2376737066524352e+18,116.334037034035,42.4303794461759,22.30337,22.30001,21.69113,21.65346,22.68009,6573,301,6,220,9.33394922017524e+18,QSO,1.241493,8290,57364,869
39982,1.2376737066523694e+18,116.229474312465,42.2936871802968,21.56088,21.62958,21.50084,21.35592,21.26199,6573,301,6,219,9.33394014920431e+18,QSO,1.436498,8290,57364,836
20287,1.237651496292648e+18,116.057839550393,41.7104781089488,24.15837,23.41559,22.07952,20.84216,19.86554,1402,301,4,65,9.33393382701245e+18,GALAXY,0.9487855,8290,57364,813
49947,1.2376803096218831e+18,8.84235065262368,31.1924328485494,21.45431,21.66004,21.67171,21.32281,20.91285,8111,301,1,130,8.686411638205864e+18,QSO,1.854673,7715,57364,341
54112,1.237651496829912e+18,116.148187787057,42.6055572033653,25.64511,22.93664,21.17543,20.06407,19.40638,1402,301,5,71,9.33393822505896e+18,GALAXY,0.5334617,8290,57364,829
49321,1.2376803096222766e+18,9.83893346344172,31.1954833711694,21.7811,21.01935,20.45078,20.39384,20.20648,8111,301,1,136,8.686369307008196e+18,STAR,-0.0004325892,7715,57364,187
11191,1.237673705578824e+18,116.999664300774,41.7345401947251,21.88387,21.49291,21.33441,21.18552,20.72376,6573,301,4,222,9.333979181867096e+18,GALAXY,1.067826,8290,57364,978
82170,1.2376637831345608e+18,24.8765651072104,-0.823596881056649,22.97178,22.55817,22.01331,22.01754,21.79442,4263,301,2,282,9.898960757898631e+18,QSO,1.341578,8792,57364,177
18207,1.2376637852815854e+18,23.8273734998814,0.85041795445253,21.35015,20.8006,20.58632,20.13593,20.08804,4263,301,6,275,9.899073182962571e+18,QSO,1.657209,8792,57364,586
2538,1.237673706652566e+18,116.758679586315,42.3689427488273,21.49909,21.39849,21.5186,21.17201,20.58278,6573,301,6,222,9.333959665535703e+18,QSO,2.03741,8290,57364,907
54684,1.237673706652566e+18,116.721707752209,42.5176622808622,22.1704,21.04757,20.87382,20.9182,20.46664,6573,301,6,222,9.33395994041361e+18,QSO,2.516339,8290,57364,908
59013,1.237673706115695e+18,116.761685467557,42.0520307870392,21.74234,21.30964,21.04126,20.5833,20.72421,6573,301,5,222,9.333965437971749e+18,QSO,1.660851,8290,57364,928
3787,1.2376737066525005e+18,116.549836999762,42.3554791594598,21.17814,20.77585,20.59205,20.3781,20.09502,6573,301,6,221,9.333950594564772e+18,QSO,0.678858,8290,57364,874
21932,1.2376737061158917e+18,117.405986690142,42.1035426113542,21.02611,20.61344,20.44059,20.19835,19.78823,6573,301,5,225,9.33398248040198e+18,QSO,2.169221,8290,57364,990
8696,1.2376737055789553e+18,117.306208538576,41.8117751502977,21.40766,21.11078,20.81313,20.41687,20.33732,6573,301,4,224,9.333982205524072e+18,QSO,1.83664,8290,57364,989
40274,1.237678617428296e+18,23.8762963345658,1.24788554203349,23.12304,22.35432,22.32655,22.30652,22.41861,7717,301,1,489,9.899083628323035e+18,GALAXY,0.1533865,8792,57364,624
9078,1.237673705578562e+18,116.1352093953,41.4598421460853,21.11483,20.82434,20.79583,20.69637,20.46379,6573,301,4,218,9.333770824413633e+18,QSO,2.099293,8290,57364,220
84196,1.237663783134888e+18,25.6269328742027,-0.818750853959303,21.36224,20.47222,20.04027,19.80409,19.95952,4263,301,2,287,9.898925298648635e+18,GALAXY,0.0171213,8792,57364,48
21342,1.2376737061151708e+18,115.338025758675,41.7072986699246,21.51488,21.42688,21.04683,21.00158,20.6889,6573,301,5,214,9.33390056678571e+18,QSO,1.17856,8290,57364,692
55342,1.2376737061156948e+18,116.853046314252,42.0670439203227,21.81614,22.34572,21.56032,22.17046,21.2848,6573,301,5,222,9.333964888215937e+18,QSO,1.30983,8290,57364,926
50492,1.2376737066520417e+18,115.055846721639,42.2005650102075,21.14443,21.15906,20.85494,20.47411,20.30551,6573,301,6,214,9.333887372646177e+18,QSO,1.902148,8290,57364,644
7020,1.237663782597624e+18,24.7049499046096,-1.19135146899381,21.19623,19.61314,18.61617,18.16203,17.79212,4263,301,1,281,9.898967904724214e+18,GALAXY,0.1830815,8792,57364,203
49676,1.2376737066520417e+18,115.23185992638,42.169762832075,20.38727,20.40743,20.13732,20.05181,20.03502,6573,301,6,214,9.333898367762457e+18,QSO,1.213464,8290,57364,684
2418,1.2376737066519764e+18,114.848191110908,42.2246952690575,22.34671,22.08871,21.0474,20.29522,20.27898,6573,301,6,213,9.3338763775299e+18,QSO,1.511056,8290,57364,604
3059,1.237673706652631e+18,116.833574180089,42.5953702458403,18.64852,17.63333,17.26847,17.13339,17.0819,6573,301,6,223,9.333969286262446e+18,STAR,-0.0007222867,8290,57364,942
8404,1.2376737055783654e+18,115.618393244513,41.4940439776644,21.89184,22.00321,21.60542,21.48058,21.24003,6573,301,4,215,9.33379253976828e+18,QSO,1.290692,8290,57364,299
34211,1.237663782597297e+18,24.0782651175884,-1.22015912998064,24.54915,22.14157,21.37467,20.91155,20.33908,4263,301,1,276,9.899000615195138e+18,GALAXY,0.2603031,8792,57364,322
86167,1.2376637831344297e+18,24.574479857011,-0.799501095012422,25.00249,22.38386,21.93888,21.89643,22.61078,4263,301,2,280,9.898982748131189e+18,STAR,-0.0005120331,8792,57364,257
94292,1.23767866142281e+18,357.205108903479,4.58087530132606,22.64484,24.04434,22.18904,20.70986,19.90382,7727,301,3,48,9.842740529347189e+18,GALAXY,0.7427602,8742,57364,449
10010,1.2376737055784965e+18,116.017550207952,41.46356359188,21.08234,20.93204,20.94128,20.68935,19.99906,6573,301,4,217,9.333786767332235e+18,QSO,2.021291,8290,57364,278
3090,1.2376637825974927e+18,24.4167425862852,-1.17694608830132,21.45946,21.28842,20.69252,20.36087,19.87392,4263,301,1,279,9.898980274230024e+18,GALAXY,0.4680991,8792,57364,248
23413,1.237673706114843e+18,114.27967718592,41.5659300524935,20.48342,20.30348,20.14983,19.68881,19.54312,6573,301,5,209,9.33385741095432e+18,QSO,1.89299,8290,57364,535
49273,1.2376803096216207e+18,8.20758177826349,31.3776827257721,25.77215,23.06404,21.37827,18.66998,17.19771,8111,301,1,126,8.686448471845395e+18,STAR,-0.000151219,7715,57364,475
24869,1.2376737061154327e+18,116.136727918924,41.9286346828302,21.70273,20.01572,19.28687,19.02355,18.83616,6573,301,5,218,9.333941798471752e+18,STAR,2.796217e-05,8290,57364,842
98142,1.2376637836714972e+18,25.0541383473849,-0.349953218521103,24.28919,22.65578,21.65049,20.69501,20.41271,4263,301,3,283,9.898953336195144e+18,GALAXY,0.613026,8792,57364,150
9484,1.2376737055783652e+18,115.62176776773,41.3206699343935,20.83937,18.54247,17.50734,17.0587,16.7846,6573,301,4,215,9.33379089050084e+18,STAR,-9.298361e-06,8290,57364,293
3705,1.2376737066524344e+18,116.303082546654,42.4559803995346,18.47633,17.30546,17.24116,17.3278,17.37114,6573,301,6,220,9.333948945297332e+18,STAR,-9.275888e-05,8290,57364,868
7504,1.237673705578562e+18,116.208295847862,41.5258287726502,21.58797,21.62312,21.59745,22.00898,21.93153,6573,301,4,218,9.333769450024096e+18,STAR,-0.0005608723,8290,57364,215
5475,1.2376803337916915e+18,10.6825777440597,30.8926822191004,23.40768,23.26282,21.68125,20.61048,19.91149,8116,301,6,292,8.686331373857036e+18,GALAXY,0.5730586,7715,57364,49
48608,1.2376737066521723e+18,115.538781822146,42.1778204100247,20.09247,19.86248,19.72474,19.65303,19.45618,6573,301,6,216,9.333908538245014e+18,QSO,0.7851306,8290,57364,721
96180,1.2376637847450427e+18,24.6475891244288,0.553037079875726,23.20624,23.58191,22.36587,21.91066,20.80338,4263,301,5,280,9.899131182200936e+18,GALAXY,1.37238,8792,57364,797
16981,1.2376737061155635e+18,116.3925078145,42.0618989712907,24.32985,23.52323,21.88437,20.4794,19.59535,6573,301,5,220,9.333954167977564e+18,STAR,7.106302e-06,8290,57364,887
4473,1.2376737061147776e+18,114.033239163029,41.6140199077127,21.80359,21.8219,21.67947,21.31866,20.75642,6573,301,5,208,9.3338527380299e+18,QSO,0.8233776,8290,57364,518
9830,1.2376737055786276e+18,116.355552035063,41.4754486564757,22.31427,22.04138,21.60535,21.72511,21.20915,6573,301,4,219,9.333754331739216e+18,QSO,2.277704,8290,57364,160
10370,1.2376637852813235e+18,23.3204969009153,1.01533883454811,24.64599,22.40561,22.03877,21.75266,21.56797,4263,301,6,271,9.899063012480014e+18,QSO,1.053623,8792,57364,549
48172,1.2376803096224732e+18,10.4337245522312,31.231454681179,20.45033,20.29884,19.89288,19.92149,19.74739,8111,301,1,139,8.686343743362848e+18,QSO,1.198327,7715,57364,94
27028,1.237673706115695e+18,116.757749593563,42.1150109516047,22.20391,22.19857,21.68443,21.6205,22.2438,6573,301,5,222,9.3339635138264e+18,GALAXY,0.4932941,8290,57364,921
32726,1.2376576080372045e+18,128.893676303677,41.4726473731337,21.54826,21.91224,21.98061,21.58881,21.45911,2825,301,4,158,9.338256831871738e+18,QSO,2.044496,8294,57365,156
87310,1.2376551072876465e+18,128.424460856346,42.6544493037798,21.81771,21.99938,21.90473,21.56392,21.23595,2243,301,2,84,9.33842368276125e+18,QSO,2.02499,8294,57365,763
65997,1.2376551072875807e+18,128.253473903606,42.5173771256525,20.81991,20.24041,20.15998,20.1874,20.00935,2243,301,2,83,9.338421483738e+18,QSO,2.482213,8294,57365,755
87569,1.237673705045295e+18,127.272519550107,42.472342362904,21.26094,20.97764,20.98619,20.90358,21.07154,6573,301,3,273,9.338372280592652e+18,QSO,1.920373,8294,57365,576
29967,1.23765777016488e+18,128.859895382943,40.572653774624,26.85724,23.84243,21.73872,20.7196,19.4974,2863,301,2,46,9.338258756017084e+18,GALAXY,0.7949861,8294,57365,163
68869,1.2376575962256507e+18,126.5680532824,41.1453638501281,21.14321,20.99989,20.93509,20.68836,20.36009,2822,301,6,152,9.33834809133684e+18,QSO,1.697605,8294,57365,488
45914,1.237657609111077e+18,128.557809174009,42.1530664412533,21.66066,21.53865,21.70365,21.23484,20.98886,2825,301,6,160,9.338441274947295e+18,QSO,1.733318,8294,57365,827
88696,1.237673705045099e+18,126.727577147509,42.3744888454671,21.84916,21.37636,21.22992,20.72321,20.69076,6573,301,3,270,9.338356887429863e+18,QSO,0.536693,8294,57365,520
89618,1.2376737039716844e+18,127.663151569855,41.7102877804409,22.18254,21.88496,21.58671,21.07521,21.57282,6573,301,1,275,9.338399768383349e+18,GALAXY,0.1183255,8294,57365,676
66432,1.23765510728686e+18,126.73954145084,41.3603381482589,20.09229,20.08808,19.85296,19.84102,20.17329,2243,301,2,72,9.338343968168235e+18,QSO,1.34659,8294,57365,473
90134,1.2376737050453612e+18,127.443519693491,42.4636437803291,22.29124,22.01751,21.79522,22.18855,21.44182,6573,301,3,274,9.33838327570893e+18,QSO,0.7691153,8294,57365,616
96935,1.23767370450849e+18,127.57739994365,42.0114910698549,20.10051,19.97854,19.97372,19.70824,19.60688,6573,301,2,274,9.338396469848463e+18,QSO,1.871021,8294,57365,664
88475,1.237673705045295e+18,127.197023298598,42.5381833638051,20.62844,20.38738,20.26714,20.06566,19.95259,6573,301,3,273,9.338371181081025e+18,QSO,1.522086,8294,57365,572
89008,1.237673705045295e+18,127.269330552566,42.5413750177814,21.33967,21.32453,21.19262,20.95287,20.72688,6573,301,3,273,9.338371455958934e+18,QSO,1.787702,8294,57365,573
24514,1.2376576085734856e+18,127.3604957027,40.708541471248,22.69191,22.11974,21.62565,21.09432,20.56445,2825,301,5,149,9.338315930621729e+18,QSO,1.627345,8294,57365,371
46595,1.2376576091114703e+18,129.301858473591,42.8260601434139,20.88057,21.19734,20.83128,20.82183,20.91429,2825,301,6,166,9.338472885906592e+18,QSO,1.05575,8294,57365,942
7565,1.2376786619613847e+18,1.20136631915392,5.14285605288577,24.25639,23.34288,21.4311,20.25006,19.55001,7727,301,4,74,9.840392522316405e+18,GALAXY,0.6656911,8740,57367,99
41165,1.237666215148717e+18,19.0233879752398,25.8596212408862,25.01911,22.47764,22.09262,20.43932,18.54309,4829,301,4,113,8.645790181168011e+18,GALAXY,1.152654,7679,57367,17
99831,1.2376662151486505e+18,18.9719567363328,25.6882037873212,22.62355,21.94298,21.83023,21.44312,21.19651,4829,301,4,112,8.645789906290104e+18,QSO,0.7137707,7679,57367,16
22126,1.2376786619609915e+18,0.18224373885289,5.18792407186449,24.73216,23.77954,21.80427,20.78759,19.83391,7727,301,4,68,9.840446948141982e+18,GALAXY,0.5900814,8740,57367,297
3348,1.2376802752613583e+18,3.77385141553737,26.2864117233912,21.80092,21.55466,21.40097,21.43694,20.80957,8103,301,1,118,8.629166664867666e+18,QSO,2.537137,7664,57367,981
41143,1.2376662151487168e+18,18.9315227806754,25.8200700979483,23.35498,25.31055,22.3178,21.14294,19.97848,4829,301,4,113,8.64578853190057e+18,QSO,0.7146572,7679,57367,11
2427,1.237680275261293e+18,3.5743422684576,26.4340096193242,19.80689,19.48813,19.40089,19.2142,19.12451,8103,301,1,117,8.629158693408365e+18,QSO,1.992069,7664,57367,952
2907,1.237680275261031e+18,2.94319451359161,26.2653752774227,21.35233,20.48049,20.15806,19.96999,20.02071,8103,301,1,113,8.6291284568386e+18,STAR,-0.001276376,7664,57367,842
2931,1.237680275797902e+18,2.99357683606263,26.6476883255149,24.63655,22.51974,21.43406,20.23017,19.55511,8103,301,2,113,8.629135328786273e+18,GALAXY,0.6869565,7664,57367,867
20221,1.2376663090972603e+18,3.74257579648003,24.9305045499766,26.31916,23.07337,21.21101,20.19662,19.49429,4851,301,3,54,8.62890827963514e+18,GALAXY,0.5642955,7664,57367,41
49946,1.2376786614243822e+18,0.900140516686179,4.68091806848942,17.91285,17.00584,16.70847,16.60423,16.56074,7727,301,3,72,9.84040104353152e+18,STAR,-0.0006858049,8740,57367,130
4344,1.2376802757981645e+18,3.65815483196576,26.675376928453,23.34086,23.52347,22.39657,20.883,19.93879,8103,301,2,117,8.629156219507202e+18,GALAXY,0.674728,7664,57367,943
48935,1.2376786614240543e+18,0.180088536105245,4.67733367209817,20.94451,20.78928,20.73029,20.39616,20.57074,7727,301,3,67,9.84045491960128e+18,QSO,1.806885,8740,57367,326
3854,1.237680275261031e+18,2.90142570380056,26.3156396136451,21.49573,21.5472,21.44501,21.35645,22.00817,8103,301,1,113,8.629129006594415e+18,QSO,1.960706,7664,57367,844
3853,1.2376802752608996e+18,2.56425997794372,26.4142221473387,20.18593,19.8321,19.60729,19.24076,19.04768,8103,301,1,111,8.629116911966509e+18,QSO,1.733559,7664,57367,800
4160,1.2376802757979676e+18,3.12794488721198,26.7932952355045,21.99818,27.15748,21.39167,19.98409,18.74382,8103,301,2,114,8.62914467463511e+18,GALAXY,0.879488,7664,57367,901
2829,1.2376802752610964e+18,3.10834380855204,26.3503356774495,21.93144,21.83924,21.85384,21.79498,22.34863,8103,301,1,114,8.629149897315342e+18,QSO,1.400237,7664,57367,920
9095,1.2376543911038817e+18,121.324111741538,40.8962742738256,21.78903,21.8526,21.43851,21.23496,22.07079,2076,301,4,115,9.33606605508761e+18,QSO,1.319475,8292,57373,378
7887,1.237654391104144e+18,121.806502687088,41.3269854355819,24.45346,22.85006,21.79142,20.59594,19.86347,2076,301,4,119,9.336036643151569e+18,QSO,0.7842144,8292,57373,271
23601,1.2376543921778207e+18,120.827132112367,41.6757722791289,23.03477,23.95506,22.36326,20.88021,19.76118,2076,301,6,118,9.33612625334923e+18,GALAXY,0.8569868,8292,57373,597
89993,1.2376737050441157e+18,123.505037528481,42.1884225698275,18.65918,17.56074,17.19536,17.0639,17.02043,6573,301,3,255,9.336233180855034e+18,STAR,-0.0002416552,8292,57373,986
80863,1.237678598633424e+18,13.8460892952119,3.6281618284441,22.44382,23.23115,22.06767,20.88394,19.91209,7712,301,6,422,9.855108935799036e+18,GALAXY,1.175854,8753,57373,389
88427,1.237673705043919e+18,123.065810292458,42.0315405037279,22.38061,22.28636,22.04437,21.56415,21.19213,6573,301,3,252,9.336218612325966e+18,QSO,1.804292,8292,57373,933
89681,1.2376785986336197e+18,14.2861476595596,3.65830289999162,23.23292,21.5546,20.32456,19.57245,19.31362,7712,301,6,425,9.855075950450205e+18,STAR,-9.204252e-05,8753,57373,269
88786,1.2376737050432635e+18,121.000548707327,41.9396910555438,18.7715,17.79523,17.43572,17.29227,17.21989,6573,301,3,242,9.336134774564346e+18,STAR,0.000297142,8292,57373,628
75807,1.237673704506983e+18,122.990764704493,41.5662923240107,21.3579,21.01669,20.85007,20.73524,20.77717,6573,301,2,251,9.335983591715529e+18,QSO,1.634253,8292,57373,78
85926,1.237663783133315e+18,22.1401538854908,-0.807413808104202,22.94276,21.85653,21.6137,21.64456,21.59233,4263,301,2,263,9.897855473985804e+18,STAR,-0.0003389295,8791,57373,252
86798,1.2376535874082575e+18,122.124590440678,40.8270425062814,23.85334,24.0919,21.59916,20.33756,19.68454,1889,301,3,117,9.336020700232964e+18,GALAXY,0.6684639,8292,57373,213
91112,1.23767859863303e+18,12.9766618110309,3.60148504795043,22.79942,21.80094,21.54586,22.08967,21.61258,7712,301,6,416,9.855137248223451e+18,QSO,2.714185,8753,57373,492
10204,1.2376543911040778e+18,121.717344944165,41.2320359806929,24.79176,24.8182,22.39931,21.00707,19.95382,2076,301,4,118,9.336046538756217e+18,STAR,6.87695e-05,8292,57373,307
15961,1.2376737061173985e+18,122.070732732027,42.8442362469497,24.27111,21.68608,21.67095,20.56435,19.83692,6573,301,5,248,9.336171333325967e+18,STAR,-0.0001102592,8292,57373,761
17521,1.2376543916409495e+18,121.210804689371,41.5915830297828,23.68105,25.51945,21.53962,20.38435,19.62528,2076,301,5,118,9.3361487933376e+18,GALAXY,0.692303,8292,57373,679
12217,1.2376543911042747e+18,121.996918652846,41.7402514169519,21.19021,20.82248,20.57305,20.45677,20.41545,2076,301,4,121,9.336181503808526e+18,QSO,1.001829,8292,57373,798
89202,1.237673705043395e+18,121.414611539039,41.8296226906475,21.93674,21.67658,21.18761,20.52991,20.31177,6573,301,3,244,9.336147693825972e+18,QSO,0.5702034,8292,57373,675
90181,1.2376737050434606e+18,121.553830154056,41.8227351866726,21.43338,21.52602,21.2873,21.27246,20.44219,6573,301,3,245,9.336158414064343e+18,QSO,2.041903,8292,57373,714
10775,1.2376543911043402e+18,122.052654562241,41.788151284386,20.54181,20.16474,20.44331,20.5441,20.83924,2076,301,4,122,9.33618205356434e+18,STAR,-0.0001073142,8292,57373,800
85691,1.2376535874081265e+18,122.092194892202,40.5040553112052,24.22171,25.21474,21.71149,20.14,19.36767,1889,301,3,115,9.336029496325986e+18,GALAXY,0.7443635,8292,57373,245
16061,1.2376543916407532e+18,120.896651230672,41.242700698094,24.74098,24.42512,22.19156,20.93469,19.97178,2076,301,5,115,9.33607952410505e+18,GALAXY,0.7800857,8292,57373,427
53870,1.23767859809629e+18,13.3043737268854,3.22364737658411,21.6754,21.7264,21.28242,21.53655,20.99418,7712,301,5,418,9.85512570335136e+18,QSO,1.200511,8753,57373,450
67179,1.2376785986340134e+18,15.312784522696,3.54134055998077,27.21407,24.60717,22.19328,20.86071,19.96013,7712,301,6,431,9.855018775845558e+18,GALAXY,0.8770036,8753,57373,61
67505,1.2376535874081925e+18,122.232976567036,40.7040872458519,22.71143,24.69043,21.53244,20.24502,19.53085,1889,301,3,116,9.336019050965522e+18,GALAXY,0.6712182,8292,57373,207
26683,1.2376511908156544e+18,120.289746656258,41.857301231778,21.04836,20.70452,20.54986,20.539,19.90711,1331,301,3,104,9.336110585308537e+18,QSO,0.7633051,8292,57373,540
31533,1.237678598634144e+18,15.511748721729,3.50778659094564,22.33736,21.71255,21.79008,21.7678,21.65347,7712,301,6,433,9.855008605363e+18,QSO,2.629928,8753,57373,24
17423,1.2376543916407532e+18,120.78057452496,41.1957937781345,24.62267,23.90979,22.09467,20.60517,19.9193,2076,301,5,115,9.336088869953886e+18,GALAXY,0.6601107,8292,57373,461
30146,1.237678598633423e+18,13.867391591985,3.67019384145627,21.06157,20.79873,20.75358,20.62082,20.52836,7712,301,6,422,9.855097390926944e+18,QSO,1.91824,8753,57373,347
61601,1.2376786195714547e+18,14.090667958834,3.07336861514589,25.5242,24.72758,21.61844,20.18389,19.44645,7717,301,5,423,9.855090793857176e+18,GALAXY,0.7207373,8753,57373,323
22061,1.2376737061173985e+18,121.992475839567,42.8001452353927,21.0633,20.97857,20.64248,20.70885,20.52091,6573,301,5,248,9.336166935279458e+18,QSO,1.159577,8292,57373,745
30147,1.2376786216973112e+18,15.6097163863579,4.07536961674498,22.45352,23.04309,22.21659,20.60607,19.94843,7718,301,1,93,9.855005031950211e+18,GALAXY,0.5261329,8753,57373,11
89599,1.237673705043526e+18,121.738981447304,42.0284767304488,22.73388,22.13721,22.00809,21.70767,22.17929,6573,301,3,246,9.336161712599226e+18,QSO,2.44495,8292,57373,726
23691,1.2376543921780173e+18,121.217529260251,42.0716544535172,23.34393,24.43229,22.08104,20.96439,19.66005,2076,301,6,121,9.336144395291089e+18,GALAXY,0.8396707,8292,57373,663
39868,1.2376785980966175e+18,13.9897612367098,3.15862537028914,19.90398,19.97304,19.70924,19.58895,19.68576,7712,301,5,423,9.855093817514154e+18,QSO,1.340525,8753,57373,334
24546,1.237654392178279e+18,121.803821694762,42.6293664280983,23.89387,23.85799,22.28169,20.87726,19.9766,2076,301,6,125,9.33614989284923e+18,GALAXY,0.8062273,8292,57373,683
15026,1.2376785986332273e+18,13.5227174237727,3.7041982382204,24.87643,22.48448,21.83,20.62557,19.77518,7712,301,6,419,9.85512103042694e+18,GALAXY,0.6876585,8753,57373,433
40925,1.2376637847439283e+18,22.0863986891161,0.555094552386452,23.50101,23.57755,22.31573,22.00315,21.55965,4263,301,5,263,9.897984666602068e+18,QSO,1.28301,8791,57373,722
39184,1.2376785980966833e+18,14.2494396311891,3.18874667583105,21.97052,20.56509,20.17834,20.08365,20.20324,7712,301,5,424,9.855080348496712e+18,QSO,3.186078,8753,57373,285
52073,1.2376786222337236e+18,14.6597663185199,4.33168499192511,23.0518,21.77746,20.42794,19.87,19.46684,7718,301,2,86,9.855227408176929e+18,GALAXY,0.2807831,8753,57373,820
13927,1.237678598633424e+18,13.8359947291888,3.64958950413546,25.58668,22.20852,21.50846,20.32414,19.67057,7712,301,6,422,9.855108386043222e+18,GALAXY,0.8787688,8753,57373,387
98933,1.2376632049234094e+18,21.1516348249355,0.810553883985386,23.37006,23.83142,22.32036,22.71061,22.54008,4128,301,5,264,9.897938761991608e+18,QSO,1.307399,8791,57373,555
15318,1.2376785986335547e+18,14.240223036727,3.71898398451495,23.19578,24.41586,22.56765,20.85705,19.82813,7712,301,6,424,9.855085846054853e+18,GALAXY,0.8788713,8753,57373,305
8656,1.237673705580069e+18,120.754668212989,42.190238396385,21.15748,20.77062,20.47217,20.26689,20.59361,6573,301,4,241,9.336104537994582e+18,QSO,1.411817,8292,57373,518
30885,1.2376785980972076e+18,15.4531183905968,3.27985117163041,21.81184,21.31787,21.09504,20.73593,20.70432,7712,301,5,432,9.855016851700208e+18,QSO,1.578904,8753,57373,54
26119,1.2376543921778862e+18,120.738743983017,41.9280271269286,22.51881,24.37154,21.92419,20.66865,19.52476,2076,301,6,119,9.336122405058531e+18,GALAXY,0.8835661,8292,57373,583
18056,1.237654391641212e+18,121.758992679753,42.0816011185169,23.71125,24.03609,21.86874,20.59976,19.53154,2076,301,5,122,9.336161987477131e+18,GALAXY,0.8827754,8292,57373,727
15293,1.2376543916406876e+18,120.714147793411,41.0549908230562,26.19579,24.20709,21.92962,20.5963,19.84957,2076,301,5,114,9.336089969465514e+18,GALAXY,0.653164,8292,57373,465
52340,1.2376786222337236e+18,14.6707380152432,4.38303345571326,23.53747,21.74562,20.67538,20.03878,19.84469,7718,301,2,86,9.85522548403158e+18,GALAXY,0.2784119,8753,57373,813
38897,1.237678621696525e+18,13.8786842247006,4.03983307820743,23.84887,22.86074,21.53916,20.53473,19.83228,7718,301,1,81,9.855111134822294e+18,GALAXY,0.6112591,8753,57373,397
88710,1.23767370504405e+18,123.324936397169,42.1260626129437,22.07975,21.99697,21.52514,21.55426,21.43339,6573,301,3,254,9.336228507930614e+18,QSO,1.090161,8292,57373,969
87990,1.2376786614302807e+18,14.3541928261386,4.64587179878808,22.88417,22.69677,21.32949,20.33648,19.56735,7727,301,3,162,9.855209541112975e+18,GALAXY,0.6095317,8753,57373,755
18,1.2376785980967488e+18,14.3831352206597,3.21432619593864,21.82154,20.5573,19.94918,19.76057,19.55514,7712,301,5,425,9.855072926793226e+18,STAR,-0.0004402762,8753,57373,258
24699,1.2376543921782797e+18,121.698706895377,42.5708829606235,22.94128,23.91713,22.48104,20.61205,19.76724,2076,301,6,125,9.336141096756206e+18,GALAXY,0.7394291,8292,57373,651
7075,1.237663782596641e+18,22.5513388261004,-1.1672369318864,19.96687,18.95307,17.94419,17.51985,17.20081,4263,301,1,266,9.897830460096272e+18,GALAXY,0.2621701,8791,57373,161
26443,1.2376637847439283e+18,22.0409022237205,0.523326781270134,24.00552,23.90639,22.3966,21.35034,20.41497,4263,301,5,263,9.897985766113696e+18,QSO,2.427086,8791,57373,726
6348,1.237663782596838e+18,22.9454877234154,-1.21115243133513,24.11906,24.25409,22.39835,21.59865,20.63778,4263,301,1,269,9.89780901961953e+18,QSO,0.963184,8791,57373,83
41625,1.2376786222341169e+18,15.4843462468189,4.49091933057181,26.47802,24.59941,22.49571,20.88017,19.88965,7718,301,2,92,9.855268364985063e+18,GALAXY,0.702852,8753,57373,969
649,1.23767859809688e+18,14.7033917357983,3.18915982619556,21.06145,20.3176,20.04783,19.90143,19.91403,7712,301,5,427,9.855057533630435e+18,STAR,-0.0004662299,8753,57373,202
87453,1.2376637847441252e+18,22.5249532202902,0.574451998220764,22.82957,21.75702,20.35256,19.9549,19.80378,4263,301,5,266,9.89800693171253e+18,GALAXY,0.4929445,8791,57373,803
88218,1.2376637831335777e+18,22.659835298989,-0.683578839847366,23.58139,22.89339,21.82937,21.14159,20.77642,4263,301,2,267,9.897834583264877e+18,QSO,1.447111,8791,57373,176
20682,1.2376637852812582e+18,23.0612959243299,1.04059846411183,25.81307,23.55628,22.71706,23.22207,22.71146,4263,301,6,270,9.89804651413113e+18,QSO,2.692553,8791,57373,947
5578,1.237663782596641e+18,22.5807238562832,-1.15806393127384,21.87504,20.10634,18.93619,18.44826,18.14914,4263,301,1,266,9.897831834485807e+18,GALAXY,0.2562815,8791,57373,166
17240,1.2376637852809295e+18,22.378041344688,0.979969562911549,17.45654,16.64684,16.35664,16.23108,16.26071,4263,301,6,265,9.898003908055554e+18,STAR,-0.0002791351,8791,57373,792
10927,1.237654391104471e+18,122.445467609146,41.8816414030572,21.47921,20.00737,19.45811,19.23885,19.16608,2076,301,4,124,9.336201295017826e+18,STAR,7.362021e-05,8292,57373,870
88641,1.2376737050436572e+18,122.307638816056,42.0364610457027,21.83185,21.50603,21.27691,21.14615,21.40351,6573,301,3,248,9.336190299901549e+18,STAR,-0.0003220262,8292,57373,830
29767,1.237678598097273e+18,15.482702389104,3.22010396145489,21.04255,21.23976,20.99194,20.7526,20.63734,7712,301,5,433,9.855015202432768e+18,QSO,1.701905,8753,57373,48
88878,1.2376786614298875e+18,13.5105364776045,4.64930531936866,25.74586,24.02692,21.59313,20.30522,19.60255,7727,301,3,156,9.855155115287402e+18,GALAXY,0.7282587,8753,57373,557
16872,1.237654391641605e+18,122.409786496532,42.7150980323635,25.18187,24.16131,21.82006,20.58988,19.6819,2076,301,5,128,9.33618562697713e+18,GALAXY,0.7190816,8292,57373,813
49737,1.2376786614305423e+18,14.9904176800028,4.56579670864829,21.78846,20.35966,19.79325,19.56264,19.51328,7727,301,3,166,9.855245824996694e+18,STAR,0.0003351592,8753,57373,887
88424,1.2376785986340127e+18,15.2584606415181,3.66864723794466,21.70261,21.52037,21.58258,21.20084,22.82562,7712,301,6,431,9.855020699990909e+18,QSO,1.592106,8753,57373,68
9267,1.2376737061172677e+18,121.542100777321,42.8012923632124,22.47654,22.10371,22.01863,21.76196,21.61135,6573,301,5,246,9.336141371634113e+18,QSO,1.179352,8292,57373,652
11400,1.2376515387033523e+18,141.069801220302,59.8924145407215,24.28455,22.77148,21.45404,20.44907,19.74662,1412,301,3,33,9.230386769878606e+18,GALAXY,0.6617274,8198,57374,943
66767,1.2376576305975132e+18,164.767369157561,51.6411070568625,24.63465,23.87328,21.76461,20.42811,20.94967,2830,301,6,337,9.193106178871418e+18,GALAXY,0.6495061,8165,57374,485
6566,1.2376613537771686e+18,168.541439994952,57.0077901331118,21.60511,21.11147,20.47744,20.19035,19.85466,3697,301,5,30,9.206560627782604e+18,GALAXY,0.3790803,8177,57374,280
29635,1.237651272427897e+18,139.165005202631,58.9563376060149,21.5554,21.43292,21.44595,21.04454,20.44037,1350,301,3,224,9.23032877064024e+18,QSO,1.691782,8198,57374,732
72845,1.23765758978189e+18,167.131293596039,53.0662288158521,24.36125,26.5183,22.75245,21.67256,18.57136,2821,301,2,132,9.193191391022568e+18,GALAXY,0.2892783,8165,57374,795
35930,1.237651539239567e+18,138.237285540696,59.3105302420173,24.60246,24.44529,21.62716,20.52484,19.61483,1412,301,4,23,9.2302916621228e+18,GALAXY,0.5568169,8198,57374,597
60802,1.2376515397764388e+18,137.480591443412,59.6027060699833,24.45784,23.36096,22.18053,21.03284,19.91075,1412,301,5,23,9.23027736847164e+18,GALAXY,0.9253281,8198,57374,545
79146,1.2376515392395023e+18,138.046969905042,59.1756217761546,23.5749,23.23332,21.64615,20.60221,19.68871,1412,301,4,22,9.230293311390245e+18,QSO,5.605593,8198,57374,603
80430,1.2376576134109596e+18,168.29544714763,57.6441375374215,21.77422,21.78991,21.17277,21.49107,21.62751,2826,301,6,235,9.206682123817474e+18,QSO,1.167699,8177,57374,722
11403,1.2376515338753152e+18,137.896268706401,57.6966903744954,23.4111,20.63286,19.88423,19.65238,19.44772,1411,301,2,91,9.230247406779783e+18,STAR,5.627445e-05,8198,57374,436
70370,1.2376515397766351e+18,138.454759065619,59.7977067761374,20.27402,20.00941,19.79547,19.62132,19.50829,1412,301,5,26,9.230299083826289e+18,QSO,1.919906,8198,57374,624
71044,1.2376515397763727e+18,137.253862241759,59.5135082912272,21.15548,20.72695,20.30702,20.10636,19.93065,1412,301,5,22,9.230279292616989e+18,QSO,1.503196,8198,57374,552
55217,1.2376551067636206e+18,168.834107421402,57.8016268018337,21.48017,21.1509,20.67928,20.1852,19.99511,2243,301,1,280,9.20670136527096e+18,QSO,0.4516494,8177,57374,792
4035,1.2376613537774963e+18,169.841070552871,57.0916864440488,20.81051,20.5016,20.36503,20.21566,20.01285,3697,301,5,35,9.206730777207e+18,QSO,0.8715628,8177,57374,899
64987,1.237651539776504e+18,137.875721637683,59.6757131446763,22.19553,22.17528,21.80235,21.97579,22.05837,1412,301,5,24,9.230290287733266e+18,QSO,1.24932,8198,57374,592
4034,1.2376613537765788e+18,166.120515174096,56.6609452209277,20.79356,20.76224,20.7503,20.40357,20.75831,3697,301,5,21,9.206620276288412e+18,QSO,1.76156,8177,57374,497
53469,1.237657589245084e+18,167.570032483995,52.7220164103407,20.43768,20.38265,20.46427,20.23671,20.17558,2821,301,1,133,9.193204585162104e+18,QSO,1.878683,8165,57374,843
4956,1.2376613537776271e+18,170.505024540137,57.2785139516231,21.12109,20.55441,20.27439,20.16334,19.87668,3697,301,5,37,9.206751393050026e+18,QSO,1.042956,8177,57374,974
29584,1.2376515392400271e+18,139.989905704379,59.9311073067856,23.89205,24.09242,21.65677,20.41693,19.59172,1412,301,4,30,9.230354334285584e+18,GALAXY,0.6978261,8198,57374,825
26295,1.237657612336825e+18,166.916088950899,56.4080748527809,25.06777,26.2639,22.8272,21.11547,19.93504,2826,301,4,229,9.206611480195388e+18,GALAXY,0.9641176,8177,57374,465
14779,1.237651539239306e+18,137.193245121795,58.8714351518065,23.4679,23.85228,21.82977,20.50296,19.67397,1412,301,4,19,9.230268572378618e+18,GALAXY,0.7631047,8198,57374,513
55206,1.2376575892450184e+18,167.435880548845,52.7293250890452,19.74274,19.69509,19.74947,19.52241,19.47544,2821,301,1,132,9.193195514191172e+18,QSO,1.781678,8165,57374,810
56939,1.23765761126e+18,155.841226759089,53.4266863407044,24.12318,23.4564,21.81672,20.73565,19.74022,2826,301,2,182,9.20329947629462e+18,STAR,-0.0001820281,8174,57374,704
54455,1.2376575892451494e+18,167.915557187341,52.7476851873784,20.37962,20.32758,20.27209,20.22262,20.26848,2821,301,1,134,9.193219153691172e+18,QSO,1.290258,8165,57374,896
79639,1.2376576134112873e+18,169.481120213123,57.6350329456174,22.08304,21.30655,21.16786,20.79985,20.5194,2826,301,6,240,9.206725554526772e+18,QSO,0.5933629,8177,57374,880
82246,1.237657589781889e+18,167.241132094863,53.1148713284227,24.63465,21.2127,24.80203,21.04566,22.8269,2821,301,2,132,9.193190016633036e+18,STAR,-0.0001888063,8165,57374,790
71207,1.2376515397763727e+18,137.671581989785,59.4785188886416,21.17711,20.96615,20.54377,20.39654,20.31218,1412,301,5,22,9.23027901773908e+18,QSO,1.406861,8198,57374,551
34085,1.2376515392395023e+18,137.953691438837,59.2571767876805,24.45243,24.17859,22.01033,20.87039,19.75434,1412,301,4,22,9.230282316273963e+18,GALAXY,0.6412748,8198,57374,563
12187,1.2376575908528138e+18,156.765069397256,51.8285092001372,25.08231,23.71972,21.89006,20.7205,19.93024,2821,301,4,89,9.20314581954464e+18,QSO,1.50351,8174,57374,145
65966,1.2376576305984307e+18,167.920026332164,52.118365653632,23.60233,23.54369,23.03305,21.26464,19.9072,2830,301,6,351,9.193004474045848e+18,STAR,-9.774978e-05,8165,57374,115
57963,1.2376576112638036e+18,170.133249984155,56.0922858884548,20.79148,20.57111,20.46412,20.45007,20.439,2826,301,2,240,9.20651060000354e+18,QSO,0.9152384,8177,57374,98
55654,1.2376551067629652e+18,166.170905078923,57.424636484793,21.4897,21.22896,21.30178,21.16865,20.93543,2243,301,1,270,9.206625773846552e+18,GALAXY,0.0,8177,57374,517
5737,1.2376613537768407e+18,167.399120857921,56.8020636432912,20.88152,20.44974,20.23662,20.1628,20.28185,3697,301,5,25,9.206591963864e+18,STAR,7.43116e-05,8177,57374,394
5328,1.2376613537769065e+18,167.43701586986,56.8951305436103,20.56938,20.60958,20.6443,20.35426,20.31135,3697,301,5,26,9.206592513619808e+18,QSO,1.780351,8177,57374,396
34991,1.2376515392395023e+18,138.214970118276,59.1579384329501,23.2497,21.94116,21.83733,20.83757,19.91927,1412,301,4,22,9.23029441090187e+18,STAR,0.0003619393,8198,57374,607
76545,1.2376575897818245e+18,166.983737103268,53.0140205029972,24.30787,21.61362,20.21121,19.6553,19.27815,2821,301,2,131,9.193182869807454e+18,GALAXY,0.4189507,8165,57374,764
9354,1.237651538702238e+18,137.291126665999,58.1559321035634,21.99255,22.12012,22.22845,21.91659,21.80382,1412,301,3,16,9.23025675262862e+18,GALAXY,0.9321291,8198,57374,470
71375,1.237651539776701e+18,138.54324582695,59.9438049887114,21.27109,21.07956,21.05654,20.72065,20.31826,1412,301,5,27,9.23029825919257e+18,QSO,1.996779,8198,57374,621
72735,1.237657590852945e+18,157.067832768194,51.9463254883066,24.31193,24.08768,22.6644,21.32911,19.95029,2821,301,4,91,9.203146369300452e+18,GALAXY,0.769158,8174,57374,147
5329,1.2376613537774305e+18,169.612174447117,57.0353122747583,18.61558,17.64407,17.27325,17.12559,17.09112,3697,301,5,34,9.206527367555864e+18,STAR,0.0001550553,8177,57374,159
3817,1.237661353777234e+18,168.978115136339,56.9338150928,21.44141,21.21184,21.13523,21.3152,21.06211,3697,301,5,31,9.206548808032606e+18,QSO,2.452889,8177,57374,237
25896,1.2376577701744484e+18,155.425251598506,53.1968443781138,24.56511,23.8004,21.88165,20.7753,19.82256,2863,301,2,192,9.203292054591132e+18,QSO,1.474262,8174,57374,677
80079,1.2376576134114184e+18,170.026406014615,57.7123009355783,20.77286,20.85135,20.64919,20.51331,20.42879,2826,301,6,242,9.206734075741886e+18,QSO,1.421481,8177,57374,911
52658,1.2376575897813e+18,165.087995390999,52.7159841419703,23.95349,23.2465,21.79926,20.52958,19.50285,2821,301,2,123,9.193112226185368e+18,GALAXY,0.9606342,8165,57374,507
83606,1.237655106763686e+18,168.99688141974,57.8714560802601,18.38202,17.51573,17.25529,17.18154,17.1466,2243,301,1,281,9.20671400965468e+18,STAR,-0.0006168449,8177,57374,838
81163,1.2376576134108288e+18,167.788038008464,57.5087232031518,23.92797,21.59875,21.42105,21.40203,21.46511,2826,301,6,233,9.20666178285236e+18,QSO,3.163061,8177,57374,648
22746,1.2376515387025004e+18,138.239862880153,58.6767139558212,22.47337,21.80974,21.53479,21.61478,21.58924,1412,301,3,20,9.23029715968094e+18,QSO,1.389184,8198,57374,617
9586,1.2376515338753802e+18,137.939524456863,57.7648914721267,20.73653,19.73425,19.40418,19.33155,19.25878,1411,301,2,92,9.230245757512342e+18,STAR,-0.0007039856,8198,57374,430
57042,1.23765761126e+18,155.950002911019,53.3629238369177,22.18952,21.17381,20.45568,20.11105,19.73281,2826,301,2,182,9.203313495067876e+18,GALAXY,0.2338455,8174,57374,755
65218,1.237651539776504e+18,137.669427503707,59.7014005842438,22.63773,22.26291,21.90526,21.78175,21.12831,1412,301,5,24,9.23027764334955e+18,QSO,1.456788,8198,57374,546
74910,1.2376515397765696e+18,138.189372123016,59.8228267124139,21.61533,20.81902,20.72537,20.83016,20.13155,1412,301,5,25,9.23028808871001e+18,QSO,2.439103,8198,57374,584
73951,1.2376575913894218e+18,155.580332176951,52.0999675573753,21.01983,20.84476,20.75959,20.40558,20.29181,2821,301,5,85,9.203189250253936e+18,QSO,1.807312,8174,57374,303
36595,1.237651539239568e+18,138.287022081012,59.2934214761155,23.39101,25.60473,22.30114,20.9063,19.76236,1412,301,4,23,9.230303206994893e+18,GALAXY,0.6361097,8198,57374,639
81016,1.2376576134111565e+18,168.847824958501,57.7425550254451,22.49129,21.51036,21.3985,20.99523,20.72373,2826,301,6,238,9.2067030145384e+18,QSO,0.7240109,8177,57374,798
19617,1.2376515387026967e+18,138.781299148157,58.8614208184118,21.7576,21.78218,21.17956,21.21022,21.64153,1412,301,3,23,9.23031777552396e+18,QSO,1.353454,8198,57374,692
6050,1.2376613537776271e+18,170.535941608256,57.14203094754,17.32204,16.39351,16.14718,16.03016,16.00137,3697,301,5,37,9.20674809451514e+18,STAR,0.0002591416,8177,57374,962
65462,1.2376515397766351e+18,138.45936214634,59.8442741091494,21.88357,21.81168,21.53447,21.34477,21.2404,1412,301,5,26,9.230298534070477e+18,QSO,1.940248,8198,57374,622
5435,1.237661353777103e+18,168.203638958715,56.9534818934581,24.15719,22.12944,20.76474,20.21464,19.99905,3697,301,5,29,9.20657079826516e+18,STAR,-0.0001184058,8177,57374,317
73572,1.2376575913893563e+18,155.363337461545,51.8982309275331,21.05882,21.20291,21.27154,21.13595,20.9668,2821,301,5,84,9.203201070003936e+18,QSO,1.809378,8174,57374,346
93527,1.237657589781168e+18,164.634887035233,52.6835103261952,24.64557,22.35964,21.70271,20.47088,19.72203,2821,301,2,121,9.193117173987696e+18,QSO,0.7915368,8165,57374,525
78944,1.2376515392398305e+18,139.041344311962,59.7189967340056,24.38124,23.78721,22.8814,21.34958,19.97368,1412,301,4,27,9.230320799180935e+18,QSO,1.030239,8198,57374,703
80142,1.2376551067632271e+18,167.146977723384,57.6450143354101,24.52841,22.35309,21.30325,20.52604,20.16488,2243,301,1,274,9.206639792619804e+18,GALAXY,0.6005176,8177,57374,568
74099,1.2376575913904049e+18,159.120402132741,52.8111556866002,21.15562,21.28598,21.48089,21.04579,21.07132,2821,301,5,100,9.202059776951082e+18,QSO,1.871358,8173,57375,290
85462,1.2376577766168333e+18,134.642209917878,41.0950178443989,21.16447,20.90382,20.55071,20.2181,20.01644,2864,301,6,191,9.340516603312497e+18,QSO,1.646797,8296,57375,185
12056,1.2376582061212966e+18,181.918724088569,51.0581310911544,25.38703,24.38722,22.27254,20.89531,19.74339,2964,301,6,309,9.260564515787137e+18,GALAXY,0.9049534,8225,57375,137
97938,1.237655107837232e+18,167.831851823776,58.6352325636963,22.66525,22.1621,21.47663,20.38754,19.65361,2243,301,3,278,9.213374576234618e+18,GALAXY,1.015423,8183,57375,493
73571,1.2376575913907323e+18,160.132649914854,53.0852019684363,21.59623,20.29252,19.76745,19.5748,19.49185,2821,301,5,105,9.20203118964876e+18,STAR,0.0005235937,8173,57375,186
6213,1.237657770175956e+18,160.740384902655,54.5193798199963,23.44871,22.79938,21.87981,20.78461,19.93106,2863,301,2,215,9.202231850520828e+18,GALAXY,0.8219439,8173,57375,916
4983,1.2376582061208376e+18,180.367631117336,51.0172974373791,25.9802,22.43592,20.78244,19.94211,19.52,2964,301,6,302,9.260625263804568e+18,GALAXY,0.5124167,8225,57375,358
58511,1.237657628454618e+18,181.74650250736,51.6618310466978,24.87213,23.96129,22.23207,21.03055,19.96961,2830,301,2,407,9.2607690249499e+18,QSO,1.17966,8225,57375,881
87230,1.237657776616702e+18,134.126946432769,41.0299017663589,18.99831,18.04348,17.71607,17.58726,17.56667,2864,301,6,189,9.340547389638072e+18,STAR,-0.0006164049,8296,57375,297
72510,1.2376582061209684e+18,180.789175344201,51.1487246958875,20.94086,21.06111,20.91849,20.69762,20.79521,2964,301,6,304,9.2607412622813e+18,QSO,1.915909,8225,57375,780
85528,1.23765777661703e+18,134.956978082769,41.4972969362638,22.20718,22.16311,21.93386,21.99623,21.72669,2864,301,6,194,9.3405089067311e+18,QSO,2.324405,8296,57375,157
24567,1.2376551089112356e+18,168.740166052788,59.474150523935,24.34019,22.14581,20.65619,20.00159,19.65217,2243,301,5,282,9.213394917199732e+18,GALAXY,0.3613557,8183,57375,567
12101,1.2376582061214935e+18,182.714531788653,51.1929543141389,24.55227,23.44448,22.03329,20.68079,19.68454,2964,301,6,312,9.26080146054292e+18,GALAXY,0.8491247,8225,57375,999
35731,1.2376582061210995e+18,181.295642421581,51.1426057159134,21.55955,21.22379,20.90174,20.63734,20.47264,2964,301,6,306,9.260751707641764e+18,QSO,1.24176,8225,57375,818
6574,1.2376582061211003e+18,181.315787179896,51.0688108315456,22.88131,24.87862,21.86457,20.7567,19.89251,2964,301,6,306,9.260581558217366e+18,GALAXY,0.7904528,8225,57375,199
85817,1.237657776616375e+18,133.425942731271,40.5471610881451,22.74271,21.53985,20.54454,20.37749,19.96403,2864,301,6,184,9.3405762518183e+18,QSO,3.486869,8296,57375,402
81570,1.2376576134115494e+18,170.525447045255,57.8672570729246,21.70488,21.37797,20.95161,20.22579,20.1101,2826,301,6,244,9.213307231147416e+18,QSO,1.836355,8183,57375,248
86810,1.2376577766172265e+18,135.416743497493,41.7093989357762,20.79111,20.58915,20.35022,20.3805,20.17579,2864,301,6,197,9.340723586376423e+18,QSO,0.9655592,8296,57375,938
18819,1.2376576284542897e+18,180.601888182615,51.6082954941163,21.3384,21.02845,20.94659,20.60888,20.73737,2830,301,2,402,9.260725319362695e+18,GALAXY,0.839737,8225,57375,722
93981,1.2376583032816927e+18,171.755620044707,59.3193895693286,24.63466,23.23329,20.25513,20.32121,22.8269,2987,301,3,107,9.213481778618324e+18,QSO,6.481069,8183,57375,883
5127,1.2376582061212966e+18,181.966269001271,51.0478752764877,22.57804,24.27007,21.75764,20.50911,19.64338,2964,301,6,309,9.260554070426671e+18,GALAXY,0.7421803,8225,57375,99
60005,1.2376576112608543e+18,158.992443012349,54.0649950613839,19.92134,19.90422,19.65154,19.64419,19.75408,2826,301,2,195,9.202170827625486e+18,QSO,1.259596,8173,57375,694
22967,1.2376577701757588e+18,160.041643265208,54.397416351932,23.92514,23.47725,21.76959,20.69877,19.88013,2863,301,2,212,9.20221013516618e+18,GALAXY,0.5906946,8173,57375,837
34852,1.2376582061212303e+18,181.686263328277,51.0187101338286,20.34791,18.03731,16.90079,16.5268,16.33786,2964,301,6,308,9.260569738467369e+18,STAR,0.0004667636,8225,57375,156
85742,1.2376577766172265e+18,135.601887441183,41.6764401168163,20.83704,20.69697,20.55854,20.68204,20.22971,2864,301,6,197,9.340734031736887e+18,QSO,0.9163172,8296,57375,976
86082,1.2376577766165056e+18,133.740274236905,40.6661129086731,20.57704,20.28776,20.26141,19.92403,20.26483,2864,301,6,186,9.340565256702024e+18,QSO,1.723283,8296,57375,362
86613,1.23765777661703e+18,134.999307639541,41.5379002616552,20.55108,20.5591,20.20251,20.25291,20.35875,2864,301,6,194,9.340508356975286e+18,QSO,1.329481,8296,57375,155
18721,1.2376613543148265e+18,171.793420959821,57.8624859258304,26.83164,23.53934,21.25804,20.21208,19.51736,3697,301,6,42,9.213274520676488e+18,GALAXY,0.6402121,8183,57375,129
93374,1.2376583032818235e+18,172.147376110445,59.3536185442698,24.63466,22.99772,21.59383,20.43518,21.52756,2987,301,3,109,9.213496072269486e+18,STAR,0.00026257,8183,57375,935
34323,1.2376582061205097e+18,179.168603967768,50.9133510388875,20.90322,20.65519,20.48402,20.18962,19.91546,2964,301,6,297,9.260658798909217e+18,QSO,0.8313446,8225,57375,480
4030,1.2376582061212966e+18,182.019873364612,51.0158355749537,24.12212,23.16344,21.57587,20.46904,19.81676,2964,301,6,309,9.260553520670855e+18,GALAXY,0.7747715,8225,57375,97
5429,1.237658206121362e+18,182.18296462695,51.1578022521271,24.57795,23.83895,22.05526,20.92641,19.8549,2964,301,6,310,9.26079541322897e+18,GALAXY,0.9217932,8225,57375,977
84445,1.237658205047162e+18,180.644369527575,50.1857830162026,25.87656,23.36041,21.60857,20.61329,19.79888,2964,301,4,303,9.260605197717365e+18,GALAXY,0.6204199,8225,57375,285
93566,1.2376583032810373e+18,168.812320486165,58.8833520108911,22.66001,22.70189,21.74408,21.58951,21.48829,2987,301,3,97,9.213359457949736e+18,GALAXY,0.4887396,8183,57375,438
35585,1.2376582061215585e+18,182.869009868175,51.0381332309871,21.18622,20.93876,20.80207,20.54739,20.4493,2964,301,6,313,9.26053702799644e+18,QSO,1.48008,8225,57375,37
55773,1.2376576300504845e+18,134.919548359497,40.5262049838222,20.4631,20.37334,20.25439,20.10828,19.79588,2830,301,5,182,9.340510830876449e+18,QSO,2.018784,8296,57375,164
55781,1.237655106764145e+18,170.982334011552,58.0221873157292,20.37003,20.47956,20.14372,20.11951,20.22671,2243,301,1,288,9.213294861641604e+18,QSO,1.241807,8183,57375,203
73284,1.2376575913901427e+18,158.020687450111,52.6300403230957,20.71581,20.34232,20.22933,19.87575,19.89308,2821,301,5,96,9.202101558392936e+18,QSO,1.632295,8173,57375,442
33009,1.2376582061212303e+18,181.663876798118,51.088419022479,21.74011,22.24943,21.66934,21.5606,21.68967,2964,301,6,308,9.260570837978997e+18,QSO,1.336518,8225,57375,160
74907,1.2376577766168996e+18,134.598423062034,41.3008187343352,24.23423,23.28881,21.87112,20.56759,19.8682,2864,301,6,192,9.340526498917145e+18,GALAXY,0.7152356,8296,57375,221
84785,1.2376551067644723e+18,172.507710376213,58.2896277884883,21.71705,21.73964,21.59209,21.16263,20.99685,2243,301,1,293,9.213253904833468e+18,QSO,1.792894,8183,57375,54
71635,1.2376582061213617e+18,182.134143614513,51.2041876568738,21.85345,22.03679,21.53299,21.34919,21.0429,2964,301,6,310,9.260784692990595e+18,QSO,2.408195,8225,57375,938
48975,1.2376576279169595e+18,178.972946799127,51.107455197969,20.00873,19.2412,18.55704,18.12189,17.92266,2830,301,1,395,9.260675291583631e+18,QSO,0.1299179,8225,57375,540
69435,1.2376582061207716e+18,180.143711137584,51.1252315402493,18.15799,17.9809,18.00054,17.79289,17.86704,2964,301,6,301,9.260708276932469e+18,QSO,1.687172,8225,57375,660
26631,1.2376582045099625e+18,179.479896257555,49.8428022989727,21.89928,21.71239,21.57744,21.40778,21.02934,2964,301,3,298,9.26064862842666e+18,QSO,0.8738104,8225,57375,443
36447,1.2376582045100938e+18,179.840987603277,49.7929735310455,22.78885,21.00456,19.32155,18.7427,18.32455,2964,301,3,300,9.260626363316195e+18,GALAXY,0.3474269,8225,57375,362
80080,1.237657613411484e+18,170.50296854961,57.7605819283896,21.68559,21.65345,21.6315,21.21958,20.84376,2826,301,6,243,9.2133066813916e+18,QSO,2.04312,8183,57375,246
51629,1.2376576289912916e+18,181.023959299654,52.1478512275366,23.02004,20.61856,19.34649,18.86512,18.55276,2830,301,3,404,9.260742361792928e+18,GALAXY,0.1987169,8225,57375,784
24696,1.2376582061211e+18,181.342206927752,51.1615125040992,22.34344,21.74271,21.62271,21.35067,20.61959,2964,301,6,306,9.260762427880137e+18,QSO,0.7943912,8225,57375,857
35732,1.237658206121296e+18,182.001412135793,51.196411932288,21.05785,20.98265,20.68458,20.65311,20.39258,2964,301,6,309,9.260784143234783e+18,QSO,1.072771,8225,57375,936
506,1.237657401344e+18,134.735234805504,42.1427166826862,26.10664,24.00197,21.52485,20.35486,19.57455,2777,301,3,190,9.340687577370614e+18,GALAXY,0.7980464,8296,57375,807
19449,1.237658206120903e+18,180.427707164852,51.0380948663363,21.56464,21.68227,21.36124,21.34879,21.22104,2964,301,6,303,9.2606145435662e+18,GALAXY,1.290383,8225,57375,319
15667,1.2376551073010163e+18,171.000471479995,58.424026586438,25.68999,21.72546,21.69193,21.60746,21.81106,2243,301,2,288,9.21329953456602e+18,QSO,3.301685,8183,57375,220
82540,1.2376576134114184e+18,170.10584365415,57.7246434555222,21.35024,21.58288,20.94099,21.07082,21.63238,2826,301,6,242,9.21331767650788e+18,QSO,1.254668,8183,57375,286
34114,1.237658206120444e+18,178.914821333914,50.895305556218,20.75637,20.78716,20.77363,20.56964,20.27658,2964,301,6,296,9.260664296467358e+18,QSO,1.830598,8225,57375,500
56046,1.2376551067637514e+18,169.30923522358,57.9364035591092,20.00556,19.87831,19.92595,19.67274,19.69878,2243,301,1,282,9.21334021649625e+18,QSO,1.6736,8183,57375,368
93055,1.2376583032814305e+18,170.528849148333,59.0478529205066,23.22177,20.60249,19.14713,18.30689,17.8784,2987,301,3,103,9.21331492772881e+18,STAR,3.138814e-05,8183,57375,276
87297,1.2376577766170954e+18,135.227909379293,41.4410733443659,20.45531,20.49055,20.19926,20.28155,20.1884,2864,301,6,195,9.340497361859009e+18,QSO,1.018445,8296,57375,115
37083,1.2376582061216236e+18,183.03630946129,51.1938947871066,20.71422,20.14157,19.79694,19.40388,19.30247,2964,301,6,314,9.26053785263016e+18,QSO,0.5467858,8225,57375,40
31905,1.2376582061210995e+18,181.163448040533,51.174707409134,26.17728,22.98855,21.50928,20.15313,19.69459,2964,301,6,306,9.260751157885948e+18,STAR,-0.0001053874,8225,57375,816
22755,1.23766135431476e+18,171.369757331654,57.7123339337612,20.8499,20.79529,20.29064,20.07941,19.98679,3697,301,6,41,9.213283866525324e+18,GALAXY,0.006496431,8183,57375,163
60551,1.237657628454356e+18,180.92585330531,51.7179155860449,23.03218,23.22614,21.88594,20.68325,19.7608,2830,301,2,403,9.260735489845254e+18,GALAXY,0.839147,8225,57375,759
17249,1.2376582061207718e+18,179.993275213209,50.950320716846,21.27493,20.98136,20.92161,20.5663,20.2157,2964,301,6,301,9.26063598404294e+18,QSO,2.150716,8225,57375,397
34621,1.2376582061207063e+18,179.707298768645,51.1141269138228,21.42139,20.96998,20.67754,20.23844,20.09485,2964,301,6,300,9.260696732060375e+18,QSO,1.700093,8225,57375,618
70991,1.2376582061209032e+18,180.503655316044,51.0030631381441,23.42036,21.53757,21.52913,21.64347,22.29865,2964,301,6,303,9.260614268688292e+18,QSO,3.251983,8225,57375,318
85209,1.237657776617292e+18,135.543233010855,41.8119878592465,21.6956,22.0115,21.78227,21.65422,21.22426,2864,301,6,198,9.340731832713632e+18,QSO,1.346654,8296,57375,968
84097,1.2376576134116805e+18,171.307965483017,57.8771640626204,20.9246,21.27933,21.26064,20.79525,20.92474,2826,301,6,246,9.213284691159046e+18,QSO,1.842952,8183,57375,166
24356,1.237658206119527e+18,175.555515105752,50.6821204960426,21.00697,20.68336,20.61795,20.71726,21.21749,2964,301,6,282,9.25953509807596e+18,GALAXY,0.02311249,8224,57378,488
17900,1.2376576284538964e+18,179.179198040259,51.5746010311088,20.58494,20.35546,20.29057,20.041,20.02084,2830,301,2,396,9.259666214837574e+18,QSO,1.881217,8224,57378,965
8255,1.2376582055826565e+18,175.703543827133,50.4637621962271,24.57251,25.74613,22.77725,21.47931,19.87731,2964,301,5,282,9.259522728570149e+18,QSO,1.538906,8224,57378,443
34767,1.2376582061205752e+18,179.311240015696,50.9674034549676,22.22847,21.86936,21.64892,21.46764,21.42164,2964,301,6,298,9.259411677895743e+18,GALAXY,1.559565,8224,57378,39
31264,1.2376582061200512e+18,177.421305192751,50.8846407235839,22.79304,21.28881,20.91856,20.86777,20.74833,2964,301,6,290,9.259475999325968e+18,QSO,2.329139,8224,57378,273
7597,1.2376582061195927e+18,175.906893328533,50.8268465229867,22.84508,22.28069,21.19235,20.16554,19.39443,2964,301,6,283,9.259528226128288e+18,GALAXY,0.6376755,8224,57378,463
34803,1.2376582061200507e+18,177.438485315902,50.8397800447174,20.89625,20.88383,20.6127,20.73345,20.49078,2964,301,6,290,9.259476823959687e+18,QSO,0.9649452,8224,57378,276
80714,1.2376582055831153e+18,177.381024641732,50.5939508691559,27.00533,23.17281,21.36303,20.09877,19.44523,2964,301,5,289,9.259472700791083e+18,GALAXY,0.6040964,8224,57378,261
76835,1.2376576279159117e+18,175.275805555435,51.030239176941,22.84953,21.73592,19.95407,19.36345,18.96512,2830,301,1,379,9.259537571977124e+18,GALAXY,0.3384462,8224,57378,497
35204,1.2376576295269834e+18,176.668839163865,52.4166815395437,22.46195,23.46434,22.55087,20.86393,19.78635,2830,301,4,386,9.259582651953865e+18,GALAXY,0.9169304,8224,57378,661
33356,1.2376582061201815e+18,177.876544732894,50.8492811912112,19.03579,18.19012,17.85845,17.7671,17.71021,2964,301,6,292,9.259454558849229e+18,STAR,-0.0001319315,8224,57378,195
24112,1.2376582061203128e+18,178.274569251987,51.006932116322,21.06234,20.80838,20.73705,20.70148,20.58397,2964,301,6,294,9.259433943006204e+18,GALAXY,0.03869233,8224,57378,120
35686,1.237658206120313e+18,178.508750179273,50.9037638604408,21.65114,20.57372,20.21011,20.07376,19.93813,2964,301,6,294,9.259432843494578e+18,STAR,-0.0001351322,8224,57378,116
33964,1.2376582061196575e+18,175.92346532622,50.8791001611677,22.52761,21.57134,20.93969,20.70425,20.50447,2964,301,6,284,9.25951805564573e+18,QSO,2.063839,8224,57378,426
18170,1.2376582061201165e+18,177.753658217833,50.9573319960346,21.82997,21.70897,21.29673,21.18118,20.74435,2964,301,6,291,9.25945538348295e+18,QSO,1.197737,8224,57378,198
31400,1.2376582061206408e+18,179.613843022426,51.0087751172997,22.01711,21.76515,21.56978,21.54822,21.66432,2964,301,6,299,9.259406180337605e+18,QSO,2.091366,8224,57378,19
48006,1.237657627916108e+18,175.990185349496,51.0436555384344,21.76175,21.21427,20.55766,20.14049,19.66018,2830,301,1,382,9.259521354180614e+18,GALAXY,0.5013586,8224,57378,438
30401,1.2376582061198543e+18,176.758680808104,50.8970790368009,25.81248,22.29305,21.21869,20.41319,20.00981,2964,301,6,287,9.259498814192245e+18,STAR,0.000171324,8224,57378,356
84295,1.2376582050463096e+18,177.520965173526,50.1744465912989,26.14449,22.87695,21.38698,20.30413,19.59848,2964,301,4,290,9.25947050176783e+18,GALAXY,0.4712532,8224,57378,253
69299,1.23765820611992e+18,177.004349614263,50.8045966191933,24.71086,22.89915,21.39739,20.03935,19.48818,2964,301,6,288,9.259487269320151e+18,STAR,-0.0001116163,8224,57378,314
30941,1.2376582061198543e+18,176.826058712356,50.9394771152204,21.89084,21.6056,21.38128,21.05445,21.04718,2964,301,6,287,9.25949936394806e+18,QSO,0.7099652,8224,57378,358
56282,1.2376613569976735e+18,153.576429790528,42.5880040715978,23.34187,21.93612,20.37952,19.7841,19.43955,3698,301,3,19,9.347444626313992e+18,GALAXY,0.3630503,8302,57389,813
88771,1.2376613559241935e+18,154.783985800712,42.1799374078105,20.42375,20.36937,20.00758,19.92354,20.16058,3698,301,1,23,9.347492180191894e+18,QSO,1.345427,8302,57389,986
99012,1.2376606343839089e+18,154.512791924282,42.2995114128699,21.01123,20.92226,20.93787,20.86482,20.43313,3530,301,1,240,9.347487232389569e+18,QSO,0.8059074,8302,57389,968
10829,1.2376613564603438e+18,152.453670228964,41.9177026910416,23.84174,22.26903,22.33895,21.83836,21.4108,3698,301,2,12,9.3474053187733e+18,QSO,1.884098,8302,57389,670
10367,1.237661356461e+18,154.341514182437,42.3322034423678,22.12267,21.699,21.6705,21.33254,20.99477,3698,301,2,22,9.34748613287794e+18,QSO,1.659121,8302,57389,964
98143,1.237660634383778e+18,154.205455392985,42.0545741976047,22.01736,22.03014,21.87656,21.68639,21.4402,3530,301,1,238,9.347486957511662e+18,QSO,1.544663,8302,57389,967
53667,1.2376613569976732e+18,153.559599856057,42.5681770637725,22.39235,21.28491,19.62216,19.03416,18.61629,3698,301,3,19,9.347444076558178e+18,GALAXY,0.3641644,8302,57389,811
53668,1.2376613569976735e+18,153.620347123618,42.560497885067,24.38523,21.88319,20.29229,19.70759,19.3481,3698,301,3,19,9.347453422407014e+18,GALAXY,0.3650135,8302,57389,845
57352,1.2376613569975424e+18,153.246135920984,42.52950124196,23.78704,21.16721,19.4982,18.88747,18.4969,3698,301,3,17,9.347434180953528e+18,GALAXY,0.3655931,8302,57389,775
55081,1.2376613569976735e+18,153.684123178395,42.5424576821291,23.28595,21.61709,19.90627,19.31063,18.95783,3698,301,3,19,9.34745754557562e+18,GALAXY,0.3631419,8302,57389,860
82710,1.2376582044980357e+18,142.118340870878,41.0963128067155,24.23358,23.82797,22.14534,20.61233,19.708,2964,301,3,116,9.34272497266854e+18,GALAXY,0.8249379,8298,57390,27
39820,1.2376603434009887e+18,148.778782461206,41.0825561808195,23.61487,24.22552,21.58847,20.27978,19.41498,3462,301,3,257,9.346212623551846e+18,GALAXY,0.8595063,8301,57390,427
41835,1.2376603434016443e+18,150.60870186169,41.695983341408,22.10533,21.68828,21.68598,21.31684,21.41251,3462,301,3,267,9.346341541290203e+18,QSO,1.664328,8301,57390,896
20031,1.2376576284416415e+18,140.280540325688,41.8221947312131,21.84645,21.52685,21.056,21.16433,21.01002,2830,301,2,209,9.34290776647666e+18,QSO,1.085065,8298,57390,692
81439,1.2376543835917524e+18,146.995708076733,57.7285528773798,22.60072,21.15429,20.72209,20.31702,19.88465,2074,301,6,177,9.222443898147984e+18,QSO,1.672565,8191,57390,719
87286,1.237654383591555e+18,146.197542686114,57.4914389518015,20.07799,20.1095,20.11639,19.88459,19.67507,2074,301,6,174,9.22241201231078e+18,QSO,1.969819,8191,57390,603
29154,1.237657627905164e+18,141.474243921,42.0681563648587,22.75758,23.35223,21.26625,20.09084,19.44662,2830,301,1,215,9.3429608179127e+18,GALAXY,0.6578711,8298,57390,885
76903,1.2376609634811912e+18,149.749505366011,40.5017667577386,24.64931,24.0828,22.16351,20.95078,19.88553,3606,301,6,170,9.346161496261157e+18,STAR,0.0002006375,8301,57390,241
79714,1.2376543835914245e+18,145.944538782516,57.1758245381084,21.95991,21.31801,20.19483,19.58694,19.24754,2074,301,6,172,9.222403491095664e+18,QSO,2.104238,8191,57390,572
64061,1.2376603434016443e+18,150.706300639898,41.5864921307107,20.01255,19.86224,19.79454,19.72029,19.54956,3462,301,3,267,9.34634264080183e+18,QSO,2.106409,8301,57390,900
29250,1.2376576279047708e+18,140.525893064165,41.5099855261664,23.72794,23.72219,21.65581,20.48985,19.8143,2830,301,1,209,9.34280413750574e+18,GALAXY,0.7001468,8298,57390,315
59080,1.2376543819811387e+18,148.259423565524,56.5273096686167,21.65696,21.3885,21.16792,21.29623,21.05386,2074,301,3,177,9.222297388223584e+18,QSO,0.8536115,8191,57390,186
38503,1.237678598089736e+18,358.265505354546,3.18001906413215,18.06323,17.07196,16.72909,16.60082,16.55043,7712,301,5,318,9.841592364766091e+18,STAR,-0.00038382,8741,57390,368
17899,1.237657628441379e+18,139.596782462579,41.4844119276137,20.56766,20.72348,20.36463,20.30961,20.41265,2830,301,2,205,9.342836298220851e+18,QSO,1.365774,8298,57390,432
18047,1.23765762844151e+18,139.787696344158,41.7691801376389,21.39458,21.46141,20.89836,20.85464,20.88763,2830,301,2,207,9.342887425511545e+18,QSO,1.164716,8298,57390,618
85693,1.2376543835913585e+18,145.720641095448,57.1425302099994,22.01475,21.94826,21.39932,21.12973,20.83219,2074,301,6,171,9.222394145246828e+18,QSO,0.7346455,8191,57390,538
78957,1.2376543835914245e+18,145.870839747527,57.2700793692994,21.13795,21.17707,20.98347,21.01505,20.7554,2074,301,6,172,9.222403765973572e+18,QSO,1.714944,8191,57390,573
9704,1.2376543835918182e+18,147.211221224675,57.7545293389115,25.6675,23.41307,21.61723,20.37259,19.5667,2074,301,6,178,9.222442798636356e+18,GALAXY,0.7893229,8191,57390,715
9705,1.2376576289783818e+18,139.653234048981,42.124644767262,26.47882,23.97516,21.46159,20.3284,19.48388,2830,301,3,207,9.342872856982477e+18,GALAXY,0.7699324,8298,57390,565
85716,1.237654383591752e+18,146.959259834376,57.783416400718,20.97176,20.77536,20.71241,20.61046,20.38083,2074,301,6,177,9.222444173025892e+18,QSO,2.152989,8191,57390,720
21390,1.2376543809076593e+18,149.835775710342,56.2742148261477,20.12611,19.98594,19.64662,19.64871,19.6528,2074,301,1,181,9.222259729950332e+18,QSO,1.101342,8191,57390,49
46919,1.2376606370669532e+18,149.856771188633,42.9660676511868,25.15753,22.99512,21.67669,20.51519,19.55711,3530,301,6,220,9.34629948497044e+18,STAR,-1.209171e-05,8301,57390,743
50854,1.2376582044977075e+18,141.261029031588,40.6818299566192,26.26529,26.03325,21.74296,20.53234,19.7475,2964,301,3,111,9.342752460459235e+18,GALAXY,0.8051223,8298,57390,127
81769,1.2376543835920148e+18,148.06512124337,57.9930930096678,23.538,22.39811,21.4023,20.66582,20.30096,2074,301,6,181,9.22246341447938e+18,STAR,-0.0004476654,8191,57390,790
7690,1.2376543835913592e+18,145.699536396813,57.2143072840153,25.33419,23.71627,22.02826,20.67198,19.8379,2074,301,6,171,9.222391671345666e+18,GALAXY,0.7370974,8191,57390,529
23292,1.2376582061078615e+18,139.208948426741,41.2326115348638,22.34797,22.23282,21.95853,21.72166,21.68252,2964,301,6,104,9.342847568215036e+18,QSO,1.250324,8298,57390,473
10264,1.2376543835917527e+18,146.955517148607,57.7546565272559,24.74517,23.42741,21.68422,20.67739,19.95693,2074,301,6,177,9.222429604496824e+18,GALAXY,0.6035726,8191,57390,667
54345,1.23765438359208e+18,148.184601915178,58.0772571480996,26.15162,24.04525,21.7062,20.50897,19.76668,2074,301,6,182,9.22247303520612e+18,GALAXY,0.6533872,8191,57390,825
11697,1.237654383591687e+18,146.762101488138,57.5355852078157,23.75029,24.32491,21.90739,20.80828,19.70574,2074,301,6,176,9.222435102054964e+18,GALAXY,0.9428847,8191,57390,687
1477,1.2376785980902607e+18,359.494108821596,3.31011026887702,20.75597,20.43321,20.32285,20.19661,19.94776,7712,301,5,326,9.841539588207958e+18,QSO,2.009517,8741,57390,176
72415,1.2376582044977733e+18,141.615187109803,40.7933662110127,24.62271,22.46585,21.13427,20.34101,20.12118,2964,301,3,112,9.342742839732492e+18,STAR,-0.0004884495,8298,57390,92
9253,1.2376543835912937e+18,145.331823412855,57.1606856845491,23.86483,23.74333,21.56455,20.50121,19.84666,2074,301,6,170,9.222389472322408e+18,GALAXY,0.7378988,8191,57390,521
78137,1.2376543835921457e+18,148.437626743365,58.1056756668846,22.37231,22.29087,21.83238,21.68353,22.03134,2074,301,6,183,9.222483755444492e+18,QSO,1.40061,8191,57390,864
27687,1.237657627905164e+18,141.571084060989,41.9846841305219,25.81332,22.74464,21.33822,20.20433,19.53735,2830,301,1,215,9.342973462296418e+18,GALAXY,0.6223683,8298,57390,931
38312,1.237678598090457e+18,359.99961524169,3.26858616565707,18.90408,18.89371,18.62695,18.65747,18.71252,7712,301,5,329,9.841507702370753e+18,QSO,1.232962,8741,57390,60
81005,1.237654383591752e+18,146.826579484319,57.6782193193738,22.02232,21.74673,21.64784,21.13801,21.14525,2074,301,6,177,9.222433177909616e+18,QSO,0.6653687,8191,57390,680
34291,1.2376785980896712e+18,358.19509164702,3.12069437010213,23.58392,22.31042,21.72724,21.78988,21.86021,7712,301,5,317,9.841591815010275e+18,STAR,-0.0005014898,8741,57390,366
46482,1.2376606370667564e+18,149.152302434624,42.8289615256489,23.91442,21.63595,21.03771,20.79697,20.52551,3530,301,6,217,9.34626072718556e+18,QSO,3.230409,8301,57390,602
35880,1.237658206107927e+18,139.466926414859,41.2162307697799,22.73219,22.11859,21.92987,21.39321,20.93552,2964,301,6,105,9.342845644069687e+18,GALAXY,0.4237804,8298,57390,466
3250,1.237654381981467e+18,149.42732841461,56.9587207002262,21.84843,21.92271,21.52267,21.38321,21.25594,2074,301,3,182,9.222267701409632e+18,QSO,0.974187,8191,57390,78
40825,1.237678598089474e+18,357.751048455985,3.17875825430153,18.78551,17.77949,17.38606,17.23369,17.17459,7712,301,5,314,9.841615454510277e+18,STAR,-0.000339294,8741,57390,452
61145,1.2376576279047703e+18,140.520180952773,41.5812685464315,22.7305,22.55111,21.04086,19.93391,19.2092,2830,301,1,209,9.342931680854565e+18,GALAXY,0.7232735,8298,57390,779
11335,1.2376543835912937e+18,145.420319871419,56.9824342487857,25.50188,23.34512,21.7226,20.57649,19.90953,2074,301,6,170,9.222393320613108e+18,GALAXY,0.6343579,8191,57390,535
25679,1.2376553692801275e+18,150.076406123164,57.024679227588,22.62271,21.25196,19.95447,19.43844,19.12233,2304,301,2,76,9.222521138839836e+18,GALAXY,0.2286649,8191,57390,1000
32371,1.23765820610773e+18,138.993899928989,41.0176925921368,21.13678,21.07915,20.81174,20.78049,20.50146,2964,301,6,102,9.34285086674992e+18,QSO,1.371536,8298,57390,485
45516,1.2376606370669527e+18,149.875200752325,42.9364905685444,21.57754,21.58676,21.54685,21.12445,20.76038,3530,301,6,220,9.3463058071623e+18,QSO,2.136211,8301,57390,766
40740,1.2376785980902607e+18,359.532845561036,3.27380094950247,19.44315,18.20788,17.88636,17.75108,17.65714,7712,301,5,326,9.841540137963772e+18,STAR,-0.0006245808,8741,57390,178
91694,1.2376577750081208e+18,140.291956965137,42.7358360207881,22.0916,21.03654,20.49592,20.22854,20.26072,2864,301,3,220,9.342913264034798e+18,STAR,-2.912805e-05,8298,57390,712
98832,1.2376576279043118e+18,139.366001341762,41.0379686310194,22.14425,21.83413,21.51977,21.58404,21.17368,2830,301,1,202,9.342844819435969e+18,QSO,1.00288,8298,57390,463
37307,1.237660343401251e+18,149.627184299848,41.2850979971305,21.87481,21.59877,21.487,20.99076,20.4097,3462,301,3,261,9.346171666743712e+18,QSO,1.890653,8301,57390,278
80175,1.2376543835922107e+18,148.795681265455,58.2122251547797,21.04745,20.72101,20.24005,20.1214,20.08542,2074,301,6,184,9.222494200804956e+18,QSO,1.306651,8191,57390,902
27991,1.2376576279050988e+18,141.366480093343,42.0435303082189,24.90378,23.02249,21.77326,20.72318,19.91141,2830,301,1,214,9.34294982279642e+18,GALAXY,0.586736,8298,57390,845
56589,1.237678598089736e+18,358.328508192388,3.12349843817941,17.51173,16.51615,16.16146,16.00316,15.95275,7712,301,5,318,9.841592089888184e+18,STAR,-0.0005149841,8741,57390,367
77294,1.2376543819811397e+18,148.179922017996,56.597942603366,23.61059,22.68331,21.4443,20.38201,19.3789,2074,301,3,177,9.222296563589864e+18,GALAXY,0.7844939,8191,57390,183
27279,1.2376576279050988e+18,141.384868419942,41.9848098186512,23.76949,23.99207,21.66327,20.64035,19.95655,2830,301,1,214,9.342961917424329e+18,GALAXY,0.6070193,8298,57390,889
89040,1.2376543835922107e+18,148.642628152937,58.1931217472063,20.94896,21.30638,20.7218,20.66706,20.78518,2074,301,6,184,9.222493925927048e+18,QSO,1.247708,8191,57390,901
38104,1.2376785980899336e+18,358.798692290688,3.24089358664164,22.32751,22.14079,22.00958,21.41899,21.31044,7712,301,5,321,9.841572023800975e+18,QSO,1.787718,8741,57390,294
78485,1.2376582050342508e+18,140.17469091927,40.6535393897751,20.98918,19.99749,19.18469,18.83666,18.54596,2964,301,4,106,9.342819805546437e+18,GALAXY,0.3225164,8298,57390,372
2169,1.2376606359930803e+18,149.843851721197,42.1812392936681,22.05008,21.73347,21.32894,21.45808,22.51738,3530,301,4,218,9.34631130472044e+18,STAR,-0.0001302333,8301,57390,786
40423,1.2376785980895396e+18,357.804736814055,3.1419863409762,19.88645,19.84647,19.79754,19.58049,19.39638,7712,301,5,315,9.841615179632368e+18,QSO,2.003786,8741,57390,451
73150,1.2376609634811912e+18,149.676518148171,40.5086253433396,24.76753,24.98343,21.7807,20.50456,19.66815,3606,301,6,170,9.346172491377433e+18,GALAXY,0.818131,8301,57390,281
44585,1.237657627904967e+18,141.024594907378,41.8131585728432,23.71348,23.68999,21.39212,20.23841,19.58892,2830,301,1,212,9.342941576459213e+18,GALAXY,0.5972195,8298,57390,815
52761,1.237657628978971e+18,141.186466096627,42.8038913922568,22.61238,20.14135,19.01834,18.53316,18.22011,2830,301,3,216,9.342958344011536e+18,GALAXY,0.1762319,8298,57390,876
51467,1.2376582044978388e+18,141.696545406801,40.920089201884,23.69326,24.81338,21.27708,20.27372,19.63252,2964,301,3,113,9.342743664366211e+18,GALAXY,0.5434489,8298,57390,95
69483,1.2376553692801275e+18,150.024716316719,56.9889811050148,23.51132,21.46598,20.21576,19.63903,19.32228,2304,301,2,76,9.222256431415448e+18,GALAXY,0.2232189,8191,57390,37
51539,1.23767859809e+18,358.968647087507,3.13167723815954,22.26524,21.34848,21.03017,20.82173,20.65633,7712,301,5,322,9.841558829661444e+18,QSO,2.251556,8741,57390,246
58564,1.2376543814445312e+18,149.674536384474,56.5697503533802,24.65934,23.19745,22.33001,21.19336,19.69237,2074,301,2,181,9.222247085566612e+18,GALAXY,0.8076707,8191,57390,3
27979,1.237654381981009e+18,147.814195505571,56.4884603559567,23.66354,24.46206,22.2335,20.68686,19.62667,2074,301,3,175,9.22230755870614e+18,GALAXY,0.8558456,8191,57390,223
24578,1.23767859862628e+18,357.596884938117,3.54296748095334,22.26056,21.55117,21.48048,20.98105,20.91587,7712,301,6,313,9.841625899870738e+18,QSO,1.793344,8741,57390,490
74484,1.23765762790464e+18,140.205342276649,41.3976748512616,23.26429,23.69677,21.8435,20.55126,19.80164,2830,301,1,207,9.342814582866205e+18,GALAXY,0.7951837,8298,57390,353
40965,1.237660343401448e+18,150.086806450401,41.5816266437612,26.1881,22.70469,21.1559,20.10843,19.63834,3462,301,3,264,9.346161221383248e+18,STAR,3.721544e-05,8301,57390,240
26741,1.2376576279051643e+18,141.637278520399,42.0888990794817,25.0301,23.79241,21.48902,20.47543,19.81643,2830,301,1,215,9.34297236278479e+18,GALAXY,0.5957313,8298,57390,927
78414,1.2376543835914245e+18,145.845471293742,57.1573138705125,21.99537,22.08332,21.76252,21.73314,20.62321,2074,301,6,172,9.22240404085148e+18,GALAXY,0.6952928,8191,57390,574
46603,1.2376786614235302e+18,358.885324669722,4.65407228706497,20.91673,20.97975,20.94745,20.53022,20.84995,7727,301,3,59,9.841699842027706e+18,QSO,1.841834,8741,57390,759
1499,1.237678598092096e+18,3.65117715050201,3.2031455855224,22.98287,21.91233,21.36972,21.25299,20.91588,7712,301,5,354,9.84609761367768e+18,QSO,1.006327,8745,57391,374
62069,1.2376637831348887e+18,25.7107215723669,-0.733425113585839,23.40339,23.96553,21.97561,22.06336,21.49331,4263,301,2,287,9.900159226025892e+18,QSO,3.981314,8793,57391,441
60966,1.2376785986288356e+18,3.47537997134299,3.69145464266152,22.21947,20.16323,18.92126,18.41825,18.07181,7712,301,6,352,9.84610476050326e+18,GALAXY,0.1962496,8745,57391,400
26196,1.2376511908248947e+18,142.775219212121,57.4873577244564,20.16076,20.05686,19.73973,19.73073,19.59558,1331,301,3,245,9.226821328832844e+18,QSO,1.158895,8195,57391,260
29701,1.2376511908252877e+18,144.207863043806,57.9088813246213,22.05201,20.36446,24.80203,20.17374,20.38017,1331,301,3,251,9.226782845925872e+18,STAR,-1.20093e-05,8195,57391,120
31926,1.2376785980922924e+18,4.11916407989168,3.30566347468449,21.81408,21.86151,21.89083,21.25677,21.28546,7712,301,5,357,9.846075623445123e+18,QSO,1.819308,8745,57391,294
10012,1.2376737055792827e+18,118.40438156023,41.9690459772757,20.78296,20.55156,20.33306,20.21551,20.31797,6573,301,4,229,9.335024817878096e+18,QSO,1.40033,8291,57391,686
45376,1.2376664079174218e+18,27.091210140754,-0.0078624769583299,22.27346,23.09899,23.00979,22.06538,20.92706,4874,301,3,602,9.900274124990994e+18,GALAXY,1.291308,8793,57391,859
85289,1.237663783135609e+18,27.2790109126109,-0.693281947369864,22.20876,21.5226,21.41145,21.41649,21.4889,4263,301,2,298,9.900068241438691e+18,STAR,-0.0006975505,8793,57391,110
16503,1.2376637852825687e+18,26.0917230211191,0.926596830101159,23.4385,22.42615,22.04738,21.6139,20.8588,4263,301,6,290,9.900211177950304e+18,GALAXY,0.8044453,8793,57391,630
21899,1.2376786222288087e+18,3.38358815909874,4.42612390285879,23.57966,25.9752,21.63515,20.58115,19.83201,7718,301,2,11,9.84614901584628e+18,GALAXY,0.684227,8745,57391,561
88961,1.2376785986296878e+18,5.40195574320353,3.74794620624175,25.6344,22.50224,21.21938,20.4487,19.83119,7712,301,6,365,9.84600525470095e+18,STAR,-0.0002305634,8745,57391,38
60027,1.2376737066529595e+18,117.893799151083,42.7268553881187,22.19583,21.049,20.95103,20.90901,21.11327,6573,301,6,228,9.33499678033159e+18,QSO,2.425399,8291,57391,584
9831,1.2376737055793485e+18,118.517652651344,41.870462706255,20.87515,20.60223,20.55708,20.17272,19.96365,6573,301,4,230,9.335025642511817e+18,QSO,1.934203,8291,57391,689
49615,1.237666407917487e+18,27.2312974361222,-0.121698945475511,24.68399,23.66688,22.03051,21.34003,21.00301,4874,301,3,603,9.900081710456134e+18,GALAXY,0.3964022,8793,57391,159
8889,1.2376786174299343e+18,27.6033198069467,1.08674408580103,22.8313,22.77192,22.07724,21.29977,21.58189,7717,301,1,514,9.900297764490992e+18,QSO,1.546835,8793,57391,945
21820,1.2376543921772303e+18,119.694916711872,40.7258525700478,21.38315,21.23851,20.86914,20.78057,20.68624,2076,301,6,109,9.334874459663e+18,QSO,1.011142,8291,57391,139
41705,1.2376737066529587e+18,117.931496481499,42.6940547761572,18.10843,17.62566,17.70644,17.825,17.99884,6573,301,6,228,9.3349973300874e+18,STAR,-4.982813e-05,8291,57391,586
31332,1.2376511908254188e+18,144.54222727311,58.0628076096732,22.60849,21.22445,20.60669,20.15794,19.82772,1331,301,3,253,9.226984331431664e+18,STAR,-0.0001691127,8195,57391,853
29760,1.2376511908250255e+18,143.219506532181,57.528042486398,20.02549,19.89687,19.70354,19.40178,19.23697,1331,301,3,247,9.226808409571222e+18,QSO,1.946162,8195,57391,213
72952,1.2376582044995425e+18,146.218162254455,42.8039727888673,21.85241,21.32046,21.1771,21.11131,20.86567,2964,301,3,139,9.345141424365265e+18,QSO,2.243238,8300,57391,626
74460,1.2376785986292943e+18,4.38656203218608,3.57382942105383,22.41986,23.42339,21.89537,20.63539,19.67155,7712,301,6,359,9.84605720662536e+18,STAR,0.002646154,8745,57391,227
24791,1.2376785986287045e+18,3.13029512143885,3.62644893152375,20.17302,20.047,19.80363,19.83124,19.90094,7712,301,6,350,9.846128125125351e+18,QSO,1.332897,8745,57391,485
77374,1.2376785986290975e+18,3.93284433521677,3.73143258443015,23.4746,23.87522,21.50315,20.34307,19.52094,7712,301,6,356,9.84608964221838e+18,GALAXY,0.5594701,8745,57391,345
17880,1.237673706116744e+18,120.106072694319,42.5655619021642,23.29223,21.77028,21.27466,21.23794,21.14054,6573,301,5,238,9.335095736378087e+18,QSO,2.871936,8291,57391,944
45269,1.2376606370660357e+18,147.159573121943,42.0436958207637,25.72018,24.98957,22.89277,21.2065,19.80136,3530,301,6,206,9.345192276778047e+18,STAR,-0.0001667778,8300,57391,811
95736,1.2376737045057372e+18,119.169612822998,41.05002849353,20.53104,20.24453,20.13266,19.9777,18.81611,6573,301,2,232,9.33489315136067e+18,STAR,-0.000712021,8291,57391,207
18582,1.2376637825980828e+18,25.7942805287447,-1.23182575962065,21.79658,20.37444,19.44228,19.00376,18.54181,4263,301,1,288,9.9001595009038e+18,GALAXY,0.2774362,8793,57391,442
3827,1.2376737066529587e+18,117.897682396355,42.5865547546552,20.91201,19.5747,19.13892,18.96457,18.89337,6573,301,6,228,9.33499842959903e+18,STAR,-0.0001491145,8291,57391,590
26548,1.2376543921770337e+18,119.296150147334,40.3764258214253,21.27315,20.84192,20.70152,20.36707,20.37749,2076,301,6,106,9.334889028192063e+18,QSO,1.742535,8291,57391,192
11195,1.2376737061162196e+18,118.415567198811,42.3331828132658,22.10424,21.88607,22.08223,21.89672,21.71559,6573,301,5,230,9.33502261885484e+18,STAR,-0.0007353825,8291,57391,678
22165,1.237654392177296e+18,119.776040664349,40.7919561081756,21.21974,20.67764,20.63913,20.37672,20.3354,2076,301,6,110,9.33486456405835e+18,QSO,0.5311005,8291,57391,103
69466,1.2376511913618314e+18,142.573373712155,57.7619353163643,22.28024,22.31779,21.65288,21.69746,21.5852,1331,301,4,246,9.226835622484009e+18,QSO,1.406716,8195,57391,312
16861,1.237673706116285e+18,118.535427901022,42.4320373431807,21.84141,21.44171,20.98507,20.98626,20.96803,6573,301,5,231,9.33503251445949e+18,STAR,0.0001840765,8291,57391,714
26438,1.2376511908252224e+18,143.936176129521,57.8204766356372,21.21339,20.4129,20.07544,19.98786,19.70261,1331,301,3,250,9.226789992751454e+18,QSO,2.213726,8195,57391,146
50977,1.2376788906685893e+18,26.2769510206857,-1.41757199175375,20.99266,20.12281,19.85966,19.74561,19.80007,7780,301,6,77,9.900126515554966e+18,STAR,-0.0007034141,8793,57391,322
1214,1.237678598092751e+18,5.24824262903121,3.16425810337243,21.05396,20.90528,20.8191,20.42911,20.52334,7712,301,5,364,9.846018998596297e+18,QSO,1.715101,8745,57391,88
95591,1.2376737045054095e+18,118.173992378311,41.0662742790741,21.53831,20.66696,20.21802,21.45175,20.86766,6573,301,2,227,9.334947852064152e+18,STAR,1.138378e-05,8291,57391,406
51759,1.2376637842089585e+18,26.4663403767869,0.0734799536965255,25.1509,24.21251,22.8524,21.37589,20.84851,4263,301,4,292,9.900240864764254e+18,GALAXY,0.8539063,8793,57391,738
15208,1.237663785282634e+18,26.2205398012206,1.04167999174269,23.76637,22.4788,21.76275,21.52753,20.73537,4263,301,6,291,9.90022052379914e+18,GALAXY,0.3228706,8793,57391,664
69468,1.2376511913623557e+18,144.358207277008,58.4473440634278,22.86141,21.66149,21.14863,20.64141,20.30482,1331,301,4,254,9.227017591658404e+18,QSO,1.667038,8195,57391,974
80066,1.2376785986295567e+18,5.03523136683339,3.58826711428206,26.29686,24.87047,22.11235,20.76107,19.78618,7712,301,6,363,9.846013775916065e+18,GALAXY,0.6253552,8745,57391,69
64611,1.237678598629819e+18,5.62441454777945,3.60763701562947,25.71661,22.1597,21.17344,20.17742,19.46108,7712,301,6,367,9.84599783299746e+18,QSO,0.5181971,8745,57391,11
72762,1.2376582044994772e+18,146.131266157542,42.7613971792112,23.0812,21.96382,21.38973,21.37147,20.97803,2964,301,3,138,9.345141149487356e+18,STAR,-0.000240173,8300,57391,625
3750,1.2376737066530245e+18,118.064032734784,42.6716703664864,20.80531,19.90088,19.69611,19.33526,18.9591,6573,301,6,229,9.33500832520368e+18,QSO,2.254164,8291,57391,626
27038,1.237678598628901e+18,3.57087912214268,3.7295047570177,21.359,21.28432,20.89457,21.04827,21.0559,7712,301,6,353,9.846102836357913e+18,QSO,1.337616,8745,57391,393
37305,1.2376511913618312e+18,142.328870227819,57.8765679677639,22.00682,21.90298,21.65615,21.69927,20.88733,1331,301,4,246,9.22683617223982e+18,QSO,0.3813381,8195,57391,314
1095,1.2376737045054764e+18,118.466578701813,41.0625425603466,25.65149,25.56868,22.34147,21.10748,19.94445,6573,301,2,228,9.33493713182578e+18,GALAXY,0.8436126,8291,57391,367
48497,1.2376737061160883e+18,118.033327054578,42.3163586916385,21.22724,19.91166,19.57438,19.43236,19.42007,6573,301,5,228,9.335011348860656e+18,STAR,6.440472e-05,8291,57391,637
40964,1.23766034340053e+18,147.531974304826,40.5887954174587,21.99362,21.83872,21.82697,21.43598,22.11085,3462,301,3,250,9.34500508492342e+18,QSO,1.709298,8300,57391,130
46397,1.23766063706597e+18,146.990660064464,41.9349558233571,21.38586,21.29109,20.61195,20.45378,20.57265,3530,301,6,205,9.345192551655954e+18,QSO,1.181549,8300,57391,812
66756,1.2376582039624095e+18,145.851358405078,42.1022106925914,23.94068,23.2261,21.53843,20.31156,19.64688,2964,301,2,135,9.34513455241759e+18,GALAXY,0.7172913,8300,57391,601
26759,1.2376582044992806e+18,145.424138484644,42.5088688811772,26.44516,24.19694,21.48801,20.44223,19.79969,2964,301,3,135,9.345120808522242e+18,GALAXY,0.5962563,8300,57391,551
70514,1.2376511913613724e+18,140.966579428342,57.0812866080056,20.78546,20.63746,20.41065,20.44033,21.00394,1331,301,4,239,9.226872456123535e+18,QSO,1.341521,8195,57391,446
33426,1.237663782598738e+18,27.3124053143919,-1.15088260355436,21.29069,20.27073,19.53476,19.14741,18.89515,4263,301,1,298,9.900067141927064e+18,GALAXY,0.2422929,8793,57391,106
24170,1.237654392177296e+18,119.879016733916,40.8429485704645,20.7548,20.28653,20.02102,19.62063,19.58036,2076,301,6,110,9.334864014302534e+18,QSO,1.628602,8291,57391,101
51322,1.2376786614254308e+18,3.24727300574949,4.67770997785665,20.64624,20.71224,20.39546,20.16805,20.23189,7727,301,3,88,9.846148191212558e+18,QSO,1.371022,8745,57391,558
16963,1.2376637852830272e+18,27.1239146981729,1.01864758385686,21.46251,21.35847,20.88753,20.79766,20.4986,4263,301,6,297,9.900276598892157e+18,QSO,1.319453,8793,57391,868
90759,1.2376511908148685e+18,118.88202186483,40.3753685843777,23.88445,23.05656,21.90552,20.81994,19.90205,1331,301,3,92,9.33490469623276e+18,GALAXY,0.6597683,8291,57391,249
19104,1.237673705042347e+18,118.191231284557,41.4002754337498,22.0787,23.03412,22.57377,21.16183,19.83784,6573,301,3,228,9.33495087572113e+18,GALAXY,0.9460981,8291,57391,417
3721,1.2376786614262175e+18,5.01187435387294,4.78469352000637,23.77954,22.22272,21.5029,21.35504,20.82929,7727,301,3,100,9.846246597503244e+18,GALAXY,0.3883184,8745,57391,916
28862,1.2376511908250918e+18,143.598070794481,57.6223943842729,22.32157,21.59297,21.19637,20.90841,20.89716,1331,301,3,248,9.226800438111918e+18,QSO,1.16316,8195,57391,184
15831,1.2376543916402289e+18,119.894612428004,40.2959438143949,25.12812,23.10403,21.69575,20.35827,19.62887,2076,301,5,107,9.334859616256025e+18,GALAXY,0.7524773,8291,57391,85
20768,1.237663785282503e+18,25.9251616078601,0.919482009430339,24.4918,25.1143,24.80213,24.36134,20.3763,4263,301,6,289,9.900200182834026e+18,STAR,-0.0004533496,8793,57391,590
3041,1.2376637825981486e+18,25.9370141980074,-1.22368504381066,22.38017,20.68702,19.58107,19.00881,18.53708,4263,301,1,289,9.90014850578752e+18,GALAXY,0.2391574,8793,57391,402
28423,1.2376512509435584e+18,119.975596928512,41.9245625629531,23.55534,21.82257,21.34571,21.00387,21.54043,1345,301,3,79,9.335090788575762e+18,STAR,-0.0002738428,8291,57391,926
56447,1.2376785980920965e+18,3.71021984136382,3.21339341750526,24.69544,23.60311,21.74538,19.8977,18.89965,7712,301,5,354,9.846096514166053e+18,STAR,-9.861049e-05,8745,57391,370
40228,1.2376603434006612e+18,148.014551564436,40.8377695717217,21.80502,21.17027,21.13885,20.84784,20.3566,3462,301,3,252,9.34498144542342e+18,QSO,0.7601388,8300,57391,44
76842,1.2376785986294917e+18,4.86209869932139,3.73255060172317,26.29263,23.55262,21.91425,20.70187,19.89383,7712,301,6,362,9.846035766148618e+18,GALAXY,0.8817518,8745,57391,149
69025,1.2376603434007923e+18,148.340816128023,40.7750616895391,21.17353,20.91444,20.9376,20.61875,20.87805,3462,301,3,254,9.344982819812956e+18,QSO,1.723005,8300,57391,49
7643,1.2376737055799383e+18,120.353147770654,42.2472337691361,19.28906,18.29186,17.99628,17.86667,17.81254,6573,301,4,239,9.335105906860644e+18,STAR,0.0001262996,8291,57391,981
71848,1.2376737045057377e+18,119.130161053694,41.2296981243911,20.06675,19.73347,19.73182,19.35911,19.06774,6573,301,2,232,9.33490936915718e+18,QSO,0.4661376,8291,57391,266
29283,1.2376511908250255e+18,143.377538323818,57.5617348072204,20.82525,20.64384,20.30836,20.27823,19.90082,1331,301,3,247,9.226810608594475e+18,QSO,0.9510177,8195,57391,221
27169,1.2376511908253537e+18,144.343239265722,57.9123645511524,20.2508,20.1836,19.96964,20.00617,19.99988,1331,301,3,252,9.226780372024711e+18,QSO,1.096765,8195,57391,111
43193,1.237660343400399e+18,147.248216806786,40.5152815976903,21.69301,20.96187,20.55178,20.50134,20.51899,3462,301,3,248,9.345013606138532e+18,QSO,0.7419979,8300,57391,161
3274,1.2376737061158922e+18,117.47212985851,42.2595401212431,23.53096,23.32069,21.46172,20.30897,19.6437,6573,301,5,225,9.33497946302345e+18,GALAXY,0.649194,8291,57391,521
25722,1.237673706115826e+18,117.26946173073,42.0319661010426,21.26225,21.01805,20.77174,20.73369,20.59562,6573,301,5,224,9.33497588961066e+18,QSO,2.070155,8291,57391,508
50382,1.2376786222296604e+18,5.36855031344135,4.4739943419721,26.70911,23.36293,21.48856,20.49009,19.80908,7718,301,2,24,9.846260616276498e+18,GALAXY,0.6350439,8745,57391,967
31429,1.2376511908152607e+18,119.482703244945,41.0788811880391,18.3456,17.40488,17.0273,16.86845,16.83474,1331,301,3,98,9.334877483319972e+18,STAR,-0.0002298448,8291,57391,150
66410,1.2376785986294907e+18,4.86639224453114,3.61944299749431,21.97483,19.97099,18.53623,17.97035,17.62394,7712,301,6,362,9.846034116881177e+18,GALAXY,0.2629566,8745,57391,143
76841,1.23767859862877e+18,3.20712138396345,3.62509178928007,24.76793,22.81192,21.52281,20.41983,19.72484,7712,301,6,351,9.84612372707884e+18,GALAXY,0.7266039,8745,57391,469
46499,1.2376786614263483e+18,5.33218971444592,4.66824127965191,23.91595,21.65066,21.316,21.42232,21.01167,7727,301,3,102,9.846257042863708e+18,QSO,2.77806,8745,57391,954
96597,1.2376737045057377e+18,119.156067738701,41.0788108632358,25.29322,22.51601,21.0991,20.06843,19.11147,6573,301,2,232,9.334909094279272e+18,STAR,0.0002181962,8291,57391,265
24654,1.237658204499412e+18,146.008456989789,42.5947150779918,23.29526,23.22859,21.7591,20.72911,19.86337,2964,301,3,137,9.345140049975728e+18,GALAXY,0.7390586,8300,57391,621
47858,1.23765125041619e+18,143.861146285975,57.5790940058694,26.0462,22.71047,21.42639,20.31774,19.50797,1345,301,2,224,9.226794665675872e+18,GALAXY,0.7433284,8195,57391,163
10011,1.237673705579152e+18,117.969295670817,41.8800777776029,21.50724,21.78824,21.33639,21.27905,23.75511,6573,301,4,227,9.33500282764554e+18,QSO,1.336182,8291,57391,606
648,1.2376785980918336e+18,3.04954332374353,3.2028095339831,21.01768,21.01003,20.88296,20.63683,20.49519,7712,301,5,350,9.84612015366605e+18,QSO,1.726023,8745,57391,456
24899,1.2376543921770993e+18,119.515811558767,40.4504881260126,20.70339,20.74799,20.63098,20.57669,20.53384,2076,301,6,107,9.334883805511832e+18,QSO,0.9066702,8291,57391,173
96623,1.2376512509434276e+18,119.652947930658,41.7697669910046,23.82105,26.10416,22.27388,20.85621,19.63452,1345,301,3,77,9.335081717604831e+18,GALAXY,0.8062673,8291,57391,893
27415,1.237654392176968e+18,119.193634423888,40.2431052559704,22.79673,22.37321,21.18682,20.80346,20.39281,2076,301,6,105,9.334899748430436e+18,GALAXY,0.3686382,8291,57391,231
25676,1.2376582044995428e+18,146.25941208646,42.6745079327891,25.10851,22.71956,21.42412,20.32526,19.42428,2964,301,3,139,9.345153793871075e+18,GALAXY,0.6334726,8300,57391,671
24900,1.237654392177296e+18,119.89041276849,40.8894423482707,20.97908,20.95595,20.67331,20.68083,20.57316,2076,301,6,110,9.334864838936254e+18,QSO,0.9602836,8291,57391,104
67427,1.2376582034256044e+18,146.302134494227,41.8884435148853,25.95385,24.8103,22.03037,20.77427,19.93646,2964,301,1,136,9.34514884606875e+18,GALAXY,0.7354732,8300,57391,653
89750,1.2376784397016113e+18,41.7962157293754,3.185572745304,22.55473,22.93025,22.01193,20.71555,20.00022,7675,301,6,147,9.828070845796604e+18,GALAXY,0.617376,8729,57399,329
89233,1.2376784397019392e+18,42.5794985506818,3.21379459682256,24.63053,23.25454,21.4756,20.14112,19.446,7675,301,6,152,9.828036211180329e+18,GALAXY,0.6870826,8729,57399,203
88688,1.2376784397016115e+18,41.813555215525,3.21497442994277,26.3021,25.04929,21.84693,20.62301,19.92817,7675,301,6,147,9.828071395552416e+18,GALAXY,0.7693939,8729,57399,331
6248,1.2376786619788828e+18,41.2719497909036,4.08239880470405,25.21225,23.14035,21.60475,20.40546,19.71443,7727,301,4,341,9.828139015517526e+18,GALAXY,0.747049,8729,57399,577
46785,1.237678661442864e+18,43.2091033978095,3.68595170960603,22.30433,21.29024,21.07749,20.64312,20.74534,7727,301,3,354,9.82799745339545e+18,QSO,1.527939,8729,57399,62
73877,1.2376786238569848e+18,43.5929927114768,4.65080011255047,25.70762,25.77412,22.67075,21.46244,19.86305,7718,301,5,279,9.828242369610537e+18,QSO,1.600639,8729,57399,953
43398,1.237678661979866e+18,43.5312641135748,3.96640757121651,27.01346,23.43908,21.44388,20.09194,19.25273,7727,301,4,356,9.827990581447776e+18,GALAXY,0.6683701,8729,57399,37
425,1.2376786222452582e+18,40.9936010883202,3.5839874116133,22.56986,23.45326,21.75059,20.68024,19.85547,7718,301,2,262,9.828114001627994e+18,GALAXY,0.869821,8729,57399,486
46669,1.2376786238517422e+18,31.6290806851977,5.12416441057941,24.22388,23.93252,22.39363,20.67557,19.83886,7718,301,5,199,9.836101128986843e+18,GALAXY,0.83973,8736,57400,871
29644,1.237678661437031e+18,29.8155094637242,4.21731684320763,21.00156,20.92597,20.773,20.7044,20.56143,7727,301,3,265,9.836008495132203e+18,QSO,0.9111997,8736,57400,534
47492,1.2376786614372273e+18,30.2721099766566,4.15254426246936,19.88599,19.7776,19.46198,19.65208,19.58313,7727,301,3,268,9.836020864638015e+18,QSO,1.033019,8736,57400,579
45181,1.237678661437817e+18,31.7049925474124,4.06387108525163,20.16022,20.05098,19.73996,19.96755,20.19163,7727,301,3,277,9.835905141039192e+18,QSO,1.068388,8736,57400,158
12951,1.2376784396966303e+18,30.457460610198,3.45509634330966,24.67798,23.96564,21.75594,20.67058,19.62817,7675,301,6,71,9.835965889056629e+18,GALAXY,0.7079729,8736,57400,379
30062,1.2376786614374894e+18,30.8972709659879,4.12049413700107,21.2826,21.53769,21.49849,21.05632,20.5811,7727,301,3,272,9.836065119981031e+18,QSO,1.979766,8736,57400,740
50600,1.2376786614372273e+18,30.3268292118834,4.29542892200014,20.8724,20.92575,20.6476,20.69405,20.35054,7727,301,3,268,9.836030210486854e+18,QSO,1.137533,8736,57400,613
27815,1.2376786614374894e+18,30.9188088725177,4.13628012418804,21.99281,21.40838,21.15975,20.93182,20.92116,7727,301,3,272,9.836064845103129e+18,QSO,2.098777,8736,57400,739
28485,1.237678661437096e+18,30.066358804177,4.2982016965572,20.08624,19.74796,19.6143,19.65273,19.60859,7727,301,3,266,9.83600794537639e+18,QSO,0.8055419,8736,57400,532
6553,1.2376786619750815e+18,32.5664671719482,4.52835249171655,23.10819,23.17888,21.84915,20.58013,19.80085,7727,301,4,283,9.83613191531242e+18,GALAXY,0.7153624,8736,57400,983
29109,1.237678661437031e+18,29.8038791481731,4.18714025874287,20.42222,20.17522,20.0896,19.91158,19.9722,7727,301,3,265,9.836007395620575e+18,QSO,0.6463968,8736,57400,530
45646,1.237678661437031e+18,29.8525101856994,4.12476544878758,19.80824,18.97071,18.73059,18.65035,18.6049,7727,301,3,265,9.836009044888017e+18,QSO,2.938213,8736,57400,536
41172,1.2376785980929477e+18,5.62323189295972,3.28488524283692,21.85379,21.72741,21.98162,21.73407,22.00845,7712,301,5,367,9.848369754624252e+18,QSO,2.101449,8747,57401,448
53744,1.237658203427505e+18,151.453717002622,43.8244104687001,25.84662,25.86184,21.40129,20.10713,19.34127,2964,301,1,165,9.330398347994094e+18,GALAXY,0.7334043,8287,57401,239
592,1.2376785980937997e+18,7.52618875255325,3.26442958918242,21.42885,21.02341,20.52487,20.59163,20.52107,7712,301,5,380,9.848273547356822e+18,QSO,1.055445,8747,57401,98
15076,1.2376785986306056e+18,7.47790609346805,3.7211305396478,25.97299,23.05701,21.44555,20.2319,19.36594,7712,301,6,379,9.848277670525424e+18,GALAXY,0.6429459,8747,57401,113
64586,1.2376582034269806e+18,150.06594961137,43.3782062773839,26.05851,24.56995,21.60126,20.35617,19.53254,2964,301,1,157,9.330449475284783e+18,GALAXY,0.7479057,8287,57401,425
57419,1.237654383591752e+18,146.901134652146,57.7629273994824,23.17421,22.27323,21.42858,20.4029,19.68743,2074,301,6,177,9.225714395669354e+18,GALAXY,0.7343255,8194,57401,329
65268,1.237658203963786e+18,149.666986561731,43.5745798398841,25.74841,23.68577,21.8584,20.62546,19.78955,2964,301,2,156,9.330468166982455e+18,GALAXY,0.7828518,8287,57401,493
26645,1.23765119082555e+18,145.159448943334,58.2367884178932,20.54388,20.60869,20.7293,20.51992,20.54198,1331,301,3,255,9.225745181994932e+18,QSO,1.777013,8194,57401,441
53521,1.2376785980934725e+18,6.80062215972396,3.18457713948198,22.91037,21.62269,21.59318,21.62203,20.77047,7712,301,5,375,9.848315328798677e+18,QSO,2.363909,8747,57401,250
5309,1.2376786614271347e+18,7.20418173007511,4.67990632393899,22.78491,21.50271,20.95543,20.77991,20.5791,7727,301,3,114,9.84848685261261e+18,STAR,-0.0005168803,8747,57401,874
1442,1.2376785980931443e+18,6.13124908299159,3.1869251642161,20.62201,19.52623,19.05624,18.82126,18.71173,7712,301,5,370,9.848349138781231e+18,STAR,-0.0003173972,8747,57401,373
27349,1.2376577701661903e+18,131.725257299504,42.5592193606653,22.1249,22.60484,21.12855,20.13006,19.34608,2863,301,2,66,9.339567175458118e+18,GALAXY,0.6536488,8295,57401,827
218,1.2376574013430175e+18,132.367728546752,40.8411078819137,22.92736,24.14672,21.71825,20.6274,19.96332,2777,301,3,175,9.339365964830237e+18,GALAXY,0.6480679,8295,57401,95
61232,1.237658204500657e+18,149.439163082407,43.9056339674704,24.24259,25.17019,22.05716,21.01932,19.90605,2964,301,3,156,9.330480261610365e+18,GALAXY,0.7762299,8287,57401,537
895,1.2376785980935375e+18,7.01805214115655,3.13937574913372,20.7071,20.71549,20.47168,20.53314,20.3744,7712,301,5,376,9.848302684414958e+18,QSO,1.357553,8747,57401,204
92478,1.2376543835916864e+18,146.896362573102,57.532518624412,19.54747,19.52207,19.53242,19.18275,19.18541,2074,301,6,176,9.225712471524004e+18,QSO,1.918647,8194,57401,322
24877,1.2376785986308017e+18,7.88362893236956,3.60978127202943,20.42093,20.14632,19.87395,19.84977,19.65823,7712,301,6,382,9.848250732490543e+18,QSO,1.126346,8747,57401,15
58911,1.2376576069644454e+18,132.079347652431,42.3240049702304,21.88434,21.68414,21.42758,21.35933,21.31478,2825,301,2,173,9.339580919353465e+18,QSO,1.084247,8295,57401,877
79983,1.2376543835920796e+18,147.989456414033,58.0961671627609,20.8173,21.0844,21.02038,20.63342,20.33152,2074,301,6,182,9.225682784710058e+18,QSO,1.845872,8194,57401,214
80233,1.2376543835926694e+18,150.313924665016,58.7623428307709,20.72655,20.63894,20.63339,20.49518,20.44467,2074,301,6,191,9.225630832785646e+18,QSO,1.515841,8194,57401,25
80232,1.2376543835923415e+18,148.955435515608,58.4334874846042,23.98451,22.56239,21.22471,19.81445,18.96188,2074,301,6,186,9.22565447228564e+18,STAR,1.611686e-05,8194,57401,111
32002,1.23765760696438e+18,131.772372335515,42.2608755198552,20.79276,20.86524,21.05489,20.77682,20.73879,2825,301,2,172,9.339569924237187e+18,QSO,1.870227,8295,57401,837
29152,1.237651250954371e+18,148.081822375028,59.5887382887789,22.44016,22.07983,21.8887,22.01148,20.80204,1345,301,3,244,9.225853758768175e+18,QSO,1.354478,8194,57401,836
31449,1.2376576080378598e+18,130.404259809676,42.4725591265382,23.0708,21.92559,21.43207,20.891,20.32625,2825,301,4,168,9.3395031289058e+18,GALAXY,0.5726113,8295,57401,594
28364,1.2376543835922767e+18,148.750649181368,58.387461963093,23.05928,23.85916,21.74785,20.43281,19.31452,2074,301,6,185,9.225651723506571e+18,GALAXY,0.8738148,8194,57401,101
29916,1.23765760696379e+18,130.475723049369,41.258108298102,21.10341,20.64974,20.13984,19.6859,19.63066,2825,301,2,163,9.339453925760457e+18,QSO,1.571382,8295,57401,415
30486,1.237657606963659e+18,130.258799932577,41.0899341454573,21.52766,21.07937,21.09141,21.15016,21.12178,2825,301,2,161,9.339461897219758e+18,QSO,2.283585,8295,57401,444
48807,1.237678661427e+18,6.84998215994585,4.64863672165896,17.31973,16.42568,16.20041,16.12263,16.11765,7727,301,3,112,9.84846623676959e+18,STAR,-0.000540084,8747,57401,799
33976,1.2376576069639212e+18,130.897557425467,41.5257242123402,20.137,19.95127,19.97121,19.69621,19.37138,2825,301,2,165,9.339433309917436e+18,QSO,2.134849,8295,57401,340
29235,1.23765119082614e+18,147.171625547992,58.9975906243774,20.2872,20.12974,19.66478,19.72403,19.69928,1331,301,3,264,9.2258270956112e+18,QSO,1.228518,8194,57401,739
33977,1.23765760696438e+18,131.790277383331,42.374007726869,20.40197,20.09809,20.05013,19.84519,19.99038,2825,301,2,172,9.339570199115094e+18,QSO,1.621656,8295,57401,838
384,1.2376785980937344e+18,7.42583284672855,3.18072124270659,22.76363,22.30827,22.18311,21.76735,21.58376,7712,301,5,379,9.848282068571937e+18,QSO,1.567106,8747,57401,129
33486,1.237657606963659e+18,130.1064450438,41.1490094243271,21.82334,21.93686,21.30899,21.35165,21.81634,2825,301,2,161,9.33946794453371e+18,QSO,1.188403,8295,57401,466
1080,1.237678598093734e+18,7.41853492269564,3.27038013973239,22.0212,21.90779,21.66865,21.67669,21.28973,7712,301,5,379,9.848283168083565e+18,QSO,2.049713,8747,57401,133
32190,1.2376576069644454e+18,132.023928554837,42.4298088762159,20.9909,20.71224,20.55736,20.43517,20.39975,2825,301,2,173,9.339580644475556e+18,QSO,6.157588,8295,57401,876
71249,1.237678598630278e+18,6.67766640836152,3.64445073121087,25.83201,23.0553,22.23307,20.5532,19.59056,7712,301,6,374,9.848321101234725e+18,GALAXY,0.7660551,8747,57401,271
58654,1.2376582045007877e+18,149.627011431465,44.1006690098157,22.73589,22.40543,20.29624,19.19046,18.80076,2964,301,3,158,9.330478337465014e+18,GALAXY,0.5481933,8287,57401,530
10988,1.2376785986302124e+18,6.51431950483186,3.72592397981424,22.89606,23.08747,21.5178,20.37108,19.72461,7712,301,6,373,9.848332096351e+18,GALAXY,0.552285,8747,57401,311
70320,1.237678598630147e+18,6.44228771259674,3.61563604051241,25.95885,24.16607,22.08807,20.72912,19.39697,7712,301,6,372,9.848340892444025e+18,GALAXY,0.8620633,8747,57401,343
46398,1.2376606370675425e+18,151.42440431062,43.5445647544408,16.39096,16.3847,16.37569,16.17748,16.27553,3530,301,6,229,9.330395324337115e+18,QSO,0.1782913,8287,57401,228
56268,1.2376511908263365e+18,147.858923706624,59.3115100678738,21.66754,22.00143,21.41451,21.25477,21.37105,1331,301,3,267,9.225846886820502e+18,QSO,1.303879,8194,57401,811
320,1.2376574013432138e+18,132.779938716822,41.1590234396064,23.07471,23.03132,21.29062,20.02984,19.29469,2777,301,3,178,9.339342325330235e+18,GALAXY,0.7259415,8295,57401,9
76999,1.2376785986300155e+18,6.03391664362516,3.7112441558171,24.03972,23.34421,21.98821,20.51035,19.85444,7712,301,6,370,9.848354086583556e+18,GALAXY,0.6763569,8747,57401,391
9300,1.2376543835919493e+18,147.695662217835,57.794750981951,25.42685,23.22105,21.50427,20.3134,19.66596,2074,301,6,180,9.225691855680983e+18,GALAXY,0.778054,8194,57401,247
92246,1.2376576069645112e+18,132.115960998498,42.4250799129188,22.73674,22.1944,22.05661,21.8246,21.61065,2825,301,2,174,9.339589165690671e+18,GALAXY,0.6274638,8295,57401,907
29917,1.23765760696379e+18,130.521054380126,41.4100957527927,21.09561,21.05629,21.21334,20.84272,20.76479,2825,301,2,163,9.339455300149991e+18,QSO,1.763559,8295,57401,420
58936,1.23765760696438e+18,131.887232406897,42.2203644040708,23.09487,22.88994,21.69888,20.69983,20.11465,2825,301,2,172,9.339581743987184e+18,STAR,-5.390754e-05,8295,57401,880
86234,1.237654383591687e+18,146.61120015475,57.6221222649288,23.54531,22.85575,21.16897,19.78185,19.12352,2074,301,6,176,9.225724566151911e+18,STAR,-0.0002359361,8194,57401,366
31856,1.237678598629885e+18,5.83623607669699,3.71384109734341,22.64151,21.9091,21.48612,21.32123,20.40845,7712,301,6,368,9.848376901449832e+18,GALAXY,0.7233157,8747,57401,474
4279,1.237678661426545e+18,5.77393386474853,4.65083709599499,21.043,21.07757,20.87572,20.67864,20.44033,7727,301,3,105,9.848399991194016e+18,QSO,1.344312,8747,57401,558
30010,1.2376511908264015e+18,148.240542895631,59.3556672416405,18.69198,17.75772,17.55702,17.51036,17.54147,1331,301,3,268,9.225855408035617e+18,STAR,9.938922e-05,8194,57401,842
48408,1.2376786614271345e+18,7.10057396541782,4.74817115913837,18.70266,18.64419,18.41151,18.4759,18.58832,7727,301,3,114,9.84847613237424e+18,QSO,1.333582,8747,57401,835
65019,1.2376582039638515e+18,149.738397699636,43.613103129134,22.13438,23.3896,21.71268,20.72804,19.48734,2964,301,2,157,9.330462119668505e+18,GALAXY,0.8000843,8287,57401,471
27612,1.237651190826599e+18,148.842085106194,59.516673631165,21.27206,21.27919,20.88724,21.0051,20.68435,1331,301,3,271,9.225876573634454e+18,QSO,1.385686,8194,57401,919
77939,1.2376543835924073e+18,149.484005006268,58.4260811141613,21.44751,21.13758,20.93582,20.76479,20.68813,2074,301,6,187,9.225641553024014e+18,QSO,1.652539,8194,57401,64
58046,1.2376543835925384e+18,149.797587469987,58.6770242165108,23.76865,25.08686,21.91516,20.61788,19.89658,2074,301,6,189,9.2256330318089e+18,GALAXY,0.7026218,8194,57401,33
49994,1.237678661427462e+18,7.95326163089794,4.76954834866453,19.17223,18.1935,17.8212,17.72413,17.70157,7727,301,3,119,9.84850746845563e+18,STAR,-3.383943e-05,8747,57401,949
24430,1.2376785986296876e+18,5.30566268849299,3.7130691245778,21.04785,21.24256,21.12647,20.94989,21.07161,7712,301,6,365,9.848382948763783e+18,QSO,1.389765,8747,57401,496
87640,1.2376543835921454e+18,148.371152306597,58.1835943042573,21.46593,20.82706,20.79653,20.6427,20.44549,2074,301,6,183,9.225673163983313e+18,QSO,2.412105,8194,57401,179
3330,1.2376786614268073e+18,6.46251754365193,4.62264687936649,22.13451,22.23206,21.87718,21.53567,21.86582,7727,301,3,109,9.848432976542847e+18,GALAXY,0.24143,8747,57401,678
25749,1.237678598629885e+18,5.87593615648575,3.71099229558091,22.4136,21.52308,21.10229,20.96568,20.90661,7712,301,6,368,9.848373328037042e+18,QSO,0.8593132,8747,57401,461
55354,1.2376543835917527e+18,147.036724556726,57.7364392901548,24.32316,24.10584,21.93611,20.52132,19.85056,2074,301,6,177,9.225713296157729e+18,GALAXY,0.73438,8194,57401,325
48096,1.237657118948525e+18,130.824523886334,40.6382320628163,24.45183,23.24954,21.79852,20.74961,19.9514,2711,301,5,169,9.339422589679063e+18,GALAXY,0.5682501,8295,57401,301
70974,1.237678598630016e+18,6.13689496435381,3.59177181906687,26.92574,23.64308,21.89477,20.47845,19.6189,7712,301,6,370,9.848352987071928e+18,GALAXY,0.7610512,8747,57401,387
31630,1.237678598630277e+18,6.73137437257236,3.59783541502018,18.55738,18.34999,19.48014,18.28486,18.33822,7712,301,6,374,9.848319177089374e+18,QSO,1.081554,8747,57401,264
53660,1.2376511908262054e+18,147.195727758252,59.1734501582164,21.30039,20.97591,20.77088,20.79655,20.24158,1331,301,3,265,9.22582627097748e+18,QSO,2.135325,8194,57401,736
45372,1.2376786614273969e+18,7.83870270196496,4.73639602262094,19.7851,19.79727,19.83411,19.51931,19.50742,7727,301,3,118,9.84850856796726e+18,QSO,1.829674,8747,57401,953
35037,1.237678598093734e+18,7.39385225079269,3.31535004835776,21.74464,21.72516,21.59273,21.15863,21.27599,7712,301,5,379,9.848283992717283e+18,GALAXY,0.8867747,8747,57401,136
53855,1.2376786222307092e+18,7.77188267393353,4.44319288458329,25.75105,22.81174,21.63892,20.44423,19.79423,7718,301,2,40,9.848512416257956e+18,GALAXY,0.5990041,8747,57401,967
33777,1.237657606964183e+18,131.391645298268,41.9429954229791,18.88675,18.48427,18.47381,18.51133,18.59246,2825,301,2,169,9.3395506827837e+18,STAR,0.000266876,8295,57401,767
30825,1.2376786614365064e+18,28.6612033018309,4.27390463592594,20.85324,20.54345,20.59357,20.4525,20.41449,7727,301,3,257,9.83832516616548e+18,QSO,0.7114339,8738,57402,770
30824,1.2376786614362442e+18,28.0600440841806,4.23990301696428,21.27247,21.38662,21.36409,21.19962,20.84636,7727,301,3,253,9.838293280328276e+18,QSO,1.999681,8738,57402,654
30826,1.237678661436834e+18,29.4051863662974,4.16222648628916,19.40769,19.31576,19.12592,19.26383,19.33759,7727,301,3,262,9.838370521020127e+18,QSO,0.9881379,8738,57402,935
30823,1.2376786614361787e+18,27.8484705978181,4.30037656610417,20.44651,20.36836,20.22273,20.02927,19.78621,7727,301,3,252,9.838272389607348e+18,QSO,2.011019,8738,57402,578
29992,1.237678661436965e+18,29.7700500622401,4.32916666669654,20.38255,20.17498,19.89666,19.76231,19.7138,7727,301,3,264,9.838380691502684e+18,QSO,1.449574,8738,57402,972
30244,1.2376786614368996e+18,29.4898046636168,4.28794832966375,20.75023,20.54712,20.45056,20.32362,20.2639,7727,301,3,263,9.83837024614222e+18,QSO,1.979494,8738,57402,934
29991,1.2376786614363756e+18,28.2976731246617,4.28213269863412,22.55854,22.09254,21.35734,20.82705,20.70029,7727,301,3,255,9.83830455032246e+18,QSO,1.978367,8738,57402,695
26835,1.237678661435851e+18,27.1948926579542,4.22194432110087,21.5682,20.98293,20.68733,20.62218,20.19107,7727,301,3,247,9.838253148153862e+18,QSO,0.9928038,8738,57402,508
27964,1.237678661436834e+18,29.321203060444,4.22126852540278,21.34311,21.05555,20.90827,20.78311,20.58783,7727,301,3,262,9.838359800781756e+18,QSO,1.979749,8738,57402,896
28853,1.237678661436572e+18,28.8385105397776,4.2094898513854,19.58545,19.65613,19.38968,19.03089,19.01516,7727,301,3,258,9.838337535671292e+18,QSO,1.93094,8738,57402,815
26836,1.2376786614366374e+18,28.8694401414797,4.22160876387804,21.94853,21.97625,21.56727,21.6507,21.35243,7727,301,3,259,9.838336711037571e+18,QSO,3.943494,8738,57402,812
28747,1.2376786614371615e+18,30.1539836529222,4.19796645410952,21.62542,21.72042,21.66045,21.48643,21.17767,7727,301,3,267,9.83838838808408e+18,QSO,1.993358,8738,57402,1000
89322,1.2376784396963684e+18,29.819257288656,3.48498299442516,22.49041,21.19391,19.43304,18.79568,18.4226,7675,301,6,67,9.838130552607363e+18,GALAXY,0.4027264,8738,57402,62
48728,1.2376786614364408e+18,28.5563188127497,4.34974121813831,19.02971,18.78428,18.54803,18.65514,18.51262,7727,301,3,256,9.838314720805016e+18,QSO,0.9239185,8738,57402,732
28954,1.237678661436506e+18,28.628035189708,4.29288851910633,19.49423,19.33928,19.25005,19.00054,19.01289,7727,301,3,257,9.838316644950366e+18,QSO,1.882368,8738,57402,739
28746,1.2376786614367027e+18,29.1025352305809,4.33423810209554,21.54517,20.83681,20.38701,20.27547,19.93624,7727,301,3,260,9.83834770615385e+18,QSO,0.7724152,8738,57402,852
27814,1.237678661436834e+18,29.4387180435382,4.2875804364227,20.68621,20.72334,20.45277,20.52238,20.40741,7727,301,3,262,9.838369146630593e+18,QSO,1.180028,8738,57402,930
28008,1.2376786614366374e+18,28.8852830381705,4.16180047936804,21.61709,21.63081,21.21635,20.90303,20.80687,7727,301,3,259,9.8383378105492e+18,QSO,1.547421,8738,57402,816
29308,1.2376786614361134e+18,27.7264116895954,4.1948103817674,22.08126,21.86698,21.81297,21.32235,21.14989,7727,301,3,251,9.838260844735257e+18,QSO,1.651316,8738,57402,536
28533,1.2376786614366372e+18,28.970614371043,4.29263440923614,19.50917,19.52843,19.40732,19.01052,18.8398,7727,301,3,259,9.83833726079339e+18,QSO,1.97974,8738,57402,814
28571,1.237678661436834e+18,29.4488317177816,4.15369952549244,22.02501,22.06157,21.76343,21.59973,21.09472,7727,301,3,262,9.838371620531755e+18,QSO,1.340793,8738,57402,939
28572,1.237678661437031e+18,29.8899303542701,4.30998786960978,21.86553,21.35176,21.30892,21.00298,20.85584,7727,301,3,265,9.838386189060823e+18,QSO,2.294497,8738,57402,992
21967,1.237666215148651e+18,19.100156388952,25.6671333421637,23.96191,22.81528,21.49019,20.42631,19.67572,4829,301,4,112,8.649293775775226e+18,STAR,-6.96498e-05,7682,57415,475
84225,1.2376662140748436e+18,19.9238212916967,25.4507658423516,22.59854,21.66867,21.27079,21.18898,20.69891,4829,301,2,111,8.649248695798486e+18,QSO,1.07323,7682,57415,311
74302,1.237666214075368e+18,20.1998299303443,26.6459271451698,23.78888,22.37281,22.08664,21.71475,22.38942,4829,301,2,119,8.649370466711264e+18,QSO,1.558869,7682,57415,754
84923,1.237666089520333e+18,20.0086305872133,27.2586098981008,24.2874,25.1722,21.60317,20.48019,19.71193,4800,301,2,104,8.649356447938009e+18,GALAXY,0.6149455,7682,57415,703
21853,1.237657629514138e+18,136.422482686902,40.9194176750018,23.83783,25.16296,21.29347,19.94656,19.29825,2830,301,4,190,9.341699678511847e+18,GALAXY,0.6935334,8297,57416,393
3861,1.2376576295140076e+18,136.236978116481,40.8431529267252,25.83685,23.47374,22.01843,20.63957,19.95281,2830,301,4,188,9.341710673628123e+18,GALAXY,0.8257151,8297,57416,433
24051,1.2376786222436193e+18,37.2505819460868,3.64267783307421,22.57117,21.63105,20.45031,19.92209,19.49035,7718,301,2,237,9.830337489302477e+18,GALAXY,0.6185401,8731,57416,383
23742,1.237657629514204e+18,136.650406916523,40.9834683351129,24.79271,23.42642,21.72473,20.58114,19.941,2830,301,4,191,9.34168758388394e+18,GALAXY,0.6647017,8297,57416,349
92628,1.237678661440111e+18,36.911321121382,3.9858932026328,22.98218,22.72682,21.8616,20.60266,19.94938,7727,301,3,312,9.830390815616426e+18,GALAXY,0.9459934,8731,57416,577
75871,1.2376786619769162e+18,36.7841425498357,4.42994572942907,22.96644,23.44468,21.57006,20.30614,19.49139,7727,301,4,311,9.830379270744332e+18,GALAXY,0.7088814,8731,57416,535
37754,1.2376582061076644e+18,138.83056092028,40.9033578622284,22.33952,22.42015,21.95856,21.87006,21.26517,2964,301,6,101,9.341607044657207e+18,GALAXY,1.125893,8297,57416,56
66568,1.237657630588666e+18,137.780776428779,42.6563416378784,21.53068,21.27637,21.02861,21.07002,21.04389,2830,301,6,202,9.34180825528509e+18,GALAXY,0.005952822,8297,57416,788
18520,1.237658206107796e+18,139.031994734391,41.1091984609168,22.37984,21.41378,21.00059,20.89526,20.95222,2964,301,6,103,9.341599073197906e+18,STAR,-0.0004013678,8297,57416,27
17926,1.237658206107599e+18,138.698087675467,40.8953569275005,22.11768,22.02123,22.17358,21.87611,22.07026,2964,301,6,100,9.341618864407204e+18,QSO,1.761281,8297,57416,99
89676,1.2376784397000384e+18,38.2401734979799,3.1754171156476,23.95163,24.21853,21.68818,20.45371,19.64248,7675,301,6,123,9.83027866543039e+18,GALAXY,0.8011525,8731,57416,169
49867,1.23767866144057e+18,37.9849901366936,3.82609515030505,21.98936,21.14788,20.64338,20.2466,19.97791,7727,301,3,319,9.830295432982714e+18,QSO,1.722965,8731,57416,230
92961,1.2376577750070067e+18,137.476135778118,41.1198466630573,22.3753,22.21112,21.91566,22.21365,22.41672,2864,301,3,203,9.341670816331618e+18,GALAXY,0.1963609,8297,57416,288
20760,1.2376582061075988e+18,138.588061774054,40.8544064179626,23.16639,21.51026,20.92758,20.68863,20.53837,2964,301,6,100,9.341617764895578e+18,QSO,1.281051,8297,57416,95
34499,1.237658206107599e+18,138.628481301694,40.7579166607762,23.16359,21.85716,21.02407,20.65294,20.49159,2964,301,6,100,9.341614191482788e+18,QSO,1.529298,8297,57416,82
18391,1.237658206107665e+18,138.89882508131,40.9049582891333,22.18567,21.37369,20.79054,20.4521,20.3027,2964,301,6,101,9.341607319535114e+18,QSO,1.297561,8297,57416,57
7593,1.237657629515122e+18,139.092607099968,42.2056901856112,24.82406,23.6745,21.86257,20.75524,19.9511,2830,301,4,205,9.34185690867462e+18,GALAXY,0.7143972,8297,57416,965
19182,1.2376576295148595e+18,138.368390351366,41.9220358571662,25.7296,25.73635,21.86358,20.85773,19.70404,2830,301,4,201,9.341836567709503e+18,QSO,1.531344,8297,57416,891
35596,1.2376582061075988e+18,138.678387176877,40.8723094970107,22.00338,21.45717,21.36227,21.72663,21.88013,2964,301,6,100,9.3416185895293e+18,GALAXY,0.008233578,8297,57416,98
32372,1.2376582061077304e+18,139.057093254819,40.9767216884557,22.03363,21.22618,20.85023,20.63576,20.78061,2964,301,6,102,9.341597698808371e+18,QSO,2.916517,8297,57416,22
50101,1.2376576289778573e+18,138.406316250332,41.3950219104214,23.0804,23.93056,21.76841,20.59497,19.76914,2830,301,3,199,9.341623262453717e+18,GALAXY,0.8765436,8297,57416,115
33762,1.2376582061079268e+18,139.374276493953,41.2988359540956,20.18146,19.7319,19.35421,19.30814,19.31569,2964,301,6,105,9.341593850517674e+18,QSO,1.201628,8297,57416,8
33638,1.237658206107534e+18,138.558489346424,40.7872854136461,24.44059,22.65152,21.17043,19.60251,18.83429,2964,301,6,99,9.341616940261855e+18,STAR,8.617199e-06,8297,57416,92
90347,1.2376577750064827e+18,136.144271377476,40.5899128706115,21.40918,21.48167,21.16505,21.11579,21.27519,2864,301,3,195,9.34170929923859e+18,QSO,1.227247,8297,57416,428
88212,1.2376582018138117e+18,138.340275728562,40.7150863499648,22.38705,22.28326,21.79954,21.58078,21.20441,2963,301,6,118,9.34162738562232e+18,QSO,1.028622,8297,57416,130
93008,1.2376577750069414e+18,137.161582156995,41.1723154841634,24.10277,23.0992,21.59729,20.22401,19.70886,2864,301,3,202,9.341691707052546e+18,STAR,0.0002084944,8297,57416,364
2056,1.237663788490883e+18,116.430247226816,49.767556525952,21.30576,21.05966,20.781,20.937,20.74332,4264,301,4,93,9.354095022864355e+18,QSO,1.237359,8308,57417,431
24151,1.2376639173389192e+18,117.79004128347,50.88589448952,21.28814,20.91302,21.20366,21.37259,21.81511,4294,301,4,78,9.354175012335278e+18,STAR,-0.0001399865,8308,57417,722
40181,1.2376637890283443e+18,116.642329849999,51.1615411844325,23.14985,22.82691,21.45208,20.27523,19.60413,4264,301,5,102,9.354137628939934e+18,STAR,4.543936e-05,8308,57417,586
68111,1.2376639168017208e+18,117.843623707697,50.0595514919043,21.63041,21.36807,21.21202,20.78792,20.58347,4294,301,3,73,9.35406341190506e+18,QSO,1.846339,8308,57417,316
67004,1.2376639178753316e+18,116.234081442574,50.1899130765428,22.59636,22.1979,21.42956,20.87515,20.67428,4294,301,5,71,9.35412470967831e+18,QSO,0.1017102,8308,57417,539
5015,1.237663788490949e+18,116.383845674175,49.9494954657824,24.13391,22.76196,21.21533,20.14036,19.42286,4264,301,4,94,9.354107117492265e+18,STAR,0.0002914753,8308,57417,475
82484,1.237663915727717e+18,118.376898062817,49.255615677803,24.36279,22.79369,21.4628,20.34412,19.62006,4294,301,1,69,9.354033450213202e+18,GALAXY,0.5935554,8308,57417,207
93672,1.2376639168019174e+18,118.150964511737,50.4496553539283,22.45106,21.55342,21.12009,20.93482,20.89185,4294,301,3,76,9.35419040549807e+18,STAR,-0.001186542,8308,57417,778
8747,1.237663788490949e+18,116.368927161616,49.9664415396069,24.73314,25.65722,23.19601,21.29358,19.95373,4264,301,4,94,9.354106567736447e+18,STAR,-6.4097e-05,8308,57417,473
69123,1.237663917875397e+18,116.399818816176,50.3419680427963,22.09967,21.81593,21.63538,21.50767,20.54382,4294,301,5,72,9.354135704794583e+18,QSO,1.151392,8308,57417,579
20805,1.2376637879538158e+18,116.585731562548,49.243532623035,20.17587,20.07816,19.74608,19.74674,19.86711,4264,301,3,90,9.354088150916686e+18,QSO,1.389658,8308,57417,406
68586,1.2376639168016553e+18,117.445104697566,49.9880886476716,20.80248,20.68213,20.38763,20.22643,19.91897,4294,301,3,72,9.35405956361436e+18,QSO,1.4144,8308,57417,302
99748,1.2376637890280164e+18,116.33672575174,50.4701120341516,24.63468,22.73405,20.84102,19.8035,20.36008,4264,301,5,97,9.354122235777145e+18,STAR,-0.0002157459,8308,57417,530
69124,1.2376639178755284e+18,116.574524991494,50.7119037475721,22.64569,22.03247,21.99493,21.50994,21.88094,4294,301,5,74,9.354132131381797e+18,QSO,1.662459,8308,57417,566
19574,1.237663787954799e+18,118.09614057027,51.2138829327033,21.95385,21.73122,21.42668,21.23578,21.27493,4264,301,3,105,9.354181334527136e+18,QSO,1.664487,8308,57417,745
21152,1.2376637879546028e+18,117.922495270416,50.7851197751087,22.62159,21.80939,21.83359,21.98366,21.1937,4264,301,3,102,9.35417941038179e+18,QSO,2.671272,8308,57417,738
61718,1.237663787954799e+18,118.229697617983,51.1914952713378,21.42872,21.46692,21.04312,20.93265,21.1807,4264,301,3,105,9.354194803544578e+18,QSO,1.441232,8308,57417,794
67764,1.2376639178757903e+18,117.272079905783,51.1569363102168,22.19805,20.89219,20.81646,20.7653,20.2688,4294,301,5,78,9.354149173812023e+18,QSO,2.598774,8308,57417,628
67754,1.2376639168014587e+18,117.355223284154,49.4895582565302,21.32813,21.50891,21.52635,20.95159,20.96901,4294,301,3,69,9.354068359707386e+18,QSO,1.953088,8308,57417,334
12241,1.2376637884911457e+18,116.814673772504,50.3489444150749,24.42591,24.30907,22.41838,20.4915,19.43196,4264,301,4,97,9.354144500887607e+18,STAR,-0.0001349627,8308,57417,611
68180,1.2376639168016553e+18,117.657572734647,50.010615919012,21.38898,21.40005,21.13005,21.09024,20.95811,4294,301,3,72,9.35406148775971e+18,QSO,1.065153,8308,57417,309
27508,1.237663918412399e+18,116.024445944035,50.7764042171708,21.0258,21.08492,20.7388,20.61953,20.43984,4294,301,6,74,9.354115088951564e+18,QSO,1.372346,8308,57417,504
66553,1.2376639168017866e+18,117.905493492379,50.1444056357615,22.48013,21.1216,20.87687,20.60324,20.19507,4294,301,3,74,9.354050217765526e+18,QSO,2.752501,8308,57417,268
68118,1.2376639178753316e+18,116.382370792682,50.2250157436847,20.57058,20.25233,20.06874,19.87235,19.69883,4294,301,5,71,9.354135429916678e+18,QSO,2.150544,8308,57417,578
27224,1.2376639184123336e+18,115.92488791788,50.6549123668129,20.50208,20.47247,20.37871,20.05375,19.91248,4294,301,6,73,9.3541164633411e+18,QSO,1.768766,8308,57417,509
64594,1.2376639178752655e+18,116.124176957585,50.1234237134203,20.41654,20.00438,19.79248,19.77907,19.47351,4294,301,5,70,9.35410739237017e+18,QSO,0.7528563,8308,57417,476
65962,1.2376639168013932e+18,117.220338699084,49.3885619407065,21.21779,20.85063,20.64058,20.38965,20.1937,4294,301,3,68,9.35407770555622e+18,QSO,2.096793,8308,57417,368
81512,1.2376639157281103e+18,119.080042138078,49.9226737922699,22.26019,22.96522,22.43983,20.82125,19.91417,4294,301,1,75,9.35401036046902e+18,GALAXY,0.8603206,8308,57417,123
41082,1.2376639162652431e+18,119.017438552855,50.5988301891777,23.70699,24.10836,22.06234,21.01889,19.87374,4294,301,2,79,9.35422256621318e+18,GALAXY,0.8163416,8308,57417,895
67735,1.2376639178760525e+18,117.482440433701,51.6437857215293,21.39844,21.13641,20.7183,20.83924,20.97773,4294,301,5,82,9.354159069416675e+18,QSO,1.048089,8308,57417,664
44133,1.237663789028016e+18,116.246691393159,50.4328031549208,21.3982,21.10804,20.92868,20.58751,20.44475,4264,301,5,97,9.354119761875982e+18,QSO,1.813351,8308,57417,521
66014,1.2376639168014587e+18,117.250974284085,49.5675667621183,20.2967,20.03017,19.67109,19.72625,19.77624,4294,301,3,69,9.354079354823662e+18,QSO,1.026389,8308,57417,374
22186,1.237663789028476e+18,116.900167759177,51.4376768253983,21.95072,22.77011,21.23358,20.19347,19.35232,4264,301,5,104,9.354174187701555e+18,GALAXY,0.7803084,8308,57417,719
67356,1.2376639168014587e+18,117.396692758695,49.5554366540343,20.76848,20.70604,20.42647,20.32994,20.32594,4294,301,3,69,9.354069459219014e+18,QSO,1.275968,8308,57417,338
26203,1.2376639184122022e+18,115.853958274277,50.3798710464915,20.33484,19.92444,19.56885,19.2844,19.14758,4294,301,6,71,9.35418930598644e+18,GALAXY,0.0,8308,57417,774
69660,1.2376639178755284e+18,116.704797408514,50.6871985018499,22.26398,22.06011,21.93876,21.48733,21.66459,4294,301,5,74,9.354146425032956e+18,QSO,1.805308,8308,57417,618
69659,1.237663917875463e+18,116.567452933436,50.5303430666353,22.25092,22.1051,21.77647,21.69963,21.34619,4294,301,5,73,9.354133780649236e+18,QSO,1.132826,8308,57417,572
30142,1.2376637890278208e+18,115.761109993375,50.1952591846015,25.72501,23.33445,21.88865,20.50816,19.61195,4264,301,5,94,9.35411811260854e+18,STAR,7.158209e-05,8308,57417,515
69568,1.2376639168021135e+18,118.224926019147,50.8834355234455,20.96428,19.74944,19.20229,18.96653,18.8622,4294,301,3,79,9.354187106963184e+18,STAR,-0.0003078927,8308,57417,766
71745,1.2376637868802703e+18,117.993414540776,49.1966048615311,21.36876,21.3907,21.16216,21.16042,21.10457,4264,301,1,93,9.354056265079478e+18,QSO,1.052504,8308,57417,290
71920,1.237663916801852e+18,117.776488174035,50.3706095358642,21.36626,21.02067,20.52634,20.14974,19.979,4294,301,3,75,9.354179960137603e+18,QSO,1.865156,8308,57417,740
26135,1.237663789028148e+18,116.508170097338,50.7292329722063,24.75368,23.1179,21.30935,20.26019,19.73167,4264,301,5,99,9.354132406259702e+18,STAR,9.59557e-05,8308,57417,567
50197,1.2376639173383296e+18,116.662350182954,49.7290217514752,22.2306,21.7228,21.47487,21.12132,20.75071,4294,301,4,69,9.35409227408529e+18,GALAXY,1.06955,8308,57417,421
49654,1.237678661439652e+18,35.8187147319389,3.93783910284792,20.66801,20.47901,20.48751,20.11399,19.8518,7727,301,3,305,9.831420783167295e+18,QSO,1.814127,8732,57418,228
84842,1.237661357534937e+18,154.59771753403,43.4311513783693,21.46722,19.61281,18.55256,18.09457,17.79565,3698,301,4,25,9.331522873813391e+18,GALAXY,0.1369604,8288,57419,234
45799,1.2376606370683292e+18,153.733095596613,44.3509845825243,21.785,21.74901,21.44871,21.32848,21.61518,3530,301,6,241,9.331635573755238e+18,QSO,1.045747,8288,57419,644
26528,1.2376576279058196e+18,143.352991890178,42.8823422935361,25.65482,23.87313,22.17626,20.8548,19.88019,2830,301,1,225,9.326967872017422e+18,GALAXY,0.6961811,8284,57419,47
68694,1.237663916800017e+18,115.076219300747,46.5910113959318,20.8697,20.62822,20.47868,20.12232,20.03864,4294,301,3,47,9.351923487433054e+18,QSO,1.724978,8306,57419,723
69248,1.2376637868788283e+18,115.669637960667,46.2980830317603,22.90491,22.00195,22.10983,22.12408,22.68477,4264,301,1,71,9.351947401810958e+18,QSO,1.277994,8306,57419,810
2713,1.2376637884894415e+18,114.19298569745,46.7404027567361,24.00837,23.18726,21.66471,20.57317,19.858,4264,301,4,71,9.351888303060963e+18,STAR,0.0001733962,8306,57419,595
54353,1.237661356998329e+18,155.465406419236,43.2758322412996,23.79746,24.00257,21.77355,20.51428,19.79667,3698,301,3,29,9.33147531993549e+18,GALAXY,0.7306744,8288,57419,61
27228,1.2376637890260503e+18,113.340053706586,46.467695473935,21.23042,20.89737,20.49582,20.51539,20.39653,4264,301,5,67,9.351863014293529e+18,QSO,1.175022,8306,57419,503
58863,1.2376637879520463e+18,114.059255554026,45.5663161652091,24.63465,22.04062,22.8941,21.08477,21.43419,4264,301,3,63,9.351840749183064e+18,STAR,-5.983034e-05,8306,57419,422
24968,1.2376639173370852e+18,114.716897752909,47.2651429460067,26.0517,23.80079,22.19524,20.85581,20.02324,4294,301,4,50,9.351906445002824e+18,STAR,0.000135207,8306,57419,661
30263,1.23765763058965e+18,140.41206388318,43.889796516552,24.10752,22.50874,21.26859,20.09937,19.15076,2830,301,6,217,9.32710311194764e+18,GALAXY,0.8530549,8284,57419,539
53839,1.237658203428291e+18,153.949787613342,44.4747123043705,22.27942,23.47421,21.43141,20.3879,19.75264,2964,301,1,177,9.331644094970352e+18,GALAXY,0.7347428,8288,57419,675
50508,1.237660637068198e+18,153.353648603992,44.2524934830495,21.84811,21.23147,20.83425,20.91889,20.80089,3530,301,6,239,9.33161468303431e+18,QSO,1.894381,8288,57419,568
2300,1.2376637884890483e+18,113.489006469677,45.9752749268904,21.98263,21.80075,21.72659,21.37443,21.60451,4264,301,4,65,9.351867687217945e+18,QSO,1.826769,8306,57419,520
6004,1.2376576300536307e+18,142.950487625761,44.6393776031347,25.26842,23.05722,21.23428,20.0286,19.26933,2830,301,5,230,9.327206466040648e+18,GALAXY,0.6740684,8284,57419,915
27599,1.2376637890260503e+18,113.310273586429,46.4138850950874,21.62166,21.07698,20.71422,20.3333,20.241,4264,301,5,67,9.351862739415622e+18,QSO,0.4897861,8306,57419,502
56124,1.2376613569978703e+18,154.306462105289,42.768552473933,24.34611,23.53488,21.43008,20.26837,19.51692,3698,301,3,22,9.331535793075016e+18,GALAXY,0.9070622,8288,57419,281
65609,1.237663916799755e+18,114.797547278527,46.1159617455188,22.36063,22.13914,21.80847,21.32696,21.57021,4294,301,3,43,9.35191661548538e+18,QSO,2.757343,8306,57419,698
55317,1.2376613569982636e+18,155.337833375673,43.2008991708735,22.5718,23.00387,21.76293,20.70581,19.92162,3698,301,3,28,9.331485765295954e+18,GALAXY,0.7281789,8288,57419,99
4586,1.237663788489048e+18,113.652119609746,45.9998834620791,22.0068,21.9048,21.27581,21.10298,21.19322,4264,301,4,65,9.35187263502027e+18,QSO,1.230356,8306,57419,538
64400,1.2376639178738895e+18,114.274077752264,47.3011718355788,21.48012,21.12038,21.01173,20.71637,20.72998,4294,301,5,49,9.351896274520269e+18,QSO,1.650888,8306,57419,624
66788,1.2376639168000824e+18,115.227951558102,46.7089431812831,21.96183,21.69413,21.07846,20.68958,20.64478,4294,301,3,48,9.351933383037704e+18,GALAXY,0.6298262,8306,57419,759
66551,1.2376639168001477e+18,115.268225698428,46.8282517505596,18.96095,17.85328,17.5407,17.42348,17.41672,4294,301,3,49,9.351933108159795e+18,STAR,-0.0001411828,8306,57419,758
1450,1.2376637884891791e+18,113.795596571284,46.3226959119651,22.62293,22.06701,22.03421,21.6739,21.45982,4264,301,4,67,9.351881431113294e+18,QSO,1.938476,8306,57419,570
1834,1.2376648176753055e+18,178.650551724358,36.4232576977994,25.97591,24.13355,21.75089,20.60015,19.85213,4504,301,1,137,9.989013509965631e+18,GALAXY,0.6544167,8872,57422,107
55332,1.2376650265128476e+18,177.00374357687,35.9025433946683,26.13058,24.28005,21.5493,20.39901,19.70619,4552,301,6,57,9.98909652309353e+18,GALAXY,0.7572309,8872,57422,409
50003,1.2376651296151967e+18,177.922306276462,35.7205416903614,22.43509,22.50306,21.21869,20.06633,19.35295,4576,301,6,410,9.989051443116794e+18,GALAXY,0.6721091,8872,57422,245
54871,1.237665026512847e+18,176.943330213483,35.8225646626827,22.14063,23.96648,21.8113,20.4453,19.56233,4552,301,6,57,9.989097622605158e+18,GALAXY,0.8114063,8872,57422,413
45534,1.237665129615066e+18,177.567283413755,35.6418263610753,22.18642,22.51925,21.49786,20.49653,19.60369,4576,301,6,408,9.98907398310516e+18,GALAXY,0.8442913,8872,57422,327
62128,1.2376643377165112e+18,177.880434693522,36.9693924553325,24.54074,24.27895,22.26193,20.61595,19.85115,4392,301,3,195,9.989036599709817e+18,GALAXY,0.7567329,8872,57422,191
82680,1.237664819285722e+18,177.916510712503,37.6000614916236,24.28831,23.47904,21.66834,20.60455,19.94958,4504,301,4,134,9.989183384512125e+18,GALAXY,0.5950763,8872,57422,725
1711,1.2376648176747156e+18,176.831884317328,36.3729040172588,24.62506,23.44229,21.75333,20.63537,19.8855,4504,301,1,128,9.989114115279575e+18,GALAXY,0.5978062,8872,57422,473
96341,1.2376648176751086e+18,177.980629282329,36.3597933927642,23.08535,25.63119,21.66324,20.48663,19.83557,4504,301,1,134,9.989053642140047e+18,GALAXY,0.6366695,8872,57422,253
94516,1.237664817675109e+18,178.061670285931,36.348544436297,26.77125,23.56807,21.24116,20.00274,18.93596,4504,301,1,134,9.989044296291211e+18,GALAXY,0.8222622,8872,57422,219
97625,1.237664820358218e+18,174.170895164759,38.1856218037393,21.59552,21.25309,20.63001,20.86799,20.37087,4504,301,6,115,9.956424260213035e+18,GALAXY,0.3019357,8843,57423,332
19325,1.2376582061220823e+18,184.710182989197,51.1796164680789,21.85273,21.20892,21.03169,21.12796,21.12445,2964,301,6,321,9.26187156103996e+18,QSO,2.625176,8226,57423,796
94384,1.2376582039747302e+18,185.203435851711,49.5495034952681,22.80788,22.91735,21.55075,20.49665,19.8,2964,301,2,323,9.261688767231842e+18,GALAXY,0.6568094,8226,57423,131
61398,1.237658302739972e+18,152.472769341527,55.1055082728855,24.23304,23.93832,21.20814,20.12857,22.26488,2987,301,2,33,9.217800935975444e+18,STAR,-5.067954e-05,8187,57423,212
34525,1.2376582061219515e+18,184.283462662319,51.1048228882887,21.91523,21.41519,21.22714,20.84173,20.47964,2964,301,6,319,9.261855068365543e+18,QSO,0.6888216,8226,57423,736
53351,1.2376575892482952e+18,179.793020890876,53.9510491316917,21.65588,20.80078,20.52988,20.2788,20.26989,2821,301,1,182,9.26413545548155e+18,STAR,-0.0008422392,8228,57423,840
34892,1.2376582061213617e+18,182.257843373436,51.1331692821723,20.60538,20.37329,20.141,20.26221,20.04608,2964,301,6,310,9.261791296691132e+18,QSO,0.9880558,8226,57423,504
1163,1.237658304350586e+18,151.643197665575,56.0671283065304,23.89352,22.69996,22.27694,21.18854,19.93534,2987,301,5,33,9.217840793271948e+18,GALAXY,1.134688,8187,57423,357
34298,1.237658206121755e+18,183.610311319046,51.1680924067559,20.83404,20.46232,20.44724,20.34028,19.99923,2964,301,6,316,9.261828130330665e+18,QSO,2.216309,8226,57423,638
80502,1.237661957758321e+18,203.198402260015,50.3144958931848,21.60045,21.43967,21.32029,21.22882,20.48675,3838,301,2,51,9.244861566402454e+18,QSO,2.158421,8211,57423,354
954,1.2376575897853627e+18,180.447125080515,54.3898261316444,20.69097,20.47799,20.40364,20.14629,20.38779,2821,301,2,185,9.264153047667595e+18,QSO,1.473606,8228,57423,904
84317,1.237658204511142e+18,183.565059300986,49.936069084665,21.37933,21.22781,20.94507,20.77331,20.36025,2964,301,3,316,9.2617742542609e+18,QSO,0.888406,8226,57423,442
31657,1.2376622246002033e+18,172.645992291726,39.1140299375219,20.00861,19.7011,19.57299,19.65953,19.63036,3900,301,3,311,9.95648061018396e+18,QSO,1.328587,8843,57423,537
65414,1.2376543814451855e+18,151.877940957211,57.2464971749786,21.07416,20.40683,21.20668,21.31547,22.54944,2074,301,2,191,9.217933427126588e+18,STAR,-0.0002587708,8187,57423,694
57613,1.23765438198186e+18,150.841523536983,57.4178850791225,21.56225,21.19632,21.14902,20.84972,20.77285,2074,301,3,188,9.217909237870776e+18,QSO,1.672391,8187,57423,606
70992,1.2376582061269325e+18,202.177543279087,49.8236484993101,23.61491,22.16313,21.63053,21.27863,21.22772,2964,301,6,395,9.244890978338494e+18,QSO,1.578029,8211,57423,461
57698,1.2376583032768433e+18,152.397221298715,55.4602123777349,18.05536,17.11258,16.81955,16.70636,16.69501,2987,301,3,33,9.217801485731256e+18,STAR,-9.979028e-05,8187,57423,214
29682,1.2376646695161697e+18,175.410942397027,40.3735262597439,23.29958,23.41302,21.68937,20.54988,19.83593,4469,301,5,400,9.956583964276974e+18,GALAXY,0.6451065,8843,57423,913
30173,1.237662224600793e+18,174.394203608105,39.1127602538689,20.57581,20.57103,20.31344,20.15412,19.88943,3900,301,3,320,9.956408867050248e+18,QSO,2.000694,8843,57423,276
54589,1.237658303276581e+18,151.541938984849,55.1138489253164,20.72739,20.4173,20.3131,20.10711,20.12082,2987,301,3,29,9.21783172230102e+18,QSO,1.62456,8187,57423,324
35884,1.2376582061225413e+18,186.395682900756,51.0680708926135,21.76123,21.6983,21.71307,21.39176,21.15791,2964,301,6,328,9.261923238086463e+18,QSO,2.131022,8226,57423,984
56222,1.2376575892484915e+18,180.534977271375,53.904266677011,20.42962,20.12276,20.11376,19.89267,19.86654,2821,301,1,185,9.2641571708362e+18,QSO,1.604187,8228,57423,919
98082,1.237664820358087e+18,173.903335626692,38.0906403006591,21.56022,21.54016,21.93524,21.55524,21.59134,4504,301,6,113,9.956432231672338e+18,QSO,2.072381,8843,57423,361
30793,1.2376622246005312e+18,173.608025567114,39.0557987278502,20.93814,21.18517,20.84103,20.92195,21.16034,3900,301,3,316,9.95644102776536e+18,QSO,1.326314,8843,57423,393
83023,1.2376582045112732e+18,184.152318825234,49.9511190086449,21.95228,21.87234,21.76304,21.26647,20.95718,2964,301,3,318,9.261743467935324e+18,QSO,1.94002,8226,57423,330
56221,1.237657589247705e+18,177.374239667007,53.8488377149009,21.18572,20.58001,20.36285,20.21631,19.78285,2821,301,1,173,9.264043371382725e+18,QSO,2.485766,8228,57423,505
30794,1.2376622246009244e+18,174.826866257387,39.3353743868041,20.93127,20.69269,20.70934,20.47757,20.13966,3900,301,3,322,9.95656774648046e+18,QSO,1.933502,8843,57423,854
39924,1.2376543809087084e+18,153.655153338623,57.4152529602191,23.08598,21.45961,21.07762,20.86552,20.7417,2074,301,1,197,9.217991151487048e+18,STAR,0.0003606239,8187,57423,904
1063,1.2376551083698427e+18,151.04693793214,55.291998530855,23.33829,23.74388,21.59665,20.42173,19.70862,2243,301,4,213,9.217854537167297e+18,GALAXY,0.6144928,8187,57423,407
30124,1.2376582061219515e+18,184.416044729011,51.226908590966,23.04612,22.29897,21.97082,21.63684,21.58331,2964,301,6,319,9.261859466412057e+18,GALAXY,0.0003404112,8226,57423,752
82128,1.2376619577584517e+18,203.654014813041,50.2442587168793,22.72542,22.35158,22.14952,21.44401,21.66706,3838,301,2,53,9.244838476658268e+18,STAR,0.0003552654,8211,57423,270
89822,1.2376623024315436e+18,203.671927893172,51.2182151792083,22.27633,22.18475,21.03353,20.91511,20.78095,3918,301,4,83,9.244958598303605e+18,GALAXY,0.4480004,8211,57423,707
1383,1.237657589785035e+18,179.095238823499,54.3165380278755,20.49321,20.40642,20.3271,20.38655,20.1798,2821,301,2,180,9.264109342080391e+18,QSO,0.9858093,8228,57423,745
36018,1.2376582061224755e+18,186.201474884172,51.0915200856768,20.32549,20.44507,20.2536,20.32602,20.18442,2964,301,6,327,9.261917190772513e+18,QSO,1.258992,8226,57423,962
35653,1.2376582061222792e+18,185.525009124676,51.0555050884269,20.58718,20.25898,20.01809,19.97874,19.85084,2964,301,6,324,9.261907295167865e+18,QSO,1.353286,8226,57423,926
57699,1.2376583032771054e+18,153.30603950583,55.7782222233235,20.59919,20.51189,20.22848,20.31221,20.35571,2987,301,3,37,9.217771249161492e+18,QSO,1.406367,8187,57423,104
587,1.2376551083704325e+18,153.167930119901,55.8788778810081,24.27135,24.2255,22.49268,21.07232,19.87512,2243,301,4,222,9.217782519155676e+18,STAR,-0.0002290259,8187,57423,145
47419,1.2376582061222136e+18,185.385839337781,51.0859233197493,21.95587,21.89405,21.64855,21.4662,21.354,2964,301,6,323,9.261903446877166e+18,QSO,0.8333541,8226,57423,912
57349,1.2376583032771712e+18,153.450708510704,55.6671631994781,21.7302,22.06674,21.46963,21.47963,20.86408,2987,301,3,38,9.21776877526033e+18,QSO,1.360969,8187,57423,95
53753,1.2376575892484915e+18,180.423156877709,54.0118428805586,20.33222,20.15136,20.09922,19.83105,20.13083,2821,301,1,185,9.26414480133039e+18,QSO,1.626117,8228,57423,874
7889,1.2376551083699735e+18,151.430643921257,55.4218653510612,24.63964,24.61584,21.97854,20.5295,19.61929,2243,301,4,215,9.217831447423112e+18,GALAXY,0.6768898,8187,57423,323
54458,1.237657589247771e+18,177.648028468756,53.931473005388,20.2322,19.32978,19.00899,18.92298,18.90119,2821,301,1,174,9.264059314301327e+18,STAR,-0.0002732455,8228,57423,563
53520,1.2376575892486886e+18,181.313609721214,54.0412079099482,20.78303,20.17103,19.87304,19.64442,19.38834,2821,301,1,188,9.264164867417594e+18,QSO,2.168534,8228,57423,947
57311,1.237658303277302e+18,153.982406994489,55.9067907802906,21.28246,21.08842,21.0598,20.81359,20.5644,2987,301,3,40,9.217749258928938e+18,QSO,2.021855,8187,57423,24
81911,1.2376582045113388e+18,184.477915500547,49.8269649138976,20.80583,20.62748,20.43839,20.43462,20.38315,2964,301,3,319,9.261731098429512e+18,QSO,0.9384789,8226,57423,285
26879,1.237662224601383e+18,176.187074177379,39.248417638966,17.99704,16.99298,16.71111,16.61102,16.56546,3900,301,3,329,9.956343171230489e+18,STAR,-0.0004980256,8843,57423,37
57310,1.2376583032765809e+18,151.420954987951,55.148825178117,19.08355,18.16671,17.86367,17.74656,17.70234,2987,301,3,29,9.217832272056834e+18,STAR,-0.0001932754,8187,57423,326
26774,1.2376582045113388e+18,184.441874289415,49.8888973365959,20.40272,20.11635,19.91913,19.81687,19.4336,2964,301,3,319,9.26173302257486e+18,QSO,2.088398,8226,57423,292
54457,1.2376575892476398e+18,177.315992874679,53.74999699261,21.34871,20.82314,20.67545,20.65404,20.41467,2821,301,1,172,9.264044196016443e+18,QSO,2.494718,8228,57423,508
26858,1.237658204511339e+18,184.356577668549,49.8108808948807,22.90119,22.03335,21.1313,20.40862,19.89091,2964,301,3,319,9.26173027379579e+18,QSO,1.463518,8226,57423,282
92401,1.2376619582955855e+18,204.75695145193,50.4883369899234,23.09645,22.45819,21.31493,20.27874,19.46895,3838,301,3,57,9.244795870582692e+18,GALAXY,0.7965761,8211,57423,115
31237,1.2376582061214277e+18,182.416331150335,51.1218292064168,25.03939,21.60725,21.15862,20.89169,20.63459,2964,301,6,311,9.26179074693532e+18,QSO,3.108307,8226,57423,502
98235,1.237662301358e+18,204.114220826619,50.4268672932867,24.97836,22.59295,21.99216,21.72307,21.11401,3918,301,2,86,9.24481841057106e+18,QSO,1.56715,8211,57423,197
78515,1.237661957758583e+18,204.024751429866,50.1266675491733,22.02054,21.81433,22.02716,21.82807,21.57841,3838,301,2,55,9.244815386914085e+18,QSO,1.792508,8211,57423,186
84814,1.237658204511011e+18,183.147572423244,49.8292724321061,20.97243,20.7152,20.7782,20.55747,21.06639,2964,301,3,314,9.26178167596439e+18,QSO,1.632546,8226,57423,469
84416,1.2376575897850355e+18,179.213109734723,54.3677714040969,24.35061,23.50819,21.97993,20.92201,19.80891,2821,301,2,180,9.264109891836203e+18,GALAXY,0.8598281,8228,57423,747
553,1.2376575897847076e+18,178.031478303522,54.1958938942457,20.51873,20.20638,20.21569,19.80753,19.63807,2821,301,2,175,9.26406811039435e+18,QSO,0.4654321,8228,57423,595
77708,1.2376543819820564e+18,151.595781988081,57.6156585696271,24.36867,23.59211,21.14798,20.02713,19.38453,2074,301,3,191,9.21791885859752e+18,GALAXY,0.6252598,8187,57423,641
86642,1.237658204511601e+18,185.335996595203,49.8714639325436,21.91643,21.81641,21.62259,21.57042,21.27596,2964,301,3,323,9.261681070650448e+18,QSO,0.8619591,8226,57423,103
7578,1.237657770176742e+18,163.747548035772,55.0219625353351,25.15749,22.83594,21.4039,20.29589,19.60391,2863,301,2,227,9.201064444855344e+18,GALAXY,0.7200603,8172,57423,765
20670,1.2376582061271944e+18,203.199729715957,49.7635034897098,20.6607,20.42872,20.25554,20.3162,20.53143,2964,301,6,399,9.244857718111754e+18,QSO,1.33028,8211,57423,340
64587,1.237662301895e+18,204.670788125492,50.6722081166817,23.72028,21.79262,20.50291,22.29764,19.44959,3918,301,3,88,9.245010550228015e+18,STAR,0.0002983915,8211,57423,896
40096,1.237654380908708e+18,153.774553391985,57.4601524364378,20.58047,20.47692,20.16945,20.25602,19.84869,2074,301,1,197,9.21799170124286e+18,QSO,0.988306,8187,57423,906
82764,1.2376582045117975e+18,186.060401477803,49.8882114266662,21.97503,21.50626,21.08697,20.64974,20.62057,2964,301,3,326,9.261653033103942e+18,QSO,1.499033,8226,57423,1
53519,1.2376575892478367e+18,177.949938258135,53.9335433193211,22.38008,21.23908,20.75032,20.60711,20.60029,2821,301,1,175,9.264068660150166e+18,STAR,-0.001020218,8228,57423,597
24702,1.23765762952777e+18,179.633870231165,52.4618314358654,24.33198,22.79774,21.66164,20.63643,19.94982,2830,301,4,398,9.26395376118506e+18,GALAXY,0.8902023,8228,57423,179
26587,1.2376582045112077e+18,183.904460914069,49.900461839435,22.01682,21.70988,21.30397,21.27053,20.76502,2964,301,3,317,9.261752264028346e+18,QSO,1.05109,8226,57423,362
26588,1.2376582045112732e+18,184.077588729596,49.8283517858768,21.05224,20.94198,20.55947,20.35099,20.17315,2964,301,3,318,9.261741268912069e+18,QSO,1.466285,8226,57423,322
27116,1.2376582045109455e+18,183.049299621909,49.9692320563614,21.66725,21.66437,21.51781,21.23191,21.0841,2964,301,3,313,9.261784974499273e+18,QSO,1.959745,8226,57423,481
24756,1.2376582061222792e+18,185.607559071517,51.0860540475594,21.20352,21.05416,20.64655,20.53692,20.39782,2964,301,6,324,9.261906195656235e+18,QSO,1.069358,8226,57423,922
8205,1.2376582061271951e+18,203.110397080246,49.7407532698042,22.85042,24.28941,22.01288,20.56704,19.83853,2964,301,6,399,9.244856893478031e+18,GALAXY,0.8324191,8211,57423,337
96879,1.237664820358349e+18,174.561347601787,38.1855453268927,22.96273,21.78243,21.46242,21.55153,21.59254,4504,301,6,117,9.95640226998048e+18,QSO,1.106261,8843,57423,252
23440,1.2376577701768727e+18,164.274320030578,55.0830735658593,23.60797,26.01605,21.96201,20.59736,19.78045,2863,301,2,229,9.201083686308828e+18,GALAXY,0.7508535,8172,57423,835
3320,1.2376582061217551e+18,183.566880494913,51.1723770156198,23.49414,24.86599,21.82814,20.69969,19.82922,2964,301,6,316,9.261826755941128e+18,GALAXY,0.6802413,8226,57423,633
54785,1.237658303276647e+18,151.664346542104,55.2424844268804,21.89893,21.57623,21.29873,21.05875,20.62827,2987,301,3,30,9.217821276940556e+18,QSO,1.485314,8187,57423,286
82492,1.2376582045112735e+18,184.231071829385,49.7971194956544,24.43112,22.77006,21.37831,20.22699,19.59457,2964,301,3,318,9.261742643301603e+18,STAR,-0.0001622385,8226,57423,327
79595,1.237661957758518e+18,203.783781047852,50.1165084035341,23.3144,21.10433,20.38255,20.23347,19.90279,3838,301,2,54,9.24482665690827e+18,STAR,0.0006087827,8211,57423,227
47085,1.2376576289908992e+18,179.740426909692,51.9837324927217,26.14775,23.12358,21.28235,20.13833,19.47069,2830,301,3,398,9.26394936313855e+18,GALAXY,0.6233808,8228,57423,163
55527,1.2376583032771057e+18,153.268727798015,55.7596454507795,20.43789,20.81296,20.40849,20.42461,20.92204,2987,301,3,37,9.217781144766142e+18,QSO,1.158579,8187,57423,140
25542,1.237655108370302e+18,152.584459897406,55.7355243313736,25.3229,23.9218,22.28455,20.74376,19.87428,2243,301,4,220,9.217802860120792e+18,GALAXY,0.7417524,8187,57423,219
95805,1.2376583032773676e+18,154.254924946176,55.8794907168631,21.59911,21.41829,21.78187,21.52316,22.8269,2987,301,3,41,9.217748709173124e+18,GALAXY,0.02428869,8187,57423,22
46400,1.2376622240644467e+18,175.912391879879,38.9909374949372,22.53868,21.81723,21.39503,20.94317,20.40063,3900,301,2,328,9.956352791957232e+18,QSO,1.632633,8843,57423,72
53470,1.237657589247902e+18,178.15216280644,53.9321176948843,21.32091,19.58909,18.77925,18.50191,18.34689,2821,301,1,176,9.264069759661791e+18,STAR,-0.0002541284,8228,57423,601
34670,1.2376582061220828e+18,184.892253942695,51.1550746774367,23.87556,22.27015,20.71422,19.38196,18.69592,2964,301,6,321,9.261883655667864e+18,STAR,-1.963315e-05,8226,57423,840
62113,1.237654381445121e+18,151.743272923419,57.3180033794945,23.35214,25.54029,22.43094,20.98026,19.83957,2074,301,2,190,9.217930403469612e+18,GALAXY,0.8739939,8187,57423,683
37913,1.2376582061273252e+18,203.426971237568,49.7251159259501,21.9428,22.13583,21.60334,21.35285,21.77782,2964,301,6,401,9.244846173239665e+18,QSO,1.349911,8211,57423,298
70887,1.2376619593688023e+18,203.263516420912,51.6623010235109,22.2373,20.96344,20.39026,20.12595,19.96723,3838,301,5,49,9.244946503675695e+18,STAR,-7.378679e-05,8211,57423,663
896,1.2376575897852972e+18,180.271581446841,54.3712871867805,21.35781,21.43006,21.4652,21.17571,20.97536,2821,301,2,184,9.264143426940852e+18,QSO,1.809339,8228,57423,869
745,1.2376575897849697e+18,178.959310688534,54.2564872697889,21.26512,20.91888,20.892,20.82502,20.6909,2821,301,2,179,9.264110716469924e+18,QSO,2.151091,8228,57423,750
31438,1.237662224600859e+18,174.618102867571,39.2063776528462,21.87414,20.08595,19.42214,19.20964,19.16494,3900,301,3,321,9.956398971445598e+18,STAR,-4.479799e-05,8843,57423,240
61751,1.2376582050484065e+18,184.969889490264,50.2128801181136,21.20585,20.46427,20.16908,19.57088,19.24302,2964,301,4,322,9.261711032342305e+18,QSO,0.5533321,8226,57423,212
95963,1.237655108370236e+18,152.445575191993,55.7421941491021,25.93116,22.49145,21.11191,19.94034,19.27575,2243,301,4,219,9.217804509388232e+18,GALAXY,0.6741998,8187,57423,225
34415,1.2376582061220823e+18,184.892323034896,51.1317747798883,20.76693,20.61432,20.40339,20.32471,20.13474,2964,301,6,321,9.26188228127833e+18,QSO,0.9451742,8226,57423,835
47949,1.2376623018951967e+18,205.208741916784,50.5649900085441,21.84098,20.64346,20.24754,20.09843,20.05821,3918,301,3,91,9.245022095100109e+18,STAR,-0.0004833954,8211,57423,938
32325,1.2376583043502574e+18,150.386515475256,55.8852403327314,20.14768,19.84346,19.62109,19.48382,19.21834,2987,301,5,28,9.217872404231248e+18,QSO,2.14203,8187,57423,472
45594,1.2376582061222794e+18,185.500092042592,51.1180708412869,23.94143,21.79274,21.02147,20.46827,20.19757,2964,301,6,324,9.26190564590042e+18,GALAXY,0.216625,8226,57423,920
78890,1.2376575913919127e+18,164.357015340944,54.0065752385693,25.11619,23.91705,21.93169,20.48886,19.36625,2821,301,5,123,9.200905015669316e+18,STAR,-6.036914e-07,8172,57423,185
69236,1.2376619593686715e+18,202.668047442617,51.6859122575764,20.37323,20.3542,20.34269,19.94492,20.03023,3838,301,5,47,9.244924788321049e+18,QSO,1.79402,8211,57423,584
28373,1.237662224601252e+18,175.755219094523,39.2433157842767,20.33273,19.76806,19.44831,19.16715,19.19518,3900,301,3,327,9.956359389027e+18,QSO,1.551925,8843,57423,96
52376,1.2376575892484915e+18,180.506866596472,54.00211909105,20.24159,20.17513,20.10384,19.87208,19.61699,2821,301,1,185,9.26415634620248e+18,QSO,1.940271,8228,57423,916
1631,1.2376575897848384e+18,178.517001077107,54.2667709291653,21.00839,20.9735,20.84116,20.70925,20.67419,2821,301,2,177,9.26408872623737e+18,QSO,1.410848,8228,57423,670
61950,1.237658205048276e+18,184.494819979921,50.2269260854148,24.52475,23.55441,21.34349,20.23177,19.4742,2964,301,4,320,9.261732197941142e+18,GALAXY,0.6597677,8226,57423,289
54750,1.2376575892484262e+18,180.150230151097,54.0404336495917,21.31304,21.1638,20.94982,20.7314,20.22812,2821,301,1,184,9.26414425157457e+18,QSO,1.139856,8228,57423,872
31521,1.2376622246008591e+18,174.646939293442,39.1487279321576,23.29807,22.19296,21.74269,21.40578,21.45465,3900,301,3,321,9.956397322178157e+18,STAR,-0.000303397,8843,57423,234
14511,1.2376551072964283e+18,152.869390015552,54.9149185543231,22.33835,21.78854,21.18235,20.74409,20.37319,2243,301,2,218,9.217786917202188e+18,GALAXY,0.3776844,8187,57423,161
56284,1.2376583032774984e+18,154.80988116731,56.0290562260962,18.54705,17.56427,17.21995,17.07467,17.00043,2987,301,3,43,9.217745960394052e+18,STAR,-0.000708294,8187,57423,12
56487,1.2376583032767124e+18,151.751569445206,55.3095036587389,22.05645,21.99079,21.5067,21.38326,20.9315,2987,301,3,31,9.217821551818464e+18,QSO,1.443127,8187,57423,287
27921,1.2376582045110766e+18,183.361018781187,49.7902993256709,22.06412,22.0188,21.77924,21.58378,21.18009,2964,301,3,315,9.261773154749274e+18,GALAXY,1.029295,8226,57423,438
28513,1.2376622246006625e+18,173.970251467387,39.1179596163513,21.33322,21.59377,21.22824,21.31303,21.1617,3900,301,3,318,9.956430032649085e+18,QSO,1.255266,8843,57423,353
57946,1.237658303277433e+18,154.54601774265,56.0743870856593,21.13171,21.07853,20.74541,20.72462,20.33599,2987,301,3,42,9.217746510149868e+18,QSO,1.227593,8187,57423,14
80200,1.2376619577587796e+18,204.783723111583,49.9723785939202,20.65865,20.68984,20.32812,20.40142,20.43604,3838,301,2,58,9.24479147253618e+18,QSO,1.283891,8211,57423,99
26075,1.2376553692801272e+18,150.061079468912,56.9838695875652,21.84387,19.91504,18.66752,18.13918,17.84882,2304,301,2,76,9.217886148126596e+18,GALAXY,0.2269911,8187,57423,522
20581,1.23765820612726e+18,203.246261322546,49.700051591984,22.10196,21.26411,20.90123,20.92631,20.54675,2964,301,6,400,9.244844249094314e+18,QSO,2.233007,8211,57423,291
90910,1.2376619588327836e+18,205.96611197286,50.7296781678908,22.1208,21.95609,21.73374,21.50793,21.50075,3838,301,4,62,9.245039137530335e+18,QSO,1.09948,8211,57423,1000
99260,1.237664820358218e+18,174.20766352312,38.2125618575916,21.36147,21.31659,21.02815,20.88679,20.72854,4504,301,6,115,9.95642398533513e+18,QSO,1.058674,8843,57423,331
70842,1.237661959369458e+18,205.46881489522,51.2028121769313,22.26867,21.0847,20.96561,20.77991,20.71645,3838,301,5,59,9.24502539363499e+18,QSO,2.26485,8211,57423,950
34696,1.2376582061219512e+18,184.359191552795,51.1537123550608,18.28051,17.32202,17.00331,16.87219,16.84853,2964,301,6,319,9.261861115679496e+18,STAR,-0.0002758657,8226,57423,758
699,1.2376575897849697e+18,178.818983214024,54.2404720973651,21.96587,22.20772,21.63653,21.68265,21.12664,2821,301,2,179,9.264100820865276e+18,QSO,1.139634,8228,57423,714
74039,1.2376575913915845e+18,163.241540568147,53.8475636441912,21.20366,21.53694,21.24814,21.35433,21.86189,2821,301,5,118,9.200958067105356e+18,QSO,1.138934,8172,57423,378
2163,1.2376575897852316e+18,179.879271798357,54.443451541387,21.98557,21.22939,21.11483,21.02823,20.50162,2821,301,2,183,9.264131607190854e+18,QSO,2.340104,8228,57423,826
54616,1.2376646695158423e+18,174.592352520002,40.305917615739,22.87177,22.40728,21.0696,20.03629,19.32046,4469,301,5,395,9.956547680393257e+18,GALAXY,0.7137243,8843,57423,781
30402,1.2376582061214277e+18,182.532777470669,51.0438850641615,24.38765,21.94236,20.90407,20.38747,20.16271,2964,301,6,311,9.261792945958574e+18,STAR,-0.0003307063,8226,57423,510
35457,1.2376582061224102e+18,185.970255743198,51.2318945706532,21.38383,21.32191,21.10849,20.9498,20.81882,2964,301,6,326,9.261915541505071e+18,QSO,1.419024,8226,57423,956
46868,1.2376622240635287e+18,173.38406149813,38.5911590926222,18.86411,18.01173,17.72832,17.64167,17.65944,3900,301,2,314,9.956454221904892e+18,STAR,0.0001298545,8843,57423,441
27743,1.2376582045114043e+18,184.602261816412,49.9345680017486,20.16702,19.90486,19.49594,19.43129,19.37815,2964,301,3,320,9.261725600871373e+18,QSO,1.098152,8226,57423,265
32207,1.2376622246007278e+18,174.168455272199,39.1737351898561,21.30995,21.01999,20.96945,20.89645,20.61496,3900,301,3,319,9.95642041192234e+18,QSO,2.182205,8843,57423,318
71,1.2376575897848384e+18,178.504615875553,54.3791571009035,21.77434,21.65529,21.77547,21.72382,21.66425,2821,301,2,177,9.264087901603647e+18,QSO,1.93908,8228,57423,667
18460,1.2376551083700396e+18,151.780738597583,55.5307438408515,22.5909,21.85914,21.04457,20.0263,19.3232,2243,301,4,216,9.21782375084172e+18,GALAXY,0.7413193,8187,57423,295
2536,1.2376582061217551e+18,183.720454406319,51.1788303110041,26.96952,22.1421,21.30768,20.11837,19.09335,2964,301,6,316,9.261836651545778e+18,GALAXY,0.9687427,8226,57423,669
27876,1.2376582045114043e+18,184.627857125565,49.8157853529649,21.24525,20.44837,20.32489,20.38181,20.18568,2964,301,3,320,9.261724776237652e+18,QSO,2.626045,8226,57423,262
27844,1.2376582045112077e+18,183.890902154589,49.9782849521651,20.46951,20.25159,19.97663,19.90306,19.65989,2964,301,3,317,9.26175281378416e+18,QSO,0.8912488,8226,57423,364
21219,1.2376582061273254e+18,203.436933947704,49.6721563833887,23.10157,22.46905,21.2044,20.20992,19.71365,2964,301,6,401,9.244845073728037e+18,GALAXY,0.6354491,8211,57423,294
36135,1.237658304350978e+18,152.936075490054,56.5613233169498,21.73005,21.60949,21.13859,20.75955,20.62376,2987,301,5,39,9.217973009545188e+18,QSO,1.460736,8187,57423,838
9470,1.237655108370629e+18,153.859046613346,56.1775532594275,25.20149,24.64755,22.02307,20.82478,19.79229,2243,301,4,225,9.217762727946376e+18,GALAXY,0.7597532,8187,57423,73
21639,1.2376582061221478e+18,185.150071153424,51.2046947850963,23.40557,21.36114,20.72762,20.41165,20.30777,2964,301,6,322,9.261894375906236e+18,STAR,-0.0004789224,8226,57423,879
32467,1.2376622246005317e+18,173.61234206359,39.1988358888124,22.57795,21.90226,21.63051,21.47545,21.97444,3900,301,3,316,9.956453397271171e+18,QSO,1.620061,8843,57423,438
8850,1.2376577701764145e+18,162.508433176691,54.7929525930417,24.30424,23.28118,21.42318,20.43358,19.69591,2863,301,2,222,9.201019364878604e+18,GALAXY,0.7258839,8172,57423,601
52279,1.2376575892479675e+18,178.491161262832,53.9705347203373,21.58683,20.77835,20.66006,20.3959,20.61589,2821,301,1,177,9.26409257452807e+18,STAR,-0.0004072269,8228,57423,684
19480,1.2376582061221484e+18,185.080761254817,51.2236188088809,23.44972,22.21567,21.2555,20.82408,20.7355,2964,301,6,322,9.261893001516702e+18,GALAXY,0.2615335,8226,57423,874
65690,1.2376543814455132e+18,153.16738777898,57.6637713589502,22.05976,21.7528,21.71511,21.6814,21.74317,2074,301,2,196,9.217974109056816e+18,QSO,1.741971,8187,57423,842
53042,1.237657589247902e+18,178.335921934334,53.936974839524,21.1452,19.73688,19.16164,18.91545,18.85081,2821,301,1,176,9.264081579411788e+18,STAR,-0.0005028079,8228,57423,644
52374,1.2376575892480333e+18,178.636696102765,53.9501614571009,22.63774,21.35762,20.61673,20.4689,20.3593,2821,301,1,178,9.264093674039695e+18,STAR,-0.0001406975,8228,57423,688
31082,1.2376622246019077e+18,177.629195770422,39.471265114473,22.07454,21.61638,21.3696,21.11752,20.66269,3900,301,3,337,9.955454490974116e+18,QSO,0.772438,8842,57424,900
96809,1.2376646743252667e+18,191.990341933898,38.155125037202,21.68295,21.22925,21.29622,20.93582,20.54432,4470,301,6,53,9.948463246288902e+18,QSO,2.05295,8836,57424,42
31175,1.237662224601711e+18,177.173783977501,39.4451139850413,22.27382,22.1854,21.65349,21.70539,21.4773,3900,301,3,334,9.95543250074156e+18,QSO,2.285382,8842,57424,820
68271,1.237664673787937e+18,190.542260254901,37.9763589362602,21.72928,21.53574,21.48312,20.97058,20.8316,4470,301,5,46,9.948534989422617e+18,QSO,1.96716,8836,57424,303
30174,1.2376622246017108e+18,177.006502704376,39.5048017809952,20.76101,20.63979,20.62039,20.56547,20.46397,3900,301,3,334,9.955420406113657e+18,QSO,1.687313,8842,57424,776
69668,1.2376622240645783e+18,176.325382794968,39.0237697109066,22.98993,22.25547,21.53207,20.45032,19.56615,3900,301,2,330,9.955300834224134e+18,GALAXY,0.7519534,8842,57424,341
96353,1.2376646743244805e+18,189.738032227845,38.2492550888129,22.19507,22.0332,21.75328,21.45197,21.39215,4470,301,6,41,9.948568799405169e+18,QSO,0.7548687,8836,57424,426
18693,1.237661416064025e+18,208.524274287401,53.9600740789521,24.8717,22.44477,21.60996,20.38696,19.61384,3712,301,1,180,9.23914273156526e+18,GALAXY,0.6996887,8206,57424,29
30175,1.2376622246020383e+18,178.065221214004,39.5835191360926,21.80035,21.90903,21.52863,21.41884,21.01163,3900,301,3,339,9.955464936334582e+18,QSO,1.110734,8842,57424,938
94922,1.237664674324611e+18,190.030063487483,38.2944310157349,21.46571,20.40054,20.06134,19.90043,19.79051,4470,301,6,43,9.948557529410986e+18,STAR,-0.0006811746,8836,57424,385
29295,1.2376622246021696e+18,178.381144008349,39.5367744895338,21.67562,21.78705,21.63155,21.58094,21.38847,3900,301,3,341,9.955457514631092e+18,GALAXY,0.0,8842,57424,911
46789,1.2376613865289157e+18,204.949694648364,55.290019830888,21.51387,19.63076,18.51774,18.04203,17.78574,3705,301,2,70,9.239296113437334e+18,GALAXY,0.1368869,8206,57424,587
88187,1.237661385992176e+18,205.317426459698,54.7665125647631,21.7739,21.53574,21.41607,20.81978,20.7224,3705,301,1,72,9.239298862216405e+18,QSO,1.824516,8206,57424,597
30073,1.2376622246003343e+18,173.090664686349,39.1672608466539,21.34994,20.54387,19.95661,19.89388,19.75166,3900,301,3,313,9.957480341148291e+18,STAR,-0.0001564471,8844,57424,78
27940,1.237662224600269e+18,172.83434185256,39.0009614005986,20.57255,20.26992,20.16999,20.12128,19.93012,3900,301,3,312,9.95748418943899e+18,QSO,2.171268,8844,57424,92
30930,1.2376622246003343e+18,173.010193612323,38.9881502045755,19.4272,19.50738,19.27151,19.2544,19.23412,3900,301,3,313,9.957475668223875e+18,QSO,1.295158,8844,57424,61
30610,1.2376622246016453e+18,176.891899332413,39.3065515095652,20.95543,20.84361,20.44865,20.5142,20.32167,3900,301,3,333,9.955283516916e+18,QSO,1.078225,8842,57424,278
7456,1.2376591316686605e+18,205.605813318724,52.6909599388423,21.09399,21.20552,20.80468,20.88074,20.86898,3180,301,2,33,9.239234265908271e+18,QSO,1.13458,8206,57424,362
51634,1.2376646737882e+18,191.46943845684,37.9419020137279,25.48362,24.92899,22.49919,20.64788,19.94802,4470,301,5,50,9.948485511399365e+18,GALAXY,0.7820588,8836,57424,123
23848,1.2376622251389747e+18,178.127333189985,39.8688201128428,21.04063,21.2048,21.02401,20.95827,20.99182,3900,301,4,340,9.95547290779388e+18,QSO,1.402944,8842,57424,967
44056,1.2376591322057275e+18,206.506366690823,52.8664479594155,21.89615,19.92736,18.83863,18.3804,18.03537,3180,301,3,36,9.239202654948973e+18,GALAXY,0.1397207,8206,57424,247
55508,1.2376614160639593e+18,208.272245928887,53.9586384182566,22.03993,21.56426,21.03746,20.79304,21.12589,3712,301,1,179,9.239144655710607e+18,GALAXY,0.2148221,8206,57424,36
30315,1.2376591322057285e+18,206.499904076239,52.9339708381792,22.12916,21.72193,21.2814,21.12862,20.60649,3180,301,3,36,9.2392037544606e+18,GALAXY,0.1283365,8206,57424,251
26692,1.237662224602104e+18,178.335942749801,39.4160148755445,21.0716,21.10352,20.79565,20.71255,20.38709,3900,301,3,340,9.955218095974144e+18,QSO,1.175664,8842,57424,40
24556,1.2376622251434314e+18,191.594370130527,39.9250365255779,21.13507,21.10319,21.30309,20.86942,21.4188,3900,301,4,408,9.94867380276562e+18,GALAXY,0.0,8836,57424,808
31150,1.2376622245996137e+18,171.052847494993,38.8637516087536,20.32645,20.14149,19.78601,19.7801,19.67937,3900,301,3,302,9.957556207450608e+18,QSO,1.041398,8844,57424,354
32049,1.237662224602104e+18,178.316681631148,39.5615520092109,20.70052,20.10063,19.71979,19.53402,19.6491,3900,301,3,340,9.955475381695046e+18,QSO,1.469952,8842,57424,976
35011,1.237664669514663e+18,171.076003550668,39.9457939306473,22.96078,22.81361,21.04497,20.04374,19.36071,4469,301,5,377,9.957644993014553e+18,GALAXY,0.537356,8844,57424,677
99725,1.2376591332796017e+18,207.587278292586,53.6785834325863,24.06902,25.99413,22.09408,20.92028,18.86812,3180,301,5,38,9.239164721797814e+18,QSO,1.174963,8206,57424,109
32048,1.237662224601842e+18,177.490045867908,39.4751712305478,21.85456,21.23789,20.98063,20.89273,20.72127,3900,301,3,336,9.955443495857838e+18,QSO,2.753251,8842,57424,860
35389,1.2376614160634355e+18,206.392413776724,54.4296966725499,22.81093,22.89005,21.31332,20.25955,19.59951,3712,301,1,171,9.239345041704767e+18,QSO,0.7397211,8206,57424,765
98158,1.2376648203573663e+18,171.844015220738,37.8644020014621,23.47289,21.3991,20.85309,20.67382,20.61607,4504,301,6,102,9.957514426008754e+18,QSO,3.04704,8844,57424,202
77605,1.2376646743246769e+18,190.204894252797,38.4211224062737,22.69119,20.6156,19.3358,18.85609,18.48791,4470,301,6,44,9.94854873331796e+18,GALAXY,0.2119499,8836,57424,353
99716,1.2376622235283622e+18,178.350697387237,38.7470869806336,21.37811,21.1801,21.21315,20.93582,20.6051,3900,301,1,340,9.955212873293912e+18,QSO,1.731199,8842,57424,21
98708,1.237659133279405e+18,206.82275144556,53.6799742933308,25.91186,24.17411,21.79486,20.7948,19.9522,3180,301,5,35,9.239185612518742e+18,GALAXY,0.8742938,8206,57424,185
31658,1.2376622246015795e+18,176.700113487933,39.4806707747661,22.25717,21.08223,20.70829,20.7056,20.55104,3900,301,3,332,9.95540996075319e+18,QSO,3.027524,8842,57424,738
99549,1.2376642958290452e+18,190.35662884007,40.5865528934447,24.63465,21.49318,24.80203,20.60685,22.79346,4382,301,5,19,9.948634770102835e+18,STAR,-6.681032e-05,8836,57424,666
31481,1.237662224600007e+18,172.123092923059,38.8819359254492,22.69432,22.1153,21.90893,22.093,21.07939,3900,301,3,308,9.95750068211341e+18,QSO,2.364254,8844,57424,152
32208,1.2376622246028905e+18,180.589130065917,39.5865500027852,21.71347,21.29083,21.29699,20.94043,20.7391,3900,301,3,352,9.954312648165448e+18,QSO,0.7772825,8841,57425,842
31382,1.237662224602301e+18,178.822936037429,39.5000133582906,21.14248,20.63913,20.13303,19.79959,19.81398,3900,301,3,343,9.954228260648016e+18,QSO,1.537278,8841,57425,535
31152,1.2376622246036111e+18,182.634836998391,39.6265165337177,21.08952,21.06453,20.85715,20.95956,20.61033,3900,301,3,363,9.953154312665584e+18,QSO,1.036468,8840,57425,724
87803,1.2376622240668063e+18,182.88309215406,39.2154086489354,23.26743,21.88382,20.26537,19.67838,19.34819,3900,301,2,364,9.953177952165585e+18,GALAXY,0.3378166,8840,57425,810
98800,1.2376648203604462e+18,180.773195540142,38.5714258313779,21.4837,21.43192,21.3847,21.0515,21.41065,4504,301,6,149,9.954109788270123e+18,QSO,1.548956,8841,57425,104
81682,1.237664668444328e+18,181.131918295648,39.8949033809632,26.16157,22.67199,21.18803,20.13397,19.25985,4469,301,3,429,9.954337112299166e+18,GALAXY,0.6658261,8841,57425,931
26881,1.2376622246038735e+18,183.514286071145,39.6612856071756,21.45922,21.10421,20.8395,20.69973,20.62817,3900,301,3,367,9.953198568008606e+18,QSO,1.537252,8840,57425,885
30932,1.2376622246036767e+18,182.886018923425,39.6012673708515,21.03332,21.10215,20.65265,20.59628,20.47412,3900,301,3,364,9.953176852653955e+18,QSO,1.24926,8840,57425,806
31763,1.237662224602694e+18,180.043199539451,39.5041232781065,21.22368,21.14046,20.83608,20.8847,20.86318,3900,301,3,349,9.954293956467775e+18,QSO,0.9682177,8841,57425,774
26792,1.2376622246030216e+18,181.029713913907,39.7205385046996,21.65475,21.53621,21.17703,21.28342,21.69186,3900,301,3,354,9.954334638398e+18,QSO,1.174265,8841,57425,922
31083,1.2376622246022351e+18,178.63048366877,39.4786532358721,21.6411,21.74158,21.40752,21.42974,21.87756,3900,301,3,342,9.95422331284569e+18,QSO,1.016568,8841,57425,517
98971,1.2376648203615603e+18,183.892742642546,38.6191530735823,22.83388,21.08657,20.37952,20.07715,19.78672,4504,301,6,166,9.95297399275863e+18,STAR,-0.0001794657,8840,57425,68
32470,1.2376622246031526e+18,181.373459014459,39.7148130378587,21.21742,20.70984,20.04588,19.62951,19.33188,3900,301,3,356,9.95310895781094e+18,QSO,1.302504,8840,57425,559
31762,1.2376622246026284e+18,179.845562848645,39.537770874577,21.08329,20.81587,20.68778,20.63256,20.15854,3900,301,3,348,9.954281586961963e+18,QSO,0.7329421,8841,57425,729
87848,1.2376622240667407e+18,182.816313839136,39.2251244983513,22.33068,21.09187,19.4476,18.89521,18.48053,3900,301,2,363,9.953165857537675e+18,GALAXY,0.3392867,8840,57425,766
88408,1.2376622235295416e+18,181.841998886404,38.8710704642339,17.9339,17.69714,17.34333,17.19212,16.8118,3900,301,1,358,9.954082575357336e+18,QSO,0.307254,8841,57425,5
32471,1.2376622246037425e+18,183.201459933501,39.773598606992,20.7274,20.4739,20.08903,20.12683,19.91813,3900,301,3,365,9.953196918741162e+18,QSO,1.12946,8840,57425,879
31484,1.2376622246031526e+18,181.395064614016,39.6733663096038,21.74442,21.72853,21.86581,21.50062,21.28274,3900,301,3,356,9.953099337084197e+18,QSO,1.704047,8840,57425,524
30267,1.2376622246034803e+18,182.337680812296,39.7596220398165,21.09838,21.27747,21.28917,21.09412,20.86489,3900,301,3,361,9.953153213153956e+18,QSO,1.951718,8840,57425,720
30176,1.237662224603939e+18,183.707680038861,39.7822843207201,21.56013,21.15892,20.75249,20.41654,20.58215,3900,301,3,368,9.95321588531674e+18,QSO,1.79625,8840,57425,948
31483,1.237662224602694e+18,180.069997134646,39.552747485692,21.5919,20.88841,20.66469,20.57936,20.50562,3900,301,3,349,9.954294781101496e+18,STAR,-4.21584e-05,8841,57425,777
97700,1.2376648203601843e+18,179.950004638681,38.5045201704577,23.82854,24.98827,22.40708,20.33075,18.63998,4504,301,6,145,9.954163389461975e+18,STAR,-4.349336e-06,8841,57425,299
87064,1.237662224066806e+18,182.848728778761,39.2008143967142,25.67422,22.12799,20.5239,19.97458,19.80124,3900,301,2,364,9.953179876310934e+18,GALAXY,0.3403679,8840,57425,817
46224,1.2376622240653642e+18,178.772367537199,39.0284964203836,22.02985,21.75088,21.47863,21.48483,21.31613,3900,301,2,342,9.95421259260732e+18,QSO,1.362081,8841,57425,478
31338,1.2376622246022351e+18,178.681683541546,39.6031093603657,21.90782,21.7519,21.62922,21.3549,21.11731,3900,301,3,342,9.95422056406662e+18,QSO,0.8993923,8841,57425,507
27943,1.237662224603087e+18,181.151337127632,39.5283133460475,21.73786,21.35933,21.07057,20.98015,20.64411,3900,301,3,355,9.954337936932889e+18,QSO,1.045286,8841,57425,934
30975,1.237662224603808e+18,183.227963250053,39.5912620835237,21.93132,21.81478,21.53052,21.55711,21.19811,3900,301,3,366,9.953188397526049e+18,QSO,1.393884,8840,57425,848
29196,1.2376622246036111e+18,182.727990379324,39.5972558409417,21.21387,21.04725,20.78689,20.84294,21.07978,3900,301,3,363,9.95316558265977e+18,QSO,1.078525,8840,57425,765
31764,1.2376622246032837e+18,181.827799584901,39.6759166530194,21.18547,21.11942,21.06064,20.86764,20.53023,3900,301,3,358,9.953121327316752e+18,QSO,2.087413,8840,57425,604
27287,1.237662225139368e+18,179.28396419551,40.0693226703097,21.59532,21.13588,20.84076,20.67496,20.68561,3900,301,4,346,9.954256298194524e+18,GALAXY,0.3996098,8841,57425,637
31843,1.237662224603087e+18,181.146372527675,39.6805501943794,21.36519,21.08329,20.83511,20.44282,20.27438,3900,301,3,355,9.954335188153815e+18,QSO,2.10604,8841,57425,924
27288,1.237662225139368e+18,179.431390013771,40.0073318141345,21.45858,21.29481,21.21135,20.96104,20.87379,3900,301,4,346,9.954268117944525e+18,QSO,1.556783,8841,57425,680
59496,1.2376622240661512e+18,181.082247112614,39.135025082644,23.10306,24.72366,22.7437,20.92086,19.958,3900,301,2,354,9.954113086805006e+18,STAR,1.985802e-06,8841,57425,116
32050,1.237662224602301e+18,178.798952070564,39.6254827824832,22.52414,21.58321,21.49409,21.80653,21.67779,3900,301,3,343,9.954227710892202e+18,QSO,2.703301,8841,57425,533
32742,1.2376622246023662e+18,178.972338405585,39.4631919549877,21.52265,21.62134,20.99324,21.07404,21.42312,3900,301,3,344,9.954240630153828e+18,QSO,1.345342,8841,57425,580
31844,1.2376622246033492e+18,181.928486258547,39.6529165510043,21.04516,21.06718,20.82814,20.52357,20.11805,3900,301,3,359,9.953121052438843e+18,QSO,1.539009,8840,57425,603
31439,1.237662224603546e+18,182.516185248006,39.5809928077308,21.05764,21.1217,20.90779,20.64313,20.6526,3900,301,3,362,9.953158160956285e+18,QSO,1.477675,8840,57425,738
46670,1.237662224065364e+18,178.715733422951,39.1427067116721,18.41186,17.46595,17.21331,17.12295,17.10444,3900,301,2,342,9.954217815287552e+18,STAR,-0.0004505254,8841,57425,497
31177,1.23766222460348e+18,182.393252927864,39.6256328362494,18.57349,17.70845,17.4385,17.31944,17.28642,3900,301,3,361,9.953143317549308e+18,STAR,-0.0003743141,8840,57425,684
99131,1.2376648203616911e+18,184.295639512425,38.588133865012,21.49652,21.38149,21.47349,21.08614,21.10519,4504,301,6,168,9.95295804984003e+18,QSO,1.781749,8840,57425,10
79155,1.2376619577574031e+18,199.827352263509,50.7689951409391,21.64838,21.63164,21.35252,21.42114,21.55724,3838,301,2,37,9.243725221185477e+18,QSO,1.092309,8210,57426,316
57118,1.2376650265152064e+18,183.576490108232,36.0671526088812,21.71101,21.43506,21.06866,21.28948,20.96374,4552,301,6,93,9.981172617737165e+18,QSO,1.016182,8865,57426,254
79443,1.2376619577576e+18,200.619766793762,50.8083065982255,21.33484,21.14217,20.98258,21.05602,21.14231,3838,301,2,40,9.243691411202922e+18,QSO,1.166638,8210,57426,193
25503,1.2376651296170977e+18,183.375327864021,36.0318489056051,22.4345,24.30179,22.30662,20.84746,19.6565,4576,301,6,439,9.981188835533674e+18,GALAXY,0.7370672,8865,57426,313
58321,1.237665026514748e+18,182.27963365171,36.2062822183318,23.70569,23.1804,21.4486,20.21507,19.5549,4552,301,6,86,9.98123501502204e+18,GALAXY,0.590537,8865,57426,481
59545,1.2376650265156e+18,184.675816439624,36.2349535889555,23.75266,23.57029,21.56001,20.50939,19.44023,4552,301,6,99,9.98112891214996e+18,GALAXY,0.9061592,8865,57426,95
57106,1.2376583032804475e+18,166.204260606524,58.5716310275897,21.74344,21.49153,21.07863,20.4762,20.20614,2987,301,3,88,9.214415539723852e+18,QSO,1.835504,8184,57426,184
25008,1.2376651296170977e+18,183.264319701103,36.0090584045348,25.87825,24.08622,22.19987,20.58887,19.76177,4576,301,6,439,9.98118828577786e+18,QSO,1.272941,8865,57426,311
685,1.237655108374168e+18,167.988896284918,58.9247990654915,22.92518,21.26039,20.68211,20.40689,21.3644,2243,301,4,279,9.214375957305252e+18,GALAXY,0.2967201,8184,57426,40
15712,1.2376551073001636e+18,167.100943233786,58.0872890603319,17.67062,16.67819,16.39387,16.29933,16.29237,2243,301,2,275,9.214378156328508e+18,STAR,0.0001590734,8184,57426,48
4714,1.2376648187504896e+18,182.568243587754,37.4475575849828,24.38503,24.66551,22.35443,20.72149,19.7092,4504,301,3,159,9.981259204277852e+18,GALAXY,0.8746834,8865,57426,569
20169,1.237658206126539e+18,200.806234229762,50.0625140051613,20.99912,20.96625,21.05976,20.65486,20.68552,2964,301,6,389,9.243673544138971e+18,QSO,1.871258,8210,57426,128
94399,1.2376619582942743e+18,200.008894130152,51.178785716507,23.00222,23.36413,21.58804,20.51401,19.7238,3838,301,3,37,9.243840395028486e+18,GALAXY,0.6090542,8210,57426,735
34383,1.2376650259786637e+18,184.569783647927,35.8329165032206,22.55202,21.44054,20.08019,19.57501,19.16913,4552,301,5,98,9.98112808751624e+18,GALAXY,0.2507398,8865,57426,92
68079,1.2376619593677545e+18,199.386450621828,52.2262639229587,23.50572,22.36779,21.44379,21.08964,20.9316,3838,301,5,33,9.243809058947097e+18,STAR,-0.002038885,8210,57426,621
14111,1.237655107300033e+18,166.748404650484,57.9876671697799,22.47102,21.21662,21.16007,21.20215,20.8247,2243,301,2,273,9.214394649002924e+18,QSO,2.784698,8184,57426,108
57302,1.2376650265150095e+18,182.969974034804,36.2255390499508,24.09513,22.02512,20.44669,19.87067,19.4902,4552,301,6,90,9.98120120503949e+18,GALAXY,0.3245089,8865,57426,358
98639,1.2376648203571694e+18,171.196659170626,37.7607527833221,21.87986,20.00756,19.20115,18.95786,18.75971,4504,301,6,99,9.991381033445251e+18,STAR,0.0002873038,8874,57426,528
34184,1.2376650259786637e+18,184.581876561776,35.7868069702706,23.10682,20.63067,19.22187,18.72934,18.36251,4552,301,5,98,9.981126988004612e+18,GALAXY,0.3333227,8865,57426,88
20159,1.2376582061262769e+18,199.854966855551,50.1704644677251,22.14312,21.44979,21.17209,21.16969,20.72283,2964,301,6,385,9.243730443865709e+18,STAR,-0.001091286,8210,57426,335
93496,1.2376619588311455e+18,200.075837043614,51.5612364567049,22.24755,23.16984,21.40333,20.04413,19.33384,3838,301,4,37,9.24384644234244e+18,GALAXY,0.735324,8210,57426,757
92809,1.237661958294471e+18,200.819463344119,51.1035799946633,23.92225,23.73471,21.82288,20.69717,19.91313,3838,301,3,40,9.243872830621503e+18,GALAXY,0.7622833,8210,57426,853
74679,1.237664817673273e+18,172.796448998116,35.9050645474438,25.2247,23.17625,21.15578,20.30043,19.8671,4504,301,1,106,9.991236172788294e+18,GALAXY,0.0,8874,57426,1
92253,1.2376583032803822e+18,166.117528013089,58.5175751367927,22.13424,22.00251,22.02349,21.88127,21.48597,2987,301,3,87,9.214425160450596e+18,QSO,2.000547,8184,57426,219
91534,1.2376619582943398e+18,200.310023222797,51.1771317330154,22.46209,21.90249,21.18502,20.60398,20.20604,3838,301,3,38,9.243851390144764e+18,QSO,0.4836656,8210,57426,775
33457,1.2376650259786632e+18,184.552338112025,35.7817827985286,23.70082,20.79103,19.38813,18.92098,18.59915,4552,301,5,98,9.981125613615075e+18,GALAXY,0.2480318,8865,57426,83
