,obj_ID,alpha,delta,u,g,r,i,z,run_ID,rerun_ID,cam_col,field_ID,spec_obj_ID,class,redshift,plate,MJD,fiber_ID
52630,1.2376650265149445e+18,182.907418072098,36.1696582755495,21.53807,20.92246,19.48995,19.0324,18.74691,4552,301,6,89,9.981212200155765e+18,GALAXY,0.3267486,8865,57426,398
79444,1.2376619577570104e+18,198.471350132533,51.0406428887545,23.11125,22.05269,20.71134,20.0981,19.7866,3838,301,2,31,9.243785419447095e+18,STAR,-0.0005841439,8210,57426,535
82626,1.237662301893886e+18,200.643272145773,51.416539254025,24.98538,24.30078,21.98885,20.63775,19.56633,3918,301,3,71,9.243859086726158e+18,STAR,-0.0004504533,8210,57426,803
80472,1.2376619577577964e+18,201.293153560161,50.5675888274275,22.2184,21.51639,21.31206,21.3387,21.43511,3838,301,2,43,9.243666947069204e+18,STAR,-0.0006519255,8210,57426,104
77085,1.2376648192880156e+18,184.446724378608,37.7967757137933,25.40906,23.8402,21.97389,20.78387,19.86445,4504,301,4,169,9.981355411545285e+18,GALAXY,0.6759121,8865,57426,919
78040,1.2376648192832973e+18,171.021987966027,37.0386769720049,24.20165,23.38762,21.69559,20.68655,19.91334,4504,301,4,97,9.991369763451066e+18,QSO,6.50143,8874,57426,487
58190,1.2376650265152724e+18,183.820544691453,36.1265560492961,25.26344,23.23229,22.27604,20.64483,19.84585,4552,301,6,94,9.981168219690654e+18,STAR,2.522448e-06,8865,57426,238
73786,1.2376648176766817e+18,182.460437097911,36.6297523567727,21.27913,18.98855,18.09158,17.67779,17.34555,4504,301,1,158,9.98124023770227e+18,GALAXY,0.1377487,8865,57426,500
79409,1.237661957757862e+18,201.497023301625,50.6466840506923,22.19398,20.71984,20.09379,19.86452,19.67758,3838,301,2,44,9.243659800243626e+18,STAR,-3.389801e-05,8210,57426,78
69158,1.2376582061259494e+18,198.707439910403,50.3396428670349,22.39458,22.16361,21.61201,21.20221,21.17125,2964,301,6,380,9.243766177993611e+18,QSO,1.461306,8210,57426,465
93154,1.2376619582943404e+18,200.371172402954,51.2359464826983,26.14873,22.65109,20.94034,20.22099,19.96383,3838,301,3,38,9.243850290633136e+18,GALAXY,0.4056322,8210,57426,771
80855,1.2376619577574031e+18,199.962441385604,50.7313157683514,22.28861,21.64195,21.24913,21.2225,21.1112,3838,301,2,37,9.243724946307568e+18,STAR,-0.0002007367,8210,57426,315
75273,1.237664817673274e+18,172.795864574092,35.8300933921256,23.88186,22.29918,20.40119,19.74042,19.21267,4504,301,1,106,9.99129114836968e+18,GALAXY,0.4026729,8874,57426,201
23772,1.237658206126408e+18,200.360733879037,50.0954944730437,24.64677,21.45617,21.01938,20.96238,21.02283,2964,301,6,387,9.24370872851106e+18,QSO,3.356509,8210,57426,256
90602,1.237661958294013e+18,199.11780285756,51.3853329071862,22.75037,22.91341,21.61563,20.52862,19.87533,3838,301,3,33,9.243805210656395e+18,QSO,6.2652,8210,57426,607
57031,1.2376650265154035e+18,184.148104354374,36.0715830423388,22.61033,24.04789,22.0575,20.60023,19.89235,4552,301,6,96,9.98115145213833e+18,GALAXY,0.7419326,8865,57426,177
91305,1.2376619582942095e+18,199.785116338472,51.2890647712576,26.63507,23.42352,21.8323,20.58193,19.87099,3838,301,3,36,9.24382665113314e+18,GALAXY,0.7622296,8210,57426,685
76562,1.237664819287819e+18,184.0198164642,37.8635730420663,24.19823,22.54741,21.45926,20.43238,19.68374,4504,301,4,166,9.981332871556911e+18,GALAXY,0.7241731,8865,57426,837
24378,1.2376583043541235e+18,165.617085173269,59.280659601322,24.63466,23.75071,21.82231,21.73886,22.38972,2987,301,5,87,9.2145639737936e+18,STAR,-0.0001123925,8184,57426,724
90363,1.2376623013571464e+18,201.057545424569,50.891913145697,21.346,21.32238,21.15966,20.82302,20.89338,3918,301,2,73,9.243682340231991e+18,QSO,1.51621,8210,57426,160
57026,1.2376650265154688e+18,184.376808037758,36.2170968103461,23.38679,22.51933,22.04875,21.8338,21.82889,4552,301,6,97,9.98114073189996e+18,QSO,3.190963,8865,57426,138
90872,1.237661958293947e+18,198.902387871752,51.3912164560859,23.45493,21.75119,20.13585,19.46562,19.21007,3838,301,3,32,9.243794490418026e+18,GALAXY,0.3708608,8210,57426,568
90504,1.2376623013567532e+18,199.657833796634,51.1406027312201,21.38226,20.9193,20.50419,20.20292,20.45425,3918,301,2,67,9.243818129918024e+18,GALAXY,0.1228409,8210,57426,654
94370,1.2376623008197512e+18,199.132295100775,50.7315827094141,20.37276,19.20848,18.75928,18.54902,18.52984,3918,301,1,65,9.243757107022682e+18,STAR,-1.286739e-05,8210,57426,432
55825,1.237658303279858e+18,163.964163377355,58.2571518754599,21.05987,20.89068,20.50054,20.52661,20.25676,2987,301,3,79,9.21449113114826e+18,QSO,1.105055,8184,57426,459
57488,1.237661958293947e+18,198.882150105365,51.4031535914496,22.77798,22.30716,20.53866,19.99752,19.64021,3838,301,3,32,9.243793940662213e+18,GALAXY,0.3699947,8210,57426,566
9417,1.237658206126605e+18,201.09271747347,50.0712938315561,23.90094,23.19997,21.68508,20.58021,19.93283,2964,301,6,390,9.2436628239006e+18,GALAXY,0.6395019,8210,57426,89
93054,1.2376583032799887e+18,164.435728502133,58.3079731190758,22.55986,22.29792,21.97465,21.63728,21.32639,2987,301,3,81,9.214479311398264e+18,QSO,0.8388064,8184,57426,416
35664,1.2376650259786632e+18,184.575724159645,35.8051495840009,24.54914,21.60189,20.165,19.57544,19.3399,4552,301,5,98,9.981126163370891e+18,GALAXY,0.2484719,8865,57426,85
41450,1.2376623024309535e+18,201.661679164315,51.6912460360614,19.93142,19.12096,18.74878,18.56272,18.61747,3918,301,4,74,9.24390114304592e+18,STAR,-0.0007742362,8210,57426,956
61014,1.237664337715463e+18,174.910297362193,36.7603430486663,23.27298,24.14624,21.56548,20.53853,19.81382,4392,301,3,179,9.990300488409831e+18,GALAXY,0.6714244,8873,57427,693
69752,1.2376619593701783e+18,207.868985397245,50.7212088843909,24.40435,21.18599,20.57147,20.48156,20.48021,3838,301,5,70,9.242560288632623e+18,QSO,3.361457,8209,57427,174
72456,1.2376582061226068e+18,186.649566621497,51.1871528123386,21.59397,21.13145,21.26197,21.29335,21.30195,2964,301,6,329,9.262944684455778e+18,STAR,-0.0001463065,8227,57427,604
35885,1.2376582061229343e+18,187.957463906432,51.0885787126904,22.03065,21.8391,21.58539,21.49965,21.43859,2964,301,6,334,9.262988939798796e+18,QSO,2.128543,8227,57427,765
82067,1.2376582045121912e+18,187.417249131273,49.9724344011307,24.81317,22.92167,21.72186,20.25002,19.31556,2964,301,3,332,9.262825387444165e+18,STAR,-5.112876e-06,8227,57427,170
35654,1.237658206122738e+18,187.112236844813,51.0686771900831,21.08318,20.24069,19.9562,19.88835,19.85553,2964,301,6,331,9.262957328839496e+18,STAR,-0.0003579197,8227,57427,650
82066,1.2376582045120596e+18,186.876019580413,49.9502630165032,21.69692,21.38811,21.65917,21.4851,21.14737,2964,301,3,330,9.262871841810438e+18,QSO,2.211852,8227,57427,339
83806,1.2376582045121905e+18,187.284654457355,49.9742413307718,21.38764,20.38927,20.59964,20.59938,20.14127,2964,301,3,332,9.26283748207207e+18,QSO,2.329206,8227,57427,214
88202,1.2376619588329147e+18,206.412193548449,50.6620546717024,21.63783,21.66593,21.11084,20.68581,21.35862,3838,301,4,64,9.242627083964013e+18,GALAXY,0.4435335,8209,57427,417
72487,1.2376623035060065e+18,206.538604800498,51.7578063055574,23.55521,22.12214,21.06003,20.95891,20.83636,3918,301,6,94,9.242693604417493e+18,GALAXY,0.4927527,8209,57427,659
88653,1.2376622251424484e+18,188.497199040602,39.9805444801847,22.37697,22.48665,21.97817,22.1443,21.98016,3900,301,4,393,9.94754515413004e+18,GALAXY,0.1174076,8835,57427,798
5427,1.2376591316693158e+18,207.886327048908,52.1565283702364,21.22519,20.91258,20.44555,20.19516,20.13326,3180,301,2,43,9.242733461714e+18,QSO,1.468697,8209,57427,804
37190,1.23765820451206e+18,186.975539437258,49.8539121094502,22.9832,21.06344,19.57939,19.05512,18.68492,2964,301,3,330,9.262858647670905e+18,GALAXY,0.2631721,8227,57427,291
25038,1.2376622251426447e+18,189.076948118496,40.0862363301809,22.06921,21.34152,21.26156,21.38925,21.0959,3900,301,4,396,9.947578689234688e+18,QSO,2.50185,8835,57427,920
20887,1.2376582061227377e+18,187.227042694972,51.0866888755502,21.97975,21.69649,21.33986,21.11047,21.759,2964,301,6,331,9.262966124932522e+18,QSO,1.556086,8227,57427,682
87643,1.2376582045119283e+18,186.378197684236,49.9227730501921,20.12267,20.04627,20.03121,19.84776,19.77316,2964,301,3,328,9.2628941069209e+18,QSO,1.889561,8227,57427,420
94084,1.2376623035060716e+18,206.718937771184,51.6337133204031,21.32721,20.53278,20.06926,19.8443,19.86314,3918,301,6,95,9.242611141045408e+18,GALAXY,0.1941617,8209,57427,359
39428,1.237658206123197e+18,188.982329846713,51.0674308399179,21.8273,21.30227,21.21873,20.84434,21.13044,2964,301,6,338,9.26302274978135e+18,QSO,0.5712618,8227,57427,888
4613,1.2376591316690537e+18,207.144608852869,52.4195755965196,21.49383,21.2052,21.42755,21.16493,21.04288,3180,301,2,39,9.242709272458189e+18,QSO,1.661671,8209,57427,716
36806,1.2376582061229348e+18,187.962423457244,51.1297687942914,24.3079,22.73602,21.3977,20.26969,19.81649,2964,301,6,334,9.2629930629674e+18,STAR,-0.0001030524,8227,57427,780
41396,1.237658205049062e+18,187.425145089531,50.2579791346986,26.51355,24.44902,22.24813,21.08048,19.87836,2964,301,4,332,9.262850401333697e+18,GALAXY,0.8939301,8227,57427,261
26357,1.2376651296139515e+18,174.486429024475,35.5504256849204,22.60076,23.49376,22.10333,20.79931,19.93981,4576,301,6,391,9.990223522595887e+18,GALAXY,0.8250697,8873,57427,413
76413,1.2376623035060065e+18,206.540973835284,51.6367468261197,23.62128,22.41583,21.58989,21.4504,21.45662,3918,301,6,94,9.242693329539586e+18,GALAXY,0.2601486,8209,57427,658
24217,1.2376582061234588e+18,189.718422532557,50.9995922970939,22.58177,21.85285,21.09869,20.60393,20.37821,2964,301,6,342,9.263045564647629e+18,STAR,-0.0004132901,8227,57427,971
18759,1.2376576284561902e+18,187.558746476311,51.7208034700976,22.74392,21.14956,20.89213,20.76216,20.87015,2830,301,2,431,9.262974646147635e+18,STAR,6.670883e-05,8227,57427,713
20954,1.2376582061228692e+18,187.661747112559,51.0687505456157,25.35955,22.4698,21.13653,21.11218,20.9461,2964,301,6,333,9.262979319072051e+18,GALAXY,0.3180744,8227,57427,730
88659,1.2376623024324613e+18,206.755645396873,50.7398896769741,23.32447,21.93334,21.69024,21.59862,21.69288,3918,301,4,97,9.242604543975643e+18,STAR,-0.0002891232,8209,57427,335
79727,1.2376646743236943e+18,187.448991781424,38.3841290888208,25.18686,24.28765,21.92314,20.81575,19.80774,4470,301,6,29,9.947422283705637e+18,GALAXY,0.6230652,8835,57427,351
3769,1.237659131669381e+18,208.278894189185,52.1326091748399,21.89009,21.29839,20.82046,20.3581,20.02704,3180,301,2,44,9.242747480487254e+18,QSO,1.731642,8209,57427,855
4564,1.2376591316695124e+18,208.742094281244,52.1355403238728,21.36783,21.29187,20.90474,20.84324,20.94485,3180,301,2,46,9.242768371208182e+18,QSO,1.387662,8209,57427,931
17215,1.2376582061232622e+18,189.193835265054,51.1083698789441,21.38845,19.37186,18.51937,18.19575,18.025,2964,301,6,339,9.263033744897628e+18,STAR,-0.0002646767,8227,57427,928
99550,1.2376576279198433e+18,189.556376079148,51.3150175765206,24.24102,22.33448,21.11695,20.96843,19.39845,2830,301,1,439,9.263044190258092e+18,STAR,-0.000107835,8227,57427,966
74185,1.2376576279197128e+18,188.956301985842,51.1886998612747,22.90864,23.26231,21.45545,20.33669,19.59088,2830,301,1,437,9.263021375391816e+18,GALAXY,0.6951208,8227,57427,883
33628,1.237658206123066e+18,188.487215812607,51.1594594065986,21.58241,21.27901,21.24621,20.91867,20.92781,2964,301,6,336,9.263013403932514e+18,GALAXY,0.9115545,8227,57427,854
61147,1.2376576279193193e+18,187.598591199721,51.3636616651582,21.53934,20.92558,19.6342,19.1411,18.69364,2830,301,1,431,9.262976570292986e+18,QSO,0.3430762,8227,57427,720
84494,1.2376582045121907e+18,187.28349024067,49.9053315325142,21.3315,21.24245,21.06077,21.13484,21.20442,2964,301,3,332,9.262836382560442e+18,QSO,1.314981,8227,57427,210
18027,1.2376582061233933e+18,189.515006664649,51.0139851081006,21.30378,20.83106,20.57669,20.57932,20.52972,2964,301,6,341,9.263045289769722e+18,QSO,1.05123,8227,57427,970
96810,1.237664674323759e+18,187.515784258687,38.4852199631212,21.04121,20.90649,20.73674,20.54554,20.46836,4470,301,6,30,9.94742393297308e+18,QSO,1.684849,8835,57427,357
96247,1.237664674323759e+18,187.552621793063,38.4424561844668,21.58567,21.95832,21.61701,21.41023,21.36744,4470,301,6,30,9.947423658095174e+18,QSO,2.083524,8835,57427,356
60659,1.237662224068183e+18,187.050575297051,39.1687983904124,25.63545,24.07492,23.14831,20.37007,18.93016,3900,301,2,385,9.94745719319982e+18,STAR,-0.0001734919,8835,57427,478
79586,1.23766466844636e+18,187.21850116503,39.8746260446564,23.87065,23.17364,22.16677,20.76941,19.94472,4469,301,3,460,9.947481107577725e+18,GALAXY,0.7224234,8835,57427,565
6264,1.237659131669381e+18,208.212756761977,52.2343217694811,20.73017,21.16666,20.64651,20.73408,20.55709,3180,301,2,44,9.242744731708185e+18,QSO,1.354414,8209,57427,845
19379,1.2376582061223444e+18,185.720171409281,51.1707401451061,17.77518,16.7915,16.49994,16.39262,16.36744,2964,301,6,325,9.262918296176712e+18,STAR,-0.0006080826,8227,57427,508
64434,1.2376582050486031e+18,185.785840692435,50.2400929401358,24.66228,21.87897,20.45858,19.93951,19.69102,2964,301,4,325,9.26291307349648e+18,GALAXY,0.2627863,8227,57427,489
35796,1.2376582061223447e+18,185.847511600462,51.1588444574193,21.63849,21.60535,21.29874,21.31839,20.95131,2964,301,6,325,9.262920770077874e+18,GALAXY,0.0,8227,57427,517
19779,1.2376582061223447e+18,185.868588922101,51.0747180633738,21.95274,22.04356,21.66848,21.75892,21.56034,2964,301,6,325,9.26291747154299e+18,QSO,1.244997,8227,57427,505
96511,1.2376646743235628e+18,187.097921891597,38.4480175711365,21.09768,21.42765,21.13864,20.98594,20.74084,4470,301,6,27,9.947443999060283e+18,QSO,1.367689,8835,57427,430
34768,1.237658206123328e+18,189.44020612834,51.0904486928648,24.49343,23.13184,21.66604,20.22956,19.59139,2964,301,6,340,9.263035943920886e+18,STAR,-0.0003113685,8227,57427,936
34299,1.2376582061226724e+18,186.895138808975,51.0625040580505,21.23299,21.04448,20.85683,20.91547,20.78144,2964,301,6,330,9.262956504205777e+18,QSO,2.2903,8227,57427,647
46635,1.2376582061234588e+18,189.716582602573,50.9627021124883,22.42267,21.75601,21.15331,21.13066,20.8907,2964,301,6,342,9.263046664159257e+18,STAR,-0.0007329474,8227,57427,975
18521,1.2376582061233275e+18,189.25296722622,51.0587409664824,20.9653,21.29581,20.98796,20.90875,20.6335,2964,301,6,340,9.26303456953135e+18,QSO,1.331918,8227,57427,931
89567,1.2376582039751232e+18,186.76363887121,49.4680738531344,21.97319,19.75013,18.777,18.35419,17.98711,2964,301,2,329,9.26287898863602e+18,GALAXY,0.1206695,8227,57427,365
70001,1.23766195937031e+18,208.513871362333,50.6910208653196,21.39962,21.16619,20.83006,20.67053,20.2625,3838,301,5,72,9.242526753527978e+18,QSO,0.9509653,8209,57427,52
78842,1.2376646684467535e+18,188.447826297322,39.9089211847777,24.01135,23.33725,21.54359,20.54122,19.84046,4469,301,3,466,9.94754707827539e+18,GALAXY,0.4475923,8835,57427,805
68794,1.23766195937031e+18,208.492028734148,50.6067061637665,21.18247,20.27927,19.89547,19.74561,19.74209,3838,301,5,72,9.24252565401635e+18,STAR,0.0001829718,8209,57427,48
75747,1.237657627918992e+18,186.480585143417,51.3607301646886,24.39587,23.45713,22.03604,20.86841,19.91162,2830,301,1,426,9.262942210554618e+18,GALAXY,0.9579304,8227,57427,595
56847,1.2376582045118636e+18,186.135821840112,49.7981230299972,25.88635,23.99525,21.92091,20.74397,19.90681,2964,301,3,327,9.262903727647646e+18,GALAXY,0.7326565,8227,57427,455
56040,1.2376646737869537e+18,187.841836577525,38.0897762588287,23.95698,23.43828,21.73131,20.63733,19.90612,4470,301,5,31,9.947409639321915e+18,GALAXY,0.5751182,8835,57427,305
9181,1.2376591316697093e+18,209.287068393604,51.9378514132692,23.76336,23.67681,21.59942,20.77202,20.56197,3180,301,2,49,9.24278733778376e+18,GALAXY,0.4460111,8209,57427,1000
44052,1.2376582061226724e+18,187.005604252076,51.2151724668811,22.11209,21.64796,21.31143,20.8218,20.67084,2964,301,6,330,9.262957603717405e+18,QSO,0.4870696,8227,57427,651
35192,1.2376582061228037e+18,187.329569127239,51.0541063627282,21.62693,20.4365,19.99403,19.88975,19.75128,2964,301,6,332,9.262970248101124e+18,STAR,-0.0007569055,8227,57427,697
5076,1.2376591316692503e+18,207.685209170829,52.3581801032531,25.1983,22.40554,21.42031,21.27624,21.31495,3180,301,2,42,9.242731812446558e+18,GALAXY,0.2920698,8209,57427,798
21640,1.2376582061233933e+18,189.627417297593,51.0031155526097,21.8322,20.72551,20.00462,19.74197,19.61323,2964,301,6,341,9.263045014891813e+18,STAR,-0.0004658178,8227,57427,969
99668,1.2376613865295055e+18,207.51180293927,54.9577203921388,23.53892,23.48958,22.02786,20.03247,18.9876,3705,301,2,79,9.235859040156017e+18,STAR,-0.00014069,8203,57428,371
5864,1.2376613537765133e+18,166.107514049694,56.5373719735355,18.35489,17.43409,17.05274,16.92303,16.86982,3697,301,5,20,9.20763677569426e+18,STAR,-0.0006324874,8178,57428,99
25715,1.237659326015865e+18,208.657848347494,58.1642701139861,21.39335,21.81972,21.26867,21.43251,21.4527,3225,301,4,32,9.231294417633305e+18,QSO,1.360153,8199,57428,149
10893,1.237664817676551e+18,182.014150347784,36.5574607574565,26.35615,23.55185,21.83785,20.66844,19.91965,4504,301,1,156,9.97997882302086e+18,GALAXY,0.6744919,8864,57428,7
37489,1.2376614182107223e+18,206.635489781468,56.0890984258939,23.79842,26.29019,21.88522,20.74223,19.79787,3712,301,5,168,9.235911266958332e+18,GALAXY,0.7835297,8203,57428,561
52431,1.2376593249419272e+18,207.213006565344,57.3949993130617,22.47371,21.34216,19.76122,19.14908,18.67326,3225,301,2,29,9.231354615894923e+18,GALAXY,0.3108914,8199,57428,368
6637,1.2376613537765788e+18,166.271010848671,56.5629704687735,20.64029,20.65802,20.35184,20.41282,20.17276,3697,301,5,21,9.207636500816352e+18,QSO,1.330432,8178,57428,98
82233,1.2376551067620475e+18,162.467067597487,56.7924295677182,22.06426,21.82575,22.03902,21.38199,21.37675,2243,301,1,256,9.207753049048895e+18,QSO,2.205745,8178,57428,522
32317,1.2376650259769587e+18,179.790546982545,35.53559041936,24.36056,24.17501,22.20072,20.87391,19.8911,4552,301,5,72,9.980076679555734e+18,GALAXY,0.6439162,8864,57428,363
6636,1.2376613537762511e+18,164.904162542696,56.2864335655961,21.56223,22.18056,21.44744,21.45063,21.43543,3697,301,5,16,9.207660690072164e+18,QSO,1.322994,8178,57428,186
60563,1.2376613876031818e+18,207.482806725897,55.7704502076121,22.11243,22.09274,21.84163,21.52242,21.37644,3705,301,4,78,9.235864537714151e+18,GALAXY,0.8801197,8203,57428,391
28730,1.2376593260157335e+18,208.217400686054,58.280973079824,20.3296,19.72952,19.76658,20.09644,20.01133,3225,301,4,30,9.231315583232135e+18,STAR,-0.0001687451,8199,57428,226
64275,1.2376622246112136e+18,204.893838606996,37.9972970840367,23.7804,20.9531,20.62721,21.07471,20.85783,3900,301,3,479,9.959761278087223e+18,QSO,3.057378,8846,57428,184
60362,1.23765932440558e+18,208.959506117027,56.6854177941906,21.01528,20.95172,20.87296,20.7369,21.02826,3225,301,1,37,9.235986308626928e+18,QSO,2.0557,8203,57428,834
57740,1.2376576112628209e+18,166.237104831565,55.5672486144061,23.13156,22.08821,21.85796,21.57725,20.8134,2826,301,2,225,9.207611212048916e+18,QSO,2.87745,8178,57428,6
33003,1.2376650259773527e+18,180.859547188671,35.7347055119684,22.93749,22.91131,21.99049,20.76768,19.77282,4552,301,5,78,9.980021703974345e+18,GALAXY,0.8253301,8864,57428,163
51934,1.2376593265520806e+18,206.22006504899,59.0271853396661,21.74109,21.37925,21.05829,21.02663,21.03187,3225,301,5,22,9.231419212203055e+18,STAR,-0.0007447146,8199,57428,603
43310,1.2376593260152753e+18,206.02586257296,58.5296387669402,21.93583,21.64173,21.48196,21.26198,22.09171,3225,301,4,23,9.231384852464687e+18,QSO,1.777946,8199,57428,478
1613,1.2376648176759608e+18,180.39680287188,36.3930782911755,22.53616,23.20178,21.52697,20.30453,19.50783,4504,301,1,147,9.980049741520853e+18,GALAXY,0.6966183,8864,57428,265
373,1.2376648176757642e+18,179.858931221283,36.5295745562237,25.58833,22.70446,21.73393,20.52768,19.88303,4504,301,1,144,9.98008492589294e+18,GALAXY,0.615721,8864,57428,393
38341,1.237661418210788e+18,206.802102002522,56.1257035407548,23.59158,22.91743,21.58328,20.44691,19.37588,3712,301,5,169,9.235912916225776e+18,GALAXY,0.8419516,8203,57428,567
55172,1.237665026513765e+18,179.550671596363,36.0494546831432,23.12795,23.59255,21.54733,20.48759,19.79834,4552,301,6,71,9.980090973206897e+18,GALAXY,0.6445263,8864,57428,415
83173,1.2376621945330732e+18,204.926756234814,40.5796812383848,20.02853,19.91743,19.99665,19.77999,19.98391,3893,301,3,275,9.959936650191854e+18,QSO,1.743798,8846,57428,822
62487,1.2376622246109514e+18,204.167888204995,38.0862517225797,22.64582,21.82778,21.59921,21.64962,21.51795,3900,301,3,475,9.95979398855815e+18,QSO,2.573658,8846,57428,303
78721,1.237659324942123e+18,207.948826826319,57.3538574172634,19.96968,19.12696,18.87816,18.76726,18.72958,3225,301,2,32,9.231332075906554e+18,STAR,-0.0007652913,8199,57428,286
25866,1.2376593260156027e+18,207.391898749192,58.3373240156721,20.25533,20.02507,19.81424,19.8192,20.12407,3225,301,4,28,9.231350217848412e+18,QSO,0.9999731,8199,57428,352
95921,1.2376648176753713e+18,178.794504962938,36.4840214255098,23.48527,23.86552,21.49329,20.46324,19.81022,4504,301,1,138,9.980111314172008e+18,GALAXY,0.6319285,8864,57428,489
60367,1.2376613886773169e+18,209.638523299927,56.2412005523931,21.42759,21.65609,20.73335,20.46379,20.12844,3705,301,6,84,9.236018469342042e+18,GALAXY,0.326387,8203,57428,951
55470,1.2376593265528013e+18,209.061476854082,58.5600102363932,22.04288,21.24611,22.25326,21.53016,20.62988,3225,301,5,33,9.23128562154028e+18,STAR,-0.0009158813,8199,57428,117
79486,1.237662305112097e+18,204.201329594497,39.7098582793369,22.11395,21.7728,21.44338,21.09295,21.16099,3919,301,1,25,9.959899816552323e+18,QSO,1.43305,8846,57428,688
4623,1.237661353776317e+18,165.214662321937,56.4832403618026,22.00481,22.17173,21.60926,21.58557,21.12253,3697,301,5,17,9.207651893979142e+18,STAR,0.0003116119,8178,57428,154
25155,1.2376593260157343e+18,207.886043997503,58.2270022397166,22.38596,22.02844,21.89143,22.02288,21.7125,3225,301,4,30,9.231325753714694e+18,QSO,1.545772,8199,57428,263
58154,1.237661387066049e+18,206.347579753647,55.578555820114,24.62929,23.65946,21.30165,20.15048,19.49973,3705,301,3,74,9.235891475749034e+18,GALAXY,0.6144309,8203,57428,489
23613,1.2376593270893455e+18,208.101106969424,59.0756903276423,21.69628,22.761,22.01596,20.55767,18.30277,3225,301,6,28,9.231449998528633e+18,QSO,0.9452083,8199,57428,715
71730,1.2376593244055803e+18,209.05984202262,56.7420944716294,21.89278,22.04007,21.08499,20.00524,19.31335,3225,301,1,37,9.235987683016464e+18,GALAXY,0.8764044,8203,57428,839
37378,1.237661418210853e+18,207.022149170947,56.0194550093493,25.29868,24.85447,21.39022,20.27532,19.56187,3712,301,5,170,9.23592446109787e+18,GALAXY,0.6287235,8203,57428,609
45566,1.237664295833502e+18,203.651935231414,39.2273708984385,21.27602,21.4808,21.15281,21.29904,21.10271,4382,301,5,87,9.959836594633724e+18,QSO,1.278881,8846,57428,458
80303,1.2376593249422543e+18,208.486288815807,57.2045191884135,20.70509,20.36055,19.9611,19.67957,19.59182,3225,301,2,34,9.23596101985949e+18,QSO,1.518654,8203,57428,742
57449,1.2376623051117038e+18,202.990751106769,39.8034302648698,21.42412,20.62364,19.89986,19.65401,19.36435,3919,301,1,19,9.959850338529071e+18,QSO,0.8251913,8846,57428,508
39936,1.237664295833305e+18,203.118396110985,39.3278529213917,22.71173,21.28271,20.74206,20.63614,20.53833,4382,301,5,84,9.959859134622095e+18,STAR,-0.0001747432,8846,57428,540
8734,1.237659326016e+18,209.078540330473,57.9197703474599,22.23164,21.74755,21.15517,21.18524,21.01984,3225,301,4,34,9.231281223493767e+18,QSO,1.154489,8199,57428,101
14101,1.2376593249425823e+18,209.886710957122,56.8540549719968,25.79593,23.19929,21.65956,20.57022,19.84425,3225,301,2,39,9.236024516655997e+18,STAR,8.692695e-05,8203,57428,973
37055,1.237661418210854e+18,207.011851211237,55.9549774030767,24.62186,23.7497,21.69381,20.54072,19.85669,3712,301,5,170,9.235914565493215e+18,GALAXY,0.773382,8203,57428,573
28999,1.237659326015865e+18,208.671460890038,58.2064090782679,24.16671,22.03371,20.46242,19.45581,19.09414,3225,301,4,32,9.231294967389116e+18,STAR,4.768696e-05,8199,57428,151
56414,1.237655106761917e+18,162.031575154937,56.6721977484682,20.91883,20.94659,20.82529,20.9365,20.91028,2243,301,1,254,9.207756897339596e+18,QSO,1.197162,8178,57428,536
57408,1.2376650265139615e+18,180.054545612781,36.0949691208467,25.38462,25.1391,22.06933,20.88424,19.89818,4552,301,6,74,9.980070082485969e+18,GALAXY,0.7683218,8864,57428,339
6547,1.237661388677317e+18,209.47760518772,56.255236785908,24.26878,23.60616,21.81656,20.56575,19.80143,3705,301,6,84,9.23601407129553e+18,GALAXY,0.6913914,8203,57428,935
27121,1.2376576123363663e+18,165.090506765583,56.2045887987735,25.53552,22.9666,21.98507,20.68647,19.76613,2826,301,4,222,9.207661514705884e+18,STAR,6.023069e-05,8178,57428,189
19801,1.2376593254793226e+18,209.513193681202,57.4307820180073,25.99547,23.90529,22.77628,20.77697,19.86346,3225,301,3,37,9.231264730819353e+18,QSO,1.027866,8199,57428,41
6855,1.2376648176761577e+18,181.062918169561,36.4774644435001,23.96356,22.82663,21.00838,19.95565,19.2792,4504,301,1,150,9.98002665177667e+18,GALAXY,0.6827678,8864,57428,181
31520,1.2376613865298993e+18,208.815377358533,54.4902555152829,26.48695,24.73743,21.4302,20.3272,19.53321,3705,301,2,85,9.235812310911834e+18,GALAXY,0.8051093,8203,57428,201
41757,1.2376642958335675e+18,203.733506136278,39.1338114459244,24.491,23.66385,22.08885,20.85685,19.99372,4382,301,5,88,9.959835220244191e+18,STAR,-3.606551e-05,8846,57428,453
45855,1.237664295833502e+18,203.49988725628,39.159340708093,22.17228,21.10262,20.94474,20.97504,20.89071,4382,301,5,87,9.959835495122098e+18,QSO,2.805411,8846,57428,454
46294,1.2376642958338952e+18,204.816116538127,39.0434770368746,20.2607,19.64305,19.48176,19.13666,19.08721,4382,301,5,93,9.95976979930234e+18,QSO,2.297188,8846,57428,215
40403,1.23766429583383e+18,204.62395118693,39.1596969393928,21.91459,21.07248,20.90278,20.61203,20.22205,4382,301,5,92,9.95979151465699e+18,QSO,2.266307,8846,57428,294
8495,1.2376648176759608e+18,180.350799231352,36.4068080877949,23.6297,24.75442,22.0176,20.91114,19.91572,4504,301,1,147,9.98005084103248e+18,GALAXY,0.8405251,8864,57428,269
53974,1.2376593260154716e+18,206.957747728859,58.3526165078297,17.03601,16.64157,16.70555,16.75216,16.84678,3225,301,4,26,9.231360663208876e+18,QSO,0.6456663,8199,57428,390
26826,1.237659326016e+18,209.129216318431,57.9700467990642,21.16633,21.31419,21.07629,20.90205,21.20771,3225,301,4,34,9.231282597883306e+18,QSO,1.386323,8199,57428,106
2023,1.2376648176762227e+18,181.152438890634,36.5604672123155,24.56705,23.19598,21.52843,20.53009,19.72294,4504,301,1,151,9.980016756172022e+18,GALAXY,0.6192099,8864,57428,145
25614,1.23766141874779e+18,207.703729699725,56.3733252304761,25.75822,22.76418,21.27275,20.13282,19.13088,3712,301,6,171,9.235933257190887e+18,GALAXY,0.868734,8203,57428,641
91259,1.2376613870669668e+18,209.856301151658,54.7878646381644,25.06124,23.95352,21.36632,20.37878,19.74027,3705,301,3,88,9.235768880202537e+18,GALAXY,0.5681641,8203,57428,43
26687,1.237661418748249e+18,209.47774502152,56.0096126101426,23.32766,23.36845,21.89442,20.8399,19.89658,3712,301,6,178,9.236014621051345e+18,GALAXY,0.664337,8203,57428,937
15077,1.237659326015079e+18,205.34750535048,58.6547984147581,22.50859,21.59106,21.15108,20.6761,20.61983,3225,301,4,20,9.23140162001701e+18,QSO,1.964536,8199,57428,539
52230,1.2376593244050555e+18,206.969435603256,57.0837938881531,21.23058,21.31549,21.63951,22.03651,23.11275,3225,301,1,29,9.235916764516473e+18,STAR,3.091835e-05,8203,57428,581
96554,1.2376623051128187e+18,206.374561297458,39.3641849746701,24.81082,22.92814,21.10887,20.09921,19.45089,3919,301,1,36,9.96092263726084e+18,GALAXY,0.5596868,8847,57429,313
87039,1.2376619668875515e+18,167.703775914681,40.8367403055907,22.4282,22.03365,22.22623,22.07641,21.56501,3840,301,3,88,9.420514321476377e+18,QSO,2.260428,8367,57429,399
33018,1.237661968498426e+18,167.997588989229,42.2884872045326,23.07012,21.26047,21.09739,20.99142,20.88718,3840,301,6,92,9.42059128729032e+18,QSO,3.283191,8367,57429,679
5777,1.2376621950578204e+18,167.794800887122,41.5669623580388,22.11568,22.89731,21.15616,20.07001,19.28451,3893,301,4,90,9.42053026439498e+18,GALAXY,0.6536629,8367,57429,457
71903,1.237662195595281e+18,169.497209146169,42.2914312185096,23.199,21.69856,21.33937,21.24679,20.91846,3893,301,5,99,9.42065698311008e+18,STAR,-0.0001180187,8367,57429,918
11995,1.237658302742e+18,160.154255336507,56.9793914691051,25.2859,23.71822,21.7745,20.58772,19.88291,2987,301,2,64,9.208941346257392e+18,GALAXY,0.6733144,8179,57429,749
32955,1.2376619684990157e+18,169.820032973632,42.4419781651746,18.84466,17.97656,17.63374,17.49477,17.47226,3840,301,6,101,9.420665779203105e+18,STAR,0.0002298519,8367,57429,950
11349,1.2376621945216044e+18,170.016942849002,41.4757300614127,21.11094,20.78231,20.2137,20.11721,19.97663,3893,301,3,100,9.420413441284528e+18,QSO,1.024616,8367,57429,32
68566,1.2376619593676884e+18,199.161790593075,52.0996046696889,21.93336,20.81848,20.20214,20.03352,19.84184,3838,301,5,32,9.2585455384666e+18,STAR,-9.108058e-05,8223,57429,984
78429,1.2376619577568136e+18,197.814781023998,51.0950864235927,22.13173,21.74522,21.47073,21.06832,21.51167,3838,301,2,28,9.258315740536398e+18,GALAXY,0.9498602,8223,57429,148
47192,1.237662195595084e+18,169.01987720444,42.0357324175095,21.8309,21.91875,21.76439,21.36003,21.52348,3893,301,5,96,9.420627571174038e+18,QSO,1.742614,8367,57429,811
12646,1.237658302741808e+18,159.424738822589,56.7216091330137,22.19468,23.18694,21.72862,20.68381,19.87966,2987,301,2,61,9.208910010176e+18,GALAXY,0.6160734,8179,57429,635
22578,1.2376582061250967e+18,195.740462012119,50.609557908197,19.19889,18.29918,17.97405,17.86427,17.8282,2964,301,6,367,9.258398478786386e+18,STAR,-0.0004508967,8223,57429,449
32377,1.2376619684984916e+18,168.382172602059,42.1920831298021,21.72282,21.26277,21.12787,20.77261,20.86569,3840,301,6,93,9.420592661679856e+18,QSO,1.643467,8367,57429,684
54358,1.2376575892486228e+18,180.97240293485,53.9648570330556,20.88227,21.05757,20.52429,20.61162,20.40757,2821,301,1,187,9.25392154231599e+18,QSO,1.287501,8219,57429,546
11850,1.2376621945209492e+18,167.955846050246,41.2071696941871,22.33618,22.36278,21.58794,21.60406,21.33177,3893,301,3,90,9.42051679537754e+18,GALAXY,0.3401859,8367,57429,408
56281,1.237655106761458e+18,160.051882901159,56.3059269872846,20.51282,20.52203,20.17608,20.2703,20.32521,2243,301,1,247,9.208925128460884e+18,QSO,1.318458,8179,57429,690
25356,1.237662195595019e+18,168.738021792949,42.1924828773714,24.7674,23.83808,21.65163,20.25522,19.6168,3893,301,5,95,9.42061382727869e+18,GALAXY,0.6871957,8367,57429,761
54845,1.237657589249016e+18,182.527664050751,53.9966060184976,22.68154,22.13968,21.8135,21.90436,21.68485,2821,301,1,193,9.253989162281095e+18,QSO,1.581391,8219,57429,792
89148,1.2376623024301015e+18,198.540709714043,51.9924388455679,21.59298,20.95174,21.0026,21.11254,21.3992,3918,301,4,61,9.258530145303812e+18,GALAXY,0.03310121,8223,57429,928
51425,1.2376623061872812e+18,208.653924288135,39.7149946809473,22.29551,20.93813,19.61719,19.09039,18.81063,3919,301,3,47,9.96084539656899e+18,GALAXY,0.2182627,8847,57429,32
96555,1.2376623051128842e+18,206.512853298492,39.173421197082,25.20148,22.99479,21.61624,20.59392,19.88233,3919,301,1,37,9.960919338725958e+18,GALAXY,0.6213757,8847,57429,301
10376,1.2376583027416768e+18,158.860352918076,56.6950488447979,24.4441,23.12583,21.35472,20.10851,19.36242,2987,301,2,59,9.208899564815536e+18,GALAXY,0.7490802,8179,57429,597
33467,1.237661968498885e+18,169.433885699559,42.4065264276411,22.58473,21.96541,21.78923,21.37738,21.14206,3840,301,6,99,9.420655608720544e+18,QSO,1.544376,8367,57429,913
13125,1.2376621945207524e+18,167.362324895191,41.0603964988797,22.14355,21.70422,21.56193,21.22179,21.1895,3893,301,3,87,9.420533013174049e+18,QSO,1.116863,8367,57429,467
12371,1.2376621945212111e+18,168.805501913955,41.1887355801316,21.98001,22.28722,21.84782,21.95797,21.86858,3893,301,3,94,9.420476663203123e+18,QSO,0.7767982,8367,57429,262
55316,1.2376551067615887e+18,160.701728116752,56.5003118760286,24.08795,22.7929,21.06664,20.17869,19.66497,2243,301,1,249,9.20895591478646e+18,STAR,7.876263e-05,8179,57429,802
6913,1.23766230672389e+18,207.977770286384,40.1876838792871,25.26545,24.18609,21.70175,20.50681,19.46771,3919,301,4,43,9.96108976302826e+18,GALAXY,0.8173671,8847,57429,921
53043,1.2376575892488197e+18,181.703646127573,53.9935086284746,20.84226,20.77086,20.56475,20.53121,20.61931,2821,301,1,190,9.253942707914824e+18,QSO,1.013368,8219,57429,623
86157,1.2376619668875512e+18,167.666149381809,40.863348372139,21.00933,20.70047,20.68695,20.57534,20.38883,3840,301,3,88,9.420514596354286e+18,QSO,2.208253,8367,57429,400
81466,1.2376621945207524e+18,167.327772554494,40.9635033634901,22.19423,22.30612,21.81054,22.20688,22.00065,3893,301,3,87,9.420533837807768e+18,QSO,1.392283,8367,57429,470
85705,1.2376619668884032e+18,170.151619744946,41.1704546455912,21.0779,20.33642,20.0528,19.97566,19.84613,3840,301,3,101,9.420412066894991e+18,QSO,2.644175,8367,57429,27
87023,1.2376619668877478e+18,168.226576088582,40.8887581469372,21.43726,20.97355,20.86346,20.52896,20.68788,3840,301,3,91,9.420474739057777e+18,QSO,1.544973,8367,57429,255
98318,1.2376621945211456e+18,168.59535433293,41.1307049007466,21.44219,20.98274,20.72768,20.32012,20.07691,3893,301,3,93,9.420482985394985e+18,QSO,1.637134,8367,57429,285
18831,1.2376582061255557e+18,197.368608413828,50.467503660536,20.02084,19.97742,19.71638,19.62225,19.6872,2964,301,6,374,9.258275333484075e+18,GALAXY,0.0,8223,57429,1
9415,1.237662194521277e+18,169.001244134527,41.3521409792796,20.78447,20.67344,20.57625,20.43926,20.70195,3893,301,3,95,9.420462369551964e+18,QSO,1.912435,8367,57429,210
33465,1.237661968498295e+18,167.828801119877,42.0662523601716,20.48862,20.30575,20.0729,20.01202,19.91553,3840,301,6,90,9.4205706714473e+18,QSO,1.162245,8367,57429,604
12373,1.2376621945215383e+18,169.707738008927,41.3319643683588,20.13592,19.85184,19.81091,19.48497,19.44681,3893,301,3,99,9.420422787133364e+18,QSO,1.66084,8367,57429,66
13126,1.237662194520818e+18,167.566408010763,41.0393608634083,21.67266,21.86445,21.95818,21.27844,21.36074,3893,301,3,88,9.420527240738e+18,QSO,1.969103,8367,57429,446
12647,1.23765830274207e+18,160.300670077406,57.0951400280483,26.11234,22.88224,21.34328,20.35497,19.6896,2987,301,2,65,9.208939147234138e+18,GALAXY,0.579441,8179,57429,741
85582,1.2376619668879444e+18,168.744010551998,41.1110344235143,19.63857,19.29703,19.3218,19.25308,19.42487,3840,301,3,94,9.420476388325218e+18,QSO,0.6125262,8367,57429,261
33466,1.2376619684986225e+18,168.682439422837,42.2236925143479,19.8504,19.68569,19.37961,19.36574,19.36136,3840,301,6,95,9.420612178011249e+18,QSO,1.17088,8367,57429,755
53596,1.237657589249016e+18,182.633716974077,54.1044241169161,21.75291,21.58005,21.08938,20.42518,20.1363,2821,301,1,193,9.253987513013656e+18,QSO,1.924299,8219,57429,786
48279,1.2376621955948877e+18,168.336720338471,42.0077386844374,22.58201,21.12425,20.86848,20.68337,20.23572,3893,301,5,93,9.420593761191483e+18,QSO,2.521542,8367,57429,688
11891,1.2376621945208832e+18,167.70196720139,41.1736535975982,20.30334,20.09288,20.08151,19.81985,19.92404,3893,301,3,89,9.42052834024963e+18,QSO,1.606995,8367,57429,450
11803,1.2376621945214075e+18,169.367406745755,41.3031441033409,20.81228,20.75699,20.69934,20.2555,20.1614,3893,301,3,97,9.42044477736592e+18,QSO,1.90493,8367,57429,146
95825,1.237662305112884e+18,206.415169724233,39.2173783181352,25.78012,22.26581,21.07696,19.96715,19.31127,3919,301,1,37,9.96092428652828e+18,GALAXY,0.6199426,8847,57429,319
80209,1.2376619577566167e+18,197.08169068152,51.1497339306547,21.43488,21.27811,21.04862,20.97973,20.7597,3838,301,2,25,9.258349000763136e+18,QSO,1.497462,8223,57429,269
56499,1.2376623051134075e+18,207.897882868388,38.8775619493456,22.22466,21.41405,20.69117,20.12833,19.8356,3919,301,1,45,9.960863538510844e+18,QSO,1.477172,8847,57429,98
48026,1.2376621955951496e+18,169.170031474778,42.0927787435709,21.28992,21.3672,21.2841,21.03619,20.65615,3893,301,5,97,9.420636642144969e+18,QSO,1.826948,8367,57429,844
12177,1.2376621945209487e+18,168.035865891449,41.1162352846953,22.06511,21.59959,21.4388,21.48139,21.17972,3893,301,3,90,9.420506075139168e+18,QSO,2.670588,8367,57429,369
12178,1.237662194521342e+18,169.163936229336,41.3350070900116,18.75283,17.86375,17.60158,17.52102,17.50148,3893,301,3,96,9.42044752614499e+18,STAR,-0.0001028981,8367,57429,156
85788,1.23766196688801e+18,169.119886315954,41.0940168627449,20.8685,20.71002,20.59575,20.4333,20.57288,3840,301,3,95,9.420454123214756e+18,QSO,1.683259,8367,57429,180
72677,1.2376621955944945e+18,167.143030246968,41.9512254710865,22.34865,22.36531,21.95431,21.69438,21.12328,3893,301,5,87,9.420545932435675e+18,QSO,1.161129,8367,57429,514
56723,1.2376551067615887e+18,160.710470537932,56.5257932106587,22.26322,22.03684,21.63848,21.28907,21.01923,2243,301,1,249,9.208953990641112e+18,QSO,0.9774114,8179,57429,795
6571,1.2376577701760215e+18,161.014419945957,54.509867008768,24.02836,22.87071,21.50277,20.48191,19.68853,2863,301,2,216,9.208780267803924e+18,GALAXY,0.6306853,8179,57429,163
72920,1.2376621955944292e+18,167.068770404403,41.8369918982864,25.40414,21.72803,21.18394,21.04345,21.38312,3893,301,5,86,9.420546482191487e+18,QSO,3.132399,8367,57429,516
34841,1.2376619684982295e+18,167.546239708211,42.2260599810232,20.56109,20.1347,19.9824,19.77465,19.69646,3840,301,6,89,9.420559401453115e+18,QSO,2.182242,8367,57429,563
23184,1.2376582061250314e+18,195.469388298044,50.5909802052602,18.7312,17.76678,17.43234,17.30902,17.27431,2964,301,6,366,9.25840067780964e+18,STAR,-0.000320413,8223,57429,457
97263,1.2376621945339904e+18,207.560627607278,40.0970770956957,21.12571,20.63831,20.44493,20.22487,20.47977,3893,301,3,289,9.961069696941052e+18,QSO,1.527966,8847,57429,848
86502,1.237661966887813e+18,168.358099668211,40.9274416507362,22.04967,21.86078,21.97517,21.95948,22.39694,3840,301,3,92,9.42047528881359e+18,STAR,-0.0001552489,8367,57429,257
95654,1.2376621945210143e+18,168.212798431859,41.0762145983906,22.02366,21.40619,20.49195,20.13677,19.85955,3893,301,3,91,9.420504150993822e+18,GALAXY,0.382516,8367,57429,362
97261,1.2376619588300974e+18,196.434613943458,52.0157876921588,24.69952,23.53644,21.58092,20.47886,19.75456,3838,301,4,21,9.25845180510033e+18,GALAXY,0.6216308,8223,57429,643
49317,1.2376621939971205e+18,207.360870894144,39.7280548170067,25.42538,23.76874,22.41481,20.85711,19.81303,3893,301,2,289,9.961071621086405e+18,GALAXY,0.7514226,8847,57429,855
11629,1.2376621945211456e+18,168.634929976131,41.2191468023288,21.39581,20.02259,19.37308,19.14075,19.05462,3893,301,3,93,9.420477487836846e+18,STAR,-0.0002457599,8367,57429,265
932,1.2376619582930296e+18,195.497352055625,51.6315482530036,23.92653,22.8672,21.38509,20.37984,19.71321,3838,301,3,18,9.258422668042197e+18,GALAXY,0.6458104,8223,57429,537
34457,1.2376619684987535e+18,169.06111942813,42.238579461188,21.50189,20.95525,20.82495,20.941,20.51256,3840,301,6,97,9.420625647028689e+18,QSO,2.376027,8367,57429,804
99764,1.2376619674242255e+18,167.004566090654,41.2396324195202,20.30169,20.43005,20.27204,20.24015,20.30511,3840,301,4,85,9.420540434877536e+18,QSO,1.410714,8367,57429,494
45673,1.2376582061250314e+18,195.428475668447,50.7374669410608,20.30448,18.53857,17.76491,17.40499,17.262,2964,301,6,366,9.258407274879408e+18,STAR,-0.0002588374,8223,57429,481
12156,1.2376621945215388e+18,169.706155047237,41.3618010845281,20.4751,20.36665,20.06701,19.90728,19.90623,3893,301,3,99,9.420423611767083e+18,QSO,1.445703,8367,57429,69
13760,1.2376621955947569e+18,167.891124913407,42.0535589621978,25.20161,22.85459,21.74035,20.41135,19.68716,3893,301,5,91,9.42057149608102e+18,GALAXY,0.6559442,8367,57429,607
48052,1.2376621955946253e+18,167.569542709309,41.8920723633104,22.21475,22.41079,21.9787,21.75554,21.35828,3893,301,5,89,9.420561325598464e+18,QSO,0.9588285,8367,57429,570
12155,1.2376621945206213e+18,167.113366065898,40.9424106028506,21.30071,21.25743,20.93364,20.79911,20.7132,3893,301,3,85,9.420539060488e+18,QSO,1.103452,8367,57429,489
80275,1.2376619577561582e+18,195.443760551829,51.3516775575733,21.27464,21.16953,21.09474,20.80262,21.12746,3838,301,2,18,9.25840617536778e+18,QSO,1.797926,8223,57429,477
17131,1.237662194520818e+18,167.575201690324,41.1134927813326,21.06951,20.3312,19.89227,19.64117,19.31806,3893,301,3,88,9.420526416104282e+18,QSO,2.363977,8367,57429,443
34025,1.2376619684986885e+18,168.832578238203,42.3240894286733,21.49336,21.11983,20.78151,20.57043,20.6112,3840,301,6,96,9.420611628255437e+18,QSO,2.245461,8367,57429,753
12813,1.2376621945210148e+18,168.228840727162,41.2107960211468,22.54527,21.97131,21.91948,21.84383,21.12743,3893,301,3,91,9.420495354900795e+18,QSO,2.262722,8367,57429,330
10768,1.2376621945209492e+18,168.06677389261,41.0526273839824,21.39571,21.48442,21.39675,21.2759,21.10391,3893,301,3,90,9.420505250505447e+18,QSO,2.063778,8367,57429,366
55058,1.2376575892488847e+18,182.123595208232,53.9213041003644,21.14708,20.70369,20.73472,20.49891,20.57004,2821,301,1,191,9.253956176932266e+18,QSO,1.620495,8219,57429,672
93493,1.237661958294012e+18,199.004550885097,51.3801612268471,23.61691,22.25566,21.12257,20.11529,19.46252,3838,301,3,33,9.258284129577095e+18,GALAXY,0.617386,8223,57429,33
85146,1.2376619668882068e+18,169.629261313575,41.1507240520878,24.65369,22.76469,21.48665,20.81067,20.62488,3840,301,3,98,9.42042223737755e+18,STAR,-0.0001620878,8367,57429,64
32266,1.2376619684988198e+18,169.359533552882,42.3252905993089,22.1615,21.90011,21.73475,21.62457,22.15782,3840,301,6,98,9.420645987993805e+18,QSO,1.55778,8367,57429,878
82564,1.2376621945214075e+18,169.381036754267,41.3173588505492,21.93601,21.84292,21.3791,21.03669,20.73948,3893,301,3,97,9.42044587687755e+18,QSO,2.024164,8367,57429,150
85956,1.2376623024299707e+18,198.024917144079,52.0466488244791,22.04208,21.44814,20.55952,21.50447,20.84566,3918,301,4,59,9.258517500920093e+18,GALAXY,0.2817833,8223,57429,882
12176,1.2376621945208832e+18,167.83422481196,41.0108882657299,19.15521,18.26169,17.91911,17.80554,17.76138,3893,301,3,89,9.420515146110095e+18,STAR,-0.0005731662,8367,57429,402
13302,1.2376621945211456e+18,168.643369077185,41.2442578672919,20.95547,19.58602,18.93393,18.67075,18.5503,3893,301,3,93,9.420478312470569e+18,STAR,9.881795e-05,8367,57429,268
13009,1.237662194521277e+18,168.867786984432,41.2724596175231,21.17793,20.97112,20.86343,20.43287,20.56243,3893,301,3,95,9.420460720284522e+18,QSO,1.644382,8367,57429,204
85472,1.2376619668873546e+18,167.033664662797,40.7879466418592,21.57166,21.37659,21.28922,21.074,20.80919,3840,301,3,85,9.420537686098469e+18,QSO,1.969085,8367,57429,484
71689,1.237658206125753e+18,198.09359733342,50.380155806764,24.78688,23.61405,21.75266,20.29696,19.70543,2964,301,6,377,9.25830914346663e+18,STAR,-4.824801e-05,8223,57429,124
59953,1.2376619668874204e+18,167.21814372736,40.8634085081159,25.95796,23.87254,21.72983,20.40997,19.6319,3840,301,3,86,9.420536861464746e+18,GALAXY,0.6248936,8367,57429,481
63811,1.2376619668879444e+18,168.852803376171,40.9634949474403,20.74088,20.48072,20.36888,20.25511,20.21526,3840,301,3,94,9.42045907101708e+18,QSO,1.931121,8367,57429,198
82184,1.2376621945214733e+18,169.484399083681,41.4298937127268,22.0559,21.69216,21.24797,21.06967,20.68891,3893,301,3,98,9.42043488176127e+18,GALAXY,0.2659644,8367,57429,110
87928,1.237661966887617e+18,167.816404333312,40.8271025055404,21.42888,21.23516,21.26831,21.11319,21.09716,3840,301,3,89,9.420502501726378e+18,QSO,1.850637,8367,57429,356
56660,1.2376575892486886e+18,181.332365203885,54.0222512267204,20.61302,20.40231,20.42953,20.12654,20.2877,2821,301,1,188,9.253933636943897e+18,QSO,1.500343,8219,57429,590
84609,1.237661966888141e+18,169.372835202056,41.1277510290133,21.71455,21.17126,21.40196,21.49329,21.05838,3840,301,3,97,9.420443677854292e+18,QSO,2.237798,8367,57429,142
33768,1.237661968498164e+18,167.355407634247,42.1959322644556,20.28692,19.88477,19.95298,19.84361,19.70417,3840,301,6,88,9.42054813145893e+18,QSO,2.225929,8367,57429,522
32520,1.2376619684980987e+18,167.21376062223,42.0237908473134,22.31761,21.50533,21.51777,21.58362,21.39433,3840,301,6,87,9.420545107801954e+18,QSO,2.47422,8367,57429,511
86417,1.2376619668875512e+18,167.735147229202,40.8452796370057,20.40145,20.32353,20.47849,20.2821,20.27458,3840,301,3,88,9.42050140221475e+18,QSO,1.687018,8367,57429,352
24703,1.2376576295288184e+18,183.439411388475,52.6682082997289,23.9083,23.99564,21.82609,20.80748,19.79633,2830,301,4,414,9.253801970426468e+18,GALAXY,0.7942113,8219,57429,111
53206,1.237657589249016e+18,182.591672509502,54.0738655704481,20.49552,20.03847,19.98475,19.78866,19.72349,2821,301,1,193,9.253987787891562e+18,QSO,0.6738856,8219,57429,787
55769,1.2376623051136049e+18,208.563929077887,38.8230924285779,24.60756,22.85163,21.41535,19.63171,18.6867,3919,301,1,48,9.960850619249222e+18,STAR,-0.0001433366,8847,57429,51
2210,1.2376623061864947e+18,206.400565650237,40.1837061401551,25.33546,23.33378,21.53851,20.53821,19.74554,3919,301,3,35,9.961021043551525e+18,GALAXY,0.5521447,8847,57429,671
80791,1.2376619577561582e+18,195.476833917902,51.2728212230167,22.07115,21.62014,22.01938,21.29153,21.32257,3838,301,2,18,9.258406450245687e+18,QSO,1.898408,8223,57429,478
55575,1.237661958293881e+18,198.547111488865,51.3537733737474,24.93225,23.62105,21.85629,20.62926,19.9029,3838,301,3,31,9.258295124693377e+18,GALAXY,0.7635955,8223,57429,73
48541,1.237662195594822e+18,168.2541603364,41.9274915332163,21.03971,21.21647,20.88842,20.85649,21.10935,3893,301,5,92,9.420583590708926e+18,QSO,1.234302,8367,57429,651
84608,1.2376619668874857e+18,167.400731117879,40.8873405221239,21.67544,21.25427,21.13005,21.49032,21.0971,3840,301,3,87,9.420531638784514e+18,QSO,2.640789,8367,57429,462
64424,1.237661966887879e+18,168.757778890879,40.9149239711884,20.58985,20.60011,20.38399,20.46644,20.34612,3840,301,3,93,9.42045852126127e+18,QSO,1.387111,8367,57429,196
12050,1.2376621945214733e+18,169.602889389455,41.4325764838843,19.92524,19.53254,19.27451,19.26828,19.36599,3893,301,3,98,9.420424986156622e+18,QSO,1.238334,8367,57429,74
56661,1.2376575892489503e+18,182.318656071379,53.9957185301086,21.67444,21.8743,21.68437,21.63093,21.86832,2821,301,1,192,9.253965247903191e+18,QSO,2.044347,8219,57429,705
65634,1.2376619582940785e+18,199.221612688017,51.2489955846918,25.0106,24.50027,23.45187,21.77091,19.91858,3838,301,3,34,9.25827753250733e+18,STAR,-0.0004476929,8223,57429,9
12514,1.2376621945217354e+18,170.435299665408,41.4594970527714,22.04947,22.11426,21.75022,21.67448,21.1844,3893,301,3,102,9.420409043238015e+18,QSO,1.243781,8367,57429,16
32327,1.2376619684985572e+18,168.601534574756,42.2759460778752,21.00722,20.94273,20.74799,20.76066,21.15462,3840,301,6,94,9.420613552400783e+18,QSO,1.375623,8367,57429,760
36616,1.237661959904232e+18,198.11247716399,52.6310910106313,22.94604,23.55086,21.9352,20.65682,19.92171,3838,301,6,27,9.258522723600325e+18,GALAXY,0.7576316,8223,57429,901
90410,1.2376619588308183e+18,199.118631828396,51.7865029152076,24.68877,22.85859,21.63994,20.50602,19.66608,3838,301,4,32,9.258545813344508e+18,GALAXY,0.7877594,8223,57429,985
7080,1.2376577701764805e+18,162.579935455468,54.9821683499104,24.01263,24.59362,21.94296,20.5645,19.82939,2863,301,2,223,9.208737936606256e+18,GALAXY,0.7636994,8179,57429,9
60134,1.2376576128715983e+18,158.632310646809,55.3421847011763,20.82512,20.82862,20.8032,20.61321,20.37644,2826,301,5,197,9.208864380443448e+18,QSO,2.016119,8179,57429,469
49161,1.237662195594822e+18,168.161144869517,42.0431154053221,21.14475,20.70197,20.65179,20.34409,19.95905,3893,301,5,92,9.420583865586831e+18,QSO,0.4664596,8367,57429,652
55208,1.2376575892490816e+18,182.862942589901,54.0472814992884,21.36856,20.48975,20.15027,20.08828,20.05801,2821,301,1,194,9.253999332763654e+18,STAR,-0.0001744852,8219,57429,829
47417,1.2376621955946908e+18,167.713044244208,41.8299317273787,21.7321,21.44239,21.51293,21.36552,21.0705,3893,301,5,90,9.42056160047637e+18,QSO,1.788192,8367,57429,571
48954,1.237662195595084e+18,168.966146219678,42.1236118603525,22.06641,21.80667,21.7256,21.37365,21.54179,3893,301,5,96,9.420625097272875e+18,QSO,1.694875,8367,57429,802
87390,1.23766196688801e+18,168.931131992001,41.1430053352352,20.71243,20.58555,20.26614,20.1313,20.27486,3840,301,3,95,9.420461544918243e+18,QSO,1.462764,8367,57429,207
49848,1.2376642958350748e+18,208.08252488548,38.4699398619323,22.61642,22.13578,21.93243,21.79376,21.99831,4382,301,5,111,9.96084869510387e+18,QSO,3.171035,8847,57429,44
650,1.2376575897852316e+18,179.906523124889,54.4128339497637,21.19274,21.22865,21.00375,20.95184,21.30767,2821,301,2,183,9.265142333372127e+18,QSO,1.297471,8229,57430,407
13979,1.2376575908585152e+18,178.016306263472,55.2177349525607,26.24409,25.27987,22.34828,20.68784,19.5962,2821,301,4,176,9.266167078209214e+18,GALAXY,0.7670906,8230,57430,39
300,1.2376575897856904e+18,181.833257388151,54.5000646285679,21.56795,21.52187,21.13519,21.17609,20.66972,2821,301,2,190,9.265066192191904e+18,QSO,1.407133,8229,57430,130
75393,1.237657591394337e+18,173.822790732829,55.121508910828,21.5806,20.18889,19.52631,19.35184,19.2931,2821,301,5,160,9.266291323023151e+18,STAR,0.0001045406,8230,57430,491
972,1.2376575897845112e+18,177.191816062789,54.2951446519737,23.44774,22.63062,21.60319,20.60859,19.79493,2821,301,2,172,9.266201163069678e+18,GALAXY,0.6970665,8230,57430,163
74286,1.237657591396369e+18,181.983464711688,55.7809643346285,22.73883,22.16883,21.36118,20.51157,20.12544,2821,301,5,191,9.265284445250015e+18,GALAXY,0.7252527,8229,57430,924
7350,1.2376619599061327e+18,204.888116013923,51.6865750582785,24.77596,23.21811,21.55953,20.52024,19.82937,3838,301,6,56,9.241413772933091e+18,GALAXY,0.6116062,8208,57430,99
74238,1.2376575913955822e+18,178.741781325317,55.6180746801749,21.36567,21.27196,20.74629,20.64836,20.46494,2821,301,5,179,9.26642931173244e+18,QSO,1.124133,8230,57430,993
73603,1.2376575913947302e+18,175.348874456074,55.4377536025296,20.41085,19.62138,19.25274,19.12613,19.08284,2821,301,5,166,9.266271256935946e+18,STAR,0.0001319149,8230,57430,418
69628,1.2376619593692613e+18,204.864263194874,51.3708404445437,20.54007,20.4831,20.22873,20.19927,20.22953,3838,301,5,56,9.24142064488077e+18,QSO,1.222307,8208,57430,124
651,1.2376575897856904e+18,181.666341327567,54.4382841920801,21.60686,21.49624,21.45761,21.23923,21.28811,2821,301,2,190,9.265078836575623e+18,QSO,1.440303,8229,57430,176
74042,1.2376575913945992e+18,174.66875516843,55.3250087065839,21.71055,21.05176,20.82491,20.82312,20.75545,2821,301,5,164,9.266287474732458e+18,QSO,2.128613,8230,57430,477
86478,1.2376575908588426e+18,179.358727687013,55.0868368518055,24.48095,22.88983,21.40054,20.22147,19.34759,2821,301,4,181,9.265147830930266e+18,GALAXY,0.694356,8229,57430,427
74522,1.237657591394468e+18,174.31602796921,55.2962808473429,21.81457,20.91845,20.7409,20.53831,20.36615,2821,301,5,162,9.266292147656874e+18,QSO,2.278839,8230,57430,494
55348,1.2376575892484915e+18,180.523445983032,54.0608302856395,21.52749,21.74482,21.52881,21.35047,21.13561,2821,301,1,185,9.26511951850585e+18,QSO,1.187997,8229,57430,324
73797,1.2376575913958444e+18,179.782527974435,55.697664788126,21.47281,21.63895,21.33498,21.34084,21.44173,2821,301,5,183,9.26519868334305e+18,QSO,2.163709,8229,57430,612
1384,1.2376575897858214e+18,182.156779506287,54.3738648077701,22.53512,21.25476,20.93019,20.98465,20.92704,2821,301,2,192,9.265054097564e+18,QSO,3.209732,8229,57430,86
88487,1.2376619588316703e+18,202.160249490522,51.3381035513909,23.24261,23.15899,21.43551,20.25923,19.58947,3838,301,4,45,9.241508330933082e+18,GALAXY,0.6778838,8208,57430,443
68982,1.237661959368606e+18,202.444190042795,51.7536343540891,21.86076,20.89565,20.56648,20.5288,20.47935,3838,301,5,46,9.241501733863318e+18,STAR,-0.0001596318,8208,57430,419
74406,1.2376575913957783e+18,179.533158441023,55.5400595649854,19.6352,19.50912,19.50367,19.28108,19.24911,2821,301,5,182,9.265200332610492e+18,QSO,1.606747,8229,57430,618
69145,1.2376619593691302e+18,204.180811418275,51.3913753946189,21.76213,21.60615,21.50138,21.35568,20.84948,3838,301,5,54,9.2414338390203e+18,QSO,0.6862385,8208,57430,172
77327,1.2376623035051543e+18,203.539598080362,52.307888698968,20.75668,20.49485,20.38645,20.05152,19.71211,3918,301,6,81,9.24146352583425e+18,QSO,0.487246,8208,57430,280
47770,1.2376623018946724e+18,203.47412905182,50.9600002192322,20.53221,19.97182,19.60837,19.30519,18.94753,3918,301,3,83,9.241464350467971e+18,QSO,1.369125,8208,57430,283
59778,1.237657610728113e+18,175.225899027003,56.2606743702573,22.72204,22.76597,21.96854,20.50143,19.47482,2826,301,1,258,9.266317161546404e+18,GALAXY,0.6950244,8230,57430,585
3427,1.2376591316686605e+18,205.756713022454,52.7101506177359,21.96015,21.67198,21.39108,21.24125,21.1529,3180,301,2,33,9.241658139392369e+18,QSO,1.952018,8208,57430,988
156,1.2376575897856248e+18,181.407635532135,54.4684316973986,20.63578,20.41439,20.31782,20.00517,19.82034,2821,301,2,189,9.265076087796552e+18,QSO,1.69534,8229,57430,166
78106,1.2376575913951237e+18,176.852642807468,55.4674676460154,21.30133,21.16073,21.01542,20.81817,20.23698,2821,301,5,172,9.266381757854536e+18,GALAXY,0.7720658,8230,57430,820
11567,1.2376583027425943e+18,162.414136164378,57.5311225629023,24.77453,23.71144,21.69851,20.34118,19.51135,2987,301,2,73,9.215521923383188e+18,GALAXY,0.5917764,8185,57431,113
18973,1.237662193985324e+18,171.855295736023,41.1357452508254,22.77338,22.86469,21.86078,20.69256,19.7605,3893,301,2,109,9.4216055868005e+18,GALAXY,0.8252388,8368,57431,273
87024,1.237661966888862e+18,171.658761817852,41.316623173077,21.7407,21.38395,21.14025,20.97343,20.74693,3840,301,3,108,9.421604762166778e+18,QSO,1.127161,8368,57431,270
34171,1.2376582061242455e+18,192.635195952283,50.9686671287387,22.36156,21.9896,21.77247,21.74026,21.56871,2964,301,6,354,9.257262958186357e+18,QSO,2.056771,8222,57431,414
99168,1.2376623008183754e+18,194.108349220198,51.1243647036824,24.32087,22.46318,21.66216,20.62193,19.86822,3918,301,1,44,9.257198361878225e+18,GALAXY,0.796618,8222,57431,179
11563,1.2376621945223913e+18,172.246537421014,41.7277617131909,23.29802,23.4512,21.81413,20.40516,19.75909,3893,301,3,112,9.421775736224895e+18,STAR,0.0001725971,8368,57431,892
96847,1.2376621945223252e+18,172.087212329935,41.5897066092797,20.82704,20.69292,20.69646,20.33637,20.53427,3893,301,3,111,9.421574250719107e+18,QSO,1.668268,8368,57431,159
13202,1.237658302742267e+18,161.219111935284,57.2838166397323,22.55869,25.70659,21.27297,20.1322,19.45384,2987,301,2,68,9.21556920238318e+18,GALAXY,0.8662005,8185,57431,285
46369,1.2376582061297505e+18,211.549946435696,47.9596981938793,20.66743,20.57563,20.50879,20.31628,20.41644,2964,301,6,438,9.569233164771285e+18,QSO,1.918808,8499,57431,763
62585,1.237658204519662e+18,212.632568967419,46.4655879559047,24.1342,22.92137,21.48046,19.84042,18.85521,2964,301,3,446,9.569049271451542e+18,STAR,7.992232e-06,8499,57431,94
36940,1.2376619684995402e+18,171.597509780663,42.7140023357382,21.14602,21.07269,20.86964,20.8283,21.50985,3840,301,6,109,9.421747698678389e+18,QSO,1.323831,8368,57431,790
85749,1.237661966888862e+18,171.592513354825,41.45854329446,21.15046,21.00268,21.01362,20.86563,20.63846,3840,301,3,108,9.421606411434222e+18,QSO,1.844725,8368,57431,276
93475,1.2376611508468452e+18,212.879389180165,46.2601717215855,21.14089,21.17501,21.04438,20.78679,20.69334,3650,301,3,135,9.569035527556192e+18,QSO,1.640678,8499,57431,44
11468,1.2376621945223252e+18,172.117169682019,41.6346593240674,20.36558,20.20617,19.88496,19.86569,19.74127,3893,301,3,111,9.421766940131877e+18,QSO,1.109916,8368,57431,860
95653,1.23766219452167e+18,170.241655105848,41.3639886914769,21.42207,21.01834,20.79384,20.61173,20.34119,3893,301,3,101,9.421660562381887e+18,QSO,0.701416,8368,57431,473
63836,1.2376582045192689e+18,211.283327979769,46.7484171274428,23.09001,21.86081,21.38076,21.1199,21.28721,2964,301,3,440,9.569108095323623e+18,STAR,-0.0006472376,8499,57431,308
57401,1.2376611519196695e+18,210.467445300126,47.6371690904116,22.48553,22.10442,22.10153,21.78514,21.83246,3650,301,5,121,9.569181212846873e+18,QSO,2.341422,8499,57431,574
86036,1.237661966889124e+18,172.41131877454,41.5654039250911,21.84117,21.7707,21.48457,21.43626,21.27924,3840,301,3,112,9.4215621560912e+18,QSO,0.9675143,8368,57431,115
66281,1.237661966889124e+18,172.390051761766,41.4154372508912,21.83316,21.37384,21.02141,20.72959,20.11375,3840,301,3,112,9.421562980724922e+18,QSO,0.8958073,8368,57431,118
43467,1.237658206129881e+18,211.907746747464,47.8813174442685,22.15072,22.07992,22.14577,21.72516,21.32302,2964,301,6,440,9.569246358910818e+18,QSO,1.746686,8499,57431,811
61981,1.2376582045189407e+18,210.343962256362,47.0150808577063,22.2109,22.16148,21.84993,21.71088,22.42605,2964,301,3,435,9.5691545496899e+18,QSO,1.200814,8499,57431,477
21653,1.237658206129881e+18,211.905493946873,47.9127379393578,21.44526,21.26734,21.2703,20.86702,20.72279,2964,301,6,440,9.569243610131749e+18,QSO,1.575942,8499,57431,801
56150,1.2376583032795302e+18,162.589063857157,57.8663273208775,20.92208,20.64656,20.38778,20.10387,20.08475,2987,301,3,74,9.215524397284348e+18,QSO,1.450681,8185,57431,122
19070,1.237658206129357e+18,210.190078994274,48.2915679252525,21.91104,21.2996,21.12163,20.86995,20.82572,2964,301,6,432,9.56917599016664e+18,QSO,2.016688,8499,57431,555
79258,1.23766195776127e+18,212.977275743414,48.1766239814291,21.92539,21.73683,21.27677,20.99993,21.0727,3838,301,2,96,9.569285666451511e+18,QSO,1.602876,8499,57431,954
13461,1.2376621945218665e+18,170.727399964481,41.3957618910418,20.86112,20.75164,20.63947,20.28311,20.09204,3893,301,3,104,9.42164324507375e+18,QSO,1.727465,8368,57431,410
32522,1.2376619684990817e+18,170.105134897395,42.4791780743602,21.39803,20.93583,20.65787,20.54188,20.44827,3840,301,6,102,9.42168007871328e+18,QSO,0.9035915,8368,57431,544
17595,1.237658206124114e+18,192.247466494147,50.9243341872658,22.03444,22.02817,21.71072,21.70602,21.82273,2964,301,6,352,9.257271479401468e+18,QSO,1.304383,8222,57431,445
35586,1.2376582061240486e+18,192.000410418808,51.0088606894085,20.72956,20.98576,20.46244,20.5249,20.48236,2964,301,6,351,9.257273128668912e+18,QSO,1.203672,8222,57431,451
99622,1.2376611513835855e+18,212.626669894066,46.7137457818265,23.73178,24.1852,21.56399,20.5624,19.76077,3650,301,4,133,9.569061091201538e+18,GALAXY,0.6052856,8499,57431,137
55947,1.2376583032793992e+18,162.052312092886,57.6943190919232,22.26297,21.8945,21.88326,21.52513,21.56239,2987,301,3,72,9.215540340202952e+18,QSO,1.608528,8185,57431,180
1505,1.2376583043529452e+18,160.647167838754,58.4028319027819,24.904,23.2613,21.58657,20.40841,19.6764,2987,301,5,69,9.215671456964564e+18,GALAXY,0.6245732,8185,57431,657
57652,1.2376583032789404e+18,160.351146498862,57.3908595349479,22.29005,21.44506,20.9297,20.35511,19.98859,2987,301,3,65,9.215592017249456e+18,QSO,0.528814,8185,57431,368
12477,1.2376621945217354e+18,170.33465708989,41.3657342842474,21.21506,21.16294,21.15935,20.95009,20.802,3893,301,3,102,9.4216611121377e+18,QSO,2.042197,8368,57431,475
12478,1.2376621945224563e+18,172.559249821103,41.651531476236,20.8053,20.38849,20.2483,20.02945,20.20149,3893,301,3,113,9.42178893036443e+18,QSO,1.543148,8368,57431,940
61779,1.2376576295315707e+18,193.716044396876,52.3755978665999,23.07452,23.4031,21.92718,20.66525,19.88351,2830,301,4,456,9.257359440331692e+18,GALAXY,0.6266584,8222,57431,765
85839,1.2376619668884032e+18,170.160631739668,41.2901314508967,21.38994,20.82143,20.72394,20.73956,20.45327,3840,301,3,101,9.421662486527236e+18,QSO,2.75381,8368,57431,480
65379,1.2376619668884687e+18,170.490358050973,41.2838507229143,21.71735,22.36006,21.90881,21.83916,22.08937,3840,301,3,102,9.42165478994584e+18,QSO,1.444664,8368,57431,452
82393,1.2376621945218665e+18,170.692630291423,41.4893899513071,21.95965,21.10066,20.9297,20.72968,20.68113,3893,301,3,104,9.42165588945747e+18,QSO,2.652328,8368,57431,456
67539,1.2376582045195308e+18,212.216333737876,46.5383833933948,20.9922,21.00671,21.16084,20.85902,20.78944,2964,301,3,444,9.56906906266084e+18,QSO,1.880287,8499,57431,166
11512,1.2376621945218007e+18,170.619448774315,41.4881109750593,20.96399,20.90357,20.81339,20.44213,20.80722,3893,301,3,103,9.421656164335376e+18,QSO,1.637217,8368,57431,457
92297,1.2376611508460588e+18,210.414839789704,46.8464389917353,21.97019,21.32952,21.24508,20.95006,20.60063,3650,301,3,123,9.569151526032925e+18,QSO,2.288536,8499,57431,466
19216,1.237658206129357e+18,210.352680918024,48.2966504906815,21.91571,22.03563,21.65481,21.70146,21.22183,2964,301,6,432,9.569186710405014e+18,QSO,1.399025,8499,57431,594
70000,1.237661959366312e+18,194.075989079707,52.6606353766142,21.18676,20.92465,20.52018,20.30432,20.30713,3838,301,5,11,9.257378681785178e+18,GALAXY,0.485673,8222,57431,835
22855,1.237658206129488e+18,210.648554673152,48.2312945870331,21.8502,21.73167,21.71104,21.13923,21.56964,2964,301,6,434,9.569197980399196e+18,QSO,1.655001,8499,57431,635
69526,1.2376582061292915e+18,210.015151415622,48.406440676425,23.01379,21.92508,21.5505,21.1412,21.09205,2964,301,6,431,9.569174615777106e+18,GALAXY,0.1191829,8499,57431,550
67307,1.237661966889517e+18,173.548319396305,41.6529405974411,20.87268,20.41697,20.29139,20.25212,20.09725,3840,301,3,118,9.421536042690042e+18,QSO,2.470394,8368,57431,20
86055,1.2376619668890583e+18,172.269497378604,41.4486229592152,22.04359,21.9696,21.54301,21.42027,20.8173,3840,301,3,111,9.4215739758412e+18,QSO,1.115553,8368,57431,158
86054,1.237661966888665e+18,170.985640070261,41.3621890405312,21.52289,20.78554,20.61526,20.53319,20.398,3840,301,3,105,9.4216333494691e+18,QSO,2.607896,8368,57431,374
85969,1.237661966888731e+18,171.191045352999,41.2754026643629,20.75728,20.79526,20.48403,20.44025,20.70585,3840,301,3,106,9.421631700201658e+18,QSO,1.093452,8368,57431,368
7229,1.2376582061296855e+18,211.381327085927,48.0055841711725,23.29356,22.7058,21.97475,20.36228,19.50648,2964,301,6,437,9.569220520387566e+18,GALAXY,0.7783866,8499,57431,717
95618,1.2376623008179817e+18,192.721458254533,51.3549259101669,20.85943,20.71691,20.73728,20.77304,20.59634,3918,301,1,38,9.25725608623868e+18,QSO,1.903656,8222,57431,389
81588,1.2376621945215383e+18,169.801361861633,41.3451465840886,20.11959,19.86783,19.65078,19.59387,19.42496,3893,301,3,99,9.421665510184212e+18,QSO,0.9922768,8368,57431,491
33593,1.2376619684992778e+18,170.672462677619,42.5835376494293,21.21918,19.1387,18.01121,17.53282,17.29177,3840,301,6,105,9.421691073829558e+18,STAR,-0.0003010566,8368,57431,584
20780,1.237658206129357e+18,210.296955791726,48.2932200412029,20.86993,20.94128,20.49022,20.48241,20.55737,2964,301,6,432,9.569186160649198e+18,QSO,1.289026,8499,57431,592
55904,1.237658303279268e+18,161.650571302167,57.6622329282747,22.01282,21.91181,21.76196,21.48975,21.06257,2987,301,3,70,9.21555133531923e+18,QSO,1.832685,8185,57431,220
223,1.2376619582977482e+18,211.937423151115,48.8443496501141,24.46953,23.57676,21.76145,20.48442,19.83298,3838,301,3,90,9.569249107689888e+18,GALAXY,0.6988617,8499,57431,821
34766,1.2376619684992123e+18,170.612774473227,42.4912840520471,20.87769,21.23447,21.22779,20.91146,21.04897,3840,301,6,104,9.421692173341186e+18,QSO,1.83602,8368,57431,588
35886,1.2376582061242455e+18,192.580700219004,50.852431612077,22.54498,22.27161,21.73971,21.42797,21.27455,2964,301,6,354,9.25726158379682e+18,GALAXY,0.1379768,8222,57431,409
81380,1.237662194522522e+18,172.786282770503,41.7079578771369,21.4467,21.26605,21.22033,21.00576,21.29359,3893,301,3,114,9.421799375724894e+18,QSO,1.567621,8368,57431,978
95895,1.2376621945223908e+18,172.408717127532,41.5954444370262,21.35129,21.12006,20.88565,20.91242,20.44037,3893,301,3,112,9.421788655486523e+18,QSO,0.9192601,8368,57431,939
68953,1.2376619593676884e+18,199.137900239901,52.2852779398188,20.93784,21.11276,20.74453,20.75612,20.78524,3838,301,5,32,9.2403739098279e+18,QSO,1.218958,8207,57431,412
86338,1.2376619668893207e+18,172.895655134416,41.5010474655728,21.53146,21.46026,21.11351,21.16899,21.35262,3840,301,3,115,9.42154154024818e+18,QSO,1.175803,8368,57431,40
22521,1.2376582061302743e+18,213.244854772685,47.5542024360099,24.11459,21.81974,20.83508,20.63661,20.66329,2964,301,6,446,9.569297761079417e+18,STAR,-0.0009349213,8499,57431,998
85558,1.2376619668884687e+18,170.46996977794,41.3431676817562,21.40098,21.09594,20.78275,20.47649,20.23558,3840,301,3,102,9.421659737748169e+18,QSO,1.963453,8368,57431,470
99465,1.2376576279205642e+18,192.071119567596,51.1478052896345,22.93781,22.45877,21.78612,21.32515,20.76264,2830,301,1,450,9.257277251837518e+18,GALAXY,1.015907,8222,57431,466
74660,1.237662195596264e+18,172.490058345072,42.5332506043208,25.62752,22.56433,21.66256,20.32955,19.80758,3893,301,5,114,9.421780409149315e+18,STAR,0.0002081128,8368,57431,909
71970,1.2376582061247048e+18,194.224443477484,50.7057857918004,25.94582,23.19405,21.58494,20.27785,19.42619,2964,301,6,361,9.257193963831712e+18,STAR,-0.0002753349,8222,57431,163
65721,1.2376582045193997e+18,211.86995858702,46.6814895425624,21.23314,20.92611,20.63716,20.37622,20.27572,2964,301,3,442,9.56908170704456e+18,QSO,1.741812,8499,57431,212
80165,1.2376619577610734e+18,212.359729566774,48.4269863082242,21.6357,21.5343,21.34751,21.16879,21.33389,3838,301,2,93,9.569262576707328e+18,QSO,1.675517,8499,57431,870
64642,1.2376619668884685e+18,170.405543596154,41.1492186092301,20.22729,20.00453,20.03012,19.75331,19.75557,3840,301,3,102,9.421659187992353e+18,QSO,1.790691,8368,57431,468
36158,1.2376582061241797e+18,192.339584215261,50.9435087225012,20.66049,20.62963,20.62063,20.63621,20.35254,2964,301,6,353,9.257273678424726e+18,QSO,2.084715,8222,57431,453
85583,1.237661966889124e+18,172.424366021124,41.4019553463058,21.63892,20.76389,20.90673,20.92103,20.29981,3840,301,3,112,9.42156160633539e+18,QSO,2.388651,8368,57431,113
36254,1.2376619599047565e+18,200.033008876763,52.5910895495751,25.84101,22.58189,20.71955,19.72781,19.17109,3838,301,6,35,9.240333227897672e+18,GALAXY,0.5363663,8207,57431,264
57086,1.2376583032792023e+18,161.303749775424,57.5652162229195,18.45135,17.53275,17.28062,17.16937,17.15561,2987,301,3,69,9.215573325551786e+18,STAR,0.0001235333,8185,57431,300
65972,1.2376623029675635e+18,200.839004927018,52.2757527670111,24.28185,23.80652,22.63286,21.49444,19.95127,3918,301,5,70,9.240295569624422e+18,GALAXY,0.8829523,8207,57431,127
56285,1.2376583032788751e+18,160.000194593643,57.3701716130292,21.16806,20.69329,20.63257,20.38416,20.17386,2987,301,3,64,9.215604111877364e+18,QSO,0.6649867,8185,57431,412
84851,1.237661966889124e+18,172.297666722977,41.504836947069,21.90624,21.8488,21.67035,21.3053,21.27471,3840,301,3,112,9.421573426085386e+18,GALAXY,0.8106285,8368,57431,156
71387,1.237658206129554e+18,211.004006673207,48.1214835500598,22.43629,22.12331,21.88021,21.68188,22.06454,2964,301,6,435,9.56920925039338e+18,QSO,1.851949,8499,57431,676
71472,1.2376619593682127e+18,201.027940333717,52.003578022083,20.69426,20.50881,20.12481,19.9227,19.98898,3838,301,5,40,9.24029666913605e+18,QSO,1.468609,8207,57431,131
92512,1.2376611508467791e+18,212.541953299132,46.1340861528539,21.97777,21.52497,21.30058,20.69641,20.54656,3650,301,3,134,9.569045972916656e+18,GALAXY,0.7755204,8499,57431,82
81246,1.2376621945219315e+18,170.846887267604,41.602181485579,20.16447,20.08488,19.6908,19.79666,19.84122,3893,301,3,105,9.4216451692191e+18,QSO,1.300925,8368,57431,417
18688,1.2376576284578284e+18,193.687685265932,51.5412636504774,20.2876,20.23498,20.28193,20.26526,20.11505,2830,301,2,456,9.257223375767757e+18,QSO,2.035854,8222,57431,270
55529,1.237658303279137e+18,161.02029161865,57.604697382962,21.65278,21.58145,21.49277,21.18519,20.93476,2987,301,3,68,9.215584045790156e+18,QSO,1.766719,8185,57431,339
79089,1.237662195595346e+18,169.843911942325,42.142154067863,20.87837,20.66968,20.68019,20.4582,20.49867,3893,301,5,100,9.421671282620258e+18,QSO,1.905622,8368,57431,512
45670,1.2376623018919857e+18,193.849969078601,52.0349056280966,20.45413,20.39942,19.93933,19.94218,19.78138,3918,301,3,42,9.257362463988668e+18,QSO,1.218178,8222,57431,776
33335,1.2376619663522537e+18,172.391155683783,41.0085111651204,25.3452,25.30505,21.68365,20.54839,19.77149,3840,301,2,112,9.421568203405154e+18,GALAXY,0.7403986,8368,57431,137
37100,1.2376619599044288e+18,198.715937818611,52.728510851519,23.89897,23.05469,21.55227,20.26481,19.60701,3838,301,6,30,9.240389577868595e+18,GALAXY,0.6655591,8207,57431,469
13010,1.2376621945214733e+18,169.659105578224,41.2802793801265,21.84802,21.49692,21.0986,20.98594,20.94194,3893,301,3,98,9.42166578506212e+18,QSO,1.525999,8368,57431,492
33927,1.2376619684996713e+18,171.99998904539,42.6805954043231,21.64172,20.89793,20.58786,20.41868,20.21253,3840,301,6,111,9.421759793306294e+18,STAR,0.000522979,8368,57431,834
21220,1.2376582061301435e+18,212.89394175502,47.6486397316299,21.04484,20.76879,20.78296,20.68196,20.70543,2964,301,6,444,9.569290339375927e+18,QSO,1.60734,8499,57431,971
35849,1.2376619684994092e+18,171.081368202525,42.6821235573894,22.99292,20.76627,19.41993,18.65849,18.24647,3840,301,6,107,9.4217125143063e+18,STAR,0.0001344042,8368,57431,662
87772,1.237661966888665e+18,171.03159886649,41.3997912322505,20.71946,20.75597,20.5282,20.45612,20.32751,3840,301,3,105,9.421632799713286e+18,QSO,1.200486,8368,57431,372
91130,1.237662301355377e+18,194.597491109021,51.5084429814375,22.40355,21.91987,21.86446,21.68258,21.38954,3918,301,2,46,9.257178295791018e+18,QSO,2.51333,8222,57431,106
34805,1.2376582061243763e+18,193.137569115048,50.945513287212,22.02871,22.02475,21.75082,21.78887,21.10469,2964,301,6,356,9.257251413314263e+18,QSO,1.106269,8222,57431,372
33182,1.237661959904429e+18,198.863343555611,52.6565857098098,26.8944,24.3171,21.85401,20.74485,19.91092,3838,301,6,30,9.240376933484876e+18,GALAXY,0.8461796,8207,57431,423
37807,1.2376619599048223e+18,200.272070873209,52.5666933746813,22.56198,25.20991,21.79879,20.81223,19.73134,3838,301,6,36,9.240331303752323e+18,GALAXY,0.7666681,8207,57431,257
79918,1.2376621955955428e+18,170.435709644334,42.2518707410391,22.00838,21.31834,21.16904,20.92708,20.38204,3893,301,5,103,9.421684476759792e+18,QSO,2.057022,8368,57431,560
12051,1.2376621945223905e+18,172.223288941447,41.7716611525332,19.81428,19.59414,19.26233,19.21959,19.28082,3893,301,3,112,9.421776560858618e+18,QSO,1.15549,8368,57431,895
80790,1.2376619577612042e+18,212.83220540429,48.2881396189416,24.63465,22.44987,21.52172,20.56117,21.71393,3838,301,2,95,9.569285391573604e+18,STAR,-0.0002655136,8499,57431,953
95912,1.2376582034453307e+18,210.442140263643,46.1883017933013,25.01451,24.88192,21.73731,20.51949,19.61626,2964,301,1,437,9.569144654085247e+18,GALAXY,0.6431325,8499,57431,441
63571,1.237658302742397e+18,161.584782207734,57.3596264953139,21.86921,20.22861,24.80203,18.90442,22.8269,2987,301,2,70,9.21554858654016e+18,STAR,-2.881089e-06,8185,57431,210
67690,1.2376582045194652e+18,211.946894408285,46.5365564310126,21.56541,21.4277,21.19087,21.2457,21.16149,2964,301,3,443,9.569071261684097e+18,QSO,1.131187,8499,57431,174
99816,1.2376611513831273e+18,211.359903270163,47.0475310572234,24.67775,23.18378,21.76929,20.6253,19.94031,3650,301,4,126,9.569099024352696e+18,GALAXY,0.6122898,8499,57431,275
86364,1.2376619668893207e+18,172.916070211179,41.4692554948725,21.55978,20.09234,19.52324,19.30659,19.19528,3840,301,3,115,9.42154071561446e+18,STAR,0.0001130627,8368,57431,37
87156,1.2376623035041713e+18,200.031509699972,52.8082148378024,24.52484,22.67312,22.06372,21.86422,22.34253,3918,301,6,66,9.240334327409302e+18,GALAXY,0.1914915,8207,57431,268
57103,1.2376583032792023e+18,161.214516156133,57.6932828577027,21.66734,21.0667,20.91914,20.86123,20.57165,2987,301,3,69,9.21557305067388e+18,QSO,2.585965,8185,57431,299
55903,1.2376583032788751e+18,160.006806843208,57.3954037534326,20.67904,20.59649,20.5487,20.47919,20.11056,2987,301,3,64,9.215605211388991e+18,QSO,2.032746,8185,57431,416
66186,1.2376582045195308e+18,212.249988325795,46.5656326931202,21.58782,21.70903,21.69683,21.38044,21.06251,2964,301,3,444,9.56906191583526e+18,QSO,1.990356,8499,57431,140
38775,1.2376582061247693e+18,194.518434639218,50.8391405315478,22.76138,22.43554,21.66912,21.53543,21.12848,2964,301,6,362,9.257185442616596e+18,GALAXY,0.2992496,8222,57431,132
62775,1.2376582045191375e+18,210.865627487794,46.8167802686028,25.17738,22.29337,20.7947,19.66489,19.00369,2964,301,3,438,9.569128161410832e+18,STAR,9.956739e-06,8499,57431,381
56551,1.2376583032790715e+18,160.891493755139,57.4773677629602,20.04884,19.92399,19.84343,19.76639,19.6503,2987,301,3,67,9.215582946278528e+18,QSO,2.047559,8185,57431,335
32419,1.2376619684996713e+18,171.91616343624,42.6042467817227,21.58811,21.30349,21.16981,20.83984,20.6878,3840,301,6,111,9.421756769649316e+18,QSO,1.694288,8368,57431,823
36518,1.2376582061241797e+18,192.527154070519,50.8305230094764,21.08885,21.05129,20.7245,20.73082,20.74193,2964,301,6,353,9.257270929645656e+18,QSO,1.020429,8222,57431,443
25171,1.237662195596198e+18,172.444884773538,42.5320274771074,23.58453,24.92205,21.82198,20.62051,19.93676,3893,301,5,113,9.4217798593935e+18,GALAXY,0.5826242,8368,57431,907
48593,1.237662195595412e+18,169.993317831738,42.1629776352767,22.81523,21.18954,20.63138,20.45949,20.27419,3893,301,5,101,9.421670457986535e+18,STAR,0.000175487,8368,57431,509
85311,1.2376619668883377e+18,170.039223566222,41.1492309735643,21.64706,21.34913,21.0827,21.06872,20.70374,3840,301,3,100,9.421666059940026e+18,GALAXY,0.6355174,8368,57431,493
68603,1.2376619593680817e+18,200.589829015599,51.9849639760658,20.29224,20.08549,19.94351,20.04629,19.90731,3838,301,5,38,9.240318109612794e+18,QSO,0.9348719,8207,57431,209
66602,1.2376582045196618e+18,212.599059402903,46.4767161368638,21.99125,22.26217,21.75153,21.82781,21.14955,2964,301,3,446,9.56904844681782e+18,QSO,1.191443,8499,57431,91
74382,1.237662195595674e+18,170.701055376386,42.3361813062542,22.90913,21.46569,21.08949,21.17707,21.4892,3893,301,5,105,9.42169547187607e+18,QSO,3.221993,8368,57431,600
64308,1.2376582045189412e+18,210.341414317055,46.9368383245308,24.37485,21.94833,20.91523,20.47767,20.20393,2964,301,3,435,9.56915262554455e+18,STAR,-0.0007125853,8499,57431,470
81417,1.237662194522456e+18,172.574262775077,41.683862236796,19.06846,18.15541,17.78709,17.64132,17.58788,3893,301,3,113,9.421788380608616e+18,STAR,0.0003264833,8368,57431,938
94501,1.237661966352122e+18,171.983089919052,41.1028060402056,23.15124,24.82232,21.89274,20.49262,19.83857,3840,301,2,110,9.4215857955912e+18,GALAXY,0.6084423,8368,57431,201
55621,1.2376583032795955e+18,162.927505288282,57.9479616606734,21.71786,21.86322,21.53328,21.49548,20.67647,2987,301,3,75,9.215515051435514e+18,QSO,1.222693,8185,57431,88
75442,1.2376621955956083e+18,170.536303524499,42.3908540781139,22.4616,22.30552,21.97866,22.05153,21.52071,3893,301,5,104,9.421693272852812e+18,QSO,1.214738,8368,57431,592
8827,1.2376576289927992e+18,186.65454669062,52.1591332193783,22.50028,22.10028,21.01426,19.99951,19.1867,2830,301,3,427,9.254912477220854e+18,GALAXY,0.612078,8220,57432,55
50733,1.2376621955936422e+18,164.63685176911,41.3172194294994,21.53252,21.38145,21.23862,21.00712,20.88132,3893,301,5,74,9.41938347381754e+18,QSO,1.913703,8366,57432,381
49620,1.237662195594232e+18,166.457470687305,41.6723302718661,21.64005,21.32866,21.00616,20.83899,20.52924,3893,301,5,83,9.419536580811708e+18,QSO,1.228107,8366,57432,938
50291,1.2376621955938388e+18,165.243709511872,41.6230049056374,19.94247,19.86167,19.61055,19.5332,19.55161,3893,301,5,77,9.419482154986134e+18,QSO,1.362219,8366,57432,740
67252,1.2376582045205798e+18,215.473306991551,45.6491113569196,22.57792,22.04624,21.85695,21.89931,22.45093,2964,301,3,460,9.570154555532138e+18,QSO,2.673346,8500,57432,19
48446,1.2376621955940357e+18,165.825055623308,41.5445454739751,20.43299,20.56802,20.45893,20.50905,20.64715,3893,301,5,80,9.419333720916384e+18,QSO,1.298045,8366,57432,200
58828,1.237661966887224e+18,166.602554453831,40.7596147475955,26.50968,24.21874,21.74814,20.61529,19.85494,3840,301,3,83,9.419293313864065e+18,GALAXY,0.7868651,8366,57432,53
48051,1.2376621955934456e+18,164.136095673164,41.3658795044438,20.58939,20.47168,20.36505,20.07079,20.0016,3893,301,5,71,9.419414260143118e+18,QSO,1.968603,8366,57432,493
13171,1.237661210969834e+18,213.809545078113,45.847345981308,23.49041,22.2385,21.78996,21.65545,21.08351,3664,301,3,35,9.57037308346816e+18,QSO,5.468917,8500,57432,814
82135,1.2376621945202936e+18,166.037070030147,40.7018174793621,20.61256,20.49481,20.54165,20.3133,20.29494,3893,301,3,80,9.419310356294294e+18,QSO,1.600548,8366,57432,115
13170,1.237661210969703e+18,213.432112750637,46.0056596106787,22.41406,21.67143,21.61287,21.31062,21.27071,3664,301,3,33,9.57034861933444e+18,QSO,0.7491705,8500,57432,725
49035,1.237662195594232e+18,166.308452548978,41.6930609952833,22.31952,21.14552,20.73051,20.67669,20.65506,3893,301,5,83,9.419524761061708e+18,STAR,-0.0005042367,8366,57432,895
91057,1.2376582039834465e+18,214.318358071899,45.4350555082776,22.81239,22.35121,20.63486,20.11873,19.69997,2964,301,2,456,9.57018946502632e+18,GALAXY,0.4410287,8500,57432,146
33767,1.237661968497967e+18,166.741470994545,41.9930895568338,21.03135,21.16719,20.83679,20.80716,20.77278,3840,301,6,85,9.419544827148917e+18,QSO,1.233307,8366,57432,968
90859,1.2376618498523136e+18,164.787046573281,42.1556008430604,21.21379,20.97519,20.50761,20.43734,20.48159,3813,301,1,128,9.41945631646288e+18,QSO,1.214496,8366,57432,646
84607,1.2376619668872236e+18,166.72224963371,40.7166983232677,21.87788,21.59232,21.43875,21.38245,21.59735,3840,301,3,83,9.419281219236155e+18,QSO,1.452953,8366,57432,9
65722,1.2376582045199242e+18,213.409719783279,46.2502968764059,22.5649,21.57398,21.19861,20.78917,20.71102,2964,301,3,450,9.570347244944906e+18,GALAXY,0.1154445,8500,57432,720
91052,1.2376613623754263e+18,214.0163831016,44.1529612173993,20.89667,20.90486,20.99537,20.60237,20.61501,3699,301,5,157,9.570195512340271e+18,QSO,1.835237,8500,57432,168
94254,1.2376613623747707e+18,211.96202819832,44.727377016924,18.44008,17.51785,17.13129,16.99368,16.943,3699,301,5,147,9.570270828886778e+18,STAR,-0.0003752389,8500,57432,442
65794,1.2376619668868308e+18,165.629306029502,40.5632676583193,22.97571,21.85584,21.4407,21.47195,21.01276,3840,301,3,77,9.419347189933824e+18,STAR,-0.000741802,8366,57432,249
34907,1.237661362912166e+18,213.841951047395,44.6740606300772,22.07995,22.03884,21.62954,21.22713,22.31681,3699,301,6,155,9.57020650745655e+18,GALAXY,0.7102791,8500,57432,208
90023,1.2376611503097774e+18,212.005182545638,45.8964936797547,24.12838,24.77401,21.51824,20.28515,19.61429,3650,301,2,132,9.570293643753052e+18,GALAXY,0.5674012,8500,57432,525
67473,1.237658204520055e+18,213.786498224594,46.0820659196247,22.02796,21.43964,20.49483,20.18687,19.80918,2964,301,3,452,9.57032965275886e+18,GALAXY,0.0,8500,57432,656
49618,1.2376621955938388e+18,165.227596779429,41.4285268060238,22.20171,21.06742,20.84709,20.73195,20.77062,3893,301,5,77,9.41936560675359e+18,QSO,1.346669,8366,57432,316
77018,1.2376611379639757e+18,165.020562828742,40.6746675048502,26.34452,24.71314,22.23134,20.77841,19.93593,3647,301,3,166,9.419368080654752e+18,GALAXY,0.7753192,8366,57432,325
14155,1.23766113796391e+18,164.894833972888,40.6202926348851,22.91928,23.54599,21.52524,20.25455,19.54994,3647,301,3,165,9.419369180166382e+18,GALAXY,0.7029237,8366,57432,329
50732,1.2376621955934456e+18,164.136515625251,41.3297855144504,20.9796,20.67053,20.27461,20.18814,20.2413,3893,301,5,71,9.41941123648614e+18,QSO,1.403768,8366,57432,482
66303,1.2376582045202516e+18,214.420772320033,45.8653368580352,20.69594,20.32226,20.20219,20.0001,19.64535,2964,301,3,455,9.570394798822808e+18,QSO,0.3960541,8500,57432,893
6070,1.2376613623752302e+18,213.256228193251,44.3529905763163,23.84733,23.42835,21.6977,20.68843,19.85371,3699,301,5,154,9.570227673055384e+18,GALAXY,0.5621094,8500,57432,285
6812,1.2376576295289495e+18,183.947119512496,52.6366515205573,23.99493,23.51431,21.89643,20.84907,19.96762,2830,301,4,416,9.25503342349991e+18,QSO,0.401126,8220,57432,495
32653,1.2376619684978363e+18,166.362057983994,41.9046746801365,21.17161,20.72526,20.40228,20.32896,20.16616,3840,301,6,83,9.41953383203264e+18,QSO,2.766146,8366,57432,928
6898,1.2376613623754926e+18,214.266322323411,44.2054680233559,23.51756,22.98835,21.53814,20.46318,19.82051,3699,301,5,158,9.570187540880974e+18,GALAXY,0.6057876,8500,57432,139
88519,1.2376618498526415e+18,165.678129958814,42.4216516825664,21.11456,20.63159,20.36817,20.28768,20.06912,3813,301,1,133,9.419496448637297e+18,QSO,2.354783,8366,57432,792
63204,1.2376582045199895e+18,213.573462533262,46.0819365760265,21.79554,21.54253,21.3675,21.03585,20.56011,2964,301,3,451,9.57035851493909e+18,QSO,1.090504,8500,57432,761
70154,1.2376613623747054e+18,211.853935581875,44.7688728226977,21.39275,20.51975,20.40474,20.33077,20.08719,3699,301,5,146,9.57027467717747e+18,QSO,2.624118,8500,57432,456
93267,1.2376611508469107e+18,213.026195696643,46.2077741067603,20.4494,19.62331,19.33588,19.25169,19.27447,3650,301,3,136,9.57033597495072e+18,STAR,0.0004365734,8500,57432,679
48695,1.2376621955936422e+18,164.676693839437,41.5317327848372,20.95116,21.00847,21.08347,20.75159,20.60735,3893,301,5,74,9.419388421619864e+18,QSO,1.828873,8366,57432,399
64991,1.2376613623754263e+18,213.999626467749,44.2337258815777,25.28887,22.49481,21.12284,19.88548,19.21879,3699,301,5,157,9.570193863072831e+18,STAR,6.646269e-05,8500,57432,162
48628,1.2376621955939046e+18,165.508615829584,41.5126120631661,20.31499,20.16081,19.89949,19.82082,19.7401,3893,301,5,78,9.419344441154757e+18,QSO,1.380568,8366,57432,239
49034,1.2376621955939046e+18,165.44319316335,41.6039187628232,20.44116,20.47853,20.29613,20.21991,20.18352,3893,301,5,78,9.419354886515218e+18,QSO,1.364844,8366,57432,277
99773,1.2376611513837166e+18,213.144030697035,46.6082926624527,23.40525,22.49875,21.29814,19.93094,19.23758,3650,301,4,135,9.570333226171652e+18,GALAXY,0.6661498,8500,57432,669
48785,1.2376621955933143e+18,163.742869748487,41.1729682465864,21.19757,21.16698,20.86367,20.72167,20.51329,3893,301,5,69,9.419413985265211e+18,QSO,1.381362,8366,57432,492
92663,1.2376611503097774e+18,211.988824685953,45.9419458144396,24.94422,23.31226,21.39127,21.09736,21.51857,3650,301,2,132,9.570292544241424e+18,GALAXY,0.3930928,8500,57432,521
63063,1.2376582045205135e+18,215.232979036488,45.6267309535064,22.03673,22.08859,21.92332,21.90357,21.53751,2964,301,3,459,9.570154280654232e+18,GALAXY,1.509706,8500,57432,18
67408,1.2376582045203827e+18,214.809725918266,45.8729027658086,23.8856,22.31703,21.62618,21.45097,21.93446,2964,301,3,457,9.570411016619315e+18,GALAXY,0.2740274,8500,57432,952
75180,1.2376612120434442e+18,213.941848597232,46.852746013308,21.16655,20.52956,20.43425,20.44104,20.27766,3664,301,5,33,9.570365386886765e+18,QSO,2.626568,8500,57432,786
7767,1.2376613623749023e+18,212.430438258968,44.6991878519406,25.5146,23.08621,21.79417,20.49897,19.76777,3699,301,5,149,9.570263407183288e+18,GALAXY,0.6234722,8500,57432,415
11002,1.2376576289927995e+18,186.749947852608,52.1574654902002,22.8839,23.76475,21.47408,20.394,19.633,2830,301,3,427,9.254932818185968e+18,GALAXY,0.7794825,8220,57432,129
68527,1.2376582034464443e+18,213.712891640033,45.362459894511,22.62344,22.80333,21.71046,20.36079,19.64419,2964,301,1,454,9.570213929160038e+18,GALAXY,0.7919293,8500,57432,235
95359,1.237662194520228e+18,165.870925204367,40.7111223440504,20.7502,20.61405,20.28611,20.29103,20.27051,3893,301,3,79,9.41930898190476e+18,QSO,1.347947,8366,57432,110
81860,1.2376611379637783e+18,164.544581406772,40.5010998764748,20.64339,20.31739,19.97565,19.52376,19.51429,3647,301,3,163,9.419389246253586e+18,QSO,0.1547049,8366,57432,402
73933,1.2376621955936422e+18,164.575095576681,41.3425529268162,24.80215,21.35078,20.014,19.08855,18.62361,3893,301,5,74,9.419397492590797e+18,STAR,7.298037e-05,8366,57432,432
80458,1.2376621955939044e+18,165.41710418437,41.5263620609617,21.71273,21.39,21.11589,20.98513,21.11331,3893,301,5,78,9.419354061881496e+18,QSO,1.439161,8366,57432,274
67703,1.237661137963909e+18,164.81461303188,40.5797960620984,20.70758,20.18734,19.89176,19.51055,19.09882,3647,301,3,165,9.419378800893125e+18,QSO,2.155393,8366,57432,364
72600,1.2376576300666063e+18,187.081185905151,52.9928651656037,21.56174,20.77089,20.76243,20.73745,20.56796,2830,301,5,428,9.255143099784782e+18,QSO,2.489677,8220,57432,894
76430,1.237661212043707e+18,214.811696193238,46.4731669645814,21.86543,21.38982,20.80542,20.88176,20.34048,3664,301,5,37,9.570414864910014e+18,QSO,2.446943,8500,57432,966
12335,1.23766113796391e+18,164.858370544474,40.6969377536583,25.94209,23.76266,21.76213,20.28272,19.45339,3647,301,3,165,9.419369729922191e+18,GALAXY,0.6587882,8366,57432,331
12636,1.2376621945204902e+18,166.567532348559,40.8340345464362,21.26856,21.14998,20.96333,20.68214,20.51636,3893,301,3,83,9.419295238009414e+18,QSO,1.432522,8366,57432,60
69395,1.237657630066475e+18,186.403643025711,53.1222279222857,21.88584,21.00192,20.83589,20.78511,20.62691,2830,301,5,426,9.25512605735455e+18,QSO,2.435862,8220,57432,832
15492,1.2376612109698335e+18,214.004937286381,45.9414536525482,21.66121,21.22561,20.84842,20.61341,20.60266,3664,301,3,35,9.570371983956531e+18,STAR,-9.308898e-05,8500,57432,810
49463,1.23766219559397e+18,165.504396791574,41.6699867440709,20.77082,20.69721,20.31034,20.29094,20.39702,3893,301,5,79,9.419492600346595e+18,QSO,1.228051,8366,57432,778
87503,1.2376582039827912e+18,212.385756646451,45.9514017796362,22.35626,23.30034,22.20657,20.72164,19.74596,2964,301,2,446,9.570315633985608e+18,GALAXY,0.8717517,8500,57432,605
73706,1.237662195594429e+18,166.909775753669,41.7665565816191,21.67257,21.59124,21.48851,21.22237,20.89341,3893,301,5,86,9.419543727637289e+18,QSO,1.80772,8366,57432,964
69303,1.2376613623752952e+18,213.546592754684,44.3446516058758,21.22492,20.6332,20.65975,20.64341,20.38336,3699,301,5,155,9.570216952817017e+18,QSO,2.367916,8500,57432,246
70978,1.2376613623747052e+18,211.820237663153,44.8744258704666,19.90471,19.90075,19.88711,19.78827,19.72749,3699,301,5,146,9.57027412742166e+18,QSO,1.81972,8500,57432,454
79210,1.2376621955939697e+18,165.638603346544,41.662406684667,21.83172,21.03651,20.83418,20.68013,20.63441,3893,301,5,79,9.419503870340782e+18,QSO,2.544277,8366,57432,819
6757,1.237661362374902e+18,212.365496648682,44.635960953747,22.66036,22.50842,22.55484,20.88709,19.78428,3699,301,5,149,9.570261757915849e+18,GALAXY,0.9495564,8500,57432,409
63949,1.2376613623747712e+18,212.036128397071,44.6795371495112,23.97098,22.36414,22.21542,21.91953,21.23443,3699,301,5,147,9.570272478154215e+18,QSO,0.8712256,8500,57432,448
84695,1.2376618498527068e+18,165.932829378879,42.3542565275451,21.95908,22.12082,21.84713,21.6179,21.33174,3813,301,1,134,9.41951926350357e+18,QSO,1.401488,8366,57432,875
63305,1.2376613623754263e+18,213.915463345417,44.2675526251981,24.21892,21.59624,20.3083,19.87722,19.30787,3699,301,5,157,9.570195237462366e+18,QSO,0.2814078,8500,57432,167
62952,1.2376613623747054e+18,211.740517976923,44.8770053795948,23.47829,22.62812,21.41176,20.35074,19.69359,3699,301,5,146,9.570281824003054e+18,STAR,-0.0001245582,8500,57432,482
49763,1.2376621955941015e+18,166.075945618166,41.6490793548646,22.35195,22.08827,21.9503,21.86584,21.81605,3893,301,5,81,9.419515140334969e+18,QSO,1.438998,8366,57432,860
97985,1.2376619674240287e+18,166.421158823133,41.0640230676559,22.47707,19.98365,18.93211,18.48928,18.15397,3840,301,4,82,9.419302934590806e+18,GALAXY,0.1571158,8366,57432,88
65771,1.237658204520252e+18,214.523239161824,46.0208685100465,23.76764,22.3916,22.1841,22.00073,22.00671,2964,301,3,455,9.570393149555364e+18,STAR,-0.0003394246,8500,57432,887
79883,1.2376621955936422e+18,164.558540865093,41.4090656312698,21.2602,21.23291,20.98131,20.87412,21.07352,3893,301,5,74,9.419398592102425e+18,QSO,1.316318,8366,57432,436
93169,1.2376611503100398e+18,212.878531428121,45.7228163005385,21.75,19.87231,19.08787,18.80017,18.66158,3650,301,2,136,9.57032910300305e+18,STAR,-0.0001087474,8500,57432,654
15369,1.2376612109698335e+18,213.836512655077,45.9450111111099,22.2579,22.15604,21.80252,21.87388,21.10303,3664,301,3,35,9.570370884444903e+18,QSO,1.27159,8500,57432,806
67684,1.2376582045198584e+18,213.19874512121,46.3905228719629,21.13367,20.89621,20.75019,20.43812,20.40156,2964,301,3,449,9.570334600561189e+18,QSO,2.081729,8500,57432,674
92716,1.2376611503098432e+18,212.115961733818,45.8399310814547,21.50666,21.38832,21.13565,21.04104,20.87688,3650,301,2,133,9.570304089113516e+18,QSO,1.102717,8500,57432,563
57927,1.2376619668872896e+18,166.91726974042,40.6317829235038,24.03899,24.67761,21.73371,20.63926,19.67087,3840,301,3,84,9.4192790202129e+18,GALAXY,0.8219097,8366,57432,1
40494,1.237657630066279e+18,185.646716903236,53.0439420353977,22.56526,21.61546,21.69633,21.44921,21.46448,2830,301,5,423,9.255093346883625e+18,QSO,1.844476,8220,57432,713
75526,1.2376612120435756e+18,214.399950254343,46.7212428685207,22.08619,21.0438,20.88399,20.79633,20.25159,3664,301,5,35,9.570387926875132e+18,QSO,2.589869,8500,57432,868
48242,1.2376621955935767e+18,164.420939364003,41.3339432125471,21.57035,20.92969,20.75271,20.67037,20.36282,3893,301,5,73,9.419409037462886e+18,QSO,2.159985,8366,57432,474
57997,1.237657609109701e+18,125.59528995916,40.0622134570081,21.3967,20.70151,20.83797,20.69458,20.19261,2825,301,6,139,9.938462088858196e+18,QSO,2.264007,8827,57444,522
27488,1.2376576069626765e+18,128.137451742415,39.6258500224067,22.50824,21.75727,21.56581,21.64053,21.7598,2825,301,2,146,9.93856489319539e+18,QSO,2.41955,8827,57444,896
97630,1.2376575940775777e+18,126.909068160267,38.9817536604458,21.21949,20.80087,20.43976,20.02662,19.70021,2822,301,2,143,9.938402715230296e+18,QSO,0.7582074,8827,57444,306
24068,1.2376576069623483e+18,127.391694614661,39.0615066811983,21.26397,21.05051,20.67833,20.56101,20.63451,2825,301,2,141,9.938382924021e+18,QSO,1.15733,8827,57444,234
97748,1.2376575940778396e+18,127.596543335915,39.4585196617701,20.87989,20.51575,20.3384,20.12907,20.16536,2822,301,2,147,9.938549500032604e+18,QSO,1.553007,8827,57444,840
81073,1.237657594077906e+18,127.803338597934,39.5164196404138,23.55084,23.41842,21.76404,20.59855,19.77125,2822,301,2,148,9.938560220270977e+18,GALAXY,0.7835267,8827,57444,879
23042,1.2376576069620864e+18,126.752148196265,38.6293022957646,21.70251,21.44277,21.1414,21.01249,20.95225,2825,301,2,137,9.938411511323318e+18,QSO,1.484922,8827,57444,338
92608,1.2376575940780362e+18,127.806660789935,39.781372424518,22.09525,19.42489,17.97286,17.02203,16.49686,2822,301,2,150,9.938557196614e+18,STAR,-0.0002641157,8827,57444,868
24645,1.237657606962414e+18,127.608751877695,39.1969615921869,20.72762,20.73309,20.39423,20.3759,20.23777,2825,301,2,142,9.938372478660532e+18,QSO,1.346884,8827,57444,196
99157,1.2376575940781676e+18,128.233449497946,40.0004947595963,21.81331,21.31541,21.15092,20.72749,20.77617,2822,301,2,152,9.93857149026516e+18,QSO,1.898913,8827,57444,920
48253,1.237657595688518e+18,126.515290158263,40.4761733698188,19.66834,19.54018,19.29939,19.33894,19.40105,2822,301,5,148,9.938484628846563e+18,QSO,1.18823,8827,57444,604
23407,1.2376576069620209e+18,126.671077326012,38.5567134501332,21.23944,20.96312,20.68241,20.50635,20.68747,2825,301,2,136,9.938421956683782e+18,QSO,1.48583,8827,57444,376
24881,1.2376576069625452e+18,127.822273736038,39.3480653511908,21.93484,21.96249,21.48005,21.37437,21.18014,2825,301,2,144,9.93836120866635e+18,QSO,1.280405,8827,57444,155
24302,1.2376576069627415e+18,128.240635381313,39.7617882449195,21.75542,21.43185,21.44126,21.0913,20.885,2825,301,2,147,9.938574788800043e+18,QSO,1.742105,8827,57444,932
33820,1.2376576080355656e+18,125.719062492939,38.7293450753113,18.56443,17.60324,17.27355,17.16364,17.12327,2825,301,4,133,9.938451643497732e+18,STAR,-0.0005646304,8827,57444,484
47077,1.237657609109832e+18,125.979967864499,40.1637101795468,21.47814,21.33679,21.32579,20.93663,20.79509,2825,301,6,141,9.938457965689594e+18,QSO,1.827219,8827,57444,507
23734,1.2376576069628728e+18,128.464230254563,39.9272325791349,21.2601,21.30207,20.93161,20.85109,20.76894,2825,301,2,149,9.938583584893063e+18,QSO,1.243814,8827,57444,964
23538,1.237657606962807e+18,128.314495084225,39.7472866955329,21.06157,21.12193,20.7751,20.67309,20.57794,2825,301,2,148,9.938575338555857e+18,QSO,1.451029,8827,57444,934
99248,1.2376575940777743e+18,127.508668724888,39.3171787721986,20.33733,20.1887,19.98408,19.92522,19.73638,2822,301,2,146,9.938373028416346e+18,QSO,0.957696,8827,57444,198
23597,1.2376576069626104e+18,127.980669848619,39.4276252569782,22.26729,21.22455,21.19266,21.01865,20.72433,2825,301,2,145,9.938362033300068e+18,QSO,2.363701,8827,57444,158
80804,1.2376575940778406e+18,127.531462528348,39.474840477517,24.04887,23.34286,21.77124,20.60682,19.90017,2822,301,2,147,9.938549225154695e+18,GALAXY,0.6323542,8827,57444,839
714,1.2376576085732232e+18,126.7540854639,40.3712925029839,21.33127,21.22881,20.89163,20.69721,20.83441,2825,301,5,145,9.938497273230285e+18,QSO,1.362699,8827,57444,650
99189,1.237657594077446e+18,126.615422786213,38.7801462727327,19.11359,18.12746,17.81929,17.69706,17.66137,2822,301,2,141,9.938423331073317e+18,STAR,0.0004318611,8827,57444,381
96627,1.2376575940773809e+18,126.45315572877,38.6579295572956,20.98232,20.86946,20.66101,20.62221,20.52653,2822,301,2,140,9.938434051311688e+18,QSO,1.133161,8827,57444,420
24204,1.2376576069628073e+18,128.320063150021,39.7775153932268,20.56676,20.38727,20.10284,19.96146,19.85441,2825,301,2,148,9.938574513922136e+18,QSO,1.096517,8827,57444,931
806,1.2376576085729613e+18,126.413000060473,39.8997419231288,21.92019,21.62306,21.3284,21.11678,21.03497,2825,301,5,141,9.938490401282611e+18,QSO,1.26861,8827,57444,625
23302,1.237657606961824e+18,126.324592788106,38.1297084678854,19.21155,18.27913,18.01466,17.89847,17.8588,2825,301,2,133,9.938430752776804e+18,STAR,4.648823e-05,8827,57444,408
93932,1.2376575940777096e+18,127.167307422153,39.1788598166871,24.01424,23.71614,22.32417,20.78071,19.92237,2822,301,2,145,9.938393919137274e+18,STAR,-4.936104e-05,8827,57444,274
98914,1.237657594077512e+18,126.868587054925,38.8630326438742,21.97983,21.38823,21.31996,21.56945,21.50965,2822,301,2,142,9.938402165474482e+18,STAR,0.0001410416,8827,57444,304
64204,1.237658203423769e+18,141.398563207301,39.7419265042992,26.37312,22.89344,21.604,20.6181,19.77799,2964,301,1,108,9.944105057426629e+18,GALAXY,0.7594658,8832,57445,571
85097,1.237657776615e+18,130.244104791157,38.5686659097726,19.10378,18.1284,17.88441,17.77667,17.80016,2864,301,6,163,9.939512672235311e+18,STAR,1.162901e-05,8828,57445,248
67627,1.2376582034240315e+18,142.044180222337,40.0976443006629,23.38858,23.6411,21.18601,20.16084,19.41959,2964,301,1,112,9.944134194484765e+18,GALAXY,0.7637556,8832,57445,677
31544,1.2376576300490437e+18,131.574789845477,38.5321505502748,24.70517,23.53531,21.9427,20.70183,19.96176,2830,301,5,160,9.939445327148112e+18,QSO,0.5497175,8828,57445,3
23947,1.2376576069630694e+18,128.901813805589,40.2441193087057,21.56791,20.68351,20.40192,20.34054,19.8806,2825,301,2,152,9.939596784874838e+18,QSO,2.584692,8828,57445,554
65683,1.2376582039610337e+18,142.272792652747,40.5446982792391,23.11489,22.70813,21.10156,19.94606,19.10723,2964,301,2,114,9.944141341310343e+18,GALAXY,0.7608445,8832,57445,703
87653,1.2376577766155228e+18,131.592676120648,39.2668179546759,22.17586,21.89265,21.26886,21.31847,21.31619,2864,301,6,171,9.939471440549272e+18,QSO,1.289557,8828,57445,98
23845,1.2376576069629384e+18,128.601089158522,40.052491832605,21.49589,21.19064,20.9294,20.89532,20.58155,2825,301,2,150,9.93958414049112e+18,QSO,1.048689,8828,57445,508
28938,1.2376582034239007e+18,141.734211340904,39.9666588980234,26.64635,22.89771,21.852,20.73454,19.49425,2964,301,1,110,9.944114403275465e+18,GALAXY,0.9914657,8832,57445,605
85460,1.2376577766151951e+18,130.686369832434,38.7851548642186,21.1883,21.52345,21.02069,21.07531,21.22115,2864,301,6,166,9.939492056392292e+18,QSO,1.353321,8828,57445,173
85459,1.2376577766149327e+18,130.301588860795,38.3760560702829,21.4978,21.46711,21.08808,20.98953,20.62827,2864,301,6,162,9.9395121224795e+18,QSO,1.129301,8828,57445,246
24646,1.2376576069632005e+18,129.234017717571,40.3502738357295,22.23372,21.50797,21.30089,20.74551,20.91785,2825,301,2,154,9.9396072302353e+18,QSO,0.5878998,8828,57445,592
85995,1.237657776615523e+18,131.439596788222,39.2884300180267,22.4438,22.00888,21.89766,21.5996,21.49052,2864,301,6,171,9.93948133615392e+18,QSO,1.667774,8828,57445,134
24303,1.2376576069632005e+18,129.264270796172,40.4165458450404,20.76095,20.27851,20.14924,19.83176,20.00106,2825,301,2,154,9.939606130723674e+18,QSO,0.5907845,8828,57445,588
6456,1.2376577701646835e+18,128.643528541506,40.1573122683001,26.40739,22.94553,21.49925,20.47117,19.55282,2863,301,2,43,9.939595410485303e+18,GALAXY,0.6640638,8828,57445,549
41916,1.2376603433990884e+18,143.868988655625,39.0411474715211,21.64447,21.40686,21.42314,21.16932,20.92745,3462,301,3,228,9.943953049944089e+18,QSO,1.620015,8832,57445,18
25327,1.2376576069629384e+18,128.579614374103,40.0736632299153,21.49716,21.72524,21.52444,21.41503,21.6873,2825,301,2,150,9.93958304097949e+18,QSO,1.20076,8828,57445,504
50670,1.2376607653825088e+18,148.879919771849,39.4294990688061,21.03386,19.85238,19.78729,19.78685,19.87847,3560,301,5,272,9.934046450194602e+18,STAR,0.0002497819,8823,57446,842
34009,1.2376576300493056e+18,132.188760838742,38.8617079545379,24.34098,23.40568,21.27164,20.16754,19.49018,2830,301,5,164,9.940687225548462e+18,GALAXY,0.6681641,8829,57446,425
36264,1.2376576300494367e+18,132.477752880163,39.1561802969266,24.8136,22.94125,21.08324,20.01122,19.30871,2830,301,5,166,9.940668533850788e+18,GALAXY,0.7627078,8829,57446,357
86399,1.2376577766163092e+18,133.262075749735,40.4199756676621,21.64857,21.58701,21.76103,21.40663,21.421,2864,301,6,183,9.940786456472869e+18,QSO,1.69711,8829,57446,786
55598,1.2376607648455726e+18,148.819240694064,39.0921898930001,25.56749,22.45044,21.49239,21.43157,21.66591,3560,301,4,271,9.934049473851578e+18,STAR,-0.0001363109,8823,57446,853
53426,1.237660765382181e+18,147.835923532801,39.0737065263423,20.50938,20.66945,20.35633,20.3603,20.33838,3560,301,5,267,9.93399532290391e+18,QSO,1.175063,8823,57446,656
85816,1.2376577766161787e+18,133.099338057675,40.218571397605,22.53937,21.55261,21.44872,21.44547,21.16152,2864,301,6,181,9.940778485013567e+18,QSO,2.709002,8829,57446,757
56077,1.2376607648449823e+18,147.260156496458,38.3614318731368,22.26372,22.06264,21.72925,21.9202,22.97148,3560,301,4,262,9.933948043903916e+18,QSO,1.10764,8823,57446,484
85167,1.2376577766163092e+18,133.232427020741,40.4519285024183,20.88459,20.60546,20.37024,20.09288,20.17704,2864,301,6,183,9.940789480129843e+18,QSO,1.502933,8829,57446,797
68470,1.2376607648454413e+18,148.463824206722,38.8979446644185,21.02278,20.43967,20.2827,19.72014,19.45318,3560,301,4,269,9.933878224915552e+18,QSO,0.468355,8823,57446,230
88491,1.2376618498470054e+18,149.76271102418,38.2690806160509,20.72519,20.76903,20.39973,20.25325,20.46567,3813,301,1,47,9.933831220793465e+18,QSO,1.156853,8823,57446,59
68469,1.2376607648458345e+18,149.61592519636,39.2179682109075,21.0425,21.11469,21.14381,20.84979,21.46227,3560,301,4,275,9.93407118920623e+18,QSO,2.022175,8823,57446,932
52514,1.2376618509210094e+18,150.045511728014,39.1863652358162,21.03165,20.85295,20.72843,20.50305,20.77716,3813,301,3,51,9.93408713212483e+18,QSO,1.585011,8823,57446,990
33665,1.2376576300493711e+18,132.416988721559,38.9973883413986,25.69266,23.2448,21.81686,20.49726,19.83066,2830,301,5,165,9.940678979211254e+18,GALAXY,0.6984596,8829,57446,395
54215,1.237660764845507e+18,148.692329108994,38.9572814293088,22.22789,22.22352,21.88658,21.67623,21.31307,3560,301,4,270,9.933868879066716e+18,QSO,1.501408,8823,57446,196
22696,1.2376607653823782e+18,148.412681303884,39.3103728629967,24.41407,22.74835,21.40426,20.40896,19.70483,3560,301,5,270,9.934016488502743e+18,GALAXY,0.560574,8823,57446,733
62104,1.2376607653821156e+18,147.781494221149,39.0995024486961,20.49615,20.29609,19.90183,19.63463,19.61717,3560,301,5,266,9.93399449827019e+18,QSO,1.481865,8823,57446,653
67185,1.2376607648456376e+18,149.023574030607,39.0907042941333,21.14021,20.78041,20.60402,20.36783,20.12573,3560,301,4,272,9.93405112311902e+18,QSO,1.476862,8823,57446,859
50869,1.2376607653825088e+18,148.730652829181,39.4115089791638,20.75358,20.69674,20.50581,20.5123,20.75664,3560,301,5,272,9.934038203857392e+18,QSO,1.163244,8823,57446,812
53112,1.23766076538205e+18,147.629987129356,38.9473195251098,21.20254,21.11057,20.78262,20.16327,20.19201,3560,301,5,265,9.93398542729926e+18,QSO,1.862194,8823,57446,620
56298,1.2376576300493706e+18,132.267846230989,39.0002881173891,21.76035,21.61128,21.45978,21.04825,20.95447,2830,301,5,165,9.940687500426367e+18,QSO,1.928558,8829,57446,426
52226,1.2376607653825743e+18,148.868215112779,39.5980860457557,21.3111,21.41136,21.4381,21.15615,20.89632,3560,301,5,273,9.934047824584137e+18,GALAXY,0.8293641,8823,57446,847
86650,1.2376577766154573e+18,131.425277488381,39.1459945853469,21.10066,20.88959,20.95638,20.68918,20.49868,2864,301,6,170,9.94070619212404e+18,QSO,1.9457,8829,57446,494
67654,1.2376609629439263e+18,148.749537873762,39.7176264543578,21.84905,21.78371,21.26807,21.27505,21.88043,3606,301,5,164,9.93403160678763e+18,QSO,1.334938,8823,57446,788
68365,1.2376607648458995e+18,149.627528575554,39.39845491338,17.86249,17.51179,17.30624,17.08473,17.01393,3560,301,4,276,9.934080535055063e+18,QSO,0.4910334,8823,57446,966
31545,1.2376576300493711e+18,132.331806922473,39.0339084585203,23.01645,22.86672,21.59957,20.57466,19.89321,2830,301,5,165,9.940677329943812e+18,GALAXY,0.6672008,8829,57446,389
85683,1.2376577766158502e+18,132.176506422083,39.7366248956604,20.88827,20.80954,20.67332,20.66359,20.64152,2864,301,6,176,9.940724608943806e+18,QSO,1.122936,8829,57446,561
69903,1.2376607648455068e+18,148.649221719395,38.8998299208932,21.48894,21.55027,21.17863,20.88719,20.9725,3560,301,4,270,9.933867229799274e+18,QSO,0.8773161,8823,57446,190
17298,1.2376607653819192e+18,147.207458421139,38.8984364515146,24.75946,24.47607,22.10231,20.76699,19.96526,3560,301,5,263,9.933941721712056e+18,GALAXY,0.7112244,8823,57446,461
85740,1.2376577766159163e+18,132.410355908748,39.8819069182401,22.20695,20.9704,20.62742,20.58799,20.22904,2864,301,6,177,9.940749622833338e+18,QSO,2.361289,8829,57446,652
52225,1.2376607653820495e+18,147.470479431963,39.034431438912,16.53671,16.44774,16.47947,16.57965,16.17858,3560,301,5,265,9.933974432182985e+18,QSO,0.365164,8823,57446,580
19683,1.2376576284393477e+18,134.754517091997,38.8185983965439,21.23862,21.24504,20.69682,20.72639,20.78638,2830,301,2,174,9.940577824141498e+18,QSO,1.214027,8829,57446,27
71946,1.2376609634807324e+18,148.34423431343,40.0546867222233,24.21583,23.03848,21.54083,20.475,19.67121,3606,301,6,163,9.934009341677165e+18,GALAXY,0.5754189,8823,57446,707
34798,1.237657630049568e+18,132.839087966677,39.2649847143443,23.72467,23.06192,21.88223,20.5949,19.79552,2830,301,5,168,9.94065588946707e+18,GALAXY,0.6809888,8829,57446,311
52168,1.2376607653827054e+18,149.191806714095,39.6849475132786,21.3946,21.15007,20.88423,20.82344,20.63454,3560,301,5,275,9.934056895555066e+18,QSO,1.276143,8823,57446,880
53517,1.2376607653819187e+18,147.134240144482,38.918971719186,21.86167,21.88572,21.80682,21.42088,21.70586,3560,301,5,263,9.93396206267717e+18,QSO,1.254308,8823,57446,535
53515,1.237660765382902e+18,149.779837310744,39.8970555625045,21.31061,21.27608,20.97127,20.86878,21.02113,3560,301,5,278,9.934075037496924e+18,QSO,1.002968,8823,57446,946
55677,1.2376607653817887e+18,146.794434025766,38.7487716909362,23.55553,24.0836,22.3905,20.71198,19.65375,3560,301,5,261,9.93394144683415e+18,QSO,1.737475,8823,57446,460
91099,1.2376607659191836e+18,148.089814329637,39.6513356892821,24.86169,24.27589,22.49822,20.70185,19.89358,3560,301,6,269,9.93400164509577e+18,GALAXY,0.7861218,8823,57446,679
55090,1.2376607648459003e+18,149.736506788633,39.3756778641005,23.57222,21.59411,21.25626,21.3269,22.56278,3560,301,4,276,9.93408355871204e+18,QSO,2.963343,8823,57446,977
52695,1.2376607653821156e+18,147.808988368152,39.0261933258179,20.63759,20.09477,20.14478,20.13091,19.96362,3560,301,5,266,9.933995048026e+18,QSO,2.304775,8823,57446,655
67301,1.2376607648451144e+18,147.616527782017,38.5101349214833,25.8428,23.50982,21.24672,20.23534,19.43957,3560,301,4,264,9.933935674398104e+18,GALAXY,0.7138765,8823,57446,439
52235,1.237660765382902e+18,149.726239760503,39.8596302617677,22.49394,21.3118,20.96561,20.5888,20.30764,3560,301,5,278,9.934075862130645e+18,QSO,2.226027,8823,57446,949
53971,1.2376607653823775e+18,148.414156403825,39.2795513026789,21.29531,21.01595,20.53559,20.41611,20.00102,3560,301,5,270,9.934014564357396e+18,QSO,1.106568,8823,57446,726
86123,1.237657776616178e+18,132.941561883175,40.289835593307,21.9209,21.65171,21.21861,20.99364,21.37159,2864,301,6,181,9.940765015996127e+18,QSO,1.486887,8829,57446,708
53330,1.237660764845376e+18,148.284107712706,38.8492697869583,22.28208,21.93776,21.62373,21.23575,20.93991,3560,301,4,268,9.933899665392292e+18,QSO,1.206349,8823,57446,308
23402,1.2376607653820503e+18,147.561428533,39.0512846509099,25.8626,24.11454,21.62367,20.59141,19.79027,3560,301,5,265,9.933985152421351e+18,GALAXY,0.6619455,8823,57446,619
7961,1.237657629512631e+18,132.941484221662,38.8249013520187,25.26918,22.71507,21.54568,20.54526,19.65252,2830,301,4,167,9.94065259093219e+18,GALAXY,0.5489363,8829,57446,299
69355,1.2376609629435983e+18,147.872321386369,39.3837718692097,20.06916,19.93126,19.90462,19.74775,19.70303,3606,301,5,159,9.933991199735306e+18,QSO,1.639306,8823,57446,641
65297,1.2376609629439268e+18,148.811198286469,39.6077041452153,22.67321,21.53589,20.86117,20.81367,20.55704,3606,301,5,164,9.93404480092716e+18,STAR,0.0004913234,8823,57446,836
53543,1.2376607653823775e+18,148.480946234346,39.3901716446079,21.72182,21.17521,20.87823,20.31223,19.98955,3560,301,5,270,9.93402500971786e+18,QSO,0.7235588,8823,57446,764
19495,1.2376576284396751e+18,135.520517362142,39.3053602750632,21.53924,21.15856,21.17403,20.76242,20.80852,2830,301,2,179,9.941794708652317e+18,QSO,0.6376743,8830,57447,358
18046,1.2376576284404616e+18,137.33670625217,40.3074851843872,21.33897,21.47882,21.13106,21.14251,21.00143,2830,301,2,191,9.94194644125695e+18,QSO,1.19937,8830,57447,910
87090,1.2376582018125665e+18,135.39452134052,39.0456010705896,20.61917,20.34874,20.10492,19.73763,19.47389,2963,301,6,99,9.94179525840813e+18,QSO,1.945598,8830,57447,360
50437,1.2376576295137454e+18,135.614140427763,40.3154807726768,22.56697,22.97853,21.50078,20.30783,19.65749,2830,301,4,184,9.94188074543719e+18,GALAXY,0.8050309,8830,57447,671
74738,1.237657627903e+18,136.184839527786,39.3127806169476,23.56184,23.33728,21.87275,20.66448,19.90091,2830,301,1,182,9.941761448425576e+18,GALAXY,0.7940384,8830,57447,237
86250,1.2376582018130253e+18,136.521476419801,39.6469008577325,23.70549,22.09678,21.76668,21.35711,20.88893,2963,301,6,106,9.941927749559278e+18,QSO,0.9949962,8830,57447,842
84526,1.2376582018127631e+18,135.88034670984,39.3287002731537,20.78769,20.56462,20.40373,20.27421,20.16248,2963,301,6,102,9.941780415001158e+18,QSO,1.461348,8830,57447,306
6605,1.2376576295138107e+18,135.801567211157,40.4571346182382,25.49553,25.00025,21.86005,20.6748,19.69715,2830,301,4,185,9.94189064104184e+18,GALAXY,0.8110252,8830,57447,707
86753,1.2376582018130253e+18,136.567802986287,39.7374713567215,21.98167,21.43987,20.87044,20.52637,20.43473,2963,301,6,106,9.941929123948812e+18,GALAXY,0.5187367,8830,57447,847
86677,1.2376582018124357e+18,135.130253190656,38.8870131973869,22.01514,21.69833,21.43569,20.96464,20.85731,2963,301,6,97,9.941812025960454e+18,QSO,0.6528466,8830,57447,421
85805,1.23765820181296e+18,136.402757444759,39.5982256863062,22.66785,21.8888,21.78046,21.52929,21.32206,2963,301,6,105,9.94191950322207e+18,QSO,2.009099,8830,57447,812
60983,1.2376576279032635e+18,136.805741603581,39.6023350527054,26.32494,22.56885,21.61502,20.16575,19.305,2830,301,1,186,9.941932422483696e+18,GALAXY,0.8791028,8830,57447,859
87247,1.2376582018130903e+18,136.591795610983,39.8166924527761,21.93055,21.55815,20.97694,20.7667,20.6851,2963,301,6,107,9.94192939882672e+18,QSO,1.307146,8830,57447,848
58592,1.2376543814461038e+18,155.511213548134,58.2233977505877,25.83618,23.86609,21.85436,20.74227,19.68481,2074,301,2,205,9.220107986667852e+18,GALAXY,0.8095526,8189,57448,413
80072,1.237654383593128e+18,152.230092526439,59.3010929639917,21.77101,21.88249,21.83834,21.47327,21.49565,2074,301,6,198,9.221346861394452e+18,QSO,1.550604,8190,57448,824
27896,1.2376543819829094e+18,154.669910174525,58.6574099180934,23.94295,23.44245,21.89179,20.76678,19.91832,2074,301,3,204,9.220121180807388e+18,GALAXY,0.608263,8189,57448,461
59019,1.2376543819825812e+18,153.539682895965,58.3556872841173,21.08583,20.99125,20.82095,20.80623,20.74699,2074,301,3,199,9.221138503940988e+18,QSO,2.22589,8190,57448,66
71193,1.237658203960378e+18,140.5894142787,39.7215460853868,24.96295,23.81066,22.13013,20.77056,19.90695,2964,301,2,104,9.943079213128243e+18,GALAXY,0.7937126,8831,57448,935
80140,1.2376543835933908e+18,153.260825287055,59.6394180595606,24.10076,22.82529,21.26813,20.12962,19.44344,2074,301,6,202,9.221371325528168e+18,STAR,2.1825e-05,8190,57448,913
81012,1.2376543835924728e+18,149.742566044522,58.5061138603696,22.04373,21.14408,21.04268,21.06621,20.80177,2074,301,6,188,9.221257251196788e+18,QSO,2.430095,8190,57448,498
23362,1.237654380909232e+18,155.703651768395,57.9447087939632,22.84522,22.32587,23.36166,21.73875,18.73129,2074,301,1,205,9.220105787644598e+18,STAR,-4.96188e-05,8189,57448,405
62102,1.2376543814464973e+18,157.161918637931,58.6207538148211,23.20021,22.79333,21.97239,20.86649,19.88704,2074,301,2,211,9.22005521010972e+18,GALAXY,1.061153,8189,57448,221
32724,1.2376583043524198e+18,158.528480448902,57.9185929946111,19.19197,18.21197,17.93185,17.83582,17.82185,2987,301,5,61,9.220009855255076e+18,STAR,0.0003859294,8189,57448,56
42835,1.237658205034055e+18,139.788085839196,40.3558060625557,24.62252,23.4759,21.44102,20.40199,19.746,2964,301,4,103,9.943051725337549e+18,GALAXY,0.6322785,8831,57448,835
86249,1.2376543819825162e+18,153.284218070772,58.2427424787499,24.65148,26.14017,22.77906,21.64249,19.80809,2074,301,3,198,9.221149224179356e+18,QSO,1.00657,8190,57448,105
81431,1.2376543835934556e+18,153.51827156706,59.5751494050346,18.67975,17.77309,17.51309,17.44534,17.39822,2074,301,6,203,9.221372425039796e+18,STAR,0.0003146572,8190,57448,917
29763,1.2376553692822904e+18,158.475140308939,59.2941033738934,25.7683,23.3821,21.68992,20.67752,19.74298,2304,301,2,109,9.220241027574816e+18,GALAXY,0.6507862,8189,57448,897
78484,1.2376543819823188e+18,152.56562098132,57.890795372051,20.97904,19.86096,19.20588,18.85843,18.83276,2074,301,3,195,9.221167640999124e+18,GALAXY,0.2004957,8190,57448,172
29055,1.2376553692815035e+18,155.105802585254,58.5006408323457,22.56618,22.99732,21.69219,20.53374,19.70849,2304,301,2,97,9.220112384714364e+18,GALAXY,0.8465057,8189,57448,429
57578,1.237654381445645e+18,153.751337342812,57.8355584052055,24.01323,23.9727,22.07802,20.8552,19.95413,2074,301,2,198,9.22113383101657e+18,GALAXY,0.8451856,8190,57448,49
85925,1.2376543835928655e+18,151.236446445397,58.9932605083197,20.59034,20.60165,20.63896,20.52752,20.61934,2074,301,6,194,9.221316624824688e+18,QSO,1.949131,8190,57448,714
81441,1.2376543835929316e+18,151.397142899575,59.1415500736853,21.54969,21.22917,20.7756,20.85987,20.74411,2074,301,6,195,9.221314425801432e+18,QSO,1.093299,8190,57448,706
81442,1.237654383593325e+18,152.77612991376,59.5638597849019,23.45664,23.30761,22.0278,20.67811,19.92286,2074,301,6,201,9.221344662371196e+18,STAR,4.421339e-05,8190,57448,816
84362,1.2376543819828436e+18,154.514532244733,58.5517582865102,24.16999,24.89533,22.40524,20.82885,19.90337,2074,301,3,203,9.22012722812134e+18,GALAXY,0.8187506,8189,57448,483
83224,1.237654383592866e+18,151.129316096272,58.8912546720649,21.0477,20.83789,20.84912,20.71221,20.80342,2074,301,6,194,9.221306729220036e+18,QSO,1.950832,8190,57448,678
79705,1.2376543835937836e+18,154.750003627568,59.8911902294556,21.3684,21.25222,20.9517,20.91662,21.0135,2074,301,6,208,9.220145919819012e+18,QSO,1.142197,8189,57448,551
80240,1.2376543835925386e+18,149.76066672983,58.6118958900606,22.38605,21.81725,21.35798,20.99916,20.46283,2074,301,6,189,9.22125697631888e+18,GALAXY,0.8904597,8190,57448,497
3527,1.2376543819825157e+18,153.214133086295,58.1691857320277,21.07884,21.00373,21.07473,20.76036,20.74102,2074,301,3,198,9.221148399545636e+18,QSO,2.081381,8190,57448,102
91292,1.237654383593e+18,151.81505473988,59.1118271721439,25.02992,22.28069,21.68014,20.85529,20.4156,2074,301,6,196,9.221321022871196e+18,GALAXY,0.503673,8190,57448,730
433,1.2376583043520276e+18,156.998292071624,57.703999245322,25.13461,23.40632,22.7102,21.40669,19.82787,2987,301,5,55,9.220071702784136e+18,QSO,1.163464,8189,57448,281
82919,1.2376543819820567e+18,151.478541576858,57.6664370702441,25.85017,24.0391,21.39557,20.33423,19.56761,2074,301,3,191,9.221198702202608e+18,GALAXY,0.5623054,8190,57448,285
57792,1.237654381446366e+18,156.506544077234,58.5389450036597,25.30513,23.23411,21.88145,20.70554,19.65715,2074,301,2,209,9.22007775009809e+18,GALAXY,0.7330931,8189,57448,303
96221,1.2376543835928005e+18,150.791509791918,58.9229320154372,21.18812,21.06738,20.84567,20.62481,20.18202,2074,301,6,193,9.221295459225852e+18,QSO,1.954947,8190,57448,637
59113,1.2376543819834332e+18,156.852109969517,59.014011826043,24.07855,22.12517,21.07158,20.56419,20.04049,2074,301,3,212,9.220219312220166e+18,STAR,-0.0003420497,8189,57448,818
287,1.2376583043524864e+18,158.85549704264,58.0905454826402,25.98469,24.09011,22.3876,20.70866,19.86629,2987,301,5,62,9.2200068315981e+18,GALAXY,0.7219745,8189,57448,45
23705,1.237654380909298e+18,156.077512117908,58.0329328769515,21.14415,20.76224,20.80136,20.71828,21.09769,2074,301,1,206,9.220096716673668e+18,QSO,1.396922,8189,57448,372
29106,1.2376543835933903e+18,153.125652169935,59.5723502633835,25.03277,23.93675,21.07382,20.0499,19.29585,2074,301,6,202,9.221354283097938e+18,GALAXY,0.7115775,8190,57448,851
81357,1.2376543835929313e+18,151.188290877835,59.1245440388482,18.62391,17.61731,17.31029,17.19754,17.20507,2074,301,6,195,9.221314150923524e+18,STAR,0.000159755,8190,57448,705
88552,1.2376543835932593e+18,152.518419186946,59.5050934969911,21.37738,20.60294,20.6756,20.73844,20.32903,2074,301,6,200,9.221345761882824e+18,QSO,2.30733,8190,57448,820
80706,1.2376543835929316e+18,151.149159657677,59.1207170483402,21.71349,21.58697,20.98981,20.9602,20.78258,2074,301,6,195,9.22130453019678e+18,QSO,1.416255,8190,57448,670
80705,1.2376543835928005e+18,150.825578869816,58.9327491179063,21.65917,21.63443,21.335,21.13008,20.67307,2074,301,6,193,9.221306179464224e+18,QSO,1.03352,8190,57448,676
1797,1.2376543819825157e+18,153.325115122477,58.1819095982166,21.67592,21.39264,21.32604,20.9038,21.59345,2074,301,3,198,9.22114812466773e+18,QSO,1.557898,8190,57448,101
2822,1.2376543819833016e+18,156.528913415941,58.9594559714488,22.33394,20.74912,20.72044,19.99847,22.23887,2074,301,3,210,9.220081598388788e+18,STAR,0.0001311954,8189,57448,317
25418,1.2376543835928008e+18,150.749805530613,58.9298316353855,24.96024,24.86539,21.5983,20.42895,19.72586,2074,301,6,193,9.221294909470038e+18,GALAXY,0.6089488,8190,57448,635
30848,1.237655370892313e+18,154.936674515275,59.7744934177903,24.7331,22.9232,21.80913,20.58867,19.80148,2304,301,5,100,9.220158564202732e+18,GALAXY,0.7074214,8189,57448,597
30331,1.2376553708921162e+18,154.184337854637,59.5398083073479,23.23478,22.22029,20.38471,19.77596,19.485,2304,301,5,97,9.221380121621192e+18,GALAXY,0.2830119,8190,57448,945
80913,1.237654383593128e+18,152.053679166689,59.2671433309422,21.17257,20.85019,20.51899,20.37186,20.41598,2074,301,6,198,9.221336690911892e+18,QSO,1.42388,8190,57448,787
65135,1.2376582034229832e+18,139.416868111493,38.7651383851897,25.20704,23.08353,21.50364,20.43654,19.7843,2964,301,1,96,9.94288075127943e+18,GALAXY,0.5583671,8831,57448,213
60261,1.2376543819833674e+18,156.475125760587,59.1072558660552,21.53863,21.28767,21.01294,20.63239,20.59765,2074,301,3,211,9.220195122964356e+18,QSO,1.585577,8189,57448,730
60260,1.2376543819826463e+18,153.779964509264,58.4214039749838,20.30553,20.45542,20.05212,20.01482,19.98774,2074,301,3,200,9.2211390536968e+18,QSO,1.356328,8190,57448,68
80707,1.23765438359339e+18,153.0576577353,59.5839538895716,21.5564,19.1515,18.16337,17.81633,17.54567,2074,301,6,202,9.221356207243288e+18,STAR,-0.0001572762,8190,57448,858
22451,1.237654380909691e+18,157.524891518901,58.3820097179145,22.65066,20.4462,19.98798,19.69067,19.64221,2074,301,1,212,9.220045039627164e+18,QSO,3.432543,8189,57448,184
35367,1.2376576279037875e+18,138.092230431778,40.3669830940043,23.49835,23.9113,21.51554,20.45897,19.51989,2830,301,1,194,9.942972560500349e+18,GALAXY,0.911091,8831,57448,547
94699,1.2376582034229824e+18,139.414130446691,38.8078165999666,21.39779,19.55591,18.41605,17.97965,17.57758,2964,301,1,96,9.942884874448032e+18,GALAXY,0.14479,8831,57448,228
84593,1.2376543819827784e+18,154.300661098136,58.462500744104,24.12256,23.38439,21.95913,20.56757,19.59067,2074,301,3,202,9.221123385656106e+18,GALAXY,1.471378,8190,57448,11
65233,1.2376582034233108e+18,140.301119118962,39.0951026026514,24.18225,23.66224,22.06545,20.78433,19.95596,2964,301,1,101,9.942846116663157e+18,GALAXY,0.8032658,8831,57448,87
84944,1.2376543835933248e+18,152.841200108955,59.589015020084,20.40561,20.38729,20.34575,20.03226,20.09326,2074,301,6,201,9.2213567569991e+18,QSO,1.854264,8190,57448,860
26662,1.237654381982123e+18,151.774523979135,57.7933922191883,25.34656,24.5224,22.1626,20.79467,19.44699,2074,301,3,192,9.2211904558654e+18,GALAXY,1.086686,8190,57448,255
84594,1.2376543819831055e+18,155.59085883404,58.6807921960238,24.76925,23.65637,21.91699,20.45989,19.80026,2074,301,3,207,9.22010029008646e+18,GALAXY,0.7519075,8189,57448,385
80916,1.237654383593849e+18,155.190784971227,59.9983219106101,21.68252,20.75104,20.50896,20.39138,20.61161,2074,301,6,209,9.220155540545756e+18,STAR,-0.0005642786,8189,57448,586
24708,1.237658304352289e+18,157.97478739416,57.9457202554905,21.97316,21.97989,21.5702,21.51215,20.92568,2987,301,5,59,9.22002909670856e+18,QSO,0.8905638,8189,57448,126
52029,1.2376571189466893e+18,126.816708521345,37.8199177241284,22.45833,20.2822,19.01255,18.4702,18.13645,2711,301,5,141,9.972348762432231e+18,GALAXY,0.2069788,8857,57449,921
70984,1.2376611374208128e+18,147.839969629328,35.5719089581089,22.62988,22.07546,21.88742,21.80013,21.34843,3647,301,2,70,9.966522725194551e+18,QSO,1.309377,8852,57449,206
88198,1.237661849845498e+18,145.888565471664,36.6749594854883,21.34409,21.20296,21.06923,20.99336,20.71743,3813,301,1,24,9.966608761979429e+18,QSO,1.211837,8852,57449,519
98327,1.2376613559269455e+18,162.970660117002,44.2297387567849,19.73596,19.58291,19.42982,19.34716,19.43993,3698,301,1,65,9.41157364301066e+18,QSO,1.115607,8359,57449,641
27872,1.2376646695123692e+18,164.308956799455,38.9250809925168,25.06787,23.79669,21.78651,20.76843,19.8194,4469,301,5,342,9.930543681076746e+18,GALAXY,0.6323623,8820,57449,387
92119,1.2376611379574868e+18,147.151316253609,35.7051945959117,23.66993,23.00729,21.35416,20.03016,19.39821,3647,301,3,67,9.966568629805013e+18,GALAXY,0.6671412,8852,57449,373
64635,1.2376611379574868e+18,147.2004599491,35.8458367805654,22.11756,21.60681,21.31569,21.5037,21.52017,3647,301,3,67,9.966558459322456e+18,QSO,1.173468,8852,57449,336
39484,1.2376611390316224e+18,147.809805554431,36.8397227642809,22.25216,22.91178,21.47339,20.36761,19.59433,3647,301,5,73,9.966689576084068e+18,GALAXY,1.010419,8852,57449,813
82198,1.2376611379582075e+18,149.028825481348,36.5518452370957,21.17949,20.9325,20.70599,20.56036,20.52789,3647,301,3,78,9.966485616677116e+18,QSO,1.444999,8852,57449,71
61199,1.2376611379576837e+18,147.595381561277,35.9304716365807,22.27285,22.27485,21.9501,21.92262,21.24494,3647,301,3,70,9.966535919334089e+18,QSO,1.176847,8852,57449,254
24452,1.237657606961169e+18,125.042385637347,37.1239261584684,20.85007,20.27582,19.99699,19.63933,19.41483,2825,301,2,123,9.972205551042712e+18,QSO,0.4635426,8857,57449,400
92411,1.2376575940771187e+18,125.989026912796,38.2784902350667,22.01081,21.62408,21.28805,21.18848,20.93736,2822,301,2,136,9.972301758310144e+18,QSO,2.045448,8857,57449,750
72383,1.2376611374210747e+18,148.480897310857,35.8609448383923,22.62688,21.93652,21.18136,20.66582,20.25356,3647,301,2,74,9.966476545706189e+18,GALAXY,0.0,8852,57449,38
82576,1.2376611379577487e+18,147.798858725067,35.9176675011602,20.73231,20.48588,20.42319,20.19867,20.41445,3647,301,3,71,9.966526023729437e+18,QSO,1.561359,8852,57449,218
38732,1.237661139031819e+18,148.267245912553,37.0498329001146,23.81132,23.80839,22.32988,20.55099,19.87961,3647,301,5,76,9.966709367293368e+18,GALAXY,0.703508,8852,57449,885
95928,1.237661355927208e+18,163.786107308117,44.3328685036261,21.94199,20.96173,20.05015,19.50866,19.21411,3698,301,1,69,9.41160717811531e+18,QSO,0.4141564,8359,57449,763
72499,1.237661137420944e+18,148.212923898559,35.6576867510017,26.17711,23.98612,22.45441,20.663,19.69666,3647,301,2,72,9.966513379345715e+18,STAR,0.0002221686,8852,57449,172
81305,1.2376575940769226e+18,125.607859244131,37.8962198598802,22.8864,22.20228,21.97988,21.98641,21.5705,2822,301,2,133,9.972280867589216e+18,QSO,0.2876233,8857,57449,674
57807,1.2376619668865032e+18,164.662888048335,40.364602078533,25.20169,23.31555,21.58311,20.4474,19.80515,3840,301,3,72,9.930626694204643e+18,GALAXY,0.679569,8820,57449,689
75334,1.237661137957946e+18,148.284993568581,36.2868275980301,22.32194,27.01122,23.26955,21.31212,19.36328,3647,301,3,74,9.966507057153855e+18,GALAXY,0.9057476,8852,57449,149
96257,1.2376611384942925e+18,146.737999444679,36.1871931745193,24.62919,24.42245,21.50284,20.38381,19.52323,3647,301,4,66,9.966573577607338e+18,GALAXY,0.7834709,8852,57449,391
87745,1.2376622251349115e+18,166.373085870543,38.508263618343,22.32952,22.14449,21.82381,21.85509,21.21371,3900,301,4,278,9.930450497466292e+18,QSO,2.333619,8820,57449,48
81523,1.2376611379572902e+18,146.673325470958,35.6480541930743,21.36124,21.27369,20.8113,20.99981,20.70699,3647,301,3,64,9.966578250531756e+18,QSO,1.037593,8852,57449,408
93940,1.2376613559273393e+18,164.050824716326,44.4508992655209,20.34882,20.09278,19.94207,19.89994,19.69032,3698,301,1,71,9.411617898353678e+18,QSO,0.7565043,8359,57449,802
98590,1.237660634386334e+18,161.719010028565,44.0052334809812,21.52965,21.38554,20.99615,20.99699,20.64709,3530,301,1,277,9.411539283272292e+18,QSO,1.053931,8359,57449,516
73340,1.237661137420551e+18,147.169928680662,35.2583611004264,23.3742,24.19159,22.48483,20.79121,19.66766,3647,301,2,66,9.966555160787573e+18,STAR,7.224429e-05,8852,57449,324
72977,1.2376611374213368e+18,149.134126105438,36.1319127540542,21.24457,21.17173,21.44615,21.24135,21.49725,3647,301,2,78,9.966472697415487e+18,QSO,1.719474,8852,57449,24
74880,1.2376613827736376e+18,148.904292046762,36.2579057179864,21.16239,21.13025,20.90002,21.26821,20.7799,3704,301,3,113,9.966490839357348e+18,GALAXY,0.3560631,8852,57449,90
85134,1.237661137957421e+18,147.048437562576,35.786946430788,18.91283,17.9668,17.62737,17.55005,17.53681,3647,301,3,66,9.966568904682922e+18,STAR,-0.0004103605,8852,57449,374
73128,1.237661137963648e+18,164.085915996943,40.3809301039204,22.42568,23.34487,22.10041,20.78229,19.47059,3647,301,3,161,9.930602504948832e+18,GALAXY,0.8487364,8820,57449,601
61423,1.2376611379576837e+18,147.702214224829,35.9755457195935,22.32366,21.53322,21.25131,21.19477,20.75434,3647,301,3,70,9.966537568601528e+18,QSO,2.704571,8852,57449,260
14974,1.2376611390320814e+18,149.005954644019,37.3038427544519,26.26178,23.51871,22.02259,20.52386,19.75962,3647,301,5,80,9.966730807770108e+18,GALAXY,0.7130393,8852,57449,963
62712,1.2376611379579456e+18,148.258936636046,36.2503899699326,22.13052,21.70716,21.67073,21.26723,20.63032,3647,301,3,74,9.966507332031764e+18,QSO,1.672067,8852,57449,150
75904,1.2376613827729165e+18,147.07959222335,35.6021937420237,21.30738,20.19094,19.57958,19.34569,19.06411,3704,301,3,102,9.966568354927106e+18,QSO,2.242618,8852,57449,372
61407,1.2376611379582733e+18,149.148009811423,36.434814453422,22.1461,22.18384,22.04379,21.83536,22.27613,3647,301,3,79,9.96647544619456e+18,QSO,2.824346,8852,57449,34
30194,1.237664669512434e+18,164.574668565589,39.0290518249421,23.85316,23.24383,21.41436,20.35501,19.61922,4469,301,5,343,9.93053158644884e+18,GALAXY,0.5300237,8820,57449,343
11436,1.2376613564644068e+18,164.584415510103,44.9735352509,22.31355,21.90158,21.81275,21.59311,21.6124,3698,301,2,74,9.411634940783909e+18,QSO,1.622044,8359,57449,864
61010,1.2376611379578803e+18,148.129314357639,36.1624869921216,22.13047,21.65602,21.34501,21.5153,21.30094,3647,301,3,73,9.9665166778806e+18,QSO,2.588602,8852,57449,184
89364,1.237661849845498e+18,145.933554714691,36.7331905482503,21.92377,21.89407,21.98894,21.78308,20.86752,3813,301,1,24,9.96660848710152e+18,QSO,2.117628,8852,57449,518
66268,1.2376611379572902e+18,146.585616484317,35.5549404774129,22.56172,21.4812,21.027,20.92892,20.66487,3647,301,3,64,9.966587321502683e+18,STAR,-0.0002528593,8852,57449,441
82109,1.2376611379574868e+18,147.162644952863,35.6847413384323,20.8323,20.74741,20.78924,20.67654,20.32153,3647,301,3,67,9.966567805171292e+18,QSO,2.035496,8852,57449,370
68277,1.2376611379583388e+18,149.33755291584,36.533307250987,21.4197,19.37968,18.4848,18.1355,17.98116,3647,301,3,80,9.966475995950373e+18,STAR,9.826608e-07,8852,57449,36
67449,1.2376611379636467e+18,164.094263109707,40.5509761432145,22.24555,21.80881,21.37676,21.36339,21.41835,3647,301,3,161,9.93060360446046e+18,GALAXY,0.2834363,8820,57449,605
74879,1.2376613827732444e+18,148.05919440346,35.765694435674,22.13564,21.86322,21.56272,21.46836,20.89611,3704,301,3,107,9.96651310446781e+18,GALAXY,1.011555,8852,57449,171
72960,1.2376619668870927e+18,166.343629933006,40.5597066799922,23.02624,22.09141,21.85539,21.66166,21.4029,3840,301,3,81,9.930685243198822e+18,QSO,2.53247,8820,57449,902
75269,1.23766138277888e+18,163.312106641967,40.011828252349,20.0207,20.07206,19.5172,19.51026,19.54067,3704,301,3,193,9.930581889105814e+18,QSO,1.251421,8820,57449,526
31556,1.237661137963516e+18,163.684731566611,40.4845850323614,20.75262,18.84367,17.86164,17.46845,17.13994,3647,301,3,159,9.930576391547673e+18,GALAXY,0.1161939,8820,57449,506
36514,1.237664669513286e+18,166.938607323047,39.2401555840753,24.96583,22.94675,21.58915,20.5873,19.31832,4469,301,5,356,9.93043977722792e+18,GALAXY,0.9131051,8820,57449,9
57749,1.23766076377052e+18,145.874028245752,36.8657887031807,24.27212,24.92429,22.31107,21.05064,19.67567,3560,301,2,251,9.966608212223613e+18,GALAXY,0.9024942,8852,57449,517
62638,1.2376611379574868e+18,147.214072433997,35.6978114240349,20.88775,20.81209,20.70377,20.58505,20.3484,3647,301,3,67,9.966557909566642e+18,QSO,1.997029,8852,57449,334
94889,1.2376613559265528e+18,161.739998868212,43.9337615529766,18.37593,18.23765,18.10421,18.15947,18.06026,3698,301,1,59,9.411540107906011e+18,QSO,0.9203849,8359,57449,519
57356,1.2376613827733752e+18,148.308411045266,35.9958165600486,21.91086,22.09649,21.84804,21.63975,21.35809,3704,301,3,109,9.966498261060835e+18,QSO,1.486629,8852,57449,117
50496,1.2376618509257935e+18,163.729707494073,42.9803713769141,21.9547,21.70405,21.48186,21.27371,21.92748,3813,301,3,124,9.41147935988858e+18,QSO,1.92962,8359,57449,298
92400,1.237661137957618e+18,147.479254246561,35.8494419697533,25.11233,24.70418,22.2731,21.06683,19.91999,3647,301,3,69,9.966547739084083e+18,GALAXY,0.8354924,8852,57449,297
94354,1.2376619663500257e+18,165.919666321458,40.1108927689294,24.53905,22.9324,21.12971,20.01614,19.37145,3840,301,2,78,9.930660779065104e+18,GALAXY,0.5878514,8820,57449,813
77419,1.2376611374269727e+18,164.831445010545,40.258454148335,20.59495,20.63101,20.28591,20.23856,20.39128,3647,301,2,164,9.930641537611618e+18,QSO,1.15786,8820,57449,743
14926,1.2376611379637133e+18,164.217402438658,40.4213841269842,23.83052,23.17891,21.53695,20.38559,19.62132,3647,301,3,162,9.930616798599991e+18,GALAXY,0.6534207,8820,57449,653
94177,1.237661966350287e+18,166.570163967238,40.1841048031152,25.77547,21.75566,20.29403,19.74637,19.46615,3840,301,2,82,9.930700911239518e+18,GALAXY,0.3132935,8820,57449,959
83266,1.2376611379635817e+18,163.865388457469,40.3568052861689,21.28311,20.63566,20.51658,20.63576,20.44261,3647,301,3,160,9.930594258611626e+18,QSO,2.889845,8820,57449,571
86229,1.2376611379635814e+18,163.84457002237,40.4094880897274,19.0849,18.17081,17.85426,17.76166,17.74526,3647,301,3,160,9.93059178471046e+18,STAR,-0.0006311843,8820,57449,562
76845,1.237661137420616e+18,147.405465278237,35.3739877817835,21.71576,21.50977,21.3813,21.051,20.96527,3647,301,2,67,9.966543890793388e+18,QSO,1.796065,8852,57449,283
86702,1.237661137963516e+18,163.590875881807,40.4051063826836,21.97276,21.72033,21.26615,20.75773,21.01716,3647,301,3,159,9.930578040815114e+18,GALAXY,0.4644036,8820,57449,512
1245,1.237657401340724e+18,127.444586298314,37.3514053113025,24.94631,24.65136,22.10608,20.49779,19.71922,2777,301,3,140,9.972368003885718e+18,GALAXY,0.7400057,8857,57449,991
92899,1.2376575940771195e+18,126.185967091722,38.2183729444104,23.14118,21.99028,21.00353,20.53793,19.9213,2822,301,2,136,9.972323748542702e+18,QSO,0.9612216,8857,57449,830
81905,1.237661137963582e+18,163.956280573059,40.4444823838513,21.83221,22.22183,21.83341,21.81925,21.13356,3647,301,3,160,9.93060442909418e+18,QSO,1.991576,8820,57449,608
95535,1.2376611384947512e+18,147.902969827289,36.5343727827014,26.03633,23.70613,21.35763,20.05275,19.4179,3647,301,4,73,9.966519701537577e+18,GALAXY,0.7285445,8852,57449,195
81950,1.237661137957618e+18,147.472275636479,35.8671983643298,20.83395,20.64755,20.43969,20.50532,20.28849,3647,301,3,69,9.966547464206178e+18,QSO,1.034481,8852,57449,296
84905,1.2376611379574863e+18,147.157069039876,35.822474585363,19.17506,18.88949,18.94287,18.80624,18.6083,3647,301,3,67,9.9665680800492e+18,QSO,0.546726,8852,57449,371
25316,1.2376646695125655e+18,164.862774596481,38.962397835074,22.94902,22.91423,21.59099,20.49094,19.82784,4469,301,5,345,9.930509596216283e+18,GALAXY,0.844646,8820,57449,263
24382,1.2376576069616932e+18,126.114699589607,37.9067345714867,21.4552,20.9495,20.98421,20.94554,20.79502,2825,301,2,131,9.972314402693863e+18,QSO,2.452994,8857,57449,796
35953,1.2376611379580772e+18,148.617359991439,36.4122591019161,26.18769,24.96647,21.84237,20.77625,19.84944,3647,301,3,76,9.966502109351533e+18,GALAXY,0.8170401,8852,57449,131
11555,1.2376611379639754e+18,165.089470046792,40.5867545158473,24.12775,22.98898,21.68491,20.40038,19.50846,3647,301,3,166,9.930646485413943e+18,GALAXY,0.775579,8820,57449,761
97769,1.2376575940762665e+18,124.326867657853,36.7542512648656,21.16949,20.52003,20.16119,19.91194,19.90539,2822,301,2,123,9.972232489077594e+18,QSO,1.449753,8857,57449,498
11276,1.2376611379637788e+18,164.510473524924,40.4607621971795,26.72866,23.31512,21.24227,20.117,19.38797,3647,301,3,163,9.930615149332552e+18,GALAXY,0.6889098,8820,57449,647
90325,1.2376571178722929e+18,126.365177036871,36.1856909075148,23.23928,24.14087,22.23415,20.76188,19.8005,2711,301,3,131,9.972141779368305e+18,STAR,8.032291e-05,8857,57449,168
97770,1.23765759407725e+18,126.279513150142,38.5256697597412,20.88676,20.90845,20.59035,20.72421,21.0785,2822,301,2,138,9.972321274641535e+18,QSO,1.334563,8857,57449,821
54844,1.2376613827731784e+18,147.849695996957,35.7135918397804,17.89083,17.76029,17.86325,17.81222,17.42378,3704,301,3,106,9.966525473973625e+18,QSO,0.3987912,8852,57449,216
96406,1.2376613559268147e+18,162.570332309671,44.0633572251602,21.12438,20.99836,20.7463,20.74748,20.64117,3698,301,1,63,9.411563197650196e+18,QSO,1.217079,8359,57449,603
29424,1.2376618509261212e+18,164.74308526852,43.0225449712701,24.24191,23.48325,21.78643,21.15619,21.94651,3813,301,3,129,9.411422185283934e+18,GALAXY,0.4803701,8359,57449,90
6306,1.2376609613327237e+18,148.070860741714,37.9485894390088,20.25648,21.14074,21.08854,21.58523,21.32436,3606,301,2,155,9.966703594857322e+18,STAR,0.0003359106,8852,57449,864
90176,1.2376611379572902e+18,146.599118125294,35.580357611575,20.49312,20.49374,20.54372,20.21541,20.07721,3647,301,3,64,9.96658869589222e+18,QSO,1.76883,8852,57449,446
90733,1.2376611368840074e+18,148.18119483709,35.3227180063973,24.78191,23.34759,21.91541,20.78691,19.93849,3647,301,1,71,9.96651035568874e+18,GALAXY,0.6543446,8852,57449,161
56307,1.237660763771111e+18,147.443265834125,37.6160726798788,26.64257,22.87815,21.79293,20.58483,19.4667,3560,301,2,260,9.966670884386396e+18,GALAXY,0.9505208,8852,57449,745
95170,1.2376611379637135e+18,164.359643934112,40.4879520670944,25.48295,24.05674,21.56836,20.2736,19.60445,3647,301,3,162,9.930616248844182e+18,GALAXY,0.7592828,8820,57449,651
23878,1.2376576069608412e+18,124.3421300404,36.557602419328,21.22874,20.6355,20.34473,19.93612,19.7657,2825,301,2,118,9.972228091031083e+18,QSO,1.843204,8857,57449,482
83884,1.2376611379635817e+18,163.798069326603,40.5067006151421,21.16934,21.12043,20.89028,20.79749,21.10617,3647,301,3,160,9.930591509832554e+18,QSO,1.36695,8820,57449,561
63715,1.2376619668870267e+18,166.170004588008,40.5325636935518,21.05202,21.09501,20.71369,20.71305,21.332,3840,301,3,80,9.930669025402313e+18,QSO,1.399333,8820,57449,843
76020,1.2376613843834644e+18,146.202938746738,36.6100256184766,22.47185,22.81507,21.57288,20.47504,19.72831,3704,301,6,101,9.966597217107335e+18,GALAXY,0.7772645,8852,57449,477
69409,1.2376611374269071e+18,164.559439764762,40.051252242596,20.95311,20.73496,20.55695,20.23557,20.09629,3647,301,2,163,9.930629717861622e+18,QSO,0.7764392,8820,57449,700
69096,1.2376611374269071e+18,164.655259548533,40.0690551794006,21.36755,21.12258,21.10037,20.70517,20.3882,3647,301,2,163,9.930629168105804e+18,QSO,1.777328,8820,57449,698
25913,1.2376576069613655e+18,125.436304460874,37.5144703964365,21.08846,20.93559,20.9081,20.53482,20.53682,2825,301,2,126,9.972283066612474e+18,QSO,1.71852,8857,57449,682
75715,1.237661384384185e+18,148.118107312845,37.1810731041355,25.94789,23.91712,21.85304,20.70457,19.90514,3704,301,6,112,9.966697822421277e+18,GALAXY,0.7227963,8852,57449,843
57525,1.2376607637710449e+18,147.16555005727,37.5611089462227,24.02546,25.90129,21.84067,20.72471,19.72906,3560,301,2,259,9.96665164293291e+18,GALAXY,0.854985,8852,57449,675
83908,1.2376607632344356e+18,148.039869066207,37.3851562625838,25.76526,25.45552,21.53531,20.54674,19.60993,3560,301,1,263,9.966707718025929e+18,GALAXY,0.7380472,8852,57449,879
76281,1.2376613827729823e+18,147.234389696522,35.5934113275064,21.57222,21.41094,21.184,20.886,20.81949,3704,301,3,103,9.966555985421294e+18,QSO,1.938554,8852,57449,327
82387,1.2376611379572247e+18,146.603161317792,35.4845100941775,20.70633,20.52892,20.35513,20.28909,20.03237,3647,301,3,63,9.966588146136406e+18,QSO,0.7420105,8852,57449,444
97437,1.2376613559268147e+18,162.626497605629,44.1124744277991,20.82594,20.34507,20.08918,19.70664,19.73963,3698,301,1,63,9.411564297161824e+18,QSO,1.616271,8359,57449,607
59408,1.2376619668870927e+18,166.256648109114,40.5710285177442,25.51413,24.02568,21.6156,20.37377,19.52296,3840,301,3,81,9.930684968320918e+18,GALAXY,0.7727389,8820,57449,901
73073,1.2376611374211405e+18,148.678932603355,35.8416603232815,22.79798,22.01366,21.94977,21.73616,22.09685,3647,301,2,75,9.96647984424107e+18,QSO,2.34932,8852,57449,50
66664,1.237661137957945e+18,148.281823928401,36.1664474429891,19.2956,18.73025,18.61279,18.5518,18.3771,3647,301,3,74,9.966505682764325e+18,QSO,2.422206,8852,57449,144
24300,1.2376576069618895e+18,126.570937599143,38.2633782391217,20.45765,20.16564,19.58854,19.19825,19.18893,2825,301,2,134,9.972335568292698e+18,QSO,1.483463,8857,57449,873
74332,1.2376613827788147e+18,163.268088270591,40.0266734034252,21.98993,21.45609,21.33823,20.93115,20.90577,3704,301,3,192,9.93058133935e+18,QSO,0.6786394,8820,57449,524
24299,1.2376576069616932e+18,126.004436600417,38.0041010335364,21.65521,21.37818,21.20997,20.74121,20.88692,2825,301,2,131,9.972313303182238e+18,QSO,1.909992,8857,57449,792
64372,1.2376611379581422e+18,148.924811177347,36.42418905365,22.0829,21.84365,21.3097,21.55503,21.06417,3647,301,3,77,9.966487540822465e+18,GALAXY,0.2676248,8852,57449,78
86072,1.2376611379637783e+18,164.49319502406,40.4277499858973,23.11775,21.65243,21.40532,21.12213,21.46166,3647,301,3,163,9.930614874454645e+18,STAR,-0.0002948632,8820,57449,646
22271,1.237657606961169e+18,125.035961862732,37.0632319780495,21.68085,21.22633,20.74194,20.46372,20.14618,2825,301,2,123,9.972205001286902e+18,QSO,2.155482,8857,57449,398
26814,1.2376646695128271e+18,165.690031301622,39.0645899137615,24.09714,23.06283,21.63315,20.56767,19.81248,4469,301,5,349,9.93047771037908e+18,GALAXY,0.578753,8820,57449,147
81756,1.2376611379574213e+18,146.935019882839,35.6876514082944,20.34314,20.20504,19.92462,19.93095,20.08773,3647,301,3,66,9.966579350043386e+18,QSO,1.363485,8852,57449,412
22176,1.2376576069616937e+18,126.050169549319,37.9413049873148,24.67135,25.08213,22.60672,21.11408,19.9661,2825,301,2,131,9.972313578060145e+18,STAR,-0.0001778666,8857,57449,793
8792,1.2376607637705203e+18,145.931870597834,37.0139887415719,26.05098,24.0895,22.18586,21.05868,19.85653,3560,301,2,251,9.966606013200355e+18,GALAXY,0.7970755,8852,57449,509
68327,1.237661137957421e+18,146.964352935022,35.6883509528522,20.23007,19.9167,19.67402,19.47075,19.335,3647,301,3,66,9.966579899799198e+18,QSO,1.980632,8852,57449,414
48537,1.2376621955925937e+18,161.604376973777,40.7419397328557,21.92867,21.99409,21.53961,21.53176,22.36117,3893,301,5,58,9.41825647470106e+18,QSO,1.178277,8365,57450,377
67997,1.2376611379587315e+18,150.387927937565,36.8461066633253,20.0135,19.68038,19.63243,19.67777,19.27357,3647,301,3,86,9.968920210315696e+18,QSO,0.7473821,8854,57450,736
57172,1.237657611266032e+18,179.485520120257,56.9038225338784,18.39059,17.49919,17.28213,17.16304,17.15083,2826,301,2,274,9.27068854523608e+18,STAR,0.0001959963,8234,57450,104
82317,1.237657613413581e+18,179.301936920508,58.557001957373,21.21103,21.16574,20.91175,20.79988,20.60395,2826,301,6,275,9.270897452445358e+18,QSO,1.084026,8234,57450,864
48266,1.237661384389231e+18,162.186241995251,41.1831475091456,23.37322,24.05138,21.89427,20.75238,19.76781,3704,301,6,189,9.41823668349176e+18,GALAXY,0.8198314,8365,57450,305
73278,1.2376613827744238e+18,151.000568979162,36.9033262297216,21.67349,21.90561,21.59198,21.50295,21.0382,3704,301,3,125,9.968952096152902e+18,QSO,1.400494,8854,57450,852
5778,1.2376613537798556e+18,179.762428284144,58.0009550966669,24.54542,22.16095,20.6442,19.86725,19.64423,3697,301,5,71,9.27091229585233e+18,STAR,8.038169e-05,8234,57450,918
4763,1.2376613537797243e+18,179.447139100658,57.8971883182388,21.77005,20.87401,20.31184,19.90574,19.76481,3697,301,5,69,9.27089992634652e+18,GALAXY,0.1269365,8234,57450,873
83948,1.237661137958404e+18,149.525367931955,36.5326861920547,18.48439,17.54649,17.22295,17.08535,17.08793,3647,301,3,81,9.968849841571518e+18,STAR,-0.0003715919,8854,57450,480
48594,1.237662195593249e+18,163.517050019832,41.3204202573719,21.69088,21.60494,21.37138,21.01578,20.92775,3893,301,5,68,9.418177034985951e+18,QSO,1.773918,8365,57450,88
83949,1.2376611379591252e+18,151.371169416347,37.219985392418,21.7775,21.59729,21.33531,21.18659,20.72751,3647,301,3,92,9.968970238094762e+18,QSO,0.8373544,8854,57450,918
21072,1.237661354316071e+18,176.984197006832,58.1839573354502,22.13131,19.95849,18.97168,18.48506,18.30429,3697,301,6,61,9.270820211753509e+18,STAR,-0.0001684252,8234,57450,583
22608,1.237657630047995e+18,129.202152304291,36.963451102796,22.86894,23.46555,21.89439,20.76394,19.9257,2830,301,5,144,9.973274551239596e+18,GALAXY,0.7906203,8858,57450,193
86610,1.2376577766142116e+18,128.695653067018,37.2822492133449,17.91817,17.65179,17.61537,17.47407,17.49183,2864,301,6,151,9.973424909454694e+18,QSO,0.5741003,8858,57450,740
73791,1.237662195592528e+18,161.329758754446,40.6984601969154,22.66726,22.31295,21.8619,21.6764,20.69833,3893,301,5,57,9.41826719493943e+18,QSO,2.179651,8365,57450,416
4792,1.2376613537791345e+18,176.831357298604,57.8410730216664,23.10448,22.09816,21.79874,21.73783,21.60588,3697,301,5,60,9.270813339805831e+18,GALAXY,0.05072561,8234,57450,558
57066,1.237661382774489e+18,151.164759977512,36.9630548616562,21.18066,20.26368,19.78095,19.56782,19.56289,3704,301,3,126,9.968962541513366e+18,QSO,2.814833,8854,57450,890
59212,1.237657611265442e+18,176.80410494432,56.7801036770444,25.25878,22.58831,21.12479,20.65478,20.04493,2826,301,2,265,9.27078750128258e+18,GALAXY,0.2949333,8234,57450,464
3918,1.2376613537792655e+18,177.309150425728,57.6987481984372,22.98527,22.24976,21.96982,21.69117,21.39877,3697,301,5,62,9.27082543443374e+18,QSO,1.551095,8234,57450,602
3325,1.2376621955926592e+18,161.799865502176,40.7984714949968,22.4326,22.93105,21.75163,20.5023,19.83276,3893,301,5,59,9.418255375189432e+18,STAR,-0.0002278075,8365,57450,373
82111,1.237661137958732e+18,150.458843837585,36.8851804614156,21.5867,21.67507,21.50481,21.1789,20.7982,3647,301,3,86,9.968929556164532e+18,QSO,2.018269,8854,57450,770
5821,1.2376613537791347e+18,176.973323733077,57.6753513809667,22.51824,21.55469,20.62972,20.31792,20.36591,3697,301,5,60,9.270814164439554e+18,QSO,1.809568,8234,57450,561
6001,1.2376613537797243e+18,179.381182280229,57.8932934602598,21.32015,20.91299,20.53387,20.48297,20.53268,3697,301,5,69,9.270901300736055e+18,GALAXY,1.777797,8234,57450,878
6770,1.2376613537795277e+18,178.608040628426,57.8968230611825,22.57614,21.75468,21.29772,20.98199,20.66065,3697,301,5,66,9.270867765631408e+18,QSO,0.5820826,8234,57450,756
24932,1.2376622251358948e+18,169.218324914666,39.1288833895131,21.90226,21.47532,21.23581,21.23315,21.41436,3900,301,4,293,9.92936500462855e+18,STAR,-0.0002380019,8819,57450,195
86649,1.237657776614277e+18,128.760103271475,37.4141690654355,22.24681,22.19627,21.75934,21.64336,22.40789,2864,301,6,152,9.97342078628609e+18,QSO,1.120276,8858,57450,725
81199,1.2376611379586662e+18,150.12151687565,36.8951144188869,20.34646,20.12498,19.89093,19.9594,19.98985,3647,301,3,85,9.968906741298256e+18,QSO,1.086634,8854,57450,687
74141,1.237661382774162e+18,150.292584240401,36.7339790680249,21.02413,20.73687,20.58343,20.34656,20.21248,3704,301,3,121,9.96892076007151e+18,QSO,0.7790792,8854,57450,738
58112,1.2376576128763167e+18,177.806286878112,57.9383329816999,21.9332,21.58651,21.67102,21.40174,21.18303,2826,301,5,269,9.270845775398853e+18,QSO,0.6600852,8234,57450,676
60286,1.237657612876055e+18,176.663069939047,57.9870374228032,22.78523,22.05976,21.86341,21.89106,21.52365,2826,301,5,265,9.27081279005002e+18,QSO,2.71354,8234,57450,556
97217,1.2376611368847283e+18,150.015747087563,35.9456135299159,23.78387,22.95789,21.59177,20.43169,19.71745,3647,301,1,82,9.968810534030823e+18,GALAXY,0.7889182,8854,57450,337
76921,1.2376613827748823e+18,152.212305698096,37.2137092200279,20.72645,20.5456,20.28546,20.2254,20.33549,3704,301,3,132,9.968988929792432e+18,QSO,1.163167,8854,57450,986
96393,1.237662195593052e+18,162.930610759237,41.1000805101259,21.66967,21.84427,22.1776,22.16199,22.07658,3893,301,5,65,9.418192977904556e+18,GALAXY,0.02197805,8365,57450,146
71550,1.237661137422058e+18,151.117115140518,36.7983640833191,23.98505,22.43071,21.28691,20.10477,19.61381,3647,301,2,89,9.968963366147086e+18,STAR,-7.002924e-06,8854,57450,893
3380,1.2376613537792655e+18,177.345741708337,57.85680105286,20.48637,20.43933,20.25207,20.22887,20.05228,3697,301,5,62,9.270835330038389e+18,QSO,0.9548427,8234,57450,638
52231,1.2376618509248105e+18,160.867470557164,42.2440667736753,22.37576,21.35778,20.75006,20.61856,20.70698,3813,301,3,109,9.41829633199757e+18,STAR,0.0002989708,8365,57450,522
48311,1.2376613843893627e+18,162.549014142616,41.2139818590935,23.76721,22.63742,21.2393,20.05407,19.18974,3704,301,6,191,9.418216342526646e+18,GALAXY,0.7293876,8365,57450,231
62797,1.2376611379592563e+18,151.718430926813,37.3935064841644,21.94994,21.75486,21.73897,21.3414,22.25411,3647,301,3,94,9.968980683455226e+18,QSO,1.64443,8854,57450,956
5887,1.2376613537793316e+18,177.685679548805,57.7202076271976,22.99162,20.84763,20.09068,19.77551,19.57365,3697,301,5,63,9.270837254183735e+18,STAR,-0.001231963,8234,57450,645
6921,1.237661353779331e+18,177.623234466789,57.7311430046326,22.00434,21.3614,20.95371,20.32124,19.82627,3697,301,5,63,9.270836704427926e+18,QSO,0.5101277,8234,57450,643
56375,1.2376576300481907e+18,129.585688425005,37.2540484076929,20.77395,20.55458,20.43256,20.26737,20.10504,2830,301,5,147,9.973455420902363e+18,QSO,2.024148,8858,57450,851
49651,1.23766222620944e+18,168.302611968076,39.7918855332915,24.27049,23.98389,21.41018,20.27099,19.41965,3900,301,6,290,9.929498595291322e+18,GALAXY,0.7424224,8819,57450,681
20459,1.2376576300483228e+18,129.921910209731,37.5410281482049,25.47685,23.58855,21.50462,20.40564,19.69422,2830,301,5,149,9.9734647667512e+18,GALAXY,0.6391456,8858,57450,885
22387,1.2376613543167263e+18,179.832524513078,58.4204896439255,21.31527,18.84152,17.45328,16.25918,15.59962,3697,301,6,71,9.270907622927915e+18,STAR,-2.980751e-05,8234,57450,901
49123,1.2376621955931835e+18,163.282576322153,41.1153125692599,21.94291,21.43831,21.22106,21.12724,20.72905,3893,301,5,67,9.418191053759207e+18,QSO,2.305322,8365,57450,139
49237,1.237662195592528e+18,161.389760278199,40.6892065875916,21.03438,20.2592,20.2254,20.15583,19.91213,3893,301,5,57,9.418266645183615e+18,QSO,2.285691,8365,57450,414
2679,1.237657629511255e+18,129.874308628079,36.7541152586384,25.89903,23.63441,22.0857,20.72923,19.8548,2830,301,4,146,9.973249262472155e+18,GALAXY,0.6799195,8858,57450,101
82340,1.2376611379591252e+18,151.517474341862,37.259804470868,21.75002,21.05391,20.1882,19.78859,19.70653,3647,301,3,92,9.968968863705223e+18,GALAXY,0.5435281,8854,57450,913
82131,1.237657613413581e+18,179.314685675868,58.5385222648753,21.42339,21.3605,21.14922,21.11147,21.36045,2826,301,6,275,9.270896902689544e+18,QSO,1.866412,8234,57450,862
75563,1.2376613827742272e+18,150.542946932062,36.7437062903786,22.08946,21.28702,21.18798,21.07557,21.01681,3704,301,3,122,9.96893175518779e+18,STAR,0.000222723,8854,57450,778
88614,1.2376611379590597e+18,151.173716603618,37.2181253034162,25.13272,23.44333,21.6358,20.56742,19.85444,3647,301,3,91,9.96895951785639e+18,STAR,-0.0001187486,8854,57450,879
67704,1.2376611379589286e+18,150.90363552858,36.9715596764551,20.75997,20.7408,20.67093,20.55567,20.19725,3647,301,3,89,9.968949347373832e+18,QSO,1.939433,8854,57450,842
86542,1.237657776614277e+18,128.782140155494,37.3946301935278,21.57388,21.42954,21.5708,21.05882,20.96489,2864,301,6,152,9.973420511408183e+18,QSO,1.777892,8858,57450,724
29627,1.2376611379588636e+18,150.695707014924,37.0394895934,25.51138,23.34596,21.88546,20.58262,19.8059,3647,301,3,88,9.968939726647087e+18,GALAXY,0.7009475,8854,57450,807
49160,1.2376621955935112e+18,164.140890907216,41.4026612215015,19.11236,18.13251,17.8574,17.72336,17.74083,3893,301,5,72,9.41816356596851e+18,STAR,-0.0002376941,8365,57450,39
90045,1.2376571178734065e+18,128.525558202105,37.9372643794495,24.99583,22.79621,21.46731,20.12869,19.27439,2711,301,3,148,9.973419411896558e+18,STAR,8.854559e-05,8858,57450,720
76585,1.237661137421992e+18,150.938583635642,36.526589309064,20.02741,19.6851,19.69782,19.34302,19.26847,3647,301,2,88,9.968770401856414e+18,QSO,0.4765254,8854,57450,191
39613,1.2376619684970496e+18,164.07960825249,41.4348252382394,20.23172,20.30857,20.2911,20.10856,20.04755,3840,301,6,71,9.418159442799909e+18,QSO,1.949888,8365,57450,24
83230,1.2376611379591252e+18,151.422159503628,37.1839159633017,19.3639,18.96955,18.97849,19.11656,19.26493,3647,301,3,92,9.96897106272848e+18,STAR,0.0001074456,8854,57450,921
47796,1.2376621955934456e+18,164.137966680843,41.2233063610893,22.26829,21.47245,21.15698,21.04055,21.22352,3893,301,5,71,9.418161916701071e+18,STAR,0.000273348,8365,57450,33
81552,1.2376621955925284e+18,161.459947629785,40.767387633766,24.89228,22.07862,21.67246,21.36884,21.26196,3893,301,5,57,9.41826637030571e+18,QSO,3.099034,8365,57450,413
61408,1.237661137958863e+18,150.648347279481,37.0612103028611,21.37998,21.42333,21.47067,21.74479,22.04419,3647,301,3,88,9.968928731530811e+18,STAR,0.002874692,8854,57450,767
83926,1.2376611379586007e+18,150.085370732466,36.8007628089892,21.45787,20.80803,20.59959,20.70848,20.06067,3647,301,3,84,9.968909764955232e+18,QSO,2.272426,8854,57450,698
5436,1.237661353779e+18,176.17987949313,57.7750692754147,21.12048,21.04991,20.92537,20.78533,20.69468,3697,301,5,58,9.270812515172112e+18,QSO,1.493167,8234,57450,555
86444,1.237657776614736e+18,129.718845482632,38.1260561950441,21.34118,20.91567,20.8501,20.71768,20.33393,2864,301,6,159,9.973458719437249e+18,QSO,2.244739,8858,57450,863
81641,1.237661137958732e+18,150.332231872944,36.8819808952701,22.56666,22.3258,22.68657,21.56312,21.1435,3647,301,3,86,9.968919110804068e+18,QSO,0.6475532,8854,57450,732
5047,1.237661353778938e+18,175.866278983385,57.7252137108193,21.47968,21.47165,21.58158,21.0848,21.33113,3697,301,5,57,9.270797946643044e+18,QSO,1.729169,8234,57450,502
5177,1.2376613537797248e+18,179.326641578069,57.8724889846858,22.13296,21.41234,20.41555,20.06418,19.74565,3697,301,5,69,9.27090185049187e+18,STAR,-0.0008897307,8234,57450,880
90292,1.2376571178730788e+18,127.969132547304,37.4667430084143,21.58946,21.32142,20.99133,20.74328,21.06289,2711,301,3,143,9.973389725082606e+18,QSO,1.509294,8858,57450,612
73227,1.237662195592528e+18,161.435020839348,40.8470126522853,21.23825,21.41829,21.54636,21.04874,21.055,3893,301,5,57,9.418267744695245e+18,QSO,1.748004,8365,57450,418
72294,1.2376621955931835e+18,163.373470594618,41.168526082911,22.18242,22.36975,21.96741,22.05912,21.89681,3893,301,5,67,9.41818638083479e+18,STAR,0.001266459,8365,57450,122
69053,1.237661137421927e+18,150.850273165437,36.5695071461233,19.59588,19.52327,19.63233,19.42943,19.55299,3647,301,2,87,9.968772051123851e+18,QSO,1.668799,8854,57450,197
74331,1.237661382774817e+18,152.072247942863,37.2481649020998,21.03448,20.91015,20.69261,20.68251,20.57083,3704,301,3,131,9.968988380036618e+18,QSO,1.118823,8854,57450,984
48784,1.2376621955924623e+18,161.291326657366,40.6568092944448,21.25704,20.36652,20.33726,20.19304,19.88798,3893,301,5,56,9.418264171282457e+18,QSO,2.341374,8365,57450,405
83638,1.23765777661395e+18,128.065512926086,36.8688863725445,21.46355,21.45329,21.44014,21.11106,20.71531,2864,301,6,147,9.973329251943076e+18,QSO,1.54148,8858,57450,392
49529,1.237661850925138e+18,161.793888407478,42.5418827579178,21.76567,21.11791,20.46025,20.41585,20.26966,3813,301,3,114,9.41833921295105e+18,QSO,1.155306,8365,57450,678
69147,1.2376611374215987e+18,149.924865506606,36.3937929230433,21.38379,21.21635,21.19966,21.07529,20.75846,3647,301,2,82,9.968816031588964e+18,QSO,1.756484,8854,57450,357
83495,1.2376611379591908e+18,151.702271775157,37.2741114111774,21.02324,20.807,20.52551,20.37963,20.09153,3647,301,3,93,9.968981782966854e+18,QSO,0.9789523,8854,57450,960
84266,1.2376577766138844e+18,127.83918786876,36.9205809574869,21.84732,21.72495,21.38819,21.33521,20.80521,2864,301,6,146,9.973339697303542e+18,QSO,1.013086,8858,57450,430
85154,1.23766113795847e+18,149.643404714455,36.6864030112798,21.73348,21.70883,21.86546,21.91416,22.08719,3647,301,3,82,9.968877329362213e+18,GALAXY,1.429271,8854,57450,580
49033,1.2376621955931835e+18,163.24911246085,41.242749041387,20.92147,21.18076,20.87389,20.90858,20.93369,3893,301,5,67,9.418186930590603e+18,QSO,1.239922,8365,57450,124
49902,1.2376621955927247e+18,161.934426237766,40.9514836352299,21.47897,20.87391,20.25166,20.046,19.77061,3893,301,5,60,9.418244380073157e+18,QSO,0.9887304,8365,57450,333
47478,1.2376621955932495e+18,163.578534391493,41.1861001962827,22.53092,21.42345,20.85151,20.65355,20.61814,3893,301,5,68,9.41817648523014e+18,STAR,-0.0008245273,8365,57450,86
7659,1.2376613537795937e+18,178.816615865155,57.785479779256,21.93557,21.91957,21.37854,21.38364,20.9372,3697,301,5,67,9.270869140020945e+18,QSO,1.089387,8234,57450,761
6399,1.2376613537796593e+18,178.934112880478,57.886108003723,24.44381,23.61533,22.19068,20.79437,19.92107,3697,301,5,68,9.27087848586978e+18,STAR,-0.0001559503,8234,57450,795
89415,1.2376571178732751e+18,128.401983305109,37.7602951328311,20.65365,20.41323,20.11814,20.20345,20.33115,2711,301,3,146,9.973412265070977e+18,QSO,1.028751,8858,57450,694
89526,1.237661849851462e+18,162.253832845812,41.7572247101107,20.48061,20.38242,20.03172,19.80315,19.68333,3813,301,1,115,9.41835625538128e+18,QSO,1.457761,8365,57450,740
85307,1.237657776614081e+18,128.209348823379,37.1848814352457,20.38843,20.28687,20.17391,20.04754,19.79929,2864,301,6,149,9.973331176088426e+18,QSO,2.061331,8858,57450,399
65628,1.2376611379586007e+18,149.943511699515,36.8260698030886,20.52924,20.48198,20.27941,20.14941,20.10628,3647,301,3,84,9.968898769838954e+18,QSO,1.043312,8854,57450,658
887,1.2376574013410516e+18,128.13867254168,37.7498525630406,23.3101,23.31003,21.77994,20.59361,19.9317,2777,301,3,145,9.973402094588418e+18,GALAXY,0.7933978,8858,57450,657
76314,1.237661137958798e+18,150.500181150449,37.0434958883812,22.90981,23.82085,21.91215,20.61257,19.9395,3647,301,3,87,9.968928181775e+18,GALAXY,0.7434133,8854,57450,765
60719,1.23766113795847e+18,149.752968910755,36.697035470014,21.51704,20.6566,20.66885,20.60836,20.01243,3647,301,3,82,9.968887774722677e+18,QSO,2.315005,8854,57450,618
23870,1.237661354316268e+18,177.905349597162,58.256370882102,22.22064,22.4742,22.19468,22.42054,22.6893,3697,301,6,64,9.270843576375595e+18,QSO,2.05255,8234,57450,668
6201,1.237661353779331e+18,177.677017483678,57.8246599418486,21.80751,21.85524,21.56405,21.30319,21.2022,3697,301,5,63,9.270845500520944e+18,QSO,1.025221,8234,57450,675
57509,1.2376576112661627e+18,179.9052028045,56.8748318689956,21.88268,21.18897,20.72613,20.5201,20.51775,2826,301,2,276,9.270677824997708e+18,STAR,-0.000172458,8234,57450,65
22968,1.2376613543167263e+18,179.953186413102,58.3389157747981,22.12729,21.6879,20.95723,20.6741,20.77318,3697,301,6,71,9.270919167800009e+18,QSO,1.27997,8234,57450,943
56598,1.2376576112659663e+18,179.050266168622,56.9036716975812,21.17339,20.04368,19.99232,20.02199,20.23322,2826,301,2,273,9.270717132538405e+18,STAR,-0.0008446289,8234,57450,208
6329,1.237661353779659e+18,178.964528667478,57.7917786124864,25.49067,22.80103,21.32727,20.24572,19.58009,3697,301,5,68,9.270877936113963e+18,STAR,4.792907e-05,8234,57450,793
48443,1.2376621955928558e+18,162.316040304615,40.9880484125518,21.80873,22.04492,21.59051,21.67124,21.45819,3893,301,5,62,9.418234759346414e+18,QSO,1.207054,8365,57450,298
99044,1.2376613827736376e+18,148.960630556056,36.1322077293765,23.11005,21.1364,19.87285,19.34171,19.02516,3704,301,3,113,9.968852040594774e+18,GALAXY,0.2117241,8854,57450,488
17799,1.2376621934469455e+18,167.37248900644,40.1134113764172,25.12213,24.08813,21.97878,20.61129,19.79089,3893,301,1,86,9.929462861163422e+18,QSO,1.143142,8819,57450,551
81903,1.237661137958994e+18,151.04503467788,37.034333413252,20.48335,19.96826,19.75568,19.72364,19.55452,3647,301,3,90,9.968951821274997e+18,QSO,2.297585,8854,57450,851
88144,1.2376611379586665e+18,150.141044155371,36.9242921753542,21.50553,22.10951,21.42322,21.59465,21.52261,3647,301,3,85,9.968908665443604e+18,QSO,1.220668,8854,57450,694
85342,1.237657776614343e+18,128.871770896981,37.4632519820835,18.25534,17.28028,17.00411,16.87666,16.86194,2864,301,6,153,9.973433705547717e+18,STAR,-0.0007605029,8858,57450,772
4423,1.2376613537792005e+18,177.239887423289,57.7481156997173,21.18859,20.23823,19.86539,19.65609,19.57764,3697,301,5,61,9.27082433492211e+18,STAR,-0.0007622343,8234,57450,598
72310,1.2376611374223854e+18,151.986865986981,36.9031228088236,21.52512,21.48143,21.23049,21.13939,21.16332,3647,301,2,94,9.96899085393778e+18,QSO,0.9864028,8854,57450,993
65363,1.237661137958732e+18,150.364802368582,36.829909988031,21.85227,21.9435,21.93974,21.89919,21.50414,3647,301,3,86,9.968919660559882e+18,QSO,2.097027,8854,57450,734
49375,1.2376646695073226e+18,150.469259594467,35.4224682246887,24.07924,23.83726,21.75636,20.63423,19.65928,4469,301,5,265,9.9687857950192e+18,GALAXY,0.7408277,8854,57450,247
5364,1.2376613537792005e+18,177.118404149374,57.7072869537406,21.53604,21.52975,21.37277,20.95881,20.59395,3697,301,5,61,9.270824884677925e+18,QSO,0.7568995,8234,57450,600
58406,1.2376576128765133e+18,178.536382176239,58.103463966848,22.33251,20.63021,21.68705,21.23901,19.82219,2826,301,5,272,9.270866116363966e+18,STAR,0.0004282504,8234,57450,750
48025,1.2376621955927905e+18,162.185276705166,40.9398967982075,21.902,21.86005,21.91875,21.37307,21.83202,3893,301,5,61,9.418235309102223e+18,QSO,1.866641,8365,57450,300
51010,1.237662195592921e+18,162.581132083911,41.0403385646343,22.00929,21.87332,21.95285,21.94169,21.83897,3893,301,5,63,9.41821084496851e+18,QSO,2.135116,8365,57450,211
60006,1.2376576112659663e+18,179.105951219776,56.7380489605182,23.13359,21.53978,20.81795,20.61414,20.70123,2826,301,2,273,9.27071548327096e+18,STAR,-0.0004682913,8234,57450,202
99142,1.2376611368851215e+18,151.121883063759,36.2497964034296,26.24937,24.52201,21.59865,20.38163,19.57766,3647,301,1,88,9.9687462126006e+18,GALAXY,0.6711493,8854,57450,103
51009,1.2376621955927905e+18,162.148117437045,40.8389133552511,21.59975,21.09591,20.94947,20.94436,20.67505,3893,301,5,61,9.418234484468505e+18,QSO,2.5157,8365,57450,297
48693,1.237662195592921e+18,162.444887827325,41.0052941406566,21.3985,21.36032,21.27178,21.04286,20.84467,3893,301,5,63,9.418222664718506e+18,QSO,1.786404,8365,57450,254
51990,1.2376618509256625e+18,163.237090608782,42.8456307487052,23.01262,20.46522,19.37003,19.22469,19.16371,3813,301,3,122,9.418400785602206e+18,QSO,3.510296,8365,57450,902
80398,1.237657613413253e+18,178.014353446881,58.523769077975,21.48096,21.64737,21.33747,21.39495,22.61141,2826,301,6,270,9.27085319710234e+18,QSO,1.200119,8234,57450,703
21388,1.237661354316005e+18,176.611854731524,58.1684516335611,20.69201,19.01701,18.37081,18.16048,17.98873,3697,301,6,60,9.270809766393045e+18,STAR,-0.0002897443,8234,57450,545
48694,1.2376621955933143e+18,163.749774051553,41.282571015331,20.48372,20.60099,20.23978,20.235,20.401,3893,301,5,69,9.418161641823164e+18,QSO,1.335128,8365,57450,32
72744,1.2376611374220575e+18,151.022809087087,36.7148801136555,23.65581,21.71529,20.83083,20.58058,20.32125,3647,301,2,89,9.968952645908718e+18,STAR,-0.0001390969,8854,57450,854
6025,1.237661353779725e+18,179.260399476423,57.9318717202846,23.26569,24.28414,22.4792,20.85262,19.84095,3697,301,5,69,9.27088673220699e+18,STAR,6.51814e-05,8234,57450,825
61424,1.2376611379591252e+18,151.503750133043,37.3107132716451,21.93654,22.01582,22.118,21.57098,22.47843,3647,301,3,92,9.968968588827318e+18,QSO,1.782156,8854,57450,912
84418,1.237657613413581e+18,179.482997488188,58.4495258109064,20.92409,20.74237,20.72469,20.23939,20.46752,2826,301,6,275,9.270897727323263e+18,QSO,1.541999,8234,57450,865
75516,1.2376607728827763e+18,151.112752596099,39.2893275068717,20.45974,19.97786,19.88872,19.41683,19.439,3562,301,3,29,9.936254819382876e+18,QSO,0.6249917,8825,57451,684
65877,1.2376619668900416e+18,175.146588915039,41.7646091267141,21.30151,20.9967,20.70393,20.55805,20.38373,3840,301,3,126,9.422883494525424e+18,QSO,0.861176,8369,57451,826
65551,1.2376619668899103e+18,174.845210909268,41.7172762855852,22.08815,21.3798,20.77753,20.33304,20.05032,3840,301,3,124,9.4228587555138e+18,QSO,0.4976179,8369,57451,736
87407,1.2376619674273715e+18,176.470920856893,42.2522105037795,25.33423,24.11372,22.14317,20.83154,19.76795,3840,301,4,133,9.422928849380071e+18,GALAXY,0.775857,8369,57451,991
46693,1.2376609586403092e+18,114.776883929114,19.6948565873091,25.29225,22.71567,22.1048,22.07703,21.19068,3605,301,5,32,1.0082558035598e+19,GALAXY,0.6765592,8955,57451,452
64590,1.2376611379593871e+18,152.115436990964,37.3660561240879,18.57195,17.5934,17.33231,17.23876,17.24752,3647,301,3,96,9.936111333115451e+18,STAR,-0.0002603065,8825,57451,162
98077,1.237661137959781e+18,153.171436580733,37.8957242247746,22.53882,23.89123,21.61249,20.4502,19.80666,3647,301,3,102,9.936067627528247e+18,GALAXY,0.6646083,8825,57451,3
65663,1.2376609581043553e+18,116.753343891691,20.8407318454033,25.82264,23.10774,22.98325,23.19886,22.07787,3605,301,4,46,1.0082679256755e+19,GALAXY,0.5625037,8955,57451,893
27631,1.2376609586407025e+18,115.420317864232,20.3271479523836,22.37303,22.56205,22.11584,21.60932,20.69764,3605,301,5,38,1.0082531097563124e+19,GALAXY,0.8519712,8955,57451,354
84034,1.2376607632354186e+18,150.712899907071,38.385117091138,22.09725,21.73586,21.51198,21.03644,21.45933,3560,301,1,278,9.936174280156142e+18,GALAXY,0.6426974,8825,57451,391
78401,1.2376607728829727e+18,151.600542025461,39.4947326666495,24.78454,23.50172,21.98197,20.45582,19.51715,3562,301,3,32,9.936286430342177e+18,STAR,5.81707e-05,8825,57451,799
67543,1.2376611379593871e+18,152.106012002889,37.5334794837587,22.15247,22.2874,21.79986,21.52862,22.40889,3647,301,3,96,9.93611353213871e+18,GALAXY,0.5635727,8825,57451,170
34050,1.2376609575666332e+18,115.529001100373,19.2422226274311,22.67167,23.01498,22.26526,21.92492,21.11477,3605,301,3,33,1.0082522301470104e+19,QSO,0.7729975,8955,57451,322
86339,1.2376619668899103e+18,174.67836495459,41.7185533681596,20.46418,20.17466,20.06288,19.80384,19.62562,3840,301,3,124,9.422856281612638e+18,QSO,0.5587922,8369,57451,727
24503,1.237660765368092e+18,116.792494866747,21.0258760263492,24.01811,23.37565,21.7119,21.18049,21.58057,3560,301,5,52,1.0082688877481712e+19,GALAXY,0.6155064,8955,57451,928
87097,1.2376619668895828e+18,173.69220822139,41.7244887558906,22.36125,22.05636,21.83155,21.67337,21.6565,3840,301,3,119,9.422816424316131e+18,QSO,2.843753,8369,57451,582
94322,1.2376607734198444e+18,151.430947805346,39.9902942801443,24.15055,23.3971,21.90358,20.83429,19.64178,3562,301,4,32,9.9362715869352e+18,GALAXY,0.8747407,8825,57451,745
18649,1.2376607653673713e+18,115.452678088154,19.9235752113312,22.33932,23.01419,21.88874,21.33188,20.50266,3560,301,5,41,1.0082525600005e+19,GALAXY,0.8472723,8955,57451,334
12008,1.23766076536724e+18,115.198248876557,19.7674853873285,23.58792,22.42637,21.96509,21.60169,22.17259,3560,301,5,39,1.0082547315359635e+19,GALAXY,0.1304187,8955,57451,413
96666,1.2376607734200412e+18,152.047167940751,40.0101591959328,22.64458,22.77489,21.97338,20.76274,19.9066,3562,301,4,35,9.93630567179566e+18,GALAXY,0.6489729,8825,57451,869
17110,1.2376607653673715e+18,115.387664060582,19.9483392949724,22.7313,22.63556,21.96876,20.71301,20.38014,3560,301,5,41,1.0082538244388706e+19,GALAXY,0.8947773,8955,57451,380
83927,1.2376611379594527e+18,152.231962861946,37.5604980151719,21.6552,21.92857,21.23782,21.22565,21.0865,3647,301,3,97,9.936100063121269e+18,QSO,1.285864,8825,57451,121
52528,1.2376607648304335e+18,115.685409753678,19.5579860551505,18.70387,17.71171,17.33304,17.20051,17.18034,3560,301,4,40,1.0082525050249173e+19,STAR,0.0006028302,8955,57451,332
87014,1.2376607632352215e+18,150.101682573844,38.0798183538985,22.26322,22.09381,21.90415,21.58332,21.98025,3560,301,1,275,9.9362003935573e+18,QSO,1.529058,8825,57451,486
77389,1.2376607728827108e+18,150.91864267569,39.2590560766375,21.71939,21.33695,21.10161,20.58588,20.4442,3562,301,3,28,9.936242999632878e+18,QSO,1.54403,8825,57451,641
10084,1.2376621945231117e+18,174.493675765003,41.8229220095117,21.63007,21.18748,21.02863,20.72814,20.71766,3893,301,3,123,9.422858205757989e+18,QSO,1.603672,8369,57451,734
86718,1.2376619668895828e+18,173.758525858287,41.5418086565236,19.79805,19.86822,19.48969,19.41703,19.41862,3840,301,3,119,9.422818898217292e+18,QSO,1.382776,8369,57451,591
87391,1.2376619668902382e+18,175.673564688464,41.8883093190129,21.50187,21.41357,21.33887,20.97146,20.7661,3840,301,3,129,9.422909882804492e+18,QSO,1.631636,8369,57451,922
24642,1.237660765367502e+18,115.728511676692,20.2188318152667,23.28754,22.68649,22.65931,21.49635,21.24642,3560,301,5,43,1.0082517628545683e+19,GALAXY,0.7903337,8955,57451,305
87714,1.2376607659041766e+18,115.060072821525,20.0531831808886,22.97214,23.17186,22.4278,21.35648,20.57368,3560,301,6,40,1.0082551713406149e+19,GALAXY,0.7855008,8955,57451,429
75249,1.237660772883366e+18,152.694201204051,39.8043605681882,22.23376,22.26422,21.95855,22.11439,21.09198,3562,301,3,38,9.936330410807286e+18,QSO,1.44788,8825,57451,959
54098,1.2376609581037007e+18,115.634157819696,19.8295275671836,23.00877,22.53203,21.7117,21.11638,21.86583,3605,301,4,36,1.0082526424638708e+19,GALAXY,0.5355323,8955,57451,337
74728,1.2376607728832353e+18,152.36297505392,39.7532349335217,24.21925,23.01302,21.82183,20.37772,19.75963,3562,301,3,36,9.936318041301471e+18,STAR,3.019569e-05,8825,57451,914
77847,1.237660772883235e+18,152.32301288256,39.8187377124349,21.21264,21.13095,21.25303,21.04273,21.20811,3562,301,3,36,9.936317766423566e+18,QSO,1.787006,8825,57451,913
77099,1.237660772883366e+18,152.693578777209,39.8318978618702,20.01408,19.88981,19.7851,19.64879,19.78564,3562,301,3,38,9.936330685685193e+18,QSO,1.457791,8825,57451,960
76409,1.2376607728829732e+18,151.723564346681,39.4977436727916,21.32814,21.108,21.24127,20.96487,20.69385,3562,301,3,32,9.93628670522008e+18,QSO,1.996137,8825,57451,800
29420,1.237660958641489e+18,116.940897314337,21.5896447817161,24.6461,22.70661,22.07188,21.30919,21.04308,3605,301,5,50,1.0082702346499152e+19,GALAXY,0.7505847,8955,57451,977
76408,1.2376607728829727e+18,151.682658461917,39.4735777785682,22.25135,21.75265,21.53622,21.19667,21.61207,3562,301,3,32,9.936276809615432e+18,QSO,1.942765,8825,57451,764
17333,1.237660765367175e+18,115.167621775433,19.6676260764247,23.56433,22.77266,22.54326,21.86298,21.26768,3560,301,5,38,1.00825459409701e+19,GALAXY,0.2962187,8955,57451,408
86743,1.237661966890173e+18,175.446749713857,41.8786640415956,22.04216,20.92753,20.84338,20.65638,20.35069,3840,301,3,128,9.422900536955656e+18,QSO,2.678547,8369,57451,888
18945,1.237660765367568e+18,115.765280588578,20.2109805458852,24.44403,22.52105,21.69282,21.22768,20.94366,3560,301,5,44,1.00825181783015e+19,GALAXY,0.8323668,8955,57451,307
77476,1.2376607728829071e+18,151.379210551833,39.5146502461446,20.68084,20.31975,20.1975,20.0332,19.96854,3562,301,3,31,9.936274060836362e+18,QSO,1.767992,8825,57451,754
11630,1.2376621945233738e+18,175.322460424046,41.9865627844705,20.70047,20.7719,20.32899,20.40118,20.47352,3893,301,3,127,9.422899437444028e+18,QSO,1.189847,8369,57451,884
74095,1.2376621955967882e+18,174.165407935952,42.7630512959854,23.02039,21.61929,20.8762,20.17993,19.67883,3893,301,5,122,9.422826045042874e+18,QSO,2.25358,8369,57451,617
76208,1.2376607728834317e+18,152.978954503966,39.8656024120842,21.51475,21.19591,20.95894,20.87402,20.78312,3562,301,3,39,9.936326562516589e+18,QSO,1.024965,8825,57451,945
17691,1.237660765367437e+18,115.517754870906,20.1292338142646,22.97873,23.87115,22.51802,21.76759,22.13041,3560,301,5,42,1.0082527524150335e+19,GALAXY,0.7041366,8955,57451,341
10375,1.2376621945233083e+18,175.117387319146,42.0263238740057,22.74971,21.97644,21.53849,21.3511,21.59414,3893,301,3,126,9.422882395013796e+18,STAR,0.000293036,8369,57451,822
86855,1.2376619674271096e+18,175.780983739369,42.2425514269562,26.24104,23.11961,21.44545,20.04728,19.17852,3840,301,4,129,9.422922252310305e+18,QSO,0.085493,8369,57451,967
17204,1.237660765367174e+18,115.013711088808,19.6500617980033,24.86013,22.14553,21.96891,21.48714,20.50823,3560,301,5,38,1.0082557485842192e+19,GALAXY,0.7128811,8955,57451,450
64891,1.2376619668901724e+18,175.501124726056,41.775570735121,19.81247,19.70267,19.49682,19.44381,19.45731,3840,301,3,128,9.422899987199842e+18,QSO,1.165724,8369,57451,886
65820,1.2376609581038968e+18,115.989707908363,20.0426615903716,24.71977,23.23023,22.47399,21.54438,21.80791,3605,301,4,39,1.0082505808795689e+19,GALAXY,0.7579935,8955,57451,262
43908,1.2376619658163003e+18,175.196091024449,40.9330396861448,27.48693,23.4155,21.96486,20.70036,19.59562,3840,301,1,126,9.422703449496375e+18,GALAXY,0.890969,8369,57451,171
99277,1.2376607648304348e+18,115.543335043553,19.5528340494338,23.57867,22.95762,21.93338,21.5831,20.39089,3560,301,4,40,1.0082523126103824e+19,GALAXY,0.7781165,8955,57451,325
77623,1.2376607728829071e+18,151.472212697251,39.4878084567,22.07233,21.51314,21.68437,21.18129,21.53336,3562,301,3,31,9.936275710103804e+18,QSO,1.620794,8825,57451,760
95800,1.237662194523767e+18,176.450964354235,42.0607050890726,21.38184,21.28669,21.20548,20.86023,20.72994,3893,301,3,133,9.422929124257978e+18,QSO,1.780177,8369,57451,992
87965,1.2376619674272407e+18,176.03022190063,42.2718123497277,25.90236,23.52246,21.4223,20.30071,19.50847,3840,301,4,131,9.42293104840333e+18,GALAXY,0.6740115,8369,57451,999
52075,1.2376609581035044e+18,115.1856117712,19.4393806381811,22.40646,22.19466,21.36908,20.45064,20.34781,3605,301,4,33,1.0082544841458473e+19,GALAXY,0.7788246,8955,57451,404
87322,1.2376619668902382e+18,175.720026157531,41.8179945444481,21.99062,20.99516,20.43274,20.14895,20.0364,3840,301,3,129,9.422913181339376e+18,STAR,-5.110841e-05,8369,57451,934
27404,1.2376621955971156e+18,175.098160813474,42.8891963455066,24.86457,23.16776,21.75116,20.45457,19.80793,3893,301,5,127,9.422879921112635e+18,GALAXY,0.5770614,8369,57451,813
74146,1.237660772883366e+18,152.689889267272,39.9464675611384,21.56348,21.46865,21.07466,20.80508,20.53964,3562,301,3,38,9.936326012760777e+18,GALAXY,0.5386458,8825,57451,943
73798,1.2376607728829727e+18,151.561626748283,39.5615572154937,20.21391,20.01007,19.82406,19.62133,19.66173,3562,301,3,32,9.936274610592176e+18,QSO,1.587052,8825,57451,756
65386,1.2376619668903035e+18,175.986952636068,41.8879493035138,21.60533,21.31589,21.3117,21.10876,20.6304,3840,301,3,130,9.422921427676586e+18,QSO,2.520146,8369,57451,964
77901,1.237660772882842e+18,151.261612899824,39.4360921899182,21.46531,21.29838,21.27254,21.05673,20.89368,3562,301,3,30,9.93626526474334e+18,QSO,1.792486,8825,57451,722
53887,1.237660772882908e+18,151.47829208274,39.5311244443547,25.14037,22.98984,21.80896,20.71674,19.95667,3562,301,3,31,9.936275435225897e+18,GALAXY,0.5702972,8825,57451,759
32281,1.237660958641489e+18,116.963739463167,21.4149053327379,23.78631,22.65127,22.00941,21.35023,21.6344,3605,301,5,50,1.0082701796743336e+19,GALAXY,0.809584,8955,57451,975
74856,1.237660772883235e+18,152.363465090912,39.8665428487384,20.5691,20.3926,20.37941,20.22952,20.42105,3562,301,3,36,9.93631749154566e+18,QSO,1.789577,8825,57451,912
85870,1.2376611379594527e+18,152.290472340908,37.4564962473853,21.07928,20.90223,20.6286,20.4475,20.95539,3647,301,3,97,9.9361014375108e+18,QSO,1.489969,8825,57451,126
74857,1.2376607728831695e+18,152.182473163127,39.6044533004771,20.91158,20.69337,20.68575,20.38659,20.55668,3562,301,3,35,9.936319415691008e+18,QSO,1.822737,8825,57451,919
12479,1.2376621945235052e+18,175.734823910942,42.0744176479916,22.64322,21.92006,20.99227,20.31006,20.09912,3893,301,3,129,9.42292527596728e+18,QSO,6.279166,8369,57451,978
12375,1.2376621945232428e+18,174.979872258375,41.9095005595628,21.22136,21.12368,21.23445,21.27629,21.07624,3893,301,3,125,9.42288486891496e+18,QSO,2.045061,8369,57451,831
12639,1.2376621945233083e+18,175.159753546362,42.0032729628768,21.06719,20.87888,20.84933,20.4721,20.64141,3893,301,3,126,9.422883769403333e+18,QSO,1.816329,8369,57451,827
77544,1.2376607728829727e+18,151.534924125809,39.6002743889617,22.06914,22.21581,21.4593,21.43253,20.8644,3562,301,3,32,9.936274885470083e+18,QSO,1.161455,8825,57451,757
77809,1.2376607728830385e+18,151.822004400927,39.5097604035508,22.20571,22.04634,21.44597,21.40054,21.217,3562,301,3,33,9.936297425458452e+18,QSO,1.193633,8825,57451,839
12640,1.237662194523439e+18,175.42688210935,42.0648427815687,22.03489,21.48417,21.31198,20.90043,20.46965,3893,301,3,128,9.42291098231612e+18,QSO,2.214759,8369,57451,926
75452,1.2376607728830385e+18,151.717586877055,39.6155472551903,21.29862,21.18793,20.8386,20.71314,20.36973,3562,301,3,33,9.936285605708452e+18,QSO,1.481053,8825,57451,796
24002,1.2376609586413576e+18,116.808329669701,21.2198056972402,23.24606,22.82621,22.11209,21.68281,22.15993,3605,301,5,48,1.0082688327725896e+19,GALAXY,0.6450319,8955,57451,926
43753,1.237660958103963e+18,116.07898037662,20.2776393002363,23.39605,22.82535,22.55029,21.72483,21.06927,3605,301,4,40,1.0082497287580572e+19,GALAXY,0.637477,8955,57451,231
12071,1.23766076536724e+18,115.284667654016,19.7881630461496,23.06949,22.60421,21.95352,21.76965,21.41337,3560,301,5,39,1.0082536869999172e+19,GALAXY,0.2571899,8955,57451,375
77663,1.2376607728833006e+18,152.502188738537,39.8194636007597,20.46324,20.35585,20.20489,20.32441,20.39503,3562,301,3,37,9.936316941789846e+18,QSO,0.9656917,8825,57451,910
53842,1.2376607728829076e+18,151.34506084703,39.4843953473403,25.19779,23.00332,21.74993,20.62693,19.87779,3562,301,3,31,9.93626444010962e+18,GALAXY,0.7190275,8825,57451,719
13066,1.2376621945231117e+18,174.572346141172,41.9858892710897,19.65238,19.52965,19.33784,19.40935,19.43689,3893,301,3,123,9.422874698432406e+18,QSO,0.9810551,8369,57451,794
75319,1.2376607728827763e+18,151.103071164027,39.2421333601692,22.07665,21.98942,21.8075,21.58916,21.31738,3562,301,3,29,9.93625536913869e+18,QSO,1.129703,8825,57451,686
77958,1.237660772883104e+18,151.872975657571,39.6905791030163,21.56765,21.16754,21.04275,20.89798,21.32852,3562,301,3,34,9.936297150580543e+18,QSO,0.8071938,8825,57451,838
12638,1.2376621945232428e+18,174.806395156935,41.9781405142008,21.7474,21.78963,21.62636,21.5579,21.30901,3893,301,3,125,9.422856556490543e+18,QSO,1.458189,8369,57451,728
96177,1.2376613559258977e+18,159.828151908518,43.5277352023281,20.94063,20.81091,20.64437,20.29596,20.42587,3698,301,1,49,9.410378748782727e+18,QSO,1.573088,8358,57451,390
22329,1.2376607653680916e+18,116.707292937994,21.1037446987506,23.18057,22.59214,23.16376,22.50114,21.32944,3560,301,5,52,1.008267898187706e+19,GALAXY,0.8530591,8955,57451,892
77673,1.237660772883235e+18,152.448320043198,39.6916015461777,20.95871,20.78374,20.36857,20.39039,20.29158,3562,301,3,36,9.936318865935194e+18,QSO,1.238547,8825,57451,917
66438,1.2376619668893207e+18,172.907765268966,41.5493435212522,20.46257,20.2613,20.14232,20.04654,20.06521,3840,301,3,115,9.42280405481032e+18,QSO,1.665791,8369,57451,537
77189,1.2376607728831693e+18,152.064786757933,39.6772883117108,22.02481,21.92047,21.68141,21.59079,22.36055,3562,301,3,35,9.936307870818916e+18,QSO,1.807537,8825,57451,877
12280,1.237662194523636e+18,176.130680833827,42.1028246511049,20.18329,20.08043,19.86734,19.79746,19.84652,3893,301,3,131,9.42292802474635e+18,QSO,1.41917,8369,57451,988
23674,1.2376609586406372e+18,115.338172757159,20.2663868529437,22.84071,22.45684,21.96407,21.36525,20.89602,3605,301,5,37,1.0082542092679404e+19,GALAXY,0.8991242,8955,57451,394
74593,1.2376619658158415e+18,173.980748893825,40.7676971521663,24.4994,23.87411,22.29074,20.6126,19.90836,3840,301,1,119,9.42275622605451e+18,GALAXY,0.7305499,8369,57451,363
85387,1.237660763235353e+18,150.566493256263,38.2692002161744,24.34642,23.04974,21.54563,20.28205,19.24375,3560,301,1,277,9.936184450638698e+18,STAR,-0.000116195,8825,57451,428
53227,1.2376609581035044e+18,115.25713214524,19.5032713384785,23.2759,23.0599,21.89798,21.26267,21.73729,3605,301,4,33,1.008254511633638e+19,GALAXY,0.6736658,8955,57451,405
77315,1.2376607728827763e+18,151.061770457148,39.4312267437157,21.24212,21.49441,21.30483,21.44988,21.17383,3562,301,3,29,9.936253719871248e+18,QSO,1.281626,8825,57451,680
76753,1.2376607728831695e+18,152.054298488666,39.6946370086317,20.90454,20.6259,20.55048,20.31016,20.36315,3562,301,3,35,9.936307321063102e+18,QSO,1.61503,8825,57451,875
44424,1.2376607648308275e+18,116.371705307404,20.1370032064659,23.16092,22.31764,21.67904,21.14472,20.36304,3560,301,4,46,1.0082484368318943e+19,GALAXY,0.6562574,8955,57451,184
87504,1.2376607659043072e+18,115.227140793309,20.3714413280669,22.84854,22.66115,22.68279,21.85423,22.12852,3560,301,6,42,1.0082543741946843e+19,GALAXY,0.9746162,8955,57451,400
95296,1.2376613559268147e+18,162.606250563854,44.0683237776408,21.6974,21.43864,21.22323,20.87305,20.58262,3698,301,1,63,9.410545874550151e+18,QSO,1.738022,8358,57451,998
26489,1.237660957566895e+18,115.96707713512,19.6199356919057,23.6078,22.60508,22.24177,21.31633,21.05784,3605,301,3,37,1.0082503334894524e+19,GALAXY,0.844359,8955,57451,253
87187,1.237661966352647e+18,173.618446903184,41.1893634506915,23.82496,23.6357,21.53571,20.27965,19.61244,3840,301,2,118,9.422774917752185e+18,GALAXY,0.759581,8369,57451,431
17617,1.2376607653681567e+18,116.962714506579,21.1664243021654,22.627,22.24191,21.69708,21.00393,20.42074,3560,301,5,53,1.0082688052848e+19,GALAXY,0.7334932,8955,57451,925
70897,1.2376619668897797e+18,174.321036852165,41.7456794717556,21.21042,21.07004,21.0068,20.80416,20.93308,3840,301,3,122,9.422852983077757e+18,QSO,1.702909,8369,57451,715
11513,1.237662194522915e+18,173.929013061894,41.8602376737145,21.32089,20.99768,20.78449,20.62961,20.59972,3893,301,3,120,9.422827419432407e+18,QSO,0.8506316,8369,57451,622
99338,1.2376621945232428e+18,174.927623389283,41.9024245255293,20.90196,20.67312,20.58916,20.36783,20.21038,3893,301,3,125,9.422855456978915e+18,QSO,1.530378,8369,57451,724
57883,1.237660764831286e+18,117.108400552603,20.8173842745782,22.07178,22.52561,21.86837,21.33311,21.22908,3560,301,4,53,1.0082697673574732e+19,GALAXY,0.7638643,8955,57451,960
94615,1.2376613559262907e+18,160.925118145653,43.7670512612056,20.80042,20.73759,20.79869,20.69575,20.57615,3698,301,1,55,9.410333943683895e+18,QSO,1.881871,8358,57451,227
10723,1.2376621945231117e+18,174.434494198532,42.0046405933705,21.36099,20.83573,20.34847,20.2426,20.2459,3893,301,3,123,9.422851058932406e+18,QSO,1.360602,8369,57451,708
51297,1.2376609581044872e+18,117.047772733616,20.9897576086305,23.32799,22.74771,21.83723,21.4722,22.05065,3605,301,4,48,1.0082694100161944e+19,GALAXY,0.7379321,8955,57451,947
77725,1.2376607728832353e+18,152.350398823829,39.705304182531,22.60066,21.98547,20.67193,19.99288,19.61063,3562,301,3,36,9.9363191408131e+18,STAR,3.982593e-05,8825,57451,918
74291,1.2376607728830385e+18,151.694273774981,39.6237789943496,21.84157,21.52333,21.26863,21.05351,20.64671,3562,301,3,33,9.93628478107473e+18,QSO,1.361359,8825,57451,793
78254,1.2376607728829732e+18,151.592951879293,39.5565190092203,20.97339,20.78019,20.79323,20.68913,20.98487,3562,301,3,32,9.93628615546427e+18,QSO,1.710331,8825,57451,798
27881,1.2376609575672883e+18,116.746613712531,20.1929570980663,25.54063,22.58714,21.86934,21.11779,20.5334,3605,301,3,43,1.008246320272011e+19,GALAXY,0.8294801,8955,57451,107
75128,1.2376607728830385e+18,151.770757839929,39.4967354674896,21.81713,21.68412,21.49175,21.24367,21.65224,3562,301,3,33,9.93629770033636e+18,QSO,1.617982,8825,57451,840
86268,1.2376619668898447e+18,174.463326523312,41.7000610024824,20.85769,20.90416,20.67364,20.68193,20.43975,3840,301,3,123,9.422849409664965e+18,QSO,1.183885,8369,57451,702
29032,1.2376609586413578e+18,116.737717443178,21.3535874036579,23.02791,22.4928,21.91357,21.6565,21.63714,3605,301,5,48,1.00826765079759e+19,GALAXY,0.8009574,8955,57451,883
96061,1.2376613559260938e+18,160.348127900682,43.60343853157,25.35559,22.53591,21.06997,20.90248,20.27366,3698,301,1,52,9.410358132939708e+18,STAR,-0.0004729498,8358,57451,315
12641,1.237662194523439e+18,175.451001009223,41.8986255490749,19.73038,19.58697,19.55031,19.27391,19.3218,3893,301,3,128,9.42291263158356e+18,QSO,1.786761,8369,57451,932
64970,1.2376619668892552e+18,172.793435845124,41.6250459402043,19.86864,19.81495,19.79979,19.56505,19.51847,3840,301,3,114,9.42280487944404e+18,QSO,1.764724,8369,57451,540
51440,1.237660958103963e+18,116.120551562667,20.1116343820025,23.2925,22.68983,22.29427,21.30028,22.56238,3605,301,4,40,1.008249646294685e+19,GALAXY,0.8555657,8955,57451,228
66166,1.2376607648460972e+18,150.270537855887,39.595310709242,23.99597,23.92408,21.49539,20.49932,19.64301,3560,301,4,279,9.936216061598e+18,GALAXY,0.8745394,8825,57451,543
77990,1.2376607728828416e+18,151.152517167216,39.4043099217118,19.69706,19.56233,19.29142,19.17559,19.262,3562,301,3,30,9.936254269627062e+18,QSO,1.13244,8825,57451,682
73130,1.237660772883104e+18,151.965261214582,39.5314360358923,21.34042,21.22454,21.16302,21.13866,20.85458,3562,301,3,34,9.936308145696823e+18,QSO,1.429684,8825,57451,878
25081,1.2376607653680266e+18,116.693070058428,20.895684708099,22.887,22.7893,22.45761,21.41558,21.02457,3560,301,5,51,1.008267815724334e+19,GALAXY,0.821655,8955,57451,889
21651,1.2376607653674368e+18,115.576610426585,20.0959730230153,22.84397,23.02245,22.08673,21.43436,21.15926,3560,301,5,42,1.0082516803912e+19,GALAXY,0.7050825,8955,57451,302
38409,1.2376613559264876e+18,161.475416652688,43.8897598777163,23.57124,21.68294,20.43058,19.90332,19.56598,3698,301,1,58,9.410315526864132e+18,GALAXY,0.3272266,8358,57451,160
82563,1.2376621945227845e+18,173.592517421796,41.8686627194099,24.10209,22.75817,21.09243,19.67299,18.94417,3893,301,3,118,9.42282109724055e+18,STAR,0.0001386349,8369,57451,599
61201,1.2376609581040271e+18,116.280363871044,20.2349068278368,23.98167,25.08436,23.10096,22.23169,22.22351,3605,301,4,41,1.00824865673422e+19,STAR,0.001605175,8955,57451,192
17830,1.2376607653672404e+18,115.262046210125,19.8021685552813,21.15312,22.15901,22.10379,20.25362,20.41189,3560,301,5,39,1.008253714487708e+19,GALAXY,0.9665937,8955,57451,376
48135,1.237660958640572e+18,115.212294753213,20.1553915187401,22.85067,22.82711,22.58323,21.24306,21.35206,3605,301,5,36,1.0082551163650333e+19,GALAXY,0.8848689,8955,57451,427
77848,1.2376607728833006e+18,152.551617071547,39.7605327584966,21.98548,21.64632,21.02166,20.36249,20.02356,3562,301,3,37,9.93631831617938e+18,QSO,1.87919,8825,57451,915
86664,1.2376619668897797e+18,174.44012330704,41.5924892582456,22.17801,22.29941,21.90708,21.93512,21.29774,3840,301,3,122,9.422744406304512e+18,GALAXY,1.027315,8369,57451,320
99058,1.2376606343855475e+18,159.471889877144,43.6515583051915,20.94579,20.86148,20.85706,20.57795,20.66726,3530,301,1,265,9.410391942922265e+18,QSO,1.935877,8358,57451,438
96444,1.237660773420434e+18,153.067006884466,40.3498436003213,25.74707,23.14384,21.25261,20.18122,19.33868,3562,301,4,41,9.937354605905336e+18,GALAXY,0.6094058,8826,57452,589
98518,1.237660773420368e+18,152.809068252251,40.407528720898,24.0734,22.77878,21.58687,20.09639,19.16485,3562,301,4,40,9.937343061033245e+18,STAR,2.479115e-05,8826,57452,547
13620,1.237661384386086e+18,153.227033675701,38.9872469120872,22.85254,23.17958,21.61305,20.58881,19.59312,3704,301,6,141,9.937299080568134e+18,GALAXY,0.8085084,8826,57452,387
89459,1.23766184984884e+18,154.843225305234,39.7638254540546,20.32906,19.97757,19.79323,19.61778,19.70682,3813,301,1,75,9.937437344155326e+18,QSO,1.510911,8826,57452,890
77370,1.23766077288874e+18,168.436653091731,43.3820810803973,21.94988,21.5044,21.6295,21.01361,21.4249,3562,301,3,120,9.412524995496923e+18,QSO,1.581733,8360,57452,6
57993,1.2376543814458417e+18,154.476953542307,57.9562534338585,24.9033,23.5035,21.64709,20.58187,19.88145,2074,301,2,201,9.216766570898152e+18,GALAXY,0.836711,8186,57452,545
78541,1.237660772883366e+18,152.655371433646,39.8866805273229,19.18352,19.06185,19.10961,18.91828,18.96301,3562,301,3,38,9.937340037376268e+18,QSO,1.735837,8826,57452,536
77475,1.237660772883235e+18,152.307073910626,39.8547098222235,22.09138,21.84302,21.7038,21.55084,21.80845,3562,301,3,36,9.937332340794874e+18,QSO,1.885392,8826,57452,508
83376,1.2376581921513812e+18,133.426372499183,36.7624041519768,26.05852,24.02301,22.18999,20.96448,19.93456,2961,301,4,137,9.974349323889302e+18,GALAXY,0.8289992,8859,57452,7
58917,1.2376543814462351e+18,156.01103991337,58.404732261668,25.1401,23.68624,21.39962,20.05959,19.31227,2074,301,2,207,9.216799556246984e+18,GALAXY,0.7141346,8186,57452,665
88518,1.2376618498479885e+18,152.373717910171,39.0050156723621,21.05487,21.08195,20.72333,20.79079,21.25841,3813,301,1,62,9.937327392992549e+18,QSO,1.320239,8826,57452,490
56988,1.2376583032778263e+18,155.852348724864,56.3350686233674,20.59875,20.54333,20.33304,20.33018,20.40253,2987,301,3,48,9.216709671171414e+18,QSO,1.322496,8186,57452,338
79069,1.2376607728886088e+18,167.935897461826,43.3932581163,19.327,19.29936,19.14671,19.25099,19.41361,3562,301,3,118,9.412542037927158e+18,QSO,1.061697,8360,57452,68
96047,1.2376613559277983e+18,165.671280656426,44.6583583735264,24.01969,23.27857,21.68795,20.61538,19.85839,3698,301,1,78,9.412685249316671e+18,STAR,1.24508e-05,8360,57452,589
79070,1.237660772888609e+18,168.111620452578,43.3209663583744,20.64663,20.6193,20.69868,20.28027,20.59406,3562,301,3,118,9.412539564025991e+18,QSO,1.8222,8360,57452,59
87197,1.2376611384973727e+18,154.961989046719,38.7966052082557,23.67343,24.17119,21.81419,20.63153,19.89643,3647,301,4,113,9.93721936597512e+18,GALAXY,0.714716,8826,57452,97
55528,1.2376583032785477e+18,158.666750659126,57.1690670571332,22.76328,21.45597,21.05639,20.91622,21.08967,2987,301,3,59,9.216627207799332e+18,STAR,-8.805479e-05,8186,57452,38
78346,1.2376607728886088e+18,167.957606024163,43.3765581338429,20.47196,20.32568,20.4826,20.14952,20.10272,3562,301,3,118,9.41254093841553e+18,QSO,1.86816,8360,57452,64
13719,1.2376613843861514e+18,153.36507501134,38.9800433190163,23.33479,23.2197,21.80517,20.53211,19.82022,3704,301,6,142,9.93729963032395e+18,GALAXY,0.7121987,8826,57452,389
96026,1.237658192150988e+18,132.480995527008,36.194329386997,22.53032,22.04684,21.8735,21.69337,21.98801,2961,301,4,131,9.974383408749765e+18,QSO,1.625878,8859,57452,131
22353,1.2376576300485847e+18,130.54198962289,37.8687613004688,25.26646,23.0877,21.51178,20.29745,19.60081,2830,301,5,153,9.974501056493937e+18,GALAXY,0.6751925,8859,57452,559
73471,1.2376607728834317e+18,152.926561968567,39.9607094991832,22.13964,22.06092,21.69758,21.27664,21.03707,3562,301,3,39,9.937349932980918e+18,GALAXY,0.8374092,8826,57452,572
8546,1.2376576295117793e+18,130.920603375915,37.6610058562469,26.39267,24.08007,22.08001,20.76265,19.97601,2830,301,4,154,9.974514250633468e+18,GALAXY,0.7622905,8859,57452,607
55746,1.2376583032786785e+18,159.239121519145,57.2314738548957,21.7722,21.25971,20.98307,20.44834,20.28928,2987,301,3,61,9.21689109059e+18,QSO,0.6292086,8186,57452,998
97276,1.2376613559282565e+18,167.04790318569,44.8642394654334,20.28294,19.97526,19.88272,19.68897,19.81611,3698,301,1,85,9.412738300752712e+18,QSO,1.53275,8360,57452,782
92566,1.2376581926883172e+18,133.27181112653,37.1233121351619,25.23881,23.95715,21.88483,20.48037,19.66375,2961,301,5,138,9.974358119982326e+18,GALAXY,0.7651849,8859,57452,39
78048,1.237660772888609e+18,168.103221088473,43.449006685513,22.01829,21.53751,21.23271,20.71838,20.08421,3562,301,3,118,9.412540113781807e+18,QSO,1.520844,8360,57452,61
15759,1.237661139033916e+18,153.779665139967,38.9516294679943,24.90089,23.0499,21.57369,20.57606,19.9087,3647,301,5,108,9.937276540579764e+18,GALAXY,0.5732021,8826,57452,305
30761,1.237661139034375e+18,155.168978635916,39.3198354962258,25.47561,23.40373,21.92236,20.6081,19.87296,3647,301,5,115,9.937213318661167e+18,GALAXY,0.820815,8826,57452,75
83531,1.237661137960567e+18,155.39494326252,38.5000376318594,22.17638,21.55717,21.0033,20.37141,20.12235,3647,301,3,114,9.937204247690236e+18,QSO,0.6848956,8826,57452,42
12189,1.2376583027416768e+18,158.895326099094,56.7945337101778,22.93227,23.60386,21.5892,20.36643,19.49315,2987,301,2,59,9.216624184142356e+18,GALAXY,0.8336266,8186,57452,27
77032,1.237660772883366e+18,152.694064771723,39.7712045829061,21.88381,21.43,20.99261,20.59313,20.30376,3562,301,3,38,9.937341136887896e+18,QSO,1.825602,8826,57452,540
74653,1.23766077288874e+18,168.332820891368,43.4821021138441,21.27757,21.57251,21.21447,21.15299,20.82285,3562,301,3,120,9.41252554525274e+18,QSO,1.166825,8360,57452,8
56680,1.2376583032784817e+18,158.26193127864,57.0308346837565,21.86837,21.56242,21.71266,21.54763,20.8503,2987,301,3,58,9.216638202915608e+18,QSO,1.945586,8186,57452,78
55627,1.2376543814461696e+18,155.748838682087,58.3021859648593,24.41901,23.13749,21.22563,19.99835,19.35493,2074,301,2,206,9.216798456735356e+18,GALAXY,0.6976444,8186,57452,661
12339,1.2376583027416768e+18,158.904874267013,56.7251232881616,22.8251,22.92361,21.73572,20.65408,19.91856,2987,301,2,59,9.216621435363284e+18,QSO,0.7587872,8186,57452,17
77849,1.2376607728834972e+18,153.034907691478,40.0091141060456,22.08539,21.90215,21.53643,21.36754,21.0086,3562,301,3,40,9.937357904440222e+18,QSO,1.301816,8826,57452,601
48859,1.237660772888544e+18,167.884865299026,43.4822725995652,25.73787,23.39975,21.7881,20.60517,19.92402,3562,301,3,117,9.412542862560877e+18,GALAXY,0.8121532,8360,57452,71
54683,1.237658303278154e+18,157.128103487221,56.6778589911732,21.41863,21.39626,21.21459,20.89103,20.57351,2987,301,3,53,9.21666788972956e+18,GALAXY,0.8438479,8186,57452,186
97207,1.237661355927929e+18,165.913395415633,44.7311356125846,20.89115,20.74026,20.82233,20.45704,20.26544,3698,301,1,80,9.412696794188763e+18,QSO,1.923346,8360,57452,631
40699,1.2376543809091668e+18,155.420816553844,57.8858755526618,22.07541,21.26168,20.46796,20.11849,19.65032,2074,301,1,204,9.216791035031868e+18,GALAXY,0.3752674,8186,57452,634
21280,1.2376576300485847e+18,130.6290784741,37.772619966251,25.0041,22.42528,21.17001,20.08187,19.3748,2830,301,5,153,9.974491160889285e+18,GALAXY,0.6046871,8859,57452,523
77001,1.237660772883235e+18,152.317906861624,39.6480428194236,22.09534,21.95534,22.12914,21.6432,21.43269,3562,301,3,36,9.937334539818127e+18,QSO,2.296774,8826,57452,516
75981,1.2376607728834967e+18,153.152210026688,39.9561038949419,18.57423,17.59289,17.2711,17.15149,17.13769,3562,301,3,40,9.937359828585568e+18,STAR,-0.0004643624,8826,57452,608
23540,1.2376618509269071e+18,167.09779581597,43.514891880076,19.43188,19.68676,19.41967,19.35232,19.41215,3813,301,3,141,9.41257502327599e+18,QSO,1.227899,8360,57452,188
72450,1.2376607728887404e+18,168.38792237631,43.5237447578898,24.94297,22.04465,21.35782,20.82126,20.51502,3562,301,3,120,9.412528019153902e+18,STAR,-0.0007916435,8360,57452,17
20795,1.2376543809093637e+18,156.134063340893,58.0286119155191,22.12259,21.60556,21.3996,21.23907,21.19178,2074,301,1,207,9.216814124776052e+18,QSO,2.203703,8186,57452,718
35366,1.2376576279016243e+18,133.050507196063,37.3905287976963,21.38746,19.50665,18.38668,17.89937,17.57871,2830,301,1,161,9.974615405703223e+18,GALAXY,0.170315,8859,57452,975
43645,1.237657627901625e+18,133.021021308018,37.3223888826866,22.62286,20.22763,19.13009,18.60071,18.36486,2830,301,1,161,9.974616505214851e+18,GALAXY,0.1693224,8859,57452,979
96991,1.2376613559276667e+18,165.185186278233,44.5897756416368,20.58994,20.48243,20.58064,20.30927,20.28118,3698,301,1,76,9.412676178345744e+18,QSO,1.716182,8360,57452,556
84524,1.2376582018109286e+18,131.654248901883,36.7946815939364,22.36003,20.6947,20.61025,20.63126,20.40841,2963,301,6,74,9.974426564581153e+18,QSO,2.817814,8859,57452,288
77960,1.2376607728885435e+18,167.926716493877,43.3662211379839,21.22615,20.88458,20.89006,20.51928,20.80494,3562,301,3,117,9.41254148817134e+18,QSO,1.594546,8360,57452,66
57672,1.2376543814458417e+18,154.446262312326,57.9220028751678,23.51011,23.78716,21.66876,20.45501,19.75767,2074,301,2,201,9.21676767040978e+18,GALAXY,0.7679728,8186,57452,549
92360,1.237657627901757e+18,133.220912696138,37.5363832820211,22.49139,23.54553,22.03933,20.30838,19.50922,2830,301,1,163,9.974613756435782e+18,GALAXY,0.7086982,8859,57452,969
11345,1.2376613564646031e+18,165.33068509587,44.9372970465123,21.49686,21.56711,21.24418,21.40242,20.8636,3698,301,2,77,9.412672330055047e+18,QSO,1.410828,8360,57452,542
85769,1.2376611379603704e+18,154.859347685391,38.2569535756165,20.40158,19.9278,19.65136,19.36706,19.06228,3647,301,3,111,9.937215242806518e+18,QSO,2.840534,8826,57452,82
77302,1.2376607728886743e+18,168.223617751831,43.4753778661298,21.18785,20.998,20.94505,20.617,20.94831,3562,301,3,119,9.412527469398088e+18,QSO,0.8792006,8360,57452,15
89758,1.2376618498491028e+18,155.51579526185,40.1107687427883,20.25187,20.14298,19.74799,19.6936,19.82111,3813,301,1,79,9.937457135364626e+18,QSO,1.169185,8826,57452,962
96565,1.2376581926881866e+18,132.868731533929,36.9296531281316,23.04113,24.60316,22.17774,20.54803,19.83457,2961,301,5,136,9.974366366319532e+18,GALAXY,0.7891835,8859,57452,69
90108,1.237661849848709e+18,154.346447654998,39.6981381081835,21.93166,21.73885,21.54777,21.51418,21.26195,3813,301,1,73,9.937416178556494e+18,QSO,1.573446,8826,57452,813
19543,1.237658304351568e+18,155.199156578202,57.1314137599393,22.14237,22.14996,21.89808,21.58175,21.15983,2987,301,5,48,9.216786911863264e+18,QSO,1.328117,8186,57452,619
57478,1.2376543814461038e+18,155.428534840753,58.1729091286943,25.5954,23.14913,21.88356,20.76051,19.9577,2074,301,2,205,9.216789660642336e+18,GALAXY,0.9266176,8186,57452,629
11568,1.237657776078128e+18,130.673299415889,38.153022043867,23.62648,22.78647,21.66428,20.63503,19.91637,2864,301,5,163,9.974498307714863e+18,GALAXY,0.6340951,8859,57452,549
77664,1.237660772888609e+18,168.033638889063,43.3592980109569,20.20333,20.32307,20.08624,19.89786,19.87201,3562,301,3,118,9.412540388659714e+18,QSO,1.451145,8360,57452,62
77902,1.237660772883367e+18,152.779164814593,39.8781247597415,22.74834,22.06693,21.98988,22.03028,22.35714,3562,301,3,38,9.93734883346929e+18,GALAXY,1.308231,8826,57452,568
57702,1.2376583032782195e+18,157.311576896083,56.7838930689542,22.39678,21.24067,20.22136,19.86318,19.749,2987,301,3,54,9.216658269002815e+18,QSO,2.662496,8186,57452,151
74748,1.2376607728833006e+18,152.466404903246,39.7518209924877,21.79727,21.82053,21.56758,21.52027,20.9863,3562,301,3,37,9.937333715184409e+18,GALAXY,0.9638729,8826,57452,513
47437,1.2376576279014282e+18,132.491207557659,37.0538341525731,23.79837,21.07673,19.8239,19.33489,19.10646,2830,301,1,158,9.9743889063079e+18,GALAXY,0.2119088,8859,57452,151
76812,1.2376607728832353e+18,152.352621169871,39.7062277161019,24.0891,22.42275,20.84545,19.33232,18.42423,3562,301,3,36,9.937333990062318e+18,STAR,-2.144063e-05,8826,57452,514
56241,1.237658303278023e+18,156.561624348828,56.6506525239496,22.17136,21.57634,20.98366,20.4079,20.11943,2987,301,3,51,9.216688780450486e+18,QSO,1.896116,8186,57452,262
14798,1.2376551072978043e+18,157.844946644969,56.1530428423024,20.9503,20.85909,20.67251,20.47248,20.26517,2243,301,2,239,9.21664260096212e+18,QSO,1.465651,8186,57452,94
97079,1.2376613559281912e+18,166.913370151733,44.8495331965911,21.96795,21.45581,21.07166,20.5643,20.56891,3698,301,1,84,9.41272785539225e+18,QSO,1.711128,8360,57452,744
79315,1.237660772883366e+18,152.574769903097,39.9357156029009,21.25665,21.09371,20.97358,20.64667,20.33486,3562,301,3,38,9.937337838353013e+18,QSO,1.822637,8826,57452,528
73276,1.2376607728835628e+18,153.225793233947,39.9999388701076,22.68325,21.50158,20.87636,20.2445,20.05936,3562,301,3,41,9.937358179318129e+18,QSO,1.828452,8826,57452,602
57948,1.2376583032784817e+18,158.355091468634,57.0769860549798,21.85027,21.59517,21.5664,21.23471,21.0096,2987,301,3,58,9.216637653159796e+18,QSO,1.631948,8186,57452,76
73277,1.2376607728834972e+18,153.013319685375,40.0377612794125,21.06504,20.92512,20.67812,20.61336,20.31483,3562,301,3,40,9.937360103463475e+18,QSO,2.106587,8826,57452,609
96648,1.237661355928126e+18,166.502786043246,44.8223676095189,23.53571,23.9877,22.10098,20.47005,19.60895,3698,301,1,83,9.412717684909693e+18,STAR,-0.0001615722,8360,57452,707
22702,1.2376543809091668e+18,155.350077907805,57.8707846640907,22.01231,21.67528,21.90001,21.44188,22.17486,2074,301,1,204,9.216792134543496e+18,QSO,1.727497,8186,57452,638
74955,1.237660772883235e+18,152.347425273748,39.7909506064049,20.82244,20.19284,19.66664,19.45045,19.35101,3562,301,3,36,9.937332890550688e+18,QSO,1.390469,8826,57452,510
74820,1.237655109444633e+18,154.282441865947,57.0880883287758,25.793,24.15516,22.25544,20.96419,19.69639,2243,301,6,229,9.216764921630708e+18,GALAXY,0.7312406,8186,57452,539
98894,1.237661355927929e+18,165.947864603765,44.7038203820886,20.88446,20.87028,20.71384,20.75652,20.60536,3698,301,1,80,9.412695694677135e+18,QSO,1.05304,8360,57452,627
49977,1.237661850922189e+18,153.34632959311,40.268676160631,18.12496,17.20585,16.93817,16.83968,16.82023,3813,301,3,69,9.937367250289056e+18,STAR,-4.499062e-05,8826,57452,635
33998,1.237657629511713e+18,130.838856189001,37.580995946635,23.54352,22.69877,21.95805,20.75439,19.94195,2830,301,4,153,9.974503805273e+18,GALAXY,0.8297109,8859,57452,569
99861,1.2376576279018214e+18,133.572539440439,37.5747369876108,21.59163,21.42589,21.65341,21.39432,20.90382,2830,301,1,164,9.97462007862764e+18,QSO,1.79246,8859,57452,992
76249,1.2376607728834972e+18,153.129798195844,39.9574858266008,22.25758,22.23692,21.56925,21.72605,21.37504,3562,301,3,40,9.937361202975105e+18,QSO,1.162079,8826,57452,613
76950,1.2376607728886743e+18,168.130349141365,43.4976860802286,21.64921,21.3756,21.49532,20.91787,21.72879,3562,301,3,119,9.41253076793297e+18,QSO,1.89328,8360,57452,27
32592,1.2376611390345715e+18,155.762825583568,39.475438847125,24.15471,23.94748,22.31741,20.87566,19.81832,3647,301,5,118,9.937202873300703e+18,GALAXY,0.8114496,8826,57452,37
82554,1.2376611379601738e+18,154.281973508235,38.1867481789346,20.88611,21.10231,20.73229,20.63586,20.96821,3647,301,3,108,9.937249327666977e+18,QSO,1.377898,8826,57452,206
33451,1.237658304352158e+18,157.569274182765,57.7574595687436,22.00644,21.04261,21.1553,21.10307,20.78666,2987,301,5,57,9.216858654996976e+18,QSO,2.400337,8186,57452,880
92812,1.2376581926879245e+18,132.353498376028,36.6418091611027,22.4649,23.24376,21.40545,20.31623,19.66112,2961,301,5,132,9.974396602889296e+18,GALAXY,0.6411753,8859,57452,179
74693,1.2376607728833006e+18,152.593100528961,39.8162929484008,20.48041,20.21326,19.91939,20.04627,19.85171,3562,301,3,37,9.937337013719292e+18,QSO,0.9213601,8826,57452,525
75321,1.2376607728834972e+18,153.074503212003,39.9439261685522,22.00078,21.42678,20.66498,20.39363,20.28977,3562,301,3,40,9.93735872907394e+18,QSO,1.323706,8826,57452,604
27821,1.2376553692815693e+18,155.54065858069,58.4445148077677,22.74888,22.21495,21.11069,20.10687,19.45419,2304,301,2,98,9.216788561130708e+18,GALAXY,0.8060812,8186,57452,625
41764,1.2376543809090355e+18,154.974368066368,57.7885840724574,21.04996,20.9592,20.86295,20.66405,20.14207,2074,301,1,202,9.216780589671404e+18,QSO,1.692799,8186,57452,596
89177,1.237661849848382e+18,153.485075604821,39.3713868078318,20.88012,20.75952,20.74626,20.42844,20.42973,3813,301,1,68,9.93729935544604e+18,QSO,1.636469,8826,57452,388
76813,1.237660772883366e+18,152.749133018416,39.7804753044792,22.1164,21.09698,20.36848,20.10605,19.57676,3562,301,3,38,9.937349383225104e+18,QSO,2.025173,8826,57452,570
75129,1.2376607728834317e+18,152.885915852355,40.0226692870235,21.44415,21.25387,20.75068,20.66908,20.43985,3562,301,3,39,9.937348283713477e+18,QSO,1.02677,8826,57452,566
14918,1.237661384386086e+18,153.235368168351,39.0409298628878,24.9846,23.51898,21.60059,20.46367,19.80193,3704,301,6,141,9.937300729835575e+18,GALAXY,0.6289341,8826,57452,393
74930,1.237660772888609e+18,168.075082170819,43.4581755391337,21.67281,21.34787,21.20628,20.89258,20.69421,3562,301,3,118,9.41254066353762e+18,QSO,1.568499,8360,57452,63
32715,1.237657630048847e+18,131.006263713273,38.2626014722573,25.36659,23.52688,21.8351,20.64594,19.8744,2830,301,5,157,9.974508203319515e+18,GALAXY,0.7504145,8859,57452,585
73958,1.2376607728834317e+18,152.855232703446,40.0059749866392,21.39617,21.01626,20.56753,20.33661,20.18871,3562,301,3,39,9.937347733957665e+18,QSO,1.477681,8826,57452,564
77210,1.23766077288874e+18,168.435745705773,43.4981439783733,21.17332,20.76974,20.29243,20.28313,21.02854,3562,301,3,120,9.412528843787622e+18,GALAXY,0.2107039,8360,57452,20
77120,1.237660772883366e+18,152.741863480025,39.9310082298808,22.0736,21.37025,20.68615,20.50526,20.19746,3562,301,3,38,9.93733811323092e+18,QSO,2.341352,8826,57452,529
80012,1.2376646684343667e+18,152.956451311571,35.253284000881,25.31739,23.06189,21.84988,20.74859,19.92234,4469,301,3,277,9.97105078902275e+18,GALAXY,0.5518131,8856,57453,295
31302,1.2376609586410954e+18,116.139094227684,20.9216431805899,22.85332,22.22929,21.68589,21.06262,20.46039,3605,301,5,44,1.0081525319335172e+19,GALAXY,0.8635523,8954,57453,791
99046,1.2376607648303035e+18,115.3560121284,19.4350052700922,22.88637,22.54717,21.63669,20.87418,21.09902,3560,301,4,38,1.0081407121835186e+19,GALAXY,0.7158787,8954,57453,361
46292,1.2376622240567788e+18,154.562257243058,35.2199184645404,17.61728,16.72251,16.50695,16.42062,16.4081,3900,301,2,211,9.970984543447175e+18,STAR,0.0001222936,8856,57453,54
53307,1.237660958103504e+18,115.170719967954,19.4996208356347,22.10691,21.82074,21.65378,20.67774,19.72466,3605,301,4,33,1.0081423339631696e+19,GALAXY,0.8288094,8954,57453,420
66255,1.237660958103962e+18,116.088544477956,20.1445940360621,20.47109,18.29149,17.38504,17.03885,16.83615,3605,301,4,40,1.0081372487218911e+19,STAR,0.000178291,8954,57453,235
51538,1.237660958104028e+18,116.094904514828,20.3095159457806,23.39888,22.72628,22.20886,21.99328,22.27798,3605,301,4,41,1.0081370288195656e+19,GALAXY,1.024256,8954,57453,227
90508,1.2376607648303035e+18,115.329607033151,19.4118757823717,23.96955,22.51326,22.16433,21.43057,20.72213,3560,301,4,38,1.0081420865730531e+19,GALAXY,0.8758625,8954,57453,411
52925,1.237660764830369e+18,115.458947624939,19.4896031883957,22.21542,21.94818,21.51789,20.66454,20.09592,3560,301,4,39,1.0081408771102628e+19,GALAXY,0.781765,8954,57453,367
86540,1.2376607659045038e+18,115.68870494133,20.6619869370067,23.3684,22.76167,22.53651,21.51692,22.4164,3560,301,6,45,1.0081504978370058e+19,GALAXY,0.8462213,8954,57453,717
92671,1.237661136885908e+18,153.269566182676,36.8743473020701,23.84111,24.5225,21.84775,20.57519,19.84616,3647,301,1,100,9.971199772848314e+18,GALAXY,0.74483,8856,57453,837
63878,1.2376609581035684e+18,115.396024697301,19.5053954678848,25.09632,23.15059,22.82745,21.84486,21.13261,3605,301,4,34,1.0081407396713091e+19,GALAXY,0.7855256,8954,57453,362
49973,1.237660958104224e+18,116.601551973048,20.5488317265513,24.4822,22.5816,21.55614,21.40437,21.48318,3605,301,4,44,1.0081351596498e+19,GALAXY,0.6527916,8954,57453,159
99680,1.2376607648303688e+18,115.441177756936,19.4559690025828,24.20095,22.58803,22.17699,21.37224,21.08513,3560,301,4,39,1.0081407671591e+19,GALAXY,0.811195,8954,57453,363
16869,1.2376607653675023e+18,115.632069047142,20.2424393926777,23.30145,24.20057,22.69666,21.55859,21.22189,3560,301,5,43,1.0081392553306118e+19,GALAXY,0.0001087874,8954,57453,308
50080,1.2376609581035694e+18,115.390961922397,19.5602262914431,23.87958,22.5468,21.57252,21.03315,20.54483,3605,301,4,34,1.008140849622472e+19,GALAXY,0.8039218,8954,57453,366
49128,1.2376609581035028e+18,115.188321582606,19.4774090510588,25.56517,23.13461,22.9414,22.68653,22.22578,3605,301,4,33,1.0081419491341e+19,GALAXY,0.8397741,8954,57453,406
72772,1.2376611374225165e+18,152.270792407807,37.005325945803,20.7801,20.60408,20.29474,20.23052,20.37472,3647,301,2,96,9.97113380215065e+18,QSO,1.124144,8856,57453,597
62135,1.2376609581038308e+18,115.785620816295,20.0521985791424,23.47458,23.67309,22.67867,21.68439,21.28584,3605,301,4,38,1.00813799089224e+19,GALAXY,0.7322589,8954,57453,262
43877,1.2376609581037007e+18,115.673454973171,19.7826325214873,24.30739,23.10362,22.16054,22.49447,21.22219,3605,301,4,36,1.0081390079405e+19,GALAXY,0.7031757,8954,57453,299
18624,1.237660765367109e+18,114.894669617439,19.6148557796033,23.43731,23.39077,22.88478,21.78885,21.43258,3560,301,5,37,1.0081432410602623e+19,GALAXY,0.7774306,8954,57453,453
16284,1.2376607653673047e+18,115.345144921217,19.8016390127539,23.29643,23.11451,22.22646,22.199,22.5499,3560,301,5,40,1.0081409870614256e+19,GALAXY,0.7588463,8954,57453,371
50050,1.237660958103962e+18,116.154052362434,20.153851502723,23.68089,23.17456,22.81219,21.70023,22.84386,3605,301,4,40,1.0081361492102631e+19,GALAXY,0.802129,8954,57453,195
57056,1.237660958104618e+18,117.306262667177,21.13612218379,24.28938,22.56688,21.98221,22.35583,22.40154,3605,301,4,50,1.0081577821015398e+19,GALAXY,0.1312491,8954,57453,982
36905,1.2376609575675502e+18,117.189257039378,20.5159347196782,22.34777,22.05795,21.6888,21.01358,21.28837,3605,301,3,47,1.0081316961881709e+19,GALAXY,0.9787375,8954,57453,33
28987,1.23766095864103e+18,116.094562573904,20.8956208776772,22.54555,22.55787,22.29673,21.70973,21.66562,3605,301,5,43,1.0081526693724709e+19,GALAXY,0.8382314,8954,57453,796
92789,1.2376607648312863e+18,117.270535020454,20.8099887647565,23.64989,23.58745,21.74566,21.17225,20.89672,3560,301,4,53,1.008158111955028e+19,GALAXY,0.582776,8954,57453,994
29271,1.2376609586413578e+18,116.787203452828,21.3376719534886,22.4746,22.59762,21.9583,21.62568,21.49919,3605,301,5,48,1.0081559404195631e+19,GALAXY,0.738654,8954,57453,915
17397,1.23766076536724e+18,115.185398464721,19.772224783069,24.91756,23.06005,22.32206,21.39729,21.13338,3560,301,5,39,1.0081422240120068e+19,GALAXY,0.8473112,8954,57453,416
43160,1.2376607648308275e+18,116.297645195393,20.1667329041414,23.40106,22.50224,21.90928,20.96789,20.99162,3560,301,4,46,1.0081359567957285e+19,GALAXY,0.8908414,8954,57453,188
52943,1.237660958104618e+18,117.238556319021,21.166594793389,23.15162,22.61616,21.71945,21.02571,20.43613,3605,301,4,50,1.0081574522480515e+19,GALAXY,0.6978346,8954,57453,970
27129,1.2376646695081743e+18,152.707513297374,36.2014597028027,23.82574,23.0471,21.73759,20.44109,19.72368,4469,301,5,278,9.971160740185528e+18,GALAXY,0.865028,8856,57453,695
43800,1.2376609581038976e+18,115.883287699863,20.0525201693717,23.58445,22.85084,22.56028,21.89615,23.57576,3605,301,4,39,1.0081379634044492e+19,GALAXY,0.9510256,8954,57453,261
50371,1.237660958103504e+18,115.231434746441,19.4590101776794,23.32799,22.56167,21.84738,21.17321,20.83529,3605,301,4,33,1.0081419216463092e+19,GALAXY,0.6285278,8954,57453,405
36340,1.2376609575667643e+18,115.79699788974,19.4575218409349,24.19806,22.96742,22.14883,21.61114,21.01629,3605,301,3,35,1.0081386231114258e+19,QSO,1.162155,8954,57453,285
26641,1.2376609575674191e+18,116.94628992817,20.2855468569456,22.87438,22.79961,22.04127,21.2288,21.42715,3605,301,3,45,1.0081336753091e+19,GALAXY,0.8550124,8954,57453,105
67106,1.2376622240562555e+18,153.17530683915,34.6146531410741,25.71227,23.78479,21.88324,20.45017,19.56262,3900,301,2,203,9.971037594883215e+18,GALAXY,0.9762665,8856,57453,247
44030,1.2376609581043564e+18,116.782643715574,20.8542628331284,22.97567,22.85316,23.00911,21.46718,21.36333,3605,301,4,46,1.0081553082003771e+19,GALAXY,0.736123,8954,57453,892
13450,1.237660765368353e+18,117.22509074143,21.4232270408782,24.3165,22.87693,22.39153,22.00233,22.11331,3560,301,5,56,1.0081571773701444e+19,GALAXY,0.763017,8954,57453,960
87094,1.2376611368859735e+18,153.363823791903,36.9204488106916,24.18322,22.94633,21.85144,20.52803,19.63975,3647,301,1,101,9.9711992230925e+18,GALAXY,0.7706329,8856,57453,835
25238,1.2376609586415547e+18,117.128519807573,21.6480155836262,22.44705,22.2633,21.82805,21.08027,20.35825,3605,301,5,51,1.0081569024922376e+19,GALAXY,0.8124267,8954,57453,950
18160,1.237660765367502e+18,115.659881526416,20.2668343341173,23.60122,23.49291,22.37443,21.27183,21.52324,3560,301,5,43,1.0081390904038676e+19,GALAXY,0.8840959,8954,57453,302
31333,1.237660957567026e+18,116.209701142938,19.7661412416275,23.79313,22.5537,21.87282,21.05906,20.90584,3605,301,3,39,1.0081366165027052e+19,GALAXY,0.7474798,8954,57453,212
75903,1.2376613827751447e+18,152.975835386908,37.4260243570833,24.05514,21.73018,21.08508,20.90359,20.64957,3704,301,3,136,9.971175308714596e+18,STAR,-0.0001509885,8856,57453,748
70210,1.2376611374225823e+18,152.422249945926,37.2079263832516,22.3012,21.87169,21.70801,21.7617,21.14588,3647,301,2,97,9.971142873121577e+18,GALAXY,1.227923,8856,57453,630
96243,1.2376607648305e+18,115.768066752618,19.5740665333994,22.47272,22.25063,21.81275,21.15576,21.09399,3560,301,4,41,1.0081388979893328e+19,QSO,0.5388008,8954,57453,295
51499,1.2376609581036352e+18,115.514495280643,19.7237905472818,22.27709,22.55868,21.93318,21.57173,20.65833,3605,301,4,35,1.0081399425253792e+19,GALAXY,0.9125514,8954,57453,333
17831,1.2376607653673057e+18,115.398181461487,19.8701949839034,23.37443,22.71408,22.74117,21.69713,21.59984,3560,301,5,40,1.0081412344515418e+19,GALAXY,0.948786,8954,57453,380
52032,1.2376609581046835e+18,117.347391507463,21.3588381933031,25.57065,22.61413,22.84447,21.65835,20.39879,3605,301,4,51,1.0081579195404931e+19,GALAXY,0.8665667,8954,57453,987
90680,1.237660765905028e+18,116.516081162394,21.4319517353341,22.72556,22.81282,21.86049,21.62998,21.00454,3560,301,6,53,1.0081544011032844e+19,GALAXY,1.033355,8954,57453,859
10860,1.2376607653673057e+18,115.413317365811,19.8344836162207,22.94659,22.45141,22.26963,21.42078,20.84505,3560,301,5,40,1.0081411794759604e+19,GALAXY,0.7606531,8954,57453,378
12787,1.2376607653677627e+18,116.13747006031,20.5342755151228,23.68373,22.85926,22.12036,21.20095,21.31371,3560,301,5,47,1.008137166258519e+19,GALAXY,0.7132058,8954,57453,232
12807,1.2376607653673052e+18,115.222061564104,19.8870916657459,23.01957,22.41982,22.03318,21.52328,21.34528,3560,301,5,40,1.0081412894271232e+19,GALAXY,0.8195754,8954,57453,382
26220,1.237664669507978e+18,152.205851164344,35.9277471537814,25.68022,23.22202,22.07478,20.62312,19.96216,4469,301,5,275,9.971088172418095e+18,GALAXY,0.6681414,8856,57453,431
13451,1.2376607653674368e+18,115.466439721785,20.1054082146586,25.08687,23.87631,21.57203,21.36945,21.24888,3560,301,5,42,1.008140217403286e+19,GALAXY,0.3233176,8954,57453,343
41881,1.237660764830762e+18,116.178506686667,20.1195158203941,23.91162,22.73745,22.18987,21.72772,21.99033,3560,301,4,45,1.0081357918689843e+19,GALAXY,0.2002209,8954,57453,182
17979,1.237660765367174e+18,115.061960564623,19.7309373913419,23.07885,22.28403,21.79301,21.18641,20.73397,3560,301,5,38,1.0081418666707276e+19,GALAXY,0.9521355,8954,57453,403
92877,1.2376611368861048e+18,153.834087746675,37.0194265638774,22.48904,22.11611,20.33673,19.74152,19.25887,3647,301,1,103,9.971221488202965e+18,GALAXY,0.410265,8856,57453,916
36047,1.2376650259786637e+18,184.557105474675,35.7982695859765,23.22699,21.46153,20.13059,19.57433,19.17902,4552,301,5,98,9.982355143012934e+18,GALAXY,0.2509572,8866,57457,460
28499,1.2376650254425787e+18,186.741385388123,35.3726002530356,21.27764,20.44842,20.00106,19.73362,19.81916,4552,301,4,110,9.982239969169922e+18,QSO,1.485979,8866,57457,41
23150,1.2376646732495588e+18,186.168771269619,37.5282168284098,21.92581,21.44205,21.14428,21.15322,20.73187,4470,301,4,23,9.982447501989665e+18,QSO,1.046455,8866,57457,796
81863,1.2376648176718976e+18,168.981161181341,35.5582003940545,24.58621,24.93852,21.66602,20.60343,19.77583,4504,301,1,85,9.963199176555911e+18,GALAXY,0.6992476,8849,57457,403
24533,1.2376650254425787e+18,186.781940900707,35.2335753695397,22.08077,21.90797,21.17714,20.83071,20.6707,4552,301,4,110,9.982240518925738e+18,GALAXY,0.4174195,8866,57457,43
82073,1.2376648176780575e+18,186.405763699639,36.6104701561773,19.93566,17.99696,16.89162,16.46655,16.06713,4504,301,1,179,9.982460146373384e+18,GALAXY,0.1306128,8866,57457,842
57607,1.2376650265160584e+18,185.977043904681,36.2324523526707,22.97522,20.07846,18.91918,18.36946,18.08469,4552,301,6,106,9.982302916210612e+18,STAR,7.959997e-05,8866,57457,270
25707,1.237665025441923e+18,184.901245224629,35.4171456358045,22.05752,21.50201,21.54583,21.87191,21.47696,4552,301,4,100,9.982351294722234e+18,STAR,0.000286923,8866,57457,446
68722,1.237665026510553e+18,170.545695881824,35.3574774366758,23.55363,22.78732,21.16895,22.15398,20.25753,4552,301,6,22,9.963110940747782e+18,GALAXY,0.4182927,8849,57457,82
23403,1.2376646732494932e+18,185.978401333941,37.6116010878007,22.25641,21.75129,21.66285,21.47334,20.94638,4470,301,4,22,9.98243540736176e+18,QSO,1.682763,8866,57457,752
57027,1.237665026516124e+18,186.202802645681,36.1905825266771,21.96368,21.63936,21.3074,21.21138,21.14543,4552,301,6,107,9.982290821582709e+18,STAR,-0.0006534151,8866,57457,226
68442,1.2376650265163855e+18,186.972165361892,36.1164497283961,23.75896,22.17705,21.5533,22.33355,22.19129,4552,301,6,111,9.98225178891992e+18,STAR,4.643503e-06,8866,57457,84
30674,1.237665128544142e+18,185.562096292878,35.1405917106881,23.25943,22.71308,21.47896,20.39657,19.6909,4576,301,4,451,9.98231748473968e+18,GALAXY,0.6090732,8866,57457,323
57199,1.2376650265159278e+18,185.740028311786,36.0930656157382,25.88782,23.5808,21.7735,20.48175,19.53127,4552,301,6,104,9.98231198718154e+18,GALAXY,0.9112711,8866,57457,303
30424,1.2376650254426442e+18,186.842290447208,35.3916776444254,21.01961,20.50524,20.59559,20.56405,20.95914,4552,301,4,111,9.98224464209434e+18,QSO,2.409037,8866,57457,58
81749,1.23766481928854e+18,185.995514916093,37.7319310415704,25.87223,23.09995,21.18614,20.17614,19.44901,4504,301,4,177,9.982434582728038e+18,GALAXY,0.5757088,8866,57457,749
24420,1.2376650254423818e+18,186.211479890278,35.2903341359569,20.19432,19.93577,19.98021,19.77235,19.71359,4552,301,4,107,9.98228449939085e+18,QSO,1.945112,8866,57457,203
67857,1.2376650265155338e+18,184.556505696492,36.161362168537,22.76179,21.298,21.40474,20.58333,21.00673,4552,301,6,98,9.982356792280371e+18,STAR,-0.0006314471,8866,57457,466
53128,1.2376650265161897e+18,186.410225481203,36.2322962143656,24.58871,22.73252,21.6662,20.50677,19.82919,4552,301,6,108,9.982281200855966e+18,GALAXY,0.7873845,8866,57457,191
82636,1.2376648192884744e+18,185.87402418744,37.7419366138288,24.55164,23.06316,21.19707,20.06896,19.43193,4504,301,4,176,9.982423037855949e+18,STAR,-0.0003550114,8866,57457,707
32786,1.2376650259786634e+18,184.531618193357,35.8022839033376,23.10854,20.89096,19.54998,19.00212,18.62897,4552,301,5,98,9.982362289838512e+18,GALAXY,0.2507157,8866,57457,486
95737,1.237664817677992e+18,186.28006659062,36.582743180086,20.29781,18.32844,17.26771,16.82825,16.46472,4504,301,1,178,9.982293570361776e+18,GALAXY,0.1293668,8866,57457,236
54742,1.2376650265104878e+18,170.411412026094,35.3691523881148,21.05575,19.12127,18.17023,17.7559,17.43609,4552,301,6,21,9.963123035375688e+18,GALAXY,0.1036975,8849,57457,126
25165,1.2376650254424476e+18,186.39989130682,35.3385094246205,21.27431,20.99701,20.86119,20.58528,20.49149,4552,301,4,108,9.982273229396662e+18,QSO,1.826971,8866,57457,162
68162,1.237658192151446e+18,133.633838007769,36.7212495567881,20.94763,20.70437,20.4405,20.48187,20.43183,2961,301,4,138,9.975589847984e+18,QSO,0.9288485,8860,57458,424
87733,1.2376582018119767e+18,134.093855903175,38.2967714451563,22.57518,21.97371,22.08063,21.56377,21.97156,2963,301,6,90,9.975646197954929e+18,GALAXY,0.9626996,8860,57458,629
65351,1.237658203421607e+18,136.179319770267,37.0117880576708,25.53895,23.94091,21.56067,20.22399,19.51188,2964,301,1,75,9.975480171699132e+18,GALAXY,0.8111341,8860,57458,25
69281,1.2376581921518395e+18,134.50084326039,37.2854231949964,24.49325,22.91386,21.07618,19.4342,18.48024,2961,301,4,144,9.975676709402595e+18,STAR,6.133632e-05,8860,57458,740
96743,1.2376581921519048e+18,134.639253403159,37.2772893608159,24.92058,21.80365,21.36851,21.37251,21.37191,2961,301,4,145,9.975687704518875e+18,QSO,2.794811,8860,57458,780
61237,1.2376576279020836e+18,134.051703440775,37.9046491989387,23.67659,21.69937,19.86223,19.25994,18.84708,2830,301,1,168,9.975650870879345e+18,GALAXY,0.4193796,8860,57458,646
97310,1.2376581921517734e+18,134.299143396869,37.2809677741771,20.28298,19.57831,19.14556,19.18269,18.90388,2961,301,4,143,9.97566571428632e+18,QSO,2.429031,8860,57458,700
69224,1.2376646737866918e+18,186.943765355692,38.1152913889709,21.99639,21.85216,21.56844,21.31442,21.30922,4470,301,5,27,9.94621254655727e+18,QSO,1.537698,8834,57458,46
70403,1.2376646737861676e+18,185.517847936299,38.1179434986622,21.48138,21.40701,21.40162,20.9656,20.96749,4470,301,5,19,9.94626367384796e+18,QSO,1.881268,8834,57458,232
43261,1.2376576279020183e+18,134.043012253566,37.8631179996195,23.19622,21.98989,20.20484,19.61466,19.20121,2830,301,1,167,9.975651145757254e+18,GALAXY,0.4088919,8860,57458,647
43995,1.2376646737860367e+18,185.091915330934,38.1253514336538,23.06141,23.04884,21.20803,20.15596,19.34005,4470,301,5,17,9.946285938958424e+18,GALAXY,0.7822957,8834,57458,313
68836,1.2376581921515116e+18,133.771311870672,36.835645584772,21.62412,21.30056,21.34393,21.03164,21.79505,2961,301,4,139,9.97559094749563e+18,QSO,1.66087,8860,57458,428
71821,1.2376646737859707e+18,184.87136561383,38.0633548211902,20.70597,20.01564,19.7176,19.571,19.45575,4470,301,5,16,9.94630600504563e+18,QSO,1.330006,8834,57458,386
47743,1.2376606370610547e+18,134.524178953335,36.2063592011192,21.79972,22.0828,21.78868,21.71392,22.34764,3530,301,6,130,9.975551639954938e+18,QSO,1.461534,8860,57458,285
85861,1.23765820181178e+18,133.515069625395,37.9599660606543,23.08685,21.67445,20.8681,20.6471,20.74688,2963,301,6,87,9.975626406745629e+18,QSO,3.542819,8860,57458,557
48191,1.2376576279020838e+18,134.060815351848,37.9324133260094,25.13501,22.58511,20.83796,20.15385,19.82058,2830,301,1,168,9.975650046245626e+18,GALAXY,0.4209609,8860,57458,643
50246,1.237660637061251e+18,135.030653928078,36.5077293790118,21.23984,20.96842,20.87765,20.75887,20.4367,3530,301,6,133,9.975532398501454e+18,QSO,1.452631,8860,57458,215
43840,1.2376576279025428e+18,135.169096227806,38.6597933401591,26.11258,23.14503,21.14904,20.12761,19.46141,2830,301,1,175,9.975699524268872e+18,GALAXY,0.657242,8860,57458,823
93049,1.2376581926889068e+18,134.541429405674,37.9692547808335,25.19371,23.30669,21.6437,20.59351,19.89664,2961,301,5,147,9.97567203647818e+18,GALAXY,0.4625333,8860,57458,723
97033,1.237664674323694e+18,187.339587132342,38.4279116962367,22.13406,21.65599,21.4938,21.60741,21.23505,4470,301,6,29,9.946201276563083e+18,GALAXY,1.655783,8834,57458,5
45886,1.2376576279016243e+18,132.976416216854,37.2739306105098,22.15569,19.90602,18.78462,18.33794,17.97896,2830,301,1,161,9.97561623626307e+18,GALAXY,0.1721539,8860,57458,520
51391,1.237657627902083e+18,134.095137119177,37.9302015625877,24.4624,21.85452,20.05749,19.41835,19.04,2830,301,1,168,9.975659941850272e+18,GALAXY,0.4120237,8860,57458,679
80996,1.237664668445508e+18,184.810175044537,39.8686785867718,23.42187,24.7296,21.73979,20.35666,19.57991,4469,301,3,447,9.94637554915609e+18,GALAXY,0.6762615,8834,57458,639
87200,1.2376582018121075e+18,134.353684409384,38.4072466077111,22.5571,22.07041,21.84595,21.5975,21.17314,2963,301,6,92,9.97566653892004e+18,QSO,1.94018,8860,57458,703
19355,1.2376576284390853e+18,134.103381185961,38.5315605317748,20.66796,20.44916,20.41021,20.39648,20.211,2830,301,2,170,9.975643998931671e+18,QSO,0.8724473,8860,57458,621
63842,1.2376582034214103e+18,135.782762630323,36.767647908209,24.08318,22.99672,21.58772,20.37369,19.57808,2964,301,1,72,9.975490067303782e+18,GALAXY,0.7474722,8860,57458,61
93952,1.237657627902543e+18,135.219724028099,38.6011316251514,25.26841,23.77557,22.02242,20.85936,19.96273,2830,301,1,175,9.975711069140963e+18,GALAXY,0.7615651,8860,57458,865
99552,1.237657627902018e+18,134.043292858315,37.8816544604065,21.36527,20.78556,20.80256,20.63049,20.3478,2830,301,1,167,9.975649771367717e+18,QSO,2.199445,8860,57458,642
88856,1.2376582018115177e+18,132.952800305785,37.575075292706,21.02682,20.69448,20.31571,20.24451,20.12927,2963,301,6,83,9.975611013582838e+18,QSO,1.140149,8860,57458,501
62133,1.2376576279022154e+18,134.373992274636,38.1218400862575,25.4147,24.59132,22.01863,20.55667,19.59606,2830,301,1,170,9.975670387210736e+18,GALAXY,0.8561665,8860,57458,717
65766,1.2376582034210826e+18,135.12317159629,36.2681440295749,23.48866,22.72192,21.12549,19.95927,19.3081,2964,301,1,67,9.975519204361918e+18,GALAXY,0.737012,8860,57458,167
99456,1.2376648203620846e+18,185.541145814355,38.6405211079203,21.12259,21.21279,20.95471,20.95076,20.85619,4504,301,6,174,9.946277417743309e+18,QSO,1.285228,8834,57458,282
91194,1.2376581921515116e+18,133.732159263351,36.7364823529203,21.59953,21.18449,21.13093,21.19976,21.60473,2961,301,4,139,9.97558929822819e+18,STAR,1.047014e-05,8860,57458,422
67387,1.2376646737859707e+18,184.940733848503,38.1181093074105,22.32402,21.5853,20.63873,20.15953,19.95842,4470,301,5,16,9.94629528480726e+18,QSO,0.4887181,8834,57458,347
65056,1.2376582034217375e+18,136.483444366198,37.1280318769145,23.70502,23.86753,21.84871,20.56457,19.81991,2964,301,1,77,9.976733614971574e+18,GALAXY,0.6473187,8861,57459,489
24095,1.237664880493593e+18,159.193703160717,35.8882793812865,22.43137,21.30669,21.13433,20.91452,21.11111,4518,301,6,204,9.967615365042428e+18,STAR,0.0003741812,8853,57459,85
69298,1.2376622240583526e+18,158.770563494497,36.2842121715145,27.0414,24.13854,21.84878,20.6046,19.80869,3900,301,2,235,9.967627459670331e+18,GALAXY,0.854573,8853,57459,129
21378,1.2376648804935273e+18,158.940211147058,35.8814079152009,21.17938,21.18251,20.97567,21.06847,21.07051,4518,301,6,203,9.967625535524985e+18,QSO,1.344102,8853,57459,122
80907,1.237664669510599e+18,159.370512568528,37.903218668839,24.1488,24.24291,21.61097,20.53949,19.84727,4469,301,5,315,9.967843513705191e+18,GALAXY,0.2027689,8853,57459,915
64841,1.237658203422e+18,137.152695982479,37.4022528626896,23.46563,23.57424,21.81168,20.71177,19.79882,2964,301,1,81,9.97677979445994e+18,GALAXY,0.6294771,8861,57459,657
86287,1.2376622251325524e+18,159.72221563893,37.2862198673741,23.25064,22.0302,21.91756,22.03133,22.48012,3900,301,4,242,9.967853684187748e+18,QSO,2.785734,8853,57459,952
65945,1.2376582034216072e+18,136.348356440532,36.9504102438143,24.16269,24.63658,22.07328,20.78261,19.91334,2964,301,1,75,9.97673306521576e+18,GALAXY,0.7855006,8861,57459,487
70723,1.2376603433971878e+18,139.100558440507,36.8382184333953,21.64994,21.43423,21.51039,21.18804,21.39955,3462,301,3,199,9.976605246989031e+18,QSO,1.501823,8861,57459,22
62665,1.2376603433971878e+18,139.152917544747,36.8492742467967,21.22744,21.34776,20.82198,20.97214,21.37757,3462,301,3,199,9.976605521866938e+18,QSO,1.294101,8861,57459,23
64571,1.237658203422262e+18,137.75687066494,37.8981945563798,24.21221,23.29918,21.79091,20.50549,19.73989,2964,301,1,85,9.97679848615761e+18,GALAXY,0.7468954,8861,57459,725
23025,1.2376648804936584e+18,159.324511847395,35.8856657905347,25.1731,22.25706,20.70582,20.01097,19.71334,4518,301,6,205,9.96760354529243e+18,STAR,0.0005373511,8853,57459,42
87989,1.2376622251332078e+18,161.459903045949,37.6105028333796,21.7329,21.59994,21.43099,21.12912,21.26846,3900,301,4,252,9.965546359053638e+18,QSO,1.476687,8851,57460,750
93064,1.2376651296185393e+18,187.362721180122,35.9814960924435,23.03967,23.3364,21.55767,20.25607,19.60835,4576,301,6,461,9.98347637004569e+18,GALAXY,0.8350302,8867,57460,443
45615,1.2376622240592038e+18,161.067403195655,36.6456414041577,22.46308,20.98424,20.50233,20.38966,20.16226,3900,301,2,248,9.965438057158302e+18,QSO,3.419974,8851,57460,356
95211,1.2376648176787791e+18,188.482382448447,36.4705640705309,24.44508,23.69131,21.82424,20.46093,19.81388,4504,301,1,190,9.983439536406155e+18,GALAXY,0.6884182,8867,57460,309
22244,1.2376648804939205e+18,160.087564732968,35.9905152386114,22.75723,21.33166,21.06693,20.91171,21.87697,4518,301,6,209,9.965466369582717e+18,QSO,2.997841,8851,57460,459
33184,1.237665025980302e+18,189.145898932677,35.6361692593051,23.89352,22.91085,21.40915,20.24397,19.56448,4552,301,5,123,9.983398854475928e+18,GALAXY,0.6132317,8867,57460,161
70163,1.237664673787544e+18,189.477782694442,37.9567297918709,21.80947,21.80998,21.58332,21.56715,20.90862,4470,301,5,40,9.983594292667769e+18,QSO,1.396665,8867,57460,872
97701,1.2376648203631987e+18,188.752079139694,38.497394699791,23.62446,22.11556,21.96347,21.62657,21.26063,4504,301,6,191,9.9835481131794e+18,QSO,2.669367,8867,57460,704
95684,1.2376646743242186e+18,188.997135968449,38.2792053539901,22.5128,22.1636,21.90662,21.87072,21.94949,4470,301,6,37,9.983569828534049e+18,QSO,1.383422,8867,57460,783
56802,1.237665026516517e+18,187.369567402276,36.1485188498968,23.27316,21.41478,21.11168,20.67956,20.61156,4552,301,6,113,9.983477194679409e+18,QSO,2.775133,8867,57460,446
21525,1.2376646732500175e+18,187.553483263478,37.6026029230621,21.69979,21.42338,21.22257,21.1004,20.82863,4470,301,4,30,9.983519525877078e+18,QSO,1.681279,8867,57460,600
68384,1.2376646737868884e+18,187.618639368276,37.9277095162416,21.9428,22.29385,21.62927,21.60145,21.71393,4470,301,5,30,9.983516777098009e+18,QSO,1.403012,8867,57460,590
97039,1.237664817679238e+18,189.793624134561,36.3672854062023,24.93191,23.54116,21.28467,20.20213,19.516,4504,301,1,197,9.98337081692942e+18,STAR,-0.0002751083,8867,57460,59
24113,1.237664673250214e+18,188.194014651234,37.6140770751087,21.96685,21.89731,21.78845,21.72284,21.1517,4470,301,4,33,9.983528871725914e+18,GALAXY,0.001953051,8867,57460,634
25087,1.2376646732501486e+18,187.872013686772,37.5405229070229,21.01414,20.82881,20.85811,20.57611,20.5414,4470,301,4,32,9.983530246115449e+18,QSO,1.772945,8867,57460,639
49137,1.2376646737871503e+18,188.263461723863,38.0279281834909,23.10278,22.56362,20.94037,19.95065,19.19949,4470,301,5,34,9.983538492452655e+18,GALAXY,0.6050917,8867,57460,669
57324,1.237665026516648e+18,187.741580089228,36.0928558142012,21.82627,21.67538,21.65744,21.70313,20.86881,4552,301,6,115,9.983469498098014e+18,GALAXY,1.269516,8867,57460,418
78714,1.237660765916038e+18,139.936275130572,36.3479496036668,24.81258,22.66596,21.6245,20.54873,19.78367,3560,301,6,221,9.97785071881895e+18,GALAXY,0.7017562,8862,57461,457
63114,1.2376609629411082e+18,141.442439289685,36.7729912422251,20.42329,20.03905,19.89752,19.75319,19.77944,3606,301,5,121,9.977786397388724e+18,QSO,0.6454737,8862,57461,223
52645,1.2376607653792973e+18,140.60660473042,36.0371708324755,18.56446,17.68443,17.35832,17.2245,17.16883,3560,301,5,223,9.977815259568951e+18,STAR,0.0003274997,8862,57461,328
30015,1.237660962404172e+18,141.489536811647,36.4270831586431,21.12094,19.56187,18.60722,18.23803,17.86879,3606,301,4,120,9.97777430276082e+18,GALAXY,0.1108942,8862,57461,179
76594,1.2376609634776517e+18,140.397576481885,36.8200954639667,21.50102,19.22811,18.26225,17.83381,17.52502,3606,301,6,116,9.977830927609647e+18,GALAXY,0.1093167,8862,57461,385
73304,1.2376609629409116e+18,141.014115929346,36.5474839787602,22.63929,19.45585,19.28018,19.23682,21.69499,3606,301,5,118,9.977807013231743e+18,QSO,2.281558,8862,57461,298
53516,1.2376607653800184e+18,142.336792039299,36.9329647522337,21.19669,21.02196,20.43688,20.31539,20.1669,3560,301,5,234,9.97774269180152e+18,QSO,1.253725,8862,57461,64
11713,1.2376607653796252e+18,141.402104958471,36.4963621324854,21.17653,19.49027,18.52948,18.10531,17.77629,3560,301,5,228,9.977784748121285e+18,GALAXY,0.113647,8862,57461,217
63487,1.2376603433979745e+18,140.980675849673,37.8540004263876,22.20252,21.08723,20.65385,20.53633,20.26705,3462,301,3,211,9.977924111220103e+18,STAR,-0.0002240167,8862,57461,724
55089,1.237660764842493e+18,140.939865830836,35.9087383305461,22.78242,20.5564,20.42665,20.32302,20.66247,3560,301,4,224,9.977791894946863e+18,QSO,3.166567,8862,57461,243
37361,1.2376609624041065e+18,141.436679630011,36.3898464811681,21.69786,19.66445,18.70758,18.30293,18.01286,3606,301,4,119,9.97777237861547e+18,GALAXY,0.1129024,8862,57461,172
51687,1.2376607653795597e+18,141.090968591766,36.3828690529728,21.13475,21.02412,20.83908,20.65355,20.64926,3560,301,5,227,9.97779574323756e+18,QSO,0.9237154,8862,57461,257
64146,1.237660962940519e+18,140.101726910772,36.2093020042311,20.72291,20.57865,20.62077,20.42227,20.63659,3606,301,5,112,9.977851543452668e+18,QSO,2.014955,8862,57461,460
23463,1.2376609618673664e+18,142.052223848909,36.1215014622669,22.71738,20.53865,19.09851,19.67424,17.68876,3606,301,3,121,9.97774818935966e+18,STAR,0.0001446671,8862,57461,84
77628,1.2376609634780447e+18,141.385168209013,37.1851980250016,23.64933,24.27226,21.6309,20.29173,19.60228,3606,301,6,122,9.97779024567942e+18,GALAXY,0.7015522,8862,57461,237
80657,1.237660765916038e+18,139.919439687833,36.4239921606887,22.99056,23.39013,21.79093,20.555,19.83486,3560,301,6,221,9.977851268574763e+18,GALAXY,0.5742629,8862,57461,459
52953,1.237660765380084e+18,142.438167665582,36.8700380706331,21.98778,21.74841,21.64973,21.50286,21.23825,3560,301,5,235,9.977731696685242e+18,QSO,0.6691347,8862,57461,24
95926,1.2376607659162348e+18,140.423196341933,36.6484410895202,24.16778,24.41623,22.26912,20.88157,19.90246,3560,301,6,224,9.977819382737558e+18,STAR,-0.0003425943,8862,57461,343
52865,1.2376607653795597e+18,141.045928911518,36.4476861654906,21.67984,21.75257,21.32801,21.39872,20.99377,3560,301,5,227,9.97779491860384e+18,QSO,1.178132,8862,57461,254
64909,1.237660764842886e+18,141.950629337803,36.266008023836,24.11031,22.75114,21.30018,20.00216,19.3565,3560,301,4,230,9.977750663260822e+18,GALAXY,0.6693586,8862,57461,93
64120,1.2376609629415667e+18,142.654439659133,37.2440451486949,24.63467,21.72361,21.32797,20.55791,21.42775,3606,301,5,128,9.977735544975942e+18,STAR,-0.0004488024,8862,57461,38
33084,1.2376609624044347e+18,142.258571982493,36.6181403419454,23.75995,22.51624,21.56707,20.51443,19.63863,3606,301,4,124,9.977740217900358e+18,QSO,7.010295,8862,57461,55
67886,1.2376607648430825e+18,142.492284155076,36.4602503856941,25.38777,23.15303,21.51237,20.46363,19.71443,3560,301,4,233,9.977738568632916e+18,GALAXY,0.5979346,8862,57461,49
76662,1.2376609634775212e+18,140.108432238355,36.5378598889277,22.58706,23.1307,21.45731,20.16589,19.46294,3606,301,6,114,9.97784797003988e+18,GALAXY,0.7121624,8862,57461,447
65059,1.2376609629407808e+18,140.73974678443,36.375194112505,24.33823,24.32349,22.09345,20.8059,19.85128,3606,301,5,116,9.97780563884221e+18,GALAXY,0.8065766,8862,57461,293
67580,1.2376609629407153e+18,140.498715809848,36.3232276177157,20.69382,20.70356,20.37692,20.24894,20.11985,3606,301,5,115,9.977827903952673e+18,QSO,1.422425,8862,57461,374
21045,1.2376609618671045e+18,141.303563286754,35.8498645225436,21.25155,20.73013,20.55381,20.73764,20.68711,3606,301,3,117,9.9777814495864e+18,QSO,2.551569,8862,57461,205
19009,1.2376607653800184e+18,142.288807702489,37.0179279302486,24.61688,24.09369,21.71282,20.67152,19.87728,3560,301,5,234,9.977745715458497e+18,GALAXY,0.5801,8862,57461,75
19381,1.237660765379888e+18,142.060112412643,36.6866987217433,23.53387,24.11945,21.7469,20.41787,19.71354,3560,301,5,232,9.977752862284075e+18,GALAXY,0.6524757,8862,57461,101
37570,1.2376609624041068e+18,141.435962330241,36.2529021121347,24.53331,23.83945,21.55846,20.35499,19.65524,3606,301,4,119,9.97778309885384e+18,GALAXY,0.6371198,8862,57461,211
53725,1.2376609629406502e+18,140.472780734381,36.2860219079554,24.66067,24.52374,22.20516,20.68883,19.91877,3606,301,5,114,9.977826529563138e+18,GALAXY,0.8012573,8862,57461,369
51244,1.237660765380215e+18,142.746139427772,37.1205844392918,20.44614,20.32525,20.15777,20.02007,20.05511,3560,301,5,237,9.977728947906173e+18,QSO,1.436076,8862,57461,14
50866,1.237660765379363e+18,140.736604350065,36.1213874305083,21.92204,21.48055,21.33257,21.17369,21.27843,3560,301,5,224,9.977814709813142e+18,QSO,2.010644,8862,57461,326
64462,1.237660962940715e+18,140.548780926534,36.291705221338,19.62715,19.52819,19.60576,19.47713,19.4179,3606,301,5,115,9.97782543005151e+18,QSO,2.060963,8862,57461,365
9855,1.2376607653798223e+18,141.86018203135,36.6359155458617,26.60234,22.80015,21.43139,20.22027,19.57644,3560,301,5,231,9.977760009109656e+18,GALAXY,0.6649018,8862,57461,127
78961,1.2376619577623183e+18,216.250304466139,47.2143096760005,22.35643,21.54839,21.29696,21.58442,21.22486,3838,301,2,112,9.564703452581616e+18,QSO,2.593571,8495,57481,668
24581,1.237665025445e+18,193.562358203183,35.0371568452158,26.19606,23.92365,22.67099,20.75916,19.64268,4552,301,4,147,9.985685564136118e+18,STAR,-0.0001635722,8869,57481,288
20824,1.2376613859965015e+18,220.386096955674,50.9719520714354,23.38465,24.36,21.46249,20.20061,19.36073,3705,301,1,138,9.462306759320558e+18,GALAXY,0.7685317,8404,57481,887
23089,1.2376646732518523e+18,192.793670701418,37.3841574277242,21.98107,21.40506,20.9936,20.90475,21.76104,4470,301,4,58,9.985768577264015e+18,QSO,1.189933,8869,57481,590
73888,1.237661212044231e+18,216.350876673474,46.1105017534121,22.42252,22.03884,21.36257,21.22797,20.9517,3664,301,5,45,9.56472901622696e+18,QSO,1.112098,8495,57481,761
41234,1.2376582050573852e+18,215.291319663995,46.0495160716069,24.96446,23.21694,21.20699,20.2178,19.56305,2964,301,4,459,9.564678988447896e+18,GALAXY,0.5928347,8495,57481,579
8878,1.2376646732522465e+18,194.019480990217,37.3647102561197,26.70656,23.1607,22.39615,20.96449,19.46964,4470,301,4,64,9.98582492723494e+18,GALAXY,0.8923433,8869,57481,795
66928,1.237658204521497e+18,218.092979001171,44.9282057218705,23.28532,21.86972,21.49425,21.50431,21.18429,2964,301,3,474,9.56453220364559e+18,QSO,3.120538,8495,57481,45
31641,1.23766138653311e+18,219.951696155466,51.6587496233761,21.39172,20.83031,20.83217,20.75151,20.79741,3705,301,2,134,9.462310607611257e+18,QSO,2.539409,8404,57481,901
32777,1.2376613865331103e+18,219.896381390482,51.4898774242612,22.7618,22.20409,22.03209,21.91858,21.52986,3705,301,2,134,9.46227239958219e+18,QSO,2.07024,8404,57481,762
66822,1.2376582045213665e+18,217.853054342534,44.9824251830864,22.60013,21.67316,21.52769,21.66734,21.86848,2964,301,3,472,9.564544298273495e+18,QSO,2.616311,8495,57481,89
88406,1.237661385996239e+18,219.576095441608,51.2818602671496,19.73961,19.72027,19.56149,19.65663,19.71316,3705,301,1,134,9.462269101047306e+18,QSO,1.27547,8404,57481,750
39337,1.2376650259823332e+18,194.84366257366,35.3739316252783,20.60768,20.72245,20.73407,20.59557,20.39053,4552,301,5,154,9.9856096978338e+18,QSO,2.087039,8869,57481,12
66870,1.2376582045203172e+18,214.643458381688,45.8772288493785,20.63993,20.7496,20.40334,20.39396,20.11692,2964,301,3,456,9.564657273093247e+18,QSO,1.354073,8495,57481,500
34288,1.2376613865335688e+18,221.42523777302,51.098252554687,21.31237,21.01121,20.85257,21.00444,20.62237,3705,301,2,141,9.462332872721715e+18,QSO,1.015131,8404,57481,982
63094,1.2376582045211694e+18,217.057526172036,45.0795887157262,25.9804,22.50495,21.17863,20.56061,20.29977,2964,301,3,469,9.564567113139771e+18,STAR,-0.0001079692,8495,57481,172
55999,1.237665026518352e+18,192.444076061085,35.9009551917695,23.90444,21.61882,19.81785,19.08813,18.59544,4552,301,6,141,9.985736141671e+18,GALAXY,0.4203469,8869,57481,472
28830,1.237665025445069e+18,193.648655467509,34.9862455287642,21.99339,21.97776,21.5361,21.31351,20.79725,4552,301,4,148,9.985684739502395e+18,QSO,1.371711,8869,57481,285
31255,1.2376614160667776e+18,218.135765346319,51.5427891451595,23.59859,22.16456,21.09276,20.09441,19.46379,3712,301,1,222,9.462201755960105e+18,GALAXY,0.8123496,8404,57481,505
23716,1.237664673252508e+18,194.668714053538,37.3154522465552,22.74275,21.88079,21.49861,21.3311,21.47812,4470,301,4,68,9.9858669835547e+18,GALAXY,0.1193963,8869,57481,948
42637,1.237661386533307e+18,220.4447595008,51.351392857748,25.03203,22.98537,21.44708,20.55465,20.05588,3705,301,2,137,9.462287792744978e+18,STAR,-4.970892e-06,8404,57481,818
5300,1.237659131672527e+18,218.561831427863,49.3237664720838,22.60029,21.12534,20.84364,20.68771,20.61543,3180,301,2,92,9.462175642558943e+18,STAR,-4.179582e-05,8404,57481,410
78928,1.2376612120438377e+18,215.164945239861,46.4056541023831,20.37856,20.31624,20.29852,20.10604,19.95308,3664,301,5,39,9.5646633204072e+18,QSO,1.797592,8495,57481,522
92638,1.2376591327462694e+18,219.252343205834,50.0990691157073,23.40985,23.70524,22.01413,20.92743,19.91402,3180,301,4,92,9.462147879890346e+18,GALAXY,0.927233,8404,57481,309
41174,1.2376613865329787e+18,219.43810108256,51.7134917675796,21.58784,21.3543,20.87534,20.91914,20.58213,3705,301,2,132,9.46227130007056e+18,QSO,1.2551,8404,57481,758
41154,1.2376613865330445e+18,219.649803883259,51.6781927487622,22.57595,20.33432,19.5026,19.24808,19.03014,3705,301,2,133,9.46227597299498e+18,STAR,0.0001581073,8404,57481,775
23915,1.2376646732522455e+18,193.892875879705,37.2858756560332,22.22103,21.64026,21.51254,21.01163,21.10116,4470,301,4,64,9.985812557729126e+18,QSO,1.665625,8869,57481,750
63926,1.237658204521038e+18,216.740444371029,45.3200435310638,21.76586,20.97504,20.84033,20.86675,20.61021,2964,301,3,467,9.564573985087445e+18,QSO,2.589999,8495,57481,197
96089,1.2376648176805486e+18,193.355801844925,36.1926255642848,24.20706,24.15574,21.44942,20.31744,19.38815,4504,301,1,217,9.985704530711695e+18,GALAXY,0.5995494,8869,57481,357
34286,1.237661386533241e+18,220.299157070088,51.4113542797673,22.52846,21.45666,21.54688,21.39069,21.72559,3705,301,2,136,9.462312531756603e+18,QSO,2.27525,8404,57481,908
24966,1.237665025445e+18,193.458443119458,34.9941226629076,24.46708,22.94461,21.79467,20.7268,20.39645,4552,301,4,147,9.98569518486286e+18,GALAXY,0.6376681,8869,57481,323
74153,1.2376612120444933e+18,217.040437665207,45.7929058047842,24.67131,21.37576,20.9865,20.49075,20.36661,3664,301,5,49,9.564580307279305e+18,QSO,3.262182,8495,57481,220
68375,1.2376582045204485e+18,215.115558459842,45.8452443776219,21.40508,21.40872,21.11936,20.94672,20.97088,2964,301,3,458,9.564651225779296e+18,QSO,1.315796,8495,57481,478
26405,1.2376650254451343e+18,193.849203564805,35.0800981830901,22.11992,21.80969,21.50175,21.52564,22.53501,4552,301,4,149,9.985674294141934e+18,QSO,1.273291,8869,57481,247
82458,1.237661385996567e+18,220.714434857961,50.8752662171319,23.61868,22.08483,21.47926,21.30501,21.05084,3705,301,1,139,9.46231912882637e+18,GALAXY,0.1747009,8404,57481,932
72624,1.2376553499650954e+18,239.010767393767,50.2626292909001,22.04578,21.1905,21.00168,21.27134,21.36043,2299,301,6,264,9.468859573744198e+18,QSO,3.096577,8410,57481,150
76819,1.237661212044362e+18,216.832418395951,46.0276967319428,22.0668,21.52351,21.0183,20.52831,20.26336,3664,301,5,47,9.56474111085487e+18,QSO,1.641461,8495,57481,805
76818,1.2376612120440998e+18,215.849259617241,46.1416241694443,21.80861,21.34546,21.35484,21.18179,21.24638,3664,301,5,43,9.564697955023477e+18,QSO,1.960591,8495,57481,648
33555,1.2376613865330445e+18,219.677739739005,51.5863391546845,18.29614,17.34477,17.06834,16.96189,16.96523,3705,301,2,133,9.462273499093815e+18,STAR,-1.561407e-05,8404,57481,766
69217,1.2376612120442967e+18,216.469854657912,46.0350556644364,23.94274,22.98673,22.14737,20.83443,20.25994,3664,301,5,46,9.564729840860682e+18,STAR,-0.0003716704,8495,57481,764
75397,1.2376612120440998e+18,215.967987046703,46.2669585730036,21.95568,20.97378,20.87731,20.86626,20.44507,3664,301,5,43,9.564696030878128e+18,QSO,2.526387,8495,57481,641
5930,1.2376591316727892e+18,219.482544659515,49.1210703155403,20.75103,20.623,20.12912,20.08132,20.08287,3180,301,2,96,9.462140733064763e+18,QSO,1.405591,8404,57481,283
62254,1.237661958299714e+18,218.011155813313,47.166708983958,24.63984,23.38691,21.4682,20.31508,19.58485,3838,301,3,120,9.56476035230835e+18,GALAXY,0.6386863,8495,57481,875
5920,1.2376591316727887e+18,219.44411434084,49.1395566201261,23.97193,21.24035,21.24041,21.17827,20.67971,3180,301,2,96,9.462140458186856e+18,QSO,2.398269,8404,57481,282
76817,1.2376612120440343e+18,215.815734382134,46.2347404786201,21.7002,21.12158,20.78473,20.80453,20.84826,3664,301,5,42,9.564700703802546e+18,QSO,1.185399,8495,57481,658
3370,1.2376591316723308e+18,218.043706884772,49.5792573143011,22.45843,21.85924,21.62501,21.42242,21.31811,3180,301,2,89,9.46218416377406e+18,QSO,2.720651,8404,57481,441
97186,1.2376591327468593e+18,221.266905983357,49.48286629607,24.29193,25.58479,22.29111,20.87547,19.66223,3180,301,4,101,9.462076961390352e+18,GALAXY,0.7963345,8404,57481,51
55798,1.237665026518352e+18,192.450453309986,35.9478778332107,24.14125,21.01973,19.44661,18.85354,18.50609,4552,301,6,141,9.985737241182624e+18,GALAXY,0.3569411,8869,57481,476
97051,1.2376612120442967e+18,216.589897616939,45.9698641465805,23.02977,22.66371,21.69923,20.54891,19.75644,3664,301,5,46,9.564742210366497e+18,GALAXY,0.6847714,8495,57481,809
24394,1.237664673251984e+18,193.158411969877,37.2469346991695,23.10301,21.42562,21.14169,21.43148,21.67781,4470,301,4,60,9.985769401897736e+18,QSO,3.028081,8869,57481,593
26531,1.2376553483544827e+18,237.608164687739,49.3662361879685,22.52924,21.48621,21.33352,21.24512,21.95358,2299,301,3,264,9.4689074025e+18,STAR,-0.001186573,8410,57481,324
90625,1.2376582045209075e+18,216.408453100953,45.3731943358679,23.70608,23.94352,22.00545,20.77823,19.64972,2964,301,3,465,9.564608069947906e+18,GALAXY,0.8889395,8495,57481,321
3032,1.2376591316722647e+18,217.867389352933,49.6580870727642,21.94339,21.7533,21.60454,21.30359,21.47326,3180,301,2,88,9.462187187431037e+18,QSO,2.034522,8404,57481,452
24114,1.2376646732522465e+18,194.014740311082,37.2280281126902,23.741,22.18514,21.62507,21.55929,21.74636,4470,301,4,64,9.985823552845404e+18,GALAXY,0.3021886,8869,57481,790
52237,1.2376646737891172e+18,194.056971185112,37.587572308624,23.18753,22.80219,21.94806,20.69326,19.73393,4470,301,5,64,9.98582107894424e+18,GALAXY,0.9101382,8869,57481,781
25054,1.237665025444807e+18,192.979411587758,34.9567010343201,21.40027,21.05039,20.82257,20.43502,20.14235,4552,301,4,144,9.985717175095417e+18,QSO,1.839288,8869,57481,403
65772,1.237658204520448e+18,214.875552720404,45.7768856476014,20.77736,20.29631,20.03352,19.70739,19.71357,2964,301,3,458,9.564654524314182e+18,QSO,1.695289,8495,57481,490
78420,1.2376551298355044e+18,240.404518565052,50.7386035471316,23.31617,21.6356,21.05847,20.66992,20.14797,2248,301,4,73,9.468821640593035e+18,STAR,-0.0004908891,8410,57481,12
88038,1.2376512504384072e+18,238.337421947195,51.2268249082969,24.62168,23.00408,21.55448,20.34631,19.6073,1345,301,2,563,9.46903906901743e+18,GALAXY,0.7088206,8410,57481,803
23562,1.2376646732524424e+18,194.51583490209,37.2080066675655,21.40994,21.1626,21.02598,20.95388,20.69961,4470,301,4,67,9.98585818746168e+18,QSO,2.11275,8869,57481,916
76816,1.237661212043969e+18,215.484283090735,46.363299363346,22.06426,21.67978,21.10366,21.05995,20.87102,3664,301,5,41,9.56467541503511e+18,QSO,1.007521,8495,57481,566
31875,1.2376613865334377e+18,220.916873553401,51.2153304669053,21.44433,21.34581,21.10137,21.13697,20.95188,3705,301,2,139,9.462323251994974e+18,QSO,1.431054,8404,57481,947
15295,1.2376612109702922e+18,215.247572711012,45.5744860430566,20.02832,19.93558,19.99149,19.77365,19.89405,3664,301,3,42,9.564649576511857e+18,QSO,1.83551,8495,57481,472
67130,1.2376582045209068e+18,216.392889354532,45.3232918896312,18.48895,17.35014,17.11864,17.01388,17.00072,2964,301,3,465,9.564591302395582e+18,STAR,-0.0004930189,8495,57481,260
32308,1.237661386533438e+18,220.991594248108,51.1524440272762,22.17405,22.02165,21.92744,21.846,21.71957,3705,301,2,139,9.462333972233343e+18,QSO,2.075126,8404,57481,986
67129,1.2376582045208412e+18,216.179866941483,45.4171467597888,19.97885,19.97108,19.89387,19.54276,19.48576,2964,301,3,464,9.56461933994209e+18,QSO,1.723923,8495,57481,362
42836,1.2376613865334377e+18,220.932457688956,51.0879313064103,21.93655,21.89685,21.55055,21.38044,20.82632,3705,301,2,139,9.462327100285671e+18,QSO,1.023142,8404,57481,961
66164,1.2376582045208412e+18,216.187437353949,45.4404507208334,20.54306,20.17417,19.978,19.74636,19.41274,2964,301,3,464,9.564619889697905e+18,QSO,0.7380535,8495,57481,364
96703,1.2376591327462031e+18,219.064974218147,50.2610995850242,23.41137,22.19922,21.02536,19.9942,19.28348,3180,301,4,91,9.462160524274063e+18,GALAXY,0.66515,8404,57481,355
94629,1.237659132746204e+18,219.06169432379,50.2147900041014,24.23256,23.34572,21.56711,20.37312,19.53893,3180,301,4,91,9.462159974518247e+18,GALAXY,0.6997671,8404,57481,353
74503,1.237661212044165e+18,216.082986204033,46.0604881527426,20.07841,20.23496,19.98903,19.92836,19.81515,3664,301,5,44,9.564733689151382e+18,QSO,1.413281,8495,57481,778
93214,1.2376591327463347e+18,219.323192991128,49.9675367507136,23.06258,23.01643,21.53829,20.48364,19.63692,3180,301,4,93,9.462145680867088e+18,GALAXY,0.5516379,8404,57481,301
67768,1.2376582034471654e+18,215.864128265514,44.702216230583,25.41368,22.92804,21.44521,20.36085,19.56326,2964,301,1,465,9.564586629471164e+18,GALAXY,0.6948499,8495,57481,243
65460,1.2376582034471e+18,215.815735749078,44.7210871113947,22.01278,23.32081,21.38406,20.28507,19.44445,2964,301,1,464,9.564626761645578e+18,GALAXY,0.6087298,8495,57481,389
59577,1.2376582045205143e+18,215.315498091222,45.784783643793,23.00608,22.52958,21.27474,20.07752,19.42241,2964,301,3,459,9.564651500657203e+18,GALAXY,0.5815185,8495,57481,479
97154,1.237659133283271e+18,220.141343404919,50.370150168006,22.3159,20.68478,19.28501,18.77608,18.40978,3180,301,5,94,9.462106373326395e+18,GALAXY,0.2660424,8404,57481,158
20889,1.2376551292977812e+18,237.870026296675,52.0009642060598,23.25039,21.98846,21.65779,21.59677,22.76307,2248,301,3,60,9.46901103147092e+18,STAR,-0.0004876794,8410,57481,701
3275,1.2376591316722647e+18,217.783649509336,49.6495077216952,20.60246,20.5255,20.20548,20.1735,20.02028,3180,301,2,88,9.46218691255313e+18,QSO,1.375078,8404,57481,451
61454,1.237658204520907e+18,216.417608530565,45.4731447401088,22.04665,22.22845,21.87891,21.86416,22.5987,2964,301,3,465,9.56461026897116e+18,QSO,1.283578,8495,57481,329
93810,1.2376591327463347e+18,219.492674984954,50.0324688278141,24.69151,23.16642,21.65274,20.62628,19.95042,3180,301,4,93,9.462135785262438e+18,GALAXY,0.6515931,8404,57481,265
93213,1.2376591327458762e+18,217.953511789204,50.5653147212156,23.94844,23.61153,21.87449,20.58544,19.84402,3180,301,4,86,9.462214950099638e+18,GALAXY,0.7667449,8404,57481,553
96005,1.237662300824994e+18,216.479511240214,47.0085527099557,22.36321,21.17444,20.75793,20.47017,20.27838,3918,301,1,145,9.56470152843627e+18,GALAXY,0.1336098,8495,57481,661
19131,1.237658206131e+18,215.354295957842,46.9445693776697,21.60068,21.68908,21.13502,21.17695,20.99015,2964,301,6,457,9.564669367721157e+18,QSO,1.327537,8495,57481,544
73800,1.237661212044231e+18,216.391437986366,46.0023576101842,21.26993,20.07261,19.55073,19.06777,18.78605,3664,301,5,45,9.564730390616496e+18,QSO,2.808312,8495,57481,766
22373,1.237664673252443e+18,194.534335024643,37.2867562123589,23.22892,22.44332,22.10163,22.03822,22.07209,4470,301,4,67,9.98585626331633e+18,QSO,1.31818,8869,57481,909
24100,1.237665025445135e+18,193.896766739835,34.9178073492656,22.46879,20.94425,19.68735,19.24381,18.99858,4552,301,4,149,9.985663299025658e+18,GALAXY,0.1817581,8869,57481,207
8516,1.2376646732522465e+18,193.968833849446,37.2614251424946,25.16976,23.35341,22.04542,20.72639,19.95526,4470,301,4,64,9.985823827723311e+18,GALAXY,0.8627028,8869,57481,791
92189,1.2376512504380795e+18,237.584925448727,51.8439113621035,26.46697,23.42455,21.56993,20.4052,19.67981,1345,301,2,558,9.469001135866272e+18,GALAXY,0.7066641,8410,57481,665
59787,1.2376591322096612e+18,219.90274793823,49.4758794408104,26.0414,23.36514,22.14607,20.93189,19.93783,3180,301,3,96,9.462121491611275e+18,GALAXY,0.6646477,8404,57481,213
67011,1.2376582045211692e+18,217.079093156337,45.066261972106,21.17095,20.49401,20.49848,20.53638,20.19365,2964,301,3,469,9.564567937773492e+18,QSO,2.38949,8495,57481,175
11918,1.237661210970555e+18,216.073423491771,45.3532080496466,24.44702,22.03686,21.81703,21.92107,21.48404,3664,301,3,46,9.564630335058369e+18,QSO,2.96941,8495,57481,402
74554,1.2376612120440996e+18,215.917303403619,46.2861019644372,20.1747,19.89034,19.82461,19.68309,19.50914,3664,301,5,43,9.564699604290918e+18,QSO,2.152487,8495,57481,654
71003,1.2376553499648335e+18,238.248253453136,50.5627312044626,23.30054,21.94052,21.31478,20.60591,20.27019,2299,301,6,260,9.468881563976751e+18,GALAXY,0.8867753,8410,57481,230
79538,1.2376593249471695e+18,225.718109778553,52.0486482566698,21.72668,21.92424,21.61067,21.52708,21.78023,3225,301,2,109,9.45433062711154e+18,QSO,1.311224,8397,57482,542
83858,1.2376591611958395e+18,227.593706959019,47.7904082247238,21.60173,21.72389,21.12562,21.14462,20.67642,3187,301,1,22,9.49257356567094e+18,QSO,1.13296,8431,57482,405
6865,1.237661387607639e+18,223.03680242349,51.4117390894949,22.6454,23.78102,21.98062,20.87623,19.75098,3705,301,4,146,9.458881230861e+18,QSO,1.880369,8401,57482,713
86110,1.237659163343127e+18,228.425419496691,49.3998596124218,24.40874,25.56422,21.97017,20.62125,19.85534,3187,301,5,19,9.492658777822091e+18,GALAXY,0.7909077,8431,57482,715
14768,1.2376613865342897e+18,223.604748867646,50.2697772736585,22.03247,22.14889,21.98528,21.74519,21.95643,3705,301,2,152,9.458741867762178e+18,QSO,1.38751,8401,57482,206
39612,1.237661386535601e+18,227.590270604457,48.5498040745902,22.7319,22.9373,21.69258,20.52653,19.72013,3705,301,2,172,9.49258181200815e+18,GALAXY,0.6665336,8431,57482,435
44017,1.237659162805994e+18,227.323892212447,49.2665177848479,21.27366,21.11681,20.84753,20.88274,21.20547,3187,301,4,15,9.49261644662442e+18,QSO,1.258579,8431,57482,561
33679,1.2376614160684813e+18,223.352619045561,49.501458713361,24.76042,23.54593,21.14371,19.93583,19.19749,3712,301,1,248,9.458753137756365e+18,GALAXY,0.6606209,8401,57482,247
67561,1.2376613876073108e+18,222.098787694851,51.7755944683009,23.24749,21.68629,21.24072,21.09596,20.61616,3705,301,4,141,9.45884687112263e+18,QSO,2.810354,8401,57482,588
84767,1.2376591633429307e+18,227.75634541451,49.5665343810074,24.63945,23.52284,22.04369,20.70008,19.95974,3187,301,5,16,9.492625242717444e+18,GALAXY,0.7108542,8431,57482,593
35374,1.237659161195971e+18,228.076879320104,47.5992003504435,23.62751,24.52112,21.95362,20.83546,19.90044,3187,301,1,24,9.49256202079885e+18,GALAXY,0.7480046,8431,57482,363
61093,1.2376613876076385e+18,223.109111214585,51.313581090122,21.82261,21.63828,21.59831,21.60757,21.53972,3705,301,4,146,9.458894150122623e+18,QSO,1.543689,8401,57482,760
15290,1.2376613865360591e+18,228.775365339035,47.8493237844975,21.3154,21.41201,20.91596,20.9199,20.68697,3705,301,2,179,9.49251941472327e+18,QSO,1.374681,8431,57482,208
43081,1.2376613870725368e+18,228.160636732617,48.8205248948548,21.60643,21.76075,21.34752,21.47388,21.17648,3705,301,3,173,9.49265355514186e+18,QSO,1.217169,8431,57482,696
84093,1.2376591611961674e+18,228.502206387527,47.4188021328578,21.13981,20.86553,20.60956,20.14247,20.46424,3187,301,1,27,9.492540305444198e+18,QSO,1.564533,8431,57482,284
18974,1.2376613859976156e+18,223.960508767896,49.5878550365485,22.02259,21.20909,20.94816,20.90486,21.06443,3705,301,1,155,9.458749289465663e+18,STAR,-0.001067084,8401,57482,233
81294,1.237659163343193e+18,228.553251512263,49.222850124878,25.10019,23.3049,21.41175,20.37682,19.7232,3187,301,5,20,9.492671971961625e+18,GALAXY,0.7407334,8431,57482,763
94634,1.2376613870708987e+18,223.324403140308,50.9007751705625,24.21998,23.08216,21.35811,20.34942,19.66003,3705,301,3,148,9.458897723535415e+18,GALAXY,0.5616193,8401,57482,773
79434,1.2376593249476283e+18,227.276514037153,51.373485397606,21.33282,20.96525,20.7887,20.8358,20.63993,3225,301,2,116,9.454402095367346e+18,QSO,0.7696858,8397,57482,802
14944,1.2376613865340928e+18,223.033913929801,50.3662608970088,19.08267,18.77656,18.65166,18.39954,18.33019,3705,301,2,149,9.458777327012172e+18,QSO,1.839198,8401,57482,335
19140,1.2376613859989916e+18,227.825161530876,47.7862789503376,21.39504,21.19841,21.25742,20.95131,20.9902,3705,301,1,176,9.492573840548846e+18,QSO,1.946942,8431,57482,406
38238,1.2376613865357975e+18,227.960079102535,48.2346507051491,23.97174,23.42274,21.67718,20.5553,19.83021,3705,301,2,175,9.492556523240708e+18,GALAXY,0.7761683,8431,57482,343
50183,1.2376593244106268e+18,226.304335120476,51.1810138559768,24.41462,23.57611,21.63345,20.53385,19.75944,3225,301,1,114,9.454358939535956e+18,GALAXY,0.6406329,8397,57482,645
14991,1.237661386534224e+18,223.398063407596,50.2167264646997,21.45112,21.50707,21.17167,21.04663,20.86839,3705,301,2,151,9.45876055945985e+18,QSO,1.181028,8401,57482,274
84161,1.2376591611954463e+18,226.549804791229,48.3278287527778,21.2655,21.09405,20.81335,20.77302,20.6614,3187,301,1,16,9.492594731269771e+18,QSO,1.094506,8431,57482,482
15426,1.2376613865354035e+18,226.884123361303,48.7263997142607,21.71663,21.49264,21.12456,21.09688,21.13968,3705,301,2,169,9.49260847516512e+18,QSO,1.272992,8431,57482,532
60746,1.237659324412e+18,230.243182329574,49.3219627933566,24.78946,23.38903,21.73611,20.42274,19.63382,3225,301,1,135,9.49272749729883e+18,GALAXY,0.6907775,8431,57482,965
15483,1.2376613865358628e+18,228.110806184973,48.1977427997074,22.18307,21.96908,21.47665,21.44044,20.92768,3705,301,2,176,9.492557622752336e+18,QSO,2.017755,8431,57482,347
19613,1.2376613859970253e+18,222.21908772595,50.3555158651723,18.74552,18.56671,18.88457,19.21131,19.41067,3705,301,1,146,9.45881168675054e+18,STAR,-8.962399e-05,8401,57482,460
32309,1.237661386533962e+18,222.53480575119,50.6040548338008,20.81169,20.78039,20.82811,20.60017,20.39035,3705,301,2,147,9.458786947738917e+18,QSO,1.945986,8401,57482,370
14261,1.23765932494789e+18,227.863699264593,51.0522694817544,19.04492,18.18957,17.97811,17.89281,17.8841,3225,301,2,120,9.45441693877432e+18,STAR,-0.0005115104,8397,57482,856
15035,1.2376613865356657e+18,227.637297023307,48.3653936534221,18.86959,18.87247,19.26751,19.57802,20.0013,3705,301,2,173,9.492568342990709e+18,STAR,-0.0001999337,8431,57482,386
49010,1.2376591611955123e+18,226.72519559617,48.2466902991287,23.94696,22.07644,21.51188,20.45214,19.64292,3187,301,1,17,9.492594456391866e+18,GALAXY,0.8741506,8431,57482,481
99503,1.237661386533831e+18,222.0913448562,50.7226846588235,21.82995,22.16551,21.86453,21.67332,22.12268,3705,301,2,145,9.458844672099375e+18,QSO,1.307817,8401,57482,580
43469,1.237659326021763e+18,229.039861492676,51.5123991457561,22.13847,21.75988,21.83068,21.59598,21.4222,3225,301,4,122,9.454451573390596e+18,QSO,2.071325,8397,57482,982
91664,1.237659163343258e+18,228.838205135774,49.1413550894102,23.24798,20.99921,20.15979,19.88645,19.63127,3187,301,5,21,9.492683791711623e+18,QSO,1.28108,8431,57482,806
32860,1.2376613865338314e+18,222.203293685166,50.6425335721092,22.38792,21.51512,21.12317,20.52519,20.33956,3705,301,2,145,9.458855392337746e+18,QSO,0.6015863,8401,57482,619
80267,1.2376593249480873e+18,228.543803198619,50.6928494062568,22.30425,21.43706,21.34118,21.18009,20.88283,3225,301,2,123,9.454202808884814e+18,QSO,2.42007,8397,57482,77
14272,1.2376613865345518e+18,224.550468064471,49.892115490051,21.61979,21.54668,21.434,21.06763,21.12191,3705,301,2,156,9.458712180948228e+18,QSO,1.915002,8401,57482,98
14273,1.237661386535535e+18,227.358442367572,48.6080194971819,22.34766,21.70941,21.3135,21.21034,20.92792,3705,301,2,171,9.49258153713024e+18,STAR,-0.0001967767,8431,57482,434
43909,1.2376593260215667e+18,228.410158635864,51.8068001834381,22.44522,21.95381,22.0898,21.40401,21.53116,3225,301,4,119,9.454440578274318e+18,QSO,1.800326,8397,57482,942
42987,1.237659326021239e+18,227.527771613875,52.2408236511823,22.55115,21.90067,22.31082,22.21984,22.02502,3225,301,4,114,9.454407318047578e+18,GALAXY,0.07587858,8397,57482,821
19928,1.237661385998992e+18,227.948353035292,47.8412993970496,25.09452,22.03196,21.10393,20.78787,20.50622,3705,301,1,176,9.492564494700007e+18,STAR,-0.0003288785,8431,57482,372
14677,1.237661386534617e+18,224.567548797728,49.8479265972041,20.69805,20.67462,20.38939,20.51385,20.7923,3705,301,2,157,9.458710531680786e+18,QSO,1.164772,8401,57482,92
35091,1.237661387608622e+18,226.17859298113,50.1235398350989,24.0344,23.79462,21.92887,20.41984,19.77778,3705,301,4,161,9.454285822012709e+18,GALAXY,0.6653849,8397,57482,379
63132,1.237659324410233e+18,225.238819457243,51.797697006135,23.78223,25.35501,23.52953,21.55078,19.62611,3225,301,1,108,9.454332001501078e+18,GALAXY,1.355396,8397,57482,547
15289,1.2376613865344207e+18,224.070279306328,50.0842475085057,21.1876,21.14946,20.65509,20.63309,20.61679,3705,301,2,154,9.458722351430783e+18,QSO,1.317376,8401,57482,135
84584,1.2376591611960364e+18,228.139646042311,47.3776861663275,21.21581,20.96675,20.79536,20.46229,20.48063,3187,301,1,25,9.492551025682567e+18,QSO,1.753271,8431,57482,323
17432,1.2376613865363868e+18,229.653158700509,47.4394334709829,20.8768,20.89812,21.03403,20.61463,20.59497,3705,301,2,184,9.492484780107e+18,QSO,1.889748,8431,57482,82
82559,1.237659324948284e+18,229.216577751919,50.5391778055676,24.4179,24.70323,22.07024,20.88243,19.95743,3225,301,2,126,9.454183017675514e+18,GALAXY,0.8399461,8397,57482,5
55564,1.2376614160680228e+18,222.040347708253,49.9944452757695,22.50022,23.91621,21.74809,20.68045,19.57497,3712,301,1,241,9.458806464070308e+18,GALAXY,0.8290614,8401,57482,441
66808,1.2376593244104305e+18,225.889578737028,51.6058334717365,22.85938,23.74555,22.12754,20.475,19.77795,3225,301,1,111,9.454345195640609e+18,GALAXY,0.6796125,8397,57482,595
16147,1.2376613865341583e+18,223.083103696372,50.3168144785911,20.93155,20.7675,20.48327,20.42313,20.37397,3705,301,2,150,9.4587624836052e+18,QSO,1.091635,8401,57482,281
81696,1.237659163342668e+18,227.197872226236,49.9376234306239,22.92272,23.36374,21.81776,20.73317,19.94593,3187,301,5,12,9.454249538128992e+18,GALAXY,0.5493633,8397,57482,247
22787,1.2376614160684155e+18,223.109986371186,49.5504126926109,25.722,23.48401,21.51187,20.46744,19.68628,3712,301,1,247,9.45876963043078e+18,GALAXY,0.6114862,8401,57482,307
15601,1.2376613876077043e+18,223.23329672302,51.2540294780491,23.35422,23.5281,21.94592,20.71592,19.74298,3705,301,4,147,9.45889552451216e+18,GALAXY,0.7743726,8401,57482,765
51430,1.237659324410234e+18,225.128398960524,51.7053960625376,26.39031,23.59902,21.40242,20.13394,19.45475,3225,301,1,108,9.454333101012703e+18,GALAXY,0.6893898,8397,57482,551
83092,1.2376593249480878e+18,228.573625542267,50.916298985883,27.2841,22.59064,21.54488,20.41649,19.49316,3225,301,2,123,9.45445019900106e+18,GALAXY,0.6008613,8397,57482,977
16341,1.2376613865361902e+18,229.115211602901,47.7989108384938,21.32531,20.96113,20.93699,20.9403,20.77096,3705,301,2,181,9.492510343752342e+18,QSO,1.977975,8431,57482,175
55083,1.2376593249475628e+18,227.061994699641,51.4699797148421,20.47583,20.33647,20.42499,20.09729,20.04446,3225,301,2,115,9.454391650006882e+18,QSO,1.800378,8397,57482,764
16006,1.2376613865363213e+18,229.422208434694,47.5426531532429,21.4346,21.40178,21.15857,21.21712,21.17696,3705,301,2,183,9.49249605010118e+18,QSO,1.175729,8431,57482,123
16338,1.2376613865345518e+18,224.368453482526,49.9283794038568,20.87709,20.61147,20.45331,20.16957,20.23178,3705,301,2,156,9.458722626308692e+18,QSO,1.552097,8401,57482,136
59499,1.23766138761e+18,230.119647763643,48.3048149120969,21.59317,19.72227,19.0385,18.76776,18.61331,3705,301,4,182,9.49246828743258e+18,STAR,-0.001018985,8431,57482,22
59893,1.2376613876083592e+18,225.279639750945,50.5321084331606,21.54119,20.84536,20.76519,20.75146,20.61477,3705,301,4,157,9.458689091204045e+18,QSO,0.788493,8401,57482,14
80092,1.237659324947498e+18,226.792249040406,51.5014558920318,24.34708,23.38878,21.92081,20.73283,19.83025,3225,301,2,114,9.454379280501068e+18,GALAXY,0.7887779,8397,57482,719
62529,1.237659324410757e+18,226.694137109193,51.0386119877108,21.89981,21.83193,21.61657,21.36592,21.20916,3225,301,1,116,9.454372133675487e+18,QSO,1.457202,8397,57482,693
16109,1.237661386535928e+18,228.296436565866,48.0798676999633,22.17407,21.47629,21.06004,21.04505,20.95653,3705,301,2,177,9.49254113007792e+18,QSO,1.373225,8431,57482,287
42072,1.237661386533962e+18,222.459975743384,50.5230246168947,21.49985,21.72162,21.60125,21.40309,21.49615,3705,301,2,147,9.458799867000543e+18,QSO,1.924215,8401,57482,417
41989,1.2376613870705713e+18,222.137989624008,51.2099163439452,23.42723,21.92029,21.69353,21.44045,20.94162,3705,301,3,143,9.45885044453542e+18,QSO,0.880527,8401,57482,601
69191,1.2376593244104947e+18,226.062993165879,51.3566106699963,22.92653,22.28822,21.80373,21.57927,21.49732,3225,301,1,112,9.454347669541771e+18,GALAXY,0.2547408,8397,57482,604
83148,1.2376591611959708e+18,227.806736039558,47.5358943315892,21.96587,21.79166,21.30554,21.01389,20.65911,3187,301,1,24,9.492574665182566e+18,QSO,1.499233,8431,57482,409
32131,1.2376613865338312e+18,222.317028250633,50.7919215646003,22.13514,22.07457,21.35664,21.66065,21.1999,3705,301,2,145,9.458853743070304e+18,QSO,1.347918,8401,57482,613
99150,1.2376591633433236e+18,229.042455788612,49.1158736955721,24.89146,22.36588,20.91191,20.23449,19.77226,3187,301,5,22,9.492685166101156e+18,STAR,-0.0001686542,8431,57482,811
62247,1.237661387609277e+18,227.962943607676,49.2674687857745,21.86966,22.13323,21.61381,21.41922,22.08813,3705,301,4,171,9.492639261490698e+18,QSO,1.155764,8431,57482,644
59770,1.2376613876088837e+18,226.8234430843,49.7931962776948,21.08639,21.08948,20.89812,21.02135,20.93192,3705,301,4,165,9.454263556902246e+18,QSO,0.9026212,8397,57482,298
17422,1.2376593260214356e+18,228.093117476846,51.9955710324711,21.93595,21.91639,21.5727,21.81,21.25861,3225,301,4,117,9.454430132913854e+18,QSO,1.04441,8397,57482,904
16388,1.237661386534224e+18,223.488906993325,50.2863104311627,20.76407,20.62868,20.36928,20.40992,20.48876,3705,301,2,151,9.458760284581943e+18,QSO,0.9768671,8401,57482,273
52227,1.2376593244118715e+18,229.915579185652,49.5046840437095,21.12951,20.81936,21.05441,21.34826,20.88061,3225,301,1,133,9.492712379013943e+18,STAR,9.50172e-05,8431,57482,910
37461,1.2376614182163584e+18,225.928293744373,50.3886073728495,24.50934,23.06502,21.11593,19.97661,19.26671,3712,301,5,254,9.454297916640614e+18,GALAXY,0.6050862,8397,57482,423
15722,1.237661386535666e+18,227.513479725141,48.4207779664426,22.43949,21.416,21.08096,20.97664,20.98971,3705,301,2,173,9.492579338106984e+18,STAR,-0.0005279494,8431,57482,426
22733,1.237661385997222e+18,222.680759974359,50.0907894980133,23.35983,24.22626,23.35221,21.49051,19.52997,3705,301,1,149,9.458785023593568e+18,GALAXY,0.4412779,8401,57482,363
68855,1.237659324410626e+18,226.461741690654,51.2501516818571,21.6231,21.82959,21.68387,22.3049,22.20663,3225,301,1,114,9.45437020953014e+18,GALAXY,0.01277055,8397,57482,686
31642,1.237661386533765e+18,221.902104668777,50.7734052089255,20.10353,19.83751,19.54916,19.57655,19.48078,3705,301,2,144,9.45884247307612e+18,QSO,0.9167905,8401,57482,572
37051,1.2376625010728645e+18,222.582359561217,47.0816362670171,24.74149,23.78502,21.9149,20.69149,19.88418,3964,301,6,69,9.557939531959e+18,GALAXY,0.6019852,8489,57483,637
9863,1.2376623019008333e+18,223.198211857109,45.5608833592253,22.13395,21.7585,21.27113,20.68648,20.42113,3918,301,3,177,9.55783535323227e+18,GALAXY,0.6264784,8489,57483,258
5037,1.2376624994621855e+18,221.366738115712,46.0628954373808,22.46121,22.74209,21.41644,20.19291,19.40741,3964,301,3,68,9.55790159880784e+18,GALAXY,0.7274942,8489,57483,499
82183,1.2376621945297308e+18,194.823071986528,42.0155700914832,20.95838,20.9102,20.89482,20.5584,21.34566,3893,301,3,224,9.44306035806571e+18,QSO,1.733893,8387,57483,501
50128,1.237661966896464e+18,194.874097633825,41.843356851403,20.7453,20.53111,20.23611,20.2819,20.61671,3840,301,3,224,9.44306997879245e+18,QSO,1.213617,8387,57483,536
24484,1.23766219560806e+18,208.852196560265,40.8345370466523,24.6035,24.56409,21.40909,20.2487,19.59114,3893,301,5,294,9.44860519520458e+18,GALAXY,0.6443732,8392,57483,193
65549,1.2376619668975782e+18,198.180091778647,41.4118342075584,21.40991,21.01863,20.78132,20.44768,20.20202,3840,301,3,241,9.442932539838978e+18,QSO,0.6254316,8387,57483,36
48393,1.2376625005365166e+18,223.646750582056,46.0449323595759,20.91367,20.52943,20.5595,20.26296,20.05404,3964,301,5,77,9.557816661534595e+18,QSO,0.6501313,8489,57483,190
72856,1.237661965822854e+18,195.161219000062,40.9199067181599,26.41768,24.09574,21.40479,20.22853,19.52974,3840,301,1,226,9.44304936294943e+18,GALAXY,0.7446601,8387,57483,461
51230,1.2376619668966607e+18,195.458445239411,41.6487817602899,20.6602,20.59988,20.57702,20.14846,20.46986,3840,301,3,227,9.443092243902913e+18,QSO,1.687035,8387,57483,617
85984,1.237661966896792e+18,195.936419026142,41.6311611721395,22.69805,21.66162,21.45717,20.99829,20.44821,3840,301,3,229,9.443114509013377e+18,GALAXY,1.00414,8387,57483,698
8409,1.237662301900964e+18,223.618603815413,45.4950448499725,22.50138,21.73713,21.3288,21.23603,20.96993,3918,301,3,179,9.55782243397064e+18,STAR,-0.001516482,8489,57483,211
38063,1.2376619685078633e+18,197.460877579799,42.7244360460197,22.13462,21.13459,20.66225,20.55,20.47265,3840,301,6,236,9.443184877757553e+18,QSO,3.241601,8387,57483,954
80207,1.2376621956039311e+18,196.480905875041,42.7406111530787,20.33286,20.51357,20.12137,20.18507,20.39898,3893,301,5,231,9.443137598757558e+18,QSO,1.332986,8387,57483,782
12337,1.237662302437639e+18,223.155573143777,45.9618262610659,22.2984,21.25448,21.22069,21.30125,21.10588,3918,301,4,176,9.557838376889246e+18,QSO,2.568603,8489,57483,269
82926,1.2376621945299927e+18,195.588653254364,41.8930944066618,21.51758,21.19535,20.51592,21.09918,20.36157,3893,301,3,228,9.443091419269192e+18,GALAXY,0.3341992,8387,57483,614
77339,1.237662195604e+18,196.63360655524,42.6026276576953,22.1782,21.57561,21.73992,21.9128,21.23843,3893,301,5,232,9.44315299192035e+18,QSO,2.594313,8387,57483,838
33482,1.237661966360707e+18,198.069250147023,41.056084168028,22.53814,22.06984,21.40787,20.38732,19.69217,3840,301,2,241,9.442929516182e+18,GALAXY,0.6241859,8387,57483,25
9572,1.2376623019006364e+18,222.716658996045,45.8506340856459,21.53332,21.35717,21.28309,20.9767,20.90165,3918,301,3,174,9.557860092243892e+18,QSO,1.534219,8489,57483,348
37520,1.2376625010732572e+18,223.573175219088,46.6862821109819,25.3474,23.59143,22.1596,21.1143,19.94197,3964,301,6,75,9.557987360714807e+18,GALAXY,0.8082637,8489,57483,811
8119,1.2376623019006364e+18,222.546073040354,45.8191801583913,20.53946,20.36411,20.39196,20.33303,20.36785,3918,301,3,174,9.55786916321482e+18,QSO,1.682728,8489,57483,381
58289,1.237662195607995e+18,208.672480042306,40.8011335167393,23.18784,21.44347,20.94623,20.70312,20.91169,3893,301,5,293,9.4486178395883e+18,QSO,3.028207,8392,57483,239
75889,1.2376619658229847e+18,195.602321927258,40.8396657774897,26.1349,24.13234,21.8455,20.50809,19.81769,3840,301,1,228,9.44302682296106e+18,GALAXY,0.6344218,8387,57483,379
15822,1.237662195607536e+18,207.2237269334,41.0758295531525,23.60551,24.74368,21.79295,20.70235,19.7316,3893,301,5,286,9.448684909797595e+18,GALAXY,0.7895751,8392,57483,483
8018,1.2376623019004398e+18,222.067615825523,46.0973535524061,21.06952,20.72522,20.64952,20.94172,21.08137,3918,301,3,171,9.557881532720634e+18,QSO,1.55263,8489,57483,426
50495,1.2376618509405391e+18,209.916310448274,42.1493571025428,21.91143,22.04614,21.54163,21.51921,21.55423,3813,301,3,349,9.448824272896416e+18,QSO,1.978812,8392,57483,990
63598,1.2376619668967268e+18,195.738022573148,41.7637787723951,24.85205,23.11418,21.52609,20.34013,19.675,3840,301,3,228,9.44310323901919e+18,GALAXY,0.582215,8387,57483,657
97147,1.237661958837634e+18,221.451032034708,46.5418978858398,24.65794,23.21257,21.30809,20.21995,19.52751,3838,301,4,136,9.557910944656677e+18,GALAXY,0.0,8489,57483,533
39695,1.237661968507536e+18,196.466815913725,42.8622996130252,21.87,21.76165,21.49626,21.58497,22.96827,3840,301,6,231,9.44315189240872e+18,QSO,5.925507,8387,57483,834
1313,1.2376623024370483e+18,221.437518560254,46.6680779102547,18.85805,17.89683,17.56354,17.43642,17.43742,3918,301,4,167,9.557905172220631e+18,STAR,-0.0002657767,8489,57483,512
59852,1.2376623035116424e+18,224.507815186954,46.3855918759396,23.73211,20.88016,19.28727,18.79448,18.45563,3918,301,6,180,9.557785325453206e+18,STAR,0.0004998851,8489,57483,76
8231,1.2376623019008333e+18,223.120440455444,45.6492339510988,22.75964,21.36716,20.92375,20.68551,20.71852,3918,301,3,177,9.557845798592731e+18,STAR,-0.0005231262,8489,57483,296
7931,1.237662301900702e+18,222.797309781812,45.7355853350595,20.38519,20.4304,20.26477,20.35175,20.36374,3918,301,3,175,9.557857893220637e+18,QSO,1.270798,8489,57483,340
81098,1.2376621945299927e+18,195.67769155948,41.8772260050672,21.04054,21.04159,20.86652,20.57566,20.73089,3893,301,3,228,9.443104063652911e+18,QSO,1.45997,8387,57483,660
88197,1.2376618498669284e+18,209.986709965098,41.2458939309216,25.31171,20.3529,18.90877,18.03665,17.5376,3813,301,1,351,9.448553793035985e+18,STAR,-0.0001136424,8392,57483,6
88824,1.2376618498665352e+18,208.856062570759,41.4121971559611,22.25184,21.14693,20.64856,20.79203,20.68155,3813,301,1,345,9.448627460315044e+18,STAR,0.0007076528,8392,57483,274
64426,1.237661966897316e+18,197.506046034073,41.522008695526,20.51919,20.30272,20.16653,19.87317,19.95681,3840,301,3,237,9.44294408471107e+18,QSO,1.642534,8387,57483,78
32945,1.2376619663601836e+18,196.536777355152,41.0933688879208,26.39377,23.49347,21.73365,20.51462,19.70208,3840,301,2,233,9.442973496647113e+18,GALAXY,0.6311322,8387,57483,185
6741,1.2376591316742963e+18,224.044330822857,47.4484221206474,22.18792,20.04411,19.28279,18.96968,18.87904,3180,301,2,119,9.558003028755503e+18,STAR,-0.0001582212,8489,57483,868
6393,1.2376591316745587e+18,224.718208128755,47.1596942038893,21.94535,21.93077,21.55838,21.40409,20.92152,3180,301,2,123,9.55802831752294e+18,QSO,1.055363,8489,57483,960
50463,1.237661966896464e+18,194.845661704723,41.7858715145891,21.25523,20.98767,20.61142,20.53736,20.36061,3840,301,3,224,9.443068329525008e+18,QSO,0.9577438,8387,57483,530
56602,1.23766219560806e+18,208.828378184544,40.6481432792598,22.83061,20.60144,19.2984,18.40643,17.95783,3893,301,5,294,9.448606019838302e+18,STAR,-4.40294e-05,8392,57483,196
6170,1.2376591316744932e+18,224.615708284447,47.1558705223605,21.35254,21.20248,21.22799,21.01065,20.58233,3180,301,2,122,9.558027767767128e+18,QSO,2.049766,8489,57483,958
20311,1.237662499462316e+18,221.785306541874,45.9448274201664,24.63465,25.11437,22.82987,21.02603,18.2186,3964,301,3,70,9.557893352470632e+18,STAR,6.945433e-05,8489,57483,469
81981,1.2376621945299927e+18,195.63584780471,41.8711774709647,22.2067,21.2022,20.82788,20.58376,19.99945,3893,301,3,228,9.44308977000175e+18,QSO,0.7685545,8387,57483,608
9084,1.23766230190044e+18,222.054300727628,46.0241991846036,20.68453,20.47261,19.98567,19.8267,19.80709,3918,301,3,171,9.557892527836912e+18,QSO,1.28876,8489,57483,466
80737,1.2376621945299274e+18,195.449419263807,41.830034539488,21.40084,21.99731,21.50827,21.37542,21.69201,3893,301,3,227,9.443090044879657e+18,QSO,1.294371,8387,57483,609
81590,1.237662194529862e+18,195.35922772841,41.9782989710158,21.22286,21.05997,20.97315,20.87603,20.31501,3893,301,3,226,9.443078225129658e+18,QSO,1.991799,8387,57483,566
8683,1.237662301900702e+18,222.755432066971,45.6902189194762,21.83931,21.71976,21.17234,21.04132,21.01801,3918,301,3,175,9.557867239069473e+18,QSO,1.472306,8489,57483,374
6704,1.2376591316742968e+18,223.973977022891,47.4474635709737,25.28283,22.9252,21.31931,19.59803,18.68614,3180,301,2,119,9.55800412826713e+18,STAR,-6.613879e-05,8489,57483,872
89325,1.2376618498665352e+18,208.887319025154,41.393187941093,20.72018,20.56954,20.19074,19.73189,19.60874,3813,301,1,345,9.448628010070856e+18,QSO,1.932899,8392,57483,276
70235,1.2376619668973158e+18,197.486788800071,41.434264816049,22.11727,20.39656,19.7184,19.53249,19.37207,3840,301,3,237,9.442942985199442e+18,STAR,-0.000568399,8387,57483,74
8674,1.2376623019006364e+18,222.586969353653,45.8502461281738,21.87543,21.79902,21.44567,21.3757,21.26415,3918,301,3,174,9.55785844297645e+18,QSO,1.943117,8489,57483,342
89870,1.2376624989255117e+18,221.759784521759,45.5019507310224,26.20675,24.16119,21.7915,20.55149,19.85803,3964,301,2,71,9.557887854912494e+18,GALAXY,0.719802,8489,57483,449
56601,1.2376621956076667e+18,207.613135316133,41.0641550761269,22.76815,21.13517,20.52148,20.18975,20.01432,3893,301,5,288,9.448675838826666e+18,STAR,-0.0003824933,8392,57483,450
876,1.2376623024373765e+18,222.625016811732,46.3682042272494,20.96132,20.42684,20.44285,20.44101,20.0644,3918,301,4,172,9.55794585415086e+18,QSO,2.248026,8489,57483,660
89030,1.2376619674335324e+18,195.587901603197,42.174381574457,22.08164,24.9421,21.7952,20.758,19.88927,3840,301,4,227,9.443097191705238e+18,GALAXY,0.9142431,8387,57483,635
85837,1.2376619674343183e+18,197.846551679792,41.7870398149515,23.34638,23.02003,21.42401,20.37055,19.62076,3840,301,4,239,9.443194498484296e+18,GALAXY,0.6171663,8387,57483,989
79792,1.2376619658229192e+18,195.416454223916,40.9159785669327,25.05261,21.30555,20.1151,19.60631,19.36821,3840,301,1,227,9.4430402919785e+18,GALAXY,0.3485412,8387,57483,428
3332,1.2376591316722647e+18,217.754388293166,49.5797501069577,20.89514,21.10872,20.8043,20.85161,20.7181,3180,301,2,88,9.496044174157568e+18,QSO,1.153463,8434,57484,743
88940,1.2376619588365847e+18,218.268855633132,47.5358645790047,24.53864,22.61501,21.05372,20.00331,19.08447,3838,301,4,120,9.49588749375061e+18,GALAXY,0.6899634,8434,57484,173
8687,1.2376591316721336e+18,217.464502541317,49.6216643387776,21.33521,20.98339,21.24367,21.27962,22.8269,3180,301,2,86,9.496017236122687e+18,GALAXY,0.007917352,8434,57484,645
61473,1.2376619582995827e+18,217.671909887438,47.3638028386522,23.32234,23.41678,21.4894,20.21311,19.50026,3838,301,3,118,9.495921028855255e+18,GALAXY,0.6724257,8434,57484,295
7087,1.2376591316721992e+18,217.565716469418,49.5847871482231,21.01902,20.55307,20.51064,20.47495,20.49932,3180,301,2,87,9.49601696124478e+18,QSO,2.652271,8434,57484,644
68218,1.2376619593733243e+18,218.09774551841,48.0180287003072,21.85477,21.436,21.29995,21.36093,20.95767,3838,301,5,118,9.49590481105875e+18,QSO,2.146898,8434,57484,236
91920,1.2376619588362575e+18,217.326458623261,47.8622885673429,24.95003,25.47065,21.95485,20.81191,19.53642,3838,301,4,115,9.495936422018044e+18,GALAXY,0.8948058,8434,57484,351
92363,1.2376619582991242e+18,216.334784226603,47.8202009940823,22.48712,22.57126,21.16731,20.09292,19.42897,3838,301,3,111,9.495968307855254e+18,GALAXY,0.6006089,8434,57484,467
7081,1.2376623018994568e+18,219.166912558044,47.106419110354,22.11825,21.6665,21.45534,21.17899,21.05187,3918,301,3,156,9.4958514847448e+18,QSO,1.599208,8434,57484,42
6197,1.23765913167292e+18,219.901486040289,48.8933369375116,23.72102,21.91192,21.72178,21.50744,21.66877,3180,301,2,98,9.49610959509942e+18,QSO,1.147542,8434,57484,981
93340,1.2376619588361267e+18,217.006383357387,48.0231221706986,26.53072,23.78109,21.81442,20.79099,19.86506,3838,301,4,113,9.49594961615758e+18,GALAXY,0.6523864,8434,57484,399
60129,1.237661958299387e+18,217.195321228155,47.5102463320253,25.26977,24.13166,22.04747,21.02263,19.88561,3838,301,3,115,9.49594411859944e+18,GALAXY,0.8027812,8434,57484,379
92444,1.2376623013616684e+18,216.031060736107,47.6230960206819,21.98032,21.86248,21.42472,21.39931,21.59143,3918,301,2,142,9.495973530535483e+18,QSO,1.424305,8434,57484,486
67659,1.2376619582991245e+18,216.242469964659,47.8147710127277,23.88022,23.05616,21.45217,20.32734,19.68682,3838,301,3,111,9.495968857611063e+18,GALAXY,0.682451,8434,57484,469
68795,1.2376619593731937e+18,217.750421675138,48.2307224067561,20.60091,20.44582,20.76406,20.49894,20.46729,3838,301,5,116,9.496041150500592e+18,QSO,1.921985,8434,57484,732
529,1.237662302436e+18,218.52249906043,47.8367843397996,20.05213,20.06299,20.0988,19.7839,19.73375,3918,301,4,151,9.495880072047122e+18,QSO,2.110469,8434,57484,146
18086,1.2376623072592535e+18,203.756814535383,41.5647204672746,23.91807,23.24579,21.62432,20.58783,19.8841,3919,301,5,20,9.44651447387792e+18,GALAXY,0.0,8390,57485,779
83212,1.2376621945322212e+18,202.337684136057,41.0804346542634,21.65494,21.28035,21.00879,20.73035,20.85141,3893,301,3,262,9.4464306361163e+18,GALAXY,0.2081823,8390,57485,474
83057,1.2376621945327457e+18,203.907907845694,40.7312546614001,22.45272,21.92407,21.8494,21.25049,21.45139,3893,301,3,270,9.446362741273289e+18,QSO,1.5886,8390,57485,227
57226,1.2376621956064873e+18,204.100867881228,41.5390252565238,21.87929,21.57818,21.24993,21.15175,20.67417,3893,301,5,270,9.446360542250031e+18,QSO,2.504787,8390,57485,219
85227,1.2376618498647654e+18,203.653496333045,42.57513225812,21.84619,21.73273,21.6647,21.58436,21.80739,3813,301,1,318,9.446506227540711e+18,GALAXY,0.1709551,8390,57485,749
95801,1.2376621945331384e+18,205.047999046996,40.6387009604235,19.79747,19.85079,19.67928,19.81065,19.81582,3893,301,3,276,9.446312988372128e+18,QSO,1.020958,8390,57485,46
58889,1.2376621956068147e+18,205.117149669122,41.5647214338934,22.13491,22.07643,21.6585,21.32995,21.21974,3893,301,5,275,9.446558729220936e+18,QSO,2.412209,8390,57485,940
58576,1.2376621956066186e+18,204.520086728124,41.5050677638748,23.41508,22.76741,21.44508,19.93685,19.14244,3893,301,5,272,9.446342950063989e+18,STAR,-7.26266e-06,8390,57485,155
18812,1.2376623072597115e+18,205.095156220237,41.2615844266891,21.94499,20.59853,19.19365,18.70316,18.36112,3919,301,5,27,9.446320410075615e+18,GALAXY,0.250878,8390,57485,73
74966,1.2376621956057664e+18,202.079137101738,42.0402680161113,21.05497,20.83634,20.75323,20.57419,20.28017,3893,301,5,259,9.446439432209324e+18,QSO,1.678861,8390,57485,506
82422,1.2376621945325489e+18,203.326955988267,40.8525743233802,21.13901,20.90858,20.98962,20.63341,20.64781,3893,301,3,267,9.44638665565119e+18,QSO,1.839268,8390,57485,314
82651,1.237662194532614e+18,203.489746333874,40.8387575388729,22.06882,20.41614,19.51396,19.18475,19.01141,3893,301,3,268,9.446385831017468e+18,STAR,-0.0003188833,8390,57485,311
77256,1.2376621956062907e+18,203.582922213874,41.6638868595058,21.85172,21.26746,20.8996,20.54309,20.96089,3893,301,5,267,9.446502379250014e+18,QSO,1.513271,8390,57485,735
96762,1.2376621945326804e+18,203.762780957552,40.8008563281088,22.62126,21.78418,21.41717,21.47272,21.03204,3893,301,3,269,9.446370162976774e+18,GALAXY,0.6479815,8390,57485,254
22200,1.2376621956062252e+18,203.363878306213,41.7728417333645,25.61468,23.00861,21.63801,20.49757,19.84394,3893,301,5,266,9.446480938773273e+18,GALAXY,0.599705,8390,57485,657
27100,1.2376623072597125e+18,205.09471389333,41.3009384845918,22.70531,21.2552,19.85417,19.3312,18.95047,3919,301,5,27,9.446320959831431e+18,GALAXY,0.2487869,8390,57485,75
81701,1.2376621956067494e+18,204.967210383961,41.4497416646261,20.85885,20.72194,20.44731,20.45483,20.2627,3893,301,5,274,9.446333329337246e+18,QSO,1.070098,8390,57485,120
46101,1.2376623018969009e+18,211.199432469844,49.4632630721432,21.33587,20.9027,20.71232,20.6585,20.47916,3918,301,3,117,9.497072492457775e+18,QSO,2.148286,8435,57487,388
71725,1.237661959372079e+18,214.150273460742,49.1805418765541,22.27846,22.13713,21.4144,20.76844,20.32154,3838,301,5,99,9.496979308847323e+18,QSO,1.987734,8435,57487,49
1339,1.2376619582980104e+18,212.7128839069,48.7547412127498,25.65561,23.80212,21.84603,20.83191,19.8344,3838,301,3,94,9.497022189800806e+18,GALAXY,0.838676,8435,57487,205
69146,1.2376619593717517e+18,213.280403688014,49.5862641354955,20.91221,20.68301,20.60684,20.35378,20.59332,3838,301,5,94,9.496996901033368e+18,QSO,1.520325,8435,57487,113
70785,1.2376619593720138e+18,214.222733402505,49.3527289915382,20.74323,20.57777,20.37636,20.36515,20.16884,3838,301,5,98,9.496973536411275e+18,QSO,0.8806249,8435,57487,28
58767,1.237661958297617e+18,211.445763670573,49.1025558313598,23.12509,24.14367,21.42304,20.12001,19.37035,3838,301,3,88,9.497070018556617e+18,GALAXY,0.6961063,8435,57487,379
68602,1.2376619593712927e+18,211.737162861875,49.8418376506706,21.24697,21.39029,21.31092,21.23336,20.62184,3838,301,5,87,9.497158254364744e+18,QSO,2.075753,8435,57487,700
70699,1.2376619593717517e+18,213.251757184436,49.5206853634105,21.04117,20.62801,20.65471,20.19467,20.23757,3838,301,5,94,9.497007346393831e+18,QSO,1.752347,8435,57487,151
60282,1.2376619582973548e+18,210.641315169211,49.3114402543552,24.55334,22.86616,21.31917,20.01598,19.23332,3838,301,3,84,9.49709475756824e+18,GALAXY,0.6728922,8435,57487,469
40242,1.2376623024338373e+18,211.488420363614,49.6323885018129,22.96583,22.23811,21.70727,21.8445,21.66147,3918,301,4,118,9.49706314660894e+18,GALAXY,0.6059753,8435,57487,354
68717,1.2376619593715548e+18,212.440019207264,49.606653217331,18.72368,17.83387,17.55057,17.45561,17.44464,3838,301,5,91,9.497031260771736e+18,STAR,-0.001284563,8435,57487,238
60443,1.2376619582975516e+18,211.262640715372,49.0726648563925,22.57581,21.85383,20.19803,19.47307,19.14195,3838,301,3,87,9.497080189039174e+18,GALAXY,0.4135253,8435,57487,416
91927,1.237661958297551e+18,211.293054934114,49.0505842600657,23.85286,21.93123,20.14047,19.49371,19.16518,3838,301,3,87,9.497077440260102e+18,GALAXY,0.4148674,8435,57487,406
4025,1.2376591316706263e+18,212.427822295255,51.1259294159664,21.33126,21.10951,20.72727,20.64636,20.31428,3180,301,2,63,9.497193163858926e+18,QSO,1.089139,8435,57487,827
68423,1.2376619593708997e+18,210.431946421758,50.1440802664576,19.86881,19.66616,19.61041,19.57768,19.3704,3838,301,5,81,9.497104103417078e+18,QSO,2.109014,8435,57487,503
44375,1.237662301897163e+18,211.894875457592,49.2373376240248,22.07104,21.17217,21.08125,21.14625,21.08063,3918,301,3,121,9.497050502225222e+18,QSO,2.65902,8435,57487,308
46946,1.2376623018971628e+18,211.815683880056,49.1152070554639,24.63465,21.72117,22.04006,21.40854,22.82689,3918,301,3,121,9.497059298318244e+18,QSO,1.829822,8435,57487,340
69864,1.2376619593708997e+18,210.305319519485,50.1875564693631,24.7829,23.07657,21.09491,19.42831,18.50977,3838,301,5,81,9.497106577318238e+18,STAR,-0.0002011827,8435,57487,512
7540,1.2376623019001777e+18,221.133127363882,46.2822173528699,21.28589,20.86831,20.34261,19.99225,19.90762,3918,301,3,167,9.56002585535659e+18,QSO,1.487944,8491,57488,35
82394,1.237662194531631e+18,200.624941487611,41.232379142216,20.27989,20.1325,20.15653,19.89039,20.09112,3893,301,3,253,9.44528604456212e+18,QSO,1.847634,8389,57488,406
69918,1.2376619593738488e+18,219.704618252559,47.5135612183772,21.40364,21.50554,21.12715,21.10019,20.72995,3838,301,5,126,9.560220743792611e+18,QSO,1.458684,8491,57488,744
92276,1.2376672099823135e+18,158.828116356418,26.1502740882273,25.2592,22.81291,21.69319,22.06785,21.04965,5061,301,1,293,1.0136726301194869e+19,GALAXY,1.086824,9003,57488,907
92872,1.237661967971976e+18,200.351194138859,41.9239718661157,26.12359,24.24993,21.67814,20.37538,19.59131,3840,301,5,251,9.444323147254092e+18,GALAXY,0.7082692,8388,57488,999
65380,1.2376619668986924e+18,201.592743571983,41.0553898981065,21.64677,21.92238,21.39929,21.43965,21.77493,3840,301,3,258,9.445246187265614e+18,GALAXY,0.2241175,8389,57488,261
42824,1.2376593249495296e+18,232.572148034973,48.8077685657554,24.43351,23.12172,21.40795,20.37988,19.68952,3225,301,2,145,9.491561465318234e+18,GALAXY,0.583327,8430,57488,819
91653,1.237661958836847e+18,219.123620288183,47.3475445868548,26.1571,24.0893,21.17985,20.06539,19.25286,3838,301,4,124,9.560190232344945e+18,GALAXY,0.7693077,8491,57488,633
84431,1.2376674301012216e+18,158.299174171791,24.8104052122876,22.62727,22.61856,21.94193,21.46477,20.2498,5112,301,3,321,1.0136528938857685e+19,GALAXY,0.516872,9003,57488,189
99893,1.2376619674352358e+18,200.612274757483,41.4802265458281,26.1728,23.07223,21.86029,20.41097,19.63462,3840,301,4,253,9.445287418951651e+18,GALAXY,0.6751524,8389,57488,411
59527,1.23766219560616e+18,203.135458757875,41.7472790902599,25.15421,23.57913,21.70425,20.22827,19.41869,3893,301,5,265,9.445448497405125e+18,STAR,-0.0001337144,8389,57488,997
7401,1.2376623019000463e+18,220.746487001831,46.4369199925508,20.2622,19.82784,19.56487,19.30284,19.33237,3918,301,3,165,9.560263074990285e+18,QSO,1.789827,8491,57488,898
7453,1.237662301899719e+18,219.933145209007,46.8444137133328,20.35887,20.35654,20.02601,20.07172,20.02721,3918,301,3,160,9.560225691594938e+18,QSO,1.180728,8491,57488,762
65008,1.2376619668978404e+18,198.992999481391,41.2839501243785,20.99109,21.00248,20.6845,20.62648,20.1772,3840,301,3,245,9.44411039175412e+18,QSO,0.9460145,8388,57488,225
82641,1.2376621945318935e+18,201.438554462042,41.2521966618171,21.20291,21.38082,21.2016,21.01212,21.38442,3893,301,3,257,9.445249485800495e+18,QSO,2.110775,8389,57488,273
7452,1.2376623018995878e+18,219.551197569556,47.0142077232709,21.15178,20.99323,20.87211,20.68528,20.50111,3918,301,3,158,9.560214146722849e+18,QSO,0.5540093,8491,57488,720
82363,1.237661958837372e+18,220.808752980974,46.7136750220893,23.484,23.01471,22.03242,20.59789,19.90975,3838,301,4,132,9.56026060108912e+18,GALAXY,0.6893142,8491,57488,889
52059,1.2376674301010253e+18,157.902788311492,24.7580741819294,22.72939,21.90251,21.31577,21.14244,23.33708,5112,301,3,318,1.0136551478846052e+19,GALAXY,0.7267298,9003,57488,271
68100,1.237661212045017e+18,218.625919620193,45.3669455204507,21.57737,21.23038,20.88061,20.66035,20.59456,3664,301,5,57,9.560139379932156e+18,QSO,1.240676,8491,57488,448
82594,1.2376591198623503e+18,223.101085165994,48.3674564699734,24.55221,22.58967,21.47268,20.34366,19.62448,3177,301,4,107,9.494723660759716e+18,GALAXY,0.5913419,8433,57488,35
53980,1.2376593244125924e+18,231.900162586676,48.5221273291209,20.65976,20.82892,20.51196,20.51048,20.52973,3225,301,1,144,9.49142237709732e+18,QSO,1.296745,8430,57488,313
6503,1.2376591316736415e+18,221.990650842119,48.107613501884,21.69058,21.29298,21.14156,21.01797,20.97606,3180,301,2,109,9.494766266835294e+18,QSO,1.562284,8433,57488,190
90085,1.2376619588366502e+18,218.662825404805,47.4611100120819,24.9594,23.54123,21.98002,20.69539,19.91748,3838,301,4,121,9.560165493333318e+18,GALAXY,0.6129007,8491,57488,543
92340,1.2376619679716475e+18,199.439942879967,42.0575311270129,21.84444,19.7567,18.48873,17.96866,17.68058,3840,301,5,246,9.4442956594634e+18,GALAXY,0.1972845,8388,57488,899
76969,1.2376672099824443e+18,159.053462250837,26.1800528486831,22.61739,22.37301,21.8947,21.0531,21.09891,5061,301,1,295,1.0136739220456495e+19,GALAXY,0.8124676,9003,57488,954
7539,1.237662301900112e+18,221.027835811537,46.3124977618583,20.92978,20.74463,20.50638,20.6777,20.66448,3918,301,3,166,9.560037125350777e+18,QSO,1.203619,8491,57488,76
81038,1.23766219453209e+18,201.915413075509,41.2049804083406,21.45447,21.36606,20.9838,20.75201,20.74144,3893,301,3,260,9.445232168492358e+18,QSO,1.512492,8389,57488,210
7787,1.2376623018999155e+18,220.547653407884,46.6589809216333,21.89728,21.70528,21.56732,21.455,21.63024,3918,301,3,163,9.560249605972842e+18,QSO,2.620939,8491,57488,849
79355,1.23765932494966e+18,232.915798172927,48.5701402892944,21.65634,21.37265,21.32462,21.05527,21.00979,3225,301,2,147,9.491379771021744e+18,QSO,1.571824,8430,57488,158
61852,1.23765932494966e+18,232.864134131174,48.572703299886,26.02701,22.69612,21.58256,20.58311,19.88558,3225,301,2,147,9.4913899415043e+18,GALAXY,0.6696149,8430,57488,195
80094,1.237662195605111e+18,199.938527562424,42.2150153295385,22.49516,20.84262,20.48815,20.18081,20.29486,3893,301,5,249,9.444303081166889e+18,STAR,-0.0007415855,8388,57488,926
69859,1.2376619668982336e+18,200.275449959857,41.0668102223526,21.88508,21.90792,21.83171,21.76579,21.373,3840,301,3,251,9.445296764800487e+18,GALAXY,0.0,8389,57488,445
88823,1.237661849864176e+18,201.841192775267,42.7095780657119,20.3345,20.03421,19.9789,19.74953,19.88132,3813,301,1,309,9.445402592794665e+18,QSO,1.569083,8389,57488,830
68135,1.2376612120453453e+18,219.727977739682,45.0685941353755,24.92835,22.51211,20.97483,19.67446,19.10292,3664,301,5,62,9.56009429995542e+18,STAR,-4.693658e-05,8491,57488,284
19152,1.2376593254861386e+18,232.332146272885,49.5304057686916,22.59897,22.74703,22.19392,20.89246,19.72939,3225,301,3,141,9.491542773620562e+18,GALAXY,0.9533416,8430,57488,751
58888,1.237662195606094e+18,203.040877391763,41.7162701028662,21.47548,21.30001,21.396,20.82624,20.48529,3893,301,5,264,9.44544877228303e+18,QSO,1.930801,8389,57488,998
81083,1.2376619577636293e+18,220.095627280709,46.0665427213479,22.04647,19.53303,18.1699,18.1116,16.31638,3838,301,2,132,9.560080556060074e+18,STAR,-1.252967e-05,8491,57488,234
91280,1.237661967971976e+18,200.446338445333,42.0281194523402,26.08109,24.60718,21.79033,20.62855,19.74499,3840,301,5,251,9.445342394533042e+18,GALAXY,0.7033975,8389,57488,611
82470,1.237659163344372e+18,231.964788237353,47.7657343486168,24.06057,24.29332,21.35569,20.34001,19.57739,3187,301,5,38,9.491415780027552e+18,GALAXY,0.5893428,8430,57488,289
7814,1.2376623018997844e+18,220.063004724848,46.7295796188349,21.9885,21.25801,21.17646,21.24363,20.5846,3918,301,3,161,9.56023806110075e+18,QSO,2.217677,8491,57488,807
65385,1.2376619668977093e+18,198.673683708703,41.4440008682957,21.15958,21.76814,21.3259,21.32852,20.59768,3840,301,3,243,9.444123311015743e+18,QSO,1.204033,8388,57488,272
14482,1.2376672105187912e+18,157.644275370165,26.4742012028445,23.12227,23.45204,22.50938,22.02906,22.46554,5061,301,2,287,1.0136659230985574e+19,GALAXY,0.7931943,9003,57488,663
43762,1.2376591322107087e+18,222.857007956075,48.2365133719495,25.8393,24.81718,21.78769,20.45203,19.73669,3180,301,3,112,9.494733006608554e+18,GALAXY,0.7214383,8433,57488,69
82649,1.2376621945317624e+18,200.984666326244,41.3660237503483,23.46985,22.59668,21.22503,20.70078,20.33073,3893,301,3,255,9.44526625335282e+18,GALAXY,0.2807791,8389,57488,334
9862,1.2376623018995878e+18,219.563714221247,46.9982995628168,20.54196,20.24887,19.95152,19.63796,19.39499,3918,301,3,158,9.560213596967033e+18,QSO,1.97112,8491,57488,718
8017,1.2376623018993257e+18,218.851552472283,47.2587127625108,20.93465,20.81692,20.65932,20.55342,20.34635,3918,301,3,154,9.56017978698448e+18,QSO,2.086919,8491,57488,595
72288,1.2376619658236403e+18,197.487504818158,40.5999181466951,25.76289,23.42212,22.19168,20.44554,19.64855,3840,301,1,238,9.444170315137833e+18,GALAXY,0.7406663,8388,57488,443
99761,1.2376619663605112e+18,197.581649893547,41.0992638480993,22.66508,23.4543,22.13747,20.70039,19.5665,3840,301,2,238,9.444164817579694e+18,GALAXY,0.8453636,8388,57488,423
8057,1.2376623018995878e+18,219.352441084144,46.8654036197114,20.70946,20.39038,20.33348,20.07585,20.15756,3918,301,3,158,9.560203701362385e+18,QSO,1.829042,8491,57488,682
80128,1.2376619577633672e+18,219.481063127661,46.2825551036862,20.65371,18.4621,17.62544,18.90423,17.21496,3838,301,2,128,9.56010419556007e+18,STAR,3.747396e-05,8491,57488,320
8413,1.2376591316731167e+18,220.454727138261,48.7008585294176,22.22736,21.45094,21.28726,21.2462,21.88573,3180,301,2,101,9.494887487992257e+18,QSO,1.435211,8433,57488,631
97495,1.237662194531631e+18,200.540065957979,41.3232801243563,22.35538,21.07233,20.38759,20.17247,19.67041,3893,301,3,253,9.44528686919584e+18,GALAXY,0.2785151,8389,57488,409
5713,1.2376591316737068e+18,222.3180633961,48.0125725891855,21.30806,21.23803,20.98376,20.65067,20.73637,3180,301,2,110,9.49475307269576e+18,QSO,1.544403,8433,57488,142
85512,1.2376623024361964e+18,219.080788940083,47.5660095935703,21.65067,21.52358,21.4865,21.38996,21.40352,3918,301,4,154,9.56018693381006e+18,STAR,0.00242414,8491,57488,621
64929,1.2376619668971848e+18,196.967755942905,41.5630874628549,21.10413,19.68422,19.15143,18.91224,18.78391,3840,301,3,235,9.4441848836669e+18,STAR,-0.0001938596,8388,57488,496
67677,1.237659324949398e+18,232.323396378401,48.9919275822186,21.65327,21.49999,21.42463,21.13627,21.36895,3225,301,2,143,9.491549645568238e+18,QSO,1.989355,8430,57488,776
60462,1.2376623061853156e+18,202.933792400526,40.7393592106571,24.24486,23.58348,21.80756,20.49661,19.74699,3919,301,3,17,9.445187363393526e+18,GALAXY,0.7106142,8389,57488,47
57794,1.23766219560616e+18,203.155600720851,41.7388606530311,25.48759,22.2678,21.00283,19.90678,19.23264,3893,301,5,265,9.445448222527216e+18,STAR,0.0001266723,8389,57488,996
997,1.2376619582999767e+18,218.896796847452,46.9531367000753,22.80826,24.02805,22.34076,20.93561,19.66891,3838,301,3,124,9.560180886496106e+18,GALAXY,0.875365,8491,57488,599
1145,1.23766195830037e+18,220.016037263966,46.5675902243401,25.55743,23.66282,21.49719,20.18289,19.51616,3838,301,3,130,9.560229814763545e+18,GALAXY,0.7235921,8491,57488,777
6791,1.2376591316733133e+18,220.962641223239,48.4872644922359,20.561,20.34057,20.26101,19.91236,20.16516,3180,301,2,104,9.494911952125977e+18,QSO,1.589976,8433,57488,720
87272,1.2376623024371144e+18,221.757151605665,46.5476032139537,21.9946,21.43118,21.40543,21.48799,21.16517,3918,301,4,168,9.560289738147256e+18,QSO,2.419162,8491,57488,995
9426,1.23766230189985e+18,220.157824434486,46.5913765111431,21.81697,21.85591,21.47808,21.19375,21.05729,3918,301,3,162,9.560238885734472e+18,QSO,1.524984,8491,57488,810
47364,1.237661965823705e+18,197.601735248562,40.6942484522634,24.78939,24.84527,22.54819,20.56219,19.82475,3840,301,1,239,9.44417141464946e+18,QSO,0.07543114,8388,57488,447
94852,1.2376619679719754e+18,200.327432508941,41.9622497707573,24.57121,22.61322,21.58697,20.40239,19.71189,3840,301,5,251,9.444316000428511e+18,GALAXY,0.6949681,8388,57488,973
96163,1.2376591327472525e+18,222.264592123138,49.0662448219419,23.68636,26.1799,22.31534,21.25032,19.92171,3180,301,4,107,9.49495180942248e+18,GALAXY,0.8723923,8433,57488,865
96078,1.2376621945311724e+18,199.257507007776,41.5924196933518,20.09022,20.12222,20.05596,19.90478,19.67752,3893,301,3,246,9.444090875422726e+18,QSO,1.985918,8388,57488,154
61569,1.2376593244128543e+18,232.708135171019,48.2143889240833,21.95286,20.50669,20.02524,20.06911,19.42253,3225,301,1,148,9.49138746760314e+18,STAR,-7.881719e-05,8430,57488,186
85151,1.2376623061851835e+18,202.482313900176,40.9258428672161,25.04184,22.00134,20.43579,19.83665,19.42326,3919,301,3,15,9.445201657044689e+18,GALAXY,0.3209094,8389,57488,99
69754,1.2376623067218583e+18,202.130861534024,41.2441426658208,25.49382,24.2457,21.27924,20.15061,19.22699,3919,301,4,12,9.44521485118422e+18,GALAXY,0.8352728,8389,57488,147
32156,1.237661966360642e+18,197.99773321991,40.9184371866684,23.18304,23.41463,21.55216,20.33835,19.58655,3840,301,2,240,9.44416151904481e+18,GALAXY,0.6623259,8388,57488,411
8598,1.2376623018992604e+18,218.52227606412,47.1766534483883,22.85209,21.65606,21.38872,20.60717,20.2144,3918,301,3,153,9.56016961650192e+18,QSO,0.6575289,8491,57488,558
65228,1.2376619668977093e+18,198.552628881422,41.2968508320358,20.87621,20.78255,20.58018,20.68021,20.68518,3840,301,3,243,9.444131557352954e+18,QSO,1.2029,8388,57488,302
67157,1.237661966897709e+18,198.565604318222,41.4706610355049,21.24654,21.16162,21.03344,20.85747,20.64454,3840,301,3,243,9.444134031254116e+18,GALAXY,0.8494201,8388,57488,311
95740,1.2376612120448215e+18,218.210536821752,45.5636468500143,23.44364,23.2402,21.33851,19.93865,19.2526,3664,301,5,54,9.56014020456588e+18,GALAXY,0.7100681,8491,57488,451
69056,1.2376619668983644e+18,200.669393992457,41.0447489655435,22.06816,21.78354,21.45948,21.2552,21.30469,3840,301,3,253,9.444054591539007e+18,QSO,1.156113,8388,57488,22
45696,1.2376591198622195e+18,222.829480860087,48.6494066471118,24.60524,23.72163,22.01106,20.9753,19.95348,3177,301,4,105,9.49498314550387e+18,GALAXY,0.6789451,8433,57488,979
8552,1.2376591316729203e+18,219.821305152804,48.8857552051442,21.78196,21.83929,21.48282,21.54255,21.67287,3180,301,2,98,9.494864123370166e+18,QSO,1.292216,8433,57488,546
82058,1.2376619588369787e+18,219.642149332423,47.1346481411361,24.1937,24.63325,21.92581,20.68288,19.91383,3838,301,4,126,9.560213322089124e+18,GALAXY,0.776678,8491,57488,717
70690,1.2376593303096527e+18,234.242506333064,48.5283954251495,21.76881,21.87594,21.49417,21.51284,21.8602,3226,301,4,14,9.491337989579889e+18,QSO,1.284921,8430,57488,6
48726,1.237659119862154e+18,222.576183607052,48.5704562819112,22.89949,23.02057,21.54857,20.33798,19.48175,3177,301,4,104,9.494972150387595e+18,GALAXY,0.616147,8433,57488,939
67733,1.2376612120454103e+18,219.872057134987,44.9688993521328,21.99379,21.75528,21.69533,21.67848,21.95708,3664,301,5,63,9.560083029961234e+18,QSO,0.1687719,8491,57488,243
51678,1.2376593244124618e+18,231.653783281134,48.8006169334499,24.15704,23.14874,21.93711,20.74492,19.9115,3225,301,1,142,9.49151693509731e+18,GALAXY,0.6758367,8430,57488,657
33981,1.2376593260228782e+18,232.329964038901,49.8955513527703,24.34692,22.7163,21.69844,20.60501,19.21908,3225,301,4,139,9.491540574597306e+18,GALAXY,0.8929942,8430,57488,743
99979,1.2376591198618263e+18,221.764905622181,49.0682321279165,24.13522,23.90531,22.54425,20.86295,19.39762,3177,301,4,99,9.494929269434112e+18,GALAXY,0.8747584,8433,57488,783
98074,1.2376591327472527e+18,222.32481544675,49.0715325314229,24.22769,22.76957,21.82558,20.44647,19.45898,3180,301,4,107,9.49495730698062e+18,GALAXY,0.681524,8433,57488,885
85397,1.237659119861498e+18,220.538530493455,49.3561104835877,23.58145,23.00641,21.88036,20.84645,19.94917,3177,301,4,94,9.49487209482947e+18,GALAXY,0.572624,8433,57488,575
80778,1.237661957763826e+18,220.633423714144,45.743233220737,19.58828,19.28585,19.29325,19.39044,19.1714,3838,301,2,135,9.560050869246122e+18,QSO,0.8145283,8491,57488,126
9319,1.2376591316733133e+18,221.214058266817,48.5268545486309,24.14325,23.15265,21.89251,20.65367,19.86113,3180,301,2,104,9.494910027980626e+18,STAR,-9.208931e-05,8433,57488,713
9156,1.2376623018993912e+18,218.871384500631,47.0625024857147,21.62379,21.7412,21.34525,21.30325,20.70484,3918,301,3,155,9.5601806116182e+18,QSO,0.9994929,8491,57488,598
80121,1.2376591633441764e+18,231.291590624882,47.9265483747616,26.04733,23.0566,22.05766,20.60474,19.86726,3187,301,5,35,9.491450414643829e+18,GALAXY,0.8229617,8430,57488,415
8744,1.237662301900112e+18,221.12506453687,46.3894899850743,21.5095,21.28516,21.43628,21.11342,20.91574,3918,301,3,166,9.560026130234495e+18,QSO,1.710747,8491,57488,36
51426,1.237659326560273e+18,234.133074465451,49.5552760996267,20.69911,20.57496,20.3318,20.30289,20.25329,3225,301,5,147,9.491596374812416e+18,QSO,4.063481,8430,57488,946
13975,1.2376623072586634e+18,201.90359482817,41.7933941595338,24.18996,23.27317,22.04197,20.57025,19.73727,3919,301,5,11,9.445410564253964e+18,STAR,0.0001087988,8389,57488,859
45907,1.237659119862088e+18,222.462538603796,48.6369021505938,26.70914,23.46763,21.40762,20.23036,19.35992,3177,301,4,103,9.494960055759688e+18,GALAXY,0.7347217,8433,57488,895
8909,1.2376623018999155e+18,220.501020002637,46.5300121848831,21.97217,21.94591,21.75099,21.52094,21.06287,3918,301,3,163,9.560252354751914e+18,QSO,1.478208,8491,57488,859
69050,1.2376619593739144e+18,219.975800073212,47.5314088226383,22.3486,22.20678,21.98022,21.80438,22.21276,3838,301,5,127,9.560232288664703e+18,QSO,1.455964,8491,57488,786
33454,1.237661966361232e+18,199.644526407955,40.9149631613559,24.49126,23.31673,21.97113,20.74302,19.81211,3840,301,2,249,9.445309958940025e+18,GALAXY,0.6921028,8389,57488,493
8155,1.237662301900112e+18,220.995865632198,46.3517915290071,22.20098,21.60546,21.07604,21.0724,21.78011,3918,301,3,166,9.560037675106589e+18,GALAXY,0.1495708,8491,57488,78
43597,1.2376593249499228e+18,233.560839386251,48.2739375393465,24.06628,23.74271,21.77309,20.6814,19.7943,3225,301,2,151,9.491354207376398e+18,GALAXY,0.7832646,8430,57488,65
92569,1.2376612120449523e+18,218.640023093666,45.4512909533687,25.99397,23.46954,21.93663,20.94288,19.69091,3664,301,5,56,9.560139654810065e+18,GALAXY,0.8343965,8491,57488,449
91164,1.237661967971976e+18,200.404957868972,42.0644933727588,24.12527,22.90186,21.10531,20.08318,19.37084,3840,301,5,251,9.445341295021414e+18,GALAXY,0.5912134,8389,57488,607
82312,1.237661958836651e+18,218.613501128135,47.4422198411575,22.44109,22.90488,21.46296,20.28357,19.56435,3838,301,4,121,9.560166043089134e+18,GALAXY,0.6710697,8491,57488,545
74096,1.237662195604849e+18,199.311702543462,42.406101027118,21.42033,21.24532,20.55368,20.39878,20.6709,3893,301,5,245,9.444279166788985e+18,QSO,1.125986,8388,57488,839
12874,1.2376593260229427e+18,232.38227999998,49.9118353082994,21.90705,21.70648,21.08953,20.86456,20.73116,3225,301,4,140,9.49154139923103e+18,QSO,1.328079,8430,57488,746
8910,1.237662301900112e+18,221.014470625171,46.2973487243915,21.14839,21.08203,20.66164,20.71033,21.09148,3918,301,3,166,9.56003740022868e+18,QSO,1.20229,8491,57488,77
36882,1.2376619685092393e+18,201.708171695564,42.3043742072072,19.03922,18.06044,17.73374,17.61327,17.61123,3840,301,6,257,9.445395995724896e+18,STAR,-0.0003488539,8389,57488,806
95897,1.2376621945317624e+18,201.016909759346,41.234602172977,21.20934,20.86109,20.40656,20.07645,19.73147,3893,301,3,255,9.445263779451656e+18,QSO,2.069827,8389,57488,325
8118,1.2376623018995876e+18,219.477168264823,46.8464715124212,18.95416,18.00303,17.65647,17.50335,17.4948,3918,301,3,158,9.56021552111238e+18,STAR,-0.00078498,8491,57488,725
99100,1.237659132747056e+18,221.69670625763,49.1228543070675,24.74354,23.86053,21.87296,20.77353,19.80104,3180,301,4,104,9.494928169922484e+18,GALAXY,0.7551172,8433,57488,779
44617,1.2376593249499886e+18,233.830695706336,48.033769592219,25.41941,24.72015,21.7585,20.62043,19.87886,3225,301,2,152,9.491350908841515e+18,GALAXY,0.6607134,8430,57488,53
79667,1.2376619577636296e+18,220.154693683148,46.038842644887,22.45182,21.69252,21.1505,20.95435,20.78091,3838,301,2,132,9.56006901118798e+18,STAR,-0.0008534067,8491,57488,192
8058,1.237662301900112e+18,221.032552367678,46.3654318557676,21.29583,21.24841,21.11325,21.24761,20.95549,3918,301,3,166,9.560038224862405e+18,QSO,1.201312,8491,57488,80
48241,1.237662195605111e+18,199.955571731094,42.2663948477021,21.66384,21.86185,21.5345,21.54832,20.8173,3893,301,5,249,9.444304180678517e+18,QSO,1.261872,8388,57488,930
81118,1.2376621945322212e+18,202.35609662977,41.0304441377872,21.93122,21.28109,21.01526,20.58874,20.43098,3893,301,3,262,9.445204130945847e+18,QSO,0.7315333,8389,57488,108
79549,1.2376619577633672e+18,219.302671329253,46.266299104948,21.65085,21.71016,21.57603,21.22342,21.30725,3838,301,2,128,9.560114640920533e+18,QSO,1.906731,8491,57488,358
8229,1.237662301900112e+18,220.985164234634,46.3767873142598,21.0939,20.99573,20.75111,20.84715,20.54889,3918,301,3,166,9.560048945100771e+18,QSO,1.053512,8491,57488,119
91163,1.237661967971255e+18,198.205993856289,42.1620118268063,22.03709,22.60686,21.30017,20.22376,19.56408,3840,301,5,240,9.444227489742475e+18,QSO,0.8489558,8388,57488,651
76031,1.237662195605242e+18,200.378970242351,42.2083503021775,20.13447,19.71797,19.3339,19.32396,19.13043,3893,301,5,251,9.444319024085488e+18,QSO,1.011659,8388,57488,984
44798,1.2376623024364585e+18,219.737743421661,47.3092894457627,22.45291,22.05466,22.28132,22.38431,22.59949,3918,301,4,158,9.560222118182148e+18,GALAXY,0.02684945,8491,57488,749
8861,1.2376593244129203e+18,232.845376053626,48.012344404886,23.69822,22.33552,22.10559,22.19823,21.9718,3225,301,1,149,9.491384169068255e+18,QSO,1.078889,8430,57488,174
69275,1.2376619593739144e+18,220.033070253135,47.3842501079532,20.961,20.663,20.29747,20.19353,19.99516,3838,301,5,127,9.56023091427517e+18,QSO,0.9899092,8491,57488,781
7070,1.237659131672986e+18,219.937298923454,48.7979620063654,21.73545,21.75121,22.1171,21.18511,21.98324,3180,301,2,99,9.49486467312598e+18,QSO,1.844108,8433,57488,548
95681,1.2376591327472525e+18,222.295748274074,48.9625228095598,23.6893,22.80167,21.60494,20.45619,19.56133,3180,301,4,107,9.494952359178295e+18,GALAXY,0.6796724,8433,57488,867
8228,1.23766230189985e+18,220.289866145829,46.6055449658549,20.33282,20.05996,19.86782,19.81746,19.83264,3918,301,3,162,9.560239985246102e+18,QSO,1.411294,8491,57488,814
91839,1.237661967971386e+18,198.667428408702,42.2931702870148,23.35336,23.60369,21.72783,20.60223,19.95898,3840,301,5,242,9.444247830707591e+18,GALAXY,0.7270157,8388,57488,725
9209,1.2376619599106547e+18,219.94491284756,47.9692051152156,24.22001,23.66731,21.62779,20.4117,19.6901,3838,301,6,125,9.494844607038771e+18,GALAXY,0.7171162,8433,57488,475
8908,1.2376623018998497e+18,220.206827262106,46.5901012274627,20.71229,20.33238,20.22761,19.90953,20.28542,3918,301,3,162,9.560239435490286e+18,QSO,1.579058,8491,57488,812
72894,1.237661959374439e+18,221.454436965828,46.8704503971416,21.6722,21.57845,21.3483,21.10387,20.93277,3838,301,5,135,9.560282591321678e+18,QSO,1.83031,8491,57488,969
79254,1.2376621956057664e+18,202.104914709765,42.0331234686396,20.15286,20.08369,20.02855,19.89636,19.65135,3893,301,5,259,9.44541826083536e+18,QSO,1.925298,8389,57488,887
17049,1.2376613876101947e+18,230.598451001342,48.0170000544916,23.11416,25.08453,21.80615,20.52633,19.8762,3705,301,4,185,9.491468556585687e+18,GALAXY,0.684065,8430,57488,481
32617,1.2376619663580864e+18,190.259193533836,41.7146912360693,23.3828,24.34698,22.04143,21.01646,19.96124,3840,301,2,201,9.4408844250241e+18,GALAXY,0.7837985,8385,57511,777
58890,1.2376621956073393e+18,206.659776401993,41.1242405875978,22.37209,20.30864,19.53792,19.11604,18.83304,3893,301,5,283,9.447485068203549e+18,STAR,-0.0002786019,8391,57511,214
56600,1.2376621956069463e+18,205.480625010165,41.3496620213672,23.40783,23.45934,21.49469,19.80367,18.84483,3893,301,5,277,9.44753949402912e+18,STAR,-0.0001998808,8391,57511,412
52250,1.237667430100632e+18,156.894800264064,24.584986854616,23.72483,23.29558,22.66754,22.16959,21.42946,5112,301,3,312,1.0084813134953208e+19,GALAXY,0.6999152,8957,57511,464
81372,1.2376621945276337e+18,188.483554006824,42.2580559287442,21.59171,21.49023,20.92299,20.82248,20.82488,3893,301,3,192,9.44082340212876e+18,QSO,1.240268,8385,57511,555
50072,1.2376619668950223e+18,190.471162842041,41.963242272852,20.61236,20.59112,20.48845,20.54247,20.32171,3840,301,3,202,9.44089349599503e+18,QSO,0.8793468,8385,57511,810
50754,1.2376619668952845e+18,191.218040412655,41.9106998895631,20.63588,20.56863,20.40087,20.27569,20.43348,3840,301,3,206,9.440925106954328e+18,QSO,1.451463,8385,57511,925
33727,1.2376618509394903e+18,206.87184055145,42.8401554840771,21.00679,20.92825,20.82524,20.65626,21.27494,3813,301,3,333,9.447664288598874e+18,QSO,1.861485,8391,57511,866
75373,1.2376672099815268e+18,156.757196664455,25.7861846027568,22.35245,22.78109,21.73993,20.95102,20.72919,5061,301,1,281,1.0084829627627624e+19,GALAXY,0.8597875,8957,57511,524
45645,1.2376642958293076e+18,191.311686213136,40.6594325907448,21.9682,21.88705,21.67483,21.65382,21.25502,4382,301,5,23,9.440686238053192e+18,GALAXY,1.30502,8385,57511,56
14828,1.2376672105190528e+18,158.343989433604,26.5824570315576,23.90974,22.93381,23.25748,22.00446,21.52501,5061,301,2,291,1.0084911541243892e+19,GALAXY,0.9117902,8957,57511,822
49353,1.237661966895022e+18,190.374575128325,41.9921371059711,19.51064,19.32285,19.08651,19.19105,19.09771,3840,301,3,202,9.440891296971772e+18,QSO,1.01142,8385,57511,802
48651,1.2376642958292424e+18,191.07603542166,40.6463864363152,21.3801,21.04679,20.91536,20.84937,20.77838,4382,301,5,22,9.440699432192727e+18,QSO,2.121516,8385,57511,104
64779,1.23766196689476e+18,189.686675373073,42.1208148014668,19.97863,19.88359,19.79077,19.8356,19.67251,3840,301,3,198,9.44085831162294e+18,QSO,0.9567937,8385,57511,682
25745,1.2376623072597115e+18,205.184351699972,41.2703363498974,22.65776,20.46384,19.0608,18.53044,18.21032,3919,301,5,27,9.447548839877958e+18,GALAXY,0.2554861,8391,57511,446
75050,1.2376621956069463e+18,205.46571504182,41.4724709096177,23.03766,23.24113,21.68066,20.61202,19.94557,3893,301,5,277,9.447551863534934e+18,GALAXY,0.5291767,8391,57511,457
56629,1.2376621956066186e+18,204.550250456171,41.5172884348269,23.46255,21.94044,21.15213,20.73456,20.64531,3893,301,5,272,9.447563683284933e+18,STAR,-0.000299861,8391,57511,500
50640,1.2376619668943672e+18,188.462067902958,42.1584504993583,22.15242,22.1745,21.7046,21.55769,21.13951,3840,301,3,192,9.440808558721786e+18,QSO,1.401225,8385,57511,501
55060,1.2376672105189868e+18,158.085709835675,26.4593494752495,24.60852,22.66811,21.74514,21.56145,21.31522,5061,301,2,290,1.0084902470273e+19,GALAXY,0.2897671,8957,57511,789
55116,1.237667430100632e+18,156.950950071529,24.4904032149581,23.50551,23.10554,22.3899,21.68807,21.35619,5112,301,3,312,1.00848128600753e+19,GALAXY,0.9120188,8957,57511,463
68861,1.2376619668948913e+18,189.961793567476,42.1536136478278,22.70147,22.14424,21.5642,21.49632,21.1494,3840,301,3,200,9.440869306739218e+18,GALAXY,0.3007013,8385,57511,722
64941,1.2376619668949573e+18,190.239449954846,41.994658817006,23.87715,23.68597,21.73708,20.39529,19.61991,3840,301,3,201,9.44088167624503e+18,GALAXY,0.7210676,8385,57511,767
17930,1.237662307259712e+18,205.035448144145,41.2883082236466,23.9453,21.73775,20.45156,19.92134,19.4882,3919,301,5,27,9.447555711825631e+18,GALAXY,0.2518871,8391,57511,471
78159,1.2376621956072084e+18,206.357084082317,41.2957508969257,22.36989,21.8367,21.66644,21.26766,20.82716,3893,301,5,281,9.447501560877963e+18,QSO,1.691141,8391,57511,274
771,1.237667430101222e+18,158.397391199282,24.7721785466172,22.64292,22.50205,22.00511,21.87272,21.49765,5112,301,3,321,1.0084736169139263e+19,GALAXY,0.8939562,8957,57511,184
33779,1.2376672099817231e+18,157.209013281188,25.8441708799094,22.99302,22.95385,21.93288,21.37473,20.66908,5061,301,1,284,1.0084849693714831e+19,GALAXY,0.756402,8957,57511,597
81584,1.2376621945286822e+18,191.627235645414,42.2908203180132,21.83443,21.73016,21.41507,21.53084,21.244,3893,301,3,208,9.440933353291536e+18,QSO,1.196396,8385,57511,955
51149,1.2376619668954156e+18,191.621323652235,42.0880205420612,20.8068,20.82397,20.95181,20.39137,20.57845,3840,301,3,208,9.440936102070604e+18,QSO,1.870039,8385,57511,965
74829,1.2376619658212155e+18,190.257126971864,41.2794872250662,22.8835,22.82165,23.17272,21.29592,19.871,3840,301,1,201,9.440746436314814e+18,STAR,-0.001966766,8385,57511,275
64969,1.237661966894695e+18,189.454658154199,42.0654560457091,21.95504,22.31455,21.80639,21.73034,21.63329,3840,301,3,197,9.440848141140384e+18,GALAXY,1.044895,8385,57511,645
1597,1.237667430101156e+18,158.223875238235,24.7722737401309,22.09769,21.92319,21.58768,21.25445,20.62376,5112,301,3,320,1.008474633962182e+19,QSO,0.9976957,8957,57511,221
32566,1.2376619663586757e+18,191.977665916718,41.494537187853,21.58473,19.88581,18.77074,18.28259,17.92625,3840,301,2,210,9.44068019073924e+18,GALAXY,0.1556681,8385,57511,34
50530,1.237661966895088e+18,190.586759441588,42.0089173245494,21.8854,21.13552,20.76325,20.52624,20.23129,3840,301,3,203,9.440903941355491e+18,QSO,2.0673,8385,57511,848
51925,1.237661966894695e+18,189.387599707109,42.074480723516,21.21021,21.15357,21.12229,20.87975,20.71724,3840,301,3,197,9.4408368711462e+18,QSO,1.752831,8385,57511,604
50377,1.2376619668949568e+18,190.344715251944,42.0571234293011,21.68394,20.98071,20.8384,20.56017,20.48344,3840,301,3,201,9.440892946239216e+18,QSO,0.6406143,8385,57511,808
89122,1.2376618498656177e+18,206.067556336365,42.009482307067,21.89825,21.52129,20.885,20.37323,20.4564,3813,301,1,331,9.447625530814e+18,GALAXY,0.2244638,8391,57511,725
66731,1.2376619668951537e+18,190.936838909508,42.1312514743421,23.36428,21.723,21.06775,20.7522,20.8943,3840,301,3,204,9.440914661593864e+18,STAR,-0.0003913885,8385,57511,887
96599,1.2376621956067494e+18,205.027686816737,41.4586549973208,23.38548,21.47715,20.38042,21.61342,19.72773,3893,301,5,274,9.44755681133726e+18,STAR,-0.0002260989,8391,57511,475
14394,1.2376672105186596e+18,157.272985489716,26.2965680925419,23.62628,23.03885,23.41792,22.49089,21.73831,5061,301,2,285,1.0084846670057857e+19,GALAXY,0.7147526,8957,57511,586
73070,1.2376619658212808e+18,190.382890876864,41.2113388194621,24.33207,23.03779,21.70114,20.67821,19.81168,3840,301,1,202,9.440747535826442e+18,GALAXY,0.8896248,8385,57511,279
79276,1.2376621956070116e+18,205.694376318311,41.4190957497141,21.35104,21.11978,20.79709,20.77026,20.35396,3893,301,5,278,9.44754059354075e+18,QSO,1.061829,8391,57511,416
94924,1.23766196635861e+18,191.847070731004,41.5204254348609,20.24762,18.81455,17.80816,17.38869,17.09766,3840,301,2,209,9.440691735611333e+18,GALAXY,0.2257782,8385,57511,76
46016,1.2376642958291108e+18,190.726678459565,40.6393289457771,19.57047,19.34751,19.37303,19.20161,19.32254,4382,301,5,20,9.440730218518305e+18,QSO,1.58028,8385,57511,216
61926,1.2376619668949573e+18,190.208657375295,42.008356945869,23.49974,24.22154,21.65441,20.42952,19.5283,3840,301,3,201,9.440881126489215e+18,GALAXY,0.8437583,8385,57511,765
94925,1.2376619663586757e+18,191.985622666507,41.5737316940703,21.68758,19.32234,18.25662,17.82046,17.46365,3840,301,2,210,9.440680465617148e+18,GALAXY,0.1518318,8385,57511,35
78922,1.237662195607208e+18,206.212930273575,41.1767649078493,18.421,18.4344,18.48624,17.7444,17.07819,3893,301,5,281,9.447505958924474e+18,STAR,-9.189582e-05,8391,57511,290
65007,1.2376619668950876e+18,190.570619340521,42.0525653736969,18.78495,17.83955,17.5443,17.43566,17.38759,3840,301,3,203,9.440902292088054e+18,STAR,-0.0004172692,8385,57511,842
83561,1.2376621945282235e+18,190.325892408228,42.3179082795791,21.95249,21.78161,21.58708,21.20243,21.45656,3893,301,3,201,9.440890197460146e+18,QSO,2.70261,8385,57511,798
78850,1.2376621956074048e+18,206.948731893847,41.0371556231271,22.09239,20.88536,20.85535,20.62214,20.84659,3893,301,5,284,9.447455106511688e+18,STAR,-0.0007799537,8391,57511,105
9602,1.2376619658208225e+18,188.928115253958,41.3176611876342,25.98227,22.99039,22.37127,21.04111,19.0567,3840,301,1,195,9.440804160675273e+18,GALAXY,0.8219375,8385,57511,485
17992,1.2376623072601047e+18,206.228806739302,41.0000926125341,23.97397,24.00627,21.65661,20.48752,19.42762,3919,301,5,33,9.447504584534942e+18,GALAXY,0.2424677,8391,57511,285
51866,1.2376619668944325e+18,188.690643214241,42.0423243649615,22.08198,21.53883,21.08639,20.68152,20.5707,3840,301,3,193,9.440815980425271e+18,QSO,0.5164252,8385,57511,528
94103,1.2376614332445504e+18,216.257724187994,41.8877597264163,25.78005,24.30355,21.13649,19.99281,19.33443,3716,301,1,190,9.572559738560078e+18,GALAXY,0.7002425,8502,57512,577
88114,1.23766196742783e+18,177.8081893236,42.428877999656,22.52868,20.37,18.91371,18.4027,18.01562,3840,301,4,140,9.436372853954206e+18,GALAXY,0.2314691,8381,57512,748
91321,1.237661362377e+18,218.551066005194,42.7925866458842,21.2873,19.7692,19.08817,18.8215,18.73765,3699,301,5,181,9.572660343874015e+18,STAR,2.668863e-05,8502,57512,943
29223,1.237661360765731e+18,216.041610679173,42.2122811510836,22.27684,21.96751,22.04977,21.559,22.19224,3699,301,2,171,9.572544620275194e+18,QSO,1.700604,8502,57512,522
82724,1.237662194523898e+18,176.821479168664,42.0741872512475,21.49266,21.888,21.255,21.5201,21.44136,3893,301,3,135,9.436323925686768e+18,QSO,1.253362,8381,57512,570
11425,1.237662194524357e+18,178.277060296324,42.1349256089544,22.78156,21.8556,21.0666,20.30894,19.96017,3893,301,3,142,9.436398692477458e+18,QSO,4.913074,8381,57512,842
86056,1.2376619668910246e+18,178.173749343294,41.9569138386146,21.33591,21.12073,20.872,20.74537,20.78016,3840,301,3,141,9.436392095407694e+18,QSO,0.8560785,8381,57512,818
87966,1.2376619674275028e+18,176.966262119098,42.3041293069812,24.589,23.31095,21.38057,20.38454,19.66092,3840,301,4,135,9.43633024787863e+18,GALAXY,0.6066067,8381,57512,593
89651,1.237661967427568e+18,177.153769735112,42.2408381971945,24.24745,21.50395,19.99897,19.40857,19.18392,3840,301,4,136,9.436344266651886e+18,GALAXY,0.3273895,8381,57512,644
12642,1.23766219452475e+18,179.439439465071,42.3183208996765,21.44412,21.22252,20.99366,20.68578,20.41452,3893,301,3,148,9.43643717538443e+18,QSO,1.65886,8381,57512,982
29325,1.2376613607656653e+18,215.859234029013,42.4240662994187,19.37643,19.22021,19.0423,18.96052,18.37792,3699,301,2,170,9.572554515879844e+18,QSO,0.3535653,8502,57512,558
86665,1.237661966890566e+18,176.776760906971,41.9626158499443,23.39312,21.62101,21.06795,20.95574,20.81705,3840,301,3,134,9.436321451785607e+18,STAR,-0.0003406192,8381,57512,561
86666,1.2376619668906967e+18,177.23556626454,41.8206492911739,21.90007,21.42675,21.38789,21.21627,21.87002,3840,301,3,136,9.436346190797232e+18,QSO,2.068936,8381,57512,651
55260,1.237661360766321e+18,217.68594124207,41.8454442163859,22.00389,21.50123,21.28987,21.4093,21.51633,3699,301,2,180,9.572615538775183e+18,QSO,0.8601341,8502,57512,780
87729,1.2376619674277652e+18,177.609690056041,42.3365305727202,25.8424,23.49011,21.40395,20.25562,19.61331,3840,301,4,139,9.43635443713444e+18,GALAXY,0.5065801,8381,57512,681
64777,1.2376619668910246e+18,178.150198183864,42.0768311092708,20.47912,20.26696,20.05669,20.0089,19.96553,3840,301,3,141,9.436390995896064e+18,QSO,1.324012,8381,57512,814
85928,1.2376619668907628e+18,177.425183529461,41.8784297957474,22.89863,21.78218,21.16051,21.01237,21.16437,3840,301,3,137,9.43635801054723e+18,STAR,-0.0006673007,8381,57512,694
43304,1.237661361839604e+18,216.916640283619,42.9548113013575,20.97196,21.10691,21.16622,21.09192,21.3769,3699,301,4,173,9.57257183318798e+18,QSO,1.825461,8502,57512,621
29212,1.237661361839866e+18,217.450448893357,42.6845037330015,25.59634,25.25023,21.92679,20.633,19.65847,3699,301,4,177,9.572608117071698e+18,GALAXY,0.73894,8502,57512,753
12730,1.2376621945237015e+18,176.328054733085,41.9770884557161,21.39565,21.20979,21.06768,20.96828,20.72143,3893,301,3,132,9.436313755204213e+18,QSO,2.210609,8381,57512,533
98041,1.2376621945244224e+18,178.61718757888,42.20672838515,21.00665,20.90233,20.23362,20.11118,20.05026,3893,301,3,143,9.436411336861178e+18,QSO,1.18574,8381,57512,888
93487,1.2376614332450092e+18,217.495675029809,41.6953227853709,24.2014,23.51751,21.69199,20.48151,19.78098,3716,301,1,197,9.572477824943806e+18,GALAXY,0.8070334,8502,57512,279
15938,1.2376613607664527e+18,218.12349180504,41.6178136131619,22.3734,23.11829,21.71989,20.48927,19.80798,3699,301,2,182,9.572442640571718e+18,GALAXY,0.8244918,8502,57512,151
89245,1.2376619674277645e+18,177.767066653732,42.3612706965486,21.12024,19.48998,18.13001,17.61087,17.26486,3840,301,4,139,9.436375602733275e+18,GALAXY,0.2341507,8381,57512,758
65547,1.2376619668911557e+18,178.561151881257,42.0256763921448,20.14254,19.59172,19.51972,19.31535,19.24401,3840,301,3,143,9.436409687593736e+18,QSO,1.639503,8381,57512,882
99853,1.2376619674273055e+18,176.382372067526,42.2079098079441,18.93816,17.97589,17.6785,17.59095,17.53271,3840,301,4,132,9.436310456669327e+18,STAR,0.000150972,8381,57512,521
86159,1.23766196689109e+18,178.440378202572,41.9378788201831,21.80238,21.78429,21.55828,21.30167,21.4603,3840,301,3,142,9.436403090523967e+18,QSO,1.796961,8381,57512,858
59654,1.2376613607667144e+18,218.838333641968,41.4999625052394,21.94491,21.6809,21.26695,21.25018,21.08428,3699,301,2,186,9.572409930100791e+18,QSO,1.150671,8502,57512,32
24312,1.2376613607668457e+18,219.160381006947,41.17377724304,22.56945,22.30993,21.86572,21.77333,21.7272,3699,301,2,188,9.57240278327521e+18,GALAXY,0.6413243,8502,57512,6
97314,1.2376621945245537e+18,178.92266322195,42.1773416400057,21.64294,21.52524,21.28226,21.23281,21.17942,3893,301,3,145,9.436423981244895e+18,QSO,0.7079805,8381,57512,934
86365,1.2376619668903693e+18,176.099791464875,41.8249639059906,21.59107,21.60762,21.17748,21.0618,20.5715,3840,301,3,131,9.436308257646074e+18,QSO,1.172421,8381,57512,513
97213,1.23766196742783e+18,177.806607888576,42.3736060106337,21.9589,19.86185,18.56711,18.06368,17.69209,3840,301,4,140,9.436410787105364e+18,GALAXY,0.0,8381,57512,886
9759,1.237661360766583e+18,218.38206295136,41.4946825814407,20.63511,20.14116,19.82136,19.51713,19.24778,3699,301,2,184,9.57243164545544e+18,QSO,1.961092,8502,57512,111
11772,1.237661360765862e+18,216.365660764694,42.2831965297403,22.31526,21.26923,21.11279,21.01062,20.73567,3699,301,2,173,9.57255589026938e+18,QSO,2.243646,8502,57512,563
86269,1.2376619668915487e+18,179.677404800505,42.0609226610507,20.49635,20.22216,19.94252,20.0723,20.27697,3840,301,3,149,9.436439374407686e+18,QSO,1.044496,8381,57512,990
90606,1.237661362376933e+18,218.268075335625,42.8455369696741,17.50877,16.52636,16.24638,16.14192,16.11558,3699,301,5,180,9.572640827542624e+18,STAR,-0.0002338609,8502,57512,872
11851,1.2376621945239636e+18,177.195741440647,42.1188827588058,21.49021,21.51435,21.34716,21.29441,20.84921,3893,301,3,136,9.436347015430953e+18,QSO,1.476092,8381,57512,654
11852,1.2376621945241605e+18,177.771759308192,42.1787650803527,21.0805,21.06387,20.95119,20.61296,20.29123,3893,301,3,139,9.436376702244905e+18,QSO,0.755275,8381,57512,762
86456,1.2376619668908936e+18,177.736307332122,42.0376854724776,21.56674,21.81798,21.33081,21.19065,21.68669,3840,301,3,139,9.43636625688444e+18,QSO,1.308307,8381,57512,724
70155,1.2376613623771955e+18,219.15596709128,42.6238059364918,21.244,20.41709,20.4439,20.4555,20.09519,3699,301,5,184,9.572665016798435e+18,QSO,2.513567,8502,57512,960
12393,1.2376613607659284e+18,216.534278177513,42.1402209489473,25.04626,24.01421,21.72951,20.69509,19.94948,3699,301,2,174,9.572569634164726e+18,GALAXY,0.6428258,8502,57512,613
12957,1.2376621945246843e+18,179.371119586774,42.343001586828,20.1537,20.15719,19.76341,19.73973,19.73164,3893,301,3,147,9.436437725140244e+18,QSO,1.306433,8381,57512,984
92603,1.23766143324455e+18,216.147324316519,41.9976700251927,25.82824,22.87688,21.17919,20.18796,19.36786,3716,301,1,190,9.572548743443798e+18,GALAXY,0.7669971,8502,57512,537
78375,1.237661362377e+18,218.549363079412,42.9447859044773,23.71383,23.18182,21.96703,20.56498,19.91673,3699,301,5,181,9.57266006899611e+18,STAR,1.92367e-05,8502,57512,942
87366,1.2376619674277647e+18,177.734256274631,42.423658741364,23.87926,21.21592,19.89046,19.38656,19.05882,3840,301,4,139,9.436373953465831e+18,GALAXY,0.2316711,8381,57512,752
12376,1.2376621945239636e+18,177.008706245397,42.1201605855783,21.61161,21.28994,21.25487,21.144,20.79161,3893,301,3,136,9.436334371047231e+18,QSO,0.9310741,8381,57512,608
86340,1.237661966890566e+18,176.664771667358,41.8612273358762,22.06407,21.77219,21.6503,21.21116,21.18783,3840,301,3,134,9.43631485471584e+18,GALAXY,1.000187,8381,57512,537
89523,1.2376613623770647e+18,218.663620131445,42.7903711515185,20.86592,19.5663,19.02238,18.83238,18.74775,3699,301,5,182,9.572660893629831e+18,STAR,-0.0005434996,8502,57512,945
11945,1.237662194523898e+18,176.901816381561,42.0175228186746,20.39184,20.24176,20.19111,19.91356,19.98743,3893,301,3,135,9.436325025198395e+18,QSO,1.710912,8381,57512,574
70896,1.237661966891025e+18,178.096458056713,41.9425790351111,22.26988,21.35609,21.08832,20.60956,20.37957,3840,301,3,141,9.436388521994902e+18,QSO,0.5267351,8381,57512,805
8483,1.237661965817742e+18,179.638980508495,41.2362077081893,26.14744,23.98156,21.40993,20.39365,19.62448,3840,301,1,148,9.4361746669833e+18,GALAXY,0.6203853,8381,57512,27
51771,1.237661360765731e+18,216.027887474027,42.1980841309078,22.18876,22.052,21.86916,21.65187,21.52525,3699,301,2,171,9.572545444908917e+18,QSO,2.180254,8502,57512,525
45844,1.2376613618396692e+18,216.926502430342,42.8913246662152,20.91654,20.34973,20.1967,19.83078,19.6233,3699,301,4,174,9.572573207577516e+18,QSO,0.5551066,8502,57512,626
67656,1.23766196689109e+18,178.359128203468,42.0241333636789,20.58182,20.59775,20.58134,20.50792,20.34083,3840,301,3,142,9.436401441256528e+18,QSO,2.04149,8381,57512,852
93191,1.23766143324514e+18,217.837376520399,41.5004533454117,24.06693,22.82572,21.6725,20.64404,19.90568,3716,301,1,199,9.572453085932182e+18,GALAXY,0.6182796,8502,57512,189
98319,1.2376621945242255e+18,178.008619392418,42.1567564339337,19.70438,19.74789,19.66545,19.68577,19.76667,3893,301,3,140,9.436389346628622e+18,QSO,1.33178,8381,57512,808
11993,1.2376621945240292e+18,177.410044166191,42.1093351412446,21.1632,21.10754,21.06832,20.97505,20.83926,3893,301,3,137,9.436356636157696e+18,QSO,1.458173,8381,57512,689
48224,1.23766136184e+18,217.96486536015,42.4867903869739,22.25084,21.72841,21.47982,21.07777,20.73896,3699,301,4,179,9.572631481693788e+18,QSO,0.6139987,8502,57512,838
88324,1.2376619674274376e+18,176.687124607075,42.3844776808186,26.0792,23.65679,21.35807,20.08018,19.27047,3840,301,4,134,9.436331897146071e+18,GALAXY,0.8037625,8381,57512,599
11927,1.237661360765863e+18,216.347403686562,42.1745007388231,24.32888,23.82061,21.87588,20.57343,19.7498,3699,301,2,173,9.57255753953682e+18,GALAXY,0.6634697,8502,57512,569
11757,1.2376613607664527e+18,218.003287919965,41.7329920101806,23.79951,23.44874,21.97071,20.68187,19.90348,3699,301,2,182,9.572443190327534e+18,GALAXY,0.7637948,8502,57512,153
89373,1.2376613623772613e+18,219.229772221482,42.5883812360111,21.1906,20.98155,20.36837,20.1483,20.15457,3699,301,5,185,9.572671613868202e+18,GALAXY,0.4924079,8502,57512,984
93844,1.2376619663537605e+18,177.035882598105,41.4560883260299,23.5685,24.91104,22.03616,20.8348,19.91643,3840,301,2,135,9.436274172785613e+18,GALAXY,0.8726047,8381,57512,389
44059,1.237661361303127e+18,217.811378114763,42.2297675956116,23.58732,22.01717,20.4697,19.87813,19.5769,3699,301,3,179,9.572623785112392e+18,GALAXY,0.421859,8502,57512,810
86419,1.237661966890828e+18,177.609490214824,41.9936507476423,21.60934,21.34971,21.27842,21.08062,20.6231,3840,301,3,138,9.436366531762346e+18,QSO,2.047931,8381,57512,725
11631,1.237662194524291e+18,178.0689406634,42.1085671322414,20.62511,20.32236,20.10266,19.66529,19.52269,3893,301,3,141,9.43639044614025e+18,QSO,0.550229,8381,57512,812
69143,1.2376619668911557e+18,178.619769106534,41.9733328155888,22.40206,22.07361,21.48364,20.9428,20.84202,3840,301,3,143,9.436412711250713e+18,QSO,1.086745,8381,57512,893
96378,1.2376614332450744e+18,217.616128399586,41.5222374527876,24.60893,23.00672,21.34352,20.28073,19.51096,3716,301,1,198,9.572465180560087e+18,GALAXY,0.6387069,8502,57512,233
86550,1.2376619668908936e+18,177.81387851333,41.9226997138147,20.96397,20.99966,20.78307,20.79115,20.77175,3840,301,3,139,9.4363805505356e+18,QSO,1.356183,8381,57512,776
90385,1.237661362377261e+18,219.188196977176,42.5721252150315,18.96578,18.05011,17.77806,17.67322,17.66643,3699,301,5,185,9.572671888746109e+18,STAR,-0.0005565008,8502,57512,985
86888,1.2376619668908936e+18,177.750058350978,41.9206308620698,20.48835,20.48071,20.28971,20.21043,20.05811,3840,301,3,139,9.436379451023972e+18,QSO,1.311427,8381,57512,772
48405,1.2376613618401935e+18,218.558866889789,42.3740026393063,21.12151,21.25175,21.01315,20.95479,20.47746,3699,301,4,182,9.572666666065877e+18,QSO,1.450281,8502,57512,966
29173,1.2376613607659935e+18,216.720708937817,42.1486534056338,21.72862,21.82219,21.69929,21.63134,21.3544,3699,301,2,175,9.572568259775191e+18,QSO,1.62501,8502,57512,608
49084,1.2376613618403249e+18,218.912751213693,42.2236819930869,21.96552,21.74384,21.86785,21.54321,23.88357,3699,301,4,184,9.572668590211224e+18,QSO,1.747952,8502,57512,973
46335,1.2376619658174144e+18,178.705068958248,41.1481821268232,24.02703,26.3577,22.41198,20.71734,19.93329,3840,301,1,143,9.436200505506554e+18,GALAXY,0.9042431,8381,57512,121
23006,1.2376613607661253e+18,217.128415842428,41.8481848964699,22.47393,22.41773,22.20234,20.86756,19.68048,3699,301,2,177,9.572593273664725e+18,GALAXY,0.7770751,8502,57512,699
85888,1.2376619668904348e+18,176.394320577498,41.8602037945041,21.83961,21.43408,21.08564,20.82047,20.13561,3840,301,3,132,9.43631512959375e+18,QSO,0.7658855,8381,57512,538
85889,1.2376619668906314e+18,176.943981426858,41.8933016723948,21.59993,20.56988,20.2209,20.0659,20.00882,3840,301,3,135,9.436336020314675e+18,STAR,-0.0002841656,8381,57512,614
85901,1.2376619674274373e+18,176.591305651171,42.3440901239721,23.73198,23.04219,21.81193,20.6851,19.88937,3840,301,4,134,9.43632035227398e+18,GALAXY,0.7077464,8381,57512,557
67017,1.23766196689109e+18,178.24697915428,42.0731031280962,20.36029,20.37833,20.32208,20.08103,19.73065,3840,301,3,142,9.436400066866991e+18,QSO,2.045094,8381,57512,847
28422,1.237661360765862e+18,216.319965906021,42.2550635424295,21.86665,21.22458,20.96754,20.94459,20.76847,3699,301,2,173,9.5725567149031e+18,STAR,0.000310037,8502,57512,566
86503,1.23766196689109e+18,178.398044058958,42.008101384403,21.99012,22.02479,21.88028,21.88835,21.35823,3840,301,3,142,9.436401991012342e+18,QSO,1.491069,8381,57512,854
35782,1.2376613618400635e+18,218.258501863791,42.5788893638865,22.45947,22.94798,21.47092,20.1649,19.50305,3699,301,4,180,9.572640552664715e+18,GALAXY,0.7187184,8502,57512,871
78281,1.237661362376868e+18,218.166127796653,42.9177069467094,22.27773,22.13189,21.84228,21.61091,21.41887,3699,301,5,179,9.572638353641462e+18,QSO,1.357226,8502,57512,863
8497,1.237659131672134e+18,217.402566800268,49.6401284780133,21.91599,20.911,20.81913,20.67168,21.25429,3180,301,2,86,9.46434305539207e+18,GALAXY,0.01257015,8406,57513,103
4615,1.2376591316710856e+18,214.038231710488,50.7221694747146,22.47456,21.79775,21.61338,21.50538,21.31688,3180,301,2,70,9.464457954357172e+18,STAR,-0.0005390575,8406,57513,521
81945,1.237662194527109e+18,186.795488028599,42.4756759000738,21.47915,21.40693,21.12051,20.84009,20.73285,3893,301,3,184,9.439742307354302e+18,QSO,1.567379,8384,57513,718
30851,1.23766466951984e+18,186.504033394843,40.798614796983,23.8409,21.76515,20.41737,19.93042,19.52536,4469,301,5,456,9.439642801551989e+18,GALAXY,0.2939528,8384,57513,356
10213,1.237661965818659e+18,182.33726362475,41.2497831342074,25.8548,24.02131,21.99977,20.26818,19.28789,3840,301,1,162,9.437311562023197e+18,GALAXY,0.863098,8382,57513,67
97480,1.2376591327455483e+18,216.98538161993,50.8716979130719,23.91972,22.41001,21.21069,20.21851,19.34513,3180,301,4,81,9.46455086308972e+18,GALAXY,0.6150076,8406,57513,859
49374,1.2376646695180703e+18,181.176978749664,40.6364908989808,24.95618,22.42077,21.30332,20.13535,19.39293,4469,301,5,429,9.43734894541854e+18,GALAXY,0.7226421,8382,57513,203
64778,1.2376619668915487e+18,179.834407862042,42.1685751946135,20.50141,20.65176,20.32071,20.3641,20.21779,3840,301,3,149,9.437448451220857e+18,QSO,1.39602,8382,57513,565
51663,1.2376619668939085e+18,187.024077557772,42.1131882479841,22.16076,21.33008,20.84998,20.78235,20.89595,3840,301,3,185,9.439745605889184e+18,STAR,0.000243423,8384,57513,730
8559,1.2376623029718886e+18,215.54897303509,49.1048954353594,26.76981,24.71377,22.81512,21.27243,19.90576,3918,301,5,136,9.464415623159505e+18,GALAXY,0.9152375,8406,57513,367
12281,1.2376621945254052e+18,181.584852482297,42.3370405326531,19.00754,18.78102,18.65147,18.72993,18.74445,3893,301,3,158,9.437533938249914e+18,QSO,0.9048473,8382,57513,876
77111,1.2376672099815268e+18,156.852947360645,25.7532224837995,22.66199,22.74995,21.77963,21.10261,20.80486,5061,301,1,281,1.0083713898236891e+19,GALAXY,1.020729,8956,57513,561
40,1.2376621945254054e+18,181.645330520821,42.2739952211876,21.20149,19.77107,19.27176,19.04226,18.9441,3893,301,3,158,9.437545757999913e+18,STAR,4.827565e-05,8382,57513,919
11290,1.2376621945255365e+18,182.038598737145,42.3420713018794,21.31298,21.1694,20.98043,20.96353,20.79826,3893,301,3,160,9.437544933366192e+18,QSO,2.008753,8382,57513,916
1195,1.2376621945269783e+18,186.390909503393,42.4744418267354,21.59519,21.51863,21.40786,21.28573,21.20945,3893,301,3,182,9.439718392976398e+18,QSO,1.494707,8384,57513,631
50915,1.2376619668939082e+18,187.103927125167,42.133508744637,22.02054,21.5507,21.4025,20.97359,20.93064,3840,301,3,185,9.439754401982208e+18,QSO,1.837835,8384,57513,762
51664,1.2376619668941048e+18,187.551515722252,42.1408930977186,21.90067,21.31656,20.8709,20.84942,20.55924,3840,301,3,188,9.439778041482203e+18,GALAXY,0.2137709,8384,57513,848
78795,1.2376646695198395e+18,186.533974622888,40.81186066083,22.15107,19.92893,18.37201,17.75909,17.37103,4469,301,5,456,9.439629882290362e+18,GALAXY,0.2830734,8384,57513,309
97313,1.2376621945270436e+18,186.670159247181,42.4077175421739,20.06662,19.99158,19.96877,19.87325,19.5909,3893,301,3,183,9.43973186199384e+18,QSO,1.999826,8384,57513,680
49352,1.2376619668921388e+18,181.525084212288,42.1864512193365,20.81626,20.78832,20.80157,20.4868,20.04194,3840,301,3,158,9.437524592401078e+18,QSO,1.955125,8382,57513,842
59056,1.2376623035092175e+18,217.468259656576,49.0999989662447,21.51819,19.95922,19.27947,19.04299,18.87719,3918,301,6,143,9.464341681002537e+18,STAR,-0.00104701,8406,57513,98
60007,1.2376619658178076e+18,179.907589556393,41.1875884562758,26.61224,22.92047,21.9138,20.55909,19.56809,3840,301,1,149,9.437410518069697e+18,GALAXY,0.9051309,8382,57513,427
64930,1.2376619668924006e+18,182.423556648951,42.1929988225109,20.20802,20.05738,19.83471,19.83196,19.80839,3840,301,3,162,9.437431958546438e+18,GALAXY,0.0,8382,57513,505
97329,1.23766219452475e+18,179.577536333704,42.2263565825806,21.999,21.73846,21.79323,21.29149,20.95144,3893,301,3,148,9.437436906348763e+18,QSO,1.912407,8382,57513,523
86057,1.2376619668918108e+18,180.60288277767,42.0403797354337,20.15149,19.9017,19.69132,19.48174,19.42623,3840,301,3,153,9.437483360715037e+18,QSO,1.525616,8382,57513,692
2853,1.2376621945268472e+18,185.911090768293,42.3058581654375,24.03302,23.21087,21.20723,20.02082,19.46316,3893,301,3,180,9.439698876645003e+18,STAR,-0.0002743431,8384,57513,560
95753,1.237662194527306e+18,187.46736604336,42.4058038302574,21.29757,21.275,21.13469,21.32776,20.81678,3893,301,3,187,9.439774193191508e+18,GALAXY,0.6825922,8384,57513,834
97330,1.2376621945277647e+18,188.806178827288,42.2840505737015,20.71321,20.52967,20.65708,20.31951,20.23834,3893,301,3,194,9.439815699755457e+18,QSO,1.783964,8384,57513,985
63244,1.2376619668939745e+18,187.315220819707,42.1637385557957,23.71696,23.62913,21.24805,20.14768,19.26822,3840,301,3,186,9.439766221732209e+18,GALAXY,0.700321,8384,57513,805
87242,1.2376619668917455e+18,180.311958086887,42.1937964716298,21.72697,21.66842,21.27727,21.38338,21.20453,3840,301,3,152,9.437470166575503e+18,QSO,1.048394,8382,57513,644
2796,1.2376621945251436e+18,180.704961490315,42.3919169476246,25.01901,21.99937,21.32235,21.26906,21.16532,3893,301,3,154,9.437501502656897e+18,QSO,3.414103,8382,57513,758
64012,1.2376619668944328e+18,188.60421103036,42.0663443002322,23.99375,22.50638,21.39512,20.32723,19.59291,3840,301,3,193,9.43981624951127e+18,GALAXY,0.7028596,8384,57513,987
98320,1.2376621945272404e+18,187.291190448717,42.2936142216718,20.75892,20.8241,20.60623,20.53805,20.18621,3893,301,3,186,9.439764572464765e+18,QSO,1.237136,8384,57513,799
52992,1.2376591322088087e+18,217.03949962512,50.3379816804243,22.48245,23.18104,22.41214,20.68126,19.67697,3180,301,3,83,9.464561308450183e+18,GALAXY,0.8941758,8406,57513,897
716,1.2376674301010903e+18,158.062604254631,24.7534398074884,22.3086,22.24224,21.66143,21.19313,20.82713,5112,301,3,319,1.008362236389388e+19,GALAXY,0.7317168,8956,57513,228
88857,1.2376619668918764e+18,180.77889747939,42.0619053242924,19.67623,19.1599,19.24874,19.09738,19.11156,3840,301,3,154,9.437494080953407e+18,QSO,0.6505824,8382,57513,731
52986,1.237661966894498e+18,188.845828348665,42.0825490198864,21.738,21.57489,21.38124,21.31308,21.28084,3840,301,3,194,9.43981542487755e+18,QSO,0.9171884,8384,57513,984
52985,1.2376619668943014e+18,188.271251682702,42.1133295118128,20.73603,20.69975,20.79157,20.48462,20.42911,3840,301,3,191,9.439801680982202e+18,QSO,1.815682,8384,57513,934
4086,1.2376591316718715e+18,216.616745188068,50.0467570368903,18.94582,18.29945,18.19514,18.10018,17.85743,3180,301,2,82,9.46436751952579e+18,QSO,2.324309,8406,57513,192
51228,1.2376619668940396e+18,187.502733477962,42.1449760080494,22.60838,21.56753,21.68382,21.60706,21.30427,3840,301,3,187,9.439768420755462e+18,QSO,2.240392,8384,57513,813
4085,1.237659131671741e+18,216.178188400524,50.1275602264944,20.63922,20.63601,20.41848,20.44062,20.39268,3180,301,2,80,9.4643917087816e+18,QSO,0.9761692,8406,57513,280
31531,1.2376621939889285e+18,182.798270881669,41.8671465705701,26.20329,22.61138,21.8196,20.56388,19.89694,3893,301,2,164,9.437565549209213e+18,GALAXY,0.848439,8382,57513,991
85789,1.2376619668915487e+18,179.830171824251,42.0071145615682,20.91042,19.09705,18.29078,18.0211,17.86726,3840,301,3,149,9.437450925122015e+18,STAR,8.69583e-05,8382,57513,574
3146,1.2376621945270438e+18,186.554834692059,42.4777750693145,21.80418,21.96433,21.67025,21.45287,20.81906,3893,301,3,183,9.439729113214767e+18,QSO,1.979334,8384,57513,670
65387,1.2376619668939082e+18,186.96920565041,42.0661584277767,21.16992,21.28091,21.22168,21.09843,21.25633,3840,301,3,185,9.439744781255465e+18,QSO,1.648675,8384,57513,727
11632,1.2376621945254054e+18,181.642755150873,42.321036836106,21.81706,21.58506,21.49368,21.18307,21.04471,3893,301,3,158,9.43754603287782e+18,QSO,1.615787,8382,57513,920
98110,1.237662194525143e+18,180.705886284862,42.2891079189798,20.50414,20.10691,19.94437,19.70758,19.57915,3893,301,3,154,9.437502052412709e+18,QSO,1.909794,8382,57513,760
86808,1.2376619668920077e+18,181.11043492195,42.2032056103298,21.22874,21.27327,21.12543,20.59469,20.53015,3840,301,3,156,9.437514147040614e+18,QSO,1.922564,8382,57513,804
51111,1.237661966893646e+18,186.145224778884,42.0957626056101,21.73395,20.77631,20.21368,19.59603,19.44371,3840,301,3,181,9.439710421517097e+18,QSO,0.6435584,8384,57513,602
11615,1.237662194525602e+18,182.221369830768,42.3155842045421,22.02953,21.12662,20.89897,20.81857,20.77776,3893,301,3,161,9.437555928482468e+18,STAR,-0.0008449211,8382,57513,956
84389,1.2376674290276106e+18,158.941356439201,24.0787006250633,23.70528,22.75736,22.3334,21.99417,21.84748,5112,301,1,323,1.008357206123691e+19,GALAXY,0.2596147,8956,57513,45
85790,1.2376619668920077e+18,181.121433257091,42.2212966982802,21.8246,21.78585,21.24231,20.98154,21.11977,3840,301,3,156,9.437513322406894e+18,GALAXY,0.4375658,8382,57513,801
97012,1.2376621945256015e+18,182.140318754871,42.4475443769749,20.49775,20.11304,19.92968,19.78297,19.82753,3893,301,3,161,9.43755345458131e+18,QSO,1.573756,8382,57513,947
30298,1.237662302971954e+18,215.756080160819,49.0859819608343,23.4108,22.80305,21.97664,20.63364,19.87024,3918,301,5,137,9.464403528531595e+18,GALAXY,0.860134,8406,57513,323
51924,1.2376619668937116e+18,186.331192289392,42.1820003916145,21.62875,22.01602,21.64523,21.42995,21.04649,3840,301,3,182,9.439713170296166e+18,QSO,1.290718,8384,57513,612
51412,1.2376619668940393e+18,187.415797243244,42.1331287363079,21.36432,20.75983,20.33591,20.08413,19.76119,3840,301,3,187,9.43976759612174e+18,QSO,2.174662,8384,57513,810
2932,1.237659131671544e+18,215.535587757382,50.2582505315962,21.58734,21.98436,21.82558,21.54841,21.2974,3180,301,2,77,9.46450138506647e+18,QSO,1.377158,8406,57513,679
80587,1.237662194526978e+18,186.406684876297,42.3950578043117,18.61064,18.44489,18.41688,18.21882,18.19687,3893,301,3,182,9.43971976736593e+18,QSO,1.829321,8384,57513,636
84852,1.237661966891418e+18,179.423308250122,42.0667402894028,22.12019,21.47959,20.72602,20.30894,20.24403,3840,301,3,147,9.437437730982484e+18,QSO,1.228147,8382,57513,526
3331,1.237659131672e+18,216.874084424539,49.8278563208405,22.87796,20.34851,18.95284,18.04323,17.54516,3180,301,2,84,9.464356524409508e+18,STAR,8.742255e-06,8406,57513,152
95686,1.2376621945273713e+18,187.559242562415,42.3325234420538,22.08403,20.25589,19.56495,19.31528,19.16993,3893,301,3,188,9.439775567581045e+18,STAR,-7.757251e-05,8384,57513,839
8220,1.2376591316716096e+18,215.713669436028,50.3579386998733,22.47478,22.27588,21.7425,21.88938,22.83119,3180,301,2,78,9.46451128067112e+18,STAR,0.001705958,8406,57513,715
98900,1.2376621945273715e+18,187.691182431171,42.4525008440791,21.60748,21.11975,20.60471,20.62812,20.73913,3893,301,3,188,9.4397857380636e+18,QSO,0.9787007,8384,57513,876
2574,1.237659131671544e+18,215.544539372073,50.305238780335,21.77075,21.4425,21.32955,21.06535,20.93135,3180,301,2,77,9.464500560432749e+18,QSO,1.994987,8406,57513,676
99954,1.2376619663567752e+18,186.188664625251,41.7040593191557,24.58936,24.10984,21.74264,20.59894,19.79706,3840,301,2,181,9.439712895418262e+18,GALAXY,0.6237037,8384,57513,611
83,1.2376621945275023e+18,187.973424864161,42.2888155514685,23.33354,22.08951,21.85797,22.16238,22.55171,3893,301,3,190,9.43978848684267e+18,QSO,2.188856,8384,57513,886
5451,1.2376591316714783e+18,215.30231823019,50.3896805632142,20.81884,20.62376,20.69334,20.42586,20.56452,3180,301,2,76,9.464488465804843e+18,QSO,1.819521,8406,57513,632
51865,1.237661966893974e+18,187.292287655014,42.1550546644415,22.32606,21.85197,21.38051,21.35619,20.75799,3840,301,3,186,9.439756601005464e+18,QSO,0.9937998,8384,57513,770
63953,1.2376619668936463e+18,186.158517288838,42.2830304142385,24.05905,23.07681,21.34641,20.28362,19.45799,3840,301,3,181,9.439709596883376e+18,GALAXY,0.6334398,8384,57513,599
2546,1.2376591316719373e+18,216.837221903044,50.0168188408397,21.98655,22.19558,21.77443,21.56148,21.20354,3180,301,2,83,9.464356249531605e+18,GALAXY,0.9770365,8406,57513,151
757,1.237662194527306e+18,187.502721282893,42.4100799256559,21.50669,21.54224,21.48119,21.22079,21.24031,3893,301,3,187,9.439774742947322e+18,QSO,1.892515,8384,57513,836
51280,1.2376619668939082e+18,186.953663088798,42.1026804675692,22.03442,21.90237,21.75996,21.26041,21.32844,3840,301,3,185,9.439743956621744e+18,QSO,1.595689,8384,57513,724
70568,1.2376619668924664e+18,182.607657633988,42.1047018969345,21.93444,22.01432,21.44351,21.29786,21.71765,3840,301,3,163,9.437564174819678e+18,QSO,1.154004,8382,57513,986
99612,1.2376619674283543e+18,179.534352683772,42.5209943999703,22.20383,21.98633,21.97948,21.60468,21.01478,3840,301,4,148,9.437443778296437e+18,QSO,1.968566,8382,57513,548
41541,1.2376591322086769e+18,216.76419618924,50.3989632005277,24.43781,23.18696,21.23749,20.23678,19.50791,3180,301,3,81,9.46455526113623e+18,GALAXY,0.5883757,8406,57513,875
51819,1.2376619668920732e+18,181.407213230594,42.2147771097291,22.01807,21.47489,21.26521,20.89692,20.97048,3840,301,3,157,9.437523767767355e+18,QSO,1.609999,8382,57513,839
1877,1.237662194527568e+18,188.133561948963,42.3013256590171,25.31653,21.14917,20.49026,20.34997,20.17767,3893,301,3,191,9.439798932203133e+18,QSO,3.218099,8384,57513,924
63597,1.2376619668939745e+18,187.155440230908,42.1521751504366,22.94913,23.19971,21.63424,20.43663,19.54485,3840,301,3,186,9.439754676860117e+18,GALAXY,0.6989116,8384,57513,763
98738,1.2376591198596628e+18,214.662949921932,51.1532318070965,23.0027,25.11363,21.78389,20.18069,19.28287,3177,301,4,66,9.464454106066475e+18,GALAXY,0.4907637,8406,57513,507
83688,1.23766230297215e+18,216.517582601879,48.9007753708241,23.55468,22.13666,22.00449,23.15635,22.43733,3918,301,5,140,9.46437081806067e+18,GALAXY,0.6714414,8406,57513,204
81465,1.2376621945269783e+18,186.35022602421,42.4004396925456,20.49852,20.21511,19.84712,19.77396,19.50325,3893,301,3,182,9.439719492488026e+18,QSO,0.964924,8384,57513,635
3566,1.2376591316717404e+18,216.31688219574,50.1572455379754,18.55654,18.66852,19.07936,19.35638,19.81293,3180,301,2,80,9.464379339275786e+18,QSO,2.525378,8406,57513,235
81275,1.237662194527109e+18,186.761812394564,42.3447358883638,22.44193,22.29754,22.3839,22.455,21.17785,3893,301,3,184,9.439741482720582e+18,GALAXY,1.237471,8384,57513,715
96129,1.2376621945256673e+18,182.269612877391,42.4192617681012,17.72972,16.84227,16.60847,16.5371,16.52748,3893,301,3,162,9.437554279215028e+18,STAR,-0.0001646428,8382,57513,950
1293,1.2376621945275028e+18,188.131286082144,42.3468433452129,25.8676,22.62255,22.03663,21.97824,21.83281,3893,301,3,190,9.439808003174062e+18,QSO,3.293621,8384,57513,957
50753,1.2376619668943667e+18,188.389244926404,42.2186164076005,22.3093,21.94735,21.84835,21.74998,21.38476,3840,301,3,192,9.439811026831038e+18,QSO,2.235465,8384,57513,968
1246,1.237667430101222e+18,158.364204874039,24.9445865863182,23.26146,22.07642,21.43816,20.71062,20.24232,5112,301,3,321,1.0083613018045e+19,GALAXY,0.8551853,8956,57513,194
95898,1.237662194524815e+18,179.754859043205,42.2169484810616,18.7402,17.74713,17.44941,17.31647,17.31128,3893,301,3,149,9.43744790146504e+18,STAR,9.766738e-05,8382,57513,563
65642,1.2376619668913523e+18,179.230030314421,42.073227207158,21.496,21.66354,21.25159,21.40371,21.99073,3840,301,3,146,9.437431408790624e+18,QSO,1.333098,8382,57513,503
50842,1.237661966893712e+18,186.489569222745,42.1797704417944,22.21629,22.23976,21.78834,21.65543,21.62677,3840,301,3,182,9.439722516145e+18,QSO,2.229522,8384,57513,646
6187,1.2376621950642427e+18,187.634412794134,42.8506415608723,22.97057,21.9697,20.05167,19.3056,18.84727,3893,301,4,188,9.439781614895e+18,GALAXY,0.4424267,8384,57513,861
95896,1.2376621945252744e+18,181.232605086017,42.3192584816097,20.59756,20.32067,20.08035,20.12549,20.07396,3893,301,3,156,9.437524042645264e+18,QSO,1.014658,8382,57513,840
50639,1.237661966894171e+18,187.851923131185,42.2519821841436,22.4143,22.10142,21.7174,21.8511,21.04672,3840,301,3,189,9.439787662208948e+18,GALAXY,0.274346,8384,57513,883
6110,1.2376591316716096e+18,215.790953141596,50.3504581400015,22.86784,21.76244,21.64847,22.04327,21.95706,3180,301,2,78,9.464512655060654e+18,QSO,2.295376,8406,57513,720
91333,1.2376591327458762e+18,218.027707856434,50.4263147635978,26.43879,24.19795,21.86535,20.84963,19.82699,3180,301,4,86,9.464581649415295e+18,GALAXY,0.821595,8406,57513,971
66831,1.2376619668922698e+18,181.880294281155,42.1012942524259,24.69167,24.21074,21.8194,20.56701,19.77739,3840,301,3,160,9.43753806141852e+18,STAR,-0.0001503645,8382,57513,891
66832,1.2376619668913523e+18,179.258433890476,41.9764957032818,22.75605,21.12953,20.69069,20.46992,20.34533,3840,301,3,146,9.437438280738298e+18,STAR,-0.0008669658,8382,57513,528
12869,1.2376621945247498e+18,179.509318983241,42.2709561461252,19.40976,19.4283,19.24921,19.22177,19.27601,3893,301,3,148,9.437436631470856e+18,QSO,1.275372,8382,57513,522
12731,1.2376621945253396e+18,181.269326666088,42.3845879528438,17.44259,16.54847,16.30279,16.20018,16.19273,3893,301,3,157,9.437522668255728e+18,STAR,-0.0005853261,8382,57513,835
50412,1.237661966892401e+18,182.353024952099,42.0955200324598,21.3648,20.86159,20.60209,20.19768,19.95676,3840,301,3,162,9.437558402383632e+18,QSO,1.693833,8382,57513,965
50411,1.2376619668921388e+18,181.534495136438,42.2212783391078,21.96433,21.94401,21.88784,21.64617,21.37476,3840,301,3,158,9.437535037761542e+18,QSO,1.572594,8382,57513,880
50792,1.2376591322087432e+18,216.817397002326,50.2784289773382,23.08531,23.42883,22.16814,20.67754,19.72502,3180,301,3,82,9.464556360647858e+18,GALAXY,0.8173171,8406,57513,879
14429,1.237667210518791e+18,157.694874711554,26.42903251955,23.46052,23.06036,22.38453,22.14058,21.04783,5061,301,2,287,1.0085993460736e+19,GALAXY,1.134968,8958,57514,662
75662,1.2376672099824443e+18,159.070717130336,26.2379649179962,22.55026,22.45975,22.01598,21.6642,22.66451,5061,301,1,295,1.0086072900451064e+19,GALAXY,0.7716725,8958,57514,951
22420,1.2376674301006976e+18,157.052224789652,24.6439049085943,23.08725,22.87983,22.22478,21.78231,21.36678,5112,301,3,313,1.0085928589549918e+19,GALAXY,0.5666214,8958,57514,426
63059,1.237667430101681e+18,159.547778831153,25.0633736094918,23.10307,22.52961,21.72418,21.44317,20.58103,5112,301,3,328,1.0085938485154568e+19,GALAXY,0.0,8958,57514,462
76609,1.2376672099817887e+18,157.41657155417,25.8943596815292,22.69065,22.98241,22.60907,21.08152,20.85042,5061,301,1,285,1.008598686366619e+19,GALAXY,0.7505052,8958,57514,638
19322,1.237667210518856e+18,157.847519954273,26.460319992647,24.63671,22.35264,21.64723,21.12689,22.08495,5061,301,2,288,1.0086016825358e+19,QSO,1.5426,8958,57514,747
22610,1.237667210518725e+18,157.468268926873,26.43931094892,22.89142,22.93273,22.72321,21.81181,21.80447,5061,301,2,286,1.00859832902534e+19,GALAXY,0.8543332,8958,57514,625
86509,1.237667430101549e+18,159.163294275456,25.0627503930192,23.56542,22.96042,21.82477,21.59503,21.51156,5112,301,3,326,1.0085832657160397e+19,GALAXY,0.2998084,8958,57514,77
86177,1.2376674301015493e+18,159.078980553554,25.0623987923638,24.84035,22.31341,21.65955,20.75566,21.85242,5112,301,3,326,1.008583842959644e+19,GALAXY,0.7366458,8958,57514,98
24600,1.2376674301005668e+18,156.794858957793,24.6106761382158,23.05027,22.5207,21.88248,21.55102,21.90092,5112,301,3,311,1.0085938760032475e+19,GALAXY,0.4513343,8958,57514,463
87316,1.237667430100894e+18,157.480025744422,24.7468296625861,23.9827,22.78063,21.77739,21.04298,21.27795,5112,301,3,316,1.0085907423951084e+19,GALAXY,0.7048905,8958,57514,349
1515,1.2376621945264543e+18,184.707402155539,42.3364067804175,22.25642,21.60066,20.96276,20.28909,19.87515,3893,301,3,174,9.438659838240643e+18,QSO,2.175224,8383,57518,876
