obj_ID,alpha,delta,u,g,r,i,z,run_ID,rerun_ID,cam_col,field_ID,spec_obj_ID,class,redshift,plate,MJD,fiber_ID
1.2376591316813092e+18,241.369676320764,37.70639707128,21.17539,20.28703,20.08249,20.07811,20.05476,3180,301,2,226,1.2089043899336909e+19,QSO,2.415594,10737,58254,933
1.237662501080466e+18,241.503490185021,36.8941367593535,25.35544,23.10856,21.02197,19.9589,19.15138,3964,301,6,185,1.2088803656046236e+19,GALAXY,0.7660994,10737,58254,59
1.2376591542176315e+18,246.056717109009,35.2029297035868,22.4575,21.56331,21.12707,21.0063,21.27385,3185,301,4,39,1.2283722878395111e+19,STAR,-0.0002397524,10910,58254,563
1.2376625010825636e+18,245.885958820377,33.7208066820262,25.10954,23.73682,21.65204,20.37923,19.60334,3964,301,6,217,1.2283690992557904e+19,GALAXY,0.7667224,10910,58254,447
1.2376624747681546e+18,244.450673725837,31.8960473480356,22.58498,20.52719,19.74892,19.22544,18.97752,3958,301,5,99,1.2292783953719611e+19,STAR,-0.0001505509,10918,58254,759
1.2376623035178693e+18,240.342156939212,38.1084613673021,23.92369,22.75975,21.24666,20.23751,19.58956,3918,301,6,275,1.2089002667650863e+19,GALAXY,0.5095932,10737,58254,783
1.237662500543398e+18,240.782366690337,36.9635688923001,21.40153,21.23567,21.14872,20.93789,21.53821,3964,301,5,182,1.2088838015784604e+19,QSO,1.510298,10737,58254,184
1.2376623019072558e+18,239.298850172767,37.2077545075107,20.74468,20.73984,20.94608,20.76527,20.73744,3918,301,3,275,1.2088907834773e+19,QSO,1.636749,10737,58254,438
1.2376623378673833e+18,244.085003119688,30.5363046629339,21.92196,21.85074,21.62899,21.34647,20.99343,3926,301,6,119,1.2292668779876604e+19,GALAXY,0.9044825,10918,58254,340
1.237662501079811e+18,240.20406855077,37.8557278383096,27.06972,24.22296,22.11438,20.84341,19.73551,3964,301,6,175,1.2088990573023e+19,GALAXY,0.8425481,10737,58254,739
1.237659161204032e+18,246.429560566351,35.2551084899877,22.23868,22.28528,22.06097,21.83694,21.19479,3187,301,1,147,1.2283733598633482e+19,QSO,1.312153,10910,58254,602
1.2376591316807852e+18,240.335996684921,38.4876927479296,24.90264,22.88529,21.6386,20.46199,19.60387,3180,301,2,218,1.208899497106947e+19,STAR,0.0001754687,10737,58254,755
1.237662337330447e+18,243.680658442186,30.3148394024527,25.19297,23.39074,22.49185,20.81019,20.11399,3926,301,5,118,1.229267812572544e+19,STAR,-0.0001315854,10918,58254,374
1.2376625005427428e+18,239.347089943613,37.7830953339213,22.01562,21.04128,20.62873,20.56091,20.30662,3964,301,5,172,1.2088960611331105e+19,STAR,-0.0002018596,10737,58254,630
1.2376623378676457e+18,244.640681107156,30.2089420747418,21.46035,21.25195,21.27618,20.8882,21.52303,3926,301,6,123,1.2292643491109163e+19,QSO,1.853504,10918,58254,248
1.2376623378671212e+18,243.65578603025,30.9181244471032,21.84339,21.53763,21.23118,21.20894,21.40463,3926,301,6,115,1.2292683348405672e+19,QSO,1.207965,10918,58254,393
1.2376613860079048e+18,247.89806754957,34.083755955766,21.67175,21.87536,21.64718,21.47318,22.05473,3705,301,1,312,1.2283605505528846e+19,GALAXY,0.0,10910,58254,136
1.2376625010800074e+18,240.51813824428,37.5648110381108,25.55946,23.54896,21.57393,20.45944,19.70429,3964,301,6,178,1.208901751105784e+19,GALAXY,0.7069361,10737,58254,837
1.2376623378675144e+18,244.450361689534,30.2649805142756,25.92591,22.62695,20.79285,18.36759,17.03275,3926,301,6,121,1.2292655860615e+19,STAR,-0.0002849744,10918,58254,293
1.2376613865440548e+18,246.943179441568,35.5770459359551,21.9187,21.49017,20.78035,20.47463,20.39842,3705,301,2,301,1.2283763835203246e+19,QSO,1.142584,10910,58254,712
1.2376625010800727e+18,240.729741435234,37.5279550385612,21.76563,22.11004,21.01915,19.96686,19.07414,3964,301,6,179,1.2089018060813654e+19,GALAXY,0.6645769,10737,58254,839
1.237659154218353e+18,247.531782999161,33.932633318435,21.05894,20.9887,20.89346,20.62074,20.84436,3185,301,4,50,1.2283626396249774e+19,QSO,1.46664,10910,58254,212
1.237662337867318e+18,243.983692933231,30.6293702056026,22.45554,22.0713,21.82912,21.59042,21.472,3926,301,6,118,1.2292669329632416e+19,GALAXY,1.032802,10918,58254,342
1.2376624747688755e+18,245.830524198579,30.8929389385355,22.29314,21.45509,20.34359,18.76934,19.72651,3958,301,5,110,1.229258466723708e+19,STAR,-0.0004914257,10918,58254,34
1.2376625037600369e+18,245.601312252598,30.2536100114024,22.62864,23.55608,21.6628,20.61782,19.67417,3965,301,3,112,1.2292601434789405e+19,GALAXY,0.8761094,10918,58254,95
1.2376625010802043e+18,241.014745639363,37.2885582498309,26.06321,24.11696,21.56903,20.28261,19.5731,3964,301,6,181,1.2088828944813677e+19,GALAXY,0.7186683,10737,58254,151
1.2376613860078392e+18,247.868807741797,34.1734811964121,22.38447,21.93717,21.57959,21.90292,21.68629,3705,301,1,311,1.228359615968e+19,QSO,2.456926,10910,58254,102
1.2376613865447757e+18,248.325717806163,34.4524142753014,22.37974,21.48384,20.92104,20.64313,20.66922,3705,301,2,312,1.228357636847071e+19,GALAXY,0.2859456,10910,58254,30
1.237659161203836e+18,246.040067446567,35.5280278221826,24.68798,22.96883,21.77871,20.70938,19.94343,3187,301,1,144,1.2283730025220692e+19,GALAXY,0.6178933,10910,58254,589
1.2376591316805883e+18,239.769928805868,38.6520592893395,21.48432,21.55446,21.24798,21.17558,21.1333,3180,301,2,215,1.2088965009377612e+19,QSO,1.322343,10737,58254,646
1.2376613865439892e+18,246.85987945823,35.7078646626619,21.4428,21.16476,21.23126,20.9872,21.08065,3705,301,2,300,1.2283763010569523e+19,QSO,1.696988,10910,58254,709
1.2376625010798108e+18,240.265063683872,37.934400569915,25.79586,24.16446,21.76365,20.6563,19.90825,3964,301,6,175,1.2089003767162493e+19,GALAXY,0.5668684,10737,58254,787
1.2376591542178286e+18,246.31520597439,34.7583983094131,24.58548,23.61503,21.82922,20.26615,19.36537,3185,301,4,42,1.22837382715579e+19,STAR,-0.0003167905,10910,58254,619
1.2376623378676462e+18,244.651842289306,30.1333015680797,23.07389,22.99437,21.5452,20.47723,19.80956,3926,301,6,123,1.2292642666475444e+19,GALAXY,0.7137805,10918,58254,245
1.237662302444323e+18,240.055096131548,37.2487992597226,20.95662,20.96337,21.2813,20.80601,20.70339,3918,301,4,278,1.208887182576716e+19,QSO,1.796309,10737,58254,307
1.2376613865448412e+18,248.527101865378,34.2945577516699,22.02706,21.92009,21.73676,21.38685,21.71869,3705,301,2,313,1.2283574719203269e+19,QSO,1.509155,10910,58254,24
1.2376591316813747e+18,241.462339847108,37.6079364984758,22.06268,21.7912,21.44067,21.36164,21.36648,3180,301,2,227,1.2089054619575276e+19,GALAXY,0.200612,10737,58254,972
1.237661387081188e+18,247.816626397787,35.4574014607189,22.82056,21.97588,21.33693,21.6756,20.73185,3705,301,3,305,1.228380891518e+19,GALAXY,0.3823254,10910,58254,876
1.237659161203836e+18,246.051369735324,35.651116799688,25.54974,24.12205,22.30296,21.06074,19.9412,3187,301,1,144,1.2283717380837e+19,GALAXY,0.9552603,10910,58254,543
1.2376591542181563e+18,247.057733730346,34.2324686850296,20.08975,19.85464,19.73503,19.45741,19.39661,3185,301,4,47,1.2283631893807913e+19,GALAXY,0.0,10910,58254,232
1.2376613860073157e+18,246.825465899695,35.2017247047507,25.95888,23.06591,21.65618,20.58846,19.81455,3705,301,1,303,1.228375641349976e+19,GALAXY,0.6935434,10910,58254,685
1.2376613860078392e+18,247.811202232318,34.2731941653278,21.82129,21.58093,21.17584,20.74748,20.57287,3705,301,1,311,1.2283608254307916e+19,QSO,1.614745,10910,58254,146
1.2376613865443825e+18,247.584448050111,35.1159987618352,19.62099,19.60927,19.49513,19.44521,19.50184,3705,301,2,306,1.2283799844209056e+19,QSO,1.14638,10910,58254,843
1.2376623378646308e+18,238.189201791921,34.4222420189815,22.35313,21.85146,21.47466,20.94578,20.87788,3926,301,6,77,1.2091153037533663e+19,GALAXY,0.8798921,10739,58255,414
1.2376623378648932e+18,238.810811167658,33.9208986284293,22.50882,22.195,21.71934,21.43906,21.24389,3926,301,6,81,1.2091128298522e+19,QSO,1.01151,10739,58255,324
1.237662302448714e+18,248.900219624365,30.3318197168402,24.63467,20.84192,20.51948,20.54096,22.8269,3918,301,4,345,1.229370232082349e+19,QSO,1.315681,10919,58255,4
1.2376625005468718e+18,247.741875970172,31.4661983940403,21.37264,21.38488,21.03688,21.06404,21.51039,3964,301,5,235,1.2293923872416487e+19,QSO,1.052492,10919,58255,810
1.237665584325068e+18,248.039233976419,56.3137826888384,23.28475,22.88273,22.00833,20.85911,19.52639,4682,301,5,108,9.079489808863354e+18,GALAXY,0.821916,8064,58255,847
1.2376624742289907e+18,239.201463315394,34.9302118983079,23.70901,24.64406,22.13899,20.64011,19.91503,3958,301,4,64,1.2091101085609253e+19,GALAXY,0.7432241,10739,58255,225
1.2376623378649587e+18,239.019816624905,33.9002919480484,22.37745,22.50395,21.96185,21.88686,21.57475,3926,301,6,82,1.2091105483655764e+19,GALAXY,0.9146954,10739,58255,241
1.2376655827148485e+18,247.173861539856,54.785945883026,22.34531,20.94057,20.71084,21.00069,20.6802,4682,301,2,114,9.079335052601744e+18,QSO,2.883767,8064,58255,284
1.2376623024479276e+18,247.303685396275,31.5268012645163,21.04469,20.76121,20.72099,20.36236,20.4655,3918,301,4,333,1.2293901882183932e+19,QSO,1.526247,10919,58255,730
1.2376623019107948e+18,246.448977089873,31.7987160797044,23.01356,21.46625,20.82561,20.47223,20.58061,3918,301,3,329,1.22938650485444e+19,STAR,-0.0004035415,10919,58255,596
1.237662474765927e+18,239.751755699149,35.2596478055095,21.79736,21.34865,21.26638,22.28986,20.9943,3958,301,5,65,1.2091071123917396e+19,QSO,0.8443289,10739,58255,116
1.2376623019109916e+18,246.884351659649,31.5111083116494,22.93402,21.19922,20.66431,20.49981,20.39989,3918,301,3,332,1.22938886880444e+19,STAR,-0.0007043073,10919,58255,682
1.2376625000106565e+18,248.802628922642,30.1471550476045,22.71549,21.67795,21.80179,21.40797,21.92544,3964,301,4,245,1.2293713865695582e+19,GALAXY,0.05644614,10919,58255,46
1.2376625000101975e+18,247.950565545316,30.8564007379802,21.19833,20.90583,20.94342,20.54446,21.17142,3964,301,4,238,1.229374465202116e+19,QSO,1.575355,10919,58255,158
1.237662337864434e+18,237.7628315581,34.5590158768271,21.66849,21.77496,21.23855,21.22631,21.18517,3926,301,6,74,1.2091162933138315e+19,QSO,1.160723,10739,58255,450
1.2376685043660892e+18,247.472542374602,56.2589103981047,26.23189,23.29081,21.63769,20.37272,19.71391,5362,301,4,110,9.079481012770332e+18,GALAXY,0.7211589,8064,58255,815
1.2376623019117125e+18,248.264171558531,30.2084487495799,21.25388,20.66078,20.46378,20.13592,19.93063,3918,301,3,343,1.2293736955439763e+19,QSO,0.6783029,10919,58255,130
1.237662301911057e+18,247.013940952056,31.3008928399612,20.98462,21.14642,20.728,20.65388,20.53362,3918,301,3,333,1.2293889787556e+19,QSO,1.288875,10919,58255,686
1.237662337864631e+18,238.292135670174,34.3283892335502,23.19076,21.97417,21.78442,21.6577,21.6799,3926,301,6,77,1.2091150563632505e+19,GALAXY,1.660668,10739,58255,405
1.2376624742294492e+18,240.208616581569,34.2959933598795,26.3916,24.02356,21.84075,20.64138,19.93755,3958,301,4,71,1.209105270709763e+19,GALAXY,0.7396495,10739,58255,49
1.2376685043662203e+18,247.741739236432,56.002431029382,25.09075,23.1377,21.71148,20.35914,19.51959,5362,301,4,112,9.079322133340116e+18,GALAXY,0.7723663,8064,58255,237
1.2376624742289252e+18,239.15273019051,35.032736676522,24.0776,23.7365,21.49277,20.37187,19.65979,3958,301,4,63,1.2091114279748786e+19,GALAXY,0.783735,10739,58255,273
1.2376625010838088e+18,248.30694753956,31.6797173454033,24.0075,24.20364,21.99101,20.45928,19.66883,3964,301,6,236,1.229395328435253e+19,GALAXY,0.8361786,10919,58255,917
1.2376623378644997e+18,237.79142073277,34.4753971157137,22.90308,22.01612,20.97786,21.53244,20.50702,3926,301,6,75,1.20911623833825e+19,QSO,1.804357,10739,58255,448
1.2376625037572188e+18,239.77353150123,34.2496783958504,21.60165,25.52063,22.61628,20.66835,19.71653,3965,301,3,69,1.2091073048062745e+19,GALAXY,0.9185896,10739,58255,123
1.2376625037565632e+18,238.441046140435,35.3034027080301,22.22884,22.77164,22.10749,20.91273,19.9634,3965,301,3,59,1.2091147814853431e+19,QSO,0.02177909,10739,58255,395
1.2376623013743823e+18,246.984976754278,30.6554718826536,23.82676,22.4445,21.62164,20.91369,20.87631,3918,301,2,336,1.2293795779311852e+19,QSO,3.394346,10919,58255,344
1.2376623019111224e+18,247.040270614952,31.1371357048673,22.18706,21.92893,22.06072,21.70502,21.04701,3918,301,3,334,1.2293892811213e+19,STAR,0.001492399,10919,58255,697
1.2376685043658918e+18,247.184804915901,56.6448090035129,23.06804,20.65316,19.18783,18.61991,18.3259,5362,301,4,107,9.07945764814824e+18,GALAXY,0.2869052,8064,58255,730
1.237662301911516e+18,247.856402336933,30.514705504367,23.73221,21.65138,21.37581,21.60494,21.22754,3918,301,3,340,1.2293752348602554e+19,QSO,2.915895,10919,58255,186
1.2376623019116467e+18,248.060294521636,30.3462733087101,21.24795,21.42767,21.29252,21.28945,20.95011,3918,301,3,342,1.2293738054951391e+19,QSO,1.981502,10919,58255,134
1.23766230191145e+18,247.627016614824,30.6512611739047,22.16193,21.97564,21.67379,21.716,20.95928,3918,301,3,339,1.2293763893474646e+19,QSO,0.9207289,10919,58255,228
1.2376623019118436e+18,248.477726320865,30.1210469651092,25.83681,22.61402,21.38571,20.88794,20.65585,3918,301,3,345,1.229372568544558e+19,STAR,0.0001190307,10919,58255,89
1.2376624747690063e+18,246.105202438794,30.6957455488171,22.39874,22.76048,21.59477,21.06587,19.66312,3958,301,5,112,1.229383096368394e+19,GALAXY,0.166192,10919,58255,472
1.237668504365564e+18,246.469938626421,57.2361502403649,19.69679,17.56036,16.44408,15.99511,15.63488,5362,301,4,102,9.079427961334292e+18,GALAXY,0.1328681,8064,58255,622
1.237662337864631e+18,238.205828408467,34.3063301475706,22.36078,20.95308,20.28046,20.00342,20.12005,3926,301,6,77,1.2091151388266224e+19,STAR,-0.0001778153,10739,58255,408
1.237668504365696e+18,246.610381956085,56.934641124765,24.83055,23.08394,20.97386,19.96004,19.25085,5362,301,4,104,9.079442529863358e+18,GALAXY,0.5857385,8064,58255,675
1.2376655843253957e+18,248.756883508818,55.5457519253399,23.74935,22.26311,21.51138,20.35328,19.5309,4682,301,5,113,9.079273754828496e+18,GALAXY,0.8423151,8064,58255,61
1.2376625000105252e+18,248.463535392537,30.3241028614685,23.27838,20.60884,19.77592,19.35548,19.34654,3964,301,4,243,1.2293728159346743e+19,STAR,-2.301511e-05,10919,58255,98
1.2376625037568911e+18,239.063291106343,34.8323146454778,24.10439,23.40214,21.49348,20.40607,19.57132,3965,301,3,64,1.2091110981213905e+19,GALAXY,0.7470061,10739,58255,261
1.2376623019117125e+18,248.298349332748,30.2491240284561,21.93061,21.79868,21.84346,21.97664,21.32722,3918,301,3,343,1.22937265100793e+19,QSO,1.03958,10919,58255,92
1.2376623019107953e+18,246.57290967117,31.7386480151426,22.85353,21.59635,21.41464,21.2993,21.48324,3918,301,3,329,1.2293862849521144e+19,STAR,-0.0005748869,10919,58255,588
1.237662301911057e+18,246.980829389483,31.3158594938286,22.2002,21.96841,21.9652,21.67002,22.11933,3918,301,3,333,1.2293891711701377e+19,QSO,1.885865,10919,58255,693
1.2376655827143887e+18,246.100925751157,55.7073484372906,22.13381,21.41597,21.3918,21.13135,21.86263,4682,301,2,107,9.079375734531972e+18,QSO,1.576706,8064,58255,432
1.2376623013710405e+18,240.389131103964,35.914275329446,22.03258,21.84421,22.00962,21.74621,21.89526,3918,301,2,285,1.2091303945504575e+19,QSO,1.756791,10739,58255,963
1.2376623019109263e+18,246.758775248008,31.5810041253441,23.98707,23.45961,21.94953,20.57769,19.77514,3918,301,3,331,1.2293874944149051e+19,STAR,0.0001441952,10919,58255,632
1.2376685043661548e+18,247.64545477835,56.0903958567287,23.86537,23.06549,21.30002,20.14216,19.46167,5362,301,4,111,9.079482112281958e+18,GALAXY,0.5720111,8064,58255,819
1.2376623008335795e+18,238.63780698329,36.3313895291127,24.78131,24.24829,21.65284,20.25955,19.5136,3918,301,1,276,1.2091217633841795e+19,GALAXY,0.7626517,10739,58255,649
1.237659324421309e+18,250.532363261997,34.1763175537134,21.49155,21.5429,21.10612,20.83119,21.3895,3225,301,1,277,1.2284733879370404e+19,QSO,1.271771,10911,58256,145
1.237659324420523e+18,249.269682509283,35.5755869250321,22.70114,20.96176,20.43728,20.18474,20.21147,3225,301,1,265,1.228486747003318e+19,STAR,2.461868e-05,10911,58256,631
1.237659326031725e+18,251.506616274102,35.3048905786368,21.37248,21.12929,21.03094,20.76457,20.90545,3225,301,4,274,1.2284964227056425e+19,QSO,1.604981,10911,58256,983
1.2376593260318556e+18,251.699756105562,35.0933668875755,18.45511,17.46465,17.09226,16.96052,16.95663,3225,301,4,276,1.2284965051690144e+19,STAR,-0.0003825991,10911,58256,986
1.2376593244207844e+18,249.542058628723,35.1392179258302,21.15054,19.61527,19.06527,18.90145,18.94093,3225,301,1,269,1.2284882038562249e+19,STAR,-2.426162e-05,10911,58256,684
1.237661387081844e+18,249.077396151737,34.2884364198708,23.47622,23.62842,21.79555,20.54155,19.69921,3705,301,3,315,1.2284812494451792e+19,GALAXY,0.7922149,10911,58256,431
1.2376593244207188e+18,249.600070550156,35.2298800222459,23.70933,23.42382,19.56286,20.18065,21.93379,3225,301,1,268,1.2284881488806437e+19,QSO,1.539055,10911,58256,682
1.237662500546544e+18,247.187250449554,32.0819953358944,21.54866,21.73305,21.85118,21.41165,21.78515,3964,301,5,230,1.228697138553293e+19,QSO,0.7655352,10913,58256,93
1.2376593260315284e+18,251.058518686327,35.6807260916296,21.55686,21.52036,21.22465,21.04701,21.19313,3225,301,4,271,1.2284955705841308e+19,QSO,1.490769,10911,58256,952
1.2376623035210803e+18,246.974161866776,33.1523252429912,21.96427,20.25309,19.0962,18.56822,18.19525,3918,301,6,324,1.2287190463224764e+19,GALAXY,0.2813719,10913,58256,890
1.2376593260319867e+18,251.838057046758,34.8000535128056,21.80354,20.15337,19.4884,19.22954,19.06357,3225,301,4,278,1.2284966975835494e+19,STAR,-2.648987e-05,10911,58256,993
1.2376593303177797e+18,251.380095602892,34.9455699498512,21.42276,20.86354,20.65584,20.64084,20.18551,3226,301,4,138,1.2284960653643637e+19,QSO,2.574531,10911,58256,970
1.2376593249580488e+18,250.655800238746,34.6456151363279,21.9615,21.54935,21.76118,21.52122,20.8865,3225,301,2,275,1.2284738002539e+19,QSO,2.234958,10911,58256,160
1.2376625005458888e+18,245.986520102573,33.1169559407654,22.10902,21.8912,22.06518,21.52327,21.26576,3964,301,5,220,1.2287147032515467e+19,QSO,1.661884,10913,58256,732
1.2376593249581143e+18,250.74619749528,34.4264716203893,21.87238,21.81815,21.26298,21.04015,20.82179,3225,301,2,276,1.228472535815529e+19,QSO,1.291274,10911,58256,114
1.2376593249581143e+18,250.73073503603,34.5486230294254,21.07696,20.86969,20.82227,20.65019,20.83882,3225,301,2,276,1.2284727007422732e+19,QSO,1.928201,10911,58256,120
1.2376613865451686e+18,248.962511427425,33.6992637526753,20.14983,20.08097,20.20403,19.72902,19.83998,3705,301,2,318,1.2284816892498305e+19,QSO,1.769523,10911,58256,447
1.2376625010828915e+18,246.469000222435,33.1263944100446,26.09534,26.11122,22.10713,20.72976,19.91031,3964,301,6,222,1.2287178643474764e+19,GALAXY,0.7616866,10913,58256,847
1.2376593260313316e+18,250.635640620224,36.022336277956,19.95181,19.5349,19.33933,19.26045,19.2511,3225,301,4,268,1.2284930691951776e+19,QSO,1.399054,10911,58256,861
1.2376591633526295e+18,249.888738538289,34.4657124973091,24.43489,22.99704,21.01638,19.98717,19.17008,3187,301,5,164,1.2284769613498309e+19,GALAXY,0.5765896,10911,58256,275
1.23766250108335e+18,247.412529829382,32.330011444092,26.25995,23.60544,21.84426,20.68201,19.96572,3964,301,6,229,1.2286962039684092e+19,GALAXY,0.6503254,10913,58256,59
1.237659163352171e+18,249.128258962063,35.1887823840021,21.32482,19.78041,19.12246,18.86078,18.77476,3187,301,5,157,1.228485949857388e+19,STAR,-0.0002302317,10911,58256,602
1.2376623024474033e+18,246.263860055797,32.3910219433516,21.36402,20.84983,20.77611,20.80731,20.42069,3918,301,4,325,1.228700739453874e+19,GALAXY,0.1599509,10913,58256,224
1.2376593244211786e+18,250.144796283906,34.3741764180308,23.01232,23.10968,21.2877,20.1802,19.48267,3225,301,1,275,1.2284758068626217e+19,GALAXY,0.6257666,10911,58256,233
1.2376591542183537e+18,247.427141263396,33.9001562891045,22.78907,22.01638,21.81415,21.86738,22.21595,3185,301,4,50,1.228720530663174e+19,STAR,-0.0002959214,10913,58256,944
1.23765932603179e+18,251.605376009994,35.1670208342402,17.68186,16.69341,16.38222,16.27036,16.24754,3225,301,4,275,1.2284963952178518e+19,STAR,-3.085041e-05,10911,58256,982
1.237662301373662e+18,245.711092512169,31.8774595910254,22.32998,22.43279,21.84323,21.77247,21.40696,3918,301,2,325,1.2287036531596876e+19,GALAXY,0.7297507,10913,58256,330
1.2376613886923246e+18,249.870942717544,35.3152426295641,26.81379,23.57245,22.04745,20.86342,19.60014,3705,301,6,313,1.2284902654405267e+19,GALAXY,0.9077331,10911,58256,759
1.2376593249575247e+18,249.89434366044,35.5708071274812,22.54794,21.60722,21.14571,20.92212,20.87922,3225,301,2,267,1.2284901829771549e+19,STAR,-0.0009983839,10911,58256,756
1.2376591628160225e+18,250.04975613204,33.6451228429861,22.64567,22.17664,21.77923,22.06955,21.8635,3187,301,4,168,1.2284762741550635e+19,QSO,0.9873295,10911,58256,250
1.2376591633530227e+18,250.639272211431,33.7590237510408,21.81964,21.57548,21.62679,21.39374,21.63774,3187,301,5,170,1.228472728230064e+19,QSO,1.688863,10911,58256,121
1.237659326031594e+18,251.159031881504,35.5964457430933,22.01714,21.97856,21.77585,21.4558,21.62285,3225,301,4,272,1.2284956255597124e+19,QSO,1.526424,10911,58256,954
1.2376591542195328e+18,249.626569526307,31.8965654474976,21.5974,21.3943,20.84973,21.24675,20.3194,3185,301,4,68,1.2288120924956547e+19,GALAXY,0.3424036,10914,58257,179
1.2376613865460206e+18,250.49717100314,32.2532010189543,19.72839,19.46901,19.2275,19.30942,19.27875,3705,301,2,331,1.2288072546444925e+19,QSO,0.9724856,10914,58257,3
1.2376593244218988e+18,251.419657307514,33.0129188238473,21.689,21.50594,21.32938,21.31203,21.33081,3225,301,1,286,1.2289378491380816e+19,QSO,1.494967,10915,58257,658
1.237659325496034e+18,252.945865578331,32.9371282727953,25.4294,23.05978,21.49527,19.91344,19.03618,3225,301,3,292,1.2289454357683132e+19,STAR,-7.322503e-05,10915,58257,934
1.2376613860081672e+18,248.366112317716,33.5687292936452,21.81105,21.70057,21.49466,21.27122,21.76354,3705,301,1,316,1.228824489489258e+19,QSO,1.533468,10914,58257,630
1.237661850946962e+18,227.485239612806,36.3913139532436,22.32592,22.1998,21.40321,21.68926,21.29777,3813,301,3,447,1.2099078592258136e+19,QSO,1.342881,10746,58257,575
1.2376593260324467e+18,252.64170848428,34.0747411631511,25.19221,22.66051,21.84085,20.7597,19.89704,3225,301,4,285,1.2289435940863367e+19,QSO,0.696088,10915,58257,867
1.2376613876198943e+18,251.588080485619,32.5938162543629,23.92143,23.56158,21.88154,20.75193,19.9614,3705,301,4,333,1.228928365850292e+19,STAR,-0.0003114266,10915,58257,313
1.2376613865460216e+18,250.568402619421,32.1641400733923,22.65346,22.14182,21.26193,20.63484,20.45122,3705,301,2,331,1.2289332037014542e+19,GALAXY,0.9542617,10915,58257,489
1.237659154219271e+18,249.173024352602,32.377077197244,21.31334,20.7095,20.39268,20.36798,20.38586,3185,301,4,64,1.228813604324143e+19,STAR,0.0002368063,10914,58257,234
1.2376591628164147e+18,250.659351737202,32.9106836137536,25.51278,22.20845,21.92651,21.90976,21.58644,3187,301,4,174,1.2288345225328611e+19,GALAXY,0.9962996,10914,58257,995
1.237651714261583e+18,248.505624630805,46.246148790301,26.41345,23.89013,21.96828,20.38234,19.52997,1453,301,2,55,9.616425866960853e+18,QSO,0.5147807,8541,58257,417
1.2376591542189427e+18,248.443448854701,32.8757046032429,21.81256,21.33006,21.22676,20.98267,20.61504,3185,301,4,59,1.2288252591474e+19,QSO,2.39129,10914,58257,658
1.237661386546086e+18,250.729995763149,32.1086265295914,18.06817,17.1496,16.8585,16.73366,16.7171,3705,301,2,332,1.2289325439944776e+19,STAR,-0.0002308006,10915,58257,465
1.2376591633530227e+18,250.616764629085,33.6812056955301,19.06725,18.13272,17.82923,17.69217,17.66168,3187,301,5,170,1.228934935432268e+19,STAR,-0.0004017396,10915,58257,552
1.2376593249587697e+18,251.869534163957,33.2548040230404,21.72701,21.69198,21.66956,21.36157,21.06182,3225,301,2,286,1.2289398282590116e+19,QSO,1.777721,10915,58257,730
1.237661386546152e+18,250.786298826864,32.0578132814562,21.26925,21.01264,20.87778,20.59825,20.53244,3705,301,2,333,1.2289323790677334e+19,QSO,1.913044,10915,58257,459
1.237659326032315e+18,252.371451725362,34.2178531387852,21.13061,21.09052,21.13567,21.13425,20.72686,3225,301,4,283,1.2289423571357557e+19,QSO,2.059928,10915,58257,822
1.2376613870826957e+18,250.498743823227,32.7993180434045,24.8802,23.15574,21.86199,20.74332,19.8832,3705,301,3,328,1.2288082442049577e+19,GALAXY,0.6570839,10914,58257,39
1.2376591542188774e+18,248.429176980518,33.0595724724663,21.83316,21.02861,20.11611,19.54847,19.23162,3185,301,4,58,1.228825121708444e+19,GALAXY,0.5973316,10914,58257,653
1.237659154219205e+18,249.030309439738,32.4208033603714,21.86967,21.50635,21.04852,20.95374,20.55828,3185,301,4,63,1.2288145389090263e+19,QSO,0.7239231,10914,58257,268
1.2376613865454308e+18,249.468402867437,33.2621492999162,21.76062,19.82831,19.16389,18.92882,18.84276,3705,301,2,322,1.228830316900885e+19,STAR,-0.0001541524,10914,58257,842
1.2376613860090184e+18,250.029463618056,32.2194237629291,20.85379,20.55931,20.47136,20.10671,19.82387,3705,301,1,329,1.2288089588875155e+19,QSO,0.4161145,10914,58257,65
1.2376593254953787e+18,251.887066528413,34.0241342215365,21.71513,21.86061,21.37914,21.61485,21.02406,3225,301,3,282,1.2289391685520347e+19,QSO,0.971627,10915,58257,706
1.2376593260326423e+18,252.824886291466,33.5841769730474,21.91372,21.96166,21.83876,21.51763,20.94322,3225,301,4,288,1.2289449684758714e+19,QSO,1.999717,10915,58257,917
1.237659154219074e+18,248.83936389625,32.7063012919504,20.39121,19.96795,19.74984,19.61287,19.71296,3185,301,4,61,1.2288159682741426e+19,QSO,1.472867,10914,58257,320
1.2376613876195656e+18,250.937485361576,33.1141460362856,18.8326,17.57002,17.56474,17.59576,17.61658,3705,301,4,328,1.2289355401636633e+19,STAR,-0.0008193425,10915,58257,574
1.2376593260324457e+18,252.608519411533,34.0016092655502,20.45726,20.1773,20.05457,19.8228,20.00923,3225,301,4,285,1.2289435391107551e+19,QSO,1.783279,10915,58257,865
1.237661386546218e+18,250.94141530549,31.8466933146814,23.60007,22.67949,21.11281,19.89855,19.21813,3705,301,2,334,1.2289321591654078e+19,STAR,-0.0004589261,10915,58257,451
1.2376621956148104e+18,227.020038523973,35.1513760383733,21.61118,21.59209,21.50832,21.46789,21.01111,3893,301,5,397,1.209905302861279e+19,QSO,0.8589716,10746,58257,482
1.2376613865464796e+18,251.239310360548,31.4571472415618,21.35882,21.37104,20.97448,21.02924,20.8554,3705,301,2,338,1.2289307847758731e+19,QSO,1.309643,10915,58257,401
1.2376627007927096e+18,250.185976184521,47.690875290588,21.44108,21.28689,21.15864,20.61859,20.77863,4011,301,2,128,9.616550661530606e+18,QSO,1.800482,8541,58257,871
1.2376613865457592e+18,249.987248332335,32.6370397378707,25.14611,23.25719,21.60558,20.40158,19.74303,3705,301,2,327,1.2288102233258877e+19,GALAXY,0.738187,10914,58257,111
1.2376593244222264e+18,252.024332055128,32.5132605387596,22.07933,21.88124,21.6648,21.63788,22.13951,3225,301,1,291,1.2289272388508735e+19,QSO,1.324492,10915,58257,272
1.2376613860082985e+18,248.70477170059,33.433757266985,23.35226,21.78852,21.24438,20.84343,20.73126,3705,301,1,318,1.2288268534392576e+19,GALAXY,0.16601,10914,58257,716
1.2376591542187464e+18,248.226761425158,33.3352431038889,21.74978,21.84285,21.46636,21.48918,22.61113,3185,301,4,56,1.2288235274165836e+19,QSO,1.090504,10914,58257,595
1.2376613860085606e+18,249.091964962344,33.0126725109557,24.49226,23.36597,21.89143,20.62423,19.90345,3705,301,1,322,1.228828337779955e+19,STAR,-0.0003368984,10914,58257,770
1.237659163353155e+18,250.871198651516,33.5016166941436,22.53059,23.16817,21.73391,20.50289,19.80548,3187,301,5,172,1.2289349079444773e+19,GALAXY,0.9054517,10915,58257,551
1.2376613876204844e+18,252.544934994879,31.5287041600156,25.59167,23.71254,21.55481,20.33997,19.56296,3705,301,4,342,1.228923088194479e+19,GALAXY,0.6833218,10915,58257,121
1.2376591542187464e+18,248.219819730923,33.3084458102623,22.08521,22.16896,21.93471,21.71874,21.72311,3185,301,4,56,1.2288237198311184e+19,QSO,1.505696,10914,58257,602
1.2376613876198948e+18,251.600774090767,32.523467895204,26.0947,23.18119,21.31651,20.20471,19.40134,3705,301,4,333,1.2289283108747106e+19,GALAXY,0.6163689,10915,58257,311
1.237659163353679e+18,251.729096495189,32.5406543526503,23.47258,23.1985,22.04625,20.49985,19.71423,3187,301,5,180,1.2289284208258734e+19,GALAXY,1.005152,10915,58257,315
1.2376549521295278e+18,247.479022107423,46.1845344411673,22.3503,21.65549,21.72629,23.52078,21.24452,2207,301,1,47,9.616443734024804e+18,STAR,-0.0007100953,8541,58257,482
1.237661387620025e+18,251.745754507772,32.2637842434648,24.77288,22.56117,21.51115,20.3219,19.66102,3705,301,4,335,1.228928090972385e+19,GALAXY,0.5864883,10915,58257,303
1.237661387620353e+18,252.417624970059,31.7183481330849,22.75402,22.69977,21.6693,20.63436,19.96257,3705,301,4,340,1.228924407608432e+19,GALAXY,0.6829591,10915,58257,169
1.2376591628166108e+18,251.187604269577,32.6847715315908,21.67321,21.48415,21.32979,21.09419,20.89485,3187,301,4,177,1.2289306748247103e+19,GALAXY,0.7869492,10915,58257,397
1.2376591542195328e+18,249.663866691295,31.8954394646193,21.53072,21.98533,21.99422,21.84775,21.07559,3185,301,4,68,1.2288108555450737e+19,QSO,2.018335,10914,58257,134
1.2376627007932997e+18,251.361951137142,46.5101691758954,21.68496,22.02149,21.76989,21.61828,22.06717,4011,301,2,137,9.616313167019004e+18,QSO,1.990192,8541,58257,7
1.2376591612054735e+18,248.958648082311,32.6802681223857,22.97043,21.90331,21.79629,21.37616,21.28212,3187,301,1,169,1.2288148137869337e+19,QSO,1.493424,10914,58257,278
1.2376593260328392e+18,253.357865852492,33.274676542317,19.83352,19.56029,19.52263,19.40665,19.3907,3225,301,4,291,1.2289469201090107e+19,QSO,1.649371,10915,58257,988
1.2376618509470927e+18,227.653687327625,36.1373361247565,22.00344,21.19212,20.84243,20.80835,20.88549,3813,301,3,449,1.2099093160787204e+19,QSO,2.958606,10746,58257,628
1.23765932603238e+18,252.472188273527,34.1217796033184,20.41099,19.93751,20.04259,20.15904,20.48248,3225,301,4,284,1.2289424121113369e+19,STAR,-5.197288e-05,10915,58257,824
1.237659324958836e+18,251.922457359808,33.1894745176455,24.33869,23.85682,21.71819,20.58455,19.92101,3225,301,2,287,1.2289398007712209e+19,GALAXY,0.7492651,10915,58257,729
1.237659154218681e+18,248.144480026314,33.426121181824,23.53158,22.79818,21.56249,20.94714,20.52613,3185,301,4,55,1.2288236373677464e+19,STAR,-6.305501e-05,10914,58257,599
1.23766138654648e+18,251.320646510579,31.4434923145359,21.84068,21.75455,21.30935,20.9694,20.69633,3705,301,2,338,1.2289297402398267e+19,QSO,1.989909,10915,58257,363
1.237659162816217e+18,250.429383211783,33.3223866307031,20.49637,20.47454,20.58309,20.42003,21.57125,3187,301,4,171,1.2289335610427333e+19,QSO,1.980553,10915,58257,502
1.2376613860090852e+18,250.062585888041,32.0961756508312,24.53238,23.91384,22.73317,20.35951,18.60992,3705,301,1,330,1.2288098934724e+19,STAR,-0.0001569056,10914,58257,99
1.2376613865462172e+18,250.873474538254,31.8541377940695,18.69405,17.74764,17.49251,17.37676,17.34677,3705,301,2,334,1.2289321316776172e+19,STAR,-0.0009073591,10915,58257,450
1.2376627007928407e+18,250.410742365161,47.4804076860523,20.72326,20.69099,20.45345,20.43138,20.39314,4011,301,2,130,9.616564955181769e+18,QSO,1.432913,8541,58257,923
1.237659154218681e+18,247.967403753589,33.3582055442657,22.63823,22.23716,21.42895,20.77514,20.43395,3185,301,4,55,1.2288225378561184e+19,GALAXY,0.5741236,10914,58257,559
1.2376593249585733e+18,251.564985391464,33.6926247387671,23.00788,21.62936,21.21041,21.14605,20.84984,3225,301,2,283,1.2289382339671511e+19,STAR,-3.788968e-05,10915,58257,672
1.237659154219139e+18,248.918278544013,32.6126927142056,21.96365,20.05871,19.22282,18.94727,18.81215,3185,301,4,62,1.228814758811352e+19,STAR,-0.0001191239,10914,58257,276
1.2376593249584422e+18,251.2918110968,33.9111393402154,21.48964,21.46714,21.33898,21.41022,21.2721,3225,301,2,281,1.228937079479942e+19,QSO,1.09129,10915,58257,630
1.23766138761996e+18,251.718107973312,32.4118494784101,26.12711,23.32342,21.86515,20.55263,19.79424,3705,301,4,334,1.2289281459479665e+19,GALAXY,0.7602926,10915,58257,305
1.2376621956149417e+18,227.327436669247,34.9694343186044,23.18867,21.41151,19.766,19.21102,18.71184,3893,301,5,399,1.2099032962525583e+19,GALAXY,0.3424233,10746,58257,409
1.2376591542192704e+18,249.15739115134,32.3335969901763,21.80589,21.50621,21.88395,21.47747,22.82694,3185,301,4,64,1.2288135493485615e+19,GALAXY,0.129926,10914,58257,232
1.2376618509476173e+18,229.004256961582,35.5402615545625,21.21779,21.33521,21.34638,21.15045,20.85719,3813,301,3,457,1.209894060354885e+19,QSO,1.996381,10746,58257,73
1.2376593254958385e+18,252.722576213616,33.2285432786722,24.32689,22.91107,22.11189,20.71964,19.93971,3225,301,3,289,1.2289441438421506e+19,GALAXY,0.8319926,10915,58257,887
1.237662700792644e+18,250.232404914746,47.792464095754,21.09675,21.13153,21.05613,20.76811,20.70726,4011,301,2,127,9.61654928714107e+18,QSO,1.890502,8541,58257,866
1.237659154219598e+18,249.688399577294,31.7258830435191,20.99651,20.83139,20.77386,20.27032,20.51337,3185,301,4,69,1.2288106631305384e+19,QSO,1.671596,10914,58257,127
1.237659154218681e+18,248.04235346394,33.3031626443664,22.30191,20.87399,20.35422,20.1844,19.96464,3185,301,4,55,1.2288226203194909e+19,STAR,-0.0006410695,10914,58257,562
1.237659154218812e+18,248.267801914214,33.0921362007241,21.33898,20.69403,20.1604,19.90076,19.45294,3185,301,4,57,1.2288238297822812e+19,QSO,0.399676,10914,58257,606
1.2376593244218337e+18,251.30663601699,33.229168801637,21.42559,20.72061,20.84948,20.7031,20.45646,3225,301,1,285,1.228937464309012e+19,QSO,2.346323,10915,58257,644
1.2376517147983227e+18,248.878841078887,46.7346164661926,25.24271,23.23753,21.80505,20.61723,19.7079,1453,301,3,53,9.61639837917016e+18,STAR,0.000149184,8541,58257,317
1.2376591542186808e+18,248.079277382345,33.3217813542076,21.02998,20.61106,20.11868,19.79278,19.81621,3185,301,4,55,1.2288235549043745e+19,QSO,1.679547,10914,58257,596
1.2376591633542031e+18,252.556803702497,31.6551628343907,23.62861,23.96647,21.74924,20.37164,19.67553,3187,301,5,188,1.2289233080968e+19,QSO,1.382602,10915,58257,129
1.237659324958967e+18,252.191883405903,32.9910214936537,26.00565,23.84633,21.85569,20.4274,19.78157,3225,301,2,289,1.2289421647212206e+19,GALAXY,0.7575824,10915,58257,815
1.2376591633533517e+18,251.126760499215,33.1861241935427,23.6081,24.45681,23.98132,22.11904,21.44767,3187,301,5,175,1.2289365846997096e+19,QSO,1.229179,10915,58257,612
1.2376618509475515e+18,228.829895796457,35.6094669846263,22.11619,21.22679,20.72244,20.57082,20.76416,3813,301,3,456,1.2098962868659313e+19,GALAXY,0.2356568,10746,58257,154
1.2376618509470927e+18,227.782926929019,36.25612281994,21.99498,21.81553,21.49678,21.32603,21.43124,3813,301,3,449,1.2099102506636e+19,QSO,1.493561,10746,58257,662
1.2376591542186808e+18,248.119193498247,33.3997706413083,20.38869,20.42511,20.09118,20.1137,20.25054,3185,301,4,55,1.2288236098799557e+19,QSO,1.327664,10914,58257,598
1.2376593303188275e+18,253.072804543178,33.099499418512,19.83817,19.70702,19.36153,19.27291,19.26432,3226,301,4,154,1.228945270841569e+19,QSO,1.39584,10915,58257,928
1.2376549537402063e+18,249.102494244856,46.805001744466,21.40465,21.26392,21.19979,21.00742,20.66787,2207,301,4,48,9.616397004780624e+18,QSO,1.994478,8541,58257,312
1.2376549521296591e+18,247.709689070928,45.9547200951892,21.03488,20.79396,20.71569,20.48722,20.2816,2207,301,1,49,9.616433563542247e+18,QSO,0.8293689,8541,58257,445
1.2376623072679045e+18,227.439515817471,34.6787448325783,23.56065,23.80641,21.6307,20.41969,19.65457,3919,301,5,152,1.2099032412769767e+19,GALAXY,0.8400285,10746,58257,407
1.2376591612052124e+18,248.479898623106,33.303048687315,24.24606,23.23937,22.09065,21.05011,19.91898,3187,301,1,165,1.2288248468305367e+19,GALAXY,0.4413471,10914,58257,643
1.2376627007932344e+18,251.261887837952,46.6424460476873,22.60591,21.57718,21.30358,20.97975,20.61248,4011,301,2,136,9.616319764088773e+18,STAR,0.001272968,8541,58257,31
1.2376591633532204e+18,250.990697049975,33.3446057236083,22.89984,21.26891,20.95623,20.76686,20.53403,3187,301,5,173,1.2289363922851748e+19,QSO,2.747981,10915,58257,605
1.2376591542187464e+18,248.094482109008,33.1821648288311,21.49217,20.97047,20.89104,20.6256,21.10852,3185,301,4,56,1.2288228402218162e+19,QSO,1.656162,10914,58257,570
1.2376593260327084e+18,252.988025322092,33.5104457954288,22.32792,21.696,20.90931,20.27936,20.06843,3225,301,4,289,1.2289448585247089e+19,QSO,1.481623,10915,58257,913
1.2376593260323804e+18,252.535613360645,34.1297032262604,21.49228,21.3172,21.24214,20.9315,21.07849,3225,301,4,284,1.2289435116229646e+19,QSO,1.738375,10915,58257,864
1.2376613865464138e+18,251.185564918082,31.4620065289417,20.06471,19.90833,19.7012,19.76753,19.72944,3705,301,2,337,1.2289308122636638e+19,QSO,1.077057,10915,58257,402
1.2376591633540723e+18,252.395299516611,31.7971077648878,22.94181,24.65492,21.61001,20.36838,19.58104,3187,301,5,186,1.2289244625840134e+19,GALAXY,0.8710588,10915,58257,171
1.2376618509474204e+18,228.562475327284,35.7752059810949,21.97156,22.03254,21.90242,21.61298,20.77076,3813,301,3,454,1.2098975238165123e+19,QSO,1.439026,10746,58257,199
1.2376517147988462e+18,249.608530510277,45.7768111605451,20.03447,19.94801,19.77898,19.72773,19.7445,1453,301,3,61,9.616370066745743e+18,QSO,1.15845,8541,58257,214
1.2376621956150075e+18,227.443786675998,34.8334457654129,25.23253,24.06444,21.69397,20.45382,19.68117,3893,301,5,400,1.2099031863014e+19,GALAXY,0.7006143,10746,58257,405
1.237659324422226e+18,252.01552124635,32.5447854074282,19.3614,18.12713,18.0872,18.0209,18.00938,3225,301,1,291,1.2289272938264547e+19,STAR,-0.0004102961,10915,58257,274
1.237661386008102e+18,248.357404283526,33.7577552444804,25.062,21.4802,20.84524,20.7454,20.81986,3705,301,1,315,1.2288243520503e+19,QSO,3.223953,10914,58257,625
1.2376591542190085e+18,248.747648634965,32.8330907158427,20.82976,20.80384,20.78475,20.55415,20.4551,3185,301,4,60,1.2288263861468156e+19,QSO,1.744517,10914,58257,699
1.2376621956151383e+18,227.822462311412,34.8168182078199,25.44209,22.7051,21.51534,20.36279,19.54623,3893,301,5,402,1.209901152204884e+19,GALAXY,0.7275382,10746,58257,331
1.237659154219664e+18,249.775575629658,31.6889936919167,22.5694,21.89152,21.53292,21.01481,20.90014,3185,301,4,70,1.2288106081549572e+19,QSO,1.79764,10914,58257,125
1.2376627007929723e+18,250.776987907836,47.114718752338,23.69471,22.8208,21.32651,20.73928,20.31277,4011,301,2,132,9.616577599565486e+18,STAR,-0.0001201233,8541,58257,969
1.237662303522128e+18,248.832880485972,31.4100200960244,23.49327,20.76472,19.79869,19.35197,18.93721,3918,301,6,340,1.2288149512258867e+19,QSO,0.4017566,10914,58257,283
1.237651714261189e+18,247.752802061678,47.0611629473169,22.35765,24.71684,21.57677,20.35955,19.44744,1453,301,2,49,9.616457203042245e+18,GALAXY,0.8641994,8541,58257,531
1.2376625037551217e+18,235.119039564728,37.3597840058472,26.63906,25.67466,22.15317,21.00131,19.89108,3965,301,3,37,1.208659858554384e+19,GALAXY,0.8015015,10735,58258,229
1.237662301369008e+18,235.846958900688,38.7714009074476,20.57602,20.33866,20.08374,20.09671,19.93479,3918,301,2,254,1.2086786052276376e+19,QSO,1.124105,10735,58258,911
1.237662473153479e+18,234.775834452367,36.7638802598716,23.14718,21.62225,20.83526,21.78196,21.21353,3958,301,2,37,1.2086614803340351e+19,GALAXY,0.2801805,10735,58258,288
1.2376624742268275e+18,234.328532280467,37.8623048203802,21.69724,19.85309,18.71962,18.23954,17.8858,3958,301,4,31,1.2086643390642672e+19,GALAXY,0.168657,10735,58258,392
1.237662301368549e+18,234.654507221235,39.4429515434426,21.42877,21.10676,21.01879,20.57654,20.53523,3918,301,2,247,1.208671293475313e+19,QSO,1.902301,10735,58258,645
1.2376623008327276e+18,236.775879476354,37.7484946012415,25.28791,23.97216,22.10915,20.70355,19.91144,3918,301,1,263,1.208653921191594e+19,GALAXY,0.6825342,10735,58258,13
1.237662474763567e+18,234.236404919721,38.4344052714257,21.58463,20.93711,21.67354,21.79045,21.23658,3958,301,5,29,1.20867077120729e+19,STAR,-0.00038427,10735,58258,626
1.237662504291927e+18,235.365046632758,37.7447981028335,25.81131,23.95051,22.40997,20.87904,19.95668,3965,301,4,36,1.2086571647509e+19,GALAXY,0.7199675,10735,58258,131
1.2376623072695432e+18,231.306590819424,32.8438267760474,25.55256,23.97569,22.07528,20.96655,19.94302,3919,301,5,177,1.2300567946573666e+19,GALAXY,0.8583956,10925,58271,405
1.237662341082448e+18,231.416269857145,32.7396762429535,21.37645,21.21454,20.92051,20.96218,20.53688,3927,301,4,25,1.230056767169576e+19,QSO,1.353826,10925,58271,404
1.237662341619254e+18,231.421051847199,33.0481932207857,25.3831,22.68902,21.26185,20.41566,20.1367,3927,301,5,24,1.2300588012660871e+19,STAR,-7.905676e-05,10925,58271,478
1.2376623416189263e+18,230.616290317609,33.4427554062131,23.17567,21.97535,21.55107,21.36223,20.93019,3927,301,5,19,1.2300584164370176e+19,STAR,-0.0001946559,10925,58271,464
1.237662341082448e+18,231.376249671469,32.7319121861248,21.47721,21.44966,21.04395,20.7917,20.97926,3927,301,4,25,1.230058031607948e+19,QSO,1.266345,10925,58271,450
1.2376623416193193e+18,231.502636626119,33.0200687970909,24.08775,23.31489,21.92394,20.65313,19.74486,3927,301,5,25,1.2300556401701577e+19,STAR,-0.0003284754,10925,58271,363
1.2376623410827758e+18,232.122831536487,32.2842065722804,24.30762,23.23991,21.98596,20.62745,19.85073,3927,301,4,30,1.2300536610492277e+19,GALAXY,0.5863497,10925,58271,291
1.2376623416192535e+18,231.365406236761,33.0324923150876,22.11564,21.87681,21.77575,21.45851,21.37735,3927,301,5,24,1.2300586088515525e+19,STAR,0.00152398,10925,58271,471
1.2376623410824486e+18,231.349758788508,32.6668286330275,22.99622,22.48744,21.52939,20.32796,19.5636,3927,301,4,25,1.2300566847062e+19,GALAXY,0.6705883,10925,58271,401
1.237662341619843e+18,232.739461503466,32.3951627061672,21.86605,20.46783,19.95263,19.71769,19.72963,3927,301,5,33,1.2300491255637629e+19,STAR,-0.0002612176,10925,58271,126
1.2376625037558428e+18,236.751279905188,36.269358991604,23.57519,23.04505,22.03509,20.64182,19.78951,3965,301,3,48,1.2087772864230742e+19,GALAXY,0.929706,10736,58274,405
1.2376623024436024e+18,238.401547297404,38.2844062355988,22.47898,21.91021,22.09604,21.91783,22.24842,3918,301,4,267,1.2087913601719095e+19,QSO,2.040468,10736,58274,917
1.2376623013700567e+18,238.190528888783,37.2867734863236,22.07764,22.02443,21.40036,21.30431,20.87999,3918,301,2,270,1.2087692325004e+19,GALAXY,0.2406362,10736,58274,112
1.2376624747643535e+18,236.29619067611,37.4599003976462,21.8666,20.86269,20.7584,23.04873,21.89213,3958,301,5,41,1.2087793480073765e+19,STAR,-0.0007530442,10736,58274,480
1.2376624747642885e+18,235.983340455809,37.4531479417002,22.92236,21.04478,20.30322,20.03463,19.97495,3958,301,5,40,1.2087815195428411e+19,STAR,-0.0003482834,10736,58274,559
1.237662474764616e+18,236.918827413498,37.0940030870517,21.29406,23.61556,22.81451,21.28529,19.51152,3958,301,5,45,1.208775857057958e+19,STAR,-5.123188e-05,10736,58274,353
1.2376623013692703e+18,236.501084449511,38.5007365736546,20.9991,20.69933,20.69287,20.46522,20.35848,3918,301,2,258,1.2087817669329572e+19,QSO,1.534282,10736,58274,568
1.2376623013703846e+18,238.990616665804,36.8969177158053,20.69387,19.81904,19.75751,19.81789,19.62868,3918,301,2,275,1.208766236331215e+19,QSO,2.407095,10736,58274,3
1.2376623024437988e+18,238.789070424285,37.9512811580766,22.35837,21.6515,21.45527,21.24992,21.31792,3918,301,4,270,1.208792679585863e+19,QSO,0.9976838,10736,58274,965
1.2376623013699914e+18,237.945187667835,37.4669965774333,21.11889,21.18207,21.03289,20.90066,20.93197,3918,301,2,269,1.2087705244265632e+19,QSO,1.332775,10736,58274,159
1.2376623024436024e+18,238.43673369397,38.3418652139937,22.90607,21.83784,21.35117,21.30239,21.01415,3918,301,4,267,1.208791332684119e+19,STAR,-0.001359289,10736,58274,916
1.2376624994684764e+18,237.531300952344,37.9647810756947,24.63466,21.0373,20.04747,20.1381,22.8269,3964,301,3,164,1.208788006661445e+19,STAR,-0.0001051243,10736,58274,795
1.2376613607699256e+18,227.259585816762,38.0516582388392,22.31011,22.44299,22.02613,22.14152,21.84401,3699,301,2,235,1.2098037355082177e+19,GALAXY,0.1700753,10745,58277,883
1.2376623362498895e+18,227.617165081994,38.4655231507299,23.53699,23.57384,21.77215,20.53494,19.80922,3926,301,3,14,1.209804780044264e+19,GALAXY,0.5904886,10745,58277,921
1.2376623362501517e+18,228.183994382017,38.1417252781941,23.83601,23.43474,21.49742,20.42867,19.76608,3926,301,3,18,1.2098069515797289e+19,GALAXY,0.6809229,10745,58277,1000
1.237661360769532e+18,226.360012275799,38.5763618063416,24.89325,21.43271,19.83794,18.60913,17.8896,3699,301,2,229,1.2098002995343809e+19,STAR,5.099306e-05,10745,58277,758
1.2376613607697288e+18,226.652715143112,38.2647477217139,21.51334,21.311,21.24775,21.0113,21.25013,3699,301,2,232,1.2098021137285669e+19,QSO,1.878829,10745,58277,824
1.237661360769926e+18,227.324022458163,38.112015684423,25.39049,22.87348,21.49835,19.97916,19.1152,3699,301,2,235,1.2098049449710082e+19,GALAXY,0.780489,10745,58277,927
1.237661360769991e+18,227.524927594938,38.0554141202277,21.85412,21.24982,21.17767,21.14862,21.00178,3699,301,2,236,1.2098052198489151e+19,QSO,2.253767,10745,58277,937
1.2376613607692045e+18,225.343964005586,38.87980179215,22.46599,20.62073,19.92071,19.64404,19.48856,3699,301,2,224,1.2097934275867073e+19,STAR,-1.193079e-06,10745,58277,508
1.237661360769598e+18,226.424519447674,38.4378119437259,24.19968,21.6604,20.49331,20.09617,19.7209,3699,301,2,230,1.2097995298762414e+19,STAR,-8.373733e-06,10745,58277,730
1.2376613607703183e+18,228.223358093269,37.5886000988352,22.08053,21.63532,21.59153,21.31833,21.00088,3699,301,2,241,1.2097797386669414e+19,QSO,1.522825,10745,58277,10
1.237661360769664e+18,226.595414466311,38.3030156418712,25.19169,23.146,21.56467,20.3753,19.59258,3699,301,2,231,1.2098021412163572e+19,GALAXY,0.6434256,10745,58277,825
1.2376613607698598e+18,227.0370892036,38.1656157243814,21.56651,20.97356,20.4754,20.36478,20.40079,3699,301,2,234,1.2098038729471711e+19,QSO,1.298,10745,58277,888
1.2376613607697948e+18,227.028712884724,38.2326759203954,26.69329,22.47866,21.27693,19.95918,19.06595,3699,301,2,233,1.2098036805326365e+19,GALAXY,0.7336935,10745,58277,881
1.237661850946634e+18,226.554887749414,36.6919592250275,22.01502,21.45652,21.47899,21.30994,21.32522,3813,301,3,442,1.2097852087372896e+19,QSO,1.805175,10745,58277,209
1.2376613618432084e+18,226.628238571386,39.2078217025442,21.98522,21.82375,22.30415,21.85461,21.74601,3699,301,4,228,1.2098004094855436e+19,QSO,1.826452,10745,58277,762
1.2376613618432092e+18,226.671404474584,39.2330082166893,23.30795,22.89125,21.54483,20.36854,19.60884,3699,301,4,228,1.2098014815093807e+19,QSO,1.520278,10745,58277,801
1.2376613607700567e+18,227.575293258946,37.9305831892433,26.53461,23.01764,21.73692,20.21606,19.57008,3699,301,2,237,1.2098062918727522e+19,STAR,6.915818e-05,10745,58277,976
1.237661361843471e+18,227.270203556414,38.9417323182979,24.19251,22.94719,21.16066,20.0267,19.25153,3699,301,4,232,1.2098042852640315e+19,GALAXY,0.6445174,10745,58277,903
1.2376623362501517e+18,228.185732800232,38.072486162688,24.76866,23.51908,21.84709,20.66395,19.93999,3926,301,3,18,1.2098067041896126e+19,GALAXY,0.6748613,10745,58277,991
1.2376613607695324e+18,226.365072909502,38.5197781135135,21.59072,21.41789,21.3738,21.14966,20.96745,3699,301,2,229,1.209800189583218e+19,GALAXY,0.05368,10745,58277,754
1.2376613607696632e+18,226.61064353635,38.3884589285688,21.61738,22.03498,21.44379,21.41525,21.14826,3699,301,2,231,1.2098021961919388e+19,QSO,1.286842,10745,58277,827
1.2376593249603425e+18,254.48535469891,30.4222569145808,21.34151,19.84016,19.26779,19.02121,18.94407,3225,301,2,310,1.228246971045356e+19,STAR,-0.0001887072,10909,58280,100
1.237662501079614e+18,239.679026352897,38.2755637486627,24.93583,22.90443,21.50794,20.4174,19.7683,3964,301,6,172,1.2085455093820051e+19,GALAXY,0.703767,10734,58280,165
1.2376593260334292e+18,254.184552707201,32.1284748182213,21.52487,20.67746,20.43331,20.29817,20.22607,3225,301,4,300,1.228268026693028e+19,STAR,-0.0005275778,10909,58280,866
1.2376613876206804e+18,252.870112384621,31.1221668519689,21.57146,20.82967,20.5861,20.51649,20.3656,3705,301,4,345,1.2282622542569822e+19,QSO,0.7646529,10909,58280,656
1.2376591633544655e+18,253.203215010514,31.2396076781157,24.325,22.87238,21.46514,20.43875,19.85335,3187,301,5,192,1.2282632163296563e+19,STAR,-4.149197e-06,10909,58280,691
1.2376613865472008e+18,252.564498253391,30.1397496694278,21.84749,21.36477,21.24642,20.95484,20.83424,3705,301,2,349,1.2282555747238437e+19,QSO,1.763799,10909,58280,413
1.2376591633547927e+18,253.591010612802,30.5793053651308,21.97927,21.38363,21.099,20.724,20.45975,3187,301,5,197,1.2282504345069836e+19,QSO,2.199327,10909,58280,226
1.237659163354596e+18,253.263879565628,30.9069732407322,21.32599,20.87295,20.75359,20.45554,20.24253,3187,301,5,194,1.228252908408146e+19,QSO,0.7725309,10909,58280,316
1.2376613865471347e+18,252.480899528697,30.3320829737575,22.74677,22.14312,22.19582,21.92664,21.98686,3705,301,2,348,1.2282556571872156e+19,QSO,1.557009,10909,58280,416
1.2376613865472663e+18,252.664591599236,30.0440078109538,21.06626,21.01082,20.74506,20.64328,20.78302,3705,301,2,350,1.2282552723581458e+19,QSO,1.139574,10909,58280,402
1.2376591198687073e+18,239.506860258755,39.8260205967446,22.31704,21.92283,21.4341,20.31589,19.3415,3177,301,4,204,1.2085633764459567e+19,GALAXY,0.8274748,10734,58280,815
1.2376593249599503e+18,253.840886517064,31.1634803480668,24.63777,23.84687,22.06956,20.8017,19.96738,3225,301,2,304,1.228266404913377e+19,GALAXY,0.6920041,10909,58280,807
1.2376613865472663e+18,252.641879417769,30.1061673826349,22.41255,22.14105,21.84827,21.49909,21.08353,3705,301,2,350,1.2282552998459363e+19,GALAXY,0.8092726,10909,58280,403
1.2376593249606047e+18,254.842156498474,30.0609781015771,26.04861,23.19588,21.69306,20.62722,19.9115,3225,301,2,314,1.2282454042412863e+19,GALAXY,0.6190813,10909,58280,43
1.23765916335512e+18,254.259685796923,30.0499668687518,21.71394,21.70881,21.2594,21.40593,21.58114,3187,301,5,202,1.2282486478005885e+19,GALAXY,0.657115,10909,58280,161
1.2376593249603428e+18,254.345477238583,30.3526139071325,21.6799,21.45614,20.88549,20.48939,20.3239,3225,301,2,310,1.2282479880936118e+19,QSO,1.234685,10909,58280,137
1.2376613876209418e+18,253.263647437819,30.6996362046111,23.0763,20.54655,19.80816,19.52668,19.28147,3705,301,4,349,1.2282526335302392e+19,STAR,-0.0001429829,10909,58280,306
1.2376593249600806e+18,253.988868232672,30.9770668388977,24.68583,22.60169,21.30057,20.7421,20.32715,3225,301,2,306,1.228249664848844e+19,STAR,6.469366e-05,10909,58280,198
1.2376613865468073e+18,251.930159966325,30.7976986584609,20.21316,20.00906,20.02802,19.73297,19.75023,3705,301,2,343,1.2282579386738432e+19,QSO,1.911431,10909,58280,499
1.2376591633546616e+18,253.491528790529,30.8730890268404,21.26418,20.65233,20.33041,20.21197,20.03044,3187,301,5,195,1.2282518638721e+19,QSO,0.8669567,10909,58280,278
1.2376593260334948e+18,254.319790269208,32.0037880585952,21.65815,21.02571,20.35881,20.21406,20.22077,3225,301,4,301,1.2282681641319815e+19,QSO,1.052103,10909,58280,871
1.237659162817594e+18,252.782327747959,31.0213203940275,22.17629,22.06078,21.71313,21.25812,21.36542,3187,301,4,192,1.2282612097209358e+19,QSO,0.5293355,10909,58280,618
1.23765913221687e+18,238.835340878955,39.8980936047912,26.545,25.03382,22.11117,20.566,19.65715,3180,301,3,206,1.2085601328866548e+19,GALAXY,0.7559549,10734,58280,697
1.2376613876202867e+18,252.174953275875,31.8661870570918,22.20319,21.57131,21.4237,21.20297,21.24511,3705,301,4,339,1.228259313063378e+19,QSO,1.321444,10909,58280,549
1.2376593260337567e+18,254.59681693069,31.5507477388419,21.66282,21.18559,21.05408,20.81749,20.51983,3225,301,4,305,1.2282695385215162e+19,QSO,0.7042075,10909,58280,921
1.237659131680326e+18,239.110612324171,39.138497652487,22.34723,20.67181,20.13715,19.92513,19.82212,3180,301,2,211,1.2085491927459584e+19,STAR,-0.0008546369,10734,58280,299
1.237659131680326e+18,239.323888776257,39.1211360946029,20.92274,21.04184,20.45478,20.56773,20.68201,3180,301,2,211,1.2085471311616563e+19,QSO,1.223548,10734,58280,224
1.2376593249594255e+18,252.878207366968,32.1722310388124,23.53162,23.97163,21.26312,20.0987,19.38702,3225,301,2,296,1.228261402135471e+19,GALAXY,0.7242441,10909,58280,625
1.2376593260334948e+18,254.353678604063,32.0059986691563,21.51686,20.83101,20.31909,19.91795,19.34913,3225,301,4,301,1.2282693461069812e+19,QSO,2.031655,10909,58280,914
1.2376593303196805e+18,254.316973232114,31.4640583353464,22.48952,20.96588,20.53491,20.49675,20.37306,3226,301,4,167,1.2282685489610512e+19,STAR,1.152454e-05,10909,58280,885
1.2376591628178565e+18,253.1563569145,30.4056646301496,22.35597,21.43803,20.97919,20.99799,20.5713,3187,301,4,196,1.2282535681151228e+19,QSO,1.97887,10909,58280,340
1.2376613865470697e+18,252.284881649689,30.3628938304371,22.09592,21.83763,21.56858,21.19544,21.14895,3705,301,2,347,1.2282568941378e+19,QSO,1.491653,10909,58280,461
1.237659162817856e+18,253.069122776827,30.4439154516715,20.37967,19.98504,19.97141,20.26142,20.16277,3187,301,4,196,1.2282535131395414e+19,QSO,0.7362374,10909,58280,338
1.2376593260334285e+18,254.251739816922,32.1899179126405,18.69689,17.67475,17.3293,17.18935,17.09692,3225,301,4,300,1.2282679717174469e+19,STAR,-0.0003631408,10909,58280,864
1.2376613870840724e+18,252.92897490643,30.3459399058151,24.71006,23.55431,21.99267,20.62632,19.81204,3705,301,3,349,1.2282534306761691e+19,GALAXY,0.8372245,10909,58280,335
1.2376593260338227e+18,254.911533840896,31.4474890156923,26.01773,23.07856,21.71382,20.67477,19.95525,3225,301,4,306,1.2282712427645393e+19,STAR,0.0001140698,10909,58280,983
1.2376591628177262e+18,252.936646726369,30.6304990456999,22.41134,22.16552,21.6827,21.76558,20.85306,3187,301,4,194,1.2282537055540765e+19,QSO,1.345508,10909,58280,345
1.2376613860043658e+18,241.048785965512,39.9882135484544,20.58049,20.42517,20.09969,19.96288,19.85975,3705,301,1,258,1.2085682417849096e+19,QSO,1.409744,10734,58280,992
1.2376613865470692e+18,252.363166099078,30.4098315428,20.42329,20.07525,19.90683,19.6016,19.66194,3705,301,2,347,1.2282569491133782e+19,QSO,1.564189,10909,58280,463
1.2376593244225544e+18,252.617425306324,31.8347441063176,23.45066,22.98645,21.89852,20.58652,19.87837,3225,301,1,296,1.2282604125750057e+19,GALAXY,0.6342142,10909,58280,589
1.237659163354531e+18,253.286569263691,31.1186808341777,22.77779,22.08442,21.9639,21.88395,21.32823,3187,301,5,193,1.2282642883534936e+19,QSO,2.194679,10909,58280,730
1.2376613865470697e+18,252.295608648368,30.293442633799,21.9997,21.71914,21.17053,20.71365,20.44589,3705,301,2,347,1.2282565917721e+19,QSO,1.440171,10909,58280,450
1.2376591327541996e+18,240.194808308221,39.5078625960198,24.3835,23.41281,21.53341,20.47529,19.56861,3180,301,4,213,1.2085440800168892e+19,GALAXY,0.5887085,10734,58280,113
1.2376613865469386e+18,251.98077429682,30.5857360453152,20.81553,20.71482,20.41631,20.36605,20.2939,3705,301,2,345,1.228257966161634e+19,QSO,1.162049,10909,58280,500
1.237662303516951e+18,238.16138937647,39.4929992589789,24.43051,21.7871,19.95263,19.35245,18.93664,3918,301,6,261,1.20855282113433e+19,GALAXY,0.3818929,10734,58280,431
1.2376613860039068e+18,240.006591762972,40.7860355371723,20.87169,20.67329,20.59346,20.22478,20.11106,3705,301,1,251,1.2085647233477e+19,QSO,0.5470198,10734,58280,864
1.237654953743418e+18,254.34637240481,40.6012456875162,23.09635,21.42009,21.05345,21.19394,21.15305,2207,301,4,97,9.619821709025892e+18,QSO,1.229255,8544,58281,483
1.237655503497659e+18,255.909117739107,35.5855438539475,22.47784,22.07528,22.05984,21.87056,21.52848,2335,301,4,73,1.207193714812914e+19,QSO,2.107917,10722,58281,139
1.2376549537434831e+18,254.561146054694,40.5149492147615,22.09646,21.76521,20.92947,20.94691,20.98878,2207,301,4,98,9.619821159270078e+18,QSO,4.296443,8544,58281,481
1.237655502960395e+18,255.061484861727,36.1469985669207,20.94534,21.01534,20.82012,20.80646,20.66385,2335,301,3,67,1.2071975081280297e+19,QSO,1.268917,10722,58281,277
1.237655502960264e+18,254.717197524399,36.3466914027148,21.66832,21.37925,21.29252,21.09283,21.3469,2335,301,3,65,1.2072091079757e+19,QSO,1.616017,10722,58281,699
1.237654952134247e+18,255.083889457971,37.1291501933744,21.67237,21.33556,21.08565,20.97138,20.52676,2207,301,1,119,1.2072106747797723e+19,QSO,0.8871608,10722,58281,756
1.237655504571269e+18,256.662219768722,36.2135340841068,18.68792,17.71837,17.38481,17.26405,17.22545,2335,301,6,71,1.2071908560826817e+19,STAR,-5.375859e-05,10722,58281,35
1.2376549521339195e+18,254.547145414043,37.7134901505875,22.87537,22.40082,21.96635,21.86266,21.14538,2207,301,1,114,1.2072069914158193e+19,QSO,3.452192,10722,58281,622
1.2376627013331195e+18,256.150651980825,40.8249208470831,23.22847,22.72962,21.79383,20.71492,19.96676,4011,301,3,182,9.619762885153806e+18,GALAXY,0.7224897,8544,58281,269
1.2376655827215982e+18,257.888903340248,41.1460783431121,21.86728,21.34853,20.67519,20.6087,20.47181,4682,301,2,217,9.619963271147969e+18,QSO,1.346694,8544,58281,998
1.2376555024233925e+18,254.272107243763,36.1693726309447,21.81922,21.17118,20.61609,20.23603,19.88389,2335,301,2,65,1.2072019061745408e+19,QSO,0.5835346,10722,58281,437
1.237655502960526e+18,255.259551971267,35.8573292402329,21.31824,21.20333,20.9843,20.7946,20.6622,2335,301,3,69,1.2071960512751229e+19,GALAXY,0.9425685,10722,58281,224
1.2376551293070228e+18,255.513073277286,34.9779932693577,22.77254,21.92789,21.94566,21.60446,21.55836,2248,301,3,201,1.2071954740315183e+19,QSO,2.199277,10722,58281,203
1.2376555034966756e+18,254.506926500307,37.4155356731296,18.48911,17.49888,17.19437,17.09595,17.08439,2335,301,4,58,1.2072070738791911e+19,STAR,-0.0002008561,10722,58281,625
1.2376549521345743e+18,255.618683101198,36.4290266058672,19.84699,19.25703,19.16102,19.16864,18.89388,2207,301,1,124,1.207213396071051e+19,QSO,2.535302,10722,58281,855
1.2376555029601326e+18,254.64615388073,36.6727076865463,21.19605,21.14308,20.7523,20.66295,20.54119,2335,301,3,63,1.2072076511228e+19,QSO,1.168082,10722,58281,646
1.2376555018863908e+18,253.623225390819,36.1499403939911,22.1482,21.43303,20.72546,20.23785,19.8346,2335,301,1,63,1.2072035279541916e+19,QSO,1.514793,10722,58281,496
1.2376555018866532e+18,254.025054586248,35.600153702353,21.86889,20.52469,19.89931,19.64401,19.59,2335,301,1,67,1.2072025383937268e+19,STAR,-0.0008866317,10722,58281,460
1.2376551298438277e+18,255.798221505519,35.419275911102,24.67374,23.90003,22.05648,20.78451,19.91041,2248,301,4,200,1.2071935498861695e+19,STAR,0.0001068167,10722,58281,133
1.2376551298439583e+18,256.016235593181,35.1506852515501,24.45052,23.10423,21.45065,20.74207,20.40823,2248,301,4,202,1.2071922029844257e+19,STAR,-0.0008266881,10722,58281,84
1.2376555034969382e+18,255.048073055794,36.9808862626917,24.62511,22.76107,21.27527,20.22467,19.42882,2335,301,4,62,1.207210702267563e+19,STAR,-0.0001066977,10722,58281,757
1.2376555029607227e+18,255.343679753593,35.4198136400814,21.66256,21.58504,21.40077,21.23943,20.93325,2335,301,3,72,1.2071969308844251e+19,QSO,1.540634,10722,58281,256
1.2376555029605916e+18,255.106420866921,35.7198450704852,22.44787,22.14005,21.82448,21.79853,21.74137,2335,301,3,70,1.2071970958111693e+19,QSO,1.248531,10722,58281,262
1.2376551298438277e+18,255.78513358165,35.3885798349093,25.44574,23.43749,22.15563,20.54989,19.82265,2248,301,4,200,1.2071934949105883e+19,STAR,-0.0001743131,10722,58281,131
1.2376555040343995e+18,256.344517948647,36.0497165366299,25.9933,24.14917,21.41085,20.04683,19.35852,2335,301,5,71,1.2071916807164e+19,GALAXY,0.7392801,10722,58281,65
1.2376555029607882e+18,255.556840411162,35.2961511819982,21.52435,21.13048,20.82032,20.73662,20.591,2335,301,3,73,1.2071957214216344e+19,QSO,1.022501,10722,58281,212
1.2376627024072545e+18,257.588857250515,40.391163054616,19.80701,19.40897,19.21953,19.22751,19.20269,4011,301,5,188,9.619701587380556e+18,QSO,1.233314,8544,58281,46
1.2376549548176184e+18,256.087788483917,40.0045261282585,22.1546,21.87728,22.05496,21.32423,21.40173,2207,301,6,104,9.619768107834038e+18,QSO,1.888364,8544,58281,288
1.2376555029598052e+18,254.124678210228,37.2249121434633,21.07664,20.75448,20.43062,20.59107,20.4122,2335,301,3,58,1.2072060568309357e+19,QSO,0.9943705,10722,58281,588
1.2376555034976591e+18,256.078421646936,35.6297894429922,22.09653,22.06431,21.81846,21.55368,20.71617,2335,301,4,73,1.2071925053501231e+19,QSO,1.141341,10722,58281,95
1.2376554745078753e+18,254.295490067737,35.9183072346791,24.46089,23.11978,21.60964,20.78485,20.19174,2328,301,6,92,1.2072014938576804e+19,STAR,9.497297e-06,10722,58281,422
1.2376554745077435e+18,254.07333136645,36.1254744581889,19.17669,18.79529,18.66742,18.58939,18.45176,2328,301,6,90,1.2072029507105872e+19,STAR,-0.001262719,10722,58281,475
1.2376555024239823e+18,255.213996600967,35.0950594952435,21.35985,21.11705,20.97769,20.83322,20.73899,2335,301,2,74,1.2071967384698905e+19,QSO,0.8232287,10722,58281,249
1.2376555040343992e+18,256.239645723916,36.0858667668646,24.0134,22.37326,21.27724,20.1968,19.34389,2335,301,5,71,1.207191900618728e+19,GALAXY,0.742717,10722,58281,73
1.2376555024231964e+18,253.913318181941,36.4966957910817,21.48741,20.99526,20.89281,20.54587,20.82565,2335,301,2,62,1.2072044625390752e+19,QSO,1.50802,10722,58281,530
1.237655502423982e+18,255.101260305594,34.9543910991868,25.23319,22.81199,21.59689,20.59536,19.90631,2335,301,2,74,1.2071976180791925e+19,STAR,0.0001036874,10722,58281,281
1.2376555029601326e+18,254.567552222144,36.5543696213104,21.53462,21.32526,21.42479,21.46753,20.87466,2335,301,3,63,1.2072077610739587e+19,QSO,2.197421,10722,58281,650
1.237655502960067e+18,254.435577066134,36.6658308773306,22.01566,21.69732,21.34121,21.37539,21.12056,2335,301,3,62,1.2072065790989588e+19,QSO,1.094468,10722,58281,607
1.23765550349779e+18,256.239045100121,35.3387597768012,23.25459,22.48504,21.65457,21.31309,21.06083,2335,301,4,75,1.2071911309605884e+19,GALAXY,0.2325711,10722,58281,45
1.2376555034968727e+18,254.735240666125,37.0331894168259,21.83954,21.58896,21.52953,21.47764,20.80898,2335,301,4,61,1.207208448268726e+19,QSO,0.831256,10722,58281,675
1.237665570908734e+18,257.206491783588,40.533749345692,23.83796,20.6715,19.27284,17.94967,17.13283,4679,301,4,191,9.619726876148e+18,STAR,-9.919062e-06,8544,58281,138
1.2376555034977897e+18,256.242062481459,35.2643334295458,20.98441,20.40265,20.46571,20.54187,20.38719,2335,301,4,75,1.2071911034728e+19,QSO,0.8664709,10722,58281,44
1.2376627013327273e+18,255.758612979929,41.5965829103449,24.56876,23.43543,22.15279,20.56168,19.73376,4011,301,3,176,9.619882731921234e+18,GALAXY,0.7044592,8544,58281,705
1.2376551298438277e+18,255.77372922548,35.3264363880541,25.14709,23.34554,21.89501,20.5401,19.63971,2248,301,4,200,1.2071947043733789e+19,STAR,-0.0001772316,10722,58281,175
1.2376555034971348e+18,255.153403512967,36.5013856682628,23.19267,23.55811,21.74148,19.01341,17.558,2335,301,4,65,1.2072111145844234e+19,STAR,-0.000150451,10722,58281,772
1.237654954817684e+18,256.05101034048,39.9752087182447,21.3921,21.47528,20.9605,20.96309,20.9467,2207,301,6,105,9.619767283200315e+18,QSO,1.184987,8544,58281,285
1.2376549537444667e+18,255.80204789929,38.4735122151713,23.02209,21.66318,21.32847,20.99715,20.74183,2207,301,4,113,1.2115882703779551e+19,STAR,-0.0003309789,10761,58283,268
1.237654954817881e+18,256.534617896895,39.5845910658787,23.18726,22.29737,21.98972,21.9045,21.86614,2207,301,6,108,1.2116052578326e+19,STAR,-0.0006193282,10761,58283,886
1.237655504033613e+18,255.193447979794,37.5825275053874,24.41982,23.5411,22.11865,20.61643,19.52446,2335,301,5,59,1.2115920911808616e+19,GALAXY,0.8162693,10761,58283,407
1.2376549537447288e+18,256.29712015325,37.9148127133613,21.97585,21.94106,21.63603,21.58318,22.10222,2207,301,4,117,1.2115842846483e+19,QSO,1.408572,10761,58283,123
1.2376555045697623e+18,254.443431410416,39.1354917876108,20.62499,20.41362,20.35541,20.20625,20.37117,2335,301,6,48,1.211595719569233e+19,QSO,1.540139,10761,58283,539
1.2376549548177495e+18,256.279036338425,39.8921293527544,24.2325,21.63865,21.14239,20.77772,20.33729,2207,301,6,106,1.2116047630523716e+19,QSO,2.914261,10761,58283,868
1.2376555045700244e+18,254.980080005393,38.6703743618621,20.81484,20.64506,20.37934,19.99046,19.9357,2335,301,6,52,1.2115915964006291e+19,QSO,1.829235,10761,58283,389
1.23765495374486e+18,256.523010894345,37.6770842025017,21.67648,20.90746,21.06325,20.95609,20.91784,2207,301,4,119,1.2115832126244671e+19,QSO,2.339055,10761,58283,84
1.2376549542806175e+18,255.404838751142,40.0583031490486,22.18526,26.81736,22.3433,20.92204,19.17057,2207,301,5,102,1.2115992929820236e+19,GALAXY,0.9716009,10761,58283,669
1.2376549537442043e+18,255.546328151435,39.0405348775277,21.60263,21.26824,20.74277,20.96858,21.25036,2207,301,4,109,1.2116012446151629e+19,QSO,1.08649,10761,58283,740
1.2376555045696968e+18,254.204051397296,39.2824129014511,19.82324,19.51075,19.39012,19.27971,19.09658,2335,301,6,47,1.2115949773988844e+19,QSO,0.8441024,10761,58283,512
1.237654954817815e+18,256.297747493225,39.5809866058119,22.11578,21.75462,21.49536,21.2934,21.10027,2207,301,6,107,1.2116040483698135e+19,QSO,1.512483,10761,58283,842
1.2376627013335782e+18,256.874444388609,39.9592794023372,23.76803,22.70392,21.32562,20.12931,19.30661,4011,301,3,189,1.211606989563418e+19,STAR,-1.875393e-05,10761,58283,949
1.2376805050411912e+18,336.477527011958,32.4696326989239,24.95299,23.78185,22.1637,20.82356,19.12408,8156,301,5,104,8.680863517967146e+18,STAR,3.572201e-05,7710,58284,637
1.2376805045048458e+18,338.114724821051,32.3671928843395,24.00847,23.64361,21.57554,20.40277,19.67191,8156,301,4,112,8.680941583292717e+18,GALAXY,0.5505022,7710,58284,921
1.2376805050410609e+18,336.228305613589,32.3002118726564,21.28505,20.81199,20.41022,20.07335,19.97887,8156,301,5,102,8.680844001635752e+18,QSO,1.810753,7710,58284,566
1.2376805050413883e+18,337.045905604175,32.4517604380126,22.11431,21.78424,21.31968,21.00413,20.88576,8156,301,5,107,8.680885783077608e+18,QSO,1.487823,7710,58284,718
1.2376805050412575e+18,336.691144816982,32.31587711656,22.35336,21.94027,21.67038,21.45924,21.21832,8156,301,5,105,8.680865167234588e+18,QSO,1.701493,7710,58284,643
1.23768050450478e+18,337.874321709532,32.2099777255945,24.4115,21.75163,21.32868,21.048,20.78747,8156,301,4,111,8.680922891595045e+18,QSO,1.345561,7710,58284,853
1.2376805050416512e+18,337.75459397677,32.6309694071023,24.55639,26.54519,21.88686,20.82109,19.9692,8156,301,5,111,8.680917394036906e+18,GALAXY,0.5610359,7710,58284,833
1.2376805050418476e+18,338.214222805826,32.8645003208599,25.99171,23.95287,22.06513,20.80721,19.77648,8156,301,5,114,8.680938834513648e+18,STAR,0.001542941,7710,58284,911
1.2376805050413222e+18,336.945750332574,32.4654950184629,21.51246,20.41671,21.95239,22.71572,19.61408,8156,301,5,106,8.680873688449702e+18,GALAXY,0.06493962,7710,58284,674
1.2376805045047795e+18,337.925214426283,32.2777200390106,20.85219,20.42956,20.25024,20.36466,20.29458,8156,301,4,111,8.680922616717138e+18,QSO,0.956852,7710,58284,852
1.2376804996743178e+18,338.163072632066,31.5963665633505,24.40072,24.24683,21.90377,20.78923,19.85925,8155,301,3,132,8.680718932188092e+18,STAR,-0.000201655,7710,58284,111
1.2376805045048456e+18,338.048496050855,32.2588199242358,22.50912,22.22562,22.08776,22.01451,21.67271,8156,301,4,112,8.680932787199695e+18,QSO,1.318593,7710,58284,889
1.237680505041978e+18,338.6211554625,32.7640211870155,25.17883,24.75461,23.45199,21.68208,19.87384,8156,301,5,116,8.680950929141553e+18,STAR,-8.519608e-05,7710,58284,955
1.2376805050412567e+18,336.739991749237,32.3435381695883,19.83966,19.6501,19.3373,19.40885,19.29522,8156,301,5,105,8.680865442112493e+18,QSO,1.020855,7710,58284,644
1.2376805045047148e+18,337.772100872391,32.2476833613463,23.79871,22.05317,20.97037,20.51516,19.99905,8156,301,4,110,8.68092151720551e+18,STAR,-0.0002080884,7710,58284,848
1.2376805050411264e+18,336.347080045916,32.4138637347253,20.64757,20.35239,20.06572,20.08079,20.05748,8156,301,5,103,8.680844826269472e+18,QSO,0.9677702,7710,58284,569
1.2376805050411264e+18,336.363419466965,32.3543974531819,21.43959,21.24606,21.13282,20.71407,21.18089,8156,301,5,103,8.680843726757845e+18,QSO,1.710697,7710,58284,565
1.237680505041e+18,336.087842342471,32.178008015961,19.96852,19.56432,19.15622,19.23583,19.24697,8156,301,5,101,8.680835755298544e+18,QSO,1.090231,7710,58284,536
1.2376805050415854e+18,337.637263981805,32.6035319799215,26.08431,23.94421,22.46361,21.03405,20.0325,8156,301,5,110,8.680905299409e+18,GALAXY,0.6090963,7710,58284,789
1.237680504504845e+18,338.088943371842,32.3264348938429,20.91328,19.57223,19.02331,18.80095,18.81777,8156,301,4,112,8.680932237443882e+18,STAR,1.654672e-05,7710,58284,887
1.2376805045042552e+18,336.522256271144,32.0282372363385,21.00613,19.81883,19.24246,18.99047,18.8587,8156,301,4,103,8.680857745531099e+18,STAR,-0.0001596312,7710,58284,616
1.2376805045049108e+18,338.181416990355,32.3947025492917,22.23148,21.9659,21.66945,21.41762,21.58183,8156,301,4,113,8.680942407926438e+18,QSO,1.862015,7710,58284,924
1.2376805045051072e+18,338.75591903007,32.5365004591646,20.82871,20.10888,19.84294,20.04679,19.84487,8156,301,4,116,8.680958075967133e+18,QSO,2.444949,7710,58284,981
1.2376805050410604e+18,336.200983164924,32.1997040890988,20.38932,20.23374,19.99073,19.93622,19.87716,8156,301,5,102,8.680845376025287e+18,QSO,1.415629,7710,58284,571
1.237680504505042e+18,338.605428427981,32.3716011621782,22.36133,21.75193,21.48429,21.63762,21.36086,8156,301,4,115,8.680955602065971e+18,QSO,2.57102,7710,58284,972
1.237680504504845e+18,338.077475772654,32.3431255358739,20.26984,20.05912,19.81417,19.85792,19.83098,8156,301,4,112,8.680934711345043e+18,QSO,1.236967,7710,58284,896
1.2376805050417167e+18,337.90050186636,32.751752551533,26.74113,23.081,21.55281,20.35963,19.43713,8156,301,5,112,8.680930038420625e+18,GALAXY,0.9084204,7710,58284,879
1.2376683540390228e+18,261.966097045565,36.1969450559556,26.54739,23.17373,21.77419,20.70385,19.90865,5327,301,4,61,1.2073258761206389e+19,GALAXY,0.74555,10723,58287,851
1.2376549521301834e+18,248.688759890613,45.0115976707359,19.70438,19.72907,19.53174,19.50069,19.54433,2207,301,1,57,9.615359066307322e+18,QSO,1.363617,8540,58287,632
1.2376517142624348e+18,250.051976949968,44.6316630408975,24.73295,24.65464,21.94215,20.75687,19.89861,1453,301,2,68,9.615238394906171e+18,GALAXY,0.6692639,8540,58287,193
1.2376683540386952e+18,261.659235906399,37.0641394110322,26.3296,24.43271,21.90322,20.71292,19.96398,5327,301,4,56,1.207322907439244e+19,GALAXY,0.6758071,10723,58287,743
1.2376517142622385e+18,249.680890103379,44.9591933981538,23.41544,22.48739,21.43285,20.37899,19.66339,1453,301,2,65,9.615402771894524e+18,GALAXY,0.6476969,8540,58287,791
1.2376683545756308e+18,262.209390492779,36.9796391320866,24.16601,22.66946,21.93689,20.64946,19.70844,5327,301,5,57,1.2073272505101736e+19,STAR,-0.0001514884,10723,58287,901
1.2376655827242852e+18,261.084768090894,35.5286682844667,23.38108,22.00662,21.89805,21.51688,20.95819,4682,301,2,258,1.2073134241514543e+19,QSO,2.692031,10723,58287,398
1.2376655714477025e+18,260.37277859227,36.3444178295623,21.8304,21.37873,21.16534,20.9042,20.60752,4679,301,5,223,1.2073177947101747e+19,QSO,1.696676,10723,58287,557
1.237668353502544e+18,262.044667706491,35.3685852073342,21.26453,21.08539,21.06904,20.84847,20.78892,5327,301,3,67,1.207307596739827e+19,QSO,1.581722,10723,58287,186
1.2376549521302492e+18,248.833822018979,44.8969674235285,21.22554,21.02534,20.67194,20.62931,20.25203,2207,301,1,58,9.615361265330575e+18,QSO,1.421131,8540,58287,640
1.2376655827248755e+18,261.549927883677,34.2457867459729,22.51582,22.06388,21.78096,21.49984,21.05235,4682,301,2,267,1.2073105104456407e+19,QSO,0.956139,10723,58287,292
1.2376655827241544e+18,260.817054385197,35.8363722740377,22.71816,21.99185,21.80286,21.94554,21.90719,4682,301,2,256,1.2073192790508722e+19,QSO,2.784099,10723,58287,611
1.2376655827237612e+18,260.437382680673,36.6690091412548,25.10468,22.93311,21.32215,20.24102,19.56239,4682,301,2,250,1.2073173823933143e+19,STAR,0.0001303876,10723,58287,542
1.2376683540388915e+18,261.984004297864,36.5399225621196,24.76411,21.98611,21.3836,20.33424,19.49692,5327,301,4,59,1.2073254363159876e+19,QSO,6.477734,10723,58287,835
1.237665582724089e+18,260.804179975524,35.9163331783113,24.12302,22.08249,21.21396,20.83084,20.68676,4682,301,2,255,1.2073171350032e+19,GALAXY,0.0,10723,58287,533
1.2376683540386944e+18,261.689949736085,37.0416581459235,21.29862,19.79475,19.1324,18.88965,18.6496,5327,301,4,56,1.2073229349270344e+19,STAR,-0.0003127412,10723,58287,744
1.2376683540396772e+18,262.770923463628,35.002745542656,21.03334,20.30994,19.87451,19.41167,19.16074,5327,301,4,71,1.207316145442733e+19,GALAXY,0.0,10723,58287,497
1.2376683535026097e+18,262.038294766676,35.2497384023635,20.03687,19.95334,19.88765,19.63172,19.54606,5327,301,3,68,1.2073076242276176e+19,QSO,2.034701,10723,58287,187
1.237668352965936e+18,261.686062687553,34.650523255517,22.65914,21.31521,21.19269,20.94161,20.92466,5327,301,2,71,1.2073093834462222e+19,STAR,-0.0006275463,10723,58287,251
1.2376683540394158e+18,262.550429717398,35.5045301847818,23.75429,21.79679,21.4092,21.32433,21.24796,5327,301,4,67,1.20730572757006e+19,STAR,-0.0007097207,10723,58287,118
1.2376683529655432e+18,261.462870380932,35.4627097550943,22.49644,21.93203,21.76099,21.74182,20.78092,5327,301,2,65,1.2073110876892453e+19,QSO,0.9266649,10723,58287,313
1.2376655827242852e+18,260.866752910008,35.5514763154213,21.28753,21.42124,21.24428,21.16022,20.84114,4682,301,2,258,1.2073145786386637e+19,QSO,1.084107,10723,58287,440
1.2376683540388255e+18,261.924183657367,36.6864654906594,20.7552,19.35739,18.61854,18.17132,18.00686,5327,301,4,58,1.207324254340988e+19,GALAXY,0.1471456,10723,58287,792
1.2376517147992397e+18,250.450666390224,45.0895968823091,21.83054,21.53571,21.21056,20.98654,21.16859,1453,301,3,67,9.615429984807311e+18,QSO,1.176809,8540,58287,890
1.237668352965412e+18,261.271996673931,35.6524307952272,22.66538,21.83956,21.00503,20.58063,19.953,5327,301,2,63,1.207321643000872e+19,QSO,2.19695,10723,58287,697
1.2376655827248755e+18,261.66316000889,34.2307027034648,22.27955,21.63281,21.68508,21.51085,21.48011,4682,301,2,267,1.2073102355677336e+19,QSO,2.374905,10723,58287,282
1.237651714799043e+18,249.936105376906,45.3860831948383,22.73596,22.51808,22.18846,21.7672,23.99034,1453,301,3,64,9.61541129310964e+18,QSO,1.545372,8540,58287,822
1.2376655827249408e+18,261.656737611564,34.1943362309323,20.76589,20.63404,20.80039,20.69865,20.51069,4682,301,2,268,1.2073104554700591e+19,QSO,2.002387,10723,58287,290
1.2376719371167987e+18,258.137493850976,37.6419824317333,19.97173,19.847,19.6492,19.67089,19.57334,6161,301,6,81,1.2071004762386223e+19,QSO,0.9624888,10721,58288,843
1.2376549548187983e+18,257.688916207303,37.6868296388351,22.34527,22.26885,21.80765,21.9222,21.72706,2207,301,6,122,1.2070981122886228e+19,GALAXY,0.301124,10721,58288,757
1.237655504571269e+18,256.718309227679,36.3385120357773,22.23859,20.95671,20.4122,20.17296,20.06344,2335,301,6,71,1.2070899484147864e+19,STAR,-0.000578049,10721,58288,460
1.237654954818863e+18,257.702009680032,37.5469173657881,24.38307,22.06866,21.18131,20.97389,20.61733,2207,301,6,123,1.2070983047031577e+19,STAR,-0.0001749122,10721,58288,764
1.2376719360427963e+18,256.860644796033,37.7359834192625,25.57757,23.70263,22.01641,20.9195,19.82866,6161,301,4,77,1.207093769217693e+19,GALAXY,0.8013467,10721,58288,599
1.237654953745384e+18,257.136481680276,36.5469101080658,21.11425,21.05172,20.6082,20.53852,20.80864,2207,301,4,127,1.2070878868304845e+19,QSO,1.230053,10721,58288,385
1.237654954818602e+18,257.499375910829,38.1408737763222,24.34166,23.4083,21.89355,20.57018,19.76692,2207,301,6,119,1.207096655435716e+19,STAR,-0.0001957637,10721,58288,704
1.2376549548185357e+18,257.329106027503,38.1763849533428,22.12313,21.90855,21.98202,22.18057,21.40667,2207,301,6,118,1.2070966004601346e+19,QSO,1.948889,10721,58288,702
1.237655504571269e+18,256.598801148558,36.2547943961968,21.36079,21.13237,20.90831,20.84359,21.11494,2335,301,6,71,1.2070898934392052e+19,QSO,1.218449,10721,58288,458
1.2376727644380206e+18,343.074475109869,29.1404682777521,23.1776,20.13221,18.77262,18.26122,17.93571,6354,301,3,129,8.746172034839763e+18,GALAXY,0.1910081,7768,58289,660
1.237680529203136e+18,342.870216458911,27.7121291781287,23.28128,23.62737,22.09964,20.93063,19.95571,8162,301,2,146,8.746100841461864e+18,GALAXY,0.8817377,7768,58289,401
1.2376727639006922e+18,342.112365457809,29.8546664757674,23.96316,23.40222,21.66692,20.5634,19.76479,6354,301,2,122,8.746140423880464e+18,GALAXY,0.7801418,7768,58289,545
1.2376727639006922e+18,342.095872157505,29.9034550092766,22.41284,24.22349,22.42639,20.69351,19.70449,6354,301,2,122,8.746139874124649e+18,GALAXY,0.7646133,7768,58289,543
1.2376805297402022e+18,343.419454854057,28.1366846677842,21.2194,21.0883,21.13916,20.96952,20.77448,8162,301,3,149,8.746060984165357e+18,QSO,1.794121,7768,58289,256
1.2376728165092564e+18,343.133918948513,29.6247871749802,21.75958,21.36788,20.68954,20.53941,19.9923,6366,301,4,49,8.746176707764181e+18,GALAXY,0.3030107,7768,58289,677
1.2376805292031355e+18,342.955657207053,27.7068321746977,22.70049,21.61046,21.02661,20.83804,20.84628,8162,301,2,146,8.746090121223495e+18,STAR,-0.0003532797,7768,58289,362
1.2376803337808128e+18,342.026648309685,29.0371895833614,22.89552,21.49521,20.99202,20.6753,20.37645,8116,301,6,126,8.746131352909536e+18,STAR,-0.0007581995,7768,58289,512
1.2376805297400727e+18,343.087250563729,28.0684441919062,25.60952,23.13834,21.44977,20.35029,19.6901,8162,301,3,147,8.746093694636283e+18,QSO,0.5022701,7768,58289,375
1.2376805297406615e+18,344.481254593248,28.3617392176251,21.08435,21.16263,20.72088,20.72705,20.63628,8162,301,3,156,8.746002160293272e+18,QSO,1.346127,7768,58289,42
1.2376805297403343e+18,343.681474548813,28.2570881582385,24.43279,23.589,21.54511,20.45623,19.63581,8162,301,3,151,8.746049714171173e+18,GALAXY,0.6514825,7768,58289,215
1.2376727639010852e+18,342.685550205816,29.1683095405925,25.7275,23.10521,21.3967,20.08261,19.4229,6354,301,2,128,8.746148120461859e+18,GALAXY,0.694344,7768,58289,573
1.2376683545749094e+18,261.445850688522,38.5594123036292,23.82885,22.06971,22.73208,21.85095,21.42302,5327,301,5,46,1.2117194972702464e+19,QSO,3.932874,10762,58390,946
1.237668354038302e+18,261.338341800162,37.7985166451805,23.65455,26.18381,22.58953,20.37312,18.88622,5327,301,4,50,1.2117189750022232e+19,STAR,-0.0002238652,10762,58390,927
1.2376655827230395e+18,259.53415838533,38.1020327052646,19.58603,19.33562,19.12988,18.97954,19.03011,4682,301,2,239,1.211709904031294e+19,QSO,1.413118,10762,58390,597
1.237665582723171e+18,259.847633594643,37.8601629419033,20.8226,20.49835,20.26828,20.06533,20.27628,4682,301,2,241,1.2117114158597822e+19,QSO,1.696743,10762,58390,652
1.237668354038236e+18,261.080865513964,37.9011011087238,22.70203,21.91818,21.50212,21.31198,20.92692,5327,301,4,49,1.211717023369084e+19,GALAXY,0.09404769,10762,58390,856
1.2376683529647557e+18,260.410650140058,36.9975362239616,21.59335,19.53173,19.9677,20.20908,19.97223,5327,301,2,53,1.2117006681336207e+19,STAR,-0.0008674161,10762,58390,261
1.2376627018719572e+18,259.369979313059,36.9258041183346,24.78568,24.06538,21.88729,20.62788,19.73065,4011,301,4,212,1.2117052860824572e+19,GALAXY,0.5654228,10762,58390,429
1.237668354038302e+18,261.234467712355,37.7775441951234,24.11202,23.49451,21.97677,20.55239,19.94517,5327,301,4,50,1.211718177856293e+19,STAR,6.596772e-05,10762,58390,898
1.2376683540384325e+18,261.3343022754,37.4990105899023,20.61846,19.02603,18.22797,17.77161,17.44396,5327,301,4,52,1.2116967923551328e+19,GALAXY,0.1168762,10762,58390,120
1.237668354574845e+18,261.341798722272,38.697326043889,22.67215,20.58386,20.24522,20.21881,20.24164,5327,301,5,45,1.2117182878074558e+19,QSO,3.132877,10762,58390,902
1.237668354038105e+18,261.040525718834,38.2066003510037,22.84497,20.91007,20.64858,20.8182,20.48613,5327,301,4,47,1.2117176830760604e+19,QSO,3.084908,10762,58390,880
1.2376683540381704e+18,261.155224372223,38.0548479733512,22.95375,20.60494,19.81411,19.52425,19.24816,5327,301,4,48,1.2117177930272231e+19,STAR,-0.0001472422,10762,58390,884
1.2376655827231055e+18,259.701591957638,38.0901790848024,21.04101,20.8156,20.52974,20.47251,20.135,4682,301,2,240,1.2117103438359452e+19,QSO,0.9699168,10762,58390,613
1.2376683540388255e+18,261.696658964501,36.7337403228063,21.54894,21.01757,20.89117,20.68082,20.99365,5327,301,4,58,1.2116950056487377e+19,QSO,2.082904,10762,58390,55
1.2376683545751726e+18,261.716003454449,37.9395503572401,23.16956,21.29968,20.52779,20.25737,19.9616,5327,301,5,50,1.2117206517574556e+19,STAR,-0.0003561289,10762,58390,988
1.237665582723302e+18,259.802200387106,37.6522748489003,22.28549,21.62573,21.46561,21.18876,20.70035,4682,301,2,243,1.2117104812749e+19,QSO,1.575174,10762,58390,618
1.237665582723761e+18,260.423748880616,36.5971696172837,20.81193,20.30706,20.12397,20.01177,19.6509,4682,301,2,250,1.2117005306946673e+19,QSO,2.244339,10762,58390,256
1.237668354575434e+18,262.015658617404,37.4075415889216,23.33751,22.24387,20.66496,20.45777,21.37146,5327,301,5,54,1.2116937961859471e+19,GALAXY,0.5266223,10762,58390,11
1.237668354038105e+18,260.970969508301,38.2890046245525,24.97224,23.46503,22.07233,20.63055,19.71004,5327,301,4,47,1.21171647361327e+19,STAR,0.0004107577,10762,58390,836
1.237665570910176e+18,259.025288595378,37.6327812337173,23.56791,22.73073,21.58294,20.2286,19.76424,4679,301,4,213,1.2117081173249e+19,STAR,-0.0001012279,10762,58390,532
1.2376655827236948e+18,260.361708161734,36.8228453308876,20.234,19.97901,20.04542,19.8104,19.93266,4682,301,2,249,1.211700558182458e+19,QSO,1.696715,10762,58390,257
1.2376655827235635e+18,260.211785401374,37.0956568957781,18.45687,18.27653,18.05444,17.74189,17.7785,4682,301,2,247,1.2117017951330392e+19,QSO,0.2085928,10762,58390,302
1.2376655843337843e+18,261.16676182478,38.3661304067558,23.4775,22.74806,21.63827,20.45549,19.74248,4682,301,5,241,1.2117184802219907e+19,GALAXY,0.7559187,10762,58390,909
1.2376683529642317e+18,259.897813963833,38.1840443842322,25.35095,25.16069,23.32102,21.13055,19.96988,5327,301,2,45,1.2117110035429218e+19,STAR,-6.066827e-05,10762,58390,637
1.23766558272304e+18,259.597450070739,38.147033557986,21.16067,20.82293,20.63985,20.32208,20.14519,4682,301,2,239,1.2117099315190847e+19,QSO,2.104223,10762,58390,598
1.237665582722778e+18,259.404575195064,38.7678929955719,21.25527,21.19975,21.28756,21.05268,21.26434,4682,301,2,235,1.2117094642266427e+19,QSO,1.76802,10762,58390,581
1.2376655827235643e+18,260.179095377232,37.1166408887249,22.15708,21.96346,21.65946,21.40793,21.73395,4682,301,2,247,1.2117019600597832e+19,QSO,1.651764,10762,58390,308
1.2376555045719916e+18,257.655009593501,34.8576449032843,25.58483,25.32167,22.27322,20.964,19.96826,2335,301,6,82,1.2074278010230168e+19,GALAXY,0.7505116,10724,58391,463
1.2376549537463672e+18,258.618503236444,34.705834129984,22.55165,20.97885,20.40071,20.21142,20.13867,2207,301,4,142,1.2074233480009245e+19,STAR,-0.0002817282,10724,58391,301
1.2376627013354783e+18,259.277937898023,36.0095645294329,19.61548,19.49748,19.34256,19.18485,19.37046,4011,301,3,218,1.2074372018474342e+19,QSO,1.264503,10724,58391,805
1.2376655714477678e+18,260.439231083637,36.241837527772,20.79083,20.61927,20.51301,20.28185,20.16302,4679,301,5,224,1.2074412425526663e+19,QSO,1.564883,10724,58391,952
1.237654953745712e+18,257.71889504881,36.0582601544241,21.26588,21.12185,21.1994,20.89754,20.78778,2207,301,4,132,1.2074302474363884e+19,QSO,2.072718,10724,58391,552
1.2376549537464328e+18,258.53397492535,34.5750089739709,21.9058,22.01203,21.30874,21.21252,21.03959,2207,301,4,143,1.207425437073017e+19,QSO,1.21248,10724,58391,377
1.2376549537464983e+18,258.795673536831,34.4264948163105,21.36202,21.30157,21.11917,20.89237,21.07498,2207,301,4,144,1.2074231280986e+19,QSO,1.491048,10724,58391,293
1.237654954819453e+18,258.593548437819,36.3626548253107,24.63465,25.07784,24.80203,21.85845,19.0822,2207,301,6,132,1.2074334085323184e+19,STAR,-0.00022043,10724,58391,667
1.237655504571663e+18,257.251641706171,35.4980963806214,21.47091,21.55033,21.2226,21.16788,22.5186,2335,301,6,77,1.2074290929491792e+19,QSO,1.360928,10724,58391,510
1.2376627018728092e+18,260.26181086769,35.1846986076972,23.33673,24.20639,21.88178,20.54382,19.65205,4011,301,4,225,1.2074160912241807e+19,GALAXY,0.7722484,10724,58391,37
1.237662701335741e+18,259.63978515557,35.4444009347738,24.97041,24.44517,22.33134,21.0839,19.45362,4011,301,3,222,1.2074396757486e+19,STAR,0.003857495,10724,58391,895
1.2376555045719255e+18,257.636704100014,34.9254323319004,22.836,22.88553,21.63362,20.44868,19.78621,2335,301,6,81,1.2074284607299934e+19,GALAXY,0.6383941,10724,58391,487
1.2376549548193884e+18,258.480572167373,36.4895138560134,22.45626,21.05757,20.3764,20.16861,20.11588,2207,301,6,131,1.2074323914840627e+19,STAR,-7.792548e-05,10724,58391,630
1.237671937117782e+18,259.453288763449,35.6265417083321,23.91204,20.81954,21.99297,21.78088,20.61434,6161,301,6,96,1.20743821889569e+19,STAR,-0.0002025329,10724,58391,842
1.237671936044107e+18,258.597891517749,35.1533657411828,27.15084,25.19993,21.86098,20.62415,19.83628,6161,301,4,97,1.2074249422927843e+19,GALAXY,0.7933371,10724,58391,359
1.2376719349701678e+18,257.292451664047,34.9981874149035,21.99973,21.16732,21.60225,21.2837,20.99784,6161,301,2,94,1.2074285431933655e+19,GALAXY,0.07070425,10724,58391,490
1.2376805082595333e+18,349.520334141789,33.7184447419333,21.54266,20.8616,20.76802,20.56815,20.09437,8157,301,3,60,8.732497960208979e+18,QSO,2.206371,7756,58392,66
1.2376805050460408e+18,349.510731544468,34.8214045166015,20.12281,19.84922,19.66172,19.6766,19.55572,8156,301,5,178,8.73274260154616e+18,QSO,0.9296,7756,58392,956
1.2376805082592712e+18,348.833607175688,33.5346479597602,21.44832,21.16949,21.08742,20.85823,21.39149,8157,301,3,56,8.732529571168279e+18,QSO,1.720405,7756,58392,181
1.237659327106254e+18,253.418790893481,34.34069815192,26.56538,23.32805,21.56962,20.47531,19.82339,3225,301,6,286,1.2281390816547854e+19,GALAXY,0.6662856,10908,58392,271
1.2376805071852014e+18,348.08765773601,32.7283765823334,25.17624,23.49205,20.58255,20.36403,21.04328,8157,301,1,51,8.732570253098505e+18,STAR,-0.0003257988,7756,58392,329
1.2376805082604508e+18,352.00814126631,33.9111670140216,21.85581,22.12316,21.68692,21.7956,21.1627,8157,301,3,74,8.73363677937745e+18,GALAXY,0.3054548,7757,58392,113
1.2376805045097605e+18,351.290020632953,34.5346752428016,24.95381,25.11718,21.83791,20.68073,19.97835,8156,301,4,187,8.733817649040218e+18,GALAXY,0.5957176,7757,58392,771
1.237659326032315e+18,252.451258969204,34.2776158485587,21.94728,21.24883,20.88515,20.77714,20.74394,3225,301,4,283,1.2281433147745524e+19,QSO,1.364581,10908,58392,425
1.2376593260319872e+18,251.866887438401,34.8689727979591,21.67573,21.45114,21.37655,21.00588,21.44472,3225,301,4,278,1.2281454038466451e+19,QSO,3.804615,10908,58392,501
1.2376805082589435e+18,347.848494196743,33.5688232531279,21.99089,21.77058,21.6256,21.04373,20.49342,8157,301,3,51,8.732585921139202e+18,QSO,0.6179536,7756,58392,386
1.2376593271060577e+18,253.187965973485,34.7150123830497,25.88621,23.01401,21.83872,20.49237,19.46164,3225,301,6,283,1.2281507914536212e+19,GALAXY,0.7285472,10908,58392,697
1.2376805082593372e+18,349.014830884876,33.5952271367151,23.55123,24.28799,21.88521,20.76343,19.96635,8157,301,3,57,8.73252132483107e+18,GALAXY,0.5810218,7756,58392,151
1.2376593271065162e+18,253.829487028144,33.8803494875961,23.8751,24.14531,21.91874,20.70472,19.94726,3225,301,6,290,1.2281364428268788e+19,GALAXY,0.7076356,10908,58392,175
1.23765932603225e+18,252.183262890684,34.2403920808476,25.04667,21.96687,21.54539,21.41977,21.93674,3225,301,4,282,1.2281444417739708e+19,QSO,3.444958,10908,58392,466
1.2376555018870464e+18,254.647072072925,34.8659116894246,21.88266,21.19575,21.13012,21.18271,21.00102,2335,301,1,73,1.228158735425132e+19,QSO,2.297068,10908,58392,986
1.2376593260323156e+18,252.386309120419,34.1197110880836,24.20129,22.25225,21.80961,21.31134,20.78713,3225,301,4,283,1.2281432597989708e+19,QSO,2.132126,10908,58392,423
1.23768050450904e+18,349.312847631127,34.2457306334211,24.57537,23.52967,21.99114,20.52489,19.77108,8156,301,4,176,8.732735179842672e+18,GALAXY,0.653155,7756,58392,929
1.2376593260319872e+18,251.782590580813,34.7132237544792,21.54098,21.32363,21.37141,21.06987,20.85724,3225,301,4,278,1.2281456512367612e+19,QSO,1.632915,10908,58392,510
1.2376593260325775e+18,252.746052095194,33.655198160896,23.33258,21.50304,21.04733,20.87213,20.73285,3225,301,4,287,1.2281418854094365e+19,QSO,1.853332,10908,58392,373
1.2376805082589435e+18,348.003985199953,33.413999357677,21.34065,21.8871,22.14144,21.55897,20.71738,8157,301,3,51,8.732574926022924e+18,QSO,1.976393,7756,58392,346
1.2376593265691855e+18,252.731339498457,34.4276987055392,21.31978,21.16502,21.2308,21.17385,20.4868,3225,301,5,283,1.228142627579785e+19,QSO,2.096784,10908,58392,400
1.2376593260319867e+18,251.905090457036,34.7965154830821,21.09601,19.99323,19.57964,19.35253,19.41785,3225,301,4,278,1.228145761187924e+19,STAR,-0.0005701215,10908,58392,514
1.2376593271066473e+18,254.146141665412,33.5962764215866,23.67097,23.72755,21.87145,20.87309,19.82671,3225,301,6,292,1.2281351234129254e+19,GALAXY,0.8113407,10908,58392,127
1.2376805028987543e+18,350.472929696988,33.269483415047,23.58464,23.22084,21.56174,20.40309,19.49037,8156,301,1,181,8.733718692993718e+18,GALAXY,0.7374321,7757,58392,411
1.2376593260320527e+18,251.923145836826,34.59889195493,21.61134,21.33484,21.26823,21.01928,21.16533,3225,301,4,279,1.2281458161635056e+19,QSO,3.829275,10908,58392,516
1.2376805077227927e+18,349.971881002415,33.3041993474778,23.41609,22.42399,21.43825,20.34213,19.55018,8157,301,2,62,8.73373023786581e+18,GALAXY,0.6751972,7757,58392,453
1.2376805077227284e+18,349.759562226438,33.3655464041914,25.51941,23.47415,21.91606,20.81569,19.92187,8157,301,2,61,8.732481192656656e+18,QSO,1.190009,7756,58392,5
1.2376805082591406e+18,348.530856246446,33.4628085992662,24.54252,23.64718,22.07427,21.0087,20.02543,8157,301,3,54,8.732541665796184e+18,GALAXY,0.5543268,7756,58392,225
1.2376805050456486e+18,348.4524896364,34.5910196417752,25.88875,24.00657,21.41877,20.1961,19.24037,8156,301,5,172,8.732688450598493e+18,GALAXY,0.8586837,7756,58392,759
1.2376593260328394e+18,253.228277982278,33.2331691867023,22.09105,22.22573,21.9412,22.05006,21.28778,3225,301,4,291,1.228139576435018e+19,GALAXY,0.6866101,10908,58392,289
1.2376805050470892e+18,352.430615804024,35.0206909557169,21.23695,21.51806,20.80602,21.38778,18.97415,8156,301,5,194,8.733873449255328e+18,STAR,-0.0001290019,7757,58392,974
1.2376805082590748e+18,348.313132715362,33.4657010706946,22.0476,21.98355,21.70234,21.90021,21.21998,8157,301,3,53,8.73256448066246e+18,QSO,0.8749577,7756,58392,308
1.2376805077237765e+18,352.545835821874,33.5392478880669,21.80514,22.07658,21.35905,20.98649,20.97016,8157,301,2,77,8.733612315243731e+18,GALAXY,0.1637757,7757,58392,24
1.2376805050455828e+18,348.36563451542,34.559506217946,23.08833,22.2426,20.16519,19.36604,18.91887,8156,301,5,171,8.732688175720585e+18,GALAXY,0.434635,7756,58392,758
1.2376805045094986e+18,350.567047328953,34.4486015039805,25.98721,25.56092,22.75844,21.1629,19.90587,8156,301,4,183,8.733773668575107e+18,QSO,3.849446,7757,58392,611
1.2376593271065807e+18,253.947696717568,33.7125741431439,22.86313,20.63468,19.21071,18.60954,18.24997,3225,301,6,291,1.2281352058763e+19,GALAXY,0.2538136,10908,58392,130
1.2376555018866524e+18,254.152611820487,35.739638811326,24.63467,21.1953,21.07421,20.29517,21.2244,2335,301,1,67,1.2281554368902486e+19,GALAXY,0.6544341,10908,58392,866
1.237680508259009e+18,348.108696210752,33.598118639487,20.3324,19.31411,19.00892,18.84615,18.81172,8157,301,3,52,8.732576025534552e+18,STAR,-0.0007381341,7756,58392,350
1.2376554728973937e+18,253.161280512428,34.9919237524917,25.05975,24.0254,21.84648,20.6213,19.88772,2328,301,3,94,1.2281504616001327e+19,GALAXY,0.6660136,10908,58392,685
1.2376805082594675e+18,349.291975748099,33.617122082881,21.10365,20.8714,21.02973,20.69212,20.98286,8157,301,3,59,8.732509230203165e+18,QSO,1.711982,7756,58392,107
1.2376593271063852e+18,253.658993692364,34.0715341806121,25.42027,24.06439,21.90734,20.59999,19.95305,3225,301,6,288,1.228137762240832e+19,GALAXY,0.7118278,10908,58392,223
1.237659326032577e+18,252.75015808708,33.6353873249255,22.10978,19.89162,19.03784,18.69477,18.55618,3225,301,4,287,1.2281418304338549e+19,STAR,-5.225759e-05,10908,58392,371
1.2376593271061883e+18,253.391846514871,34.4783361284347,25.324,22.8491,21.46424,20.39602,19.6809,3225,301,6,285,1.2281392465815296e+19,GALAXY,0.7136852,10908,58392,277
1.237659326032381e+18,252.524183549021,34.0614948166617,22.63344,22.03962,21.92442,21.54126,20.89905,3225,301,4,284,1.2281431223600175e+19,QSO,0.813725,10908,58392,418
1.2376805050456486e+18,348.431146575037,34.6645424124614,23.60017,23.49864,21.46616,20.07071,19.33364,8156,301,5,172,8.732687900842678e+18,GALAXY,0.6461555,7756,58392,757
1.2376593260323144e+18,252.427380874248,34.3089692986336,24.63465,23.36883,20.8612,19.88292,21.31444,3225,301,4,283,1.2281435621646686e+19,STAR,-1.559825e-05,10908,58392,434
1.2376805082590743e+18,348.303607842491,33.5243313868019,21.91677,22.03942,21.88977,21.53816,21.01607,8157,301,3,53,8.732563930906647e+18,QSO,1.803579,7756,58392,306
1.237680507186316e+18,351.001841240849,33.1275088299716,22.2321,21.97691,21.04938,20.45526,19.97167,8157,301,1,68,8.733693953982093e+18,GALAXY,0.2585323,7757,58392,321
1.2376805050455828e+18,348.360274980544,34.5413207493565,24.62986,22.40317,20.49545,19.6355,19.38022,8156,301,5,171,8.732680479139191e+18,GALAXY,0.4297893,7756,58392,730
1.2376593260320527e+18,251.928133969084,34.6205649464632,21.44744,21.3366,21.36211,21.21509,20.80568,3225,301,4,279,1.2281458436513e+19,GALAXY,0.0,10908,58392,517
1.2376805082591398e+18,348.357012838602,33.5641875785894,20.62985,19.50863,19.08011,18.95754,18.98054,8157,301,3,54,8.732554035302e+18,STAR,-0.001336658,7756,58392,270
1.2376593271064507e+18,253.752288071698,34.0153133746905,22.79781,22.77807,21.43581,20.292,19.53154,3225,301,6,289,1.2281366077536227e+19,GALAXY,0.6578753,10908,58392,181
1.2376805050458447e+18,348.999475167977,34.6321159896467,22.50262,24.0763,22.04175,20.69617,20.01321,8156,301,5,175,8.732715938389188e+18,GALAXY,0.7004983,7756,58392,859
1.2376805045089088e+18,348.910377922185,34.2881855717535,23.51047,22.58931,21.43711,20.24293,19.5145,8156,301,4,174,8.732718137412442e+18,GALAXY,0.8662022,7756,58392,867
1.2376593271065807e+18,253.910689545588,33.7432865550641,25.03422,21.25753,19.94589,19.41602,19.01267,3225,301,6,291,1.2281365802658322e+19,GALAXY,0.251538,10908,58392,180
1.237659326569251e+18,252.805238930692,34.3403123555412,22.04231,21.93733,21.29675,21.99069,21.44176,3225,301,5,284,1.2281424076774597e+19,STAR,-8.997534e-05,10908,58392,392
1.2376805082594022e+18,349.234762720198,33.59350493403,20.17723,19.90171,19.85644,19.59229,19.29775,8157,301,3,58,8.732510604592699e+18,QSO,1.987581,7756,58392,112
1.2376593265696443e+18,253.551438974458,33.5517097116356,25.53537,24.83164,22.74512,21.59386,19.04978,3225,301,5,290,1.22813847692339e+19,STAR,-0.0001692291,10908,58392,249
1.2376593260323804e+18,252.60566960868,34.1181173364542,20.80212,20.26272,20.29451,20.26588,20.27036,3225,301,4,284,1.2281421327995523e+19,QSO,2.395107,10908,58392,382
1.237659326569448e+18,253.134781901335,33.9464789469134,23.48302,22.13411,21.68493,21.69611,21.70316,3225,301,5,287,1.2281408133856e+19,QSO,1.077055,10908,58392,334
1.237659326032249e+18,252.273830905702,34.3371621944759,21.46531,20.98208,20.95305,20.60103,20.5063,3225,301,4,282,1.2281443593106e+19,QSO,1.747763,10908,58392,463
1.2376805071853322e+18,348.367359528973,32.6884188685529,22.50556,19.67542,20.93752,20.46358,18.96206,8157,301,1,53,8.732557608714787e+18,STAR,-0.0001792748,7756,58392,283
1.23768050825914e+18,348.454723097144,33.5770879239221,21.33023,21.39667,21.34653,21.16578,20.30207,8157,301,3,54,8.732554585057811e+18,QSO,1.993855,7756,58392,272
1.2376805050455163e+18,348.074555069797,34.546926789846,24.38078,23.75656,21.90604,20.47367,19.59377,8156,301,5,170,8.732673057435702e+18,GALAXY,0.6804389,7756,58392,703
1.2376805050461716e+18,349.892215858999,34.7382735963348,22.94036,20.4835,19.81409,19.64108,19.93027,8156,301,5,180,8.732749473493834e+18,STAR,-0.0004117526,7756,58392,981
1.237659326569251e+18,252.810977447766,34.2919644969876,24.63465,25.11437,24.80202,22.43412,18.31332,3225,301,5,284,1.2281412806780408e+19,STAR,-8.992282e-05,10908,58392,351
1.2376805082593367e+18,348.992308395553,33.5639486973611,20.09957,20.00948,19.85676,19.74434,19.57401,8157,301,3,57,8.732522699220605e+18,QSO,1.47081,7756,58392,156
1.2376805055827164e+18,348.986223902303,35.1410627044798,26.04352,23.49044,21.85749,20.52583,19.59748,8156,301,6,175,8.732700545226397e+18,GALAXY,0.7475947,7756,58392,803
1.2376805050463688e+18,350.390343089622,34.930322252259,21.57956,21.03477,20.74253,20.39396,20.09881,8156,301,5,183,8.73376624687162e+18,QSO,0.743041,7757,58392,584
1.2376805071854643e+18,348.782282601448,32.7622576215814,22.45446,24.80269,22.59519,21.542,19.9512,8157,301,1,55,8.732537817505487e+18,STAR,-1.218765e-05,7756,58392,211
1.2376805077220728e+18,348.017626916098,33.0997450393593,24.47491,24.35452,22.47901,20.68675,19.99341,8157,301,2,51,8.73258344723804e+18,GALAXY,0.6463219,7756,58392,377
1.2376593271064497e+18,253.743607848704,33.9305862749823,24.50925,24.93308,21.19175,20.1389,19.27711,3225,301,6,289,1.2281365527780415e+19,GALAXY,0.6982115,10908,58392,179
1.2376805082599265e+18,350.480204733492,33.8991683598994,21.74429,21.1656,20.75535,20.17831,19.89537,8157,301,3,66,8.733725564941392e+18,QSO,1.722429,7757,58392,436
1.2376593271058609e+18,252.893670673171,35.0456357591584,22.9981,22.79608,21.82439,20.70931,19.95463,3225,301,6,280,1.2281491421861796e+19,QSO,3.928887,10908,58392,637
1.2376593265691205e+18,252.6294896145,34.5754654567194,22.53818,21.78788,21.66322,21.66214,21.53948,3225,301,5,282,1.2281485924303657e+19,QSO,1.205461,10908,58392,617
1.23767859807545e+18,325.607390264332,2.74026160200398,21.80752,22.07116,21.75568,21.68712,21.30854,7712,301,5,100,1.2749795689292388e+19,QSO,1.67815,11324,58395,382
1.237665582722188e+18,258.589206584665,39.9118990540316,21.95517,21.51998,21.31945,21.26345,20.66496,4682,301,2,226,1.2118268645890871e+19,GALAXY,0.0,10763,58395,756
1.2376655827223846e+18,258.764082815227,39.524958961189,21.23601,20.63894,20.37746,20.13326,19.90726,4682,301,2,229,1.211827441832692e+19,QSO,2.126107,10763,58395,777
1.237665582722188e+18,258.750169241764,39.9899355472984,22.02327,21.97948,21.58813,21.60136,21.35675,4682,301,2,226,1.211828074051878e+19,QSO,1.022034,10763,58395,800
1.2376683540374497e+18,260.262102417864,39.621472161398,22.50528,21.70409,21.53908,21.50699,21.14268,5327,301,4,37,1.2118334066832726e+19,GALAXY,1.323415,10763,58395,994
1.237678598089671e+18,358.085573990984,3.25279414278292,21.58005,21.67305,21.37637,21.21633,21.16204,7712,301,5,317,1.269806971451948e+19,QSO,1.314863,11278,58395,620
1.2376785980761047e+18,327.181983131038,2.7099386415801,22.16048,22.23281,21.77642,22.17175,22.24142,7712,301,5,110,1.2749707728362166e+19,GALAXY,0.236755,11324,58395,62
1.2376785986264768e+18,358.047083575159,3.61047840871309,25.91861,25.79092,21.94749,20.62976,19.89546,7712,301,6,316,1.2698067790374132e+19,GALAXY,0.6943144,11278,58395,613
1.2376785980756475e+18,326.122279180076,2.76536350791543,23.72093,25.03584,23.54057,21.4851,19.98486,7712,301,5,103,1.2749772324670298e+19,STAR,-0.0001080404,11324,58395,297
1.237678825171322e+18,325.514859521689,3.88884475175604,26.23395,24.25765,21.95739,20.72703,19.95805,7765,301,4,92,1.2749847091461e+19,GALAXY,0.7702832,11324,58395,569
1.2376785980757128e+18,326.247160678828,2.70588594552559,24.65963,23.41193,21.79082,20.37541,19.55422,7712,301,5,104,1.2749760779798206e+19,STAR,-2.955385e-05,11324,58395,255
1.2376785980757125e+18,326.158773095824,2.6683741881001,22.58423,22.06219,21.96579,21.40627,21.24131,7712,301,5,104,1.2749772599548203e+19,QSO,1.637429,11324,58395,298
1.2376549548183393e+18,256.958876131265,38.5455155243211,21.54823,21.35688,21.61664,21.41921,20.94947,2207,301,6,115,1.2118184808129255e+19,QSO,2.121994,10763,58395,451
1.2376788240975142e+18,325.415411511856,3.12851866998899,21.78384,21.98463,21.46285,21.45936,21.44331,7765,301,2,91,1.2749809158309829e+19,QSO,1.266424,11324,58395,431
1.2376788251719767e+18,326.979032835191,4.08046632385219,21.32341,21.06184,20.99042,20.72736,20.91986,7765,301,4,102,1.2749943573606324e+19,QSO,2.114196,11324,58395,920
1.237678598627e+18,359.16832156855,3.71857349568392,24.23172,23.31858,21.11572,20.96533,19.82506,7712,301,6,324,1.2698122216199709e+19,STAR,-2.97512e-05,11278,58395,811
1.2376788257087163e+18,326.684800872234,4.44869358155204,21.13544,20.63745,20.3229,19.99999,19.8223,7765,301,5,100,1.2749928730199347e+19,QSO,0.8852787,11324,58395,866
1.2376788251715845e+18,326.005844670466,4.07708300454422,22.98798,22.76928,21.6207,20.57076,19.81322,7765,301,4,96,1.274987732803075e+19,GALAXY,0.4786163,11324,58395,679
1.2376788257082575e+18,325.583108085834,4.30622225982652,20.31526,19.90584,19.71283,19.61453,19.43774,7765,301,5,93,1.2749854238286567e+19,QSO,0.8140297,11324,58395,595
1.2376785980761052e+18,327.095145426418,2.65758684736999,20.69655,20.60975,20.25687,20.3038,20.29718,7712,301,5,110,1.2749716524455188e+19,QSO,1.224202,11324,58395,94
1.23767859807604e+18,326.929153036275,2.62424600272656,24.69701,21.62329,21.3094,21.35029,21.4024,7712,301,5,109,1.2749728344205187e+19,QSO,3.13067,11324,58395,137
1.2376785986268695e+18,358.936756944015,3.60882678722398,24.56556,22.59455,21.21017,20.17447,19.47117,7712,301,6,322,1.2698112320595057e+19,GALAXY,0.7145265,11278,58395,775
1.2376785986270664e+18,359.417908573498,3.5738472247729,22.11177,21.6171,21.02759,20.59836,20.3571,7712,301,6,325,1.2698145031066e+19,GALAXY,0.253897,11278,58395,894
1.2376804744469548e+18,353.38888136272,32.3254033851432,21.42579,21.03563,20.93858,20.77701,20.80376,8149,301,4,217,8.743995553350965e+18,QSO,1.579062,7766,58395,934
1.2376786190280947e+18,359.193065215541,2.6094769252787,17.27775,16.37891,16.1055,15.9873,15.96906,7717,301,4,324,1.2697948768240425e+19,STAR,-0.000252406,11278,58395,180
1.2376655714464563e+18,258.958597364943,39.070307232412,20.2813,19.98975,19.75188,19.54387,19.6542,4679,301,5,204,1.2118113614751357e+19,QSO,1.482189,10763,58395,192
1.237680311226401e+18,352.476340225449,32.0836806131764,19.22127,18.89125,18.77551,18.64375,18.57708,8111,301,4,37,8.74383227587424e+18,QSO,1.653339,7766,58395,340
1.237678825171912e+18,326.830919889755,3.98244020610237,23.59551,23.84572,22.67364,21.27767,19.76903,7765,301,4,101,1.2749933403123767e+19,GALAXY,0.8583756,11324,58395,883
1.237654954818536e+18,257.307402790783,38.1339738808332,21.93738,21.80561,21.69592,21.37279,21.02864,2207,301,6,118,1.2118183708617628e+19,QSO,2.048435,10763,58395,447
1.2376655827226468e+18,259.181273476911,39.0267013537706,21.01297,21.09305,21.0528,20.74332,20.59702,4682,301,2,233,1.2118101520123451e+19,QSO,1.7969,10763,58395,148
1.2376655827226468e+18,259.230686088072,38.9967556207399,21.40154,21.29843,20.96626,20.74301,20.29009,4682,301,2,233,1.2118102069879263e+19,QSO,1.429781,10763,58395,150
1.237665582722122e+18,258.519010523162,40.0725904907689,19.18607,18.62484,18.62452,18.39608,18.45312,4682,301,2,225,1.2118269195646687e+19,QSO,0.5841113,10763,58395,758
1.2376655827223846e+18,258.939542743312,39.4816485827706,21.70113,21.48303,21.38287,21.01244,20.9299,4682,301,2,229,1.2118285688321104e+19,QSO,2.159325,10763,58395,818
1.23767882570852e+18,326.241484329161,4.35154388373925,20.15892,19.85986,19.76457,19.52977,19.63526,7765,301,5,97,1.2749896019728425e+19,QSO,1.645903,11324,58395,747
1.2376785975389066e+18,326.394613704913,2.29612160993584,24.78824,21.58655,21.2892,21.20467,21.1933,7712,301,4,105,1.2749747585658671e+19,STAR,-0.0004038405,11324,58395,207
1.2376788251719772e+18,326.994098410464,4.12997155620408,23.14888,22.1391,21.06472,20.02806,19.21576,7765,301,4,102,1.2749941649461e+19,GALAXY,0.6341655,11324,58395,913
1.2376803112269903e+18,353.958267087475,32.1836665778371,23.9188,20.87381,19.35272,18.81091,18.33777,8111,301,4,46,8.743746513967274e+18,STAR,-0.0004099222,7766,58395,28
1.237678598075843e+18,326.513757205322,2.746902595801,21.93347,22.27607,21.72007,21.43203,22.26733,7712,301,5,106,1.2749750609315647e+19,QSO,3.996939,11324,58395,218
1.2376655827227123e+18,259.176344552505,38.8277082048943,21.312,21.5202,21.52971,21.19611,21.21303,4682,301,2,234,1.2118091899396708e+19,QSO,1.785845,10763,58395,113
1.2376655827225157e+18,258.967188402734,39.2104084422091,21.77584,21.61812,21.61789,21.31884,21.31744,4682,301,2,231,1.2118114714263e+19,QSO,2.105664,10763,58395,196
1.2376785986268695e+18,358.865368265899,3.68698459892083,24.52761,23.40472,21.50252,20.44917,19.74524,7712,301,6,322,1.2698111221083429e+19,GALAXY,0.6587213,11278,58395,771
1.2376786184910282e+18,358.760293955589,2.25371324714368,22.82941,21.81783,21.25491,20.98303,20.95287,7717,301,3,321,1.2697968009693911e+19,STAR,-2.222415e-05,11278,58395,250
1.2376785975389716e+18,326.505759843324,2.33545064854036,21.36924,20.95474,20.56632,21.21231,20.46164,7712,301,4,106,1.2749747310780766e+19,STAR,3.398736e-06,11324,58395,206
1.2376655827219256e+18,258.25209415257,40.4240988871718,19.43089,19.05146,18.89266,18.83973,18.71166,4682,301,2,222,1.2118254901995526e+19,QSO,0.8711484,10763,58395,706
1.2376785986265418e+18,358.114400517316,3.67604342173496,22.79342,22.71702,21.67226,20.31642,19.62838,7712,301,6,317,1.269806614110669e+19,GALAXY,0.6099823,11278,58395,607
1.2376788240975142e+18,325.343247329393,3.0925406965633,22.3195,22.26865,21.87157,21.62872,21.36745,7765,301,2,91,1.2749821252937734e+19,STAR,-0.0008556245,11324,58395,475
1.237678597553521e+18,359.83722926619,2.89807680799771,20.26761,19.87341,19.73041,19.4174,19.6274,7712,301,4,328,1.2697907536554383e+19,QSO,0.6247969,11278,58395,30
1.2376683535006436e+18,259.85877299886,39.323097774837,21.42601,19.76819,19.18007,18.98464,18.87082,5327,301,3,38,1.2118086951594383e+19,STAR,-0.0002000398,10763,58395,95
1.237678825172043e+18,327.076117668128,4.05346124075309,23.03335,25.98996,22.46177,21.22763,19.97767,7765,301,4,103,1.2749943298728415e+19,GALAXY,0.8465902,11324,58395,919
1.2376785986273288e+18,359.985372436809,3.66626700365777,25.49242,23.73986,21.57303,20.28648,19.42949,7712,301,6,329,1.2698173893246212e+19,GALAXY,0.7173058,11278,58395,999
1.2376786614237268e+18,359.338405305119,4.57195320364233,22.15936,21.42038,21.40919,20.98849,21.05853,7727,301,3,62,1.2698136784728777e+19,QSO,1.638306,11278,58395,864
1.237678598626346e+18,357.743057408693,3.62138845109525,23.95302,23.42772,21.75179,20.56075,19.87153,7712,301,6,314,1.2698045800141576e+19,GALAXY,0.6226528,11278,58395,533
1.2376785980761052e+18,327.088308200619,2.63427492923439,21.78682,21.54447,21.45317,21.12561,20.70987,7712,301,5,110,1.274971624957728e+19,QSO,1.944767,11324,58395,93
1.2376788257081267e+18,325.334198129045,4.43691682529959,21.62098,21.23933,20.67369,20.48288,20.33897,7765,301,5,91,1.27498396697575e+19,QSO,1.2824,11324,58395,542
1.2376655827229742e+18,259.652515505081,38.3098542126946,19.75676,19.51299,19.25458,18.77815,18.72416,4682,301,2,238,1.211806303721648e+19,QSO,1.758498,10763,58395,8
1.237665582722319e+18,258.789805815475,39.7135337261535,21.59718,21.22592,20.95551,20.71469,20.65427,4682,301,2,228,1.2118284313931567e+19,QSO,1.546852,10763,58395,813
1.2376788257088476e+18,326.895547868844,4.42890936387495,21.03875,20.70954,20.49189,20.39532,20.39249,7765,301,5,102,1.274994027507144e+19,QSO,2.071632,11324,58395,908
1.2376785975385784e+18,325.637405759758,2.23708027182291,21.4303,23.37333,21.18898,21.94418,20.53113,7712,301,4,100,1.2749790191734247e+19,QSO,1.52673,11324,58395,362
1.23768031122686e+18,353.710915407926,32.1584172122335,21.1789,21.17961,20.8462,20.76621,20.69561,8111,301,4,44,8.743749262746344e+18,QSO,1.294885,7766,58395,38
1.2376788251719767e+18,326.919079175811,4.00918502664239,22.19041,22.02531,21.91376,21.55203,20.92453,7765,301,4,102,1.2749935052391209e+19,QSO,1.921149,11324,58395,889
1.237665582721795e+18,258.162978123076,40.7309141852205,22.32987,21.64913,21.53292,21.35812,20.82371,4682,301,2,220,1.2118243357123434e+19,QSO,2.68525,10763,58395,664
1.23767882570852e+18,326.236208461234,4.4362572090426,20.37485,19.80434,19.23432,19.1144,19.02688,7765,301,5,97,1.2749896844362144e+19,QSO,1.127751,11324,58395,750
1.23767882409758e+18,325.532982661127,3.1131560057539,23.45973,22.5313,22.15328,22.36041,22.24565,7765,301,2,92,1.2749808608554e+19,QSO,2.205753,11324,58395,429
1.2376786614235963e+18,359.114820628498,4.63515323264085,27.16746,23.17876,21.76025,20.55551,19.86912,7727,301,3,60,1.2698125514734588e+19,GALAXY,0.6003264,11278,58395,823
1.237678825708913e+18,327.167051254438,4.38973526645531,18.68003,18.57536,18.21405,18.23481,18.35666,7765,301,5,103,1.274994934604237e+19,QSO,1.113711,11324,58395,941
1.2376785975388416e+18,326.296690753686,2.32516174268715,22.05367,21.82903,21.6094,21.45646,20.95201,7712,301,4,104,1.27497605049203e+19,QSO,0.1285912,11324,58395,254
1.237678598075778e+18,326.39782296588,2.6066110440907,22.28963,21.28747,20.8638,20.34529,20.21627,7712,301,5,105,1.2749749509804e+19,QSO,1.809125,11324,58395,214
1.2376785980756467e+18,326.120096342441,2.71300741628613,22.21858,21.78756,20.82896,20.16381,19.7984,7712,301,5,103,1.2749771500036575e+19,QSO,0.665457,11324,58395,294
1.2376786195505487e+18,326.264288829078,2.51650937608154,24.14215,25.36004,21.78771,20.54322,19.79934,7717,301,5,104,1.2749758031019135e+19,GALAXY,0.5869771,11324,58395,245
1.2376785980756467e+18,326.152329317659,2.76552027315051,22.47648,22.24499,22.00677,21.66667,21.44414,7712,301,5,103,1.2749772874426112e+19,QSO,0.2536117,11324,58395,299
1.2376788257083233e+18,325.692975741844,4.37492429288405,21.27997,20.94161,20.36346,20.24437,20.13784,7765,301,5,94,1.2749863309257497e+19,QSO,0.9888121,11324,58395,628
1.23766558272245e+18,259.048426793709,39.4617616188665,22.08296,21.76177,21.53181,21.10287,20.77516,4682,301,2,230,1.2118296133681568e+19,QSO,0.5788352,10763,58395,856
1.237678597538906e+18,326.367782893322,2.27980272122744,24.88149,21.29983,21.74187,21.43661,20.80823,7712,301,4,105,1.2749759405408672e+19,STAR,-0.0007673168,11324,58395,250
1.2376785975392343e+18,327.167730957677,2.26777099944795,21.67618,21.24792,21.2091,20.98877,20.8613,7712,301,4,110,1.274971542494356e+19,QSO,1.758364,11324,58395,90
1.237678598627132e+18,359.557479429649,3.55351476702631,25.6785,22.84307,21.33725,20.16576,19.51981,7712,301,6,326,1.2698156850816e+19,GALAXY,0.5792573,11278,58395,937
1.2376788466424223e+18,317.446231334689,6.9429800328314,21.34645,19.7798,19.1944,18.72347,18.34497,7770,301,4,35,1.274085720953116e+19,QSO,2.939988,11316,58396,632
1.2376555034983813e+18,257.062607932948,34.0977404476496,23.19609,23.21341,22.40313,20.79844,19.86699,2335,301,4,84,1.2274593635732052e+19,GALAXY,0.7267807,10902,58396,119
1.237655502960985e+18,255.948043174078,34.9881056850199,23.67365,22.10932,21.08868,20.83389,20.52517,2335,301,3,76,1.2274740970290172e+19,STAR,-0.0006167258,10902,58396,655
1.237659889192273e+18,2.37276733643972,33.374284455428,22.72039,23.46247,21.59739,20.27726,19.56009,3356,301,5,14,8.723727430899228e+18,GALAXY,0.6882045,7748,58396,927
1.2376555024243758e+18,255.772315661937,34.2206302325408,21.66018,21.73993,21.72342,21.39592,21.28455,2335,301,2,80,1.2274665653743671e+19,QSO,1.962358,10902,58396,381
1.237655129843958e+18,255.948177189693,35.1209808200405,19.90065,19.92805,19.69931,19.70992,19.99112,2248,301,4,202,1.2274737396877384e+19,QSO,1.291156,10902,58396,642
1.2376786238421084e+18,9.58295622086808,5.72739877872978,26.70999,26.21906,22.5966,20.95359,19.6213,7718,301,5,52,9.849373900311648e+18,STAR,0.001259668,8748,58396,5
1.2376697010472883e+18,7.84257038529859,6.55957520740019,24.29464,22.99246,21.69819,20.65048,19.83874,5641,301,1,48,9.849569613381392e+18,GALAXY,0.6629403,8748,58396,717
1.2376555034983145e+18,256.89754262685,34.3332654967946,21.68195,21.18395,20.88564,20.59449,20.30884,2335,301,4,83,1.2274603806214609e+19,QSO,2.108809,10902,58396,156
1.237659889192142e+18,2.12879167317374,33.190799270934,22.94076,24.45525,21.98674,20.73872,19.86382,3356,301,5,12,8.723717535294576e+18,STAR,-5.105785e-05,7748,58396,891
1.237678661427725e+18,8.58465080390727,4.61546164455949,22.11396,21.89594,21.5394,21.83402,23.51779,7727,301,3,123,9.849417605898852e+18,QSO,2.11275,8748,58396,164
1.2376555024247695e+18,256.293532268237,33.4584101165935,20.74623,20.4969,20.53226,20.3008,20.30672,2335,301,2,86,1.2274649161069257e+19,QSO,0.6792374,10902,58396,321
1.2376555045719905e+18,257.69677743087,34.7961797030404,22.6299,21.61143,21.54863,21.49674,21.47487,2335,301,6,82,1.2274828656342487e+19,QSO,2.508434,10902,58396,974
1.237667227685946e+18,32.8827162029114,5.96779477424073,26.27796,22.93707,21.35954,20.07566,19.37364,5065,301,2,93,9.832527732906678e+18,GALAXY,0.7446721,8733,58396,159
1.2376555034980516e+18,256.511795312158,34.7985527890776,19.07056,18.10831,17.83102,17.7391,17.77046,2335,301,4,79,1.2274773405883191e+19,STAR,-0.0007017142,10902,58396,773
1.2376555034981834e+18,256.683527374423,34.5700286183682,22.15858,21.85111,21.90219,21.57071,22.48817,2335,301,4,81,1.2274626895958792e+19,QSO,1.726525,10902,58396,240
1.237655502961116e+18,256.024750558779,34.7112825089549,20.73981,20.4052,20.22006,19.99256,19.9955,2335,301,3,78,1.227475306491808e+19,QSO,1.946424,10902,58396,699
1.2376599348266276e+18,4.93302102210254,33.8752473890114,22.32159,21.24871,21.16184,20.84911,20.55876,3367,301,2,19,8.719201016405579e+18,QSO,2.179085,7744,58396,844
1.237669701047354e+18,7.9357884027923,6.59048456124382,24.17414,22.82332,21.45675,20.28949,19.48615,5641,301,1,49,9.84956796411395e+18,STAR,0.00380199,8748,58396,711
1.2376551287702828e+18,255.156265047009,34.6174590432081,27.13089,23.05767,21.75314,20.55429,19.44896,2248,301,2,203,1.2274709084453e+19,GALAXY,0.9822551,10902,58396,539
1.2376786614261517e+18,4.95074731093138,4.73878132198876,21.88645,21.62959,21.10289,21.18806,21.16111,7727,301,3,99,9.847232601416554e+18,QSO,1.104795,8746,58396,407
1.2376555029612467e+18,256.244119797369,34.5496841820834,21.71476,21.41047,21.19516,20.9297,20.72191,2335,301,3,80,1.2274646137412278e+19,QSO,1.59593,10902,58396,310
1.2376696983647688e+18,316.969202013398,5.44667949720117,22.34748,21.51497,21.0311,20.85693,21.83938,5640,301,4,76,1.2740813503944e+19,STAR,-0.0005141248,11316,58396,473
1.2376788037015967e+18,32.9230320564344,6.70890692917802,22.56112,23.67466,21.81344,20.68505,19.95648,7760,301,4,170,9.832713550371772e+18,QSO,5.666281,8733,58396,835
1.2376788450320727e+18,318.264263669369,5.82600259022018,25.71361,22.90183,21.60372,20.42035,19.58706,7770,301,1,39,1.2740749182513732e+19,STAR,4.155971e-05,11316,58396,239
1.2376786614272663e+18,7.50090767934876,4.67717537861714,22.77997,22.01906,21.71465,21.52598,20.96955,7727,301,3,116,9.849484126352333e+18,QSO,1.687224,8748,58396,406
1.237678661427528e+18,8.14037543754421,4.71861008604171,21.86412,21.64438,21.52551,21.57686,21.2007,7727,301,3,120,9.849450591247686e+18,QSO,2.215801,8748,58396,284
1.237655504571728e+18,257.262783637127,35.3773919905492,21.60596,20.1734,19.55838,19.31363,19.14225,2335,301,6,78,1.2274813812935514e+19,STAR,-0.0001704617,10902,58396,920
1.2376555029612467e+18,256.342112903804,34.4326055884296,20.71696,20.65263,20.61969,20.63818,20.62762,2335,301,3,80,1.2274636791563442e+19,QSO,2.004735,10902,58396,276
1.2376555029612467e+18,256.252311382775,34.4934894183806,21.44454,20.98904,20.95,20.64703,20.82541,2335,301,3,80,1.2274645587656464e+19,QSO,1.665443,10902,58396,308
1.237680311229744e+18,1.44465240409329,32.6492510480166,20.994,20.72263,20.60707,20.55688,20.59332,8111,301,4,88,8.723550684405063e+18,QSO,2.248749,7748,58396,284
1.237680507190051e+18,1.33901493718577,33.8117255468502,21.76121,22.88115,21.59073,21.81936,18.92109,8157,301,1,125,8.723677952875976e+18,STAR,-0.0004822983,7748,58396,747
1.237655502961182e+18,256.158316507427,34.6094223723836,23.22383,22.07817,21.82129,21.99699,22.0583,2335,301,3,79,1.2274648336435532e+19,QSO,1.16919,10902,58396,318
1.2376555034975283e+18,255.780055369529,35.8352614221607,23.89003,23.53706,22.17121,20.59406,19.9179,2335,301,4,71,1.2274731624441336e+19,GALAXY,0.7083677,10902,58396,621
1.2376788466427505e+18,318.17881062309,6.99696333791177,23.31735,21.5997,21.31611,21.29455,21.82731,7770,301,4,40,1.2740899540728828e+19,QSO,0.9451392,11316,58396,786
1.2376788466426191e+18,317.9184691056,7.03830854627356,21.56502,21.69646,21.41919,21.21569,21.2259,7770,301,4,38,1.274087782537418e+19,QSO,0.9375932,11316,58396,707
1.2376551298441551e+18,256.230241248735,34.6500147467789,20.98429,20.92816,20.96523,20.78779,20.84057,2248,301,4,205,1.227464861131344e+19,QSO,1.802739,10902,58396,319
1.237678803164791e+18,32.9242016706895,6.27472919204227,21.95137,20.96101,20.75984,20.83602,20.4317,7760,301,3,171,9.832719597685723e+18,QSO,2.578377,8733,58396,857
1.2376555029615096e+18,256.596961900182,33.8968704424878,22.59794,22.13746,21.29756,20.63179,20.63577,2335,301,3,84,1.2274630194493676e+19,QSO,1.867561,10902,58396,252
1.2376555018872425e+18,254.870706086433,34.4677788725179,23.55423,22.12715,21.30859,21.44785,21.03215,2335,301,1,76,1.2274696989825065e+19,GALAXY,0.2865516,10902,58396,495
1.237678846642685e+18,318.038738919753,6.97519901275095,22.62114,21.58957,21.35071,20.89528,20.55191,7770,301,4,39,1.2740890744635808e+19,QSO,2.285699,11316,58396,754
1.2376672276860772e+18,33.267029330555,5.93725045742227,26.20761,24.36081,22.01433,20.88616,19.83771,5065,301,2,95,9.83251508852296e+18,GALAXY,0.8123194,8733,58396,113
1.23767866142779e+18,8.67114419588171,4.70164085536707,21.93529,22.13222,22.05232,22.41619,21.59615,7727,301,3,124,9.849408260050016e+18,QSO,2.488526,8748,58396,130
1.237669698365556e+18,318.8511427265,5.53960918829827,22.34183,21.78514,21.41277,21.62515,21.12435,5640,301,4,88,1.2740714547897457e+19,QSO,0.8432403,11316,58396,113
1.2376697617159306e+18,318.877939473613,4.57362927430781,23.29069,22.3778,21.74844,21.181,20.75353,5655,301,2,82,1.2740696680833503e+19,STAR,-0.0008356071,11316,58396,48
1.2376788466428165e+18,318.45093245595,6.94705893817019,22.05798,21.95135,22.02834,21.73523,21.2213,7770,301,4,41,1.2740921530961383e+19,QSO,2.119516,11316,58396,866
1.237680507190183e+18,1.53668493942837,33.8854561523002,24.78885,22.30316,20.88883,20.09174,19.62073,8157,301,1,127,8.723690047503881e+18,STAR,0.0001395205,7748,58396,791
1.2376555029611807e+18,256.106582527225,34.6514383574835,20.42505,20.12155,19.81717,19.56087,19.18529,2335,301,3,79,1.2274659056673905e+19,QSO,0.3948665,10902,58396,357
1.23765550349838e+18,256.918916565479,34.1413532996143,22.04759,21.81681,21.80153,21.55978,22.2971,2335,301,4,84,1.2274609303772748e+19,QSO,1.957309,10902,58396,176
1.2376786619634163e+18,5.80876155066937,5.11821886106082,22.79539,23.17621,21.53338,20.4107,19.75524,7727,301,4,105,9.84717982485842e+18,GALAXY,0.6839434,8746,58396,215
1.2376786614268068e+18,6.43396777671325,4.6970913449692,18.61646,17.72701,17.40413,17.28522,17.25792,7727,301,3,109,9.847132820736332e+18,STAR,-0.0001276368,8746,58396,44
1.2376788541580915e+18,317.31554193222,6.19734212305326,22.21784,22.10189,21.51347,21.58038,20.86252,7772,301,2,27,1.274085006270558e+19,QSO,2.124431,11316,58396,606
1.2376697010476165e+18,8.58862610669382,6.54054990032291,26.19744,22.56048,21.66539,20.55649,19.77206,5641,301,1,53,9.849602048974414e+18,STAR,0.0001234661,8748,58396,835
1.2376786619647923e+18,8.97313374582438,5.18662682757466,26.60341,22.99233,21.74581,20.60255,19.87862,7727,301,4,126,9.8493997388349e+18,GALAXY,0.5452098,8748,58396,99
1.2376803112298752e+18,1.79451629654557,32.5846714870918,24.56543,23.03734,21.72902,20.45586,19.5068,8111,301,4,90,8.723529518806227e+18,STAR,-0.0002186752,7748,58396,207
1.2376555029611814e+18,256.160128339553,34.5815234730831,22.34491,21.85295,21.61727,21.41709,21.1138,2335,301,3,79,1.227464778667972e+19,QSO,1.589395,10902,58396,316
1.2376555029612475e+18,256.117884886165,34.3937980544548,23.96784,23.21072,21.88633,20.51173,19.78994,2335,301,3,80,1.227464503790065e+19,STAR,-0.0001744965,10902,58396,306
1.2376555034986424e+18,257.278295195391,33.6484958286143,22.05762,21.66818,21.31962,21.2496,20.88108,2335,301,4,88,1.2274574669156473e+19,QSO,1.005414,10902,58396,50
1.237655503497462e+18,255.540941723137,35.9592740240967,22.60195,21.28647,20.96825,20.86088,21.07684,2335,301,4,70,1.2274721728836688e+19,STAR,-0.0005511354,10902,58396,585
1.237655503498511e+18,257.21707045724,33.97903009737,23.31319,21.75004,21.29229,21.17559,20.87578,2335,301,4,86,1.2274593085976238e+19,STAR,-0.0006053055,10902,58396,117
1.2376598891924695e+18,2.62694499640406,33.6635363480337,23.00189,23.18074,21.50224,20.49505,19.82055,3356,301,5,17,8.723733478213179e+18,GALAXY,0.5364572,7748,58396,949
1.2376555029607232e+18,255.468344151257,35.4111392944152,24.12263,23.34345,21.89148,20.87027,20.15329,2335,301,3,72,1.2274714582011107e+19,STAR,0.0002273652,10902,58396,559
1.2376555029610504e+18,255.944278985766,34.857890899458,24.67217,22.70372,21.44719,20.84557,20.83562,2335,301,3,77,1.2274740145656451e+19,STAR,-0.0001330449,10902,58396,652
1.2376555034987077e+18,257.53431215543,33.5816232027126,20.87528,20.69261,20.39679,20.2718,20.25368,2335,301,4,89,1.2274562574528567e+19,QSO,1.309455,10902,58396,6
1.2376555029611822e+18,256.066748010412,34.5863020272091,23.54675,25.83301,22.50045,20.6149,18.8204,2335,301,3,79,1.227465850691809e+19,QSO,1.478882,10902,58396,355
1.237680512554763e+18,4.72891104787124,34.688945600429,25.62366,21.52035,21.20275,21.24769,21.14816,8158,301,3,64,8.719186447876512e+18,QSO,3.012327,7744,58396,791
1.2376788466424228e+18,317.494841697422,6.9019015915243,21.80414,21.02591,20.78584,20.35131,19.99257,7770,301,4,35,1.274085638489744e+19,QSO,1.523147,11316,58396,629
1.2376788466428808e+18,318.577068694025,7.08322255583684,24.56369,21.10989,20.06791,19.77205,19.94605,7770,301,4,42,1.2740921805839292e+19,STAR,-7.973368e-05,11316,58396,867
1.2376697010479437e+18,9.31596434969617,6.62566580512831,26.81522,23.43221,21.96814,20.5726,19.8681,5641,301,1,58,9.849634484567431e+18,GALAXY,0.7768076,8748,58396,953
1.2376555034981834e+18,256.814485672981,34.6101236912005,21.49107,21.36685,20.83364,21.03025,21.46532,2335,301,4,81,1.22746153510867e+19,QSO,1.159752,10902,58396,198
1.237667227685815e+18,32.621108818043,5.86793763767016,25.764,22.87258,21.67647,20.36849,19.56187,5065,301,2,91,9.832547524115978e+18,STAR,0.0008552229,8733,58396,231
1.2376786614265446e+18,5.82102739337256,4.74061382435222,19.31581,19.363,19.30758,19.13314,19.0419,7727,301,3,105,9.847177900713073e+18,QSO,1.977534,8746,58396,208
1.2376788026275274e+18,32.0196108997439,6.04094765064729,24.14513,24.03644,22.4373,20.67232,19.61065,7760,301,2,165,9.83267589209852e+18,STAR,-0.000120539,8733,58396,698
1.2376697010466327e+18,6.2165528569177,6.51268602327828,22.51281,21.79959,22.00846,21.66067,21.59571,5641,301,1,38,9.847351898428168e+18,GALAXY,0.02881133,8746,58396,841
1.2376551298439588e+18,256.071797267953,35.1471483616364,24.11197,22.92638,21.53905,20.75598,20.40676,2248,301,4,202,1.2274749491505287e+19,QSO,1.100137,10902,58396,686
1.2376551298438277e+18,255.96108171931,35.3805645748592,25.17996,23.06722,22.05122,20.35331,19.61852,2248,301,4,200,1.227474756735994e+19,STAR,-2.604289e-05,10902,58396,679
1.2376555034980524e+18,256.573970630195,34.759032389641,21.14969,20.79024,20.81686,20.57676,20.35959,2335,301,4,79,1.2274774780272728e+19,QSO,1.528431,10902,58396,778
1.2376788466425544e+18,317.838390546445,7.01310543719679,23.31211,21.80069,20.43086,20.68281,20.31613,7770,301,4,37,1.2740876450984649e+19,QSO,0.3175546,11316,58396,702
1.2376598891926003e+18,2.90469658856358,33.9427635038138,22.57652,23.30851,21.87356,20.75294,19.88556,3356,301,5,19,8.719107283039312e+18,GALAXY,0.5984421,7744,58396,503
1.237678661427921e+18,8.9446617619983,4.68314879555797,18.23392,17.31525,17.12831,17.05898,17.04612,7727,301,3,126,9.849395065910485e+18,STAR,0.0004049002,8748,58396,82
1.237655503498577e+18,257.131092501984,33.7665439223058,25.89778,22.87345,21.25061,20.04553,19.37649,2335,301,4,87,1.2274590337197169e+19,STAR,1.06452e-05,10902,58396,107
1.2376697010466327e+18,6.28761410148752,6.46296302453636,21.05476,20.81956,21.21803,21.41775,20.76304,5641,301,1,38,9.847352997939796e+18,GALAXY,0.02773298,8746,58396,845
1.2376555029613125e+18,256.366360133457,34.272150262115,22.43665,22.17618,21.90228,21.6005,21.40791,2335,301,3,81,1.2274635692051814e+19,QSO,1.485343,10902,58396,272
1.2376555029616407e+18,256.803280652555,33.6819152657264,23.04307,21.75676,21.45948,21.46735,21.20686,2335,301,3,86,1.2274617000354142e+19,STAR,-0.0002760012,10902,58396,204
1.2376551298438272e+18,255.820327693468,35.3524436736945,21.84522,21.40474,21.17659,21.10405,21.29497,2248,301,4,200,1.2274728051028548e+19,STAR,2.070088e-05,10902,58396,608
1.2376788466423567e+18,317.28961242734,6.92940485618599,19.59558,19.31294,19.05407,19.05373,19.00274,7770,301,4,34,1.274084456514744e+19,QSO,1.103324,11316,58396,586
1.2376697010467635e+18,6.53718257022405,6.60042116120571,22.17223,22.13108,21.86335,22.02462,21.54613,5641,301,1,40,9.847373338904908e+18,QSO,2.288277,8746,58396,919
1.237655502961116e+18,256.057460844435,34.6486034265071,22.34873,21.26963,21.04154,21.12375,20.87982,2335,301,3,78,1.2274658781796e+19,STAR,-0.0004641136,10902,58396,356
1.2376554745087263e+18,255.521199026354,34.2208304324562,21.68115,20.15796,19.44615,19.92375,22.82689,2328,301,6,105,1.2274678573005296e+19,STAR,-0.000246236,10902,58396,428
1.2376555034981837e+18,256.670554070915,34.5154194465604,20.75898,20.69398,20.39435,20.48715,20.58384,2335,301,4,81,1.2274623872301816e+19,QSO,1.082016,10902,58396,229
1.2376697622521457e+18,317.338299339019,4.77193313956027,21.49617,20.97623,20.81431,20.75654,20.41032,5655,301,3,72,1.274079618663582e+19,QSO,2.43763,11316,58396,410
1.2376633074533668e+18,359.819814332856,32.7838500235856,22.32291,22.44114,21.95668,21.87755,21.72207,4152,301,4,75,8.72360923339924e+18,QSO,0.7133689,7748,58396,497
1.237678846642554e+18,317.730626951451,6.99727223142616,20.68583,20.50136,20.26895,20.10876,19.90872,7770,301,4,37,1.2740866830257904e+19,QSO,2.128958,11316,58396,667
1.237680311229743e+18,1.3426430586909,32.5889299403644,24.63463,24.28433,21.99996,20.10388,22.82689,8111,301,4,88,8.723550409527155e+18,STAR,-0.0001623213,7748,58396,283
1.237655504034596e+18,256.567881101645,35.7097183414712,23.08309,23.8536,21.59654,20.36741,19.6409,2335,301,5,74,1.2274777803929704e+19,GALAXY,0.740437,10902,58396,789
1.237655503497593e+18,255.845520647486,35.730564736695,23.70727,22.14771,21.44024,20.88578,20.38339,2335,301,4,72,1.2274734648098314e+19,QSO,0.73128,10902,58396,632
1.2376764414603438e+18,5.88945808066228,32.7873576324404,24.77995,24.0725,21.72471,20.42225,19.71318,7210,301,4,29,8.718984137737e+18,GALAXY,0.5981084,7744,58396,55
1.2376555034983145e+18,256.902905453587,34.1884598401079,21.91587,20.95687,20.43211,19.8933,19.50821,2335,301,4,83,1.2274610953040187e+19,QSO,0.7377704,10902,58396,182
1.237655504572188e+18,258.004161418715,34.5154620305267,26.03004,22.65019,21.21066,20.21054,19.52272,2335,301,6,85,1.2274570545987869e+19,GALAXY,0.5193099,10902,58396,35
1.2376554728985728e+18,255.00480487865,32.688194481085,21.03592,19.1541,18.20562,17.79247,17.43849,2328,301,3,112,1.2273509242405935e+19,GALAXY,0.0983135,10901,58397,270
1.237655373577519e+18,254.824431584012,32.4582270086574,25.11654,24.91566,19.01597,25.35854,23.2538,2305,301,2,113,1.2273519138010583e+19,QSO,4.409852,10901,58397,306
1.2376593260333632e+18,254.150682186514,32.3591033949964,19.58465,19.37372,19.34347,19.13156,19.072,3225,301,4,299,1.227355294799314e+19,QSO,1.658622,10901,58397,429
1.2376554728987704e+18,255.181070409973,32.3214871045538,25.37578,23.52577,21.33015,20.21582,19.54609,2328,301,3,115,1.2273496323144309e+19,GALAXY,0.6214415,10901,58397,223
1.2376555018881608e+18,256.189669133718,32.7085722083199,23.25613,22.41611,21.90025,21.88943,22.2517,2335,301,1,90,1.2273462238283848e+19,GALAXY,0.2744472,10901,58397,99
1.2376593260337574e+18,254.63887725792,31.4593853904356,22.41682,21.9164,21.62702,21.35554,20.40291,3225,301,4,305,1.2273534531173372e+19,QSO,2.266222,10901,58397,362
1.237655501888422e+18,256.70539985,32.2676815669653,21.72127,21.85376,21.88928,21.33932,20.94447,2335,301,1,94,1.2273441622440829e+19,STAR,-0.0003953367,10901,58397,24
1.2376555018877012e+18,255.664216011511,33.691293023406,20.09491,19.7759,19.5928,19.43476,19.31178,2335,301,1,83,1.227367334451638e+19,QSO,1.960247,10901,58397,867
1.237655472898638e+18,255.04421371981,32.6554954874745,20.81579,18.88438,17.93802,17.53485,17.1868,2328,301,3,113,1.22735078680164e+19,GALAXY,0.1042048,10901,58397,265
1.237659326033298e+18,254.017540257044,32.4876184867342,21.75307,22.06972,21.56886,21.42194,20.82971,3225,301,4,298,1.227356366823151e+19,QSO,1.453128,10901,58397,468
1.237655472898115e+18,254.2756946163,33.5831435809517,24.47002,23.44003,21.54232,20.46525,19.56585,2328,301,3,105,1.2273598027969878e+19,GALAXY,0.8094714,10901,58397,593
1.23765550188803e+18,256.073186624969,32.9259119089144,23.09562,22.17082,21.9988,21.87306,21.45739,2335,301,1,88,1.227369148645824e+19,STAR,-0.0008253021,10901,58397,933
1.237655472898705e+18,255.254734756856,32.4779218716372,25.29293,23.27712,21.5708,20.4363,19.78684,2328,301,3,114,1.227353398141756e+19,GALAXY,0.0,10901,58397,360
1.2376593260338217e+18,254.78366611685,31.476829461488,21.4144,20.95016,21.04357,21.45027,21.67579,3225,301,4,306,1.2273523536057096e+19,STAR,0.0003156109,10901,58397,322
1.2376554728983117e+18,254.593482504633,33.1614965257461,25.13795,23.16068,21.36482,20.36592,19.66987,2328,301,3,108,1.2273611771865223e+19,GALAXY,0.6512779,10901,58397,643
1.2376593260332326e+18,253.757701404503,32.5141708759947,21.99448,21.63174,21.32284,20.71016,20.72733,3225,301,4,297,1.2273571639690811e+19,QSO,1.662464,10901,58397,497
1.2376555018877668e+18,255.639660751457,33.4958465577338,24.63475,21.8313,22.12984,22.06608,22.37665,2335,301,1,84,1.227367609329545e+19,QSO,6.54003,10901,58397,877
1.237659327106712e+18,254.175230722417,33.4593080168681,25.26083,23.56446,21.54579,20.30451,19.57287,3225,301,6,293,1.2273598577725692e+19,GALAXY,0.5932355,10901,58397,595
1.2376593271065162e+18,253.889620049988,33.83079578741,24.8129,23.2894,21.701,20.69621,19.86889,3225,301,6,290,1.227358428407453e+19,GALAXY,0.6246626,10901,58397,543
1.2376593271073677e+18,255.21015658788,32.2013659262717,22.73263,22.60602,21.70796,20.63673,19.9401,3225,301,6,303,1.227349522363268e+19,GALAXY,0.6502686,10901,58397,219
1.2376551293077425e+18,256.574315358093,33.5968857699693,23.8918,21.87157,23.04171,22.46872,22.00702,2248,301,3,212,1.2273696434260564e+19,QSO,2.0338,10901,58397,951
1.237652937792291e+18,316.599889274748,9.15736786463462,21.18736,21.20004,20.73266,20.73079,21.05472,1738,301,1,84,1.2741969915332e+19,QSO,1.292176,11317,58398,584
1.2376785986237898e+18,351.9275918498,3.54977554788183,24.50182,21.5956,21.37859,21.20397,21.94771,7712,301,6,275,1.271054999617879e+19,QSO,3.078704,11289,58398,967
1.2376785975490644e+18,349.576168918906,2.65084611307623,21.06539,21.08206,20.54379,20.67609,20.59335,7712,301,4,260,1.2710417230149736e+19,QSO,1.306505,11289,58398,484
1.237678598086656e+18,351.245218143618,3.11334481294408,17.91099,16.93559,16.61223,16.49038,16.41756,7712,301,5,271,1.2710337515556725e+19,STAR,7.536981e-06,11289,58398,194
1.237678859527259e+18,318.074537298494,9.02678590565382,19.38931,18.32182,17.92777,17.7729,17.72755,7773,301,4,34,1.274205842601806e+19,STAR,-0.0005442111,11317,58398,906
1.237680504513234e+18,0.956278081585424,35.3307474463466,24.16752,23.86796,21.69543,20.57264,19.80547,8156,301,4,240,8.72248718181665e+18,QSO,0.5433024,7747,58398,511
1.2376697665472433e+18,8.85287641193281,7.19633114122444,21.63625,21.01435,20.39204,20.31707,19.92423,5656,301,3,74,1.2436859836670695e+19,QSO,3.704608,11046,58398,616
1.2376529377921605e+18,316.325514384623,9.07698239925919,23.48861,22.66949,21.43447,20.12528,19.21923,1738,301,1,82,1.2741959195093651e+19,STAR,-2.9318e-05,11317,58398,545
1.2376697665471775e+18,8.66995378381836,7.21843959736205,20.72405,20.71035,20.41578,20.19804,20.06925,5656,301,3,73,1.2436849941066e+19,QSO,1.516662,11046,58398,580
1.2376788589897329e+18,316.567724829122,8.23016204508215,21.45698,21.3777,21.04998,21.02608,20.59189,7773,301,3,24,1.274195672119249e+19,QSO,1.178003,11317,58398,536
1.237670017264714e+18,27.4126968227071,8.18716021079428,20.31765,20.10582,19.51096,19.37039,19.43779,5714,301,6,55,1.2476314437043902e+19,QSO,1.367995,11081,58398,791
1.2376788589901253e+18,317.465158943944,8.50511399437628,22.63181,21.78509,21.62018,22.4286,21.33443,7773,301,3,30,1.2742019943111088e+19,QSO,1.204683,11317,58398,766
1.2376788466427507e+18,318.274303905226,6.98263549908428,23.65076,21.99236,21.60909,21.12398,20.71791,7770,301,4,40,1.2741823130529716e+19,QSO,2.165248,11317,58398,50
1.2376598891933868e+18,3.91476923624094,35.4601486377116,24.14786,23.942,21.89402,20.64571,19.7722,3356,301,5,31,8.722613625653843e+18,STAR,0.0001178285,7747,58398,971
1.2376672276831276e+18,26.4806986698763,6.14873278364091,20.1968,20.05389,20.0532,19.86864,19.74777,5065,301,2,50,1.2476208609049727e+19,QSO,2.095667,11081,58398,406
1.237678846642161e+18,316.922412547695,6.86374351215911,21.88216,20.39208,20.07283,19.87201,19.66509,7770,301,4,31,1.2741910541704124e+19,QSO,3.034268,11317,58398,368
1.237678858453517e+18,318.196250397514,8.11044984030715,21.23519,21.24343,20.77631,20.52329,20.15343,7773,301,2,34,1.2742066672355269e+19,QSO,1.016527,11317,58398,936
1.237678847179622e+18,318.195271396883,7.48949437067426,26.09009,23.66569,22.09653,20.99321,20.02163,7770,301,5,40,1.2741827803454134e+19,GALAXY,0.6823183,11317,58398,67
1.237678598086722e+18,351.476865321355,3.11397023216826,21.65784,21.62,21.21747,21.06026,20.82051,7712,301,5,272,1.2710328169707889e+19,QSO,1.384746,11289,58398,160
1.237678859526736e+18,316.782872534029,8.63384190254316,25.50123,23.16159,21.60998,20.46913,19.73503,7773,301,4,26,1.2741974588256442e+19,GALAXY,0.5412627,11317,58398,601
1.2376785980867215e+18,351.360102268537,3.23997032613708,23.93949,22.36189,21.77657,20.12691,18.85907,7712,301,5,272,1.271052030936484e+19,STAR,-4.019446e-05,11289,58398,859
1.2376697665471124e+18,8.4758702487685,7.25737104813419,24.48975,22.21836,20.79868,19.69151,19.17433,5656,301,3,72,1.2436848841554416e+19,STAR,-3.296092e-05,11046,58398,576
1.2376598891924695e+18,2.52999449678282,33.8141487467713,26.01859,23.43012,21.81857,20.60269,19.87543,3356,301,5,17,8.722409116491079e+18,GALAXY,0.762907,7747,58398,227
1.2376786195611e+18,350.318639746698,2.96036355500579,25.48796,22.96222,21.94546,21.79434,21.39003,7717,301,5,265,1.2710379846754392e+19,QSO,3.244967,11289,58398,348
1.2376788595267343e+18,316.795667680467,8.80888549091316,20.03979,19.71627,19.52999,19.18737,19.19159,7773,301,4,26,1.2741985033616906e+19,QSO,1.723646,11317,58398,639
1.2376785980859356e+18,349.612545365038,3.16491156463279,21.80558,21.62569,21.5309,20.98709,20.69306,7712,301,5,260,1.2710430974045084e+19,QSO,1.835343,11289,58398,534
1.2376785980865252e+18,350.925543435834,3.10692571932203,21.45725,21.3763,21.27565,21.03561,20.88457,7712,301,5,269,1.2710350159940442e+19,QSO,1.818307,11289,58398,240
1.2376788595266693e+18,316.62469408567,8.63111091907305,21.61121,22.30993,21.85548,22.03918,21.74174,7773,301,4,25,1.2741963593140165e+19,QSO,0.9867177,11317,58398,561
1.237678597549392e+18,350.306110362494,2.72757825395988,21.23518,20.95672,20.99522,20.69285,20.84019,7712,301,4,265,1.2710378747242764e+19,QSO,1.60262,11289,58398,344
1.2376788471795558e+18,318.003677854561,7.49086501188345,20.85945,20.70614,20.65363,20.40435,19.97438,7770,301,5,39,1.2741849518808785e+19,QSO,1.949123,11317,58398,146
1.237678859526735e+18,316.86805706218,8.73100965090523,20.99583,20.51181,20.29699,20.28617,20.26822,7773,301,4,26,1.2741984208983183e+19,STAR,0.001490328,11317,58398,636
1.2376697665472433e+18,8.90176900332744,7.06416848349723,22.13035,21.9878,21.91314,21.48692,21.37377,5656,301,3,74,1.2436799913287e+19,GALAXY,0.9168903,11046,58398,398
1.2376785980865907e+18,351.134314373881,3.22147613175051,20.55001,20.38507,20.26826,19.88135,19.72471,7712,301,5,270,1.2710509589126468e+19,QSO,0.462667,11289,58398,820
1.237678858452862e+18,316.612265186216,7.78188510331983,21.20069,21.09146,20.78982,20.66072,20.82249,7773,301,2,24,1.274193610534947e+19,QSO,1.31959,11317,58398,461
1.237678859527193e+18,317.90108771339,8.86139914100558,20.02318,19.73228,19.53877,19.32214,19.35128,7773,301,4,33,1.2742050179680852e+19,QSO,1.470599,11317,58398,876
1.2376785980863283e+18,350.494260578349,3.09623906109968,21.39639,21.04926,20.64985,20.61311,20.36728,7712,301,5,266,1.271037187529509e+19,QSO,1.056098,11289,58398,319
1.237669766547702e+18,9.94132248141415,7.17660456122613,20.82663,20.76474,20.8699,20.61917,20.82358,5656,301,3,81,1.2436745487461409e+19,QSO,1.726793,11046,58398,200
1.2376697665477676e+18,10.1152836251579,7.15857503099314,21.90077,21.99478,21.69474,21.42097,21.52846,5656,301,3,82,1.2436733942589315e+19,QSO,1.493788,11046,58398,158
1.2376785980861975e+18,350.244131062325,3.20665722215094,21.09539,20.97709,20.74031,20.44727,20.13144,7712,301,5,264,1.2710465333783452e+19,QSO,1.915294,11289,58398,659
1.237678875634043e+18,317.793019717516,7.76914928798262,23.04627,23.89213,21.70734,20.57463,19.88423,7777,301,2,44,1.274185968929134e+19,GALAXY,0.6382923,11317,58398,183
1.2376788552319e+18,317.344272924198,7.12467188356796,22.5756,23.88628,22.18443,20.84082,19.95215,7772,301,4,28,1.2741891025372731e+19,GALAXY,0.636824,11317,58398,297
1.2376697676207892e+18,8.40787433336334,8.00836178822433,24.45268,24.63475,21.68616,20.41857,19.6316,5656,301,5,71,1.2436840870095116e+19,GALAXY,0.7154806,11046,58398,547
1.237678598623659e+18,351.482078334752,3.53251758740013,24.72224,26.17733,22.98058,21.1336,19.83986,7712,301,6,273,1.2710528555702e+19,GALAXY,0.8357025,11289,58398,889
1.2376805077269873e+18,1.40897453336231,34.1119394718716,23.33365,22.20371,21.94744,22.07052,21.32847,8157,301,2,126,8.722462442805024e+18,GALAXY,1.687597,7747,58398,421
1.2376785986235272e+18,351.322531371865,3.60015992332383,19.3181,19.02417,18.87105,18.77101,18.58085,7712,301,6,271,1.271051673595205e+19,QSO,0.8307164,11289,58398,846
1.2376785986229376e+18,349.931088905306,3.64256869521045,22.01611,21.78189,21.55387,21.4608,21.62322,7712,301,6,262,1.2710439770138104e+19,QSO,1.934268,11289,58398,566
1.2376788761712407e+18,318.534969544149,8.37215205533313,21.6767,21.48663,21.50922,21.04922,21.35482,7777,301,3,49,1.2742080966006428e+19,QSO,1.879389,11317,58398,988
1.2376598891928627e+18,3.18338646925321,34.4760561532029,25.14192,23.37467,21.57608,20.38305,19.68674,3356,301,5,23,8.722384927235268e+18,GALAXY,0.5914385,7747,58398,139
1.2376788584534515e+18,318.019602635662,8.07013139557142,24.01702,25.0348,22.19521,21.03327,19.86718,7773,301,2,33,1.274205485260527e+19,GALAXY,0.7102171,11317,58398,893
1.2376788466421604e+18,316.910608386282,6.74174939486387,25.8423,23.38548,21.78238,20.72627,19.94005,7770,301,4,31,1.2741911366337843e+19,GALAXY,0.5965624,11317,58398,371
1.2376785986237243e+18,351.656876939576,3.52415324439912,25.06228,23.33292,22.20196,20.89071,19.98436,7712,301,6,274,1.27105384513067e+19,GALAXY,0.9305288,11289,58398,925
1.237659889193387e+18,3.99308501237556,35.5239949862792,26.29902,23.48895,21.75971,20.56134,19.80646,3356,301,5,31,8.722616374432913e+18,GALAXY,0.5970951,7747,58398,981
1.237669766547112e+18,8.5147818545791,7.14672553304087,20.36698,20.29225,19.97579,19.91813,19.9613,5656,301,3,72,1.243684856667651e+19,QSO,1.33889,11046,58398,575
1.2376788466428165e+18,318.357428098258,6.96116097101122,22.95094,21.2239,20.95377,20.7492,20.71749,7770,301,4,41,1.2741821206384368e+19,STAR,-4.27456e-05,11317,58398,43
1.2376697665479644e+18,10.5070020688835,7.18608868637613,21.79421,21.33419,20.88198,20.80522,20.59769,5656,301,3,85,1.2436711677478853e+19,STAR,-0.0007164098,11046,58398,77
1.2376785986235274e+18,351.239796163875,3.63849331926238,23.05295,21.77314,21.61768,21.55876,21.66874,7712,301,6,271,1.27105068403474e+19,QSO,0.8991094,11289,58398,810
1.237678858453255e+18,317.554505021361,7.89043973269448,19.8105,19.66547,19.49129,19.12538,19.00544,7773,301,2,30,1.274187480757622e+19,QSO,1.868455,11317,58398,238
1.2376788466426191e+18,317.893480985505,6.97080019871455,20.95393,21.1401,20.7667,20.72451,20.63539,7770,301,4,38,1.2741856665634363e+19,QSO,1.113113,11317,58398,172
1.2376697665475707e+18,9.56531903535256,7.18449568090908,21.30374,21.11525,20.98066,20.72639,20.52094,5656,301,3,79,1.2436766927938148e+19,QSO,1.714596,11046,58398,278
1.2376697010478124e+18,8.9720420366744,6.63927448539093,22.221,21.92876,21.91971,21.74641,22.78445,5641,301,1,56,1.2436796064996284e+19,QSO,1.254609,11046,58398,384
1.2376786195618865e+18,352.173419754234,3.06648915196712,23.38946,24.58654,21.92398,20.85542,19.86718,7717,301,5,277,1.271028831241138e+19,GALAXY,0.7278345,11289,58398,15
1.2376697665475707e+18,9.62811443393423,7.12543075182746,20.82347,20.56042,20.34313,20.21763,20.15507,5656,301,3,79,1.2436756482577684e+19,QSO,1.438105,11046,58398,240
1.2376788471795569e+18,318.041387289722,7.36860232244031,23.29068,23.01115,21.88759,20.7809,19.97247,7770,301,5,39,1.2741837149303e+19,GALAXY,0.9661091,11317,58398,101
1.237678858453124e+18,317.254668387108,7.99005780104477,21.50381,20.91837,20.58387,20.20024,20.14956,7773,301,2,28,1.2742012246529692e+19,QSO,1.593438,11317,58398,738
1.2376697665478986e+18,10.374752161882,7.14914475929394,20.93598,20.80875,20.65224,20.32911,20.0861,5656,301,3,84,1.2436721847961407e+19,QSO,1.754162,11046,58398,114
1.2376529377922255e+18,316.395220336659,9.12595402392887,22.69321,24.2702,22.67149,21.34912,19.94124,1738,301,1,83,1.2741958095582e+19,STAR,0.0005507612,11317,58398,541
1.2376785986228723e+18,349.731818282794,3.6445039924291,25.7878,24.17134,21.4531,20.37319,19.68703,7712,301,6,261,1.271044114452764e+19,GALAXY,0.5155863,11289,58398,571
1.2376805125541071e+18,2.92346715246032,34.737082235342,21.11137,20.89802,20.85028,20.53478,20.33346,8158,301,3,54,8.722405543078288e+18,QSO,2.025007,7747,58398,214
1.2376788761703887e+18,316.523184203719,8.09694880786611,21.07139,21.0263,20.89485,20.85666,20.37193,7777,301,3,36,1.2741957270948305e+19,QSO,1.432628,11317,58398,538
1.237678876171043e+18,317.95881560826,8.3691884302784,24.87808,21.4684,20.06246,20.00871,19.92262,7777,301,3,46,1.27420441323669e+19,QSO,3.907407,11317,58398,854
1.237669701584487e+18,8.55211402200644,6.88464511477802,25.73355,22.62794,21.78281,20.72076,19.96292,5641,301,2,53,1.2436809534013725e+19,GALAXY,0.5261257,11046,58398,433
1.237678846642095e+18,316.711975498011,6.75175586151258,21.18673,21.00543,20.63954,20.608,20.40344,7770,301,4,30,1.2741931707303e+19,QSO,1.036459,11317,58398,445
1.2376788471792945e+18,317.499302595834,7.29621025417887,22.44086,22.32387,21.62333,21.49308,21.34154,7770,301,5,35,1.2741871509041338e+19,GALAXY,0.532725,11317,58398,226
1.2376788584535828e+18,318.371189259168,8.05264128092681,21.51752,20.67938,20.45846,20.36768,20.04321,7773,301,2,35,1.2742076293082e+19,QSO,2.218144,11317,58398,971
1.2376788595273912e+18,318.355968469883,8.92083825054668,23.88428,23.02575,21.72237,20.53899,19.67645,7773,301,4,36,1.274207024576806e+19,GALAXY,1.15614,11317,58398,949
1.2376785986232655e+18,350.599478067945,3.66809842785341,23.21543,23.79871,21.84376,20.36267,19.6432,7712,301,6,267,1.2710484025481124e+19,GALAXY,0.8168272,11289,58398,727
1.2376786190239665e+18,349.736229435465,2.4449561184843,19.94422,19.73179,19.49269,19.09657,18.86696,7717,301,4,261,1.2710408983812528e+19,QSO,2.090486,11289,58398,454
1.2376788595265385e+18,316.384631477297,8.6159874362779,20.46044,20.55077,20.03702,19.82343,19.71448,7773,301,4,23,1.2741949024611097e+19,QSO,1.418223,11317,58398,508
1.2376697665475057e+18,9.44238460175575,7.21544182621983,23.52061,22.11032,21.60781,20.96163,20.60966,5656,301,3,78,1.2436893921531156e+19,GALAXY,0.7569615,11046,58398,740
1.2376786195610342e+18,350.265866559099,3.0417337667363,22.32856,21.73395,21.8075,21.47133,22.46537,7717,301,5,264,1.2710382045777648e+19,QSO,1.810254,11289,58398,356
1.2376672276835868e+18,27.477652163786,6.21389699735144,23.71765,23.28433,21.64981,20.19844,19.31852,5065,301,2,57,1.2476132467869503e+19,GALAXY,0.6638929,11081,58398,129
1.2376785975495237e+18,350.62634540621,2.83561485403713,22.16756,21.97387,21.94545,21.41038,21.35201,7712,301,4,267,1.2710367202370673e+19,QSO,1.907813,11289,58398,302
1.237678598087115e+18,352.272081668002,3.12727745684173,21.33942,21.388,20.92891,21.0335,21.47337,7712,301,5,278,1.2710288037533473e+19,QSO,1.32688,11289,58398,14
1.2376785986228068e+18,349.623256984923,3.64848618061507,24.4431,24.2339,21.72367,20.42894,19.57399,7712,301,6,260,1.2710427950388107e+19,GALAXY,0.8454421,11289,58398,523
1.2376598891927972e+18,3.12498353982494,34.4324302231222,27.06007,22.89783,21.34469,20.27831,19.62129,3356,301,5,22,8.722383277967824e+18,GALAXY,0.7308997,7747,58398,133
1.2376700172645832e+18,27.1357511595552,8.15797951025451,23.36766,21.59,21.13278,21.08658,20.69375,5714,301,6,53,1.247630481631716e+19,STAR,-0.0006797624,11081,58398,756
1.2376598891929935e+18,3.47306801882274,34.7808374259635,23.35487,23.73612,21.12999,20.06545,19.37765,3356,301,5,25,8.722374481874803e+18,GALAXY,0.6190104,7747,58398,101
1.237678859527193e+18,317.872045277071,8.86140937579665,20.29331,19.98914,19.7451,19.45992,19.2758,7773,301,4,33,1.2742048805291315e+19,QSO,2.121026,11317,58398,871
1.237669766546981e+18,8.28223478766364,7.26390554431902,20.77891,20.8629,20.59357,20.71643,20.38358,5656,301,3,70,1.243683234888e+19,QSO,1.234857,11046,58398,516
1.237678859527e+18,317.426490517492,8.78623920967603,20.30126,19.91307,19.54,19.26364,19.02518,7773,301,4,30,1.2742017469209924e+19,QSO,2.019128,11317,58398,757
1.2376788552318991e+18,317.378777049586,7.0372690109435,22.36736,20.8102,19.53252,19.03454,18.64682,7772,301,4,28,1.2741889925861104e+19,GALAXY,0.1762139,11317,58398,293
1.2376788584527316e+18,316.422382978872,7.78739626288077,21.96249,21.70002,21.45654,21.16948,20.97495,7773,301,2,22,1.2741946275832e+19,QSO,2.11799,11317,58398,498
1.237678598623855e+18,352.009839004302,3.69352447711659,24.10992,23.55569,22.07953,20.79634,19.64811,7712,301,6,276,1.2710555493736927e+19,STAR,-0.0001475297,11289,58398,987
1.237678598623e+18,350.019484957973,3.5583382748823,24.42279,23.47319,22.05453,20.94441,18.41626,7712,301,6,263,1.2710441694283454e+19,STAR,2.152194e-05,11289,58398,573
1.2376788471790963e+18,316.971720176235,7.19857909214177,25.11273,24.41496,22.05906,20.67218,19.9717,7770,301,5,32,1.2741913015605289e+19,STAR,9.024792e-05,11317,58398,377
1.2376785980865252e+18,351.020508122512,3.09317905136242,21.63795,21.10118,20.66671,20.1357,20.03003,7712,301,5,269,1.2710348785550907e+19,QSO,1.819687,11289,58398,235
1.2376788756337147e+18,317.068680670312,7.73093458565732,25.1427,23.509,21.78374,20.47938,19.80522,7777,301,2,39,1.274190641853552e+19,QSO,7.011245,11317,58398,353
1.237678619561362e+18,350.899251388284,2.90686415951874,22.39051,22.13775,21.9738,21.7716,21.81915,7717,301,5,269,1.2710357031888116e+19,QSO,2.109407,11289,58398,265
1.2376697665478986e+18,10.3453289091096,7.22899717204451,22.17181,22.12294,21.82909,21.36692,21.11958,5656,301,3,84,1.2436723497228851e+19,QSO,1.995292,11046,58398,120
1.23767887563378e+18,317.138721368369,7.72719081751905,24.46559,24.63935,21.81293,20.41906,19.63793,7777,301,2,40,1.2741905868779706e+19,GALAXY,0.7285185,11317,58398,351
1.2376785986235927e+18,351.327693175053,3.6653633135337,25.81136,22.92103,21.56796,20.53672,19.8374,7712,301,6,272,1.2710516461074143e+19,GALAXY,0.5867535,11289,58398,845
1.2376598891926003e+18,2.83143406938603,33.9488624141642,22.85537,23.66735,21.99384,20.84867,19.94324,3356,301,5,19,8.722396472107358e+18,GALAXY,0.6876214,7747,58398,181
1.2376788589905203e+18,318.416580595259,8.47747950852082,25.46774,24.8514,22.97525,20.74703,19.12232,7773,301,3,36,1.2742073544302942e+19,STAR,2.682885e-05,11317,58398,961
1.2376785986237235e+18,351.725256841211,3.49675222605317,21.44138,21.63072,21.4546,21.30818,20.99889,7712,301,6,274,1.271054092520786e+19,GALAXY,0.8469257,11289,58398,934
1.2376697015851423e+18,10.0427175072662,6.87090841745561,24.11514,23.68763,21.5502,20.47835,19.62826,5641,301,2,63,1.2436729269664895e+19,QSO,0.6019194,11046,58398,141
1.2376788466422264e+18,317.090798821806,6.78779724721377,22.01354,22.25191,21.6884,21.7021,21.39682,7770,301,4,32,1.2741899821465752e+19,GALAXY,1.443495,11317,58398,329
1.2376697665479644e+18,10.4502213738747,7.17208197454524,25.57573,22.99076,21.60988,20.4763,19.74599,5656,301,3,85,1.2436712227234666e+19,STAR,-0.0001570132,11046,58398,79
1.2376697665481608e+18,10.9874516357141,7.04873629801634,21.91228,22.75347,21.9775,21.88911,21.56431,5656,301,3,88,1.24366938104149e+19,QSO,1.271537,11046,58398,12
1.237669766547702e+18,9.82440045132057,7.18671762021317,22.27171,21.64458,21.41278,21.42933,21.00681,5656,301,3,81,1.243691508713e+19,QSO,2.448233,11046,58398,817
1.2376697665477678e+18,9.99877910943542,7.24455755017048,22.91457,22.31324,21.98196,22.07411,21.62709,5656,301,3,82,1.2436924432978827e+19,QSO,1.080988,11046,58398,851
1.2376788466426204e+18,317.896325074563,6.90497030783402,26.22224,23.69499,22.87305,20.98781,19.93866,7770,301,4,38,1.2741845945396e+19,QSO,1.325327,11317,58398,133
1.2376697665480955e+18,10.7801406592617,7.15876051812005,22.54998,21.83315,21.46933,21.29587,21.0017,5656,301,3,87,1.2436701232118389e+19,GALAXY,0.8996186,11046,58398,39
1.2376788595273907e+18,318.25545248915,9.01633863784154,25.37339,24.48706,22.02793,20.5333,19.73349,7773,301,4,36,1.2742070795523873e+19,GALAXY,0.6894387,11317,58398,951
1.2376805125536484e+18,1.49691226946385,34.6436679209203,20.77553,19.83954,19.50661,19.47263,19.39669,8158,301,3,47,8.722469864508512e+18,STAR,-0.0007323041,7747,58398,448
1.2376697665472433e+18,8.77095664090905,7.15404737468316,21.49234,21.15195,20.83647,20.573,20.58936,5656,301,3,74,1.2436860386426507e+19,QSO,1.495445,11046,58398,618
1.237678598086394e+18,350.648986765132,3.24934625487204,21.42282,21.20044,20.89847,20.684,20.75372,7712,301,5,267,1.2710487598893914e+19,QSO,1.221316,11289,58398,740
1.2376697665478986e+18,10.3947786938136,7.17755643146305,19.7429,19.484,19.41065,19.47243,19.28461,5656,301,3,84,1.2436712502112571e+19,QSO,0.760797,11046,58398,80
1.2376788584536494e+18,318.513912748381,8.05650527968792,26.49944,22.73479,21.95697,20.62229,19.86291,7773,301,2,36,1.2742083439907592e+19,GALAXY,0.6949714,11317,58398,997
1.237669766547833e+18,10.1504816566037,7.25633389848592,21.62712,21.49533,21.21472,21.16341,20.75123,5656,301,3,83,1.2436937901996268e+19,QSO,2.15015,11046,58398,900
1.2376788772447212e+18,317.706613085365,9.11459102869652,22.83354,24.63956,21.75336,20.56744,19.86116,7777,301,5,45,1.2742037260419224e+19,GALAXY,0.760206,11317,58398,829
1.237678855231899e+18,317.423971474016,7.08715285566189,22.67794,21.04856,19.53808,18.96156,18.63156,7772,301,4,28,1.274187948050064e+19,GALAXY,0.3066293,11317,58398,255
1.2376598891927316e+18,3.00086730698115,34.3228018551754,25.83455,22.91907,21.39443,20.35269,19.67211,3356,301,5,21,8.722394822839917e+18,GALAXY,0.5824596,7747,58398,175
1.23767884664216e+18,316.958342187854,6.85156632773769,24.22724,21.7467,23.48856,22.48845,21.75978,7770,301,4,31,1.2741911091459938e+19,QSO,1.667791,11317,58398,370
1.2376785986237243e+18,351.656356240031,3.50308902948267,27.66824,22.95812,22.34488,20.83495,19.86816,7712,301,6,274,1.2710539550818329e+19,GALAXY,0.8476006,11289,58398,929
1.237678598623659e+18,351.521643678262,3.68847251177313,25.11307,24.40691,22.75449,21.1551,19.91168,7712,301,6,273,1.271052745619042e+19,GALAXY,0.9974517,11289,58398,885
1.23766976654744e+18,9.28770683476733,7.26549018906139,22.1061,21.32772,20.58533,19.95906,19.71911,5656,301,3,77,1.2436882376659065e+19,QSO,0.6522866,11046,58398,698
1.2376785986235935e+18,351.448937152625,3.63269595303334,25.83291,23.02298,21.70537,20.32133,19.60755,7712,301,6,272,1.271051701083e+19,GALAXY,0.8495002,11289,58398,847
1.2376697665475054e+18,9.38228605749384,7.25795383104007,20.3033,20.26886,20.12313,20.11029,20.02583,5656,301,3,78,1.24368917225079e+19,QSO,1.096888,11046,58398,732
1.237678846642095e+18,316.737179093058,6.8863379130947,21.69373,21.8273,21.30773,21.42024,22.01416,7770,301,4,30,1.274193253193668e+19,QSO,1.150475,11317,58398,448
1.2376785980868526e+18,351.63606436646,3.21991199827143,19.00185,18.08242,17.72218,17.5949,17.53793,7712,301,5,274,1.2710317174591609e+19,STAR,-0.000407991,11289,58398,120
1.2376788584537134e+18,318.622913509172,8.15287848583355,19.81784,19.72114,19.2857,19.20545,19.18612,7773,301,2,37,1.2742083165029683e+19,QSO,1.268019,11317,58398,996
1.2376697665476365e+18,9.80973185873086,7.16584013471403,21.84378,21.75478,21.4541,21.11641,21.35281,5656,301,3,80,1.2436755383066057e+19,QSO,1.778036,11046,58398,236
1.2376805125543045e+18,3.43678614750405,34.744025483893,22.01986,21.95954,21.82473,21.4597,21.69902,8158,301,3,57,8.722375856264337e+18,QSO,1.638646,7747,58398,106
1.2376788466424236e+18,317.556653566038,6.96639598696616,22.34903,21.82038,21.51008,21.07678,21.05987,7770,301,4,35,1.2741867110994827e+19,QSO,1.606699,11317,58398,210
1.2376697665471124e+18,8.50430534172682,7.10096188382116,23.43299,22.21658,21.52671,20.77034,20.45928,5656,301,3,72,1.2436849391310232e+19,QSO,1.617924,11046,58398,578
1.2376788466420964e+18,316.791843529782,6.85208705455661,23.30215,24.13229,22.74693,20.88669,19.91212,7770,301,4,30,1.2741932257058773e+19,GALAXY,0.8060877,11317,58398,447
1.2376598891933868e+18,4.01450300893225,35.4015963893136,26.22218,23.37177,21.65324,20.41622,19.62284,3356,301,5,31,8.722619672967797e+18,GALAXY,0.7398299,7747,58398,993
1.2376788466427507e+18,318.276853396902,6.95794538321008,23.10075,22.38875,22.5265,22.29462,22.13336,7770,301,4,40,1.2741822580773902e+19,QSO,2.181137,11317,58398,48
1.2376788471791631e+18,317.145662450071,7.22249081273612,23.63905,25.09118,22.64446,21.0637,20.01386,7770,301,5,33,1.2741902020489e+19,STAR,5.763105e-05,11317,58398,337
1.2376788466420296e+18,316.562311786797,6.83678301041709,21.36089,21.42763,21.2923,20.95936,20.78105,7770,301,4,29,1.2741932806814589e+19,QSO,1.58314,11317,58398,449
1.2376785986233313e+18,350.868347912365,3.52679502536733,24.2567,24.06698,22.4259,21.08122,19.94875,7712,301,6,268,1.2710497219620655e+19,GALAXY,0.8467203,11289,58398,775
1.237678847179098e+18,317.069718898334,7.25532342686757,22.41108,22.33363,21.83482,21.70224,21.52127,7770,301,5,32,1.2741903394878544e+19,QSO,1.245918,11317,58398,342
1.2376788772446556e+18,317.558288494518,8.98576804402943,23.64065,24.07166,22.19795,20.77293,19.95468,7777,301,5,44,1.274202681505876e+19,GALAXY,0.7210587,11317,58398,791
1.2376785980867876e+18,351.566672423627,3.16127648374659,22.15859,21.66757,21.4432,21.27891,20.69587,7712,301,5,273,1.2710315525324167e+19,QSO,1.482722,11289,58398,114
1.2376788584528612e+18,316.637139635818,7.910477034321,23.15792,21.80494,21.69079,21.71116,21.0132,7773,301,2,24,1.2741941053151795e+19,QSO,1.21733,11317,58398,479
1.23767885845332e+18,317.712689173297,8.04354572850629,22.68786,21.01757,19.50512,19.36625,21.20951,7773,301,2,31,1.2742034236762247e+19,STAR,-0.0002751171,11317,58398,818
1.2376697665475054e+18,9.37583249226668,7.18699543684327,22.46094,22.10769,21.91765,21.63806,21.47866,5656,301,3,78,1.243688292641488e+19,QSO,1.499517,11046,58398,700
1.237678858452797e+18,316.484271857961,7.78169268064117,22.26576,22.31196,21.97909,21.90623,21.60892,7773,301,2,23,1.2741945726076211e+19,QSO,1.261015,11317,58398,496
1.2376697665471775e+18,8.7358203380328,7.07247054052048,18.64381,17.63369,17.23289,17.09324,17.03794,5656,301,3,73,1.2436810633525352e+19,STAR,-0.0003661054,11046,58398,437
1.2376785975495885e+18,350.777106268642,2.80933600676918,17.60316,16.62526,16.34275,16.21213,16.18065,7712,301,4,268,1.2710356207254397e+19,STAR,-0.0003662511,11289,58398,262
1.237678846642554e+18,317.758175978967,7.00320538858496,22.01789,21.66379,21.56401,21.255,21.34515,7770,301,4,37,1.2741857215390175e+19,QSO,1.650795,11317,58398,174
1.237678846642816e+18,318.389184875311,7.00314179679792,21.86556,21.8097,21.41832,21.31242,21.76976,7770,301,4,41,1.2741820656628552e+19,QSO,0.972107,11317,58398,41
1.2376785975494577e+18,350.572401730133,2.83138955024164,21.12344,21.22907,21.12411,20.8729,20.84572,7712,301,4,266,1.27103683018823e+19,QSO,1.569578,11289,58398,306
1.2376697010480087e+18,9.50016999706884,6.55158150365064,24.8268,23.94408,21.797,20.28277,19.55222,5641,301,1,59,1.243676225501373e+19,STAR,-0.0001347183,11046,58398,261
1.237678598623659e+18,351.55297390477,3.63933447013056,27.08907,23.77505,22.24499,21.00818,19.90241,7712,301,6,273,1.2710528005946237e+19,GALAXY,0.8329547,11289,58398,887
1.237678877244916e+18,318.233084975807,9.07085740559256,24.32232,25.11055,21.60523,20.51674,19.82959,7777,301,5,48,1.2742068046744803e+19,GALAXY,0.6069382,11317,58398,941
1.237678598086787e+18,351.584211816592,3.23348498042012,21.0933,20.93001,20.99058,20.64985,20.63027,7712,301,5,273,1.27103168997137e+19,QSO,1.745161,11289,58398,119
1.237669766547833e+18,10.2351405313782,7.21344397748097,22.27075,22.0739,21.8717,21.74692,21.31946,5656,301,3,83,1.2436734492345129e+19,QSO,1.628261,11046,58398,160
1.23767885845332e+18,317.755770445253,7.97046265147942,24.63464,20.67661,18.5783,18.06551,18.1593,7773,301,2,31,1.274204578163434e+19,STAR,2.198147e-05,11317,58398,860
1.237669766547833e+18,10.2508422449798,7.07521844821505,20.91225,20.86518,20.64121,20.55453,20.47686,5656,301,3,83,1.2436721298205596e+19,QSO,1.470376,11046,58398,112
1.2376700172649764e+18,27.9009818610698,8.06673661550465,23.51525,21.58606,20.34062,19.7478,19.20711,5714,301,6,59,1.2476349071660175e+19,QSO,5.057051,11081,58398,917
1.2376576085647035e+18,112.010370679195,25.380890175453,18.62555,18.45114,18.09384,17.91549,17.84218,2825,301,5,15,1.2481829862297063e+19,QSO,1.419971,11086,58401,376
1.2376700172661563e+18,30.7588380482727,7.85360446690516,24.2029,23.75543,22.69845,20.75314,19.70862,5714,301,6,77,1.2475241313745525e+19,STAR,0.0001563269,11080,58401,983
1.2376575962169354e+18,111.328981645631,25.7833015020504,21.41834,21.40763,21.34545,21.24946,20.88202,2822,301,6,19,1.2481855151064504e+19,QSO,2.031468,11086,58401,468
1.2376575962169354e+18,111.340479023872,25.8183502618455,21.54935,21.34415,21.22298,20.95156,20.79059,2822,301,6,19,1.2481855700820318e+19,QSO,1.890692,11086,58401,470
1.2376697010483366e+18,10.1461203919962,6.55866085219928,21.1083,21.17605,21.00339,20.75358,20.73935,5641,301,1,64,9.85180821913943e+18,QSO,1.914438,8750,58401,669
1.2376575940701071e+18,113.909382790474,25.9876635808774,21.19056,20.87496,20.70008,20.38899,20.2742,2822,301,2,29,1.2481729531861e+19,QSO,1.955258,11086,58401,11
1.2376576091022305e+18,112.575094555858,26.8552835716369,21.5952,20.87823,20.60852,20.10038,19.98739,2825,301,6,25,1.24819499839424e+19,QSO,1.515981,11086,58401,813
1.237680504511726e+18,356.753550840384,35.0153864851345,21.65171,21.6082,21.34705,21.01644,20.83994,8156,301,4,217,8.736059828278155e+18,QSO,1.516328,7759,58401,736
1.237657608028488e+18,113.272174888805,26.2332757409631,21.39085,21.5149,21.1873,21.10946,20.69553,2825,301,4,25,1.248198489343658e+19,QSO,1.385999,11086,58401,940
1.2376805045117916e+18,356.946315328184,35.0805869932224,20.95155,20.66546,20.46054,20.36434,20.87872,8156,301,4,218,8.736069723882805e+18,QSO,1.399681,7759,58401,772
1.2376700172652385e+18,28.5126739692601,8.00444344975027,23.70711,21.84816,21.454,21.22619,20.66518,5714,301,6,63,1.247511486990833e+19,QSO,0.8959553,11080,58401,523
1.237663306378052e+18,357.624123359897,35.9836952757283,21.56726,21.0512,20.84034,20.6377,20.62605,4152,301,2,51,8.736105458010707e+18,QSO,1.585407,7759,58401,902
1.2376576091021642e+18,112.39986243064,26.6826034842581,23.63388,22.12348,22.93562,21.70744,19.38926,2825,301,6,24,1.2481941187849376e+19,STAR,0.0001270755,11086,58401,781
1.2376805045117916e+18,356.869501684947,35.0023976263644,20.75967,20.64735,20.71264,20.35864,20.13078,8156,301,4,218,8.736071098272339e+18,QSO,1.95951,7759,58401,777
1.237657595680261e+18,112.016020558983,25.9422421481814,21.44258,21.13632,21.11138,21.13369,21.01136,2822,301,5,22,1.2481822715471485e+19,QSO,0.772611,11086,58401,350
1.2376576091021647e+18,112.300105889457,26.7003604109828,20.59665,20.63678,20.63826,20.55466,20.57277,2825,301,6,24,1.2481942562238913e+19,QSO,2.01761,11086,58401,786
1.2376632328387302e+18,357.168108143626,35.0915607414561,20.97586,20.46862,19.98824,19.69738,19.63071,4135,301,1,234,8.736081818510711e+18,QSO,1.450979,7759,58401,816
1.2376805050489907e+18,357.814038607477,35.4390495211722,22.41528,23.96724,21.61554,20.44215,19.70502,8156,301,5,223,8.736109031423497e+18,GALAXY,0.579137,7759,58401,915
1.2376786614211057e+18,353.369657478906,4.53470538056177,22.7017,21.66399,21.36061,21.0284,20.54719,7727,301,3,22,1.2709175056938588e+19,QSO,2.554546,11288,58401,61
1.2376575962173937e+18,111.927586903262,26.6711300391485,19.54682,19.1868,19.07868,18.87424,18.92358,2822,301,6,26,1.2481909027134263e+19,QSO,0.58881,11086,58401,664
1.2376805050486628e+18,356.867586199917,35.3822632186951,22.16671,20.45104,19.25215,18.69563,18.3752,8156,301,5,218,8.736066700225829e+18,GALAXY,0.2678408,7759,58401,761
1.23765759621746e+18,112.106156553174,26.7839058952673,22.15414,21.89058,21.353,21.49184,21.44007,2822,301,6,27,1.2481918922738915e+19,QSO,1.033001,11086,58401,700
1.23766970104814e+18,9.76668330435047,6.57198243672641,23.43493,22.95343,21.79692,20.76361,19.9615,5641,301,1,61,9.851786228906877e+18,GALAXY,0.5688127,8750,58401,589
1.2376576080287498e+18,113.664317363894,26.7485895061094,21.09985,20.70087,20.59092,20.3506,20.28568,2825,301,4,29,1.2481996163430769e+19,QSO,0.7821935,11086,58401,981
1.2376805050485972e+18,356.578145487152,35.4948265776364,25.46973,24.62329,21.43587,20.39452,19.67379,8156,301,5,217,8.736054055842108e+18,GALAXY,0.5061255,7759,58401,715
1.2376575962176563e+18,112.354072709799,27.110905211115,22.48079,21.92334,21.98631,21.51269,21.12751,2822,301,6,30,1.248193376614589e+19,QSO,0.8195562,11086,58401,754
1.237663305841182e+18,357.11121631689,35.8361715589102,23.81249,25.92947,22.94801,21.46995,20.03701,4152,301,1,51,8.736088140702569e+18,GALAXY,0.7988258,7759,58401,839
1.237663306378117e+18,357.880115074483,35.8421730554678,20.28352,19.36575,18.74524,18.51387,18.27413,4152,301,2,52,8.7361170028828e+18,QSO,3.396787,7759,58401,944
1.2376632328383373e+18,356.953039554371,35.9010370156939,22.39167,21.51952,21.34193,21.60748,20.81734,4135,301,1,228,8.736063401690946e+18,QSO,2.452933,7759,58401,749
1.2376576091022295e+18,112.467218406438,26.7913513445815,26.74581,23.902,21.58415,20.69979,22.82688,2825,301,6,25,1.2481940363215657e+19,STAR,0.0002028847,11086,58401,778
1.2376805045115302e+18,356.184317682789,34.9535068805801,26.63402,24.9242,22.37112,20.92462,19.81652,8156,301,4,214,8.736036463656066e+18,GALAXY,0.8555586,7759,58401,651
1.2376576085652936e+18,112.676210963938,26.5239793273905,19.60991,19.32998,19.19413,18.93983,18.843,2825,301,5,24,1.2481955206622632e+19,QSO,1.680253,11086,58401,832
1.2376805045119887e+18,357.419101797396,35.0639997318892,27.21822,22.72185,21.20074,20.13726,19.39406,8156,301,4,221,8.736089789970013e+18,GALAXY,0.6548007,7759,58401,845
1.23765759621687e+18,111.24545394197,25.627709834561,22.44265,21.95746,21.72112,21.61889,21.25281,2822,301,6,18,1.248185020326218e+19,QSO,2.118131,11086,58401,450
1.2376805050482696e+18,355.70369625318,35.36215843804,24.54786,25.0272,22.09639,20.88829,20.02615,8156,301,5,212,8.73601172464444e+18,GALAXY,0.5656359,7759,58401,561
1.2376575962175242e+18,112.147282864602,26.8262702567873,24.47335,25.69297,20.78898,20.25895,23.71549,2822,301,6,28,1.2481918647861e+19,STAR,0.0001412632,11086,58401,699
1.2376576080280947e+18,112.559154280359,25.6018134935503,21.97073,21.49218,21.31148,21.21739,21.16469,2825,301,4,19,1.2481788080855208e+19,QSO,0.7677319,11086,58401,224
1.2376805071880847e+18,355.913036736974,33.4848921166437,24.05859,24.40236,22.68571,21.60076,19.62906,8157,301,1,95,8.735963895888632e+18,STAR,-7.686757e-05,7759,58401,387
1.2376575962172623e+18,111.826334601064,26.2944785728829,20.19379,19.65004,19.50993,19.23752,19.15826,2822,301,6,24,1.2481913150302867e+19,QSO,1.660559,11086,58401,679
1.237663232839451e+18,357.815620181852,33.5776165236832,20.19174,19.61505,19.04444,18.83827,18.75184,4135,301,1,245,8.735880058127014e+18,QSO,1.110427,7759,58401,82
1.237657596217e+18,111.343372254961,25.9176047662665,21.08745,20.83263,20.66843,20.40651,20.1899,2822,301,6,20,1.2481854876186595e+19,QSO,1.652773,11086,58401,467
1.2376805050480732e+18,355.184569112924,35.4080721881921,24.68506,24.74901,21.78444,20.73458,19.95181,8156,301,5,209,8.735995231970024e+18,GALAXY,0.6694065,7759,58401,501
1.2376632328391887e+18,357.605321808159,34.0369913596256,19.71846,19.57501,19.52299,19.29157,19.35099,4135,301,1,241,8.735896001045616e+18,QSO,1.733626,7759,58401,140
1.2376700172650417e+18,28.0778584637698,8.03720429083861,23.61986,21.0696,20.36633,20.09425,19.90948,5714,301,6,60,1.2475109372350192e+19,QSO,3.446007,11080,58401,503
1.2376700172659592e+18,30.1910946456157,7.85999105674835,20.97348,20.6733,20.50039,20.14482,19.917,5714,301,6,74,1.247521575010018e+19,QSO,0.5319948,11080,58401,890
1.2376575962175247e+18,112.162377655204,26.8718796751295,19.81319,19.63866,19.54064,19.30692,19.15115,2822,301,6,28,1.2481918098105194e+19,QSO,1.980764,11086,58401,697
1.2376632328390577e+18,357.393679719285,34.392377316265,21.77115,20.03334,19.40167,19.12637,18.92758,4135,301,1,239,8.735917991278173e+18,STAR,-0.0003028729,7759,58401,220
1.237670017264976e+18,28.0265827296241,8.05847526862505,21.98498,20.877,20.51574,20.34172,20.21129,5714,301,6,59,1.2475108822594376e+19,STAR,-0.0007701451,11080,58401,501
1.237657609101969e+18,112.024452298968,26.4251101050812,26.52273,25.9365,22.58317,20.80099,19.8688,2825,301,6,21,1.2481920846884264e+19,GALAXY,0.908264,11086,58401,707
1.23765760910223e+18,112.532498989286,26.7523735823184,20.48686,19.96264,19.86369,19.8325,19.5174,2825,301,6,25,1.248195355735519e+19,QSO,0.7173455,11086,58401,826
1.237680505048335e+18,355.857161842746,35.368443811399,26.79618,23.38589,21.63657,20.39365,19.61659,8156,301,5,213,8.736024918783972e+18,GALAXY,0.8562173,7759,58401,609
1.2376575940699095e+18,113.504553396844,25.6469419942032,24.09278,25.11426,23.63851,21.81341,19.52674,2822,301,2,26,1.2481735579175e+19,GALAXY,0.3745895,11086,58401,33
1.2376575962171315e+18,111.745247794319,26.1269763662425,17.56853,16.5559,16.22508,16.07846,16.02787,2822,301,6,22,1.2481836459366832e+19,STAR,-0.0006051342,11086,58401,400
1.237657596217e+18,111.398675903305,25.920928766508,22.42664,21.98558,21.89816,21.43705,21.32266,2822,301,6,20,1.2481845805215668e+19,QSO,1.750801,11086,58401,434
1.2376697015853391e+18,10.472208366019,6.96101893480825,26.07614,23.16129,21.32667,20.24391,19.56175,5641,301,2,66,9.851817015232453e+18,GALAXY,0.5992708,8750,58401,701
1.237657609102296e+18,112.540433471919,27.0093372840046,25.29292,25.43456,22.34655,20.99452,19.88089,2825,301,6,26,1.2481939538581936e+19,STAR,-0.0001429484,11086,58401,775
1.2376697015854702e+18,10.8180568445778,6.8373884212461,23.94674,23.51183,21.51306,20.21774,19.57449,5641,301,2,68,9.851828560104544e+18,GALAXY,0.8431974,8750,58401,743
1.2376805045113984e+18,355.797105877763,34.9132022158596,20.76543,20.31062,20.18704,19.9354,19.93558,8156,301,4,212,8.736015572935137e+18,QSO,1.928435,7759,58401,575
1.2376805082618926e+18,356.0064700816,34.2834207321189,21.37598,21.26117,20.68229,20.77609,20.29232,8157,301,3,96,8.735968019057235e+18,QSO,1.015488,7759,58401,402
1.2376805050485967e+18,356.57913197099,35.3962003678972,23.86058,22.49706,21.92292,22.44548,21.35482,8156,301,5,217,8.736048283406064e+18,STAR,-0.0009899469,7759,58401,694
1.2376576091021647e+18,112.391987809406,26.6216535139031,21.32314,21.24219,21.25491,21.05823,20.7724,2825,301,6,24,1.248194283711682e+19,QSO,2.157039,11086,58401,787
1.237657596217197e+18,111.689237209821,26.3595951750967,21.38679,21.17048,21.14225,20.7342,20.68842,2822,301,6,23,1.2481901055675e+19,QSO,1.142166,11086,58401,635
1.237657609102492e+18,112.892210200942,27.3064954913408,21.39659,21.04609,20.56722,20.18334,20.29996,2825,301,6,29,1.2481959604669143e+19,QSO,1.529118,11086,58401,848
1.2376575962173284e+18,111.902953771134,26.4466844935038,22.29634,22.16636,21.87169,21.73985,21.17795,2822,301,6,25,1.2481910676401707e+19,GALAXY,1.110164,11086,58401,670
1.237663306378708e+18,358.106636696277,34.4530417664247,25.11825,23.00931,21.48136,20.04076,19.28855,4152,301,2,61,8.735864939842131e+18,GALAXY,0.7312984,7759,58401,27
1.2376786619653824e+18,10.3583898889621,5.04849456675452,24.80459,23.40812,21.59176,20.48153,19.81415,7727,301,4,135,9.85171750943014e+18,GALAXY,0.5735183,8750,58401,339
1.2376700172659592e+18,30.2044176183266,7.88927334860613,23.19995,21.17831,19.65434,18.89463,18.48399,5714,301,6,74,1.2475226195460645e+19,STAR,-7.997277e-06,11080,58401,928
