obj_ID,alpha,delta,u,g,r,i,z,run_ID,rerun_ID,cam_col,field_ID,spec_obj_ID,class,redshift,plate,MJD,fiber_ID
1.2376607648349555e+18,124.163601751026,26.1362447395584,26.17279,25.13482,22.11209,20.61292,19.91841,3560,301,4,109,1.2525813901357769e+19,GALAXY,0.703196,11125,58433,645
1.2376793180180977e+18,5.77736443342928,9.41172124524718,23.04586,22.49166,22.17573,22.31556,21.94926,7880,301,2,81,1.2736390444164076e+19,QSO,3.139044,11312,58433,766
1.237669517981057e+18,5.39980382899432,7.70269763411873,20.0795,18.96747,18.79439,18.74158,18.70934,5598,301,4,151,1.2736268123495487e+19,STAR,-0.0002086922,11312,58433,321
1.2376788251768271e+18,338.046026304864,4.62770290803009,22.65979,23.48601,22.41099,20.88326,19.85641,7765,301,4,176,1.2767718004340578e+19,GALAXY,0.9737239,11340,58433,47
1.237669517980795e+18,4.80998823118261,7.6487348488198,17.95526,16.97229,16.65408,16.53627,16.49466,5598,301,4,147,1.2736305232012925e+19,STAR,-0.0008878284,11312,58433,456
1.2376697676258353e+18,20.0915985055959,7.84274471352558,26.48759,26.44887,21.89254,20.86764,19.65325,5656,301,5,148,1.2471815236050244e+19,GALAXY,0.8025778,11077,58433,807
1.23766095810855e+18,124.880519430292,26.9662359587675,24.02405,23.04365,21.71527,20.58046,19.66987,3605,301,4,110,1.2525853483776369e+19,GALAXY,0.6095598,11125,58433,789
1.2376793180182287e+18,6.10355597795905,9.56008912827473,23.75339,22.45577,20.56711,19.88131,19.37925,7880,301,2,83,1.2736410235373375e+19,GALAXY,0.3483749,11312,58433,838
1.2376696822634255e+18,4.20202548491847,8.65910978856017,22.1842,22.30717,21.63444,21.31419,21.05799,5636,301,6,149,1.2736316776885e+19,QSO,1.748789,11312,58433,498
1.237679318018491e+18,6.78604489237057,9.51556054844209,23.60945,22.06757,21.59788,21.36177,21.36106,7880,301,2,87,1.2736449817792e+19,QSO,4.272948,11312,58433,982
1.2376697026574423e+18,6.68624429305532,7.8522280139439,23.08035,23.05872,21.98289,20.80572,19.86389,5641,301,4,41,1.273619500597224e+19,GALAXY,0.7527454,11312,58433,55
1.2376696822634908e+18,4.33013681866788,8.68232162785832,21.57212,20.42957,19.85264,19.62226,19.50235,5636,301,6,150,1.2736315952251296e+19,STAR,-9.830947e-05,11312,58433,495
1.2376609575718095e+18,125.421003703161,26.800221166929,19.40474,19.1333,19.34569,19.68558,19.94304,3605,301,3,112,1.252588564449148e+19,STAR,0.001541968,11125,58433,906
1.237660957570827e+18,123.461491611809,25.2665117013386,26.96145,23.12896,21.55157,20.2392,19.42879,3605,301,3,97,1.2525768271625212e+19,GALAXY,0.5947026,11125,58433,479
1.2376696822638185e+18,5.12906706970404,8.70072348805836,21.03462,20.87599,20.33796,20.03577,19.98968,5636,301,6,155,1.2736288739338508e+19,QSO,1.470013,11312,58433,396
1.2376788251763684e+18,337.051103439756,4.59948714444789,25.53407,23.74092,21.82611,20.49791,19.74761,7765,301,4,169,1.2767782875526615e+19,GALAXY,0.641263,11340,58433,283
1.2376609581078287e+18,123.505801979803,25.8152778355502,24.38644,22.65127,21.19605,20.59804,20.09191,3605,301,4,99,1.2525783939665908e+19,STAR,0.001019404,11125,58433,536
1.2376788251764332e+18,337.118840016902,4.62669753482155,22.26597,22.07579,21.91615,21.47126,21.27998,7765,301,4,170,1.2767783150404524e+19,QSO,1.842787,11340,58433,284
1.237669761186661e+18,336.263604988483,5.42050331196725,23.81059,23.26125,21.72033,20.52238,19.79149,5655,301,1,198,1.2767834552573125e+19,GALAXY,0.5261226,11340,58433,471
1.2376696822641464e+18,5.83126547427111,8.57881158571851,21.99799,21.68936,21.34404,21.3006,20.73401,5636,301,6,160,1.27362329391234e+19,QSO,1.019486,11312,58433,193
1.2376609575717445e+18,125.343427628648,26.6120705100258,22.89073,20.73286,20.14794,19.89615,19.85828,3605,301,3,111,1.2525875199131e+19,STAR,0.0002738092,11125,58433,868
1.2376696822637532e+18,4.86377473300581,8.74546258768361,23.16852,24.60043,21.91165,20.35432,19.55274,5636,301,6,154,1.2736300559088509e+19,GALAXY,0.5644509,11312,58433,439
1.237669682264015e+18,5.45442018044378,8.73522266109458,22.28493,21.37131,21.15371,21.09465,21.31183,5636,301,6,158,1.2736267573739672e+19,QSO,3.156225,11312,58433,319
1.237669682263884e+18,5.16069510523096,8.6081762262003,21.153,21.41652,20.93156,20.9231,20.73161,5636,301,6,156,1.2736278843733858e+19,QSO,1.343824,11312,58433,360
1.2376793180175078e+18,4.4632421435922,9.41215042710872,25.88581,24.93708,22.57925,21.14875,20.18501,7880,301,2,72,1.2736331345414085e+19,GALAXY,0.6203837,11312,58433,551
1.2376695179811228e+18,5.53539415063267,7.50481400819262,21.21083,21.02769,21.08351,20.88442,20.85933,5598,301,4,152,1.273625355496642e+19,QSO,1.631433,11312,58433,268
1.2376696822639496e+18,5.43366398513979,8.74282609259182,20.70112,20.54742,20.24864,20.23377,20.01851,5636,301,6,157,1.2736267298861769e+19,QSO,0.9778622,11312,58433,318
1.2376793174816852e+18,6.88318467809199,8.98319800488098,21.46632,21.45654,21.34269,21.03448,21.26247,7880,301,1,88,1.2736454490716396e+19,QSO,1.768122,11312,58433,999
1.2376793180183598e+18,6.43982871576213,9.46573087702886,22.643,22.45219,22.17373,21.72347,21.19608,7880,301,2,85,1.2736433874873377e+19,GALAXY,1.310298,11312,58433,924
1.2376696822638843e+18,5.19505009145814,8.69253949905274,25.27185,23.66272,22.64246,20.55455,19.79099,5636,301,6,156,1.2736278568856e+19,GALAXY,0.8233023,11312,58433,359
1.237660957571351e+18,124.429666769891,26.1202066590985,20.60291,20.2965,20.30845,19.98821,19.79849,3605,301,3,105,1.252582627086358e+19,QSO,0.6081384,11125,58433,690
1.2376697676257687e+18,19.8095594370179,7.86346967097201,18.80771,17.87344,17.55606,17.42778,17.38623,5656,301,5,147,1.2471805340445596e+19,STAR,5.216407e-05,11077,58433,771
1.23767931801836e+18,6.38468430164272,9.40929074079918,23.35258,23.67217,21.61598,20.52719,19.80793,7880,301,2,85,1.273642260487919e+19,GALAXY,0.573368,11312,58433,883
1.237678825176368e+18,337.039825740123,4.50454596935787,24.09542,23.90392,22.47326,21.16998,19.91354,7765,301,4,169,1.2767783975038245e+19,GALAXY,0.9344156,11340,58433,287
1.237669682263556e+18,4.44976246142869,8.74777198518144,18.93612,17.90722,17.44471,17.22887,17.12614,5636,301,6,151,1.2736328321757108e+19,STAR,-0.0005185957,11312,58433,540
1.237660958108288e+18,124.350360141562,26.5222400160276,27.04483,22.75908,22.18426,21.15041,19.87336,3605,301,4,106,1.252582159793916e+19,GALAXY,0.7150668,11125,58433,673
1.2376607653720883e+18,124.371640560888,26.9134610442882,19.85854,19.7982,19.51637,19.49653,19.58831,3560,301,5,113,1.2525818299404276e+19,QSO,1.143746,11125,58433,661
1.2376696822642117e+18,5.97435278465611,8.56671501911803,20.54239,20.53764,20.47501,20.13309,20.46623,5636,301,6,161,1.2736222218885e+19,QSO,1.783081,11312,58433,154
1.2376607653719583e+18,124.222543729705,26.600640850658,24.80635,23.55527,22.22608,20.78895,19.96946,3560,301,5,111,1.2525809503311256e+19,GALAXY,0.8237393,11125,58433,629
1.2376607653716303e+18,123.540360762692,26.2317019695639,24.08889,22.61133,21.15188,20.5224,19.9453,3560,301,5,106,1.2525774593817072e+19,STAR,-0.0009774442,11125,58433,502
1.2376696822638185e+18,5.02121532764488,8.68712399732264,23.06504,22.22179,21.92411,21.27503,21.2025,5636,301,6,155,1.2736288189582694e+19,QSO,1.653578,11312,58433,394
1.237679317481489e+18,6.33816128949638,9.02184074719727,26.35326,25.00586,22.61209,20.94273,19.70351,7880,301,1,85,1.2736425903414071e+19,GALAXY,0.9366422,11312,58433,895
1.237669767626097e+18,20.5690584257434,7.72368239589371,22.04049,20.34859,19.56769,19.21597,19.00389,5656,301,5,152,1.2471848771154893e+19,QSO,4.476268,11077,58433,929
1.2376609575716132e+18,125.022388286467,26.4162295756143,25.75201,22.86929,21.1654,20.17421,19.6704,3605,301,3,109,1.2525855407921715e+19,GALAXY,0.5485713,11125,58433,796
1.2376696822639496e+18,5.30994111250072,8.56211194821296,21.61219,21.24875,21.0254,20.6706,20.64718,5636,301,6,157,1.273626784861758e+19,QSO,1.97667,11312,58433,320
1.237669697836418e+18,336.57069657952,6.58775866649454,24.16026,23.73171,22.64328,20.89439,19.88736,5640,301,3,206,1.2767879082794e+19,GALAXY,0.7340545,11340,58433,633
1.237679317481292e+18,5.94252595528576,8.9885696643311,22.13996,21.57415,21.02393,20.61602,20.42589,7880,301,1,82,1.2736404188059425e+19,QSO,1.500489,11312,58433,816
1.2376696978369423e+18,337.804057341813,6.46867954262529,24.4461,25.55273,23.23388,21.88749,19.96119,5640,301,3,214,1.2767945053491714e+19,GALAXY,0.8909332,11340,58433,873
1.2376697676200673e+18,6.73919076214884,8.00922507432834,18.05521,17.04921,16.71439,16.60387,16.559,5656,301,5,60,1.2736195280850147e+19,STAR,-0.0007236451,11312,58433,56
1.2376788251768271e+18,338.077403767097,4.58723594981299,25.15519,22.31909,21.49956,20.10647,19.28282,7765,301,4,176,1.2767719103852206e+19,GALAXY,0.7663944,11340,58433,51
1.2376788251763684e+18,337.075064565884,4.5571442500415,23.23981,22.76784,22.33675,20.96678,19.8168,7765,301,4,169,1.276778452479406e+19,GALAXY,1.007947,11340,58433,289
1.2376700172618304e+18,20.7101065712624,8.27618988355286,19.65239,19.30748,19.07936,18.79896,18.75878,5714,301,6,11,1.2471853993835125e+19,QSO,1.562088,11077,58433,948
1.2376609575713516e+18,124.48656794555,26.0908245107034,23.72272,23.46244,21.76469,20.41775,19.73099,3605,301,3,105,1.2525825446229858e+19,GALAXY,0.7634009,11125,58433,687
1.2376697627976015e+18,336.868851320042,6.66532353446683,23.26326,23.84657,22.10592,20.95308,20.024,5655,301,4,203,1.2767898874003347e+19,GALAXY,0.7179884,11340,58433,705
1.2376696822637532e+18,4.95398688935143,8.68887739197449,22.7073,21.89786,21.60727,21.24136,20.42619,5636,301,6,154,1.2736289838850136e+19,QSO,2.093524,11312,58433,400
1.2376648804876296e+18,143.808947398231,31.1705568060465,24.00546,24.03094,21.7024,20.57763,19.71601,4518,301,6,113,1.2809590705677949e+19,GALAXY,0.9187948,11377,58434,827
1.2376803139110833e+18,17.7705505142147,30.824641388748,20.89339,20.62014,20.36547,20.03973,19.82131,8112,301,1,42,8.696679170615564e+18,QSO,1.793604,7724,58434,830
1.2376648799508892e+18,144.229644715342,30.9820458971792,20.50376,18.62766,18.49668,18.52669,18.38188,4518,301,5,115,1.2809608022986086e+19,QSO,3.010149,11377,58434,890
1.2376803316465016e+18,16.6264021254745,28.6758878968904,25.5524,23.4137,21.53303,20.51594,19.77135,8116,301,2,327,8.696552451900462e+18,GALAXY,0.6332458,7724,58434,369
1.237664880487302e+18,143.043228049649,30.9339567177135,24.86036,22.79944,21.46303,20.45444,19.80569,4518,301,6,108,1.2809559919352371e+19,GALAXY,0.5813758,11377,58434,715
1.2376648804874982e+18,143.445395247502,31.0848245992143,22.14242,21.91282,21.60032,21.64417,21.4039,4518,301,6,111,1.28095667913e+19,QSO,1.246702,11377,58434,740
1.2376648804873674e+18,143.176961408896,31.0010601445511,26.49681,23.89813,21.60468,20.33228,19.61792,4518,301,6,109,1.2809559369596555e+19,GALAXY,0.7143017,11377,58434,713
1.2376802843844288e+18,18.1068487217755,28.8296040531951,25.01036,22.9428,21.85755,20.76888,19.96993,8105,301,2,61,8.696475486086519e+18,GALAXY,0.5667842,7724,58434,89
1.2376648804871708e+18,142.680035673951,30.7541913199048,23.37673,23.50178,21.71091,20.55913,19.82117,4518,301,6,106,1.2809482953538429e+19,GALAXY,0.6399276,11377,58434,435
1.2376648804876956e+18,143.991274721993,31.3766905046275,25.71037,24.87198,22.10112,20.7579,19.92588,4518,301,6,114,1.2809600051526783e+19,GALAXY,0.7581586,11377,58434,861
1.237664837007311e+18,143.073395593521,30.371192515176,20.71484,20.81501,20.60572,20.67701,20.58185,4508,301,5,208,1.2809459314038428e+19,QSO,1.220467,11377,58434,349
1.237664880487236e+18,142.86574119764,30.9534486183911,22.33467,21.41184,21.23132,20.79749,20.67128,4518,301,6,107,1.280954754984656e+19,QSO,1.971123,11377,58434,670
1.237664879950234e+18,142.732813218292,30.4226349700388,20.02226,19.36095,19.35039,19.33555,19.11923,4518,301,5,105,1.2809469484521e+19,QSO,2.376711,11377,58434,386
1.2376648370075732e+18,143.836156369981,30.5791815543883,20.11894,19.86614,19.78586,19.82311,19.55762,4508,301,5,212,1.2809427153323315e+19,QSO,0.8681549,11377,58434,232
1.237664880486909e+18,142.011262526163,30.5594858414327,22.36618,23.05023,21.09523,19.94324,19.28464,4518,301,6,102,1.2809498896457e+19,QSO,0.8696021,11377,58434,493
1.2376648804868431e+18,141.926979844915,30.5569236913462,25.59527,23.87436,21.57782,20.51043,19.68482,4518,301,6,101,1.2809499446212844e+19,QSO,1.0429,11377,58434,495
1.2376803337938545e+18,16.3828205683946,30.3578332649653,24.40911,22.83254,21.24979,20.14086,19.4594,8116,301,6,325,8.696620071865571e+18,GALAXY,0.5267974,7724,58434,615
1.23768031391128e+18,18.2388625522926,30.8218079228089,21.21359,21.04736,20.79005,20.7969,20.22846,8112,301,1,45,8.696701710603933e+18,QSO,1.023108,7724,58434,912
1.237680309625488e+18,18.3801914851156,30.5514098016244,22.72856,22.06292,22.15474,22.23321,20.8743,8111,301,1,185,8.696717653522536e+18,QSO,2.317494,7724,58434,970
1.2376803096246364e+18,16.1961715862922,30.9230776848297,26.82464,24.08339,22.07321,20.53438,19.65698,8111,301,1,172,8.696600830412085e+18,GALAXY,0.7729094,7724,58434,545
1.2376803337941824e+18,17.3076031875557,30.3053058749076,25.94907,26.23504,23.38391,21.82333,20.01706,8116,301,6,330,8.696661303551613e+18,STAR,-7.823914e-05,7724,58434,765
1.2376803337939195e+18,16.6856801271887,30.4279251098102,22.31472,22.13487,21.50244,21.7432,22.21639,8116,301,6,326,8.696626943813245e+18,GALAXY,0.2014261,7724,58434,640
1.2376803316466975e+18,17.0243024865295,28.6205934079061,20.12982,20.03314,19.91919,19.50211,19.41016,8116,301,2,330,8.696539532638837e+18,QSO,1.870607,7724,58434,322
1.237664880487826e+18,144.224900620146,31.3872495560103,26.24837,22.14785,20.05999,19.41092,18.95462,4518,301,6,116,1.2809599776648878e+19,GALAXY,0.4243153,11377,58434,860
1.2376640929048832e+18,143.060941466668,31.7287718828663,25.18324,23.37387,21.6281,20.6134,19.90587,4335,301,3,218,1.2809542327166329e+19,QSO,1.939897,11377,58434,651
1.2376648799509548e+18,144.422913783806,30.9335566705551,24.88689,22.07587,20.55452,20.39374,20.18402,4518,301,5,116,1.280960939737562e+19,QSO,3.803933,11377,58434,895
1.237680333794575e+18,18.3615417216712,30.3502100420987,25.59816,24.99002,21.97906,20.77845,19.58694,8116,301,6,336,8.696709682063235e+18,GALAXY,0.8414551,7724,58434,941
1.237680285994583e+18,17.0117268180057,30.2014612018705,25.52666,24.1896,22.38136,20.96052,19.80034,8105,301,5,54,8.69663986307487e+18,GALAXY,0.765672,7724,58434,687
1.237680285994255e+18,16.238518024915,30.274953957568,27.0767,23.60838,22.29113,20.86856,19.90933,8105,301,5,49,8.696606327970224e+18,GALAXY,0.7850599,7724,58434,565
1.2376648777992115e+18,135.318034847774,25.330508810105,23.08434,23.74024,22.81625,21.3437,19.95732,4518,301,1,51,1.2527020615419582e+19,QSO,0.1923864,11126,58436,939
1.237669766550979e+18,17.4698415554583,7.01390104230178,22.3425,22.52493,21.8441,21.8491,22.36588,5656,301,3,131,1.24660287812815e+19,QSO,1.377934,11072,58436,236
1.2376697010510894e+18,16.5124942901975,6.35280475295611,24.90484,24.05443,22.50935,19.94464,18.43811,5641,301,1,106,1.2466074960769864e+19,STAR,-6.450637e-05,11072,58436,404
1.237664877798425e+18,133.559720436226,24.5334145012515,24.32229,21.81412,20.09702,19.49562,19.21772,4518,301,1,39,1.2526878228663783e+19,GALAXY,0.3570428,11126,58436,421
1.2376576295047665e+18,117.472837141815,26.5022991250288,24.59856,24.75519,21.85108,20.52371,19.76857,2830,301,4,47,1.250222058089928e+19,GALAXY,0.6586828,11104,58436,829
1.237669766550585e+18,16.4870559830292,7.10958682518427,20.31199,19.93206,19.79277,19.55456,19.65452,5656,301,3,125,1.2466123339281488e+19,QSO,1.600079,11072,58436,580
1.2376697665507822e+18,17.0524982627888,7.07033669588842,21.12134,20.93209,20.82027,20.45475,20.22224,5656,301,3,128,1.2466051046392e+19,QSO,1.908686,11072,58436,317
1.2376697026618988e+18,16.939774652739,7.69899114922891,24.56502,24.11129,21.53766,20.08911,19.2637,5641,301,4,109,1.2466140106833811e+19,GALAXY,0.7003137,11072,58436,641
1.2376697026623575e+18,18.0068546391236,7.65691569024757,26.62935,23.37943,21.85444,20.69932,19.9198,5641,301,4,116,1.2466218172159384e+19,GALAXY,0.5657074,11072,58436,925
1.237669767620658e+18,8.061296384797,7.98415447499676,22.57281,24.23797,21.80477,20.68361,19.51013,5656,301,5,69,1.2738508928243229e+19,GALAXY,0.8648022,11314,58436,281
1.23765762896711e+18,116.439186555335,24.8457640761877,24.37648,23.97791,21.78216,20.4085,19.63535,2830,301,3,35,1.2502097985352784e+19,GALAXY,0.7092423,11104,58436,383
1.2376697026578355e+18,7.64890442234588,7.76822521065576,25.7079,22.9716,21.71061,20.54069,19.87604,5641,301,4,47,1.273854191359206e+19,GALAXY,0.6011606,11314,58436,401
1.2376793180186225e+18,6.97910866850305,9.48733986819371,23.71831,23.49066,21.8562,20.57625,19.91256,7880,301,2,89,1.2738576548208337e+19,GALAXY,0.6014536,11314,58436,527
1.237679318019343e+18,8.73634889243073,9.41847983105631,25.3876,23.42301,21.687,20.35766,19.68842,7880,301,2,100,1.2738666708161812e+19,GALAXY,0.6671867,11314,58436,855
1.237679317482144e+18,7.89889701938012,8.96653048753836,22.14603,21.40635,21.64925,21.02044,22.06749,7880,301,1,95,1.2738518823847877e+19,GALAXY,0.07426124,11314,58436,317
1.2376697676205916e+18,7.97492204240285,8.00055991196371,20.88002,20.94922,20.56194,20.44068,20.47014,5656,301,5,68,1.2738521297749e+19,QSO,1.242745,11314,58436,326
1.2376793180187535e+18,7.38550679254223,9.47990282405397,26.19174,23.46734,21.65064,20.35346,19.58255,7880,301,2,91,1.2738587543324613e+19,GALAXY,0.7026652,11314,58436,567
1.2376578791501348e+18,117.02901262642,25.1911983333509,23.08687,22.74096,21.89523,20.72493,19.94784,2888,301,5,53,1.250206939805046e+19,QSO,0.9236148,11104,58436,279
1.2376793174824714e+18,8.62045997907535,8.94810509586428,18.16762,17.19615,16.74721,16.53691,16.47424,7880,301,1,100,1.273847456850486e+19,STAR,-0.0001203588,11314,58436,156
1.2376793174828646e+18,9.55421797725461,8.9612150495595,23.91157,21.75498,20.99937,20.7301,20.53392,7880,301,1,106,1.2738434711208352e+19,QSO,1.149557,11314,58436,11
1.2376577749973084e+18,117.478425105172,26.3576636507233,22.69981,22.34812,22.03204,22.00041,22.37209,2864,301,3,55,1.2502220855777188e+19,QSO,2.12005,11104,58436,830
1.237669766550717e+18,16.8421260156222,7.00395234427578,21.59264,21.67547,21.20473,21.3347,21.14224,5656,301,3,127,1.2466060392240796e+19,QSO,1.168787,11072,58436,351
1.237669767624852e+18,17.7036008699295,7.74087526622744,24.91685,22.78943,21.62976,20.37381,19.66867,5656,301,5,133,1.2466195357293107e+19,STAR,0.0002145374,11072,58436,842
1.2376697665504543e+18,16.2674280697216,7.0466401400575,21.94756,21.86796,21.37601,21.4194,21.11898,5656,301,3,123,1.2466095851490791e+19,QSO,1.356472,11072,58436,480
1.2376793180188846e+18,7.6706812016983,9.38657026253125,25.86939,23.71555,21.90504,20.80569,20.00544,7880,301,2,93,1.2738611182824608e+19,GALAXY,0.7072821,11314,58436,653
1.2376697665507825e+18,16.9622153541129,6.99153237481872,23.25747,21.84749,21.29955,21.18765,21.22177,5656,301,3,128,1.2466062316386146e+19,QSO,2.91875,11072,58436,358
1.237679317481948e+18,7.5247170673581,9.02798696094657,22.58405,22.35873,21.68394,20.42356,19.74905,7880,301,1,92,1.2738541363836246e+19,GALAXY,0.702318,11314,58436,399
1.237669702662161e+18,17.5430016281498,7.70574982940384,25.14818,23.92275,21.95337,20.66108,19.84913,5641,301,4,113,1.246618518681055e+19,GALAXY,0.7258077,11072,58436,805
1.237669767624262e+18,16.4443547222718,7.83439157856273,25.05911,21.73811,20.49447,20.39576,20.297,5656,301,5,124,1.2466125538304743e+19,QSO,3.736647,11072,58436,588
1.2376793174824064e+18,8.57894230866691,8.97336108403134,23.62706,21.50176,20.68464,20.3603,20.19685,7880,301,1,99,1.27384841892316e+19,STAR,-5.44427e-05,11314,58436,191
1.2376697665508475e+18,17.085394674659,6.93036794594881,24.52198,22.53954,21.28807,20.4157,19.82535,5656,301,3,129,1.2466048847368706e+19,QSO,6.02092,11072,58436,309
1.2376648777988836e+18,134.583944824847,25.0088556928173,23.33766,22.63781,21.34662,20.01231,19.43523,4518,301,1,46,1.252682627673937e+19,STAR,0.000188071,11126,58436,232
1.2376696967673293e+18,347.227480705185,6.26156546843853,24.8995,24.87014,23.50585,21.44672,19.71865,5640,301,1,277,1.2725149861965748e+19,STAR,-6.530921e-05,11302,58436,833
1.237665098997629e+18,135.681038488268,25.4235287710718,21.98008,21.40963,21.39739,21.3747,21.76079,4569,301,5,167,1.252703078590214e+19,GALAXY,0.01975065,11126,58436,976
1.2376793180192115e+18,8.40243750897673,9.36228798887256,25.53155,23.88088,21.58998,20.53922,19.78263,7880,301,2,98,1.2738651864754835e+19,GALAXY,0.6334629,11314,58436,801
1.237669766550717e+18,16.7811288188857,7.10743415391259,21.25049,21.153,21.06291,20.91655,20.65095,5656,301,3,127,1.2466062866142e+19,GALAXY,0.0,11072,58436,360
1.2376697665505856e+18,16.5937836335359,6.99047568835231,21.52559,21.06099,20.44481,20.26054,20.31507,5656,301,3,125,1.2466083481985e+19,QSO,1.273338,11072,58436,435
1.2376697665505856e+18,16.5269311459778,7.02360591355275,19.35442,19.25961,19.28695,19.01711,19.01733,5656,301,3,125,1.24660843066187e+19,QSO,1.873647,11072,58436,438
1.2376697665509788e+18,17.5055807556758,7.01154025257431,20.02479,19.76328,19.61897,19.42785,19.27968,5656,301,3,131,1.2466017236409407e+19,QSO,0.7601305,11072,58436,194
1.2376697676245243e+18,17.0153528679447,7.77473099666018,22.39687,22.20693,22.00653,21.75592,21.25886,5656,301,5,128,1.2466150827072182e+19,QSO,2.143842,11072,58436,680
1.237669702661899e+18,17.025100998973,7.58140881339464,24.57844,23.43049,21.6532,20.59517,19.84743,5641,301,4,109,1.246615275121753e+19,GALAXY,0.7546685,11072,58436,687
1.237669701051286e+18,17.0176972504122,6.41164896021065,23.61737,24.0375,21.53451,20.25423,19.39554,5641,301,1,109,1.246605489468266e+19,GALAXY,0.669676,11072,58436,331
1.2376695174360607e+18,346.676467843677,6.72209128243697,26.71095,24.40437,22.18239,20.55799,19.88671,5598,301,3,27,1.2725103132721568e+19,GALAXY,0.7179198,11302,58436,663
1.2376648777994737e+18,135.944000787504,25.6514193693623,24.02983,23.54996,21.61651,20.61415,19.91851,4518,301,1,55,1.2527033809559116e+19,GALAXY,0.4436969,11126,58436,987
1.2376793180195397e+18,9.21629915171769,9.48494547971065,22.71814,21.83476,21.72967,21.16439,21.37081,7880,301,2,103,1.2738691996929251e+19,QSO,1.881975,11314,58436,947
1.2376793180192113e+18,8.37826578207734,9.53607910143482,24.47876,23.41393,22.27493,20.17978,18.98832,7880,301,2,98,1.2738643068661815e+19,STAR,-0.0002051578,11314,58436,769
1.2376793180194084e+18,8.84784598659746,9.37604222217167,24.19566,23.18319,21.76624,20.47104,20.05413,7880,301,2,101,1.2738677428400183e+19,STAR,-0.000264557,11314,58436,894
1.2376793180195392e+18,9.18409434952162,9.37481986627345,21.82201,22.08688,21.56267,21.5388,21.4628,7880,301,2,103,1.2738690072783905e+19,QSO,1.437521,11314,58436,940
1.237679318019408e+18,8.80729697789923,9.35100761836858,22.71097,22.1698,21.76622,20.66422,19.90837,7880,301,2,101,1.2738677153522276e+19,GALAXY,0.7874324,11314,58436,893
1.2376648777992115e+18,135.26495287696,25.3639941210285,21.96956,24.39086,21.73962,20.64323,19.72219,4518,301,1,51,1.2527020065663769e+19,GALAXY,0.6772854,11126,58436,937
1.23766976655111e+18,17.771966805587,7.04889609948886,20.97605,20.73313,20.5359,20.31946,20.35275,5656,301,3,133,1.2466006241293128e+19,QSO,1.625225,11072,58436,154
1.2376788600944724e+18,28.7337652475983,12.2030694073006,20.27027,19.96943,19.89814,19.73404,19.68971,7773,301,5,497,1.2472840255832349e+19,QSO,1.543033,11078,58437,440
1.2376788595571436e+18,27.4990072350921,11.8969393415477,23.82429,23.21818,22.2161,21.07289,20.0181,7773,301,4,490,1.2444626512585708e+19,GALAXY,0.6236315,11053,58437,199
1.2376640928996398e+18,131.13837140386,25.9343674799718,21.01716,20.46862,20.22141,20.1157,19.82247,4335,301,3,138,1.2522385899047377e+19,QSO,2.501527,11122,58437,462
1.2376789202175923e+18,30.310783819131,11.8411790664536,22.49336,21.8875,21.46493,21.41994,21.00193,7787,301,5,399,1.2472737176617245e+19,QSO,1.322823,11078,58437,65
1.237664877803471e+18,145.317703345728,29.4640912854093,21.59176,21.93992,21.40401,21.46434,22.25482,4518,301,1,116,1.2810601981547928e+19,QSO,1.280998,11378,58437,410
1.2376648799509548e+18,144.376108330269,31.0299655432015,21.82837,21.59992,21.27969,21.30226,21.12433,4518,301,5,116,1.2810630843728157e+19,QSO,1.214311,11378,58437,515
1.2376788579465303e+18,27.5105004563205,10.6370433607764,22.73822,21.8722,21.38331,20.76629,20.76006,7773,301,1,490,1.2444617991370594e+19,QSO,0.6367029,11053,58437,168
1.2376788584842527e+18,29.4566372464548,10.7842813138194,21.40381,21.1823,20.77498,20.66934,20.55641,7773,301,2,503,1.2472796825123052e+19,QSO,1.263605,11078,58437,282
1.2376788590195507e+18,25.8612945609005,11.6956368923197,21.28536,20.85223,20.56726,20.35788,20.46392,7773,301,3,479,1.2444705402545e+19,QSO,1.514417,11053,58437,486
1.237678920217658e+18,30.3724444051243,11.7677312751837,23.95506,22.86811,21.44136,20.43882,20.05472,7787,301,5,400,1.247272673125678e+19,STAR,-0.0001925762,11078,58437,27
1.2376788584834668e+18,27.5671662231977,11.0805445409821,23.87199,22.6137,21.03631,20.06839,19.57498,7773,301,2,491,1.2444606446498505e+19,GALAXY,0.4871283,11053,58437,126
1.2376788595576676e+18,28.8437103971958,11.8162947818046,22.58774,24.46528,21.90452,20.35716,19.5706,7773,301,4,498,1.2472835033152117e+19,GALAXY,0.7305437,11078,58437,421
1.2376788584830735e+18,26.7511758352319,11.2049773003521,23.07786,23.58656,21.66623,20.49814,19.56656,7773,301,2,485,1.2444661147202e+19,GALAXY,0.7602754,11053,58437,325
1.2376646684257162e+18,132.086104743811,26.6870139691338,21.58554,20.38197,19.52806,19.10647,18.85366,4469,301,3,145,1.25224502204776e+19,GALAXY,0.2738663,11122,58437,696
1.2376788590204685e+18,28.000309279445,11.3984647739298,21.107,21.00602,20.82762,20.70712,20.59962,7773,301,3,493,1.2444586105533389e+19,QSO,1.224126,11053,58437,52
1.2376788590196815e+18,26.2083675025097,11.6710693629082,18.91658,17.98126,17.72125,17.61974,17.57534,7773,301,3,481,1.2444702378888e+19,STAR,-0.0007572573,11053,58437,475
1.2376640939740367e+18,131.934354626539,27.3977719676497,20.53875,20.41076,20.12878,20.02437,20.07957,4335,301,5,148,1.252244059975086e+19,QSO,1.150562,11122,58437,661
1.237664092900623e+18,133.189875027869,26.9987532266733,23.36267,23.10174,21.40026,20.1995,19.39809,4335,301,3,153,1.25225016226462e+19,GALAXY,0.6814805,11122,58437,883
1.2376581916073004e+18,119.055377474915,25.5861855807276,25.21794,23.60017,23.29479,20.56888,19.88844,2961,301,3,27,1.2513348188345e+19,GALAXY,0.607467,11114,58437,351
1.2376789207533489e+18,27.7013365870208,12.4919859990449,21.09698,20.55433,20.10637,19.99784,19.96714,7787,301,6,382,1.2444805183225223e+19,QSO,1.185508,11053,58437,849
1.2376788600940792e+18,27.7364199881558,12.2093960553046,20.74273,20.5724,20.20905,20.18348,20.21982,7773,301,5,491,1.2444818377364756e+19,QSO,1.132123,11053,58437,897
1.2376648804880228e+18,144.638622653418,31.6577509232321,23.13934,22.91797,21.72474,20.35073,19.56977,4518,301,6,119,1.2810640189577e+19,GALAXY,0.7237787,11378,58437,549
1.2376789207528243e+18,26.4900870738549,12.6031800170526,21.38396,21.0632,20.97961,20.87186,20.36866,7787,301,6,374,1.2444738937649648e+19,GALAXY,1.110828,11053,58437,608
1.2376788590201408e+18,27.2052291108613,11.5319886575351,21.2014,20.80278,20.37263,20.09539,20.04734,7773,301,3,488,1.2444646028917105e+19,QSO,1.523205,11053,58437,270
1.2376788584829427e+18,26.4424516508682,11.0991796043867,23.39763,22.56417,21.61477,20.37547,19.6856,7773,301,2,483,1.2444682037922912e+19,GALAXY,0.7273645,11053,58437,401
1.2376648370026588e+18,132.458762222114,25.5285901723435,26.0967,23.51873,21.85379,20.70009,19.82554,4508,301,5,137,1.2522338345169476e+19,GALAXY,0.8028015,11122,58437,289
1.2376789207529556e+18,26.8424369369385,12.6284161292664,19.83703,19.36722,19.50634,19.64093,19.77185,7787,301,6,376,1.2444759003736857e+19,STAR,-0.000101265,11053,58437,681
1.237678859020272e+18,27.470085586781,11.4239012007705,24.86669,23.49234,21.53267,20.44018,19.58521,7773,301,3,490,1.2444622664295e+19,GALAXY,0.5270635,11053,58437,185
1.237678920217592e+18,30.2431744918289,11.9030059776367,23.58661,22.97381,21.3012,19.31448,18.27965,7787,301,5,399,1.2472738001251e+19,STAR,2.681706e-05,11078,58437,68
1.237664092899837e+18,131.481472462079,26.0248968704741,26.45336,23.75446,22.51314,20.57835,19.69764,4335,301,3,141,1.2522376828076448e+19,STAR,5.834021e-05,11122,58437,429
1.237678858483139e+18,26.8709859181789,11.066488775381,25.30649,21.45833,20.80713,20.72863,20.78988,7773,301,2,486,1.2444663621103147e+19,QSO,3.34166,11053,58437,334
1.2376788584830085e+18,26.6322703171807,11.1797508757769,24.06203,23.88608,21.80467,20.71596,19.86867,7773,301,2,484,1.2444674891097332e+19,GALAXY,0.6550337,11053,58437,375
1.2376789207526935e+18,26.2158564145761,12.5608405204323,19.50409,19.38161,19.20376,18.94614,18.94228,7787,301,6,372,1.2444726018388e+19,QSO,1.532525,11053,58437,561
1.2376640939739057e+18,131.809639574166,27.2014462074728,21.13977,20.88868,20.8415,20.82742,20.25483,4335,301,5,146,1.2522432628291555e+19,QSO,2.181129,11122,58437,632
1.2376788590196165e+18,25.9747449564102,11.6323374105441,20.27725,20.03286,19.49963,19.41611,19.47689,7773,301,3,480,1.2444701829132212e+19,QSO,1.369536,11053,58437,473
1.2376788584832704e+18,27.1147599046653,11.086127539612,26.40953,23.78841,22.05307,20.57425,19.67229,7773,301,2,488,1.244463915696943e+19,GALAXY,0.7499706,11053,58437,245
1.237665099002086e+18,146.19973687964,29.5172570179465,23.10387,24.10929,22.32583,20.8437,19.87999,4569,301,5,235,1.2810546456210725e+19,STAR,-0.0004329223,11378,58437,208
1.2376640928996398e+18,131.10518359619,25.8619317334676,22.12621,21.78724,21.88256,21.71798,21.62046,4335,301,3,138,1.2522391946361328e+19,QSO,1.843308,11122,58437,484
1.2376789202163471e+18,27.4260093483645,12.1834649210278,23.22309,22.96246,21.61848,20.46587,20.08298,7787,301,5,380,1.2444796662010108e+19,STAR,-9.228742e-05,11053,58437,818
1.2376789202167404e+18,28.2721548562839,12.033089281471,24.44313,22.37484,20.96211,20.20517,19.60323,7787,301,5,386,1.2472855648995135e+19,STAR,0.000146957,11078,58437,496
1.237678858483598e+18,27.8929687048981,10.9808520004029,23.33286,22.73913,21.86706,20.74336,19.96051,7773,301,2,493,1.244458583065548e+19,GALAXY,0.7858409,11053,58437,51
1.2376788584838597e+18,28.6236816221752,11.0422704563754,19.88556,19.82416,19.29125,19.17844,19.26653,7773,301,2,497,1.2472843554367232e+19,QSO,1.33172,11078,58437,452
1.2376788595579295e+18,29.3596440493122,11.6598686328708,23.47568,22.07708,20.50852,19.88907,19.54336,7773,301,4,502,1.247279242707654e+19,GALAXY,0.3921431,11078,58437,266
1.2376788584832704e+18,27.263654855197,11.1689901663106,23.22775,23.64282,21.72756,20.59965,19.91482,7773,301,2,488,1.2444630360876409e+19,GALAXY,0.582482,11053,58437,213
1.237678920752628e+18,25.9503303431002,12.5900200607438,22.06178,21.42979,21.16985,20.9715,21.15041,7787,301,6,371,1.2444709525713609e+19,QSO,1.526826,11053,58437,501
1.2376788595568814e+18,26.9547556980785,11.8846912422693,25.77447,23.9128,21.48319,20.45663,19.45151,7773,301,4,486,1.2444659497934545e+19,GALAXY,0.590099,11053,58437,319
1.237664877804e+18,146.530627179911,30.0258744771499,24.60638,23.58826,21.63351,20.30083,19.4732,4518,301,1,124,1.2810521992077e+19,GALAXY,0.9587886,11378,58437,119
1.2376640929002954e+18,132.509994496329,26.6660595711536,23.0715,23.59015,21.41637,20.05354,19.31612,4335,301,3,148,1.2522471386076436e+19,GALAXY,0.7197042,11122,58437,773
1.2376788584841871e+18,29.3209768798487,10.8832273125275,24.03514,23.37992,21.56651,20.40096,19.68069,7773,301,2,502,1.2472807545361422e+19,GALAXY,0.6859798,11078,58437,321
1.2376789202163476e+18,27.3955621184469,12.0687124388749,24.37821,23.19059,21.33394,19.93094,19.18426,7787,301,5,380,1.244479721176592e+19,STAR,-0.0001194561,11053,58437,820
1.2376789202164124e+18,27.4557338669609,12.1322112147434,22.23747,22.64987,22.19963,22.02773,22.19061,7787,301,5,381,1.2444796936888e+19,QSO,1.598191,11053,58437,819
1.2376648370028544e+18,132.883976535136,25.7180370356587,18.38795,17.47922,17.09684,16.9502,16.88893,4508,301,5,140,1.2522307833721805e+19,STAR,0.0002012989,11122,58437,178
1.2376581921445655e+18,119.53436947566,26.5832588456724,25.81222,23.42634,22.46988,20.95162,19.82425,2961,301,4,33,1.2513465836089135e+19,GALAXY,0.0,11114,58437,779
1.237678859021255e+18,29.7696732118393,11.2250368944407,21.92964,21.37105,20.95259,20.58863,20.31303,7773,301,3,505,1.24727671383091e+19,QSO,0.6268742,11078,58437,174
1.2376788595579292e+18,29.3250913795727,11.6333314572022,21.5826,21.58171,19.99999,19.45663,19.15403,7773,301,4,502,1.2472791327564913e+19,GALAXY,0.4381707,11078,58437,262
1.2376788590198784e+18,26.5621794266339,11.4776304476816,19.89522,20.00509,19.50618,19.52165,19.49434,7773,301,3,484,1.2444679289143845e+19,QSO,1.330148,11053,58437,391
1.2376648370029212e+18,132.990801279128,25.8167287961179,25.69788,23.32481,21.79775,20.35131,19.68414,4508,301,5,141,1.2522297113483432e+19,GALAXY,0.7654743,11122,58437,139
1.2376788595575365e+18,28.4699912635382,11.8643345102133,23.70104,23.85413,21.69535,20.50828,19.78754,7773,301,4,496,1.2444575385295e+19,GALAXY,0.6398215,11053,58437,13
1.2376788590204687e+18,27.9989531713049,11.4405906601103,22.93296,21.4737,21.06861,21.18254,21.09392,7773,301,3,493,1.2444588854312458e+19,STAR,-0.0001234387,11053,58437,62
1.237678859020272e+18,27.5543238579326,11.3911621873502,22.52794,20.35326,19.58565,19.23434,19.0636,7773,301,3,490,1.24446102947892e+19,STAR,-0.0003306531,11053,58437,140
1.2376648370032484e+18,133.742840475705,26.1302616178309,23.46925,22.95472,21.50082,20.44583,19.67851,4508,301,5,146,1.252226687691367e+19,GALAXY,0.6370414,11122,58437,29
1.237653651847578e+18,29.6767380499432,13.6681095667956,20.8204,20.50071,20.29309,20.33556,20.6769,1904,301,3,343,1.2472935363588151e+19,QSO,1.075647,11078,58437,786
1.2376788584834017e+18,27.5148546873156,10.9893686769531,22.96435,23.25055,21.83997,20.52621,19.63144,7773,301,2,490,1.24446182662485e+19,GALAXY,0.7770717,11053,58437,169
1.237678920216806e+18,28.3973240197988,12.0502415574401,22.14615,21.89513,21.78846,21.46582,21.83259,7787,301,5,387,1.2444575110417111e+19,QSO,1.804114,11053,58437,12
1.237678859021255e+18,29.788763320119,11.2221963785682,19.1216,18.90818,18.47611,18.34574,18.33107,7773,301,3,505,1.2472766038797472e+19,QSO,1.325417,11078,58437,170
1.237664092899837e+18,131.421205370403,26.1594724829969,24.63447,24.23249,21.93638,20.91533,19.83464,4335,301,3,141,1.2522378477343887e+19,GALAXY,0.6846762,11122,58437,435
1.2376648799512832e+18,145.198313004042,31.3617932858405,25.01055,25.68188,22.08467,20.87707,19.95657,4518,301,5,121,1.2810655032984e+19,GALAXY,0.8152969,11378,58437,603
1.2376648370082286e+18,145.309279324608,31.1828737630703,20.0096,19.56826,19.64641,19.41626,19.45787,4508,301,5,222,1.2810658331518851e+19,QSO,0.6231107,11378,58437,615
1.2376788584835323e+18,27.7596559571761,11.0632185136732,22.1391,21.7429,21.66373,21.17498,20.94154,7773,301,2,492,1.2444596001138e+19,QSO,1.567029,11053,58437,88
1.2376648804883505e+18,145.487757030931,31.8592055135443,26.62733,23.45725,21.19627,20.08647,19.09398,4518,301,6,124,1.281067372468164e+19,GALAXY,0.8091138,11378,58437,671
1.2376622251211497e+18,131.588860369995,26.6298083642334,23.66261,23.23464,21.76878,20.29275,19.71484,3900,301,4,68,1.252242878000086e+19,STAR,0.0002592969,11122,58437,618
1.237678858483729e+18,28.2158757958972,11.0257796227784,25.6922,23.7366,21.76012,20.66246,19.94647,7773,301,2,495,1.2444583631632226e+19,GALAXY,0.487854,11053,58437,43
1.237664837008753e+18,146.7897821929,31.6296136137135,20.27946,20.07372,19.92664,19.89533,19.66548,4508,301,5,230,1.2810730899286284e+19,QSO,0.8161134,11378,58437,879
1.2376640939736435e+18,131.084992337758,27.0228853934164,21.71564,21.38666,20.74384,20.41011,19.83945,4335,301,5,142,1.2522402391721791e+19,GALAXY,0.2875853,11122,58437,522
1.2376788590213207e+18,29.9360156974756,11.1654814356411,25.85075,23.53364,21.817,20.37301,19.4521,7773,301,3,506,1.247276548904166e+19,STAR,-6.013718e-06,11078,58437,168
1.2376788595570775e+18,27.3599281062225,11.9332569869596,22.47657,23.16074,21.52645,20.38247,19.63559,7773,301,4,489,1.2444625962829896e+19,GALAXY,0.9211596,11053,58437,197
1.2376640928996398e+18,131.102981515029,25.8245534193305,21.49565,20.80255,20.9285,20.79411,20.82839,4335,301,3,138,1.2522385074413656e+19,QSO,2.336298,11122,58437,459
1.237678860093686e+18,26.7813429670606,12.2652013367181,21.07778,20.89413,20.70052,20.53113,20.21886,7773,301,5,485,1.244476312690546e+19,QSO,1.845159,11053,58437,696
1.237678858483139e+18,26.887973187102,11.1945968354621,26.48307,22.96123,22.08571,20.87799,20.03202,7773,301,2,486,1.2444651251597337e+19,GALAXY,0.8977792,11053,58437,289
1.237678859021386e+18,30.0665056968211,11.3464634100749,23.16036,22.07557,21.48343,20.94602,20.56145,7773,301,3,507,1.2472756143192824e+19,QSO,1.748737,11078,58437,134
1.2376788590213204e+18,29.9577622346144,11.1605876877204,21.87607,22.07108,22.0005,21.65151,21.19844,7773,301,3,506,1.2472755043681196e+19,QSO,1.63104,11078,58437,130
1.237664668426044e+18,132.878664153633,27.1577791066463,26.48171,22.99663,21.70288,20.63826,19.94538,4469,301,3,150,1.252248897826248e+19,GALAXY,0.6060011,11122,58437,837
1.23767892075289e+18,26.6814349500718,12.5730517137882,21.59242,20.9664,20.92391,20.80236,20.43522,7787,301,6,375,1.2444751032277555e+19,QSO,2.497794,11053,58437,652
1.2376640928998364e+18,131.576041391296,26.0950706235993,21.6988,21.53808,21.01788,21.09216,20.7391,4335,301,3,141,1.2522376003442729e+19,QSO,1.125623,11122,58437,426
1.237678859020272e+18,27.5645918851631,11.5336934601075,21.57397,21.52668,21.07631,21.15692,20.82355,7773,301,3,490,1.2444611394300828e+19,QSO,1.426779,11053,58437,144
1.237678858484384e+18,29.7091561379355,10.7981142400329,26.09187,23.07677,21.74486,20.83672,20.08948,7773,301,2,505,1.2472774834890496e+19,STAR,-0.000185209,11078,58437,202
1.2376648804884155e+18,145.619331879724,31.9665247222854,26.76064,23.00348,21.74082,20.61294,19.94747,4518,301,6,125,1.2810672075414198e+19,GALAXY,0.7694533,11378,58437,665
1.237678859556488e+18,25.9794180477216,12.0511709464158,22.71727,24.32157,22.08916,20.60313,19.91301,7773,301,4,480,1.2444718871562445e+19,GALAXY,0.6747042,11053,58437,535
1.237678858482812e+18,26.1910100897483,11.2285220719348,24.95336,23.46644,22.9229,20.88834,19.94609,7773,301,2,481,1.2444696881329887e+19,QSO,1.66288,11053,58437,455
1.23767892075289e+18,26.6240712790505,12.5878485354848,21.19409,21.28639,21.58533,21.1849,20.71494,7787,301,6,375,1.2444737838138e+19,QSO,1.919014,11053,58437,604
1.237678858483139e+18,26.9075111932223,11.1150429192054,25.69595,23.37792,21.3595,20.30974,19.6289,7773,301,2,486,1.2444652351109e+19,GALAXY,0.4929102,11053,58437,293
1.2376788590194854e+18,25.6742114821527,11.6900691500328,21.91961,20.91255,20.78998,20.76675,20.34071,7773,301,3,478,1.2444707876446165e+19,QSO,2.574579,11053,58437,495
1.2376788584832704e+18,27.1579296049885,10.9893667547159,25.78092,23.2746,22.05525,20.51413,19.58251,7773,301,2,488,1.2444640256481057e+19,GALAXY,0.6624657,11053,58437,249
1.2376788590203377e+18,27.6993942624313,11.5015038828762,22.4203,21.6227,21.24747,21.08247,20.8709,7773,301,3,491,1.2444599849428736e+19,QSO,2.546005,11053,58437,102
1.2376788590201408e+18,27.2188327940088,11.4332923093368,20.82733,21.05494,20.77632,20.71234,20.62299,7773,301,3,488,1.244464437964966e+19,QSO,1.436588,11053,58437,264
1.237678920217592e+18,30.1970113745596,11.7771713236893,24.23054,23.16951,21.27008,19.74773,18.92221,7787,301,5,399,1.2472739100762591e+19,STAR,-4.634491e-05,11078,58437,72
1.23766487780393e+18,146.386349925152,29.8619914345129,23.36172,23.21806,21.67545,21.02915,20.68378,4518,301,1,123,1.2810536835484e+19,QSO,1.395265,11378,58437,173
1.2376789202172646e+18,29.5105655610785,11.9629490777642,22.74255,21.79636,21.56664,21.25444,20.75769,7787,301,5,394,1.2472783630983518e+19,QSO,1.667079,11078,58437,234
1.2376788600942103e+18,28.0278480599425,12.2937079817869,21.70891,21.31832,21.25686,21.1246,20.81662,7773,301,5,493,1.2472862246064904e+19,QSO,2.611124,11078,58437,520
1.237664837002593e+18,132.248061318404,25.4889303538137,22.66972,21.65961,21.60603,21.60367,21.1049,4508,301,5,136,1.2522350989553195e+19,QSO,2.555345,11122,58437,335
1.2376788595575365e+18,28.5285677845903,11.7961246620415,23.67892,23.99959,21.80978,20.73747,19.85349,7773,301,4,496,1.2444573186271762e+19,GALAXY,0.6396235,11053,58437,5
1.237658192144827e+18,119.922683438094,26.93788225947,22.00453,22.00144,21.36381,21.58472,22.85657,2961,301,4,37,1.2513483153397277e+19,QSO,1.336116,11114,58437,842
1.2376648799512166e+18,145.101604274805,31.2277820516604,20.52039,20.11002,20.02954,19.76831,19.77896,4518,301,5,120,1.2810656957129316e+19,QSO,1.484885,11378,58437,610
1.2376648804882852e+18,145.4537554409,31.8870779754924,23.59063,24.8006,22.46529,21.18832,19.92131,4518,301,6,123,1.2810661630053734e+19,GALAXY,0.7711021,11378,58437,627
1.237678920216675e+18,28.1771680621616,11.977217660057,22.76004,21.8948,21.45568,20.98829,20.52487,7787,301,5,385,1.2444581157731064e+19,QSO,0.8667138,11053,58437,34
1.2376648778040612e+18,146.691353027443,30.0611037778323,24.94345,24.23605,21.60475,20.46217,19.79625,4518,301,1,125,1.281050549940259e+19,GALAXY,0.5389495,11378,58437,59
1.2376648370079014e+18,144.610711349677,30.8795802874864,22.8982,21.90109,21.84348,21.8645,21.33249,4508,301,5,217,1.2810635516652577e+19,QSO,2.893395,11378,58437,532
1.2376788590196165e+18,25.9467648697381,11.5758681224831,19.3365,19.20488,19.06233,18.82426,18.70136,7773,301,3,480,1.2444704303033377e+19,QSO,1.908244,11053,58437,482
1.2376650990032e+18,149.055028834307,30.3353475840157,25.27652,21.13096,20.51524,20.32169,20.41916,4569,301,5,252,1.2811644318587836e+19,QSO,3.312584,11379,58438,106
1.237653651846136e+18,26.4125911426104,13.8324949410646,22.08196,20.96079,20.6346,20.46895,20.40335,1904,301,3,321,1.2443519304393316e+19,STAR,-0.0007535426,11052,58438,267
1.2376609581079603e+18,123.628835714017,26.0242427925302,22.05669,23.8188,21.53272,20.51943,19.24554,3605,301,4,101,1.252114152677942e+19,GALAXY,0.9117873,11121,58438,31
1.2376607653714327e+18,123.171866301821,25.8750642231293,20.47375,19.97891,19.94506,19.95413,19.83449,3560,301,5,103,1.2521160493355e+19,QSO,2.239711,11121,58438,100
1.2376609581076316e+18,122.921173630273,25.6157906446461,20.44778,20.42401,20.12248,19.91252,19.58286,3605,301,4,96,1.2521178635296856e+19,QSO,2.105529,11121,58438,166
1.237665099003069e+18,148.722545949337,30.1745614340226,20.57614,20.50714,20.16324,20.08325,19.99183,4569,301,5,250,1.2811665759064578e+19,QSO,1.231393,11379,58438,184
1.2376622240503567e+18,138.633827917814,29.3598418815478,24.96514,25.62078,22.04385,20.64674,19.85213,3900,301,2,113,1.2772469543923898e+19,GALAXY,0.7919817,11344,58438,949
1.237664877804913e+18,148.745230088163,30.7398634630108,22.33659,22.0947,21.91311,21.59864,21.29869,4518,301,1,138,1.2811851576529672e+19,QSO,1.988588,11379,58438,860
1.2376640929022615e+18,137.024335507588,28.8474994040987,26.31598,23.43622,21.29472,20.216,19.54461,4335,301,3,178,1.277238213274949e+19,GALAXY,0.6479927,11344,58438,631
1.23766488048527e+18,138.123354205839,28.8700796235071,21.83558,21.73487,21.80483,21.66905,21.00841,4518,301,6,77,1.2772448378325064e+19,QSO,1.873874,11344,58438,872
1.2376536518465293e+18,27.3207290807377,13.9060915268432,19.37259,18.389,17.96112,17.80533,17.74975,1904,301,3,327,1.2443454982963091e+19,STAR,-0.0004874587,11052,58438,33
1.237649919506908e+18,25.0810650560164,13.8307038747683,24.8352,23.86494,22.2883,20.79749,19.80401,1035,301,3,128,1.2443580602166565e+19,STAR,8.697736e-05,11052,58438,490
1.237653651846595e+18,27.4008478851126,13.7212528761371,23.0209,22.03285,21.80394,21.76744,22.13109,1904,301,3,328,1.244345415832937e+19,GALAXY,0.08226115,11052,58438,30
1.23766512745631e+18,148.302490857601,28.4272470815042,26.13217,23.64185,21.80538,20.61479,19.93168,4576,301,2,236,1.2776731250993158e+19,GALAXY,0.5543003,11348,58438,69
1.2376786002429215e+18,27.1123221259449,15.4156573177422,20.3065,20.08507,19.9979,19.67349,19.70176,7713,301,1,405,1.2443704846980504e+19,QSO,1.72249,11052,58438,942
1.237649954405942e+18,25.3257469396378,14.3256312814724,26.09101,23.52116,22.01942,20.58173,19.77442,1043,301,4,165,1.2443593521428191e+19,GALAXY,0.7407508,11052,58438,537
1.237665099003e+18,148.461562379413,30.2288485044433,21.99302,21.62689,21.40214,21.12526,21.18662,4569,301,5,249,1.2811676204425e+19,QSO,1.44452,11379,58438,222
1.2376607653712369e+18,122.837810994244,25.6803890692602,21.85515,21.39802,21.00417,20.94988,20.93362,3560,301,5,100,1.2521180559442205e+19,QSO,1.166588,11121,58438,173
1.2376650990025444e+18,147.339856559336,29.7927247032623,22.221,21.71903,20.66908,20.28698,19.81409,4569,301,5,242,1.2776927238940807e+19,QSO,1.721381,11348,58438,782
1.237660958107436e+18,122.622932312291,25.2489243412805,26.46725,23.54956,21.05011,19.98411,19.31321,3605,301,4,93,1.2521183857977088e+19,GALAXY,0.6464626,11121,58438,185
1.2376603433898478e+18,123.196854612609,26.8039428249985,21.4935,21.5171,21.58871,20.95651,21.28425,3462,301,3,87,1.2521378196657295e+19,GALAXY,0.09457397,11121,58438,892
1.2376536518464635e+18,27.1759534866471,13.89436922205,21.79578,21.76346,21.21998,21.26631,20.6524,1904,301,3,326,1.2443465703201462e+19,QSO,1.327968,11052,58438,72
1.237649954406269e+18,26.0169363894607,14.3449855170088,24.90799,23.00946,21.65033,20.35635,19.68511,1043,301,4,170,1.2443637501893302e+19,GALAXY,0.5131678,11052,58438,697
1.237653651846726e+18,27.7207996595231,13.8047830157249,23.60762,22.15609,21.75059,21.47548,21.85539,1904,301,3,330,1.244344701150379e+19,GALAXY,1.157994,11052,58438,4
1.2376581910716751e+18,121.772916976018,27.2400317354497,24.02032,22.90654,21.91527,20.89249,19.95309,2961,301,2,46,1.2521317448639865e+19,GALAXY,0.9016155,11121,58438,671
1.237665099002676e+18,147.779220548675,30.0098125577029,22.2334,21.70932,21.61571,21.56221,20.94825,4569,301,5,244,1.2811728156349454e+19,QSO,2.425373,11379,58438,411
1.2376536518467264e+18,27.7913881012329,13.8359166895082,25.71928,23.79805,21.87667,20.77137,19.85235,1904,301,3,330,1.244344783613751e+19,STAR,-0.0002160248,11052,58438,7
1.2376651274557855e+18,146.982631423138,28.1325528283447,25.45328,23.0791,21.62315,20.40484,19.72659,4576,301,2,228,1.2776797221690825e+19,GALAXY,0.5299127,11348,58438,309
1.237649954406597e+18,26.8810355874267,14.3694747547531,26.89943,24.94706,22.37741,20.9709,19.68504,1043,301,4,175,1.2443692477474691e+19,GALAXY,0.6465157,11052,58438,897
1.2376536518464635e+18,27.1650207512962,13.8021451126798,22.06997,20.18502,19.48233,19.23094,19.1122,1904,301,3,326,1.2443463504178209e+19,STAR,-0.0001263447,11052,58438,64
1.2376648778047818e+18,148.456819438008,30.6856029537993,21.82052,21.77813,21.34182,21.15598,21.15856,4518,301,1,136,1.2811681152227369e+19,QSO,1.468351,11379,58438,240
1.2376609581079598e+18,123.676979308529,26.1092633037213,20.80568,20.69088,20.39981,20.4172,20.50304,3605,301,4,101,1.252113960263407e+19,QSO,1.187581,11121,58438,24
1.2376603433896517e+18,122.796037030477,26.5252513531891,22.97605,22.42536,21.85284,21.19527,20.72466,3462,301,3,84,1.2521369400564275e+19,QSO,6.549968,11121,58438,860
1.2376650990028063e+18,148.05099326116,29.9048600816748,20.72418,20.88349,20.45782,20.52542,20.39163,4569,301,5,246,1.2811706715872713e+19,QSO,1.273536,11379,58438,333
1.2376581910714788e+18,121.472410179581,26.9327735115744,24.44967,23.36212,22.04278,20.71315,19.8872,2961,301,2,43,1.252129875694219e+19,GALAXY,0.8826792,11121,58438,603
1.237660765371237e+18,122.811190983001,25.6854625381107,23.26881,23.29111,21.31309,20.49515,20.37642,3560,301,5,100,1.2521181384075923e+19,GALAXY,0.4267739,11121,58438,176
1.23766076537163e+18,123.489645686817,26.268488309537,20.62133,20.22962,20.12973,19.85916,19.78984,3560,301,5,106,1.2521152247017787e+19,QSO,1.555779,11121,58438,70
1.2376607648343657e+18,123.086596762712,25.3199434867021,20.71999,19.8294,19.44061,19.28846,19.07154,3560,301,4,100,1.2521156370186392e+19,QSO,2.224054,11121,58438,85
1.2376499195074972e+18,26.5669520595054,13.7540276013548,21.14477,20.94071,20.63345,20.66438,20.59053,1035,301,3,137,1.2443507484643316e+19,QSO,0.8972334,11052,58438,224
1.237664877804192e+18,146.922013702554,30.1823544485369,19.14552,18.20487,17.90775,17.75834,17.75705,4518,301,1,127,1.2811747672680847e+19,STAR,0.0007446397,11379,58438,482
1.237664877804455e+18,147.720341054576,30.2978911446358,24.09478,22.91871,21.56738,20.04289,19.37463,4518,301,1,131,1.2811722658791315e+19,GALAXY,0.8873022,11379,58438,391
1.2376607653716956e+18,123.592470378727,26.3068423693227,21.75516,21.70991,21.75641,21.59961,21.7995,3560,301,5,107,1.2521150047994532e+19,QSO,1.79764,11121,58438,62
1.2376648778049787e+18,148.822601336153,30.7758387768809,22.40095,23.39708,21.05872,19.99953,19.27561,4518,301,1,139,1.2811862296768e+19,GALAXY,0.7559148,11379,58438,899
1.2376607653717612e+18,123.849419992753,26.4329950882102,22.20637,21.97967,20.98755,20.97747,20.79601,3560,301,5,108,1.2521137953366628e+19,GALAXY,0.3541666,11121,58438,18
1.2376603433900447e+18,123.454141642913,27.1903350429511,21.34945,20.70749,20.56408,20.50234,20.10687,3462,301,3,90,1.2521383694215436e+19,QSO,2.238365,11121,58438,912
1.2376607653718267e+18,123.902453397772,26.4457203843588,20.12159,20.02983,19.65485,19.39293,18.88363,3560,301,5,109,1.2521136853855e+19,QSO,0.3677107,11121,58438,14
1.237660343390044e+18,123.51210865498,27.1234036781089,22.05061,21.96192,24.80202,21.14097,23.14602,3462,301,3,90,1.2521396888355e+19,STAR,5.328653e-05,11121,58438,960
1.237665099002348e+18,146.955442956529,29.5833596094806,25.54153,22.63598,21.50039,20.30633,19.51534,4569,301,5,239,1.2776907722609416e+19,STAR,-1.264404e-05,11348,58438,711
1.237660764834694e+18,123.650750159518,25.794426863132,24.31576,23.91832,21.59953,20.23357,19.30525,3560,301,4,105,1.2521148123849183e+19,STAR,-0.0003526681,11121,58438,55
1.23766076483417e+18,122.65142091517,25.0354289060468,22.55233,23.73901,21.68959,20.68319,19.84863,3560,301,4,97,1.252118275846546e+19,GALAXY,0.9064599,11121,58438,181
1.2376648370090808e+18,147.501937206645,31.9913210764274,24.40051,21.7077,20.96775,20.63967,20.55733,4508,301,5,235,1.2811786705343631e+19,STAR,3.826884e-05,11379,58438,624
1.2376607653718267e+18,123.834251070727,26.5176714171713,21.2394,20.93402,20.55715,20.32454,20.3797,3560,301,5,109,1.2521138503122442e+19,QSO,1.540019,11121,58438,20
1.2376607653714332e+18,123.072406454509,25.9749844901085,19.76689,19.55582,19.47033,19.54787,19.24192,3560,301,5,103,1.2521163517012e+19,QSO,0.8301031,11121,58438,111
1.2376499195080215e+18,27.7090432316666,13.6688159145538,21.5897,21.44449,21.10069,20.62968,20.63061,1035,301,3,145,1.2443446461748e+19,QSO,1.527336,11052,58438,2
1.237664877804782e+18,148.425354250803,30.6464517925634,23.03679,21.99078,21.88016,21.93864,21.58805,4518,301,1,136,1.281168060247155e+19,QSO,2.476393,11379,58438,238
1.2376575940701727e+18,114.036038472483,26.0973276281584,24.49038,22.49275,21.19808,20.13244,19.4561,2822,301,2,30,1.2491965435997344e+19,STAR,-4.57428e-06,11095,58439,385
1.2376575940703035e+18,114.122682325056,26.3847375703163,21.8591,21.62318,21.89368,21.5924,21.30083,2822,301,2,32,1.2492040752543848e+19,QSO,2.095172,11095,58439,659
1.2376575940707622e+18,114.863187454004,27.1912829795038,20.85511,21.14676,20.63701,20.63653,20.38191,2822,301,2,39,1.249206411716594e+19,QSO,1.242515,11095,58439,744
1.23765711894e+18,114.694096866625,26.5004751726148,21.80563,22.90389,23.06768,21.7895,17.78992,2711,301,5,39,1.249207208862524e+19,STAR,0.000142733,11095,58439,773
1.237657594070369e+18,114.276643883571,26.4887736017613,21.34275,21.37717,21.49825,21.05515,21.17134,2822,301,2,33,1.249203965303222e+19,QSO,1.766318,11095,58439,655
1.2376571189398743e+18,114.433535373688,26.3981983074396,25.97885,22.72464,21.66308,20.32832,19.4653,2711,301,5,37,1.2492051197904312e+19,GALAXY,0.7551125,11095,58439,697
1.2376576080284224e+18,113.152667552839,26.1610930796258,19.67991,19.4501,19.09629,19.00566,19.25892,2825,301,4,24,1.2491996772078735e+19,QSO,1.362455,11095,58439,499
1.2376575940707628e+18,114.93140708284,27.1726375026654,23.49896,23.50763,21.11395,20.07389,19.16536,2822,301,2,39,1.249207923545082e+19,GALAXY,0.691263,11095,58439,799
1.2376575940704993e+18,114.410857626408,26.6423757131943,21.00868,20.80947,20.85582,20.65183,20.91112,2822,301,2,35,1.2492047624491522e+19,QSO,1.684906,11095,58439,684
1.2376575940704343e+18,114.346282446244,26.49875568474,20.07537,19.90166,19.49933,19.39125,19.09161,2822,301,2,34,1.2492050923026403e+19,QSO,0.3095795,11095,58439,696
1.237661384378746e+18,134.891663545739,31.4361345527645,23.13356,23.04355,21.56762,20.51214,19.8192,3704,301,6,29,1.2009091265176295e+19,GALAXY,0.5802649,10666,58440,883
1.2376650990010376e+18,143.811581654325,28.5814814378057,25.31198,25.04343,22.66209,21.30327,19.80941,4569,301,5,219,1.277573399398032e+19,STAR,0.0002602874,11347,58440,537
1.2376609613270884e+18,134.25598043985,31.5846640780462,24.69369,23.80136,21.80155,20.66028,19.84621,3606,301,2,69,1.200906652616467e+19,QSO,0.9987301,10666,58440,793
1.2376609618633034e+18,132.445022492777,31.2589209162266,21.60903,21.22237,20.72361,20.73411,20.30402,3606,301,3,59,1.2008990659862352e+19,GALAXY,0.0,10666,58440,517
1.2376650990009057e+18,143.368206717895,28.4092273928961,20.39315,19.11073,19.11496,18.97735,18.81354,4569,301,5,217,1.2775723548619856e+19,QSO,2.899102,11347,58440,499
1.2376651269213391e+18,153.161104048262,29.4699193830073,21.45783,21.19079,20.75914,20.40097,19.92636,4576,301,1,265,1.2780228247758854e+19,QSO,0.9314858,11351,58440,503
1.2376651274552617e+18,145.737423363054,27.5964971752821,25.72545,24.22413,22.04802,20.91386,19.95813,4576,301,2,220,1.2775610848678e+19,GALAXY,0.6047328,11347,58440,89
1.237661382768e+18,135.228246259097,30.2262080556054,22.43226,22.0954,21.58984,21.3142,20.94185,3704,301,3,27,1.2008865590414694e+19,QSO,1.334616,10666,58440,62
1.2376650990009065e+18,143.503731928281,28.4094064643326,22.19585,21.90941,21.74923,21.35447,21.45106,4569,301,5,217,1.2775723273741949e+19,QSO,1.861506,11347,58440,498
1.23766096132676e+18,133.530449400354,31.1924345982464,21.94001,21.91297,21.59668,21.41013,20.94843,3606,301,2,64,1.2009027218624e+19,QSO,1.314924,10666,58440,650
1.2376650990013647e+18,144.536376621312,28.8983470825567,21.37705,21.34127,21.08682,21.08007,21.21218,4569,301,5,224,1.2775774126154732e+19,QSO,1.124822,11347,58440,683
1.2376648778034063e+18,145.143814149643,29.4307228539497,22.5706,24.25657,22.56282,21.09379,19.30134,4518,301,1,115,1.2775815907596587e+19,QSO,6.998923,11347,58440,835
1.2376650990019543e+18,146.045186243506,29.2526761357919,21.60136,21.4278,21.10314,21.00391,20.97879,4569,301,5,233,1.2775845319532632e+19,QSO,1.065111,11347,58440,942
1.237660961863631e+18,133.292327024449,31.5868528901107,21.63453,22.19203,21.65386,20.43646,19.5691,3606,301,3,64,1.2009012650094907e+19,QSO,0.9469169,10666,58440,597
1.2376609613269573e+18,134.012090450014,31.5898796754049,22.38777,21.85706,21.64678,21.47211,21.09412,3606,301,2,67,1.2009044261054208e+19,QSO,0.967201,10666,58440,712
1.237664869218059e+18,154.592626394517,29.6191409122925,26.30431,23.34987,21.70243,20.47822,19.78862,4516,301,1,185,1.278031236039838e+19,GALAXY,0.6701756,11351,58440,809
1.2376609613265633e+18,133.09699521805,31.0143583372869,20.58728,20.2967,20.2014,19.92761,19.80003,3606,301,2,61,1.2009007427414675e+19,QSO,2.033092,10666,58440,578
1.2376609618633034e+18,132.518686306061,31.1401486292509,20.43671,20.34425,20.39705,20.1792,20.30316,3606,301,3,59,1.2008988185961191e+19,QSO,1.642853,10666,58440,508
1.2376609618636316e+18,133.285879080613,31.6102783349591,23.01479,23.67914,21.42868,20.04238,19.26267,3606,301,3,64,1.2009011000827468e+19,GALAXY,0.7767169,10666,58440,591
1.2376609618638932e+18,133.813427243263,31.9324360982363,21.04636,20.79595,20.66063,20.44801,20.24637,3606,301,3,68,1.200904481081e+19,QSO,1.971866,10666,58440,714
1.23766487780334e+18,144.985726146394,29.3926829819433,21.29044,21.32983,21.26625,20.95436,21.26244,4518,301,1,114,1.2775801888823337e+19,QSO,1.991845,11347,58440,784
1.2376648692179937e+18,154.346282582603,29.655019108561,23.79364,25.50004,22.80672,21.64867,19.74992,4516,301,1,184,1.2780300815526287e+19,STAR,-0.0001765197,11351,58440,767
1.237664877803078e+18,144.211885018191,29.1629242556067,20.65901,20.95471,20.37802,20.45034,20.48975,4518,301,1,110,1.2775761206893107e+19,QSO,1.273021,11347,58440,636
1.23766487780262e+18,143.095758176484,28.7250205407307,25.32405,23.21353,21.59425,20.39264,19.65143,4518,301,1,103,1.2775725197887295e+19,GALAXY,0.7963036,11347,58440,505
1.2376609613270223e+18,134.148710618396,31.5668627122509,22.16146,22.99171,22.16154,20.77608,19.97378,3606,301,2,68,1.200905498129258e+19,GALAXY,0.8185251,10666,58440,751
1.237660961863631e+18,133.225751499187,31.7328066414188,20.84677,20.77483,20.70634,20.47278,20.38681,3606,301,3,64,1.2009011275705377e+19,QSO,1.849193,10666,58440,592
1.2376672115937774e+18,160.604356454712,27.8316492864642,22.23684,21.8945,21.58048,21.43192,21.555,5061,301,4,306,1.2783578734583372e+19,QSO,1.238444,11354,58441,404
1.2376613827720645e+18,144.964288942251,34.8016842653003,22.26307,21.87789,21.39398,21.11512,20.66875,3704,301,3,89,1.1516914126472632e+19,QSO,1.724381,10229,58441,305
1.237661137420485e+18,146.965899819884,35.283708083091,22.14922,21.83337,21.82157,21.57534,21.28523,3647,301,2,65,1.1517104616862145e+19,QSO,2.16769,10229,58441,998
1.2376611379570284e+18,145.99861479155,35.3225282373188,25.75505,23.15395,21.65974,20.66173,19.93898,3647,301,3,60,1.1517076854193543e+19,GALAXY,0.5911236,10229,58441,897
1.2376611374195018e+18,144.606071151108,34.2139295338232,21.28422,21.15266,21.23041,20.83205,21.07166,3647,301,2,50,1.1516930894025e+19,QSO,1.79961,10229,58441,366
1.237661137957093e+18,146.144368640551,35.4575391957131,19.23334,18.41133,17.95392,17.81201,17.75551,3647,301,3,61,1.1517087574431912e+19,STAR,0.000151793,10229,58441,936
1.2376672105206917e+18,162.402530202933,27.3973625389909,22.94553,22.72411,21.39647,20.40047,19.69957,5061,301,2,316,1.2783493247554312e+19,GALAXY,0.6050726,11354,58441,93
1.237661137957028e+18,146.031586265211,35.4207133220913,21.8389,21.51381,21.27356,21.37915,22.04912,3647,301,3,60,1.1517074930048197e+19,QSO,1.302098,10229,58441,890
1.2376672110573655e+18,161.765904941526,27.7162407021408,22.54667,23.53546,21.97123,20.48424,19.83293,5061,301,3,313,1.2783521834856634e+19,GALAXY,0.7238877,11354,58441,197
1.2376672540069071e+18,161.874949366712,27.938864243511,20.9405,20.85914,21.01714,20.42475,20.6664,5071,301,3,311,1.2783507541205471e+19,QSO,1.744214,11354,58441,145
1.2376611368832865e+18,146.390702247707,34.6720284944809,20.97641,18.98859,17.9327,17.45367,17.0923,3647,301,1,60,1.1516848155775e+19,GALAXY,0.1359721,10229,58441,65
1.2376613827718684e+18,144.531114035689,34.4783716826521,24.71602,22.99392,21.58529,20.44528,19.76378,3704,301,3,86,1.1516933642804e+19,STAR,0.0001130738,10229,58441,376
1.2376618498451054e+18,144.743524646612,36.328395090776,23.96918,23.25491,21.48871,20.25004,19.33525,3813,301,1,18,1.1517012532763318e+19,STAR,-0.000134505,10229,58441,663
1.2376672110576927e+18,162.56875666357,27.8009900351484,26.27223,22.73025,21.23982,20.12618,19.46773,5061,301,3,318,1.2783486100728732e+19,GALAXY,0.6112322,11354,58441,67
1.2376651274567688e+18,149.383742912524,28.8226763329994,24.90247,24.28422,21.62972,20.6277,19.87279,4576,301,2,243,1.2778038570368915e+19,GALAXY,0.6578845,11349,58441,729
1.2376611374203535e+18,146.603307207067,35.1955906830194,20.70147,20.71759,20.45131,20.38087,20.36259,3647,301,2,63,1.1516840184315664e+19,QSO,1.392651,10229,58441,36
1.2376672115944983e+18,162.412194042604,28.2134248823981,22.09375,21.51651,21.94853,21.75753,21.50728,5061,301,4,317,1.2783486925362452e+19,GALAXY,0.03655486,11354,58441,70
1.2376613827716716e+18,143.986674727308,34.3211670786861,21.41456,21.24716,21.22949,21.09043,20.8351,3704,301,3,83,1.1516952884257511e+19,QSO,1.82867,10229,58441,446
1.2376618498449738e+18,144.431824638936,36.1626420321481,21.39565,21.39728,21.5582,20.93687,20.76685,3813,301,1,16,1.1517003461792387e+19,QSO,1.715988,10229,58441,630
1.237661138493637e+18,145.145001423987,35.5262720595584,25.65351,22.52794,20.96775,19.94346,19.07365,3647,301,4,56,1.1517030124949365e+19,GALAXY,0.5643888,10229,58441,727
1.2376672110577592e+18,162.832550676075,27.7299201494014,23.2128,23.46107,21.63543,20.23016,19.43939,5061,301,3,319,1.2783469608054315e+19,QSO,6.666176,11354,58441,7
1.2376611379573555e+18,146.92463452907,35.6375387196312,20.60025,20.47591,20.21553,20.36163,20.40256,3647,301,3,65,1.151710131832726e+19,QSO,1.24435,10229,58441,986
1.237667211593778e+18,160.538973628498,27.7820097012642,27.27454,23.51462,21.52574,20.22608,19.54615,5061,301,4,306,1.2783604573106625e+19,GALAXY,0.0,11354,58441,498
1.23766138277272e+18,146.517081108332,35.4008960607932,22.19185,21.58955,21.1308,21.08473,20.84151,3704,301,3,99,1.1517096370524936e+19,STAR,-0.0004744338,10229,58441,968
1.2376611379567004e+18,145.061393436144,35.0532677548007,19.80494,19.50159,19.45055,19.21173,19.17051,3647,301,3,55,1.1516917425007516e+19,QSO,0.6614103,10229,58441,317
1.2376611379571592e+18,146.297691487749,35.4628896884209,22.81704,21.62938,20.92593,20.33202,20.23863,3647,301,3,62,1.1517083726141217e+19,GALAXY,0.7003722,10229,58441,922
1.2376611379573555e+18,146.758401735624,35.6562815868677,21.07026,20.82994,20.53177,20.53955,20.27457,3647,301,3,65,1.1517100768571447e+19,GALAXY,0.6840947,10229,58441,984
1.2376611379563072e+18,144.29310926245,34.5996621302254,22.17091,21.91392,22.06769,21.56811,20.81437,3647,301,3,49,1.151694573743193e+19,GALAXY,0.8632713,10229,58441,420
1.2376611379570284e+18,146.005490710377,35.4498778845418,22.93153,22.38854,22.04977,21.83735,22.09852,3647,301,3,60,1.151707438029238e+19,QSO,1.427077,10229,58441,888
1.2376611368834831e+18,146.89174112581,34.8597616733937,26.07537,25.07179,21.81905,20.66391,19.75043,3647,301,1,63,1.151683056358892e+19,GALAXY,0.7058237,10229,58441,1
1.2376611384939653e+18,146.027483517345,35.7148970595251,23.8182,23.38778,21.4697,20.4593,19.47703,3647,301,4,61,1.1517073005902844e+19,QSO,1.648194,10229,58441,883
1.2376611379570278e+18,145.886330889898,35.3486245709165,20.13571,20.15052,19.86446,19.81338,19.94205,3647,301,3,60,1.1517076029559822e+19,QSO,1.393795,10229,58441,894
1.2376672115943022e+18,161.829994962751,28.0643046174999,25.80199,23.61134,21.86253,20.76773,19.60906,5061,301,4,314,1.2783524033879888e+19,GALAXY,0.8122824,11354,58441,205
1.2376611379566351e+18,145.002787890809,34.9057169045577,24.30821,23.93298,21.62576,20.62592,19.93741,3647,301,3,54,1.1516913576716818e+19,GALAXY,0.5321143,10229,58441,303
1.237661137956635e+18,144.926997330274,35.008371834561,21.55606,21.44543,21.08566,20.86153,20.64199,3647,301,3,54,1.1516916050618e+19,QSO,1.046512,10229,58441,312
1.237660763770324e+18,145.329183797045,36.6504164966825,22.57748,23.43381,22.25632,21.22642,19.56757,3560,301,2,248,1.1517035072751688e+19,QSO,1.069926,10229,58441,745
1.2376697617248428e+18,339.153938304564,6.01530105315495,23.15335,22.31671,21.69176,20.9274,20.76836,5655,301,2,218,1.2727364553463325e+19,GALAXY,0.7114984,11304,58448,698
1.2376697611884308e+18,340.352496937202,5.6740448391453,22.07237,20.72141,19.58344,19.08734,18.75362,5655,301,1,225,1.2727193029649388e+19,GALAXY,0.1449781,11304,58448,74
1.2376697611884303e+18,340.351007233462,5.64625409966804,21.65952,19.66011,18.38139,17.83521,17.41468,5655,301,1,225,1.272719193013776e+19,GALAXY,0.1864215,11304,58448,70
1.2376696983746644e+18,339.646208275082,7.12997656543042,21.33601,20.9421,20.65552,20.55798,20.05284,5640,301,4,227,1.2727379396870296e+19,QSO,1.165571,11304,58448,752
1.2376697617249075e+18,339.375652306854,5.99808013867243,21.72506,21.1624,20.68631,20.73056,20.58759,5655,301,2,219,1.272737472394588e+19,QSO,2.202683,11304,58448,735
1.237669761188758e+18,341.029675047391,5.64092297177638,21.07361,21.23812,20.94907,20.87665,20.81404,5655,301,1,230,1.2727174887707531e+19,QSO,7.008322,11304,58448,8
1.2376788251778094e+18,340.251629664155,4.69181652960902,21.45455,21.21389,20.8232,20.8217,20.57862,7765,301,4,191,1.2727207873056365e+19,QSO,1.019381,11304,58448,128
1.237678825177547e+18,339.727651807073,4.64782751240046,24.54019,23.28613,21.75928,20.72871,19.80367,7765,301,4,187,1.2727229588411e+19,GALAXY,0.6345974,11304,58448,207
1.2376697611878408e+18,339.002797644053,5.67775340183955,23.30961,21.85803,20.24108,19.63801,19.19949,5655,301,1,216,1.2727280715701705e+19,GALAXY,0.305175,11304,58448,393
1.2376788251774817e+18,339.553495863357,4.62458372892948,22.33754,22.03435,21.74959,21.93198,23.30331,7765,301,4,186,1.272723975889357e+19,QSO,1.284853,11304,58448,244
1.2376788251771543e+18,338.888959596301,4.63055700698001,22.00414,21.6608,21.27659,20.96313,20.82863,7765,301,4,181,1.2727284289114497e+19,QSO,1.839516,11304,58448,406
1.2376788251771535e+18,338.815065848709,4.65620461241312,21.595,21.72722,21.16597,21.21419,20.98688,7765,301,4,181,1.2727294184719145e+19,GALAXY,0.3516164,11304,58448,442
1.2376696983742062e+18,338.693165209167,6.96250456379228,22.27436,21.96466,21.00547,21.01242,21.96228,5640,301,4,220,1.272733431689356e+19,GALAXY,0.1526871,11304,58448,588
1.2376697611884303e+18,340.270216279202,5.63692526381571,22.1834,20.16154,18.97228,18.49748,18.16389,5655,301,1,225,1.2727201825742412e+19,GALAXY,0.1493437,11304,58448,106
1.2376788251775473e+18,339.678314715999,4.72766455508242,22.308,21.13582,20.90118,20.89224,20.649,7765,301,4,187,1.2727241957916824e+19,QSO,2.524095,11304,58448,252
1.2376788251776783e+18,339.999886954092,4.73336259477337,21.44882,21.0404,20.57877,20.55903,20.21927,7765,301,4,189,1.2727206498666828e+19,QSO,0.9287772,11304,58448,123
1.2376696978381225e+18,340.50415375529,6.62837603281643,26.09426,23.783,22.36975,21.03786,20.08296,5640,301,3,232,1.2727435197085407e+19,GALAXY,0.8908632,11304,58448,955
1.237678825177416e+18,339.441153248681,4.56219250938157,17.48336,16.52936,16.1301,15.97442,15.91324,7765,301,4,185,1.2727250204254e+19,STAR,-0.0005594286,11304,58448,282
1.237669697838187e+18,340.61288463208,6.64932848364599,21.47486,21.39637,21.10702,20.78824,20.66747,5640,301,3,233,1.272743327294006e+19,QSO,1.920003,11304,58448,948
1.237669517441827e+18,0.0272059970278065,7.15784301692246,22.26797,22.14413,21.62911,21.20141,21.53548,5598,301,3,115,1.269929292211135e+19,GALAXY,1.161447,11279,58449,974
1.2376697617258908e+18,341.687432609278,6.05576792535606,20.34645,20.06287,19.75368,19.65818,19.56906,5655,301,2,234,1.2728486879974152e+19,QSO,1.148304,11305,58449,685
1.2376695174420237e+18,0.413338425260349,7.18637621630478,20.78809,20.44277,20.22404,19.98145,19.92191,5598,301,3,118,1.2699300068936931e+19,QSO,1.539316,11279,58449,1000
1.237669680651043e+18,0.0357736532100716,7.37111689147793,22.24893,21.6385,21.23518,21.06719,20.65139,5636,301,3,122,1.269929017333228e+19,STAR,-0.00105359,11279,58449,964
1.2376695179777805e+18,357.870619903543,7.6150186092551,21.88447,21.52335,21.24718,21.06726,20.70093,5598,301,4,101,1.269917527436718e+19,QSO,1.414918,11279,58449,546
1.23766976118902e+18,341.659263400068,5.65139944590135,22.51918,20.42527,19.04423,18.49689,18.12348,5655,301,1,234,1.2728490178509e+19,GALAXY,0.2025683,11305,58449,697
1.2376697611888238e+18,341.154029447199,5.72716452204773,22.32511,21.90339,21.75924,21.40544,21.48124,5655,301,1,231,1.272845636852648e+19,QSO,0.8367117,11305,58449,574
1.2376695174417613e+18,359.860739665973,7.18730617065625,20.84504,20.54914,20.33099,19.9292,19.98909,5598,301,3,114,1.269928192699507e+19,QSO,1.583638,11279,58449,934
1.2376696978387113e+18,341.812454216732,6.84156758553213,21.68686,21.26131,21.37064,21.06843,20.5306,5640,301,3,241,1.272849155289857e+19,QSO,1.770631,11305,58449,702
1.2376695174418926e+18,0.112328497654516,7.12181599338718,22.48723,21.34375,20.90193,20.7712,20.46114,5598,301,3,116,1.269929924430321e+19,QSO,1.144713,11279,58449,997
1.2376696811875208e+18,359.129842622593,7.69955965943522,21.76766,21.86002,21.68011,21.38724,21.36796,5636,301,4,116,1.2699245093355545e+19,QSO,1.300378,11279,58449,800
1.237669697838712e+18,341.851457574446,6.84742309938478,24.72083,23.41818,22.75698,21.10451,19.87847,5640,301,3,241,1.2728491827776475e+19,GALAXY,0.9815881,11305,58449,703
1.2376695179783703e+18,359.134118830618,7.51476426817099,19.07541,18.88702,18.7237,18.77893,18.31465,5598,301,4,110,1.269924619286717e+19,QSO,0.3404472,11279,58449,804
1.237669680651043e+18,0.091522119500155,7.45818383010346,21.8205,21.90919,21.80903,21.74168,20.91945,5636,301,3,122,1.2699289898454374e+19,QSO,2.104422,11279,58449,963
1.2376696978386455e+18,341.656831614169,6.77779091504641,20.24165,20.22617,20.13635,19.89496,19.67956,5640,301,3,240,1.272848165729392e+19,QSO,1.943725,11305,58449,666
1.237669517441958e+18,0.308575060485168,7.15331099372953,21.78403,21.38779,21.23623,20.72524,20.61903,5598,301,3,117,1.2699299794059e+19,QSO,1.724347,11279,58449,999
1.2376695179788293e+18,0.284205056709823,7.59939190372457,25.14548,22.89489,21.62078,20.14717,19.48055,5598,301,4,117,1.2699286599919491e+19,STAR,-4.311504e-05,11279,58449,951
1.2376695179783045e+18,359.0004281329,7.52970700402462,23.35378,23.03547,21.92097,20.96587,20.34768,5598,301,4,109,1.2699233823361356e+19,STAR,1.625514e-05,11279,58449,759
1.2376696811874552e+18,359.050773323076,7.74822918355902,18.92447,17.90111,17.49815,17.32983,17.26985,5636,301,4,115,1.2699240420431124e+19,STAR,-0.0007692577,11279,58449,783
1.2376695174414991e+18,359.125717881155,7.2495684284388,19.97496,19.7876,19.5353,19.53032,19.50462,5598,301,3,110,1.2699238496285776e+19,QSO,1.091945,11279,58449,776
1.2376695174409098e+18,357.878061171864,7.17748122812563,20.89462,20.54782,20.36505,20.27899,20.23662,5598,301,3,101,1.269917142607648e+19,QSO,1.779905,11279,58449,532
1.237669517441434e+18,359.02780318757,7.23446307931764,21.96381,21.48216,20.86238,20.63635,20.27034,5598,301,3,109,1.2699236572140427e+19,QSO,0.9586182,11279,58449,769
1.2376695179777805e+18,357.806302774142,7.47527200933776,18.89149,17.89607,17.55312,17.40602,17.34567,5598,301,4,101,1.2699163729495087e+19,STAR,-6.234998e-05,11279,58449,504
1.237669761189282e+18,342.200857007008,5.72490048140287,21.91181,21.25241,20.77796,20.24381,20.01718,5655,301,1,238,1.2728522339224148e+19,QSO,1.855098,11305,58449,814
1.237669680651174e+18,0.34369087305322,7.45099519925245,21.03916,21.25727,20.83896,20.8559,21.07636,5636,301,3,124,1.269929649552414e+19,QSO,1.205557,11279,58449,987
1.2376695174412367e+18,358.537144843108,7.11845018965934,20.34314,20.00801,19.86077,19.882,19.62408,5598,301,3,106,1.2699206060692756e+19,QSO,0.7885545,11279,58449,658
1.2376697611890207e+18,341.690242343165,5.68267800723595,22.96189,21.20672,19.68421,19.1234,18.8415,5655,301,1,234,1.272849979923578e+19,GALAXY,0.2789387,11305,58449,732
1.237669517440844e+18,357.625539566404,7.20235098976404,24.61751,22.67994,21.79563,21.05153,20.16449,5598,301,3,100,1.2699166753152063e+19,STAR,-0.0003657617,11279,58449,515
1.2376793180154112e+18,359.621620418742,9.37761025357844,26.18252,23.90018,21.75328,20.52929,19.70068,7880,301,2,40,1.2696944640169103e+19,GALAXY,0.8268711,11277,58450,623
1.237669697839564e+18,343.817035270691,6.90997023524113,25.74586,23.98038,22.1339,21.01044,19.91071,5640,301,3,254,1.2729584742351264e+19,GALAXY,0.9562551,11306,58450,583
1.237669682262115e+18,1.15842565521024,8.55154157580815,26.42868,23.328,21.60121,20.45208,19.3573,5636,301,6,129,1.2696791258297e+19,GALAXY,0.8044453,11277,58450,65
1.2376697611900687e+18,343.983091231359,5.92199146844093,22.71043,21.14953,20.4616,20.10022,19.59444,5655,301,1,250,1.272960480843847e+19,QSO,2.486551,11306,58450,656
1.2376695179792225e+18,1.09234545939108,7.6225956017789,22.41302,21.1885,20.644,20.45245,20.21883,5598,301,4,123,1.2696785485861e+19,STAR,-0.0006630796,11277,58450,44
1.237679318015214e+18,359.10898539805,9.48700042235417,24.0824,24.37657,21.90804,20.59758,19.73716,7880,301,2,37,1.2696914953355155e+19,GALAXY,0.7046726,11277,58450,515
1.237679318015542e+18,359.852865778837,9.49167490572055,24.50406,23.85654,22.23856,21.11148,19.97791,7880,301,2,42,1.2696954535773755e+19,GALAXY,0.8295676,11277,58450,659
1.2376696822622456e+18,1.41518844222594,8.6832280271791,20.41719,20.17251,19.93271,19.796,19.74298,5636,301,6,131,1.269678411147145e+19,QSO,1.416645,11277,58450,39
1.2376793174789327e+18,0.525885265917054,9.10591271148618,22.63521,21.95351,21.06815,20.4954,20.30155,7880,301,1,46,1.2697000440384215e+19,QSO,4.741957,11277,58450,826
1.237669682261787e+18,0.388793036806362,8.63122581756729,20.95011,21.1154,20.63512,20.54071,20.52421,5636,301,6,124,1.2696837712663304e+19,QSO,1.351713,11277,58450,234
1.2376793180154107e+18,359.540462552559,9.42500087201975,27.23091,22.84315,21.21622,20.03402,19.31456,7880,301,2,40,1.2696944090413292e+19,GALAXY,0.6424157,11277,58450,621
1.2376696822621804e+18,1.32959591973611,8.62656747121392,22.74944,21.21606,20.62846,20.43954,20.31726,5636,301,6,130,1.269678053805866e+19,STAR,-0.0003352867,11277,58450,26
1.237669761189807e+18,343.515682749356,5.84845271294142,25.67656,23.18116,21.28364,20.19617,19.40809,5655,301,1,246,1.2729583093083822e+19,GALAXY,0.6683063,11306,58450,577
1.2376793174789327e+18,0.508121533668316,8.9909794951082,22.58471,21.89241,21.40053,21.35725,21.29014,7880,301,1,46,1.269700099014e+19,STAR,9.13408e-05,11277,58450,828
1.237669517435143e+18,344.584704917718,6.65680681355185,21.71891,21.09373,20.67308,20.36781,20.42513,5598,301,3,13,1.2729641642078e+19,QSO,1.524467,11306,58450,790
1.2376696822623112e+18,1.57121077333426,8.64860297510121,22.34442,22.29474,22.21164,21.86039,21.05654,5636,301,6,132,1.269677778927959e+19,QSO,1.476714,11277,58450,16
1.237669517435274e+18,344.926308040577,6.73067600063285,24.55611,22.76423,21.76548,21.71826,22.85308,5598,301,3,15,1.2729653736705909e+19,GALAXY,0.2164174,11306,58450,834
1.237679318015542e+18,359.827066732876,9.45529878157451,23.44429,23.66494,21.83195,20.76723,19.97611,7880,301,2,42,1.2696966080645847e+19,GALAXY,0.6462357,11277,58450,701
1.2376696822620488e+18,0.920206835739577,8.72557619980628,18.84414,18.79818,18.69703,18.44859,18.30234,5636,301,6,128,1.2696805277070285e+19,QSO,1.884909,11277,58450,116
1.2376793180157386e+18,0.36395870164057,9.51782791211902,22.77024,25.5138,21.6259,20.41863,19.53586,7880,301,2,45,1.2696987521122589e+19,GALAXY,0.8421722,11277,58450,779
1.2376793174787366e+18,0.10632979065997,9.06372003237834,23.16211,22.86716,22.09271,20.60491,19.70289,7880,301,1,43,1.2696974052105148e+19,STAR,-5.164709e-05,11277,58450,730
1.237669682261394e+18,359.465334013187,8.65793502913261,24.29731,23.34008,21.56157,20.42286,19.57856,5636,301,6,118,1.26968929631226e+19,GALAXY,0.9430898,11277,58450,435
1.2376696822618524e+18,0.546626623151724,8.5353740996529,21.29815,20.92855,20.59646,20.65301,20.68051,5636,301,6,125,1.2696826167791213e+19,QSO,1.08698,11277,58450,192
1.2376793185522163e+18,359.405398191443,9.82305749721661,24.49666,23.34955,21.89053,20.63724,19.81269,7880,301,3,39,1.2696928147494689e+19,GALAXY,0.6158376,11277,58450,563
1.2376793174794575e+18,1.76713361954285,9.11386108380845,23.24036,24.08138,21.75036,20.52134,19.67694,7880,301,1,54,1.2697046894750489e+19,QSO,6.981284,11277,58450,995
1.2376696822622456e+18,1.49109642882274,8.68520622154462,20.87608,20.6874,20.5674,20.39996,20.19464,5636,301,6,131,1.2696782737081915e+19,QSO,1.987573,11277,58450,34
1.237679318016e+18,0.918841989255725,9.49468437021841,22.56382,22.45044,21.77823,20.72215,19.98787,7880,301,2,49,1.2697008411843516e+19,GALAXY,0.7759022,11277,58450,855
1.237679318016e+18,0.973624287064069,9.38935725570101,25.87652,23.67722,21.76567,20.64672,19.94287,7880,301,2,49,1.2697015558669097e+19,GALAXY,0.5466759,11277,58450,881
1.2376696978396943e+18,344.100293106504,6.88272959383633,21.73829,21.23678,21.11382,20.73518,20.61263,5640,301,3,256,1.272960755721754e+19,QSO,1.717376,11306,58450,666
1.237679317478802e+18,0.161424083277097,9.04538170049129,25.16263,23.01693,21.55291,20.16253,19.55999,7880,301,1,44,1.2696975151616776e+19,STAR,-0.0002318142,11277,58450,734
1.23766968226218e+18,1.32157750125259,8.65767037900101,21.38039,21.16169,21.0816,20.77652,20.41633,5636,301,6,130,1.2696782462204e+19,QSO,1.818257,11277,58450,33
1.237679318016263e+18,1.49732810266187,9.37763555591409,25.53503,23.14142,21.34428,20.27849,19.40263,7880,301,2,53,1.2697043596215603e+19,QSO,0.8202494,11277,58450,983
1.2376697617267428e+18,343.541502470408,6.18191892889399,20.39387,20.05548,19.79117,19.30621,19.2849,5655,301,2,247,1.2729581168938471e+19,QSO,1.727031,11306,58450,570
1.2376793174785395e+18,359.616532601053,9.06875226343631,20.42017,20.25573,20.17678,19.87378,19.84302,7880,301,1,40,1.2696949313093523e+19,QSO,1.786324,11277,58450,640
1.237669517435142e+18,344.620924957012,6.64607754607852,19.23612,18.2372,17.91231,17.79823,17.76473,5598,301,3,13,1.2729643291345445e+19,STAR,-0.0008590161,11306,58450,796
1.2376696967660175e+18,344.219808707962,6.09373994826449,21.79417,21.82773,21.29585,20.33964,20.5345,5640,301,1,257,1.2729613604531493e+19,STAR,-0.0003679824,11306,58450,688
1.237679317479e+18,0.599736548432816,9.06467358485258,22.2051,20.89958,20.39195,20.05574,20.12442,7880,301,1,47,1.269701335964584e+19,QSO,2.93937,11277,58450,873
1.2376793174791296e+18,1.00054208321478,9.04979873148763,23.72564,22.23864,21.69039,21.45964,21.15118,7880,301,1,49,1.2697030127198165e+19,QSO,2.255058,11277,58450,934
1.237669682261722e+18,0.289641844981986,8.58189693644952,23.07737,23.09879,21.51338,20.35125,19.54549,5636,301,6,123,1.269684623387842e+19,QSO,1.249298,11277,58450,265
1.2376793174792607e+18,1.26165542410376,8.94998130049557,25.19432,23.62185,21.85664,20.51887,19.70615,7880,301,1,51,1.2697041946948164e+19,GALAXY,0.6333914,11277,58450,977
1.237679317479e+18,0.581517581428727,8.98750687612027,21.44492,19.84152,19.13093,18.86256,18.7412,7880,301,1,47,1.2697013084767934e+19,STAR,-0.0009408157,11277,58450,872
1.2376696822617871e+18,0.366914738675405,8.67819607863958,22.32118,21.25873,21.17035,21.39721,20.54087,5636,301,6,124,1.2696838537297e+19,QSO,2.804472,11277,58450,237
1.2376696978395633e+18,343.782838308956,6.86139295243198,21.21034,20.97749,20.63997,20.6842,20.46999,5640,301,3,254,1.2729585566985e+19,QSO,1.071164,11306,58450,586
1.237679317478802e+18,0.152361637968909,9.06748032392571,24.51764,22.28945,20.88281,19.50966,18.82635,7880,301,1,44,1.2696974601861e+19,STAR,6.31439e-05,11277,58450,732
1.237669682261263e+18,359.230881475305,8.70431034837319,25.01033,23.48075,22.00928,20.78539,20.00146,5636,301,6,116,1.2696905057750503e+19,GALAXY,0.6344577,11277,58450,479
1.23767931747926e+18,1.18639546223966,8.96829526294559,19.00587,18.78184,18.56841,18.54811,18.51791,7880,301,1,51,1.2697031776465609e+19,QSO,1.366516,11277,58450,940
1.2376793180154767e+18,359.779750589119,9.46127195172796,23.53324,23.41984,21.89453,20.72653,19.84155,7880,301,2,41,1.2696953436262128e+19,GALAXY,0.6386302,11277,58450,655
1.23767931801587e+18,0.701763546551319,9.43108061599207,25.83357,23.38791,21.53928,20.46116,19.62181,7880,301,2,47,1.2697010061111e+19,GALAXY,0.7650704,11277,58450,861
1.23767931801528e+18,359.345505817632,9.41812450978149,24.91427,25.42118,23.71888,21.68539,19.73934,7880,301,2,38,1.2696933095297e+19,STAR,-6.206816e-05,11277,58450,581
1.2376695174373704e+18,349.72388629621,6.88727907529477,18.20008,17.17221,16.81949,16.69275,16.6373,5598,301,3,47,1.2716046455695235e+19,STAR,-2.749963e-05,11294,58451,483
1.2376695179754212e+18,352.430679726933,7.37200829677265,21.9491,21.5007,20.98412,20.91267,20.70261,5598,301,4,65,1.271591918722432e+19,GALAXY,0.7325866,11294,58451,20
1.237678905716769e+18,18.4096798809618,9.03559375178142,24.97202,21.56332,19.92674,19.26809,18.83114,7784,301,2,318,1.2467188491422554e+19,GALAXY,0.3574716,11073,58451,359
1.2376696811837197e+18,350.472480447221,7.6430430997396,19.98223,19.64529,19.45033,19.24661,19.17389,5636,301,4,58,1.2716082189823136e+19,QSO,1.674909,11294,58451,613
1.237669682257658e+18,350.794224815334,8.43911841973569,21.32548,21.34163,21.41485,21.06572,20.78117,5636,301,6,61,1.2716098407619647e+19,QSO,2.016401,11294,58451,672
1.2376696811839163e+18,350.824385871679,7.6622661336992,22.29033,22.03353,21.88447,21.49399,21.51863,5636,301,4,61,1.2716105004689414e+19,QSO,1.788872,11294,58451,696
1.237678834834277e+18,22.0587666973533,10.6587777248668,26.48496,24.77792,22.97673,21.20712,20.05577,7767,301,6,81,1.2469589275061803e+19,QSO,0.9572647,11075,58451,901
1.237678905717425e+18,20.0176174124978,8.91991072452495,26.06434,23.01467,21.65981,20.58118,19.56912,7784,301,2,328,1.2467103829027215e+19,GALAXY,0.8167191,11073,58451,51
1.2376696822578545e+18,351.224078806916,8.35139892348413,19.42385,18.95468,18.84718,18.64637,18.75277,5636,301,6,64,1.2716131942724297e+19,QSO,1.801014,11294,58451,794
1.237678905716769e+18,18.3971636487697,9.01415784644676,23.48309,21.96257,20.14902,19.45614,19.12025,7784,301,2,318,1.246718876630046e+19,GALAXY,0.3512791,11073,58451,360
1.2376789078656947e+18,21.9142610123743,10.5376440246924,24.84105,23.32564,22.03378,20.73263,19.74612,7784,301,6,340,1.2469575531166456e+19,GALAXY,1.271104,11075,58451,851
1.2376696822579855e+18,351.540795841917,8.43750976639613,19.81958,19.58921,19.30907,19.35022,19.36415,5636,301,6,66,1.2716153383201e+19,QSO,1.261245,11294,58451,872
1.2376696822578547e+18,351.339267484054,8.50366762015406,22.03757,21.59309,21.55247,21.07418,21.08251,5636,301,6,64,1.2716130843212669e+19,QSO,1.584547,11294,58451,790
1.237669682258117e+18,351.894805834366,8.51954158211317,23.20274,22.9944,21.58252,20.38596,19.69381,5636,301,6,68,1.2716162454172e+19,GALAXY,0.6183639,11294,58451,905
1.2376788321486118e+18,18.9722084248027,8.6807987045555,26.62837,23.09503,21.34735,20.09707,19.39604,7767,301,1,61,1.2467153581928372e+19,GALAXY,0.7345956,11073,58451,232
1.2376695179749627e+18,351.381969795968,7.42326038836479,24.24251,22.2917,21.1412,21.0215,21.06551,5598,301,4,58,1.2715968665247568e+19,QSO,1.244748,11294,58451,200
1.2376789078651052e+18,20.5556362557033,10.6030943811559,27.5376,22.3791,21.77327,20.57689,19.39663,7784,301,6,331,1.2469496366329256e+19,GALAXY,0.9679041,11075,58451,563
1.2376789057168348e+18,18.5722369105029,9.05886192597914,27.12082,23.72198,21.63223,20.41467,19.60531,7784,301,2,319,1.2467177496306276e+19,GALAXY,0.0,11073,58451,319
1.2376788321484152e+18,18.4662217798893,8.72807924725418,25.04274,23.22184,21.51063,20.34763,19.64458,7767,301,1,58,1.246718519288767e+19,GALAXY,0.683347,11073,58451,347
1.2376788348331628e+18,19.3781446340162,10.8425609773824,25.59818,23.57693,22.34644,20.99601,19.9994,7767,301,6,64,1.2467328679155096e+19,GALAXY,0.7312984,11073,58451,869
1.2376788321483497e+18,18.2893029015227,8.89294364697229,24.64105,23.27536,21.70399,20.42698,19.68554,7767,301,1,57,1.2467196188003949e+19,GALAXY,0.6982173,11073,58451,387
1.2376695174384197e+18,352.055049932305,7.00871198197371,21.35,21.12025,20.84863,20.82622,20.64373,5598,301,3,63,1.2715931556730132e+19,QSO,1.212093,11294,58451,65
1.237678905717425e+18,20.0290996322591,8.87149566964201,27.01661,24.10544,21.87068,20.54536,19.76021,7784,301,2,328,1.2467102179759772e+19,GALAXY,0.6924225,11073,58451,45
1.2376696822575923e+18,350.639360516566,8.41685133834571,21.26364,21.04,20.90615,20.44726,20.10497,5636,301,6,60,1.2716087412503368e+19,QSO,1.691537,11294,58451,632
1.2376695174385505e+18,352.374966006734,7.07734510415218,21.70838,21.34484,21.14709,20.80496,20.82594,5598,301,3,65,1.2715915064055716e+19,QSO,1.047779,11294,58451,5
1.2376789057172936e+18,19.6744594395277,8.95291510948549,23.11242,24.48911,21.83484,20.73711,19.80721,7784,301,2,326,1.2467113174876051e+19,GALAXY,0.6931045,11073,58451,85
1.2376696822581169e+18,351.853600741043,8.52266691691854,22.46836,21.50478,21.11757,20.56869,20.23322,5636,301,6,68,1.2716163278805686e+19,QSO,1.466337,11294,58451,908
1.2376789078645809e+18,19.3349357894983,10.6730506844338,25.78364,23.67631,22.66755,20.96955,19.82841,7784,301,6,323,1.2467319883062071e+19,GALAXY,0.7809456,11073,58451,837
1.2376696822579855e+18,351.634196643774,8.35796074705769,21.19217,21.12072,21.13445,20.76122,20.92849,5636,301,6,66,1.27161520088115e+19,QSO,1.957068,11294,58451,867
1.2376696822575923e+18,350.751152183103,8.43257261184661,20.2301,20.11812,19.72869,19.70387,19.71586,5636,301,6,60,1.2716097857863832e+19,QSO,1.352004,11294,58451,670
1.2376788584700316e+18,356.338201277543,11.7478023617962,21.23866,21.49237,21.4601,21.28822,20.60269,7773,301,2,286,1.300999236818281e+19,QSO,1.960948,11555,58452,796
1.237678858470098e+18,356.424388617647,11.8086669202092,23.90375,24.98992,22.02529,20.60525,19.85768,7773,301,2,287,1.3010000889397924e+19,GALAXY,0.7703534,11555,58452,827
1.2376788584703596e+18,357.130222428377,11.8416594633472,22.44452,22.19777,21.85963,21.51307,21.41244,7773,301,2,291,1.3010032500357224e+19,QSO,2.309442,11555,58452,942
1.2376788590065098e+18,355.425028833771,12.215889953568,25.42215,23.96894,22.28278,20.93589,19.98659,7773,301,3,280,1.3009933269432816e+19,GALAXY,0.614058,11555,58452,581
1.237679319624582e+18,356.27618616952,10.5960308766672,23.27047,23.03015,21.61388,20.14017,19.38748,7880,301,5,18,1.300983843655492e+19,STAR,-0.0001219665,11555,58452,236
1.237678859006968e+18,356.422394917728,12.1830051484445,21.36734,20.43449,20.28254,20.12876,19.81573,7773,301,3,287,1.3009999515008391e+19,QSO,2.463067,11555,58452,822
1.2376788579331612e+18,356.341698989255,11.4752016684762,25.23915,23.32282,21.782,20.4518,19.71672,7773,301,1,286,1.3009984946479323e+19,STAR,-0.0002254907,11555,58452,769
1.2376788579332262e+18,356.551230981212,11.3546046207978,21.90694,21.95317,21.24674,21.2393,21.13541,7773,301,1,287,1.3009996216473508e+19,QSO,1.269662,11555,58452,810
1.2376789078546191e+18,356.075024675004,10.8255212281248,28.09553,22.96338,21.25453,20.17924,19.4451,7784,301,6,171,1.300986015190957e+19,GALAXY,0.81833,11555,58452,315
1.2376793196243855e+18,355.743709707838,10.6503285573978,24.29015,23.67241,21.74562,20.58078,19.8633,7880,301,5,15,1.300987059727e+19,GALAXY,0.726723,11555,58452,353
1.2376788584701627e+18,356.629498512519,11.868656696284,22.06775,23.43115,21.81122,20.76376,19.79386,7773,301,2,288,1.3010011884514204e+19,QSO,0.4628685,11555,58452,867
1.2376788584698353e+18,355.816046865041,11.7724494401866,26.38944,23.61655,21.70798,20.5864,19.90515,7773,301,2,283,1.3009958558200257e+19,GALAXY,0.7625664,11555,58452,673
1.2376788590069023e+18,356.318973699264,12.353649897965,20.33119,19.45648,19.08135,18.9544,18.88301,7773,301,3,286,1.300998961940374e+19,STAR,-0.0005098102,11555,58452,786
1.2376788584699003e+18,356.070395593745,11.7558103133473,21.56799,21.58064,21.28826,21.08362,20.84224,7773,301,2,284,1.300997092770607e+19,QSO,1.776481,11555,58452,718
1.237678834835e+18,23.7545335671697,10.5771645490517,22.75665,24.55279,21.4938,20.29838,19.4145,7767,301,6,92,1.2463918543858323e+19,GALAXY,0.7398063,11070,58452,751
1.2376788584702282e+18,356.713064781486,11.8987595253254,19.89988,19.71854,19.56691,19.42346,19.22302,7773,301,2,289,1.3010013258903738e+19,QSO,2.107342,11555,58452,872
1.2376793196244503e+18,355.899428674804,10.5982702848299,22.86518,22.0391,21.91047,21.52813,21.00093,7880,301,5,16,1.300986839824678e+19,QSO,1.854113,11555,58452,345
1.237678857932833e+18,355.626497434126,11.3552432225035,20.5851,20.53771,20.48016,20.18718,20.08736,7773,301,1,281,1.3009951136496767e+19,QSO,1.74976,11555,58452,646
1.237678858469966e+18,356.098651448126,11.9089527458076,20.88245,20.71782,20.45207,20.34582,20.35556,7773,301,2,285,1.300996982819444e+19,QSO,1.469587,11555,58452,714
1.2376793196251067e+18,357.418648089627,10.6985767313396,23.85656,25.18284,22.20216,20.63498,19.97009,7880,301,5,26,1.3009781536828185e+19,GALAXY,0.6915066,11555,58452,29
1.2376789057193252e+18,24.2998589321973,8.81031143702047,23.76342,22.84266,21.6363,20.55612,19.76355,7784,301,2,357,1.2463745370777e+19,GALAXY,0.5161014,11070,58452,121
1.2376788590068367e+18,356.202257191146,12.3047449736972,21.57442,21.83533,21.49989,21.51426,21.19073,7773,301,3,285,1.3009977524775836e+19,QSO,1.425661,11555,58452,742
1.237678859007165e+18,356.994070797419,12.1790841148019,23.31075,21.28555,20.92937,20.78084,20.65621,7773,301,3,290,1.3010023429386295e+19,QSO,2.957716,11555,58452,909
1.237678905719063e+18,23.7737716547427,8.73546030415962,22.23224,22.94409,21.59758,20.41811,19.71192,7784,301,2,353,1.2463780555149e+19,GALAXY,0.618619,11070,58452,249
1.2376700172630095e+18,23.3700972642958,8.37307346805389,19.65831,19.44047,19.28055,19.1345,19.11771,5714,301,6,29,1.2463804469526944e+19,QSO,1.435253,11070,58452,336
1.237679319624779e+18,356.711853817268,10.7351337123135,26.19439,23.61787,21.85212,20.79204,19.84767,7880,301,5,21,1.3009826616804923e+19,GALAXY,0.783071,11555,58452,193
1.237665126920946e+18,152.138395279908,29.2044028183944,21.73561,21.58721,21.05568,20.86639,20.60853,4576,301,1,259,1.2779183437086218e+19,QSO,1.041581,11350,58455,798
1.237665126921339e+18,153.103643030752,29.459732185229,19.30992,19.20912,18.96076,18.98843,19.05964,4576,301,1,265,1.2779227417551327e+19,QSO,1.300407,11350,58455,958
1.2376651269221253e+18,155.043438660997,30.0740501840845,21.3957,21.02555,20.63366,20.67538,20.41073,4576,301,1,277,1.2815084965651e+19,QSO,0.9480074,11382,58456,335
1.237660765375824e+18,132.295302390014,31.9587851037957,21.55651,21.48172,21.51142,21.25315,21.13127,3560,301,5,170,1.2007949697497192e+19,QSO,2.138995,10665,58456,826
1.237678857944695e+18,23.1500928956336,11.0254252531858,21.40308,21.58583,20.96391,20.83638,21.62761,7773,301,1,462,1.2462632939954655e+19,QSO,1.415619,11069,58456,170
1.2376788584814346e+18,22.9370142212799,11.4775050253486,20.31019,20.00446,19.75353,19.65548,19.41041,7773,301,2,460,1.2462648607995351e+19,QSO,0.9362642,11069,58456,227
1.2376651269225185e+18,156.036582050878,30.2807695474449,21.01237,20.91493,20.44669,20.468,20.66694,4576,301,1,283,1.2815031639337095e+19,QSO,1.316382,11382,58456,141
1.2376609623999782e+18,131.751794976599,31.2686362452098,22.64203,23.55388,21.91765,20.78036,19.76721,3606,301,4,56,1.2007934029456497e+19,GALAXY,0.9469636,10665,58456,769
1.2376609618630413e+18,131.845538153275,30.9159527349331,23.00088,21.98955,21.94547,22.29419,22.60883,3606,301,3,55,1.2007935678723938e+19,GALAXY,1.319114,10665,58456,775
1.2376789207512517e+18,22.781125788822,12.9290655859029,20.57782,20.82691,20.43866,20.46678,20.64508,7787,301,6,350,1.2462803364257e+19,QSO,1.366247,11069,58456,790
1.2376789207514483e+18,23.2348829853722,12.9008897987173,21.84668,21.63414,21.412,21.28897,21.39483,7787,301,6,353,1.24628239801e+19,GALAXY,1.713809,11069,58456,865
1.2376791693007255e+18,10.8349630433362,17.8963067042168,18.72604,17.63643,17.25517,17.11659,17.06442,7845,301,5,18,1.243012945209225e+19,STAR,-0.000286365,11040,58456,707
1.2376607659123023e+18,131.267602309982,31.7650023221338,24.34896,23.27467,21.80901,20.71924,19.96977,3560,301,6,164,1.2007905442154174e+19,GALAXY,0.6969903,10665,58456,665
1.2376789207511206e+18,22.4203271800332,12.9822219456114,20.31849,20.38786,20.09722,19.98214,19.83516,7787,301,6,348,1.2462770378908127e+19,QSO,1.387433,11069,58456,670
1.2376788590183716e+18,23.0828079898651,11.7300581903114,21.95846,20.95638,20.6401,20.61965,20.47585,7773,301,3,461,1.2462640361658145e+19,STAR,0.0001062009,11069,58456,197
1.2376609618630413e+18,132.035159491208,30.8667088088584,20.66292,20.3698,20.23466,20.12767,19.92836,3606,301,3,55,1.200794804822975e+19,QSO,1.999006,10665,58456,820
1.237660961862386e+18,130.629829019995,29.9712286968066,20.66334,20.33417,19.85907,19.8177,19.66881,3606,301,3,45,1.200784634340418e+19,QSO,1.06068,10665,58456,450
1.2376609629366523e+18,131.060652261217,31.3586775586094,22.28617,22.31479,21.95923,21.95303,21.82151,3606,301,5,53,1.2007899944596e+19,STAR,0.001459124,10665,58456,645
1.2376789207511212e+18,22.5348604294479,12.9469534620747,22.5506,21.98759,21.38155,20.89073,20.45197,7787,301,6,348,1.2462781648902312e+19,QSO,0.473403,11069,58456,711
1.237678601309389e+18,9.95176888331969,17.240406266585,19.57721,19.46155,19.34308,19.14726,19.03464,7713,301,3,294,1.2430080523824814e+19,QSO,1.939689,11040,58456,529
1.237678920214054e+18,22.0366652522312,12.5041719971766,23.1863,22.60189,21.75281,20.63739,19.89695,7787,301,5,345,1.2462749763065108e+19,GALAXY,0.7370393,11069,58456,595
1.2376727633731914e+18,352.384686044275,10.7405862321648,19.84507,19.73995,19.36122,19.2493,19.25873,6354,301,1,265,1.3008777957657e+19,QSO,1.186611,11554,58456,474
1.2376788595550464e+18,22.7034592830314,12.297138786936,22.44722,24.16664,21.54944,20.51916,19.40478,7773,301,4,458,1.2462797042065105e+19,GALAXY,0.7301647,11069,58456,767
1.237660764301297e+18,131.250891238426,30.2244834075795,25.31075,23.07836,21.77052,20.62484,19.82401,3560,301,3,158,1.2007816381712325e+19,GALAXY,0.6683832,10665,58456,341
1.237678859018044e+18,22.3148244598713,11.7772271451731,22.65546,22.31327,22.06957,21.75294,22.38929,7773,301,3,456,1.2462696161873254e+19,QSO,1.610074,11069,58456,400
1.237678858481566e+18,23.2349264301638,11.4181876197835,21.46973,21.17624,20.92829,20.60826,20.42573,7773,301,2,462,1.2462617271914e+19,QSO,0.5864546,11069,58456,113
1.2376609629368484e+18,131.517692047398,31.6480486682973,21.79455,21.86882,21.9485,22.26646,22.0776,3606,301,5,56,1.2007920560439056e+19,QSO,1.967439,10665,58456,720
1.2376788584815004e+18,23.0149777062377,11.2951412739258,21.32022,21.21316,20.97957,20.83363,20.94222,7773,301,2,461,1.2462636788245354e+19,QSO,1.872823,11069,58456,184
1.2376609618625823e+18,130.983401249657,30.3479495383201,21.07161,20.34189,20.31413,20.13984,19.92203,3606,301,3,48,1.2007828201462323e+19,QSO,2.23159,10665,58456,384
1.2376788590179123e+18,21.9652134760109,11.910665592582,21.86708,21.39215,21.01024,20.81145,20.64089,7773,301,3,454,1.2462745365018595e+19,QSO,0.9468377,11069,58456,579
1.2376607653754972e+18,131.68763055591,31.444166148348,25.36232,23.89375,22.21231,20.64872,19.57223,3560,301,5,165,1.2007931555555334e+19,STAR,0.000197798,10665,58456,760
1.237678920751186e+18,22.6187632539066,12.9705317186834,21.43077,21.63599,21.33205,21.01046,20.65284,7787,301,6,349,1.2462794843041847e+19,QSO,1.469059,11069,58456,759
1.237660963473196e+18,130.123029245896,31.3473078876418,26.71173,23.75773,21.61342,20.44905,19.79821,3606,301,6,48,1.2007862011444875e+19,QSO,0.8601732,10665,58456,507
1.2376609634735887e+18,130.881761763205,31.7898680618937,24.56029,24.55449,23.08266,20.8191,19.05062,3606,301,6,54,1.2007896646061152e+19,STAR,1.763347e-05,10665,58456,633
1.2376789207516447e+18,23.7355477593333,12.8126028125174,20.9484,20.77723,20.68049,20.5461,20.44764,7787,301,6,356,1.2462846245210444e+19,QSO,2.036203,11069,58456,946
1.237678601309979e+18,11.3734029138529,17.3680641794208,20.85711,20.41646,20.28966,20.43589,20.21849,7713,301,3,303,1.2430147044278297e+19,QSO,0.8395733,11040,58456,771
1.2376609618627791e+18,131.419785348167,30.450490707848,21.31614,21.3,21.42413,21.29385,21.40344,3606,301,3,51,1.200780868513093e+19,QSO,1.90055,10665,58456,313
1.2376609623999127e+18,131.706993334372,31.243540610388,22.82529,23.21694,21.35593,20.30555,19.54688,3606,301,4,55,1.2007920835317e+19,GALAXY,0.6914924,10665,58456,721
1.2376788590181092e+18,22.4277573917101,11.8839004908169,21.61529,21.47325,21.32472,21.15373,20.73084,7773,301,3,457,1.2462778075489524e+19,QSO,1.453645,11069,58456,698
1.237660962936914e+18,131.5986285102,31.7170522678285,22.10889,21.63623,21.73807,21.43683,21.46191,3606,301,5,57,1.2007928531898356e+19,QSO,1.53445,10665,58456,749
1.2376789202141192e+18,22.088423140838,12.5397641321795,23.76484,23.19788,21.76794,20.44074,19.65839,7787,301,5,346,1.2462750312820922e+19,GALAXY,0.6231592,11069,58456,597
1.2376788590178468e+18,21.8314195745897,11.9602155309079,18.35128,17.41946,17.08804,16.97849,16.94829,7773,301,3,453,1.2462742891117437e+19,STAR,0.0002115951,11069,58456,570
1.237678920751186e+18,22.6177216946422,12.8303942893068,21.37651,21.61647,21.41918,21.08495,20.72808,7787,301,6,349,1.2462794018408126e+19,QSO,1.966609,11069,58456,756
1.2376788590184369e+18,23.2849412871431,11.8826382612331,21.54773,21.27426,21.11844,20.8071,20.64077,7773,301,3,462,1.246261919605931e+19,QSO,1.514773,11069,58456,120
1.2376786013103063e+18,12.1708869145835,17.1644472194823,22.02565,21.52455,21.20464,20.9584,20.94406,7713,301,3,308,1.2430192948888754e+19,QSO,1.541946,11040,58456,938
1.2376788590187643e+18,24.0483370005051,11.8176532717862,20.9401,20.71156,20.3471,20.31726,20.44625,7773,301,3,467,1.2462590059001174e+19,QSO,1.173917,11069,58456,14
1.2376609618625833e+18,131.056221713755,30.2361243773434,25.44244,24.84819,24.71945,20.96556,19.14251,3606,301,3,48,1.2007829026096e+19,STAR,-0.0001352588,10665,58456,387
1.2376727639105871e+18,353.320476775017,9.77328218354642,25.95508,22.91194,21.19729,20.09692,19.38233,6354,301,2,273,1.3008738650116348e+19,GALAXY,0.6324617,11554,58456,331
1.2376609629367828e+18,131.478173104036,31.5742047845749,23.46337,21.86454,22.22198,21.51872,19.49524,3606,301,5,55,1.2007919460927429e+19,STAR,0.0001637681,10665,58456,716
1.237660962937046e+18,132.101278928812,31.8612857954576,25.98949,22.63758,21.74283,20.60178,19.82636,3606,301,5,59,1.2007938427503e+19,GALAXY,0.69997,10665,58456,785
1.2376788590183055e+18,22.8738633704114,11.7740802009737,21.54776,21.34775,21.05237,20.82936,21.4532,7773,301,3,460,1.2462651081896516e+19,QSO,1.499722,11069,58456,236
1.2376607659118438e+18,130.342515528163,31.1260653715423,21.93328,23.71269,21.4256,20.03306,19.12101,3560,301,6,157,1.200786805875883e+19,GALAXY,0.2415451,10665,58456,529
1.2376609623997156e+18,131.221650675337,30.9004177667475,20.8393,20.50386,20.32472,20.40298,20.63688,3606,301,4,52,1.2007903518008824e+19,QSO,1.257892,10665,58456,658
1.2376607648383631e+18,131.343532886124,30.8163201725796,21.99866,21.78298,21.58936,21.20123,21.12445,3560,301,4,161,1.2007914788003e+19,QSO,1.859325,10665,58456,699
1.2376609623991913e+18,130.101839930417,30.3687280567278,20.10822,18.93335,18.20935,17.82069,17.55021,3606,301,4,44,1.2007855964130925e+19,GALAXY,0.1072406,10665,58456,485
1.2376788590177815e+18,21.7926710833053,11.8804502673507,22.0741,21.77897,21.73628,21.19357,21.49613,7773,301,3,452,1.2462745639896504e+19,QSO,1.821953,11069,58456,580
1.2376788590180436e+18,22.3253603894719,11.9410002222832,21.5596,21.31897,20.89828,21.07856,21.25735,7773,301,3,456,1.2462775326710454e+19,QSO,1.230074,11069,58456,688
1.2376727639104563e+18,353.225825603639,10.0661270824451,24.04647,23.5798,22.01008,20.64982,19.84755,6354,301,2,271,1.3008740299383788e+19,GALAXY,0.6788473,11554,58456,337
1.23767885901824e+18,22.7366300244558,11.7143192839191,20.44367,20.22139,20.01551,19.76288,19.7248,7773,301,3,459,1.2462659877989536e+19,QSO,1.698292,11069,58456,268
1.2376791693004636e+18,10.1990288556777,17.9852474721374,19.01406,18.05769,17.75566,17.63774,17.58271,7845,301,5,14,1.2430095092353882e+19,STAR,-0.000363847,11040,58456,582
1.2376788590180436e+18,22.3512310254596,11.7728480445959,21.58722,21.00702,20.47613,19.99425,19.78407,7773,301,3,456,1.246268296773372e+19,QSO,1.455856,11069,58456,352
1.2376789207512517e+18,22.8007351071654,12.8602650564076,20.62608,20.6294,20.58899,20.24628,20.20892,7787,301,6,350,1.2462805013524404e+19,QSO,1.950158,11069,58456,796
1.237678920214054e+18,21.9493971391149,12.5997232387172,23.32351,23.97526,22.17677,20.59059,19.55889,7787,301,5,345,1.2462750862576736e+19,GALAXY,0.9075612,11069,58456,599
1.2376789202147092e+18,23.5793917798318,12.4916859631125,25.36836,23.56809,21.62108,20.49136,19.79534,7787,301,5,355,1.2462850918134864e+19,GALAXY,0.782468,11069,58456,963
1.2376607648384287e+18,131.512695554581,30.8770079728705,20.5974,20.40895,20.0088,19.80959,19.61351,3560,301,4,162,1.2007924408729752e+19,QSO,1.242642,10665,58456,734
1.2376609618627791e+18,131.269397187457,30.5856534397184,26.73943,24.45037,21.96826,20.60232,19.84087,3606,301,3,51,1.2007820779758836e+19,GALAXY,0.6946601,10665,58456,357
1.2376788590181747e+18,22.6746811274849,11.8791595799475,22.64145,20.58333,19.75978,19.47791,19.35614,7773,301,3,458,1.2462789620361615e+19,STAR,-0.0003609021,11069,58456,740
1.2376788590183055e+18,22.91998591937,11.7242188186693,20.31903,19.99785,19.73455,19.53174,19.35764,7773,301,3,460,1.246264888287326e+19,QSO,1.999961,11069,58456,228
1.23766096240024e+18,132.434676991982,31.6679453412358,19.62584,19.65246,19.42886,19.41217,19.60493,3606,301,4,60,1.200796261675882e+19,QSO,1.34168,10665,58456,873
1.237660765912368e+18,131.34556508172,31.8320637620653,26.02322,23.18085,21.86112,20.56867,19.88445,3560,301,6,165,1.2007916437270452e+19,GALAXY,0.7673978,10665,58456,705
1.237660961863107e+18,132.067401501378,30.8549445970984,24.81042,22.6743,21.66843,20.26644,19.43657,3606,301,3,56,1.200795876846812e+19,STAR,0.0001064301,10665,58456,859
1.2376789207511206e+18,22.4115726111578,12.8206901211049,19.40133,19.32861,19.31108,18.95663,18.93384,7787,301,6,348,1.24627731276872e+19,QSO,1.882092,11069,58456,680
1.2376609634736548e+18,131.191143007398,31.889891387166,24.91809,24.06212,22.08844,20.54232,19.53796,3606,301,6,55,1.2007904342642549e+19,GALAXY,0.8888994,10665,58456,661
1.2376788590181747e+18,22.6731996586252,11.7602370666923,21.89045,21.60413,20.86217,20.58196,20.38864,7773,301,3,458,1.2462661527257e+19,GALAXY,0.431686,11069,58456,274
1.237678920751186e+18,22.5913654919441,12.9523338375536,20.04846,19.85394,19.73986,19.46274,19.41712,7787,301,6,349,1.2462780824268591e+19,QSO,1.650056,11069,58456,708
1.237678859018371e+18,23.0241000048454,11.7840818907645,19.55483,19.1886,18.90128,18.80077,18.66922,7773,301,3,461,1.2462641186291864e+19,QSO,2.129117,11069,58456,200
1.2376788590181092e+18,22.431632129874,11.8180420253639,21.62072,21.42733,21.34483,21.31759,21.08668,7773,301,3,457,1.2462672522373255e+19,QSO,2.102313,11069,58456,314
1.2376788590185024e+18,23.3756543501374,11.7780299131953,21.82723,21.88713,21.45546,21.52591,20.99274,7773,301,3,463,1.2462616172402332e+19,QSO,1.026983,11069,58456,109
1.2376788600921787e+18,23.3679015561789,12.6202060484253,21.9893,20.83505,20.66774,20.56208,20.54394,7773,301,5,462,1.2462827553512772e+19,QSO,6.318426,11069,58456,878
1.2376788590181747e+18,22.6049744130501,11.8324075669611,19.78195,19.66949,19.25223,19.09213,19.17834,7773,301,3,458,1.24626741716407e+19,QSO,1.462333,11069,58456,320
1.23767276390967e+18,352.422075310025,11.6590736211672,27.40918,23.47376,21.66087,20.50311,19.13372,6354,301,2,259,1.3008797473988432e+19,GALAXY,0.9046748,11554,58456,545
1.237678860091523e+18,21.7172661202271,12.6936207749055,20.52684,20.20581,20.06086,19.96835,19.58647,7773,301,5,452,1.2462738493070924e+19,QSO,2.120492,11069,58456,554
1.237660765375038e+18,130.62384449198,30.8626272006929,23.10911,23.8938,21.77528,20.61771,19.94069,3560,301,5,158,1.2007881802654175e+19,GALAXY,0.5933899,10665,58456,579
1.2376609618625167e+18,130.702513135093,30.2008969449837,21.40883,21.17129,20.76872,20.85013,20.76755,3606,301,3,47,1.2007838646822787e+19,QSO,1.257821,10665,58456,422
1.2376651269225188e+18,156.087356255937,30.2912619004586,21.45964,21.52006,21.3579,21.35238,21.11505,4576,301,1,283,1.2815022568366168e+19,QSO,1.118733,11382,58456,108
1.2376788584693112e+18,354.710569825632,11.7011952392516,25.72749,23.42722,21.96048,20.54717,19.64266,7773,301,2,275,1.3008909624174467e+19,STAR,-9.086511e-05,11554,58456,953
1.2376789207511206e+18,22.4362771512729,12.8698029532976,21.41602,20.93915,20.51551,20.08181,19.95611,7787,301,6,348,1.246277120354185e+19,QSO,0.5073048,11069,58456,673
1.2376788584811727e+18,22.3735069167579,11.4357026035287,21.39803,21.28599,20.82747,20.7286,20.31887,7773,301,2,456,1.246268131846628e+19,QSO,1.268935,11069,58456,346
1.2376609618633037e+18,132.538481183418,31.286296136673,21.1648,20.97686,20.86048,20.72273,20.50634,3606,301,3,59,1.200796783943905e+19,QSO,1.623731,10665,58456,892
1.237678857932112e+18,353.885814887202,11.4123462597736,20.56046,20.34257,19.97931,20.06696,20.15301,7773,301,1,270,1.3008869766878e+19,QSO,1.099979,11554,58456,808
1.2376609629367176e+18,131.130934689484,31.5042452360318,21.59279,21.5472,21.45015,21.28108,21.11977,3606,301,5,54,1.20078985702065e+19,QSO,2.058134,10665,58456,640
1.2376789207513828e+18,23.0500879756922,12.8015285075051,21.48288,21.3747,21.46237,21.24629,21.15542,7787,301,6,352,1.2462815458884868e+19,QSO,1.518514,11069,58456,834
1.2376609629370447e+18,131.986554713102,31.9472489262941,19.09098,18.12795,17.7217,17.57772,17.47996,3606,301,5,59,1.200793732799138e+19,STAR,0.0009980084,10665,58456,781
1.237660961862714e+18,131.235157151865,30.3877038950034,25.15526,23.1603,21.59181,20.42125,19.70163,3606,301,3,50,1.200781858073558e+19,GALAXY,0.6224412,10665,58456,349
1.2376727639105871e+18,353.334242090104,9.78479788292849,24.47107,25.37085,21.85338,20.77492,20.02435,6354,301,2,273,1.3008726555488442e+19,GALAXY,0.8065129,11554,58456,287
1.2376607653751035e+18,130.804918246474,30.8915718050511,20.83325,20.45577,20.04081,19.5544,19.31898,3560,301,5,159,1.20078905987472e+19,QSO,1.873253,10665,58456,611
1.2376788590183055e+18,22.927020081424,11.8408977260299,19.84051,19.63307,19.51581,19.30101,19.07323,7773,301,3,460,1.2462651631652327e+19,QSO,2.14026,11069,58456,238
1.2376607653750385e+18,130.696445621604,30.8571558528593,25.84406,23.84868,21.90031,20.57138,19.89804,3560,301,5,158,1.2007880428264645e+19,STAR,-7.122585e-05,10665,58456,574
1.2376788590059195e+18,353.992406373164,12.1762845490115,20.89056,20.58627,20.17869,20.22773,20.16627,7773,301,3,271,1.3008885160040747e+19,QSO,0.9646898,11554,58456,864
1.237678860628788e+18,22.7708744512873,13.0314217514172,22.40886,22.3837,21.53037,20.32854,19.57879,7773,301,6,458,1.2462790444995336e+19,GALAXY,0.6934231,11069,58456,743
1.237678858480976e+18,21.8371533381982,11.5332136208508,20.54077,20.54807,20.32315,20.22114,20.12551,7773,301,2,453,1.2462702209187207e+19,QSO,1.194811,11069,58456,422
1.237672837447484e+18,353.114239283134,10.6917258933037,23.31128,23.96417,21.77451,20.6318,19.84705,6371,301,3,53,1.3008746346697742e+19,GALAXY,0.6423125,11554,58456,359
1.237660962400175e+18,132.264958138191,31.5019024798591,26.80322,26.77886,23.00937,21.34403,19.36852,3606,301,4,59,1.200795327091e+19,GALAXY,0.882134,10665,58456,839
1.237678858480845e+18,21.5709238569696,11.3981412434828,20.26144,20.04072,19.89253,19.98389,19.79682,7773,301,2,451,1.2462714853570929e+19,QSO,0.8543273,11069,58456,468
1.237678859554915e+18,22.3372529565827,12.3533900359454,24.66544,23.69276,22.1539,20.95158,19.9926,7773,301,4,456,1.2462841572286e+19,GALAXY,0.0,11069,58456,929
1.2376791693012503e+18,12.0834461362811,17.8203206879144,21.54123,21.49804,21.11443,21.05796,20.75537,7845,301,5,26,1.243018525230736e+19,QSO,1.16426,11040,58456,910
1.2376786018473743e+18,12.5548317259027,17.621137842043,22.0355,22.16693,21.59266,21.48907,21.11768,7713,301,4,311,1.2430207242539915e+19,QSO,1.530541,11040,58456,990
1.2376788584692454e+18,354.494097957275,11.8511853384047,22.47813,22.18618,22.08911,21.83505,21.24785,7773,301,2,274,1.3008907700029118e+19,QSO,1.01071,11554,58456,946
1.2376788590185024e+18,23.4558828959694,11.8636736871958,21.89234,21.57185,21.42262,21.13876,20.96549,7773,301,3,463,1.2462616722158148e+19,QSO,0.8135603,11069,58456,111
1.2376786013101755e+18,11.8210293311445,17.3433212867625,21.84767,21.69074,21.15876,21.10378,21.09064,7713,301,3,306,1.2430168209877127e+19,QSO,1.118501,11040,58456,848
1.237678859005657e+18,353.401773104055,12.2086463112086,20.68658,20.71785,20.60306,20.17755,20.13796,7773,301,3,267,1.3008852724447728e+19,QSO,1.824427,11554,58456,746
1.2376728374470907e+18,352.766881653084,11.4689746687078,22.82257,23.39427,21.25196,20.11148,19.31543,6371,301,3,47,1.3008810668128e+19,GALAXY,0.6000415,11554,58456,593
1.2376609618624522e+18,130.622843946124,30.0868026941326,25.18536,23.47316,22.0585,20.56988,19.78867,3606,301,3,46,1.2007847717793716e+19,GALAXY,1.034026,10665,58456,455
1.2376788600920476e+18,23.0333498737002,12.611231583264,20.86507,20.4105,20.13651,20.06677,19.99699,7773,301,5,460,1.2462817108152308e+19,QSO,2.566459,11069,58456,840
1.2376786013093235e+18,9.74556588157378,17.4223284882818,22.75049,20.44276,19.62171,19.32626,19.18511,7713,301,3,293,1.2430178655237591e+19,GALAXY,0.0,11040,58456,886
1.237678860629181e+18,23.5958841371743,12.9788635659109,23.34723,22.9404,21.21651,20.14187,19.19132,7773,301,6,464,1.2462848719111608e+19,GALAXY,0.6663842,11069,58456,955
1.2376788595551114e+18,22.808035138427,12.1677756817253,23.40162,23.97488,22.36681,21.31667,19.72332,7773,301,4,459,1.2462799241088358e+19,GALAXY,0.916373,11069,58456,775
1.2376788584814351e+18,22.8985794176069,11.3952717139152,23.43694,23.94206,22.3667,20.84963,19.80723,7773,301,2,460,1.246264805823954e+19,GALAXY,0.6947352,11069,58456,225
1.237678859005854e+18,353.900367102858,12.1193871815949,21.23776,20.61102,20.37719,19.99067,19.77263,7773,301,3,270,1.30088752644361e+19,QSO,1.531773,11554,58456,828
1.2376607643010995e+18,130.703313397313,29.9685729207952,25.34611,23.3724,21.40081,20.25562,19.59581,3560,301,3,155,1.200784826754953e+19,GALAXY,0.5954713,10665,58456,457
1.237679169300726e+18,10.8034134349973,17.8557898465387,21.61813,21.24829,20.84205,20.651,20.58668,7845,301,5,18,1.2430128627458527e+19,QSO,1.202636,11040,58456,704
1.2376609618627791e+18,131.363336106864,30.5915947402625,21.90602,21.72589,21.7784,21.70934,22.64029,3606,301,3,51,1.2007809784642556e+19,QSO,1.601772,10665,58456,317
1.2376609618627791e+18,131.363207868104,30.6136529385355,21.60837,20.5416,20.24769,20.1526,20.34632,3606,301,3,51,1.200780950976465e+19,STAR,-0.0004230227,10665,58456,316
1.2376609629367176e+18,131.290432905648,31.5234318937722,21.78327,21.31897,21.33195,21.26619,20.89256,3606,301,5,54,1.2007909015567e+19,QSO,2.420472,10665,58456,678
1.2376672121287483e+18,155.777052359224,27.2502248131303,25.09608,23.47359,22.16328,20.8582,19.88672,5061,301,5,277,1.2781326110387624e+19,GALAXY,0.6588923,11352,58456,401
1.2376788600921132e+18,23.1246860601589,12.7045213845963,21.24322,20.95695,20.592,20.16492,20.06752,7773,301,5,461,1.2462825904245332e+19,QSO,1.870388,11069,58456,872
1.237660765375038e+18,130.632854060507,30.8820633283138,23.65261,24.36048,21.63146,20.43703,19.75427,3560,301,5,158,1.2007880153386736e+19,GALAXY,0.6481577,10665,58456,573
1.2376788590181747e+18,22.630140949114,11.8375219751012,20.35593,20.14257,20.04715,19.91091,19.80127,7773,301,3,458,1.2462789345483708e+19,QSO,2.075301,11069,58456,739
1.2376609618633687e+18,132.702717225323,31.2221477594976,17.88527,16.94184,16.64187,16.52544,16.47569,3606,301,3,60,1.2007978284799517e+19,STAR,-0.0002406543,10665,58456,930
1.237678859017585e+18,21.3161131063446,11.9238001094938,19.62634,19.55494,19.30723,19.12192,19.17884,7773,301,3,449,1.246272804771046e+19,QSO,1.454719,11069,58456,516
1.2376788348348667e+18,23.4215183474539,10.5514295553131,25.88276,23.36041,22.59792,21.34133,19.91482,7767,301,6,90,1.246260847582094e+19,GALAXY,0.6063851,11069,58456,81
1.2376789202139223e+18,21.6602037202541,12.4729208810596,26.44994,23.64097,22.29222,21.235,19.59981,7787,301,5,343,1.2462729971855809e+19,GALAXY,0.7093753,11069,58456,523
1.237672763910522e+18,353.321539351243,9.95174712656175,22.7533,22.92072,22.16166,20.79125,19.90748,6354,301,2,272,1.3008728204755884e+19,QSO,0.8099844,11554,58456,293
1.237672837447287e+18,353.025377290644,11.097253144169,18.86496,18.73932,18.51436,18.50642,18.0355,6371,301,3,50,1.3008837881040757e+19,QSO,0.3184627,11554,58456,692
1.2376607648383631e+18,131.373633131892,30.6852007281646,19.40141,18.62132,18.38511,18.27848,18.07971,3560,301,4,161,1.2007810334398372e+19,QSO,2.273767,10665,58456,319
1.237678858481369e+18,22.7979567932921,11.2956606653328,22.1404,22.40652,22.57659,21.8024,21.99046,7773,301,2,459,1.2462647233605818e+19,QSO,1.82921,11069,58456,222
1.2376789207512517e+18,22.8001500094354,12.7876215941677,19.24867,19.00756,18.7864,18.63801,18.26172,7787,301,6,350,1.2462805563280218e+19,QSO,0.3986712,11069,58456,798
1.2376609618625823e+18,130.871262002343,30.2858242171772,20.90357,20.50978,20.35414,20.19018,19.82794,3606,301,3,48,1.2007840845846e+19,QSO,0.7510697,10665,58456,430
1.2376609618625828e+18,130.948284533868,30.2022108719395,23.22537,22.81916,21.47069,20.07645,19.7042,3606,301,3,48,1.2007829575851856e+19,STAR,-0.0001754568,10665,58456,389
1.2376789202148403e+18,23.9069187401025,12.3839783183292,25.51333,23.50434,22.36121,21.35294,19.9938,7787,301,5,357,1.246285751520463e+19,GALAXY,0.70121,11069,58456,987
1.237678920751055e+18,22.2794922064737,12.9972218287057,21.22652,21.59777,21.33314,21.2037,20.77294,7787,301,6,347,1.246276048330348e+19,QSO,1.159004,11069,58456,634
1.2376609618626483e+18,131.031579998303,30.4536018857575,21.03435,20.83033,21.00645,20.63073,20.64623,3606,301,3,49,1.200783040048558e+19,QSO,1.733601,10665,58456,392
1.237679169301316e+18,12.2801268660739,17.9461462152424,22.25134,22.21869,21.91659,21.71542,21.37073,7845,301,5,27,1.2430194598156196e+19,QSO,1.476558,11040,58456,944
1.2376609629368486e+18,131.6404658648,31.6069398263169,24.03676,23.60423,21.8352,20.47085,19.77409,3606,301,5,56,1.2007930730921611e+19,GALAXY,0.8140795,10665,58456,757
1.237678601309979e+18,11.3013442816047,17.247568819451,21.33679,21.05805,20.72275,20.36299,20.23378,7713,301,3,303,1.2430146769400388e+19,QSO,2.005627,11040,58456,770
1.2376609618629107e+18,131.600433047647,30.7857322102078,22.83988,23.16959,22.10695,22.0404,21.06623,3606,301,3,53,1.2007926057997195e+19,GALAXY,0.9595811,10665,58456,740
1.2376609629369797e+18,131.782302080193,31.7814158373846,18.93571,17.9799,17.70146,17.58931,17.56333,3606,301,5,58,1.200792825702045e+19,STAR,-0.0001378811,10665,58456,748
1.2376727639107182e+18,353.608796211909,9.5911617430154,24.07671,22.65355,20.78693,20.12141,19.64557,6354,301,2,275,1.3008702915988443e+19,GALAXY,0.4216315,11554,58456,201
1.2376791693005294e+18,10.3500098494648,17.8953861236047,20.81117,20.50136,20.20842,19.79565,19.57928,7845,301,5,15,1.2430106637226e+19,QSO,1.969025,11040,58456,624
1.237678859017716e+18,21.5310652683415,11.8130040899532,21.58269,20.83733,20.56084,20.20134,20.22965,7773,301,3,451,1.2462734095024413e+19,QSO,1.729692,11069,58456,538
1.237660961325908e+18,131.551448879167,30.2008654843843,19.88807,19.80424,19.6299,19.29007,19.07605,3606,301,2,51,1.2007797415136743e+19,QSO,1.918184,10665,58456,272
1.23767885901765e+18,21.3911813247679,11.8055709967694,20.46682,20.17251,19.85823,19.66883,19.47098,7773,301,3,450,1.246272255015232e+19,QSO,2.102025,11069,58456,496
1.2376788590176504e+18,21.3883557044899,11.8289261988088,22.36891,21.7538,21.89571,21.5603,21.49612,7773,301,3,450,1.2462729147222088e+19,QSO,1.500587,11069,58456,520
1.2376791693007916e+18,11.0491319986086,17.8988149635886,21.7337,21.50536,21.54843,21.29543,21.35954,7845,301,5,19,1.2430139072819e+19,QSO,1.742933,11040,58456,742
1.2376607653755625e+18,131.821031672504,31.5828646277012,25.39521,22.51951,21.36669,20.46426,20.08134,3560,301,5,166,1.2007942275793705e+19,STAR,0.000152464,10665,58456,799
1.2376788590186988e+18,23.8607928170503,11.8303522779698,18.7889,17.79923,17.45828,17.35723,17.29618,7773,301,3,466,1.2462597205826757e+19,STAR,-0.0001680805,11069,58456,40
1.2376609618625823e+18,130.869254647192,30.2325774321428,21.86474,21.66827,21.31567,21.05975,20.57755,3606,301,3,48,1.2007838921700694e+19,QSO,0.559133,10665,58456,423
1.237667142864864e+18,134.96447507251,22.5765689152111,25.37869,23.33273,21.44794,20.43184,20.22471,5045,301,4,162,1.2503120806396844e+19,GALAXY,0.6479186,11105,58457,8
1.237667143938671e+18,134.720731747921,23.3441463967208,22.33111,22.24318,21.45215,20.39303,19.55827,5045,301,6,163,1.2503388812356114e+19,GALAXY,0.6485289,11105,58457,983
1.237667143938212e+18,133.620397418102,22.8742146235053,22.97383,24.75414,22.48745,21.1262,19.90939,5045,301,6,156,1.2503183753437534e+19,GALAXY,0.869301,11105,58457,237
1.2376671428639468e+18,132.858355352385,21.8099775404765,22.88374,23.37886,21.30163,20.18777,19.46793,5045,301,4,148,1.2503218937809623e+19,GALAXY,0.7627598,11105,58457,365
1.2376651285234985e+18,132.59475925753,23.3243528006786,22.18599,26.1456,22.72582,21.28672,19.43863,4576,301,4,136,1.2503285458263103e+19,QSO,5.528544,11105,58457,607
1.2376805055810775e+18,344.44203566432,34.4157972459419,24.5748,23.32243,21.61666,20.52235,19.7854,8156,301,6,150,1.310112236596182e+19,GALAXY,0.5612369,11636,58462,549
1.2376651279948196e+18,152.161971694076,30.0911900844699,22.71054,23.23998,21.42688,20.17907,19.27126,4576,301,3,261,1.281274245622873e+19,GALAXY,0.8561246,11380,58462,5
1.2376696822577892e+18,351.133081602126,8.42549293160416,21.6147,21.46032,21.18709,21.1816,21.29763,5636,301,6,63,1.27149109352462e+19,QSO,1.473395,11293,58462,448
1.2376805082578952e+18,345.142955988617,33.0307036131183,22.74325,21.50988,21.33397,21.28164,22.13757,8157,301,3,35,1.3101066015990897e+19,QSO,2.370567,11636,58462,344
1.2376651285311654e+18,150.633751883976,30.0786586600454,23.49504,23.8105,22.0769,20.79572,19.90687,4576,301,4,253,1.2812812275217097e+19,GALAXY,0.8076251,11380,58462,259
1.2376651269271724e+18,168.223198311699,32.6179892664409,23.5737,23.08388,21.72969,20.70688,19.83304,4576,301,1,354,1.1558494907808373e+19,GALAXY,0.5661365,10266,58462,23
1.2376727633735188e+18,352.733602244717,9.96954360681706,18.53949,17.60236,17.30653,17.18423,17.17712,6354,301,1,270,1.2715039578106649e+19,STAR,-0.0005392096,11293,58462,916
1.237680508258026e+18,345.49038316087,33.1461446847212,21.39537,20.90452,20.50628,20.03931,19.87632,8157,301,3,37,1.3101047599171131e+19,QSO,0.628108,11636,58462,277
1.2376805082579604e+18,345.309522189531,33.0602186570374,20.40668,19.97357,19.94039,19.70399,19.70961,8157,301,3,36,1.3101058044531595e+19,QSO,1.745503,11636,58462,315
1.2376789057053665e+18,352.154045521545,9.08236984050856,26.8197,22.68128,21.73559,20.59331,19.78819,7784,301,2,144,1.2714851836496204e+19,GALAXY,0.6912405,11293,58462,233
1.2376651269307763e+18,177.97045083392,33.6070095124807,23.21802,22.29891,21.42672,20.40883,19.63494,4576,301,1,409,1.1553112248634595e+19,GALAXY,0.8866367,10261,58462,921
1.2376789057057592e+18,352.996742636178,9.05750327580354,24.73754,21.70729,19.8311,19.25754,18.82558,7784,301,2,150,1.2714811704321792e+19,GALAXY,0.3647372,11293,58462,87
1.2376788584761925e+18,10.7691500813821,11.9942555810825,25.83083,23.39109,21.93621,20.5166,19.81,7773,301,2,380,1.2432287243762424e+19,GALAXY,0.7846434,11042,58462,365
1.237678860623545e+18,10.4103840441697,13.6357046059139,22.58236,23.74914,21.38105,20.06357,18.97885,7773,301,6,378,1.243234331885544e+19,GALAXY,0.7174669,11042,58462,569
1.237680508257895e+18,345.056925915449,33.0745007144996,21.30431,21.22334,20.94245,20.76457,20.57119,8157,301,3,35,1.3101067665258338e+19,QSO,0.9958635,11636,58462,350
1.2376650990041828e+18,151.476540992132,31.1391157880909,21.37863,21.86633,21.33547,21.5923,22.79166,4569,301,5,267,1.2812987372443816e+19,QSO,1.337274,11380,58462,896
1.2376805045080563e+18,346.6141760173,34.0197942582253,22.80069,20.73713,19.3071,18.71136,18.39326,8156,301,4,161,1.3101225994932738e+19,GALAXY,0.2621706,11636,58462,926
1.2376788595506552e+18,12.4178435977759,12.6589162586806,24.44596,23.57654,21.91627,20.5264,19.83857,7773,301,4,391,1.2432193235518249e+19,GALAXY,0.6781141,11042,58462,23
1.2376788584767163e+18,11.9358351991103,11.9337463078454,23.13555,20.3585,18.87601,19.53134,17.75394,7773,301,2,388,1.2432220173553127e+19,STAR,-0.0001657466,11042,58462,121
1.237680508258354e+18,346.263100437303,33.2761344814104,21.1825,20.92418,20.83959,20.41913,20.24679,8157,301,3,42,1.3101011315287417e+19,QSO,1.508784,11636,58462,145
1.2376788584765852e+18,11.582261656391,11.8540900965684,21.2357,21.02977,20.83388,20.6012,20.43778,7773,301,2,386,1.2432242438663592e+19,QSO,1.585743,11042,58462,202
1.2376788600873288e+18,11.961563558207,13.2069700655658,22.1941,21.35137,21.3891,21.51182,21.58952,7773,301,5,388,1.243243430344264e+19,QSO,2.517676,11042,58462,900
1.23767885955e+18,10.9250608274406,12.6620492406178,24.74286,21.76406,19.95308,19.31374,18.9276,7773,301,4,381,1.2432270201332191e+19,GALAXY,0.3054585,11042,58462,303
1.2376805071845455e+18,346.282183776038,32.4720579989592,23.93526,20.24262,20.01573,19.48483,19.05662,8157,301,1,41,1.3101008841386252e+19,STAR,-0.0002833047,11636,58462,136
1.2376648778052403e+18,149.450738763563,31.0698768042404,24.09172,23.59293,21.70093,20.54975,19.69368,4518,301,1,143,1.2812887591763595e+19,GALAXY,0.6671169,11380,58462,533
1.237680508258157e+18,345.710373381782,33.2341030043095,20.94938,20.46453,20.10629,20.26588,19.96152,8157,301,3,39,1.310104402575834e+19,QSO,1.125903,11636,58462,264
1.2376578791477755e+18,112.999906148088,21.2982604638486,25.07984,24.586,22.1229,20.68442,19.68752,2888,301,5,17,1.2480742721198512e+19,GALAXY,0.7960773,11085,58462,517
1.237669682258051e+18,351.725520407924,8.52109052976954,21.50882,21.56223,21.08368,21.0998,20.73409,5636,301,6,67,1.2714879049409e+19,QSO,1.29811,11293,58462,332
1.2376805045079247e+18,346.301825370324,33.9685717887135,22.12232,21.18122,20.97421,20.94955,21.23312,8156,301,4,159,1.310121499981646e+19,QSO,2.663931,11636,58462,886
1.237678858476651e+18,11.7908331014593,11.9130240589742,22.54504,21.74643,21.39597,21.14469,21.1471,7773,301,2,387,1.243222099818685e+19,STAR,-0.0004325012,11042,58462,124
1.2376788606239383e+18,11.3097791261348,13.533337066199,24.2461,22.96284,22.49151,20.98703,19.92715,7773,301,6,384,1.2432396645169388e+19,GALAXY,1.195484,11042,58462,763
1.2376788590135867e+18,11.9415046722256,12.2659169642341,21.7266,21.30675,21.3527,21.36364,21.80905,7773,301,3,388,1.243222374696592e+19,GALAXY,0.03745029,11042,58462,134
1.2376648778059617e+18,151.300446194971,31.572738568689,22.60755,21.88688,21.69607,21.58651,21.50707,4518,301,1,154,1.2812981325129863e+19,QSO,1.657166,11380,58462,874
1.2376788584767823e+18,12.0702946623779,11.8866396163684,23.71119,24.60177,22.2097,20.5768,19.33946,7773,301,2,389,1.243221027794848e+19,STAR,5.623991e-05,11042,58462,85
1.2376805082583534e+18,346.416871298124,33.1525885314113,18.45858,17.47477,17.11915,16.96263,16.95782,8157,301,3,42,1.3101001694560672e+19,STAR,-0.0005128441,11636,58462,110
1.237680505044796e+18,346.176097587083,34.3269827028871,22.37589,21.86783,21.6501,21.43956,22.19584,8156,301,5,159,1.3101201530799e+19,GALAXY,0.8446365,11636,58462,837
1.237678860624528e+18,12.7762113987374,13.5720808732406,24.71765,25.09263,22.53005,20.86925,20.00195,7773,301,6,393,1.2432461516355426e+19,GALAXY,0.8087876,11042,58462,999
1.2376788584761925e+18,10.7678838207877,11.949807442129,22.23041,21.84103,21.02,20.74303,20.44586,7773,301,2,380,1.2432286968884517e+19,QSO,1.129313,11042,58462,364
1.2376695185121608e+18,352.155199837415,7.93582656896863,23.52956,23.84008,21.31844,20.13556,19.21957,5598,301,5,63,1.2714856234542717e+19,GALAXY,0.7776958,11293,58462,249
1.2376650243653632e+18,177.155624118317,34.1667535814197,18.85264,17.66611,17.49199,17.42591,17.43824,4552,301,2,57,1.155306414500088e+19,STAR,-9.489989e-05,10261,58462,746
1.2376788584763884e+18,11.1715265690154,12.0073168886993,20.22819,20.18983,19.53547,19.50299,19.35294,7773,301,2,383,1.2432264428896147e+19,QSO,1.319689,11042,58462,282
1.2376727633734536e+18,352.643222859891,10.1562722559921,21.23255,21.25299,21.06139,20.83451,21.12196,6354,301,1,269,1.2715029132746185e+19,QSO,1.487863,11293,58462,878
1.2376650243650355e+18,176.148899113897,34.1341769288038,20.16213,20.07416,20.11771,19.86264,19.8586,4552,301,2,52,1.1553022363559e+19,QSO,1.787837,10261,58462,594
1.2376805077216138e+18,346.685331164385,32.8735524393124,23.96722,22.90394,22.01126,20.81828,19.85028,8157,301,2,44,1.3100995922124624e+19,STAR,-0.0001933865,11636,58462,89
1.2376648692163553e+18,150.31995037137,30.7431333852417,21.11545,25.81207,21.49825,20.30992,18.19695,4516,301,1,159,1.281293322149615e+19,GALAXY,0.8674592,11380,58462,699
1.237680507721024e+18,345.158535816073,32.6056951981871,24.98575,24.6189,22.29798,20.70224,19.72657,8157,301,2,35,1.3101074537206e+19,STAR,-5.076449e-05,11636,58462,375
1.2376788600875912e+18,12.5739666322271,13.1299560878687,21.49675,21.28493,20.91057,20.5349,20.42848,7773,301,5,392,1.2432195709419411e+19,QSO,1.959725,11042,58462,32
1.2376788600873943e+18,12.1290428575085,13.2244273108677,20.24303,19.99867,19.85599,19.62482,19.4723,7773,301,5,389,1.2432219348919409e+19,QSO,0.8048334,11042,58462,118
1.2376805045079255e+18,346.189998233332,33.8586962445203,24.92318,23.93484,21.9139,20.63652,19.72021,8156,301,4,159,1.3101204279578087e+19,GALAXY,0.5529842,11636,58462,847
1.2376805082582884e+18,346.091523535073,33.2781928700312,23.20072,21.80572,21.90949,21.24372,20.88223,8157,301,3,41,1.3101023684793227e+19,QSO,1.548295,11636,58462,190
1.237680507721024e+18,345.145662809344,32.6620139818986,19.94372,19.74812,19.43031,19.19898,19.08165,8157,301,2,35,1.3101073712572291e+19,QSO,1.490518,11636,58462,372
1.2376789057056287e+18,352.72273087269,8.97773872902227,24.77914,22.9727,21.39244,20.27536,19.52508,7784,301,2,148,1.2714828196996209e+19,GALAXY,0.6645421,11293,58462,147
1.2376650990035277e+18,149.833009963385,30.5471483879283,22.64917,22.10588,21.84391,22.03389,21.33867,4569,301,5,257,1.2812850208368253e+19,STAR,0.0004577064,11380,58462,397
1.2376788600871327e+18,11.5556673471532,13.1873714675978,22.20583,21.56129,21.36048,21.27281,21.17392,7773,301,5,385,1.2432241339152e+19,QSO,1.238939,11042,58462,198
1.237678859550327e+18,11.6273874976986,12.6652075436587,23.75597,23.39008,21.35092,20.27763,19.57721,7773,301,4,386,1.2432237765739172e+19,GALAXY,0.5243129,11042,58462,185
1.237665024365298e+18,176.871673277337,34.2358081679578,20.38466,20.35893,20.35337,19.80521,19.87086,4552,301,2,56,1.1553053424762507e+19,QSO,1.822455,10261,58462,707
1.2376805082578296e+18,344.890032803923,32.9807436786592,21.97932,21.56483,21.49251,21.23287,20.94504,8157,301,3,34,1.3101077011107174e+19,STAR,-2.907818e-05,11636,58462,384
1.237665127463978e+18,168.007047531941,33.0463853574394,23.74397,23.14222,21.72099,20.20197,19.3976,4576,301,2,353,1.1558498756099068e+19,GALAXY,0.712293,10266,58462,37
1.2376696822582487e+18,352.18825879574,8.41354283811548,23.82696,22.80836,22.09554,20.82038,19.95614,5636,301,6,70,1.2714858983321786e+19,GALAXY,0.845488,11293,58462,259
1.2376805050444685e+18,345.168494045033,34.2152205368821,22.20223,21.96099,21.53782,21.13336,20.93215,8156,301,5,154,1.3101157275456e+19,QSO,0.6927514,11636,58462,676
1.2376788600876567e+18,12.7596295829988,13.2041611016154,20.8238,20.67182,20.63355,20.23182,20.2265,7773,301,5,393,1.2432191861128714e+19,QSO,1.695751,11042,58462,18
1.2376696822578547e+18,351.265558445969,8.42031471733893,22.0378,21.64438,20.93332,20.30664,20.07405,5636,301,6,64,1.2714900489885737e+19,QSO,1.944523,11293,58462,410
1.2376578791484966e+18,114.239709989197,22.4846743488693,23.32596,24.2181,22.41521,20.80762,19.96347,2888,301,5,28,1.24807976967799e+19,GALAXY,0.7948429,11085,58462,717
1.2376650243652324e+18,176.72674183099,34.1359666848199,21.90263,21.70887,21.35975,21.14776,21.07842,4552,301,2,55,1.155304325428e+19,QSO,1.505324,10261,58462,670
1.2376805045074665e+18,345.031322537134,33.7368315873019,21.65232,20.36828,19.81149,19.65409,19.64214,8156,301,4,152,1.3101150953264142e+19,STAR,-0.0004499114,11636,58462,653
1.2376789057053007e+18,351.96449920729,9.10254267299731,22.43444,23.41355,21.37497,20.23733,19.20189,7784,301,2,143,1.2714874926240387e+19,GALAXY,0.6475278,11293,58462,317
1.237665128536802e+18,165.245348193004,33.5939826626633,25.88661,24.03275,22.31802,20.7716,19.90155,4576,301,4,339,1.1558633996029286e+19,GALAXY,0.6201897,10266,58462,529
1.2376651269271718e+18,168.211865817992,32.7112122320372,21.56147,21.11195,20.42147,20.22609,19.84456,4576,301,1,354,1.1558495732442092e+19,GALAXY,0.3695035,10266,58462,26
1.2376805082578296e+18,344.988502932954,33.0549703190063,21.67,21.41566,21.02556,20.93198,20.8254,8157,301,3,34,1.3101078110618802e+19,QSO,1.158834,11636,58462,388
1.2376499195008123e+18,10.8313263836688,14.5337337541995,21.37253,21.03706,20.7681,20.69146,19.96706,1035,301,3,35,1.2432368882500786e+19,QSO,0.8613353,11042,58462,662
1.237665099003855e+18,150.66837058937,30.7619507257582,22.27127,21.63905,21.39066,21.55927,21.09936,4569,301,5,262,1.28129549368508e+19,QSO,2.427397,11380,58462,778
1.2376788584765855e+18,11.6329311064156,11.883205065143,23.68057,20.68017,19.89845,19.48429,19.34368,7773,301,2,386,1.2432231993303128e+19,STAR,-0.0008350843,11042,58462,164
1.2376578791481034e+18,113.553729482791,21.8766519631963,25.89141,25.49905,21.96472,20.74524,19.93722,2888,301,5,22,1.2480755915338e+19,GALAXY,0.8218112,11085,58462,565
1.2376788600869356e+18,11.095455467178,13.1438261529093,21.49516,21.1146,20.40669,20.19332,20.20323,7773,301,5,382,1.2432274874256611e+19,QSO,1.484605,11042,58462,320
1.237678858476323e+18,11.0594433991128,11.9353044761472,20.53318,20.37871,20.16658,20.12587,20.13796,7773,301,2,382,1.243227597376824e+19,QSO,0.910454,11042,58462,324
1.2376650990041828e+18,151.418688569572,31.133606659997,25.59741,22.53252,20.95729,19.86411,19.24738,4569,301,5,267,1.281298352415312e+19,STAR,0.0001709076,11380,58462,882
1.2376788600875912e+18,12.6095251035342,13.2298721334006,21.52732,21.66046,21.17778,21.07494,20.84343,7773,301,5,392,1.2432192410884528e+19,QSO,1.161637,11042,58462,20
1.2376788584766508e+18,11.7015590553895,11.952484559089,22.80719,22.08643,21.60446,21.5464,21.42094,7773,301,2,387,1.243223171842522e+19,STAR,-7.934187e-05,11042,58462,163
1.2376696822579855e+18,351.659113915214,8.38422722951933,21.5947,21.36349,21.16973,20.82787,20.40794,5636,301,6,66,1.2714889494769455e+19,QSO,0.8405035,11293,58462,370
1.2376788584763233e+18,11.0357627069722,11.91987359064,25.25697,24.19629,21.41078,20.15512,19.47859,7773,301,2,382,1.2432276798402e+19,GALAXY,0.7813894,11042,58462,327
1.2376651269301207e+18,176.268553005359,33.432292927676,21.83964,19.87187,18.8392,18.3688,18.09703,4576,301,1,399,1.1553015766489256e+19,GALAXY,0.1312984,10261,58462,570
1.2376788590129324e+18,10.3329194268912,12.2799013271593,22.43062,23.12039,22.14422,20.68066,19.90617,7773,301,3,378,1.2432311982774e+19,GALAXY,0.7168221,11042,58462,455
1.2376650243656256e+18,177.772349256566,34.3414359070048,21.31541,21.29993,21.12072,20.85558,21.14531,4552,301,2,61,1.15530965805939e+19,QSO,1.641623,10261,58462,864
1.2376788595501307e+18,11.1820295778925,12.8039422710936,26.20687,22.58712,20.79855,19.67745,19.16277,7773,301,4,383,1.2432260030849636e+19,GALAXY,0.6055852,11042,58462,266
1.2376803289495631e+18,339.962599426565,30.5621898469677,22.50159,22.16436,22.2951,22.09404,22.4349,8115,301,5,135,1.3097837849868524e+19,STAR,-0.0006681293,11633,58463,888
1.2376803278757576e+18,340.116090818574,29.735250909444,26.4854,23.57578,21.98832,20.7602,19.99492,8115,301,3,134,1.3097627568269711e+19,STAR,0.0001045548,11633,58463,123
1.2376805028945605e+18,339.298675479148,31.2149833441543,24.21841,23.23058,22.04343,20.76595,19.75931,8156,301,1,117,1.309779854232783e+19,GALAXY,0.8354818,11633,58463,745
1.237680327338558e+18,339.322103737655,29.1876421646797,21.00897,19.94038,19.4281,19.2132,19.07769,8115,301,2,129,1.3097672373368543e+19,STAR,-0.000928904,11633,58463,286
1.2376804744415153e+18,339.109982660815,30.2449419483048,24.33282,22.37873,21.86706,20.67402,18.90468,8149,301,4,134,1.3097681444339472e+19,STAR,-0.000201283,11633,58463,319
1.237660343392601e+18,128.796544744535,30.7480369275515,26.24292,23.25545,21.66767,20.59963,19.88652,3462,301,3,129,1.2006695429742e+19,GALAXY,0.6409398,10664,58464,359
1.2376650243632663e+18,171.387355954261,33.7183344819364,21.17735,20.76273,20.6267,20.36242,20.28534,4552,301,2,25,1.1555290106324867e+19,QSO,1.695487,10263,58464,652
1.237660962936e+18,129.771294903838,30.5195182154629,22.40412,22.15889,21.84402,21.55685,21.29029,3606,301,5,43,1.2006649800009472e+19,GALAXY,0.8933481,10664,58464,193
1.237660962935735e+18,129.087626273653,30.1132759056833,23.31443,23.53887,22.14586,20.67941,19.97832,3606,301,5,39,1.200667948682342e+19,GALAXY,0.7874517,10664,58464,301
1.237665024363856e+18,172.94541064573,33.8645744411896,21.52785,21.16784,20.79406,20.62206,20.60907,4552,301,2,34,1.1555365972627184e+19,QSO,2.117087,10263,58464,928
1.2376609618619277e+18,129.607642440036,29.3547848897233,23.60127,24.15919,22.02247,20.95822,19.94336,3606,301,3,38,1.2006651999032728e+19,GALAXY,0.8140928,10664,58464,201
1.2376607653745797e+18,129.603241760681,30.3077312538969,26.12077,23.47092,21.75734,20.46686,19.80913,3560,301,5,151,1.2006658596102494e+19,GALAXY,0.634613,10664,58464,225
1.2376603433929933e+18,129.568612023868,31.2966240453139,21.73448,21.54987,21.64754,21.98788,22.27135,3462,301,3,135,1.2006819399678056e+19,GALAXY,0.06906182,10664,58464,810
1.2376609623991255e+18,129.896015393587,30.1385567423915,21.18932,20.99041,20.93914,20.70337,20.5526,3606,301,4,43,1.2006635781236216e+19,QSO,1.588243,10664,58464,142
1.23766487780642e+18,152.553637838044,31.9708540112511,19.3833,18.39224,18.01425,17.8859,17.82732,4518,301,1,161,1.2814043453395851e+19,STAR,-0.0003329951,11381,58464,642
1.2376609623986675e+18,129.015792803991,29.6376865520502,24.51316,23.18665,21.8202,20.68434,19.93767,3606,301,4,36,1.2006685534137377e+19,GALAXY,0.5902592,10664,58464,323
1.237664869217731e+18,153.702165630577,29.8294634807823,23.28169,23.14939,21.97138,20.82518,19.92802,4516,301,1,180,1.2813912886390053e+19,GALAXY,0.7756043,11381,58464,167
1.2376650243632008e+18,171.277915365066,33.7426930788967,20.71234,20.21237,19.80762,19.34681,19.20047,4552,301,2,24,1.1555288457057423e+19,QSO,1.808773,10263,58464,646
1.2376648692172723e+18,152.533271631707,30.0568877616038,23.58002,21.59371,19.7882,19.02188,18.64948,4516,301,1,173,1.281396978611679e+19,GALAXY,0.4529049,11381,58464,374
1.2376607659115814e+18,129.600067690775,30.7767839288911,22.42227,24.85817,22.24108,20.71936,19.92761,3560,301,6,153,1.2006651449276912e+19,GALAXY,0.6853712,10664,58464,199
1.2376650990050348e+18,153.742060979022,31.6809319927583,22.05642,21.97243,21.78816,21.68085,21.53001,4569,301,5,280,1.2814100628000496e+19,QSO,1.628225,11381,58464,850
1.2376607653744486e+18,129.407174611649,30.00310136497,25.29296,24.26151,23.43054,21.50565,19.91745,3560,301,5,149,1.2006666842439705e+19,GALAXY,1.050248,10664,58464,255
1.237660962935538e+18,128.578089149056,29.9795676932131,21.60788,21.54693,21.23852,21.15581,20.94508,3606,301,5,36,1.200671109778272e+19,QSO,1.02749,10664,58464,416
1.237660765374055e+18,128.461373880745,29.6176488860283,24.16006,21.3674,20.16691,19.57264,19.22056,3560,301,5,143,1.2006707249492e+19,STAR,6.395813e-05,10664,58464,402
1.237660764837839e+18,130.11732183727,30.130789919236,21.93482,21.4313,21.69821,21.41973,21.24243,3560,301,4,153,1.2006624511242e+19,QSO,2.160858,10664,58464,101
1.2376609618625167e+18,130.787534232428,30.1510561650274,20.14421,19.50999,19.21536,18.82091,18.70535,3606,301,3,47,1.2006598122963e+19,QSO,1.712028,10664,58464,5
1.237660963472933e+18,129.525206549439,30.9884182555286,22.50699,24.49653,21.92288,20.58441,19.89171,3606,301,6,44,1.2006819674556e+19,GALAXY,0.7460338,10664,58464,811
1.237660961862255e+18,130.274199172665,29.8467719363484,25.11981,21.95108,20.62621,19.43445,18.91835,3606,301,3,43,1.2006621487585057e+19,STAR,-0.0001542376,10664,58464,90
1.2376651269283515e+18,171.437832340575,32.9850551273576,19.86205,19.86885,19.52577,19.59728,19.77964,4576,301,1,372,1.1555207093197e+19,QSO,1.307657,10263,58464,350
1.2376651279956716e+18,154.288073237309,30.7590586061677,25.87426,23.0043,21.796,20.47734,19.68896,4576,301,3,274,1.2814136087250491e+19,QSO,1.688109,11381,58464,979
1.237665024363397e+18,171.67051811504,33.7968572370928,21.23509,20.99019,20.96975,20.66738,20.58421,4552,301,2,27,1.1555299452173703e+19,QSO,1.606942,10263,58464,686
1.237665024363463e+18,171.980261957152,33.791130405461,20.66792,20.49502,20.49069,20.42912,20.14485,4552,301,2,28,1.155532144240626e+19,QSO,2.122752,10263,58464,766
1.237665127457883e+18,152.172922345035,29.6743279192794,23.93183,22.57303,21.45942,20.46402,19.80777,4576,301,2,260,1.2813988752692367e+19,GALAXY,0.7392566,11381,58464,443
1.2376650990045107e+18,152.330390412851,31.3052005500727,25.0169,23.83374,22.02015,20.67766,19.90409,4569,301,5,272,1.2814037955837712e+19,STAR,-6.022959e-05,11381,58464,622
1.2376651285321487e+18,153.161444143925,30.9585849097605,25.82039,23.7201,22.11028,20.91154,19.90808,4576,301,4,268,1.2814081661424916e+19,GALAXY,0.7349241,11381,58464,781
1.237665024363397e+18,171.708119475174,33.8133424389783,21.04447,20.86354,20.50262,20.32017,20.23404,4552,301,2,27,1.155531044729e+19,QSO,1.464612,10263,58464,726
1.237660962935473e+18,128.620783205489,29.8128028024895,25.99719,23.54193,21.43622,20.4153,19.70621,3606,301,5,35,1.2006709173637372e+19,GALAXY,0.5181635,10664,58464,409
1.2376609618619927e+18,129.657895314626,29.5570364987282,23.77508,20.52655,20.01814,19.80469,19.75332,3606,301,3,39,1.2006653923178076e+19,QSO,3.292947,10664,58464,208
1.2376609629361935e+18,130.01165238966,30.8095700847141,26.21071,26.16585,21.47822,20.19256,19.4092,3606,301,5,46,1.2006843314056e+19,GALAXY,0.6750459,10664,58464,897
1.2376609623985367e+18,128.645408024196,29.4645595645096,24.92447,23.02635,22.02594,20.83474,19.89321,3606,301,4,34,1.2006706974614116e+19,STAR,-6.958338e-05,10664,58464,401
1.2376609618623204e+18,130.308214456081,29.9111335529691,21.8483,21.70157,21.58038,21.00601,21.04556,3606,301,3,44,1.2006622312218776e+19,GALAXY,0.9630224,10664,58464,93
1.2376650243639217e+18,173.191326027355,33.8953081738554,21.06129,20.96646,20.66347,20.64782,20.86678,4552,301,2,35,1.155538081603416e+19,QSO,1.369559,10263,58464,982
1.2376609629361275e+18,129.998890320218,30.6756533859117,24.35501,24.99383,23.24972,21.84299,19.85112,3606,301,5,45,1.2006640454160636e+19,STAR,0.0001116731,10664,58464,159
1.237660963473e+18,129.725627348412,31.0799521044071,24.65112,24.5558,21.43679,20.19353,19.35602,3606,301,6,45,1.2006830119916427e+19,STAR,0.002189662,10664,58464,849
1.237664877806224e+18,151.988453947194,31.6974837616843,22.35958,21.90513,21.97759,21.91125,21.86412,4518,301,1,158,1.2814006070000509e+19,QSO,1.062522,11381,58464,506
1.2376650243639217e+18,173.168724068319,33.9731264902334,21.79903,21.90022,21.31225,21.47497,22.34273,4552,301,2,35,1.1555372294819e+19,QSO,1.391325,10263,58464,951
1.2376650990051003e+18,153.854618390715,31.6508973332824,20.83175,20.61123,20.3864,20.43044,20.21391,4569,301,5,281,1.2814117670430726e+19,QSO,1.277799,11381,58464,912
1.2376609618622548e+18,130.214652905653,29.9636638657622,20.29705,20.18271,19.6717,19.63441,19.78969,3606,301,3,43,1.2006622861974591e+19,QSO,1.260813,10664,58464,95
1.237660962936194e+18,130.094104869835,30.7068965931851,24.63937,23.65139,22.22567,20.72856,19.67221,3606,301,5,46,1.2006629459044358e+19,GALAXY,0.7658752,10664,58464,119
1.2376609618624517e+18,130.77547083898,30.0799014532304,22.62946,22.13239,21.95194,21.79696,21.45975,3606,301,3,46,1.2006597298329244e+19,GALAXY,0.641644,10664,58464,2
1.2376609623992568e+18,130.30266417743,30.2909021420631,21.98652,20.45936,20.06623,20.10977,20.07906,3606,301,4,45,1.2006615990026916e+19,QSO,3.043504,10664,58464,70
1.2376607653743173e+18,129.087911555356,29.9045910844866,25.32232,23.4603,22.15218,20.55217,19.92225,3560,301,5,147,1.2006677562678071e+19,STAR,7.460838e-05,10664,58464,294
1.2376609623993224e+18,130.293009293192,30.4473022610201,20.06816,19.70206,19.68072,19.54355,19.58606,3606,301,4,46,1.2006616264904825e+19,QSO,0.6737832,10664,58464,71
1.2376648778062236e+18,152.005225927092,31.7644990044523,21.52232,21.41099,21.21592,20.9993,20.72921,4518,301,1,158,1.281402283755283e+19,QSO,1.099227,11381,58464,567
1.2376651274660096e+18,173.443586881612,33.7074142406498,24.00271,24.3301,22.20868,20.69081,19.73922,4576,301,2,384,1.155538164066788e+19,GALAXY,0.7017055,10263,58464,985
1.2376609623990607e+18,129.894323633066,30.1137332065594,25.04959,25.04723,21.74574,20.64959,19.89527,3606,301,4,42,1.2006636056114125e+19,GALAXY,0.6651921,10664,58464,143
1.2376651269289413e+18,173.025100810693,33.1501387028795,20.22706,20.15523,20.06707,19.79123,19.91685,4576,301,1,381,1.1555130402260933e+19,QSO,1.674131,10263,58464,71
1.2376651269290063e+18,173.139246691905,33.2563890598164,23.12784,22.74717,21.48502,20.21593,19.47794,4576,301,1,382,1.1555121056412097e+19,GALAXY,0.5875237,10263,58464,37
1.23766512746555e+18,172.17295819141,33.5230757671034,24.48919,23.10733,21.69481,20.49902,19.44266,4576,301,2,377,1.1555334361667883e+19,GALAXY,0.8345486,10263,58464,813
1.2376650243633318e+18,171.489975901592,33.7763549312144,20.74871,20.55431,20.41546,20.15237,20.02741,4552,301,2,26,1.1555288731935332e+19,QSO,1.60691,10263,58464,647
1.2376607643009034e+18,130.367649495066,29.761823269449,23.49078,24.30376,22.22719,20.66108,19.76935,3560,301,3,152,1.2006609667835058e+19,GALAXY,0.9060837,10664,58464,47
1.2376650243639872e+18,173.247279114221,33.9616483380348,22.69457,21.5249,21.41535,21.36234,21.12192,4552,301,2,36,1.155538136579e+19,QSO,2.667565,10263,58464,984
1.237665127465944e+18,173.183157113916,33.7113560745916,26.75531,22.84969,22.02559,20.90197,19.94034,4576,301,2,383,1.1555380541156252e+19,GALAXY,1.166294,10263,58464,981
1.2376648778062892e+18,152.134355561938,31.8068274068652,21.65941,21.33339,21.27787,21.25155,21.20403,4518,301,1,159,1.2814023937064458e+19,QSO,2.504359,11381,58464,571
1.2376609618622548e+18,130.179089906145,29.9111961785514,20.89549,20.56251,20.55518,20.00925,20.04988,3606,301,3,43,1.2006621212707148e+19,QSO,1.818176,10664,58464,89
1.237660764837708e+18,130.029439549803,29.9277818449849,22.03224,21.71916,21.73028,21.43879,21.31758,3560,301,4,151,1.2006633582213e+19,QSO,1.691322,10664,58464,134
1.2376651269282862e+18,171.205906329326,32.9598565767727,22.51259,23.64607,21.65938,20.25699,19.53912,4576,301,1,371,1.1555217263679529e+19,GALAXY,0.6762521,10263,58464,387
1.237660765374055e+18,128.419418997646,29.6162179661448,20.49737,19.88352,19.67973,19.54597,19.43286,3560,301,5,143,1.2006674539021097e+19,GALAXY,0.0,10664,58464,283
1.2376651279957368e+18,154.478026764341,30.7321298239712,24.69401,25.98487,22.13597,21.12715,19.94803,4576,301,3,275,1.2814140485297e+19,QSO,1.567146,11381,58464,995
1.2376650990041828e+18,151.488886204292,30.9810511346504,22.63317,21.50005,21.28719,21.44556,21.14516,4569,301,5,267,1.2814015140971436e+19,QSO,2.866648,11381,58464,539
1.2376648692172723e+18,152.515109544001,30.0711191550358,24.36768,22.1069,20.29588,19.63945,19.25296,4516,301,1,173,1.2813970885628418e+19,GALAXY,0.4195406,11381,58464,378
1.2376609629365868e+18,130.916003112748,31.2846409062698,22.70266,21.89155,21.7137,21.69866,21.35661,3606,301,5,52,1.2006868327945492e+19,QSO,1.581337,10664,58464,988
1.2376651285394235e+18,172.427020868795,34.4679560355248,22.46254,23.39761,21.61829,20.56819,19.90395,4576,301,4,379,1.1555337110447e+19,GALAXY,0.6914449,10263,58464,823
1.2376650243637903e+18,172.874135181567,33.9422696097727,21.70306,21.72871,21.99114,21.55401,20.85728,4552,301,2,33,1.1555362399214391e+19,QSO,1.75552,10263,58464,915
1.2376640939750856e+18,134.367064309469,28.658422724575,20.43671,20.35287,20.42166,20.22638,20.10882,4335,301,5,164,1.200236720225284e+19,QSO,1.943252,10660,58466,997
1.2376640939746924e+18,133.484354757839,28.2518880699581,22.18787,22.2743,22.03628,21.5997,21.79808,4335,301,5,158,1.2002125584572635e+19,QSO,1.598831,10660,58466,118
1.237664877807338e+18,154.986096971588,32.5035168895719,20.41422,20.05043,20.02849,19.8672,19.52695,4518,301,1,175,1.156647433863616e+19,QSO,2.185877,10273,58466,380
1.237664877807862e+18,156.326975265098,32.9358926413355,21.09568,20.91546,20.7545,20.76308,20.7904,4518,301,1,183,1.156642211183384e+19,QSO,0.8369007,10273,58466,190
1.2376640939750856e+18,134.467818803157,28.5727209409425,21.26073,21.30261,20.94755,20.63193,20.73836,4335,301,5,164,1.2002366927374932e+19,QSO,1.417891,10660,58466,996
1.2376648778079273e+18,156.350736858064,32.9120363483166,22.79441,21.91452,21.68994,21.70543,21.92799,4518,301,1,184,1.1566423211345467e+19,QSO,1.173542,10273,58466,194
1.2376640939748232e+18,133.865429598383,28.2652404959535,21.29113,21.29663,20.94632,20.82498,20.76735,4335,301,5,160,1.2002113215066825e+19,QSO,1.392242,10660,58466,73
1.237664877807993e+18,156.511545247809,33.0827863081734,23.06656,21.83042,21.36199,21.06696,20.53817,4518,301,1,185,1.156641304086291e+19,QSO,0.8535032,10273,58466,157
1.2376648778077965e+18,156.161365885583,32.8392755916083,20.37528,19.76586,19.48692,19.26416,19.16001,4518,301,1,182,1.156642293646756e+19,QSO,1.42939,10273,58466,193
1.2376640939750856e+18,134.249014016731,28.6603144167336,23.30485,22.34698,22.10788,21.61041,21.38572,4335,301,5,164,1.2002366652497e+19,GALAXY,0.8404794,10660,58466,995
1.2376648778074033e+18,155.060425558781,32.5714828220013,21.48981,21.67251,21.22035,21.14089,20.77287,4518,301,1,176,1.1566474888392e+19,QSO,1.210814,10273,58466,382
1.2376648778079276e+18,156.437475836056,32.9912963766413,21.77444,20.87816,20.54833,20.42661,20.46177,4518,301,1,184,1.1566413315740815e+19,STAR,0.000331237,10273,58466,158
1.2376648778082552e+18,157.243729716605,33.1577868340194,20.98533,21.01113,20.90099,20.55846,20.36865,4518,301,1,189,1.156664421318265e+19,QSO,1.849233,10273,58466,998
1.2376646694998513e+18,132.501696315007,28.0108597145793,24.5408,24.5305,21.7211,20.65434,19.98587,4469,301,5,151,1.2002187432101695e+19,GALAXY,0.6794613,10660,58466,343
1.2376648778076e+18,155.529345313405,32.6940186788268,21.43153,21.47587,21.17463,21.12732,20.90683,4518,301,1,179,1.1566382804293149e+19,GALAXY,0.0,10273,58466,47
1.2376648778080586e+18,156.701983916267,33.0316378701644,20.89782,20.7708,20.61117,20.56495,20.84223,4518,301,1,186,1.156639132550826e+19,QSO,1.174386,10273,58466,78
1.2376648778074688e+18,155.205174134282,32.6288285801136,21.27076,21.29688,21.22357,20.91181,20.67817,4518,301,1,177,1.1566465542543137e+19,QSO,1.801432,10273,58466,348
1.2376646694997857e+18,132.310017141402,27.8566735686157,24.39126,22.53748,20.86683,19.85339,19.35591,4469,301,5,150,1.2002198976973787e+19,GALAXY,0.5223386,10660,58466,385
1.2376648799554112e+18,155.824796835542,34.5058825502873,21.885,22.29628,21.78144,21.51762,21.37112,4518,301,5,184,1.1566574394194289e+19,GALAXY,1.160914,10273,58466,744
1.2376640939741678e+18,132.277415329417,27.576354856693,20.19326,20.19723,19.68521,19.62106,19.51886,4335,301,5,150,1.2002196503072629e+19,QSO,1.301123,10660,58466,376
1.2376648778076657e+18,155.687788219406,32.7169764502614,25.36548,22.40228,20.83001,19.56356,18.93176,4518,301,1,180,1.156644190304314e+19,STAR,1.090296e-05,10273,58466,262
1.2376648778075343e+18,155.386318646215,32.8140421532186,24.29829,23.73348,22.15864,20.92308,19.92632,4518,301,1,178,1.1566454822304764e+19,GALAXY,0.8142976,10273,58466,309
1.2376646694998515e+18,132.527912706095,27.9679182537272,27.11351,26.50853,21.3088,20.14931,19.41015,4469,301,5,151,1.2002176986741232e+19,GALAXY,0.7433555,10660,58466,305
1.2376640939745613e+18,133.174463098041,28.1026138304755,21.82366,20.8741,20.52491,20.38616,20.28672,4335,301,5,156,1.200214482602612e+19,STAR,0.0002815926,10660,58466,188
1.2376640939742336e+18,132.495233032838,27.6501684393556,21.01119,20.55999,20.22493,20.05628,19.70142,4335,301,5,151,1.200218523307844e+19,QSO,1.979687,10660,58466,335
1.2376648778076654e+18,155.734536757658,32.914814570071,21.31276,21.45143,20.97634,20.88488,20.93956,4518,301,1,180,1.156644355231058e+19,QSO,1.266804,10273,58466,268
1.237664877807862e+18,156.281308282083,32.9819900857079,20.86802,20.75172,20.61026,20.22909,20.62678,4518,301,1,183,1.1566422386711749e+19,QSO,1.533956,10273,58466,191
1.2376640939742991e+18,132.571236637206,27.8203484932286,21.81427,21.87528,21.79976,21.43531,21.39217,4335,301,5,152,1.2002176162107513e+19,QSO,1.763959,10660,58466,302
1.2376648778083205e+18,157.519396214546,33.1886796684533,18.28168,17.41811,17.1188,16.98596,16.95512,4518,301,1,190,1.1566380880147798e+19,STAR,-0.000283568,10273,58466,40
1.23766409397443e+18,132.84193359692,27.8352665177195,21.51571,21.16652,20.71158,20.75513,20.59993,4335,301,5,154,1.2002154171875e+19,QSO,1.134496,10660,58466,222
1.237664877807207e+18,154.599722177442,32.4509759546487,21.56962,21.63284,21.53049,21.37256,21.04788,4518,301,1,173,1.15664957791129e+19,QSO,2.151719,10273,58466,458
1.2376648778077307e+18,155.965304981624,32.9199758189079,20.87099,20.58386,20.30963,20.30891,20.30532,4518,301,1,181,1.1566433106950115e+19,QSO,1.030696,10273,58466,230
1.237664093974561e+18,133.124540580712,27.9998008540569,21.18842,20.8991,20.85225,20.52095,20.42412,4335,301,5,156,1.2002147849683096e+19,QSO,1.903365,10660,58466,199
1.2376648778083863e+18,157.560662168576,33.3433797363505,21.21013,21.19601,21.24203,21.05173,21.0538,4518,301,1,191,1.1566643663426836e+19,QSO,1.984084,10273,58466,996
1.237665330924028e+18,179.399901787806,32.8383102775981,21.87795,21.69336,21.80232,21.79503,21.29272,4623,301,5,139,1.1568726413344528e+19,GALAXY,1.172083,10275,58467,381
1.2376650243664776e+18,180.127713283996,34.4010510038415,21.35344,21.36917,21.24951,20.9137,20.74043,4552,301,2,74,1.1568827018658468e+19,QSO,1.813845,10275,58467,747
1.2376651274682378e+18,179.617498967505,34.2409924318311,25.14974,24.08638,22.39294,21.02987,19.94967,4576,301,2,418,1.156879018501894e+19,GALAXY,0.8926312,10275,58467,613
1.2376738086565325e+18,124.624158215363,20.6126324302316,26.57392,24.48682,21.77896,20.44196,19.51089,6597,301,4,199,1.250661477963978e+19,GALAXY,0.8332687,11108,58467,431
1.2376651269349706e+18,189.474801031487,33.6743674260214,20.65811,20.53606,20.22291,20.22094,20.14094,4576,301,1,473,1.1539571213266606e+19,QSO,1.136616,10249,58467,811
1.2376672105087636e+18,134.042894463968,19.1814829642124,24.33898,22.60858,21.48558,20.16416,19.64139,5061,301,2,134,1.2485307618683e+19,STAR,0.0003201823,11089,58467,740
1.237667211593516e+18,159.929500330399,27.7740332440682,23.42504,23.2587,21.77277,20.61299,19.88388,5061,301,4,302,1.278236899735112e+19,GALAXY,0.7862259,11353,58467,99
1.2376672539951114e+18,133.746369120643,19.6901094962998,25.15316,23.98257,21.75759,20.70284,19.75349,5071,301,3,131,1.24852793062586e+19,STAR,0.0002069374,11089,58467,637
1.2376650243662807e+18,179.691769996449,34.3199428631924,20.0985,19.87884,19.70629,19.38687,19.06604,4552,301,2,71,1.1568789635263123e+19,QSO,2.080349,10275,58467,611
1.2376651269313009e+18,179.486059657164,33.8130914187156,21.75928,21.89945,21.56399,21.47586,21.86691,4576,301,1,417,1.1568792109164288e+19,QSO,1.31037,10275,58467,620
1.2376648369993815e+18,125.324266329027,21.8551822091836,22.53657,21.92029,21.42648,20.92928,20.6621,4508,301,5,87,1.2506687072529308e+19,QSO,1.64719,11108,58467,694
1.2376651269314317e+18,179.788624375943,33.6920453701557,21.44183,20.38754,20.28744,20.30164,20.29074,4576,301,1,419,1.1568815748664283e+19,QSO,2.823064,10275,58467,706
1.2376672115931228e+18,159.019636868109,27.4578084000619,23.34372,23.46992,21.48226,20.43709,19.7318,5061,301,4,296,1.2782421224153438e+19,GALAXY,0.5407051,11353,58467,289
1.2376640928970186e+18,125.588857171619,22.6169756306897,22.79614,21.74035,21.49937,21.28092,21.31247,4335,301,3,98,1.2506690645942096e+19,STAR,0.000436711,11108,58467,707
1.2376672115933194e+18,159.413404132981,27.6318130470073,26.72446,21.92029,21.31216,20.22283,18.93015,5061,301,4,299,1.27824019827e+19,GALAXY,0.9757689,11353,58467,219
1.2376672115827016e+18,134.137762419652,20.0502539221473,25.52252,21.65069,21.21943,21.12483,20.77164,5061,301,4,137,1.2485299372345809e+19,QSO,3.281847,11089,58467,710
1.23766721050837e+18,133.19752827839,18.8651088820627,24.58397,23.81013,21.87489,20.43337,19.33621,5061,301,2,128,1.2485234226281863e+19,STAR,-0.0001037902,11089,58467,473
1.2376672105093532e+18,135.299503035702,19.620113150845,21.51859,21.77018,22.02016,21.26577,21.3319,5061,301,2,143,1.248536479328766e+19,QSO,1.896115,11089,58467,948
1.2376640928970184e+18,125.475255484019,22.6511934096317,23.00804,22.75112,21.83895,20.82629,20.00528,4335,301,3,98,1.250669229520954e+19,GALAXY,0.9101539,11108,58467,713
1.2376651274684344e+18,180.096095724682,34.0873123370746,24.03741,22.43984,21.98737,20.85923,19.93654,4576,301,2,421,1.1568830317193351e+19,GALAXY,1.202919,10275,58467,759
1.2376651274721692e+18,190.441966696422,34.1890092010005,21.00013,21.12944,21.20185,20.90224,20.88182,4576,301,2,478,1.1539607222272416e+19,QSO,1.969858,10249,58467,942
1.2376648369994465e+18,125.364343921425,21.9150571134331,24.91721,21.2938,24.80203,20.36278,23.25751,4508,301,5,88,1.2506684873506052e+19,QSO,4.982657,11108,58467,686
1.2376650243660844e+18,179.198862432941,34.3104411558413,21.75724,21.74301,21.43028,21.32363,21.4095,4552,301,2,68,1.156877726575731e+19,QSO,1.042217,10275,58467,566
1.237665227306435e+18,187.716559685354,32.7173704974016,23.06116,22.96584,21.64589,20.58809,19.90169,4599,301,4,116,1.1539477205022431e+19,GALAXY,0.5729961,10249,58467,469
1.237665127472038e+18,190.12421356123,34.1201088224921,21.83904,21.82814,21.80295,21.33811,21.43528,4576,301,2,476,1.1539598426179391e+19,QSO,1.484684,10249,58467,910
1.237665024366674e+18,180.734782548036,34.3363115025534,18.8822,17.90315,17.64587,17.52588,17.55026,4552,301,2,77,1.1568855331082883e+19,STAR,0.0001337142,10275,58467,850
1.237665024366412e+18,179.978903830437,34.2708347448888,22.12176,21.97095,21.98516,21.7315,21.78036,4552,301,2,73,1.15688124501294e+19,QSO,1.833989,10275,58467,694
1.2376651274685652e+18,180.531909944967,34.1105449300793,22.76434,23.73503,21.16283,20.05976,19.32441,4576,301,2,423,1.1568855605960792e+19,GALAXY,0.5247753,10275,58467,851
1.23766502436615e+18,179.239858629697,34.3630023709259,21.48563,21.19696,21.43702,21.20822,21.36911,4552,301,2,69,1.1568778090391e+19,QSO,1.973471,10275,58467,569
1.2376651269318904e+18,181.017726263492,33.8190817586555,20.06504,20.10614,19.97833,19.99978,19.93696,4576,301,1,426,1.1568874847414278e+19,QSO,1.162838,10275,58467,921
1.237667211046159e+18,135.06573482991,20.0939977442853,25.38462,23.69147,21.77596,20.6253,19.9322,5061,301,3,142,1.248535407304929e+19,GALAXY,0.5846914,11089,58467,909
1.2376672115937126e+18,160.421705654731,27.863623648562,23.22716,23.51395,21.86129,20.80604,19.92758,5061,301,4,305,1.2782343158827866e+19,GALAXY,0.7993993,11353,58467,5
1.237667106892743e+18,133.246288916848,20.1675401952026,23.27288,24.63205,23.27812,21.80519,19.32915,5037,301,1,135,1.2485254017491163e+19,STAR,0.0001168967,11089,58467,545
1.2376650243662807e+18,179.592852745279,34.4499629836775,21.80304,21.89934,21.59415,21.65817,21.59723,4552,301,2,71,1.1568788535751496e+19,GALAXY,0.1242758,10275,58467,607
1.2376672545318513e+18,133.125296460081,19.9746423405329,25.69118,23.64396,21.44617,20.39041,19.682,5071,301,4,129,1.2485253467735347e+19,GALAXY,0.5637806,11089,58467,543
1.2376651274713828e+18,188.242858185292,34.1800580907516,25.35421,24.51416,21.40214,20.32616,19.53203,4576,301,2,466,1.1539509090859637e+19,GALAXY,0.5900005,10249,58467,585
1.2376672540063178e+18,160.288957832805,27.5076247379477,24.02954,23.31179,22.22491,20.37265,19.53765,5071,301,3,302,1.2782354978577865e+19,STAR,-0.0001047984,11353,58467,48
1.2376651274728904e+18,192.430844742889,34.083088104157,22.30721,21.4091,21.4186,21.1309,20.57623,4576,301,2,489,1.1540654782059663e+19,QSO,2.278376,10250,58472,657
1.2376651274731525e+18,193.072759713101,33.909356782603,20.78868,21.05135,20.50061,20.52503,20.71431,4576,301,2,493,1.1540713605931751e+19,QSO,1.365828,10250,58472,871
1.2376651274730214e+18,192.790234007634,33.9308434877198,23.20355,22.00986,21.43682,21.47316,21.42703,4576,301,2,491,1.1540691340821289e+19,QSO,6.151267,10250,58472,790
1.237665127472497e+18,191.367605360255,34.202932419952,20.78117,20.92382,20.62896,20.61668,20.48066,4576,301,2,483,1.154061382525153e+19,QSO,1.188124,10250,58472,508
1.2376651274724316e+18,191.207064245993,34.1969936747569,22.08098,20.73951,20.29169,20.05956,20.16144,4576,301,2,482,1.1540613000617808e+19,STAR,0.000185961,10250,58472,505
1.2376651269357576e+18,191.675098485418,33.6101835403205,24.12808,23.90483,21.98728,20.52692,19.871,4576,301,1,485,1.1540646535722455e+19,GALAXY,0.6974972,10250,58472,627
1.2376651274731525e+18,193.150053952666,33.9481447104708,22.27683,21.73304,21.39159,20.99777,20.90338,4576,301,2,493,1.1540717729100356e+19,QSO,1.806904,10250,58472,886
1.2376651274730867e+18,192.960259719147,34.0527214756749,20.969,20.90114,21.09036,20.87948,21.22808,4576,301,2,492,1.1540700411792218e+19,QSO,1.649459,10250,58472,823
1.2376651280100237e+18,193.097293926525,34.4522561983794,24.39352,23.42783,21.69473,20.35882,19.60406,4576,301,3,493,1.1540696013745707e+19,GALAXY,0.7081423,10250,58472,807
1.2376651274728904e+18,192.366444201123,34.1115052961712,22.60883,22.30728,22.15471,21.99095,21.81123,4576,301,2,489,1.154065340767013e+19,QSO,2.13366,10250,58472,652
1.2376651274728906e+18,192.422590965464,33.9327525719013,23.41573,22.13725,21.95178,21.76177,21.67411,4576,301,2,489,1.1540674023513151e+19,QSO,2.382958,10250,58472,727
1.2376637879511944e+18,112.909394490053,43.8334741571065,24.63465,22.35726,20.72511,20.28989,22.82689,4264,301,3,50,1.3119105428759e+19,STAR,3.200353e-05,11652,58484,435
1.2376805045053048e+18,339.355772151047,32.5455737891093,25.86994,23.31397,21.597,20.44618,19.72396,8156,301,4,119,1.3098906300645136e+19,STAR,-7.457036e-05,11634,58484,679
1.2376805045056973e+18,340.299761917967,32.711920051015,21.23338,21.19975,21.13324,20.71809,20.60304,8156,301,4,125,1.3098949456476529e+19,QSO,1.601314,11634,58484,836
1.23768050450596e+18,341.032329199302,32.8462636255807,26.21531,23.26145,22.08176,20.43361,19.58037,8156,301,4,129,1.3098975569877686e+19,STAR,-7.613974e-05,11634,58484,931
1.2376805045053043e+18,339.296227924769,32.5275699224209,23.52172,23.55352,21.66902,20.3879,19.70299,8156,301,4,119,1.309889530552886e+19,STAR,-3.134903e-05,11634,58484,639
1.2376637868779116e+18,114.503534716968,44.4330218604702,21.93108,21.80196,21.63502,21.50367,21.03913,4264,301,1,57,1.3119218403578763e+19,GALAXY,0.7826937,11652,58484,846
1.2376805045051732e+18,338.977176537009,32.5826653953494,21.72922,21.27009,21.08952,20.92162,20.32938,8156,301,4,117,1.3098884035534672e+19,QSO,2.322036,11634,58484,598
1.2376727649728612e+18,340.877220207373,33.4043299249302,24.00018,23.30927,22.00383,20.69905,20.0311,6354,301,4,98,1.3098968423052104e+19,GALAXY,0.6572677,11634,58484,905
1.2376720262492334e+18,340.381346579632,33.6353493969615,25.08809,22.03465,22.1759,22.44754,21.76444,6182,301,4,262,1.3098928840633504e+19,QSO,2.614349,11634,58484,761
1.2376720262492334e+18,340.312216119126,33.5790847959895,21.86866,21.30051,20.53673,20.31885,20.35575,6182,301,4,262,1.3098929115511413e+19,STAR,-0.0004826717,11634,58484,762
1.237680504505239e+18,339.154894329855,32.6268301376279,25.07505,23.75355,22.02765,20.76921,19.89226,8156,301,4,118,1.309889420601723e+19,STAR,3.444288e-05,11634,58484,635
1.2376728165075525e+18,340.82135594908,32.9579221085946,20.27694,19.58118,19.57705,19.65502,19.51247,6366,301,4,23,1.309896265061606e+19,QSO,0.7799036,11634,58484,884
1.2376805050426985e+18,340.574837426693,33.197335163709,23.59656,23.17601,22.08924,19.09611,22.82798,8156,301,5,127,1.3098954404278852e+19,STAR,-0.0009676866,11634,58484,854
1.237672764973187e+18,341.205709130128,32.7371927962716,25.06456,23.99007,22.41441,20.75212,19.82225,6354,301,4,103,1.3098985465482336e+19,STAR,-0.0002000396,11634,58484,967
1.2376805050425687e+18,340.135574424845,33.1115932362049,25.38081,23.53974,21.6634,20.57674,19.848,8156,301,5,125,1.3098928290877692e+19,GALAXY,0.5187545,11634,58484,759
1.2376805045051727e+18,338.956810416576,32.5480185814443,20.78075,20.53374,20.31138,20.07177,19.82848,8156,301,4,117,1.309888431041258e+19,QSO,0.7315364,11634,58484,599
1.2376805045056973e+18,340.321583538872,32.8607869017259,21.08568,20.97281,20.45136,20.3553,20.60738,8156,301,4,125,1.3098945883063736e+19,QSO,1.334922,11634,58484,823
1.237672025712296e+18,339.888489735927,33.4697617381151,21.71268,21.61632,20.93094,20.95752,21.1063,6182,301,3,261,1.3098907125278855e+19,GALAXY,0.354301,11634,58484,682
1.2376727633623137e+18,339.509744639137,32.6005740958837,24.85732,23.14866,21.53405,20.48175,19.7984,6354,301,1,99,1.309890410162188e+19,GALAXY,0.7379749,11634,58484,671
1.2376727649729925e+18,340.989930879947,33.1030699835539,25.21105,23.82141,21.65171,20.44422,19.56961,6354,301,4,100,1.3098976669389314e+19,GALAXY,0.6284469,11634,58484,935
1.2376805045057623e+18,340.462365071255,32.7175016641973,20.83514,20.58841,20.31088,20.21377,20.06592,8156,301,4,126,1.3098960726470711e+19,QSO,2.02762,11634,58484,877
1.237672024638489e+18,338.913922900321,33.1564180072181,24.23057,23.30879,22.51732,20.98336,19.75121,6182,301,1,260,1.309886232018e+19,STAR,0.0001137838,11634,58484,519
1.2376805045053038e+18,339.253215682316,32.5254105527008,22.01381,21.72026,21.79791,21.31515,21.86873,8156,301,4,119,1.3098893931139324e+19,QSO,1.772297,11634,58484,634
1.2376727633627722e+18,340.354311424513,31.7609611263886,25.04012,22.66797,21.76489,20.50407,19.80389,6354,301,1,106,1.3098777108028873e+19,STAR,8.704385e-05,11634,58484,209
1.2376805050421092e+18,338.982417538607,32.9162736874502,24.25311,23.37906,21.43885,20.27433,19.60813,8156,301,5,118,1.3098879912366068e+19,GALAXY,0.6275096,11634,58484,583
1.237680504504975e+18,338.336779899976,32.3857958767971,17.84211,16.8034,16.44632,16.33739,16.283,8156,301,4,114,1.309886726798235e+19,STAR,-6.566253e-05,11634,58484,537
1.2376793196264827e+18,0.65808339200214,10.7148022208,27.03113,23.22034,21.38096,20.26562,19.60374,7880,301,5,47,1.3016660631881e+19,GALAXY,0.6752512,11561,58485,479
1.2376614332454676e+18,218.788349386761,41.1281376153839,25.21553,23.72944,21.9071,20.75441,19.7691,3716,301,1,204,1.2102474437745727e+19,GALAXY,0.8187117,10749,58485,641
1.2376653309164913e+18,159.236094254097,30.4011609468306,18.62981,17.78188,17.47304,17.34587,17.29846,4623,301,5,24,1.2816119881457228e+19,STAR,-1.26693e-05,11383,58485,4
1.2376793196269414e+18,1.76238598676127,10.7076092184293,23.70976,21.80552,21.55332,21.26466,21.03413,7880,301,5,54,1.3016594661183349e+19,QSO,2.944972,11561,58485,239
1.2376651274736763e+18,194.478354918001,33.9601325235321,23.82453,22.18374,22.06902,21.95167,21.26587,4576,301,2,501,1.1542900259899597e+19,QSO,2.302013,10252,58485,634
1.2376640939692529e+18,121.980693513505,21.3537869015616,21.41606,21.58478,21.49625,21.24217,21.39355,4335,301,5,75,1.2518908144574e+19,QSO,1.735025,11119,58485,98
1.237664093969057e+18,121.550944382969,21.3100485790059,23.05539,23.80466,21.73131,20.84315,20.0784,4335,301,5,72,1.2518929585050767e+19,STAR,0.0002323358,11119,58485,176
1.2376618509440778e+18,219.918440612574,39.2460213623267,19.68224,19.72343,19.51506,19.46353,19.5725,3813,301,3,403,1.2102302364176e+19,STAR,7.393914e-05,10749,58485,15
1.2376788579471854e+18,28.9461243201821,10.4607327328596,22.49502,22.29311,21.97762,21.62359,21.39934,7773,301,1,500,1.2474075283073554e+19,QSO,1.574343,11079,58485,837
1.2376651274740695e+18,195.687456085406,33.714498658265,22.03795,21.8504,21.35379,21.35304,20.90419,4576,301,2,507,1.1542953036457728e+19,QSO,1.141244,10252,58485,826
1.2376614332455332e+18,218.916162004362,41.0474522434251,25.15118,23.72026,21.97194,20.63444,19.9126,3716,301,1,205,1.210248653237363e+19,GALAXY,0.6865087,10749,58485,685
1.237678858472522e+18,2.19616403681073,12.0017772872216,20.64958,20.58109,20.49215,20.12969,20.02465,7773,301,2,324,1.3016765910119373e+19,QSO,1.925977,11561,58485,862
1.237665126923043e+18,157.436190651573,30.6442407293874,21.83977,21.25223,21.1325,21.13315,20.67195,4576,301,1,291,1.281621691335838e+19,QSO,2.407283,11383,58485,357
1.2376788584721948e+18,1.43852630305901,11.9994562298711,25.86891,23.18285,21.91831,20.13639,17.92616,7773,301,2,319,1.301671230892752e+19,STAR,-0.0001807387,11561,58485,667
1.237665127474e+18,195.499294070988,33.7939728519863,23.93152,23.73438,21.77575,20.67718,19.67783,4576,301,2,506,1.154295551035889e+19,GALAXY,0.9243578,10252,58485,835
1.2376613607670423e+18,219.630421933211,41.0964278026046,24.96998,22.88124,21.35722,20.17631,19.45816,3699,301,2,191,1.210252996308293e+19,GALAXY,0.5749009,10749,58485,843
1.237678600780645e+18,29.230695373526,15.4649290357427,25.76582,23.41887,21.87193,20.4598,19.77101,7713,301,2,418,1.2435804581845555e+19,GALAXY,0.7407457,11045,58485,873
1.2376651274742664e+18,196.168294123223,33.7336569811503,20.06114,20.05833,19.79067,19.89571,19.93948,4576,301,2,510,1.1542976675957723e+19,QSO,1.124278,10252,58485,912
1.2376618509440123e+18,219.791985507437,39.3605131548524,22.10997,21.53971,21.14786,20.74058,20.27174,3813,301,3,402,1.2102338648059695e+19,QSO,2.11669,10749,58485,147
1.2376789185947246e+18,1.65607187030611,11.7596460253606,23.4318,23.83116,22.11233,20.74169,19.7017,7787,301,2,212,1.3016735398671702e+19,GALAXY,0.715405,11561,58485,751
1.237667142864077e+18,133.125860197967,21.8722379256071,20.2858,19.79033,19.76547,19.82642,19.9042,5045,301,4,150,1.249322355294918e+19,QSO,2.502842,11096,58485,866
1.237679319627335e+18,2.67158847947348,10.6961464632709,24.45128,23.91322,24.10839,21.66162,19.88169,7880,301,5,60,1.301655013096242e+19,QSO,0.164537,11561,58485,77
1.2376793196269417e+18,1.71814927286135,10.6892290893872,23.05965,23.29503,21.42888,20.34224,19.61001,7880,301,5,54,1.301659356167172e+19,GALAXY,0.6921472,11561,58485,235
1.237679318016263e+18,1.60524693485081,9.48300273082416,24.92124,24.91141,22.26591,20.95571,20.08449,7880,301,2,53,1.3016606206055438e+19,GALAXY,0.7302383,11561,58485,281
1.237678858483794e+18,28.3417346504937,10.8856098162702,20.52736,20.31338,19.9008,19.83436,19.7893,7773,301,2,496,1.2474028278951467e+19,QSO,1.051921,11079,58485,666
1.237678857946858e+18,28.2473825462184,10.6621880097321,22.4863,21.97535,21.93584,21.65519,21.80847,7773,301,1,495,1.2474029928218909e+19,QSO,0.9999048,11079,58485,672
1.2376618498702707e+18,219.32002617687,38.4880999449189,21.56627,21.31559,21.11821,21.07871,21.01883,3813,301,1,402,1.2102364761460857e+19,QSO,1.112148,10749,58485,242
1.237679319627138e+18,2.22297665568186,10.6927768525394,25.81585,23.27508,21.95504,20.53463,19.64827,7880,301,5,57,1.301656827290428e+19,GALAXY,0.6841218,11561,58485,143
1.237678857946661e+18,27.8018668842882,10.533655511811,21.42126,20.85313,20.29775,19.81374,19.7111,7773,301,1,492,1.2474010137009609e+19,QSO,0.5244195,11079,58485,600
1.237661850943685e+18,218.889144628977,39.5741573585571,21.84371,21.97029,21.72855,21.22001,21.03629,3813,301,3,397,1.2102394723152712e+19,QSO,1.516945,10749,58485,351
1.2376793180165248e+18,2.21623107038187,9.53855882433486,24.31687,25.0896,21.73928,20.50026,19.57942,7880,301,2,57,1.3016557827543816e+19,GALAXY,0.6630952,11561,58485,105
1.2376614332455332e+18,218.921301894664,41.0829994535879,23.57286,24.23901,21.78167,20.56351,19.9087,3716,301,1,205,1.210248763188526e+19,GALAXY,0.6966765,10749,58485,689
1.23767885848386e+18,28.5269439389086,10.8774894203644,22.95186,22.46152,22.21275,21.90727,21.151,7773,301,2,497,1.2474050269184e+19,QSO,1.538235,11079,58485,746
1.2376613607667796e+18,218.993555914812,41.4069181727833,22.29647,20.62304,19.8319,19.51558,19.32305,3699,301,2,187,1.2102485707739912e+19,STAR,-0.0006506901,10749,58485,682
1.2376788579468575e+18,28.1550960024421,10.5164333299411,20.51342,20.46656,20.12859,20.11484,20.09337,7773,301,1,495,1.2474017008957282e+19,QSO,1.263529,11079,58485,625
1.237660957569451e+18,120.862347870521,23.3579846017266,25.34956,23.52706,21.84986,20.75597,19.98871,3605,301,3,76,1.251906455010308e+19,GALAXY,0.5595692,11119,58485,667
1.2376788584723917e+18,1.80642443168915,11.9196896345999,26.14695,22.07939,22.49619,21.41421,19.97126,7773,301,2,322,1.3016745294276352e+19,GALAXY,0.9952204,11561,58485,787
1.2376499195087424e+18,29.496599015587,13.4883893786705,22.24578,22.44335,21.93759,21.70713,22.48854,1035,301,3,156,1.2435589902200232e+19,QSO,2.114402,11045,58485,92
1.237660763759183e+18,120.832789509257,22.6784640372775,25.86983,24.58533,21.59547,20.28197,19.60209,3560,301,2,78,1.2519069497905404e+19,GALAXY,0.7735694,11119,58485,685
1.237665126937134e+18,195.40044801595,33.4437355021761,23.96175,25.03905,21.64884,20.15796,19.47399,4576,301,1,506,1.1542936268905404e+19,GALAXY,0.675414,10252,58485,765
1.237660763222312e+18,121.083196122553,22.2890664192888,24.97274,24.08599,23.09468,20.83341,19.11965,3560,301,1,78,1.2519095336428657e+19,STAR,-6.919527e-05,11119,58485,779
1.237661360767042e+18,219.645841205792,41.0815425449633,22.46099,21.366,21.36049,21.38639,21.05074,3699,301,2,191,1.2102532436984093e+19,QSO,2.233476,10749,58485,852
1.2376651269232397e+18,157.920736112853,30.8394349570224,20.64954,20.7811,20.51407,20.46018,20.58535,4576,301,1,294,1.2816195747759544e+19,QSO,1.290107,11383,58485,280
1.2376738070486725e+18,131.417586792991,21.4911384048504,23.82823,22.96406,21.56973,20.47219,19.59914,6597,301,1,241,1.2493128720071285e+19,GALAXY,0.6964091,11096,58485,521
1.237678858472325e+18,1.70567207658087,11.9138980574757,20.85913,20.44597,20.41825,20.12485,19.88623,7773,301,2,321,1.3016735673549609e+19,QSO,0.4720117,11561,58485,752
1.2376651274738732e+18,195.05881913987,33.923784890985,21.86439,22.08162,21.95185,21.86004,21.35893,4576,301,2,504,1.1542932420614707e+19,QSO,1.406969,10252,58485,751
1.2376650249087885e+18,195.207713274611,34.4053855249369,25.73888,23.73488,21.83987,20.7204,19.68249,4552,301,3,157,1.1542930771347263e+19,GALAXY,0.864315,10252,58485,745
1.2376651269227807e+18,156.634282797742,30.4708472937996,21.22602,20.82715,20.71201,20.30737,20.09329,4576,301,1,287,1.2816247699684e+19,QSO,1.773204,11383,58485,469
1.237679319627203e+18,2.22907921961132,10.7515383737844,24.81943,23.75812,21.3926,20.20956,19.16406,7880,301,5,58,1.301656992217172e+19,GALAXY,0.8656576,11561,58485,149
1.2376788584725875e+18,2.22153468246626,12.0205905863519,22.30391,21.94795,21.65794,21.7164,22.42052,7773,301,2,325,1.3016766459875189e+19,QSO,2.280861,11561,58485,864
