obj_ID,alpha,delta,u,g,r,i,z,run_ID,rerun_ID,cam_col,field_ID,spec_obj_ID,class,redshift,plate,MJD,fiber_ID
1.2376582034499182e+18,223.594594071952,41.9055815899794,23.46741,23.9659,21.66222,20.65128,19.93716,2964,301,1,507,9.562340888396716e+18,GALAXY,0.757479,8493,58162,265
1.2376611379610916e+18,156.734349772712,38.8399919522378,22.76354,22.02238,21.9357,21.89863,21.78357,3647,301,3,122,9.93501320780581e+18,GALAXY,0.1728917,8824,58162,263
1.2376613537798556e+18,179.900124542202,57.9307218558329,20.77781,20.92314,20.79786,20.63049,20.47344,3697,301,5,71,9.274115185169422e+18,QSO,1.485724,8237,58162,282
1.2376576134143675e+18,182.750059764448,58.5600629831191,20.94964,20.73502,20.39475,20.30453,20.17352,2826,301,6,287,9.274038769111292e+18,QSO,1.366977,8237,58162,4
1.2376611374242204e+18,157.011445758665,38.4931524429977,19.96042,19.89661,19.60366,19.6999,19.9057,3647,301,2,122,9.935010733904648e+18,QSO,1.135671,8824,58162,254
1.237661353780314e+18,181.943875742072,57.9684557723095,18.95322,18.14452,17.83045,17.69566,17.66853,3697,301,5,78,9.274060759343847e+18,STAR,0.0001316425,8237,58162,84
1.2376611379608947e+18,156.229268948785,38.7093058170529,23.97648,22.85115,21.38953,20.38363,19.59992,3647,301,3,119,9.935046742910458e+18,GALAXY,0.6321664,8824,58162,385
1.2376606359831188e+18,126.096899619182,29.6808450458659,21.01361,20.71811,20.46232,20.40409,20.78672,3530,301,4,66,1.2005581619396368e+19,QSO,1.134558,10663,58162,403
1.237665024368641e+18,186.130562818874,34.496744092813,24.52489,23.14146,21.72433,20.10796,19.37324,4552,301,2,107,1.153724299227774e+19,GALAXY,0.759606,10247,58162,533
1.2376651296135588e+18,173.42021255472,35.4115726959827,24.66569,22.78855,21.59069,20.5016,19.56465,4576,301,6,385,1.1556483346252192e+19,STAR,0.0003378147,10264,58162,897
1.2376650249055117e+18,186.140569307019,34.8762999866966,26.80265,24.25179,21.56686,20.52796,19.5205,4552,301,3,107,1.1537241892766112e+19,GALAXY,0.780655,10247,58162,529
1.2376581910739692e+18,126.210150151634,30.8270391695082,26.21999,23.19959,21.40119,20.05537,19.39462,2961,301,2,81,1.2005579970128929e+19,GALAXY,0.6805367,10663,58162,397
1.2376651296138862e+18,174.305997228824,35.3957241232815,22.34905,23.16412,21.81039,20.70647,19.83338,4576,301,6,390,1.15565113837987e+19,GALAXY,0.7979624,10264,58162,999
1.2376583107927736e+18,181.402701081223,59.088755897969,21.04943,20.8398,20.75757,20.56534,20.59401,2989,301,1,29,9.27408110030896e+18,QSO,1.585789,8237,58162,158
1.2376611384978975e+18,156.389369332053,39.0405542300111,23.75069,22.94243,21.46226,20.32672,19.69104,3647,301,4,121,9.935048392177902e+18,GALAXY,0.7165501,8824,58162,391
1.237661137961288e+18,157.293769368254,39.0173425573891,21.62597,19.59924,18.51209,18.05674,17.70531,3647,301,3,125,9.934993691474416e+18,GALAXY,0.1502737,8824,58162,192
1.237665025443365e+18,189.025581615803,35.3342302599359,22.19172,22.27641,21.95169,21.71311,21.21985,4552,301,4,122,1.1537366412458e+19,QSO,0.9809393,10247,58162,982
1.237658192148038e+18,126.18195775151,31.8461159209674,21.06645,21.28994,21.1869,21.10418,20.95842,2961,301,4,86,1.2005641817658e+19,QSO,1.041025,10663,58162,622
1.2376576134139745e+18,181.005619081397,58.5507633551909,21.61091,21.44966,21.44235,21.33298,21.26236,2826,301,6,281,9.27408742250082e+18,QSO,1.964708,8237,58162,181
1.2376618498494305e+18,156.464393285792,40.3312110721181,21.3368,21.35319,21.24899,21.16755,20.95417,3813,301,1,84,9.935123708724402e+18,QSO,1.715704,8824,58162,665
1.2376576134139745e+18,181.099777634029,58.6375423791426,22.73919,21.1908,20.31516,19.95863,19.80056,2826,301,6,281,9.274087972256637e+18,STAR,0.0003218878,8237,58162,183
1.2376611379609608e+18,156.397932790483,38.7379042178619,24.40053,23.68806,21.63876,20.58259,19.70029,3647,301,3,120,9.935046193154644e+18,GALAXY,0.6638006,8824,58162,383
1.23765510676598e+18,178.943325605446,58.6476897369599,21.6257,21.85578,21.37463,21.45778,21.04706,2243,301,1,316,9.274155317343836e+18,QSO,1.275063,8237,58162,428
1.237658191074428e+18,127.222711045219,31.3941901030501,23.48442,23.62571,21.59196,20.41044,19.58894,2961,301,2,88,1.2005703115431236e+19,GALAXY,0.7659476,10663,58162,845
1.237661362378834e+18,223.73494064533,41.050916553193,21.01738,20.93095,20.85741,20.60333,20.42553,3699,301,5,209,9.562334566204856e+18,QSO,1.875359,8493,58162,242
1.2376612115095237e+18,222.508590141137,43.5653439990303,24.86626,22.57321,21.82681,20.62141,19.92605,3664,301,4,78,9.562406309338569e+18,GALAXY,0.7681919,8493,58162,503
1.2376651285449288e+18,187.700668454104,35.0203968880544,25.35726,24.81621,22.27925,20.81986,19.8334,4576,301,4,463,1.1537307313708e+19,GALAXY,0.7560454,10247,58162,767
1.2376611379612224e+18,157.150036520014,38.9751259158033,21.94963,20.03546,18.91488,18.44256,17.95328,3647,301,3,124,9.93500248756744e+18,GALAXY,0.1760114,8824,58162,224
1.2376611379614848e+18,157.937399058588,39.1819125554686,20.85916,20.61781,20.6289,20.29618,20.27548,3647,301,3,128,9.93496208051512e+18,QSO,1.725743,8824,58162,77
1.237665128003011e+18,173.758950401171,34.2231678045961,23.54419,23.33768,21.68727,20.3433,19.29277,4576,301,3,386,1.1556248050763848e+19,GALAXY,0.8090208,10264,58162,41
1.2376650265111434e+18,172.167270459463,35.4984492425801,25.05923,21.56246,19.89534,19.19872,18.7927,4552,301,6,31,1.1556427271159175e+19,GALAXY,0.4047069,10264,58162,693
1.2376582039861335e+18,222.132475460569,43.0342143236026,23.61091,22.3423,21.50811,20.38481,19.69059,2964,301,2,497,9.562417304454846e+18,GALAXY,1.506921,8493,58162,543
1.2376611384977009e+18,155.8632712435,38.9500069913918,25.83806,24.93869,22.49823,20.74872,19.91372,3647,301,4,118,9.935070382410455e+18,GALAXY,0.768528,8824,58162,471
1.2376581921481692e+18,126.494630546351,31.9790358235633,22.19001,22.03098,21.61337,21.6197,21.63673,2961,301,4,88,1.200566435764636e+19,QSO,1.472421,10663,58162,704
1.237658192147514e+18,125.227659365317,30.9932344354049,21.23942,20.84877,20.50726,20.35252,20.26353,2961,301,4,78,1.200561295547776e+19,QSO,0.8247067,10663,58162,517
1.2376583107923151e+18,179.448670529763,58.8902320842295,22.21785,22.07992,21.75742,22.03492,21.98604,2989,301,1,22,9.27413607589035e+18,QSO,1.274995,8237,58162,358
1.2376581910744934e+18,127.21833230406,31.6034302049908,23.37728,23.2798,21.62919,20.48254,19.66531,2961,301,2,89,1.200569926714054e+19,GALAXY,0.7448561,10663,58162,831
1.237655106766242e+18,179.988740155573,58.6818224737119,21.59712,20.60462,20.88658,20.83857,20.60392,2243,301,1,320,9.274122331995e+18,QSO,2.358315,8237,58162,308
1.2376613537801175e+18,181.125984406655,58.0369209895284,19.41606,18.54506,18.31203,18.23796,18.19989,3697,301,5,75,9.274084673721752e+18,STAR,0.0001190343,8237,58162,171
1.237658191074493e+18,127.272117991306,31.4431145524757,23.5954,22.23154,21.43833,20.13308,19.46312,2961,301,2,89,1.2005702015919608e+19,GALAXY,0.7637851,10663,58162,841
1.237665025442972e+18,187.807837255517,35.3082854206741,21.97514,21.59216,21.44725,21.05841,20.79674,4552,301,4,116,1.1537316109801e+19,QSO,2.041568,10247,58162,799
1.237665127470859e+18,186.801102290033,34.3380610096804,24.90147,22.99416,21.53116,20.31886,19.55754,4576,301,2,458,1.1537206158638207e+19,GALAXY,0.7001964,10247,58162,399
1.2376612120468529e+18,224.002187690354,43.4586113947992,22.09756,22.39782,21.58016,20.54948,19.86284,3664,301,5,85,9.562490421978094e+18,GALAXY,0.9171036,8493,58162,809
1.237678661442863e+18,43.240944992817,3.59838673009064,18.76134,17.78834,17.42714,17.30942,17.28105,7727,301,3,354,1.0599387061575504e+19,STAR,7.425612e-05,9414,58162,601
1.2376650265117983e+18,173.970962757095,35.7116090521311,22.08899,21.8412,21.57487,21.45097,21.2351,4552,301,6,41,1.155650231282777e+19,GALAXY,1.231101,10264,58162,966
1.2376583107921848e+18,178.851556819901,58.9284430487585,25.64461,23.62246,22.57144,21.06409,19.8997,2989,301,1,20,9.27416933611709e+18,GALAXY,0.9677261,8237,58162,479
1.237661362915116e+18,222.212463485702,41.9797237706614,24.41546,23.34661,21.68238,20.49833,19.83331,3699,301,6,200,9.56239806300136e+18,GALAXY,0.6016455,8493,58162,473
1.2376576134139745e+18,181.245028762775,58.6034548234456,21.46486,21.68871,21.32991,21.47708,21.66148,2826,301,6,281,9.274078351529892e+18,QSO,1.22743,8237,58162,148
1.2376651296129684e+18,171.786757588615,35.1804001491638,25.98327,22.83916,21.21385,20.22006,19.57979,4576,301,6,376,1.1556345357542904e+19,GALAXY,0.5627551,10264,58162,395
1.237661382777176e+18,158.461575859095,38.9373835839454,20.41828,20.06261,19.83057,19.59224,19.51948,3704,301,3,167,9.934948061741865e+18,QSO,1.55877,8824,58162,26
1.2376650243690337e+18,187.26518059869,34.5138115444918,22.78893,21.02217,20.7462,20.63459,20.49996,4552,301,2,113,1.153718444328356e+19,QSO,3.199334,10247,58162,320
1.2376611379611569e+18,156.900970285615,38.9338193455885,22.38992,22.0725,21.59628,21.66357,21.66068,3647,301,3,123,9.935013757561625e+18,QSO,1.07498,8824,58162,265
1.2376603433917489e+18,126.950661937024,29.6274612592081,24.74049,23.21978,21.37965,20.30702,19.5547,3462,301,3,116,1.2005526643815e+19,GALAXY,0.6244039,10663,58162,203
1.23766512693425e+18,187.444483434297,33.8602251120313,24.44984,22.77737,21.18824,20.11331,19.56386,4576,301,1,462,1.1537155581103331e+19,STAR,-0.0001158944,10247,58162,215
1.23766136237831e+18,222.123056046066,41.5278824564835,23.98776,22.91478,21.6545,20.41649,19.71388,3699,301,5,201,9.562389266908338e+18,STAR,-0.0003053945,8493,58162,441
1.2376583113297756e+18,181.953787521542,59.4388620678625,18.33128,18.04657,17.81515,17.71723,17.64481,2989,301,2,31,9.27429358093103e+18,QSO,2.013627,8237,58162,931
1.2376612120471145e+18,224.568515447535,43.1015087971921,22.90458,23.26116,21.6636,20.57618,19.85405,3664,301,5,89,9.562502516606e+18,GALAXY,0.8644123,8493,58162,853
1.2376648176726188e+18,171.081682469179,35.7727638882384,23.64548,23.69805,21.67084,20.40593,19.55744,4504,301,1,96,1.1556380541915e+19,GALAXY,0.6981909,10264,58162,523
1.2376651296137551e+18,173.925284834729,35.537212657371,23.92523,23.39927,22.00435,20.76198,19.96252,4576,301,6,388,1.1556503137461492e+19,GALAXY,0.7401392,10264,58162,969
1.2376650254428408e+18,187.439573041466,35.3100317563437,21.08155,20.8052,20.70723,20.43259,21.21944,4552,301,4,114,1.1537293844690524e+19,QSO,1.538535,10247,58162,718
1.2376613827772416e+18,158.69822012731,39.0173088858429,18.63061,17.77154,17.52203,17.43738,17.43059,3704,301,3,168,9.934943663695354e+18,STAR,-0.0008187697,8824,58162,10
1.237657613414105e+18,181.60418741242,58.626464945812,22.10663,21.88728,21.65345,21.31705,21.48677,2826,301,6,283,9.274065707146172e+18,GALAXY,0.9096619,8237,58162,102
1.2376651285443387e+18,186.011793535755,35.1012261314244,22.83966,23.34364,22.03987,20.72886,19.7162,4576,301,4,454,1.1537234196184715e+19,GALAXY,0.7551677,10247,58162,501
1.237665025442775e+18,187.371820563822,35.387000110011,19.92447,19.57519,19.42476,19.24662,19.20174,4552,301,4,113,1.1537282299818433e+19,QSO,1.926224,10247,58162,676
1.2376583113288584e+18,177.763394981705,59.3457734632052,21.07897,21.20385,20.60105,20.73842,20.84636,2989,301,2,17,9.274178407088022e+18,QSO,1.250789,8237,58162,512
1.2376581910740347e+18,126.412320059727,30.8376243377794,23.39956,23.55721,21.70916,20.25615,19.60591,2961,301,2,82,1.2005558529652183e+19,GALAXY,0.6938772,10663,58162,319
1.2376614359308055e+18,222.718826536247,42.0439896132442,22.99835,23.64087,21.326,20.03955,19.29296,3716,301,6,219,9.562387067885085e+18,GALAXY,0.7720984,8493,58162,433
1.2376583107929705e+18,182.183624353046,58.981982570136,22.23445,21.97194,21.47232,21.14713,20.28168,2989,301,1,32,9.274057460808964e+18,GALAXY,0.6366645,8237,58162,72
1.237661353779659e+18,179.176820224367,57.9859533746313,21.57873,21.34819,20.64851,20.37617,20.43822,3697,301,5,68,9.274150644419418e+18,GALAXY,0.4171891,8237,58162,411
1.2376582044913508e+18,126.848604735238,31.9770136428262,25.16475,23.22879,21.82134,20.56099,19.85248,2964,301,3,14,1.2005675627640543e+19,GALAXY,0.6557228,10663,58162,745
1.2376551083771172e+18,181.051051770181,59.9490427406127,24.17064,23.13973,21.32076,20.14897,19.41906,2243,301,4,324,9.2742528990008e+18,GALAXY,0.6276488,8237,58162,783
1.237655106766373e+18,180.558907272617,58.7188962160491,22.77043,20.78102,19.76287,19.3573,19.05348,2243,301,1,322,9.27410089151826e+18,GALAXY,0.1274319,8237,58162,230
1.237665025442448e+18,186.349987992949,35.3900778872743,22.07023,21.82271,21.7277,21.55564,21.20971,4552,301,4,108,1.1537247665202156e+19,QSO,1.524244,10247,58162,550
1.2376613827770455e+18,158.083254193807,38.9529745082796,20.99053,20.55271,20.47326,20.05474,19.89861,3704,301,3,165,9.934958781980238e+18,QSO,0.5877874,8824,58162,65
1.237661138497766e+18,156.004707830575,39.0001192757737,23.23751,23.05035,21.91853,20.27982,19.43442,3647,301,4,119,9.93506983265464e+18,STAR,-0.0001917521,8824,58162,469
1.2376583113288584e+18,177.79603856002,59.2500507994566,21.13865,20.91615,20.88918,20.74403,20.86094,2989,301,2,17,9.2741775824543e+18,QSO,1.480454,8237,58162,509
1.237665024900662e+18,172.714649061189,34.2563761085932,24.92329,24.36225,21.56324,20.26655,19.48487,4552,301,3,33,1.1556305775124304e+19,GALAXY,0.7955033,10264,58162,251
1.2376551067667008e+18,182.056795497511,58.8508263420375,21.51231,21.25257,20.6864,20.73262,20.20662,2243,301,1,327,9.274056636175243e+18,GALAXY,0.3031236,8237,58162,69
1.2376611384983562e+18,157.729909123908,39.5822978333156,23.90338,23.33836,22.50504,21.08381,19.94258,3647,301,4,128,9.935183632108116e+18,GALAXY,0.7484458,8824,58162,883
1.2376784397026596e+18,44.1392417607858,3.07592377865051,22.47975,22.50998,21.45529,21.26196,20.63082,7675,301,6,163,1.0599436264720849e+19,STAR,0.0005648123,9414,58162,780
1.237658192147907e+18,126.039605501535,31.6533533325928,21.02552,20.996,20.61312,20.78438,20.54668,2961,301,4,84,1.200563357132078e+19,QSO,1.215379,10663,58162,592
1.2376611379617467e+18,158.682319545901,39.2350230709054,21.50247,21.40798,21.07874,20.98725,20.8448,3647,301,3,132,9.934944213451168e+18,QSO,1.339939,8824,58162,12
1.2376576134137124e+18,179.887714218078,58.4778981273162,22.75612,21.71972,21.43072,21.37995,21.57669,2826,301,6,277,9.274121232483375e+18,QSO,1.446064,8237,58162,304
1.2376583118659264e+18,178.705884478432,59.7436601815906,24.96724,23.28211,21.78165,20.58068,19.7579,2989,301,3,20,9.274201221954298e+18,GALAXY,0.9121495,8237,58162,595
1.2376613843875924e+18,157.558936570994,40.0384020270537,23.12261,20.56292,19.38461,18.90812,18.57769,3704,301,6,164,9.93518225771858e+18,GALAXY,0.164484,8824,58162,878
1.2376737061140577e+18,112.069166236239,41.0649286793493,23.66629,23.00202,21.62712,20.36002,19.69272,6573,301,5,197,1.1997685476658272e+19,GALAXY,0.5863929,10656,58163,349
1.2376639178714652e+18,110.921935908384,42.2054449610224,21.2676,20.76447,20.28109,20.18644,19.77674,4294,301,5,12,1.1997728632489662e+19,QSO,0.9435228,10656,58163,506
1.237673706650927e+18,111.820480434767,41.4714970786409,18.94415,18.34665,18.41614,18.14969,17.90016,6573,301,6,197,1.1997698945675713e+19,QSO,2.317762,10656,58163,398
1.2376637879501463e+18,111.538371934338,41.6364052847901,23.91257,22.02856,21.95481,21.55897,21.24573,4264,301,3,34,1.1997758869059426e+19,QSO,2.006953,10656,58163,616
1.2376640939763305e+18,137.257960079876,29.9464215631275,21.93523,22.11679,21.94358,21.80191,21.61187,4335,301,5,183,1.2009999457133548e+19,QSO,2.113527,10667,58163,91
1.2376737061137293e+18,111.020493615027,40.7990914152313,23.34094,22.84521,21.50285,20.29124,19.45854,6573,301,5,192,1.1997714063960594e+19,STAR,8.305274e-05,10656,58163,453
1.2376613827688535e+18,137.300846733749,31.2492487569026,21.95834,21.82806,21.51931,21.28066,21.25167,3704,301,3,40,1.201021880970329e+19,QSO,1.544978,10667,58163,889
1.23767370665119e+18,112.68698978922,41.7436244164902,21.83988,21.70377,21.59651,21.39174,21.35023,6573,301,6,201,1.1997803949036163e+19,QSO,1.46296,10656,58163,780
1.2376640939759375e+18,136.288344445909,29.6372776114993,21.31026,21.346,21.48036,21.04307,21.24091,4335,301,5,177,1.2010052783447497e+19,QSO,1.799441,10667,58163,285
1.2376637884868204e+18,110.795475463127,41.3949164365573,21.02082,20.79248,20.61238,20.29005,20.16057,4264,301,4,31,1.19977261585885e+19,QSO,1.547113,10656,58163,497
1.2376737066513864e+18,113.218990707502,41.7788532655071,20.52072,20.34946,20.15191,19.93734,19.67302,6573,301,6,204,1.199782429000128e+19,QSO,1.260702,10656,58163,854
1.2376639167978547e+18,111.953774518227,42.1440654204809,22.77289,23.60556,22.05852,20.78123,19.89998,4294,301,3,14,1.199776739027454e+19,STAR,-8.741542e-05,10656,58163,647
1.237663788487345e+18,111.311013151706,42.5109539547926,25.50994,23.35345,21.76622,20.35428,19.50066,4264,301,4,39,1.1997741001995477e+19,STAR,3.766914e-05,10656,58163,551
1.237663916797986e+18,112.307421706681,42.437185791242,23.99696,23.56034,22.12165,20.22498,19.24567,4294,301,3,16,1.1997787456361748e+19,STAR,-3.974434e-05,10656,58163,720
1.2376639173345285e+18,111.300063216814,41.8711424735476,25.44013,22.89235,21.58442,20.41181,19.48317,4294,301,4,11,1.1997744850286172e+19,STAR,-0.0001129392,10656,58163,565
1.2376737061139912e+18,111.752977909589,41.0011912628671,21.3686,21.3569,20.79128,20.7961,20.57699,6573,301,5,196,1.1997695647140827e+19,QSO,1.297882,10656,58163,386
1.2376640939764623e+18,137.512967586434,30.2647808463849,24.25182,23.39147,22.37139,20.9059,19.9188,4335,301,5,185,1.200999121079634e+19,GALAXY,0.8424546,10667,58163,61
1.2376737061139914e+18,111.859076403684,41.1222980650916,20.90275,20.67684,20.64349,20.59632,20.36446,6573,301,5,196,1.1997695372262922e+19,QSO,1.977257,10656,58163,385
1.2376737066507963e+18,111.52977245973,41.4684758623082,21.56517,20.48701,21.45541,20.58745,19.74525,6573,301,6,195,1.1997710215669895e+19,STAR,8.184795e-05,10656,58163,439
1.2376613827681324e+18,135.631022213876,30.3447988407114,21.10587,21.10399,20.73311,20.58655,20.55506,3704,301,3,29,1.2010092640744e+19,QSO,1.373272,10667,58163,430
1.237673706114319e+18,112.85065662951,41.2351011876205,21.55999,21.40276,21.15257,21.06456,21.25365,6573,301,5,201,1.199765331594316e+19,QSO,1.170531,10656,58163,232
1.2376637884872796e+18,111.169480084975,42.4095967614399,25.85762,23.06452,21.86351,20.32011,19.85477,4264,301,4,38,1.1997742651262917e+19,STAR,0.0001222852,10656,58163,557
1.23766365588036e+18,110.764229327221,41.8116032592021,20.84176,20.26773,20.23222,19.99649,20.30155,4233,301,5,41,1.1997727258100128e+19,QSO,1.581591,10656,58163,501
1.2376637879506698e+18,112.11110964015,42.6308446762808,24.63467,21.26814,22.16892,20.65507,21.05019,4264,301,3,42,1.1997785257338493e+19,STAR,-8.197742e-05,10656,58163,712
1.237673706114188e+18,112.314644356386,41.2624121849595,21.97689,21.94265,21.87097,21.97611,21.72211,6573,301,5,199,1.1997675031297808e+19,GALAXY,-0.0006027561,10656,58163,311
1.2376640939759373e+18,136.228289974439,29.5472688329443,19.8232,19.45631,19.29557,19.3638,19.28899,4335,301,5,177,1.2010052233691685e+19,QSO,0.9344465,10667,58163,283
1.2376737066515832e+18,113.721662250582,41.9178303143159,23.41703,22.90791,21.55478,20.27219,19.83513,6573,301,6,207,1.1997855076326857e+19,GALAXY,0.7093397,10656,58163,966
1.2376737066507973e+18,111.485894230593,41.505697464129,22.27326,21.44126,21.59034,21.53883,21.33685,6573,301,6,195,1.1997759693693147e+19,STAR,-0.0001343037,10656,58163,619
1.2376737066508623e+18,111.596206075896,41.4189206964787,24.67739,23.08862,21.55337,20.40165,19.71258,6573,301,6,196,1.1997698670797804e+19,STAR,0.000177066,10656,58163,397
1.2376737066505344e+18,110.782426664692,41.2030945082642,19.00612,17.90348,17.52891,17.3947,17.31985,6573,301,6,191,1.1997723959565244e+19,STAR,0.0002229589,10656,58163,489
1.2376737066515177e+18,113.511429262246,41.8647569730592,25.49025,22.90215,21.70906,20.56777,19.77268,6573,301,6,206,1.1997846280233834e+19,STAR,-0.0003496293,10656,58163,934
1.237673706113729e+18,111.041073884446,40.9879852752186,19.3314,18.16389,17.97734,17.90912,17.88451,6573,301,5,192,1.1997717637373385e+19,STAR,-4.876613e-06,10656,58163,466
1.2376640939763305e+18,137.332338678331,29.9490961875793,21.09609,19.9144,19.80681,19.95121,19.91717,4335,301,5,183,1.2009999182255645e+19,STAR,0.0002285739,10667,58163,90
1.2376613827681324e+18,135.541685120905,30.4130418235052,20.10802,19.90634,19.91298,19.76715,19.78549,3704,301,3,29,1.2010103360982374e+19,QSO,1.596116,10667,58163,469
1.237661382768e+18,135.303569466822,30.254383150081,24.32661,22.27849,21.18816,21.18675,20.78849,3704,301,3,27,1.2010102536348652e+19,STAR,0.0003331527,10667,58163,466
1.2376737061145165e+18,113.304269496874,41.4637305664287,24.3559,23.96662,21.92018,20.68535,19.8928,6573,301,5,204,1.199763270010014e+19,GALAXY,0.8835193,10656,58163,157
1.237673706651321e+18,112.936753395728,41.7966264237284,21.35157,21.24638,21.14857,20.76267,20.63672,6573,301,6,203,1.1997814119518722e+19,QSO,1.79729,10656,58163,817
1.237663788487476e+18,111.592169333483,42.7378818618384,22.18664,21.9594,22.03728,21.77358,21.00882,4264,301,4,41,1.1997738528094312e+19,QSO,1.876283,10656,58163,542
1.2376737066507968e+18,111.513793575808,41.5340735483588,21.71465,21.23442,21.05691,20.65995,20.45895,6573,301,6,195,1.199775859418152e+19,QSO,1.814561,10656,58163,615
1.2376639167981166e+18,112.360548858605,42.8083320461371,20.67373,20.62601,20.22427,20.18312,20.25765,4294,301,3,18,1.199779625245477e+19,QSO,1.308035,10656,58163,752
1.237673706113795e+18,111.29062258475,40.8537741454833,25.5447,23.61067,21.88813,20.45717,19.33309,6573,301,5,193,1.1997715713228e+19,STAR,4.315527e-05,10656,58163,459
1.2376737061140567e+18,112.089435756938,41.052103650913,21.74228,21.83261,21.77217,21.92758,21.87643,6573,301,5,197,1.199768575153618e+19,QSO,2.724876,10656,58163,350
1.2376737061137295e+18,111.021427278866,40.8956659746825,25.54533,22.66945,21.72744,20.8189,19.9094,6573,301,5,192,1.1997722035419896e+19,STAR,-5.297429e-05,10656,58163,482
1.2376640939763305e+18,137.24825753396,29.9046966905961,20.13375,20.07579,19.99021,19.77884,19.7348,4335,301,5,183,1.2010000006889363e+19,QSO,1.743438,10667,58163,93
1.237673706650797e+18,111.411417603214,41.4850396092025,22.05588,22.00492,21.84444,21.80051,21.42836,6573,301,6,195,1.199772148566408e+19,QSO,1.906325,10656,58163,480
1.2376613827689188e+18,137.299442609228,31.4051865146475,22.10147,21.07791,20.72739,20.60366,20.17159,3704,301,3,41,1.2010237501401e+19,QSO,2.245693,10667,58163,957
1.2376640939761994e+18,136.953158217727,29.8060431570939,21.99004,21.59206,21.15426,21.31895,20.95004,4335,301,5,181,1.2010007978348665e+19,QSO,1.254605,10667,58163,122
1.2376737066516488e+18,113.958952273049,41.9125822318895,22.40079,22.23958,22.09594,21.66967,21.1953,6573,301,6,208,1.1997855900960575e+19,QSO,1.786106,10656,58163,969
1.2376613827683297e+18,136.062428948766,30.5977257271822,25.17292,22.87953,21.67345,20.68073,19.92109,3704,301,3,32,1.2010081920505633e+19,GALAXY,0.6032568,10667,58163,391
1.2376640939760686e+18,136.62754557864,29.7227049223994,22.03681,21.79789,21.82887,21.63022,22.00828,4335,301,5,179,1.2010031068092848e+19,QSO,1.965595,10667,58163,206
1.2376640939760684e+18,136.56771825635,29.6883297240065,20.70423,20.46758,20.42267,20.25185,20.10662,4335,301,5,179,1.2010042063209124e+19,QSO,1.57251,10667,58163,246
1.2376737061139914e+18,111.919411933035,41.0817091364465,21.75268,21.66969,21.44195,21.21623,20.78177,6573,301,5,196,1.1997696746652457e+19,QSO,1.132714,10656,58163,390
1.2376636553432271e+18,110.89560949692,41.1354297241994,20.72494,20.10924,19.98796,19.86246,19.62933,4233,301,4,37,1.1997724234443151e+19,QSO,2.402967,10656,58163,490
1.2376637884870828e+18,110.937832108627,41.8754745900849,20.37286,20.37102,20.28435,19.96726,19.81983,4264,301,4,35,1.1997729182245476e+19,QSO,1.819175,10656,58163,508
1.2376737066515825e+18,113.697713138305,41.9671098793336,20.03963,20.02164,19.91582,19.57435,19.42374,6573,301,6,207,1.1997844630966393e+19,QSO,1.834843,10656,58163,928
1.2376737066512556e+18,112.838145817983,41.78898899271,21.31413,21.06496,21.04685,20.70797,20.75051,6573,301,6,202,1.1997812745129187e+19,QSO,1.679887,10656,58163,812
1.2376613816949809e+18,137.448781230971,30.4082941239585,23.58071,22.2373,20.58986,20.08291,19.71949,3704,301,1,38,1.2009991485674248e+19,GALAXY,0.3996021,10667,58163,62
1.2376737061141225e+18,112.195476248074,41.165059703076,20.61474,20.43724,20.07458,19.99204,19.7538,6573,301,5,198,1.1997675306175715e+19,QSO,0.9929544,10656,58163,312
1.2376639173349875e+18,111.822372225767,42.8864228343582,21.35772,21.45124,21.14691,21.14099,21.34519,4294,301,4,18,1.1997761892716405e+19,QSO,1.213312,10656,58163,627
1.2376640939762647e+18,137.070958742984,29.9850303834275,21.72123,21.04319,20.27512,20.18353,20.22019,4335,301,5,182,1.2010010727127734e+19,QSO,1.230278,10667,58163,132
1.2376737061140567e+18,112.112103698037,41.037061080105,21.78177,21.90379,21.68535,21.3757,21.62929,6573,301,5,197,1.1997674206664088e+19,QSO,1.506613,10656,58163,308
1.237673705577645e+18,113.584960990437,40.9550290180366,22.10013,21.59962,21.41791,20.75849,20.88994,6573,301,4,204,1.1997613183768744e+19,QSO,1.929501,10656,58163,86
1.2376737066507968e+18,111.549584773724,41.4048372668831,21.49685,21.20103,20.61624,21.32033,21.46064,6573,301,6,195,1.1997709940792e+19,GALAXY,0.2461893,10656,58163,438
1.237661137425072e+18,159.37945969178,39.0882800056276,17.53706,16.55591,16.19482,16.05327,16.02453,3647,301,2,135,9.93286943509344e+18,STAR,-5.046934e-05,8822,58167,656
1.237661136888923e+18,161.623341767682,39.0117849780254,24.16515,23.22613,21.35837,20.24743,19.51518,3647,301,1,146,9.932694337866715e+18,GALAXY,0.633881,8822,58167,19
1.2376611379624676e+18,160.656145267662,39.768012441742,20.64707,20.43587,20.44978,20.36474,20.32256,3647,301,3,143,9.932929908232968e+18,QSO,1.51566,8822,58167,876
1.23766113796155e+18,158.078221372104,39.2324986256305,21.21638,20.9118,20.82228,20.65463,20.39373,3647,301,3,129,9.932829577796934e+18,QSO,1.937671,8822,58167,511
1.2376613827777006e+18,159.960757469173,39.2689943173215,21.60498,20.6137,20.54941,20.61185,20.6173,3704,301,3,175,9.932890325814368e+18,STAR,-0.000225923,8822,58167,732
1.2376611374255311e+18,160.690762657142,39.3076898963483,22.45191,22.35734,21.99017,21.85263,22.02231,3647,301,2,142,9.932934031401572e+18,QSO,1.230738,8822,58167,891
1.2376621950551332e+18,160.049740624632,40.1462895442227,23.08436,21.29183,20.84652,20.57384,20.12383,3893,301,4,49,9.932903794831809e+18,STAR,-0.0002319808,8822,58167,781
1.2376611379624023e+18,160.430638146191,39.7041436945852,23.25416,23.04799,21.50452,20.51723,19.88052,3647,301,3,142,9.932928533843431e+18,GALAXY,0.6537037,8822,58167,871
1.2376646695111237e+18,160.797499601837,38.2878892145157,24.39375,22.74896,21.74619,20.70911,19.85401,4469,301,5,323,9.93271577834346e+18,GALAXY,0.6025776,8822,58167,97
1.2376611374255311e+18,160.522852695644,39.3403053426918,21.70443,21.0754,20.35588,20.1998,20.00593,3647,301,2,142,9.932922211651574e+18,QSO,1.068997,8822,58167,848
1.2376611374256625e+18,160.944290026825,39.2873503926927,23.03573,21.66203,21.40542,21.1751,21.34386,3647,301,2,144,9.932944476762036e+18,STAR,0.0007692207,8822,58167,929
1.2376611379620744e+18,159.561336435089,39.4641062368542,21.93004,21.68198,21.62783,21.44434,22.01382,3647,301,3,137,9.93287933069809e+18,QSO,1.148873,8822,58167,692
1.2376611379620744e+18,159.509580949424,39.4668572080883,21.88389,21.83006,21.51403,21.34548,21.47318,3647,301,3,137,9.932878231186465e+18,QSO,1.508602,8822,58167,688
1.237661137962534e+18,160.933804561785,39.7961617611777,24.58517,24.84234,22.1756,20.97553,19.90856,3647,301,3,144,9.932939528959711e+18,GALAXY,0.819484,8822,58167,911
1.2376611374254e+18,160.337166086981,39.18935949903,22.21697,22.22963,21.74728,21.54403,20.95496,3647,301,2,140,9.93291451507018e+18,GALAXY,1.008677,8822,58167,820
1.23766113688853e+18,160.469820381761,38.893838729148,24.08237,23.85099,21.42809,20.32162,19.65962,3647,301,1,140,9.932743266134151e+18,GALAXY,0.5989508,8822,58167,197
1.2376611374252687e+18,159.910554152305,39.0358086274018,21.34946,21.12549,20.8911,20.84926,20.66684,3647,301,2,138,9.932892524837626e+18,QSO,1.059379,8822,58167,740
1.2376611374251384e+18,159.456714363463,39.1261135823783,24.45137,23.6911,22.08972,20.28017,19.39601,3647,301,2,136,9.932869984849254e+18,STAR,0.0001848132,8822,58167,658
1.2376611379618785e+18,159.074349675565,39.2837653195052,24.30568,23.18336,21.17026,19.97541,19.34002,3647,301,3,134,9.932856515831814e+18,GALAXY,0.6771296,8822,58167,609
1.2376611379618775e+18,159.022028403973,39.4694361532781,19.61057,19.53449,19.5677,19.51481,19.41251,3647,301,3,134,9.932857065587628e+18,QSO,1.978384,8822,58167,611
1.237661137962664e+18,161.185466281064,39.9183664653823,21.13212,21.27311,20.86953,20.58666,20.35764,3647,301,3,146,9.932949149686454e+18,QSO,1.171557,8822,58167,946
1.2376611379618775e+18,158.999232330175,39.2644838651558,21.5744,21.55534,21.21304,21.16519,21.09879,3647,301,3,134,9.932847444860885e+18,QSO,1.190815,8822,58167,576
1.237661137425465e+18,160.420380020788,39.2745057829035,20.46685,20.29465,20.22021,20.02658,19.97051,3647,301,2,141,9.932912041169017e+18,QSO,1.516907,8822,58167,811
1.2376611379622707e+18,160.051476048796,39.719746977604,18.21172,17.77348,17.69685,17.72686,17.76985,3647,301,3,140,9.932908467756229e+18,STAR,2.82839e-05,8822,58167,798
1.2376611374249413e+18,158.864110716866,38.9514931863662,22.79198,20.92103,20.43331,20.22463,19.8528,3647,301,2,133,9.932809786587632e+18,QSO,2.99675,8822,58167,439
1.237661136888988e+18,161.624193234251,39.0928457379367,25.70444,24.28591,21.77599,20.69171,19.92049,3647,301,1,147,9.932962618703897e+18,GALAXY,0.6560897,8822,58167,995
1.2376611374253343e+18,160.032416094862,39.2257289829188,22.38502,22.63621,22.00285,21.82529,21.56413,3647,301,2,139,9.93290187068646e+18,QSO,0.6285083,8822,58167,774
1.2376611379622062e+18,159.99296262221,39.5899986641414,23.38225,24.67861,21.44225,20.26247,19.51417,3647,301,3,139,9.93289829727367e+18,GALAXY,0.7010385,8822,58167,761
1.237661137962337e+18,160.237794772444,39.5801801419306,25.07153,23.20757,21.45008,20.30215,19.65097,3647,301,3,141,9.93290929238995e+18,GALAXY,0.7181923,8822,58167,801
1.2376611379623365e+18,160.313837408973,39.6112690079487,21.85349,21.92048,21.30362,21.24984,20.80915,3647,301,3,141,9.932919737750411e+18,QSO,1.26501,8822,58167,839
1.2376613827780283e+18,160.883531344021,39.6450561199981,21.77338,21.76007,21.51034,21.50682,21.75857,3704,301,3,180,9.93294145310506e+18,QSO,1.158383,8822,58167,918
1.2376621950551332e+18,160.035533565351,40.1108576132504,23.74348,21.67846,21.72804,21.58199,21.6484,3893,301,4,49,9.932893624349254e+18,QSO,2.869137,8822,58167,744
1.237661382777898e+18,160.635089148452,39.5440620634774,24.15531,22.57949,20.88645,20.53854,20.63931,3704,301,3,178,9.932930183110875e+18,QSO,4.193877,8822,58167,877
1.2376622240569764e+18,154.990966237171,35.2509410129595,23.22983,24.37694,22.38206,20.81809,19.87171,3900,301,2,214,1.1567627446489731e+19,GALAXY,0.8414674,10274,58170,479
1.2376622251316352e+18,157.169560308577,36.6409236938979,22.76139,20.98833,20.76728,20.61911,20.80558,3900,301,4,228,1.1567733274483909e+19,QSO,3.172208,10274,58170,864
1.2376648804928724e+18,157.200885099071,35.3300703856587,22.46216,22.88237,22.13175,20.887,19.9,4518,301,6,193,1.1567741245943208e+19,STAR,0.001397105,10274,58170,893
1.2376648804927409e+18,156.835462302763,35.3109810115203,22.14164,23.00418,21.12345,20.0961,19.45051,4518,301,6,191,1.1567719805466466e+19,GALAXY,0.5892727,10274,58170,815
1.2376622240571727e+18,155.548056296602,35.4896159021847,25.70304,23.46509,21.37094,20.19602,19.48179,3900,301,2,217,1.1567664280129264e+19,GALAXY,0.7265391,10274,58170,613
1.2376648804931343e+18,157.866670945691,35.6367639617635,25.75258,22.37313,21.91589,20.35622,19.51268,4518,301,6,197,1.1567762136664136e+19,GALAXY,1.052824,10274,58170,969
1.237664880492741e+18,156.822041495111,35.263603062438,26.24252,24.18144,22.15953,20.91879,19.88582,4518,301,6,191,1.156772035522228e+19,GALAXY,0.7275653,10274,58170,817
1.237664880492872e+18,157.191578343848,35.4161682038127,21.42814,21.55284,21.32342,21.2466,21.18701,4518,301,6,193,1.1567739871553671e+19,QSO,1.415307,10274,58170,888
1.2376648799560663e+18,157.609785897666,34.9434068775934,20.85424,20.22176,20.03354,19.94081,19.70154,4518,301,5,194,1.156751447167e+19,QSO,0.8519254,10274,58170,68
1.237664879955673e+18,156.424254423234,34.8171638858836,24.00009,22.68681,21.18004,20.06027,19.27184,4518,301,5,188,1.1567569722129277e+19,STAR,9.304939e-05,10274,58170,269
1.2376648799553457e+18,155.622223349788,34.5141631535993,21.97974,22.14713,21.85147,21.89663,21.35302,4518,301,5,183,1.1567607655280431e+19,STAR,0.0005005924,10274,58170,407
1.237662224057435e+18,156.306292752433,35.5926113489364,25.04268,24.0149,21.94858,20.79786,19.81732,3900,301,2,221,1.1567693966943212e+19,GALAXY,0.7753926,10274,58170,721
1.23765820452248e+18,220.936326102633,43.9662627585584,21.19118,20.9886,20.99801,20.47834,20.3158,2964,301,3,489,9.561247424233888e+18,QSO,1.898668,8492,58171,383
1.2376640939752166e+18,134.539057600512,28.7918293860167,24.45108,22.29847,20.64835,19.71303,19.13296,4335,301,5,166,1.2003386444582509e+19,STAR,5.926051e-05,10661,58171,609
1.2376648804916268e+18,154.031979577007,34.5151138552979,20.20835,19.99305,19.58018,19.60888,19.67488,4518,301,6,174,1.1519323426797148e+19,QSO,1.213891,10231,58171,878
1.2376640939756751e+18,135.696140939552,29.1762987337556,25.007,24.68141,22.8767,21.18445,19.69546,4335,301,5,173,1.2003449666501104e+19,GALAXY,0.9603471,10661,58171,839
1.2376650254419886e+18,185.160782156104,35.2810120637039,20.39132,20.40639,20.20571,20.26585,20.25567,4552,301,4,101,1.1536196807114904e+19,QSO,1.05217,10246,58171,823
1.2376583107977546e+18,203.045691623167,57.8575931375315,21.22638,21.19354,20.76563,20.87421,20.70274,2989,301,1,105,9.245978957643536e+18,QSO,1.408398,8212,58171,323
1.23766409397561e+18,135.569028846581,29.1919498458224,21.76198,20.87833,20.58415,20.55146,20.36441,4335,301,5,172,1.2003449116745292e+19,STAR,-7.831823e-05,10661,58171,837
1.2376640939752164e+18,134.670794425367,28.7578056618303,22.07749,22.01515,21.78269,21.39596,21.38709,4335,301,5,166,1.2003397439698786e+19,QSO,1.809383,10661,58171,649
1.2376613543162675e+18,177.726178915015,58.2437567269262,24.01935,24.33638,21.84187,20.77286,19.93257,3697,301,6,64,9.275175939163314e+18,GALAXY,0.8752314,8238,58171,45
1.237664879953904e+18,151.805103261851,33.5819802886966,20.55601,20.26547,20.05877,19.61342,19.60633,4518,301,5,161,1.1519223096361112e+19,QSO,1.7681,10231,58171,513
1.2376650243677883e+18,183.88072083074,34.4210728762279,21.28963,21.23341,21.37005,21.17381,20.75772,4552,301,2,94,1.1536130011783518e+19,QSO,1.751086,10246,58171,580
1.2376551067653243e+18,176.106772423111,58.587788544772,19.54936,19.52832,19.57171,19.35944,19.49205,2243,301,1,306,9.275224317674936e+18,QSO,1.841315,8238,58171,221
1.237667211595482e+18,164.966384541741,28.6463127933024,26.19253,22.56645,22.09365,21.15831,19.88825,5061,301,4,332,1.1797267596793108e+19,GALAXY,0.9089341,10478,58171,321
1.2376613543160717e+18,177.137193628515,58.2094245126707,22.07104,21.64353,20.95946,20.5299,20.23594,3697,301,6,61,9.275189133302847e+18,QSO,4.198973,8238,58171,93
1.2376640939755443e+18,135.392080245934,29.2204917107064,21.80958,21.26881,20.1672,19.36497,19.0,4335,301,5,171,1.200342767626855e+19,QSO,5.073166,10661,58171,759
1.2376613537787415e+18,175.117725946155,57.6124700274807,22.39261,22.02091,21.30206,20.61158,20.18584,3697,301,5,54,9.27525180546563e+18,GALAXY,0.5889046,8238,58171,321
1.2376650254417925e+18,184.561248061841,35.3518548960372,21.52413,21.08722,20.88202,20.58539,20.44971,4552,301,4,98,1.1536154750795143e+19,QSO,1.971318,10246,58171,670
1.2376583107917253e+18,176.564937652089,58.8362590126653,22.22902,21.5462,21.4015,21.06582,20.80958,2989,301,1,13,9.275216346215637e+18,QSO,1.678098,8238,58171,192
1.2376582045225452e+18,221.023728844262,43.7536937467587,20.14768,20.06353,19.9889,20.12984,20.24669,2964,301,3,490,9.561245225210632e+18,QSO,0.9741784,8492,58171,375
1.2376582045222833e+18,220.420249196947,43.9789251572468,21.49195,21.31701,21.22832,20.7686,20.42078,2964,301,3,486,9.561270239100164e+18,QSO,1.79874,8492,58171,466
1.2376582045226107e+18,221.348513110996,43.7550115237421,19.4594,19.34598,19.14738,19.25784,19.32152,2964,301,3,491,9.561235329605982e+18,QSO,1.077975,8492,58171,339
1.2376583107979507e+18,203.83229505179,57.6718024815932,20.72326,20.14655,20.0033,20.04425,21.59724,2989,301,1,108,9.245946796928426e+18,STAR,0.002398814,8212,58171,206
1.2376648804910372e+18,152.385267743715,34.0713446177346,23.30592,22.0444,21.45045,20.81268,20.73034,4518,301,6,165,1.1519236565378552e+19,QSO,1.85101,10231,58171,562
1.2376651269333325e+18,185.025278196571,33.7936598697537,23.35764,23.5652,21.58299,20.52434,19.80657,4576,301,1,448,1.153604452475446e+19,GALAXY,0.6951571,10246,58171,269
1.2376672550820913e+18,165.395032348314,29.2011042936925,23.01199,23.00198,21.32943,20.81965,20.05021,5071,301,5,333,1.1797415206229135e+19,QSO,5.792082,10478,58171,858
1.2376672115955471e+18,165.062435288563,28.643517213148,22.38727,23.01136,22.24113,22.04845,20.68319,5061,301,4,333,1.1797257426310552e+19,GALAXY,0.9259949,10478,58171,284
1.237659326015079e+18,205.250112837377,58.805015164761,22.41686,21.32046,20.77736,20.44515,20.33718,3225,301,4,20,9.24590941353308e+18,STAR,-0.0004367739,8212,58171,70
1.2376650249055114e+18,186.270524529052,34.9513414469135,23.71261,21.70216,20.86377,20.54517,20.47003,4552,301,3,107,1.153624078758e+19,STAR,-0.0001330191,10246,58171,983
1.237667255081894e+18,164.771063227967,29.2206534166955,23.25723,22.40652,22.76896,21.82096,21.25317,5071,301,5,330,1.179735858138031e+19,GALAXY,0.9058482,10478,58171,652
1.237665227305517e+18,185.186880312302,32.8443634448564,21.65821,19.89107,18.56781,18.05183,17.66653,4599,301,4,102,1.15360263828126e+19,GALAXY,0.2061413,10246,58171,203
1.2376582045220872e+18,219.728330248906,44.2566523385256,22.48467,23.55174,22.07777,20.97708,19.96741,2964,301,3,483,9.561279310071091e+18,STAR,-0.000207898,8492,58171,499
1.2376582045226117e+18,221.354490242598,43.6192246292049,24.66961,24.90935,21.89902,20.4478,19.45555,2964,301,3,491,9.56123368033854e+18,GALAXY,0.7982838,8492,58171,333
1.2376613537790692e+18,176.555207149228,57.8458675557669,21.0511,20.92047,20.49074,20.38315,20.46777,3697,301,5,59,9.275208374756334e+18,QSO,1.371341,8238,58171,163
1.2376640939752164e+18,134.638226489009,28.7350412689801,20.02619,20.03073,19.726,19.62332,19.77058,4335,301,5,166,1.2003400463355765e+19,QSO,1.428622,10661,58171,660
1.2376651274695475e+18,183.245078022099,34.2007122352352,23.15094,20.35118,19.13778,18.67345,18.42281,4576,301,2,438,1.1536113244231197e+19,GALAXY,0.2253163,10246,58171,519
1.2376640939758715e+18,136.148179859579,29.6103255903256,21.28077,21.02755,20.74521,20.74295,20.63463,4335,301,5,176,1.2003468633076685e+19,QSO,0.7872328,10661,58171,908
1.2376576134131878e+18,177.622663116798,58.5453077738361,22.33552,21.51025,21.12895,21.12887,21.01217,2826,301,6,269,9.275180337209823e+18,GALAXY,1.654616,8238,58171,61
1.2376624989257083e+18,222.238003740405,45.1636379174127,25.33854,23.54495,21.46272,20.46807,19.72461,3964,301,2,74,9.561383763675732e+18,GALAXY,0.7198658,8492,58171,879
1.2376640939751503e+18,134.555772350599,28.7136865784626,18.58541,17.67873,17.37302,17.25967,17.22394,4335,301,5,165,1.2003388368727855e+19,STAR,0.0001498767,10661,58171,616
1.237661211509e+18,220.900482490548,44.1796591396516,24.33904,22.8673,21.19928,20.10269,19.40401,3664,301,4,70,9.561250173012955e+18,GALAXY,0.6179219,8492,58171,393
1.2376672115956127e+18,165.197067054413,28.5415331990651,23.83646,23.13204,22.31837,22.15138,20.84872,5061,301,4,334,1.179724505680474e+19,GALAXY,0.9788302,10478,58171,239
1.2376551078385423e+18,173.472126016548,59.2318206639836,23.2469,22.66603,21.83254,20.67636,19.4624,2243,301,3,298,9.27531667665167e+18,GALAXY,0.8143754,8238,58171,557
1.2376583113285307e+18,176.330927433225,59.2767904025177,22.2301,21.38178,21.09614,20.89965,20.87609,2989,301,2,12,9.27539391734352e+18,STAR,4.224177e-05,8238,58171,838
1.237661353778676e+18,174.946481579655,57.6470979280275,21.19566,20.76301,20.63361,20.66348,20.33373,3697,301,5,53,9.275262800581908e+18,QSO,2.053206,8238,58171,361
1.2376583113285962e+18,176.455269791061,59.2835564414854,21.9647,20.99187,20.68905,20.72342,20.42917,2989,301,2,13,9.275403263192357e+18,QSO,2.524316,8238,58171,872
1.237665126932808e+18,183.585641066147,33.752981580947,21.76709,21.17307,21.1321,21.12522,20.74269,4576,301,1,440,1.1536098125946313e+19,QSO,2.228887,10246,58171,464
1.237664879953904e+18,151.869054975006,33.464010503345,21.31951,21.25343,21.37462,21.06812,20.82106,4518,301,5,161,1.1519223920994834e+19,QSO,1.900532,10231,58171,516
1.2376640939753477e+18,134.91722468961,28.8812492014595,22.39075,22.18533,22.02207,21.94726,21.56291,4335,301,5,168,1.2003409259448785e+19,GALAXY,0.36564,10661,58171,692
1.2376672115955471e+18,165.118212703724,28.6608901061344,23.03722,22.76147,22.09206,21.77696,20.96521,5061,301,4,333,1.1797256876554736e+19,GALAXY,0.8633726,10478,58171,282
1.2376640939754788e+18,135.126857895166,29.109292590828,20.69695,20.72138,20.601,20.46561,20.42815,4335,301,5,170,1.2003417505786e+19,QSO,1.403994,10661,58171,722
1.237662498926036e+18,223.131322719772,44.791636096475,23.99246,25.54091,22.0661,20.81471,19.91191,3964,301,2,79,9.561409602198985e+18,GALAXY,0.7068672,8492,58171,973
1.23766409397561e+18,135.565776676708,29.2803710235218,21.48437,21.29258,21.11038,20.87349,20.79907,4335,301,5,172,1.200344746747785e+19,QSO,2.006021,10661,58171,831
1.2376612115087368e+18,220.206574508603,44.3809487733769,24.49812,23.33153,21.47108,20.22493,19.52749,3664,301,4,66,9.56127326275714e+18,GALAXY,0.694234,8492,58171,477
1.2376593270888207e+18,205.784604963327,59.5033377618228,26.07466,25.52563,22.54131,20.76064,19.78422,3225,301,6,20,9.246156528771422e+18,GALAXY,0.7793805,8212,58171,969
1.2376583107980823e+18,204.236825634961,57.620055414205,20.99083,20.79304,20.75166,20.44382,20.63122,2989,301,1,110,9.245935801812146e+18,QSO,1.950271,8212,58171,166
1.237658204522349e+18,220.696378432832,44.0509252099562,22.28825,21.50239,20.71631,20.28263,19.92434,2964,301,3,487,9.56126061837342e+18,QSO,1.41186,8492,58171,431
1.237667211058414e+18,164.434527888146,28.1579899053564,22.47894,22.35826,21.58579,21.08016,21.60767,5061,301,3,329,1.1797275843130317e+19,GALAXY,0.7983423,10478,58171,351
1.237664093975544e+18,135.410008817425,29.1525015725726,21.72282,21.01827,20.55943,20.12852,20.20763,4335,301,5,171,1.20034296004139e+19,QSO,1.487535,10661,58171,766
1.2376672115958748e+18,165.875625305161,28.6659316446054,22.76665,22.5476,22.27941,21.86425,22.03857,5061,301,4,338,1.1797185958054746e+19,GALAXY,0.9080405,10478,58171,24
1.2376619577638264e+18,220.733787848467,45.7259023149326,22.43445,21.97583,22.19982,21.73307,21.37796,3838,301,2,135,9.561315868832717e+18,QSO,1.870733,8492,58171,632
1.237667211595875e+18,165.955684218796,28.6875609583347,24.75054,22.66333,22.18764,21.78413,21.1523,5061,301,4,338,1.179718101025242e+19,GALAXY,0.8343242,10478,58171,6
1.237655106765259e+18,175.920207832349,58.4369181647123,22.35723,21.98696,21.36354,21.08789,20.59483,2243,301,1,305,9.27524548327377e+18,GALAXY,0.3262095,8238,58171,298
1.2376648778068792e+18,153.806723726227,32.212620206919,24.78263,25.11625,21.97436,20.61856,19.91913,4518,301,1,168,1.1519126339337867e+19,GALAXY,0.5048918,10231,58171,161
1.2376551073083558e+18,203.033151531593,57.9996624673595,21.31219,21.34331,20.76357,20.59655,20.53263,2243,301,2,400,9.245979782277255e+18,GALAXY,0.4725232,8212,58171,326
1.2376612115086057e+18,219.870257370946,44.5253535087973,26.20219,23.64616,22.15731,20.94025,19.56838,3664,301,4,64,9.561289755431555e+18,GALAXY,0.7984724,8492,58171,537
1.2376640939748232e+18,133.718499018832,28.4083129261926,21.34447,21.02176,21.03506,20.84642,20.79233,4335,301,5,160,1.2003358132158091e+19,QSO,1.938929,10661,58171,506
1.237664879954166e+18,152.575401397456,33.6275049323604,25.40938,23.91457,23.70711,20.47712,18.83285,4518,301,5,165,1.151924151318088e+19,STAR,4.811728e-05,10231,58171,580
1.237661353779e+18,176.361511727654,57.7055296517161,22.15421,22.08578,21.95426,21.33609,21.60949,3697,301,5,58,9.275219094994704e+18,QSO,0.8857288,8238,58171,202
1.2376583113287928e+18,177.366914147292,59.2249401160745,22.16618,20.84636,20.7555,20.82917,20.79744,2989,301,2,16,9.275418931233053e+18,QSO,2.8204,8238,58171,929
1.2376640929012127e+18,134.572187348182,27.8050771349507,22.55802,21.73789,20.16121,19.59127,19.07214,4335,301,3,162,1.2003324597053446e+19,GALAXY,0.3818078,10661,58171,384
1.237667211595481e+18,164.81413320332,28.6398152747252,21.9915,21.50087,21.32272,21.15168,20.65166,5061,301,4,332,1.1797268146548922e+19,GALAXY,0.9872214,10478,58171,323
1.2376582045222175e+18,220.221621134099,44.0344914902667,21.76855,21.43468,21.33175,21.15104,20.99086,2964,301,3,485,9.561271338611792e+18,QSO,1.496363,8492,58171,470
1.2376648778068795e+18,153.758340185473,32.3428341702288,22.05722,23.40141,22.08226,20.7833,19.93439,4518,301,1,168,1.1519127438849495e+19,GALAXY,0.8219472,10231,58171,165
1.2376672550823526e+18,165.980466534889,29.291598668064,25.3485,21.7961,22.08401,19.75236,21.35844,5071,301,5,337,1.179745176499076e+19,GALAXY,0.8970134,10478,58171,991
1.237658310791857e+18,177.277107723533,58.9225389027981,25.16053,24.23069,22.17562,20.69136,19.92822,2989,301,1,15,9.2751951806168e+18,GALAXY,0.8118243,8238,58171,115
1.2376551067652588e+18,175.881929151811,58.4193357434102,23.58278,22.41375,21.81646,22.04144,23.23526,2243,301,1,305,9.275245208395864e+18,STAR,-0.0002382598,8238,58171,297
1.2376648804909064e+18,151.936690395068,34.0504506672835,23.65245,23.04831,21.15835,20.15873,19.28109,4518,301,6,163,1.1519220347582e+19,GALAXY,0.0,10231,58171,503
1.23766488049143e+18,153.426038649547,34.3416390386481,19.84051,19.80983,19.93801,19.71244,19.88031,4518,301,6,171,1.1519290991204129e+19,QSO,1.827969,10231,58171,760
1.2376651269332664e+18,184.803906309619,33.946173165511,23.48244,22.04304,21.32843,21.0316,20.72941,4576,301,1,447,1.1536054695237e+19,GALAXY,0.3190179,10246,58171,306
1.2376576134129257e+18,176.666061970999,58.3932953488038,20.56413,20.53173,20.18082,20.19967,20.26318,2826,301,6,265,9.275212497924936e+18,QSO,1.07081,8238,58171,178
1.2376624989262323e+18,223.679777862231,44.6925653601362,24.07099,23.35097,21.47563,20.42375,19.70248,3964,301,2,82,9.561416199268751e+18,GALAXY,0.6332353,8492,58171,997
1.2376650254418575e+18,184.652940248961,35.3295341414006,22.37691,21.67817,21.58979,21.63016,21.52963,4552,301,4,99,1.1536164646399791e+19,QSO,2.501851,10246,58171,706
1.2376583113288586e+18,177.744766138464,59.3189106475991,22.55075,21.72375,21.3689,20.65917,20.35802,2989,301,2,17,9.275430750983051e+18,GALAXY,0.8493625,8238,58171,972
1.2376583124024033e+18,176.69508738271,59.9639017579691,22.89784,22.51611,20.54669,20.64276,19.37875,2989,301,4,14,9.275395291733055e+18,GALAXY,0.3508992,8238,58171,843
1.2376648804911688e+18,152.751100317835,34.2640921634212,23.30858,23.01882,21.69625,20.4771,19.76939,4518,301,6,167,1.1519245086593667e+19,GALAXY,0.6279761,10231,58171,593
1.237664880491823e+18,154.49004909224,34.5896389259954,20.10465,19.80665,19.71752,19.66113,19.41782,4518,301,6,177,1.151933222289017e+19,QSO,2.084077,10231,58171,910
1.2376650254417925e+18,184.540935296035,35.2775700730141,20.42499,20.43001,20.34431,20.22518,20.33048,4552,301,4,98,1.1536155300551e+19,QSO,1.375692,10246,58171,672
1.2376613543156127e+18,174.931767910223,58.0082357931863,23.3743,22.49688,22.26706,21.22863,19.7761,3697,301,6,54,9.275263350337722e+18,STAR,-0.0003397769,8238,58171,363
1.237664880491299e+18,153.055829917203,34.3434378418324,21.34963,21.66677,21.34297,21.18036,21.05159,4518,301,6,169,1.1519267626582e+19,QSO,0.9583312,10231,58171,675
1.237658310797689e+18,202.754564380499,57.7276131928942,21.78704,21.57207,21.64704,21.77193,20.86211,2989,301,1,104,9.24598967788191e+18,QSO,2.50213,8212,58171,362
1.237664093975741e+18,135.793993607335,29.3633723689828,21.76834,21.43826,21.34555,21.31397,20.99832,4335,301,5,174,1.2003459287227849e+19,QSO,2.21693,10661,58171,874
1.2376613537792005e+18,177.046401266037,57.8370397077847,21.62234,20.75656,20.42251,20.26343,20.21919,3697,301,5,61,9.275186659401685e+18,STAR,-0.0003002477,8238,58171,84
1.237658312408236e+18,202.911459014952,58.9740470875026,24.33611,20.46936,21.79114,20.922,20.25946,2989,301,4,103,9.245986379347024e+18,GALAXY,0.5911053,8212,58171,350
1.237664880491168e+18,152.649321743263,34.1990425480181,24.33118,24.432,21.84816,20.44459,19.4885,4518,301,6,167,1.151924673586111e+19,GALAXY,0.6803213,10231,58171,599
1.2376613537791347e+18,176.815632545235,57.735152544535,21.21,21.55358,20.81029,20.86483,20.91805,3697,301,5,60,9.275196829884242e+18,QSO,1.417739,8238,58171,121
1.2376613543154156e+18,174.141371440291,58.0692775389437,19.14313,18.26957,17.97003,17.85928,17.86314,3697,301,6,51,9.275284790814464e+18,STAR,-0.0001360659,8238,58171,441
1.2376576134122703e+18,173.743476479912,58.2368879049173,22.24409,21.58347,21.07618,20.62617,20.47803,2826,301,6,255,9.27528698983772e+18,QSO,1.605286,8238,58171,449
1.2376583124022075e+18,175.953984567059,59.9873062346829,22.22007,21.99614,21.92993,21.7401,22.2993,2989,301,4,11,9.27537302662259e+18,QSO,2.119491,8238,58171,762
1.2376623019007675e+18,222.834117236485,45.5941800762474,21.79684,21.62906,21.3745,21.35245,21.312,3918,301,3,176,9.561402730251311e+18,QSO,1.572387,8492,58171,948
1.2376648778068787e+18,153.692992182162,32.304879940461,21.51823,21.48667,21.22886,21.41155,20.96198,4518,301,1,168,1.1519126614215776e+19,QSO,1.410667,10231,58171,162
1.2376551073020646e+18,175.434781910801,58.8322471310978,22.58329,22.0694,21.50917,21.36182,21.53475,2243,301,2,304,9.275249606442375e+18,GALAXY,0.2882713,8238,58171,313
1.2376648778069445e+18,153.767263277069,32.3786409928721,21.3533,20.95541,20.99786,20.90625,20.70119,4518,301,1,169,1.151912716397159e+19,QSO,2.172139,10231,58171,164
1.2376650243684431e+18,185.642689527573,34.3932678665293,22.02204,21.97955,21.68039,21.5685,21.25041,4552,301,2,104,1.1536227318562576e+19,QSO,1.411654,10246,58171,934
1.2376613537787415e+18,174.988703888542,57.7305395622918,21.59444,21.69951,21.50479,21.57689,21.25293,3697,301,5,54,9.275263075459815e+18,QSO,2.058716,8238,58171,362
1.237664877807207e+18,154.525617777911,32.5532786099083,21.62584,20.98408,20.77822,20.28056,20.24288,4518,301,1,173,1.1519095003256476e+19,QSO,1.742045,10231,58171,47
1.237667211595809e+18,165.705371952011,28.6797219094371,21.32299,21.57402,21.71354,21.17108,20.50157,5061,301,4,337,1.1797207398531488e+19,GALAXY,0.6105337,10478,58171,102
1.237664877807141e+18,154.417859499025,32.3819738729041,21.72202,21.31041,21.00279,21.07614,20.60422,4518,301,1,172,1.1519093353989e+19,QSO,2.439234,10231,58171,41
1.237661353779e+18,176.36857026547,57.8142163035129,21.35097,21.16947,20.9614,20.70175,20.34993,3697,301,5,58,9.275220194506332e+18,QSO,1.585855,8238,58171,206
1.2376648778073375e+18,154.86663668634,32.6643800606033,22.01699,21.68777,21.75802,21.6967,21.16959,4518,301,1,175,1.1519096377646e+19,QSO,1.993959,10231,58171,52
1.237661382231e+18,135.223695670857,29.6695099845578,23.67082,24.28497,22.43931,21.05526,19.64084,3704,301,2,25,1.2003413932373205e+19,GALAXY,0.9065087,10661,58171,709
1.2376576134122703e+18,173.609125241659,58.0836741916322,21.65661,21.38027,21.27326,20.93713,20.95662,2826,301,6,255,9.275285890326094e+18,QSO,1.923468,8238,58171,445
1.2376612115086054e+18,219.710028441284,44.5465717660795,25.90597,24.14187,21.78823,20.68355,19.91839,3664,301,4,64,9.561284257873418e+18,GALAXY,0.7641797,8492,58171,517
1.2376624989253806e+18,221.348170740907,45.5606348649736,25.00679,22.8119,21.39391,20.2795,19.4361,3964,301,2,69,9.561336484675736e+18,GALAXY,0.874281,8492,58171,707
1.237665126933136e+18,184.402439410161,33.9337936125544,24.87204,24.0732,21.38696,20.1267,19.47648,4576,301,1,445,1.1536076960347478e+19,GALAXY,0.6539301,10246,58171,387
1.2376640929013432e+18,134.779834155809,27.8576455780251,24.9791,23.14558,21.47306,20.45635,19.7676,4335,301,3,164,1.2003312777303448e+19,GALAXY,0.6202189,10661,58171,341
1.2376672115956785e+18,165.362401515339,28.5389484231882,22.74841,22.96958,22.01803,21.92478,20.63617,5061,301,4,335,1.1797227464618697e+19,GALAXY,0.807697,10478,58171,175
1.2376640939750856e+18,134.344603516784,28.6499972387109,21.56837,21.34964,21.0087,21.10816,20.95574,4335,301,5,164,1.2003375999222e+19,QSO,1.278152,10661,58171,571
1.2376623013638968e+18,222.704466839073,45.3295938803954,21.55872,20.86508,20.46568,20.05959,19.91704,3918,301,2,176,9.561393109524568e+18,QSO,1.928614,8492,58171,913
1.237665126933529e+18,185.491648811364,33.8494339795944,22.90257,24.07225,21.83263,20.58413,19.93459,4576,301,1,451,1.1536011539405623e+19,GALAXY,0.5967682,10246,58171,149
1.237658204522742e+18,221.811412758332,43.6341866200476,21.53809,21.07209,20.89732,20.65542,20.55857,2964,301,3,493,9.56121031571645e+18,QSO,0.7203109,8492,58171,248
1.237665126933529e+18,185.506864526585,33.8333245492034,23.05441,23.84752,21.25685,20.01711,19.30018,4576,301,1,451,1.1536010439894e+19,GALAXY,0.6667391,10246,58171,145
1.2376583124081713e+18,202.922977998648,59.0426169579694,22.41729,21.33903,21.10045,21.04143,21.01585,2989,301,4,102,9.245978133009816e+18,STAR,-0.0006097227,8212,58171,320
1.2376650254415956e+18,184.058897464459,35.2248378833264,19.88222,19.67099,19.39375,19.26177,19.16288,4552,301,4,95,1.1536121765446308e+19,QSO,1.105112,10246,58171,550
1.237658204522349e+18,220.640969218009,43.9941447095007,21.41183,21.40616,21.29816,21.1505,20.81223,2964,301,3,487,9.561258694228072e+18,QSO,2.020783,8492,58171,424
1.237655106764931e+18,174.364206316223,58.4434632827425,24.63362,22.90421,21.65046,20.36533,22.82511,2243,301,1,300,9.27527791886679e+18,STAR,-0.0005078539,8238,58171,416
1.237658312407712e+18,200.894300799414,59.4364833251361,21.18964,21.2087,21.09571,20.8919,21.64045,2989,301,4,95,9.246031184445856e+18,QSO,1.530712,8212,58171,513
1.2376613537787412e+18,175.06668644682,57.7033249728264,21.99258,21.77981,21.21498,21.34024,22.416,3697,301,5,54,9.275253179855163e+18,QSO,1.390235,8238,58171,326
1.2376672115958753e+18,165.983697940614,28.7740559904555,23.11214,22.54761,21.89598,21.36925,20.86721,5061,301,4,338,1.1797181560008235e+19,GALAXY,0.8358613,10478,58171,8
1.237667211595875e+18,165.964981727377,28.8307174678169,24.82114,23.00321,23.26768,22.13583,21.61124,5061,301,4,338,1.1797182934397768e+19,GALAXY,0.7847044,10478,58171,13
1.237658312407974e+18,201.978807565643,59.2924873905924,17.7685,16.80376,16.42458,16.30039,16.26592,2989,301,4,99,9.246058122480736e+18,STAR,-0.0003790277,8212,58171,611
1.2376583113286625e+18,177.004057492369,59.2347544595094,22.52809,22.04874,21.48025,20.94418,20.75435,2989,301,2,14,9.27540931050631e+18,GALAXY,0.8639108,8238,58171,894
1.2376650243677883e+18,183.903444392659,34.4883705743828,21.12146,20.89201,21.0428,20.84246,20.42377,4552,301,2,94,1.1536129462027704e+19,STAR,-0.001707439,10246,58171,578
1.2376613543162022e+18,177.62250364415,58.1701564412265,21.04273,19.52524,18.95503,18.77956,18.66335,3697,301,6,63,9.275189408180754e+18,STAR,-6.38492e-05,8238,58171,94
1.2376640939752164e+18,134.642263107709,28.8533138690828,24.14437,21.35035,19.69309,18.64666,18.11592,4335,301,5,166,1.2003396889943e+19,STAR,0.0001185023,10661,58171,647
1.2376640939756751e+18,135.741038419468,29.1934663243722,21.92856,21.30722,21.0536,20.66171,20.43722,4335,301,5,173,1.2003460386739476e+19,QSO,5.982324,10661,58171,878
1.2376650243675917e+18,183.27072152046,34.4405944678439,21.05567,20.99392,20.61568,20.73361,21.17064,4552,301,2,91,1.1536110220574218e+19,QSO,1.059387,10246,58171,508
1.2376672545446303e+18,163.937476240179,28.6237330594136,22.46302,22.46001,21.87873,21.46297,20.69138,5071,301,4,324,1.179730965311287e+19,GALAXY,1.075294,10478,58171,474
1.2376672105217393e+18,165.063183998207,27.6861078025124,24.01384,22.91559,22.41969,21.66423,21.21399,5061,301,2,332,1.1797241758269856e+19,GALAXY,0.7934559,10478,58171,227
1.2376650249055117e+18,186.136534843503,34.8890632942137,24.17659,24.36205,21.44217,20.25921,19.46945,4552,301,3,107,1.1536229242707925e+19,GALAXY,0.7542024,10246,58171,941
1.237662498926167e+18,223.498045554353,44.6230612095825,23.02658,23.61321,21.74828,20.60713,19.86008,3964,301,2,81,9.561415099757126e+18,GALAXY,0.5889866,8492,58171,993
1.2376551078450964e+18,202.757802802887,58.5408231861443,24.04876,22.70383,21.88322,20.54231,19.00331,2243,301,3,398,9.245984455201675e+18,QSO,1.788968,8212,58171,343
1.237658204522087e+18,219.694336839784,44.230745785922,25.93244,23.13133,21.61388,20.85017,20.21869,2964,301,3,483,9.56127793568156e+18,STAR,7.825154e-05,8492,58171,494
1.2376624989259704e+18,223.137071463797,44.9638788734885,24.74111,24.13408,21.87315,20.56357,19.75502,3964,301,2,78,9.561407403175727e+18,GALAXY,0.6297113,8492,58171,965
1.2376551083822945e+18,204.324863874873,58.6421557247297,23.02883,23.36355,21.62231,20.28504,19.61435,2243,301,4,403,9.245928929864473e+18,GALAXY,0.6880944,8212,58171,141
1.2376583107974925e+18,201.971085988578,58.0105741181485,22.58601,22.21754,21.01533,20.77489,20.45589,2989,301,1,101,9.246001497631904e+18,GALAXY,0.4503426,8212,58171,405
1.237667211595481e+18,164.852629116492,28.6520706855217,22.93065,22.91557,22.88081,22.37918,21.36551,5061,301,4,332,1.1797268421426827e+19,GALAXY,0.9775833,10478,58171,324
1.23766502544153e+18,183.847014648897,35.2573150133116,21.96215,21.75845,20.80286,20.5634,20.37336,4552,301,4,94,1.1536230342219553e+19,GALAXY,0.0,10246,58171,945
1.2376650254419238e+18,184.992150322081,35.2916196524378,22.30345,22.03199,21.55568,20.9902,20.82536,4552,301,4,100,1.1536187186388165e+19,QSO,0.6474143,10246,58171,788
1.2376613537788723e+18,175.81495362724,57.7429471560703,20.8142,20.77379,20.97028,20.6141,20.75558,3697,301,5,56,9.275241634983072e+18,QSO,1.78587,8238,58171,284
1.2376551067653243e+18,175.938131652009,58.6085169837174,20.51339,20.55337,20.36054,20.32453,20.29565,2243,301,1,306,9.27523558766912e+18,QSO,1.014084,8238,58171,262
1.2376640939748887e+18,133.944039091881,28.4668335153137,21.13118,20.87699,20.74415,20.43353,20.26619,4335,301,5,161,1.2003366103617397e+19,QSO,0.6051954,10661,58171,535
1.2376582045230697e+18,222.602530247646,43.2655653786456,21.5259,21.36192,21.20932,21.20068,21.05025,2964,301,3,498,9.561165785495523e+18,QSO,1.92839,8492,58171,86
1.237658204522742e+18,221.733882166721,43.6155836032873,21.31153,21.1674,20.9491,21.04272,20.73549,2964,301,3,493,9.561211964983892e+18,QSO,0.869884,8492,58171,254
1.2376650243677228e+18,183.572124325709,34.5042724551783,21.69398,21.42625,21.09818,21.08469,20.73377,4552,301,2,93,1.1536109945696311e+19,QSO,0.8378874,10246,58171,507
1.237654399163499e+18,220.197277025383,59.8126885979072,25.57607,23.22896,21.30376,20.23948,19.33566,2078,301,3,215,9.471299676517192e+18,QSO,0.6656805,8412,58172,835
1.23766487995705e+18,160.131881200505,35.6615214066365,24.64641,26.39754,21.82747,20.58955,19.52757,4518,301,5,209,1.1565464157395638e+19,QSO,1.170439,10272,58172,801
1.237664880493724e+18,159.527468342185,35.8157090271905,21.24435,20.57441,20.6161,20.6474,20.74402,4518,301,6,206,1.1565428148389829e+19,QSO,2.454255,10272,58172,670
1.2376648804933962e+18,158.574011412749,35.7502616756991,22.06998,21.8171,21.35106,21.46935,21.40288,4518,301,6,201,1.156539461328518e+19,QSO,1.103339,10272,58172,548
1.2376543991635648e+18,220.486221949048,59.7560474186153,26.32257,22.75723,22.01509,20.52937,19.58852,2078,301,3,216,9.471297477493938e+18,GALAXY,0.9300343,8412,58172,827
1.2376639167992305e+18,113.782007759152,45.0277523832636,22.02546,21.4399,21.48417,21.05767,20.83237,4294,301,3,35,1.1996669528065202e+19,QSO,0.5850475,10655,58172,749
1.2376648192797573e+18,161.094629757915,35.2950387178184,20.25672,19.45366,18.83774,18.44936,18.25366,4504,301,4,43,1.156551171127354e+19,QSO,0.1701033,10272,58172,974
1.2376648804935276e+18,159.021077227065,35.7184008486099,26.23115,22.62924,21.15252,20.1121,19.40423,4518,301,6,203,1.156540368425611e+19,GALAXY,0.5908423,10272,58172,581
1.237658802039686e+18,191.808696120516,54.8729703224609,26.29178,24.03295,22.21834,20.73148,19.89639,3103,301,4,182,9.251685423008471e+18,GALAXY,0.7653022,8217,58172,603
1.2376643377105477e+18,161.279124613852,34.7194055116757,25.28234,24.49854,23.48888,21.09253,19.96741,4392,301,3,104,1.156524975262822e+19,GALAXY,0.881583,10272,58172,21
1.2376622235221363e+18,160.598589439678,36.1734317631964,22.14936,21.66614,21.51237,21.30198,21.24275,3900,301,1,245,1.1565483673727e+19,GALAXY,0.1168912,10272,58172,872
1.2376543991634335e+18,219.967866763231,59.9593708583285,23.55961,22.85273,21.48423,20.38606,19.44241,2078,301,3,214,9.47128483311022e+18,GALAXY,0.7158693,8412,58172,781
1.2376648804938555e+18,159.910547127458,35.9608606067951,22.53911,23.18307,21.68191,20.49212,19.68354,4518,301,6,208,1.1565463057884e+19,GALAXY,0.6645419,10272,58172,797
1.237664877809566e+18,160.735203262021,34.0004843106524,20.80928,20.85503,20.59595,20.35903,19.93256,4518,301,1,209,1.1565268169448e+19,GALAXY,0.9574882,10272,58172,88
1.2376648804935928e+18,159.232179336563,35.7423430844701,21.26097,21.25266,21.44573,21.3015,21.63844,4518,301,6,204,1.1565419352296806e+19,QSO,1.937454,10272,58172,638
1.2376543986268244e+18,220.512028652202,59.2945300629063,21.8497,21.15496,20.84322,20.52577,20.94109,2078,301,2,218,9.471302425296263e+18,QSO,1.56877,8412,58172,845
1.2376648778092385e+18,159.925604805839,33.8621610143913,24.87849,23.52243,21.17606,20.13032,19.34167,4518,301,1,204,1.1565322320395655e+19,GALAXY,0.782571,10272,58172,285
1.2376575913982036e+18,189.355635846214,55.669917922331,21.43701,20.60674,20.36415,20.29523,20.19536,2821,301,5,219,9.250613674049296e+18,STAR,8.314257e-05,8216,58172,800
1.2376637884881318e+18,112.431652646256,44.0450656630325,25.58518,23.81051,21.97407,20.78196,19.92939,4264,301,4,51,1.199661125394893e+19,STAR,-0.000210977,10655,58172,537
1.237662303502074e+18,192.118658682857,53.5345667176617,24.15335,21.85817,21.17572,21.18911,21.61049,3918,301,6,34,9.25162082670034e+18,GALAXY,0.3404478,8217,58172,368
1.2376648778095e+18,160.477863753892,33.9593634729662,18.17101,17.23798,16.89615,16.78749,16.76135,4518,301,1,208,1.15652885104131e+19,STAR,-0.000207505,10272,58172,162
1.2376648192795617e+18,160.603332314784,35.193726484809,25.13262,23.62847,21.48386,20.40921,19.72921,4504,301,4,40,1.1565490545674705e+19,GALAXY,0.5626195,10272,58172,897
1.237657858223178e+18,190.064430122468,53.5615404623002,21.08359,19.21909,17.97894,17.48476,17.12725,2883,301,6,221,9.25042813146211e+18,GALAXY,0.19415,8216,58172,125
1.2376637884883932e+18,112.683959014747,44.6857739037516,21.89703,21.49989,21.24143,20.95173,20.52835,4264,301,4,55,1.1996628571257068e+19,QSO,1.563333,10655,58172,600
1.237654398626366e+18,218.744236956974,59.8778583136431,22.80805,21.95785,20.73968,20.12702,19.61256,2078,301,2,211,9.471253771906734e+18,GALAXY,0.3236559,8412,58172,668
1.2376648804937894e+18,159.665910237687,35.9011168238654,21.60715,21.20449,21.20564,20.9029,21.4251,4518,301,6,207,1.1565441892285176e+19,QSO,1.584368,10272,58172,720
1.237663787951129e+18,112.702508458295,43.6714820646533,22.04193,21.82527,21.72067,21.28382,21.56294,4264,301,3,49,1.199658321640242e+19,QSO,1.656626,10655,58172,435
1.2376639162617047e+18,113.472749970863,43.5857875269749,23.29427,22.52659,20.90032,20.13269,19.53989,4294,301,2,25,1.1996559576902425e+19,GALAXY,0.4518773,10655,58172,349
1.237663788488131e+18,112.172802379993,44.1201708722338,21.36035,20.8137,20.71022,20.63899,20.24632,4264,301,4,51,1.1996604382001256e+19,QSO,2.393781,10655,58172,512
1.2376648799570496e+18,160.224418065701,35.545188509279,21.17469,21.17642,20.72411,20.69969,20.24562,4518,301,5,209,1.156546498202936e+19,GALAXY,0.3306644,10272,58172,804
1.2376648799567877e+18,159.596872389868,35.4604743213111,20.53633,20.51968,20.46591,20.18656,20.11094,4518,301,5,205,1.1565433645948e+19,QSO,1.896364,10272,58172,690
1.2376639173357745e+18,113.008288811981,44.5419648202011,25.85198,23.82161,22.15637,20.69117,19.86185,4294,301,4,30,1.1996629945646602e+19,STAR,7.003621e-05,10655,58172,605
1.2376650254459863e+18,196.314270139969,34.7244899500415,21.10632,21.37195,21.08285,21.03999,21.26991,4552,301,4,162,1.154163499165944e+19,QSO,1.191246,10251,58173,127
1.2376650254461176e+18,196.549953195872,34.7797195880755,21.93106,21.83747,21.48927,21.50515,21.38972,4552,301,4,164,1.154162317190944e+19,GALAXY,1.373459,10251,58173,84
1.2376650254398917e+18,179.250794658414,35.2240062259479,20.32429,20.09862,19.85993,19.90571,19.81557,4552,301,4,69,1.15519769980303e+19,QSO,1.119396,10260,58173,887
1.237665025439892e+18,179.289916492573,35.281177179381,22.27341,22.09124,21.89097,21.55807,20.99124,4552,301,4,69,1.1551988268024484e+19,GALAXY,0.9113072,10260,58173,928
1.2376650259829883e+18,196.680553623713,35.2798739889229,19.85406,19.49483,19.39739,19.36524,19.26426,4552,301,5,164,1.1541867538368717e+19,QSO,0.7447887,10251,58173,973
1.237665024908591e+18,194.702605986605,34.5360391779928,24.46527,23.95002,20.88076,20.38285,22.05342,4552,301,3,154,1.154169354065362e+19,GALAXY,0.1271568,10251,58173,340
1.237665025439695e+18,178.597372598563,35.0971817117661,21.57328,21.06527,20.72515,20.61028,20.51003,4552,301,4,66,1.1551958581210536e+19,QSO,0.9759849,10260,58173,820
1.2376650254394327e+18,177.984278303906,35.1269689939568,20.84361,20.30532,19.75977,19.39783,19.34439,4552,301,4,62,1.155193301756519e+19,QSO,1.541789,10260,58173,727
1.2376651269311695e+18,179.041169020801,33.7232737234526,22.65307,23.31672,21.44066,20.39166,19.36614,4576,301,1,415,1.1551766441553582e+19,GALAXY,0.9393746,10260,58173,121
1.237665127468303e+18,179.66985677048,34.233666115286,23.21068,24.86865,22.12743,20.79617,19.40184,4576,301,2,419,1.15517395035187e+19,GALAXY,0.8475193,10260,58173,23
1.2376651274677133e+18,178.189527942917,34.1793310034749,23.98167,21.63718,20.23018,19.67904,19.52864,4576,301,2,410,1.1551804099826831e+19,GALAXY,0.2542775,10260,58173,258
1.2376650249023654e+18,177.494013881112,34.6890938115541,22.09023,21.78007,21.64303,21.50192,21.16258,4552,301,3,59,1.155184753053613e+19,QSO,2.172331,10260,58173,416
1.2376650243658222e+18,178.339828077623,34.2534779492071,20.30738,20.21626,20.29076,20.08857,19.85467,4552,301,2,64,1.1551798602268697e+19,QSO,2.029265,10260,58173,238
1.2376650259768942e+18,179.510575518373,35.5832958343784,24.64365,23.7487,21.48704,20.38807,19.62926,4552,301,5,71,1.1551994590216344e+19,GALAXY,0.7261789,10260,58173,951
1.237665024902693e+18,178.299972778762,34.7859999447536,22.34334,21.86898,21.70486,21.50016,21.36812,4552,301,3,64,1.1551813445675667e+19,QSO,1.57625,10260,58173,292
1.23766502651324e+18,178.095680177069,36.0092557591201,24.63493,22.27427,21.24601,20.19871,18.72414,4552,301,6,63,1.1551926970251235e+19,GALAXY,0.2032583,10260,58173,705
1.2376651274738076e+18,195.002022526315,33.8130498568738,22.34324,21.76328,21.45912,21.32877,21.08053,4576,301,2,503,1.1541677872612923e+19,QSO,1.116766,10251,58173,283
1.237665024909051e+18,196.066271092776,34.4820935444939,23.70505,23.30708,21.9627,20.52334,19.9115,4552,301,3,161,1.1541616299961768e+19,STAR,5.045449e-05,10251,58173,59
1.2376650254453967e+18,194.565906748478,34.862376519574,21.24377,21.27124,21.20224,21.25839,21.03379,4552,301,4,153,1.1541696564310596e+19,QSO,1.445656,10251,58173,351
1.2376650243660188e+18,178.918108692822,34.3772221565196,21.98928,21.2789,21.20255,21.45407,20.88489,4552,301,2,67,1.155177276374544e+19,QSO,2.454484,10260,58173,144
1.2376650259826609e+18,195.758351128546,35.169110149308,20.75314,20.78734,20.42881,20.46617,20.3762,4552,301,5,159,1.1541831254485e+19,QSO,1.169749,10251,58173,841
1.2376650243652324e+18,176.743002310437,34.1433720213013,22.03778,21.88372,21.87468,21.91276,21.83872,4552,301,2,55,1.1551853028094267e+19,QSO,2.132577,10260,58173,436
1.2376650243660844e+18,179.033389882259,34.4105999868742,21.81643,21.68437,21.17488,20.66242,20.43302,4552,301,2,68,1.1551763417896604e+19,QSO,0.4333241,10260,58173,110
1.237665025439761e+18,178.858499672649,35.2153832974017,22.18568,23.21664,21.55996,20.55704,19.52986,4552,301,4,67,1.155196435364658e+19,QSO,6.318133,10260,58173,841
1.237665025976828e+18,179.379921241736,35.6530450001855,23.0923,23.93973,21.53876,20.52086,19.75537,4552,301,5,70,1.1551984694611696e+19,GALAXY,0.5730239,10260,58173,915
1.237665024908788e+18,195.226047711222,34.4998357978365,21.8212,21.77329,21.44424,21.3881,21.19528,4552,301,3,157,1.1541671275543157e+19,QSO,0.8868099,10251,58173,259
1.2376651274736113e+18,194.342098734127,33.9320392729435,22.41633,22.23875,21.9968,21.68973,21.02914,4576,301,2,500,1.1541711682595475e+19,QSO,1.398019,10251,58173,406
1.2376651285409308e+18,176.515142550075,34.8161187525467,22.77144,23.25395,21.86552,20.60654,19.81044,4576,301,4,402,1.1551870345402409e+19,GALAXY,0.8195037,10260,58173,499
1.2376650243660844e+18,179.078859664143,34.3276033341547,24.05039,22.10644,20.55964,18.55427,17.47909,4552,301,2,68,1.155176121887335e+19,STAR,2.691836e-05,10260,58173,102
1.2376650259826609e+18,195.668695318809,35.1687129998369,21.63182,20.70355,20.84824,20.80526,20.50005,4552,301,5,159,1.1541825207171e+19,QSO,2.35569,10251,58173,819
1.2376650254396296e+18,178.444874309525,35.1603972430704,21.9657,21.34326,21.08632,20.71685,20.69793,4552,301,4,65,1.1551944012681468e+19,QSO,0.6429258,10260,58173,767
1.2376650254461184e+18,196.690163424924,34.8564316277842,23.64645,23.76302,22.46855,20.4406,19.32878,4552,301,4,164,1.1541619323618744e+19,STAR,-5.699003e-05,10251,58173,70
1.237665025983054e+18,196.863633993209,35.1502860998852,21.62013,21.41207,21.25556,20.84593,20.63303,4552,301,5,165,1.1541622072397812e+19,QSO,1.521712,10251,58173,80
1.2376650254452e+18,194.016513506049,34.9251276672372,20.66581,20.58062,20.74265,20.54782,20.53631,4552,301,4,150,1.1541718829421058e+19,QSO,1.776295,10251,58173,432
1.2376651269311695e+18,179.072829959421,33.6376122774936,23.97556,21.95388,21.09339,20.82861,20.66524,4576,301,1,415,1.1551767541065208e+19,STAR,-6.759331e-06,10260,58173,125
1.2376650254389094e+18,176.573739870492,34.9492578512327,23.01091,23.01162,21.43994,20.31011,19.61195,4552,301,4,54,1.1551874193693104e+19,GALAXY,0.6061655,10260,58173,513
1.2376650254396296e+18,178.458911343779,35.1001585903694,22.98871,20.34238,19.31916,19.04185,18.87937,4552,301,4,65,1.1551944287559377e+19,STAR,0.001222535,10260,58173,768
1.2376650259762383e+18,177.742922041582,35.5440222674335,22.94503,21.01558,19.39655,18.86561,18.55104,4552,301,5,61,1.15519176244024e+19,GALAXY,0.3484356,10260,58173,671
1.237665024909313e+18,196.808011993085,34.4131878606345,22.70123,22.31874,20.94676,20.08973,19.59409,4552,301,3,165,1.1541602830944328e+19,GALAXY,0.5495939,10251,58173,10
1.2376650243658875e+18,178.637865646794,34.3201077736809,20.48215,20.31443,20.33795,20.09007,20.15082,4552,301,2,65,1.1551788706664e+19,QSO,1.717326,10260,58173,202
1.2376651285482703e+18,196.970913538119,34.5551838865239,23.7474,22.9426,21.83832,20.7521,19.92594,4576,301,4,514,1.1541605854601304e+19,GALAXY,0.9703103,10251,58173,21
1.2376650254459863e+18,196.147278722908,34.7527506354943,21.18913,21.2975,21.31093,20.81921,21.65743,4552,301,4,162,1.154163416702572e+19,QSO,1.761738,10251,58173,124
1.237665025439171e+18,177.168143290268,35.0550100202365,24.2822,22.66254,21.03416,20.14378,19.70081,4552,301,4,58,1.15518898617338e+19,GALAXY,0.575578,10260,58173,570
1.237665128547812e+18,195.796633145877,34.5833312097301,22.93498,21.26978,19.77284,19.30498,19.01478,4576,301,4,507,1.1541648185799e+19,GALAXY,0.282322,10251,58173,175
1.2376650259827264e+18,195.944719011715,35.2954535634339,22.00237,21.77586,21.16375,21.02436,20.79077,4552,301,5,160,1.1541846922525692e+19,QSO,1.251336,10251,58173,898
1.237665025983054e+18,196.918644849473,35.1226021461725,20.86695,20.65094,20.35591,20.19353,20.01979,4552,301,5,165,1.1541620148252463e+19,QSO,0.9214658,10251,58173,73
1.237665025439564e+18,178.254504318393,35.1664397603849,22.77082,21.21394,20.95038,21.03624,20.72419,4552,301,4,64,1.1551934117076816e+19,QSO,3.040816,10260,58173,731
1.2376650254455278e+18,194.933725708575,34.8926580667435,21.4898,21.11419,20.81864,20.56631,20.09808,4552,301,4,155,1.1541685569194316e+19,GALAXY,0.3731478,10251,58173,311
1.2376650243660846e+18,179.128545922803,34.2851015577184,25.9103,22.44138,21.87745,21.24339,20.71494,4552,301,2,68,1.1551760669117536e+19,QSO,0.786576,10260,58173,100
1.2376648176815316e+18,196.27230173252,36.0497831745304,23.43618,23.22012,22.022,20.73306,19.91728,4504,301,1,232,1.1541849396426856e+19,GALAXY,0.7625231,10251,58173,907
1.2376650254451343e+18,193.916286952489,34.968556978127,22.00563,20.08323,18.98422,18.51847,18.25894,4552,301,4,149,1.1541730649171057e+19,GALAXY,0.183099,10251,58173,475
1.2376650243657564e+18,178.11582143503,34.3701784581246,19.98488,19.94332,19.9769,19.60804,19.51797,4552,301,2,63,1.1551821692012876e+19,QSO,1.785929,10260,58173,322
1.2376650259830538e+18,196.784429284677,35.1182309378454,21.33946,20.15679,19.88186,19.8678,19.93634,4552,301,5,165,1.1541621247764093e+19,QSO,3.063928,10251,58173,77
1.23766502544579e+18,195.610351770428,34.8803752775099,23.82954,22.46159,22.01034,22.17084,21.59731,4552,301,4,159,1.1541652308967576e+19,GALAXY,0.2374872,10251,58173,190
1.2376651274738076e+18,194.931063929017,33.8667342619636,21.8049,22.1191,21.41345,21.4537,21.78582,4576,301,2,503,1.154168007163618e+19,QSO,1.349068,10251,58173,291
1.2376650243656256e+18,177.830945615346,34.231216574245,20.6296,20.479,20.41189,20.32002,20.09512,4552,301,2,61,1.155183213737334e+19,QSO,1.983042,10260,58173,360
1.2376650249029555e+18,179.055590222865,34.6557353268073,25.63922,24.65392,22.05772,20.44333,19.71483,4552,301,3,68,1.1551763692774513e+19,GALAXY,0.7484124,10260,58173,111
1.237665025439499e+18,178.210108824069,35.1679713668953,22.38975,21.45745,21.27946,21.16466,20.96835,4552,301,4,63,1.1551933292443095e+19,QSO,2.388626,10260,58173,728
1.2376650259825295e+18,195.445349298763,35.2246152430821,21.49995,21.36897,20.90844,20.65129,20.97774,4552,301,5,157,1.1541814486932677e+19,QSO,1.1005,10251,58173,780
1.237665129621095e+18,194.657269616939,35.6626046173258,23.32437,22.66274,21.41693,20.15043,19.45048,4576,301,6,500,1.1541776828659423e+19,GALAXY,0.71575,10251,58173,643
1.2376650243660844e+18,179.11131581612,34.2570197493446,21.12586,21.28813,21.193,20.76088,20.70622,4552,301,2,68,1.1551770839600091e+19,QSO,1.84367,10260,58173,137
1.2376650259828577e+18,196.378620121734,35.2871595071082,20.16461,19.87435,19.60931,19.55865,19.46078,4552,301,5,162,1.1541857642764065e+19,QSO,0.9706369,10251,58173,937
1.237665025439826e+18,178.969185689945,35.1222577103856,21.8889,21.80657,21.60177,21.49071,21.66318,4552,301,4,68,1.1551978097541929e+19,QSO,1.009238,10260,58173,891
1.2376651274682376e+18,179.50989197408,34.1613213444049,22.48391,24.99269,22.21212,20.78065,19.93385,4576,301,2,418,1.1551748849367536e+19,GALAXY,0.8726549,10260,58173,57
1.237665024366084e+18,179.054278170866,34.4344592953809,20.64188,20.3664,19.95831,19.85067,19.81355,4552,301,2,68,1.1551762868140792e+19,QSO,1.272375,10260,58173,108
1.2376591611963643e+18,229.103374468774,47.0611876869198,22.11378,22.12293,21.94084,21.41677,21.19847,3187,301,1,30,9.586079344641726e+18,QSO,1.808707,8514,58174,609
1.2376591611967572e+18,230.059891733351,46.5904916284344,21.68549,21.28947,20.94663,20.79891,20.19349,3187,301,1,36,9.58597736493825e+18,QSO,2.089974,8514,58174,238
1.2376613876007567e+18,197.871956845686,57.1568558863878,20.06376,19.97113,19.90514,19.64787,19.69991,3705,301,4,41,9.232449192236175e+18,QSO,1.904272,8200,58174,254
1.2376613865366492e+18,230.361702538092,47.2120965607019,23.48684,22.40362,21.86644,21.81447,21.93469,3705,301,2,188,9.586133495589394e+18,QSO,2.98546,8514,58174,806
1.2376591198645788e+18,229.614070517589,45.6767367598906,23.58271,23.14652,21.49945,20.46246,19.65245,3177,301,4,141,9.586001829071968e+18,GALAXY,0.5604592,8514,58174,327
1.237661387073061e+18,229.569925860623,48.1755637246824,21.32841,21.18541,21.07355,20.91783,20.9351,3705,301,3,181,9.586104908287072e+18,QSO,1.452033,8514,58174,702
1.2376591611968228e+18,230.203852845724,46.3697126452188,21.30868,20.32425,20.12896,20.04845,20.05077,3187,301,1,37,9.58597461615918e+18,STAR,-0.0003296479,8514,58174,228
1.2376551073067827e+18,196.365034490224,58.6861925199644,20.66968,20.39915,20.33214,20.09565,20.06728,2243,301,2,376,9.232534129509423e+18,QSO,0.765004,8200,58174,563
1.2376583107963128e+18,196.932379214834,58.4880259616098,21.18406,21.02324,20.60653,20.37821,20.27606,2989,301,1,83,9.232547323648956e+18,QSO,1.907405,8200,58174,611
1.2376583118705797e+18,199.462698320418,59.0323219225722,24.43792,23.89273,21.82956,20.49741,19.7744,2989,301,3,91,9.23263418506755e+18,GALAXY,0.7917736,8200,58174,927
1.2376613881371697e+18,196.196367243277,57.8241554675512,22.94869,23.27895,21.45857,20.22781,19.57875,3705,301,5,34,9.23249839538152e+18,GALAXY,0.7349274,8200,58174,433
1.237661386536518e+18,229.995695005184,47.3968083657683,21.1703,21.02712,21.07979,20.85011,20.65412,3705,301,2,186,9.586131846321953e+18,QSO,2.126289,8514,58174,800
1.2376591611967572e+18,230.081037632892,46.5782196640193,21.17214,21.49964,21.09721,20.85934,20.61404,3187,301,1,36,9.585977914694064e+18,QSO,1.441928,8514,58174,240
1.2376583107965092e+18,197.856449475507,58.3573618292188,21.86497,22.57661,21.66059,21.1141,18.87916,2989,301,1,86,9.232444794189666e+18,GALAXY,0.1992064,8200,58174,238
1.23765831079651e+18,197.736781158329,58.4954335801923,23.99215,23.07048,21.39614,20.25653,19.43582,2989,301,1,86,9.23259185386988e+18,GALAXY,0.6506997,8200,58174,773
1.2376551067706985e+18,199.530267291842,58.0817137352183,24.09782,22.72563,21.06403,20.38246,20.24425,2243,301,1,388,9.232399714212927e+18,GALAXY,0.3328981,8200,58174,74
1.2376591327501356e+18,230.543874672186,45.4621359039296,23.68961,20.96682,19.3754,18.774,18.41289,3180,301,4,151,9.585945479101045e+18,GALAXY,0.2763351,8514,58174,122
1.2376591611964303e+18,229.147118599281,46.9068584452419,24.05721,23.8633,21.52387,20.15499,19.46628,3187,301,1,31,9.586082093420796e+18,QSO,1.393043,8514,58174,619
1.2376613865362555e+18,229.264533984971,47.7750840465093,20.78507,20.66719,20.44,20.29504,20.21291,3705,301,2,182,9.586095287560327e+18,QSO,1.189809,8514,58174,667
1.2376591611962327e+18,228.744458855161,47.1805477496677,21.26999,21.26114,21.35852,20.98146,20.53661,3187,301,1,28,9.5860664253801e+18,QSO,1.802229,8514,58174,562
1.237661418744906e+18,195.740907166348,57.9354362155398,21.73186,20.54103,19.25179,18.74282,18.38786,3712,301,6,127,9.232513513666402e+18,GALAXY,0.1975766,8200,58174,488
1.2376551073071764e+18,197.962337516619,58.6036821971309,22.37533,21.30344,20.85463,20.70656,20.85531,2243,301,2,382,9.232602574108252e+18,STAR,-0.001110393,8200,58174,812
1.237659161196626e+18,229.862608928563,46.6925334421669,20.26792,20.11774,19.95189,19.96251,19.81279,3187,301,1,34,9.586115353647536e+18,QSO,0.8961655,8514,58174,740
1.2376613865368458e+18,230.83604688489,46.793915538564,21.16203,21.03209,21.13551,20.79655,20.98083,3705,301,2,191,9.586169504595204e+18,QSO,1.652067,8514,58174,937
1.2376613876006267e+18,197.4891985971,57.3027128303475,24.31239,23.54329,21.67558,20.30157,19.65878,3705,301,4,39,9.232459362718734e+18,GALAXY,0.6957151,8200,58174,291
1.237658310796116e+18,196.135909243577,58.5291759058848,21.77728,21.02331,20.86725,20.89503,20.54174,2989,301,1,80,9.232525608294308e+18,QSO,2.447976,8200,58174,532
1.2376591611968228e+18,230.16654601972,46.3887447960034,22.98668,21.38789,20.11367,19.60423,19.29282,3187,301,1,37,9.585972692013832e+18,GALAXY,0.2764423,8514,58174,221
1.2376583107971648e+18,200.448463026518,58.173320843361,21.30107,21.29646,21.05327,20.85141,20.52578,2989,301,1,96,9.232386245195487e+18,QSO,1.678456,8200,58174,25
1.2376583124073188e+18,199.091045896361,59.4848561462902,21.38817,21.23906,21.12516,21.11974,20.46271,2989,301,4,89,9.232630061898949e+18,QSO,0.7834637,8200,58174,912
1.237661386536387e+18,229.636868160739,47.4848962264996,26.24193,24.73721,21.4905,20.30831,19.40409,3705,301,2,184,9.586105732920791e+18,QSO,0.9941167,8514,58174,705
1.2376613876007575e+18,197.979359686904,57.2295977147785,23.26199,22.24178,21.15271,20.19036,19.80411,3705,301,4,41,9.232436547852458e+18,STAR,-0.000205406,8200,58174,208
1.237659161196561e+18,229.442065731474,46.7098900188267,21.42823,21.22675,21.05186,20.65366,20.24953,3187,301,1,33,9.58609336341498e+18,QSO,2.004486,8514,58174,660
1.2376591611967572e+18,230.016669813103,46.5226581028857,21.42012,21.06286,20.65785,20.53384,20.49037,3187,301,1,36,9.585988360054528e+18,QSO,1.10059,8514,58174,278
1.237658310796903e+18,199.451922990511,58.2209204939921,21.90481,21.73243,21.38831,21.22571,20.79944,2989,301,1,92,9.232399164457112e+18,QSO,0.9525021,8200,58174,72
1.2376591611967572e+18,230.03994685746,46.4574464614945,21.95606,21.21397,20.64856,20.1577,19.70765,3187,301,1,36,9.585976815182436e+18,QSO,1.998332,8514,58174,236
1.237661386000368e+18,231.620196284689,45.9870236841236,21.27469,20.69431,20.38466,20.18745,19.88133,3705,301,1,197,9.585927337159186e+18,QSO,1.341679,8514,58174,56
1.2376583107962473e+18,196.591395133576,58.5236353291889,22.01492,21.89643,21.10435,20.90836,21.00794,2989,301,1,82,9.232536878288493e+18,QSO,1.334055,8200,58174,573
1.2376551067706327e+18,199.17203101777,58.1471641852724,21.37128,19.69635,18.92801,18.67647,18.51773,2243,301,1,387,9.23239779006758e+18,STAR,-0.0001826447,8200,58174,67
1.2376613876003635e+18,196.108580379012,57.3461509272147,24.63466,22.05803,20.40879,20.55083,22.82689,3705,301,4,35,9.232502243672216e+18,STAR,-0.0001246396,8200,58174,447
1.2376591611968883e+18,230.438036659481,46.3305264331734,22.57126,22.54496,21.7289,20.60693,19.75213,3187,301,1,38,9.585953450560346e+18,GALAXY,0.7548846,8514,58174,151
1.23765911986471e+18,229.89912430854,45.4366829803794,25.16,23.53951,21.78693,20.60503,19.74847,3177,301,4,143,9.585978739327785e+18,GALAXY,0.7617353,8514,58174,243
1.2376591611966922e+18,229.816830251221,46.6340871133861,23.77316,25.31779,21.94405,20.84204,19.7427,3187,301,1,35,9.585988634932437e+18,GALAXY,0.8275535,8514,58174,279
1.237655106770895e+18,200.498522333818,57.9426391321295,22.28997,21.87682,21.4642,21.1186,20.79261,2243,301,1,391,9.232381847148976e+18,GALAXY,0.776466,8200,58174,9
1.237661388674106e+18,196.573317679951,58.1927433430509,22.46828,21.7957,20.9782,20.52402,20.24621,3705,301,6,35,9.23250031952687e+18,QSO,1.927709,8200,58174,440
1.2376583107967718e+18,199.001415545425,58.2577765235995,21.78623,21.55387,21.25675,21.05511,22.29072,2989,301,1,90,9.232400813724555e+18,QSO,1.464823,8200,58174,78
1.2376583107965752e+18,197.886183101375,58.3010166447716,23.54594,22.93236,21.28603,20.22485,19.55111,2989,301,1,87,9.23244451931176e+18,GALAXY,0.5699852,8200,58174,237
1.237659161196626e+18,229.749549384705,46.7163452160745,20.88591,20.91243,20.48784,20.50822,20.47621,3187,301,1,34,9.586114803891722e+18,QSO,1.207966,8514,58174,738
1.2376613859992535e+18,228.581435523932,47.6330840886922,21.20573,21.30693,20.87891,20.94244,20.64428,3705,301,1,180,9.586063951478936e+18,QSO,1.123462,8514,58174,553
1.237655106770109e+18,197.017276087403,58.3142575359847,21.58982,21.28739,20.66124,20.17632,19.71093,2243,301,1,379,9.232548972916398e+18,QSO,0.4300484,8200,58174,617
1.237655108381181e+18,199.574011185757,59.3759285904461,25.77774,24.40545,21.77828,20.61954,19.93555,2243,301,4,386,9.232639132869878e+18,QSO,0.8321149,8200,58174,945
1.2376551067702395e+18,197.558760397194,58.1674214125045,20.89734,20.84007,20.3767,20.30686,20.40696,2243,301,1,381,9.232453865160598e+18,QSO,1.308584,8200,58174,271
1.2376613865367145e+18,230.677587724339,47.104854644392,19.82185,19.42819,19.41788,19.18609,19.17536,3705,301,2,189,9.586156585333576e+18,QSO,0.5584282,8514,58174,890
1.2376613865367803e+18,230.827642917076,47.027760478185,21.54,21.47548,21.31923,21.235,21.26288,3705,301,2,190,9.586155760699857e+18,GALAXY,1.236924,8514,58174,887
1.2376583107959196e+18,195.316357034501,58.6588915969125,20.80768,20.62423,20.27151,20.2286,20.3121,2989,301,1,77,9.23251818659082e+18,QSO,1.211215,8200,58174,505
1.237661386536518e+18,230.024116573058,47.3958210653375,22.76112,22.1245,22.02812,21.84091,21.44378,3705,301,2,186,9.586129097542883e+18,QSO,0.5930616,8514,58174,790
1.2376591332864172e+18,229.236438947704,46.5506421792705,25.4194,24.32227,21.75581,20.63339,19.96812,3180,301,5,142,9.58602052076964e+18,GALAXY,0.7481644,8514,58174,395
1.237658310796444e+18,197.350289518495,58.3967277717109,23.27972,21.34092,19.9231,19.36233,19.05688,2989,301,1,85,9.232560792666397e+18,GALAXY,0.3079639,8200,58174,660
1.2376591332865482e+18,229.581574066748,46.2670488067964,22.90105,24.04914,21.53375,20.35722,19.68903,3180,301,5,144,9.5859952320022e+18,GALAXY,0.6699974,8514,58174,303
1.237658310796837e+18,199.071016635815,58.2854057999369,21.02818,21.08962,21.11691,21.01265,21.17652,2989,301,1,91,9.232400538846648e+18,QSO,1.960369,8200,58174,77
1.2376613870736507e+18,231.160060334347,47.3920048783022,22.76844,23.80451,21.29458,20.20374,19.43484,3705,301,3,190,9.586175002153345e+18,GALAXY,0.6900706,8514,58174,957
1.2376583107961162e+18,196.194973205031,58.6657922771606,21.34452,21.02043,20.66329,20.75797,20.80487,2989,301,1,80,9.232523409271052e+18,QSO,1.050024,8200,58174,524
1.2376583107967716e+18,198.884810062439,58.2661221684766,22.71529,20.00586,18.74981,18.26122,17.90344,2989,301,1,90,9.232412358596649e+18,GALAXY,0.193504,8200,58174,120
1.2376624731517755e+18,230.65705786848,38.9127908269539,23.75737,22.83825,21.38687,20.2809,19.54611,3958,301,2,11,9.593896872331991e+18,QSO,1.404098,8521,58175,377
1.2376582045255603e+18,229.248281961169,40.3005372215017,24.51174,23.83624,21.73468,20.48938,19.56375,2964,301,3,536,9.59393480548315e+18,GALAXY,0.6404462,8521,58175,515
1.2376582045259535e+18,230.111485929526,39.8947455761322,24.74482,23.27866,21.52765,20.19189,19.27795,2964,301,3,542,9.593913914762222e+18,GALAXY,0.6437631,8521,58175,439
1.2376582039888865e+18,229.328837518505,39.7987031904886,25.35559,23.47456,21.71916,20.58792,19.84677,2964,301,2,539,9.593928208413385e+18,GALAXY,0.6679136,8521,58175,491
1.2376625042905508e+18,231.997695078194,39.4249897657858,23.30316,24.4401,22.6391,21.21566,19.8441,3965,301,4,15,9.593824854320374e+18,GALAXY,0.8213906,8521,58175,115
1.2376544002378304e+18,223.468408401454,59.9653350243886,21.18741,21.28912,21.04372,20.94649,21.04662,2078,301,5,224,9.476893716851745e+18,QSO,1.43685,8417,58175,706
1.2376624742256484e+18,231.507868414151,39.3990956658078,25.37521,23.85369,22.1561,20.77001,19.60469,3958,301,4,13,9.593853441622692e+18,GALAXY,0.8142213,8521,58175,219
1.237658204526019e+18,230.395750061102,39.7991514892213,25.94868,23.45659,21.01477,19.99033,19.32106,2964,301,3,543,9.593900720622688e+18,GALAXY,0.6120089,8521,58175,391
1.2376624983930314e+18,232.970789551463,39.7713611383245,24.97088,24.76553,22.10303,20.69367,19.88684,3964,301,1,138,9.59379901579712e+18,GALAXY,0.67174,8521,58175,21
1.237654400237699e+18,222.915080718215,59.9547780376798,21.45694,21.19442,20.72383,20.30256,20.11245,2078,301,5,222,9.476883821247093e+18,QSO,1.647439,8417,58175,670
1.2376624742255823e+18,231.297382677428,39.4930108723016,23.50935,25.3205,21.55203,20.40554,19.41913,3958,301,4,12,9.5938655362506e+18,GALAXY,0.8180572,8521,58175,263
1.2376582045262817e+18,230.969027109739,39.5673747901851,23.55474,25.254,21.76048,20.61782,19.30822,2964,301,3,547,9.593875981611063e+18,GALAXY,0.8435179,8521,58175,301
1.2376544002379617e+18,223.959458048528,59.8122873455461,21.77508,21.57874,21.39392,21.18426,20.77757,2078,301,5,226,9.476905811479648e+18,GALAXY,0.9932835,8417,58175,750
1.237654400237896e+18,223.820187032066,59.8133688785999,22.10671,21.31079,21.13417,21.3527,20.81638,2078,301,5,225,9.476905261723834e+18,QSO,2.188348,8417,58175,748
1.2376623019040443e+18,231.668965751478,41.5736624727521,21.62455,20.92823,20.59834,20.44454,20.39111,3918,301,3,226,9.594018918122674e+18,STAR,-0.001316322,8521,58175,821
1.2376582050624315e+18,229.585154737276,40.8001506214764,24.84902,24.50405,22.21404,21.00411,19.90839,2964,301,4,536,9.593938104018033e+18,GALAXY,0.8475521,8521,58175,527
1.2376582045257572e+18,229.608343178465,40.1585935408716,24.38697,23.74465,21.84592,20.72845,19.60023,2964,301,3,539,9.593930407436638e+18,STAR,-0.0004480967,8521,58175,499
1.2376582045255603e+18,229.27214176468,40.4367164489411,23.52814,23.48216,21.7606,20.42753,19.76662,2964,301,3,536,9.594036785186623e+18,GALAXY,0.0,8521,58175,886
1.2376624742257797e+18,231.779198699918,39.3639131698643,22.95675,24.0384,21.60734,20.39667,19.56913,3958,301,4,15,9.593839697727349e+18,GALAXY,0.6552215,8521,58175,169
1.237658204525626e+18,229.33858041834,40.3501989768074,22.8089,23.61609,21.59396,20.5402,19.72731,2964,301,3,537,9.593935904994775e+18,GALAXY,0.7851142,8521,58175,519
1.2376624731517747e+18,230.672256527926,39.024317877921,22.10992,21.03089,20.80009,20.88966,20.73554,3958,301,2,11,9.593892749163389e+18,STAR,-0.0006283619,8521,58175,362
1.2376582050623662e+18,229.348637203794,40.7078354594966,23.04754,23.36963,21.56433,20.53626,19.64907,2964,301,4,535,9.593934255727335e+18,GALAXY,0.7496603,8521,58175,513
1.2376582045262817e+18,230.90204505213,39.447043766873,27.29082,24.73432,22.10571,20.90132,19.85696,2964,301,3,547,9.59388697672734e+18,GALAXY,0.8127263,8521,58175,341
1.2376624731517755e+18,230.723192512958,38.9970291415547,22.78985,22.67242,21.27199,20.18371,19.34793,3958,301,2,11,9.593893024041292e+18,GALAXY,0.6301789,8521,58175,363
1.23766250375368e+18,231.692252172266,39.0566055824727,22.29971,24.56183,21.40569,19.98853,19.27631,3965,301,3,15,9.593837498704091e+18,GALAXY,0.9189576,8521,58175,161
1.237654398627218e+18,222.171181166834,58.8000939856767,23.33836,23.23911,21.24947,20.23147,19.57317,2078,301,2,224,9.47682912054361e+18,GALAXY,0.574362,8417,58175,471
1.2376582039889516e+18,229.566959692989,39.7154525182522,23.00084,22.98424,21.7103,20.67385,19.94688,2964,301,2,540,9.593925459634311e+18,GALAXY,0.6133174,8521,58175,481
1.237662474762584e+18,232.041357446781,39.6975050197198,23.55773,23.25677,21.30223,22.35133,22.14087,3958,301,5,14,9.59382705334363e+18,GALAXY,0.2045993,8521,58175,123
1.2376582050630213e+18,230.934585668882,40.0514476467497,26.49063,22.97474,21.48612,20.45079,19.75185,2964,301,4,545,9.593880379657574e+18,GALAXY,0.530246,8521,58175,317
1.237658204525626e+18,229.427372716801,40.2673226965891,25.13375,23.21428,21.55109,20.54543,19.80624,2964,301,3,537,9.59393370597152e+18,GALAXY,0.6361594,8521,58175,511
1.2376650259866583e+18,206.746480648475,33.6993685604109,18.46486,17.5982,17.23472,17.09179,17.03765,4552,301,5,220,1.1550737024077287e+19,STAR,-0.0001949006,10259,58190,472
1.2376650259869862e+18,207.518019974311,33.7545455158754,20.76056,20.84223,20.9474,20.46752,20.4184,4552,301,5,225,1.1550692768734271e+19,QSO,1.985233,10259,58190,311
1.2376650249133097e+18,207.530327929497,32.6997767667397,22.73755,21.47231,21.23474,23.09657,21.47474,4552,301,3,226,1.155069634214706e+19,STAR,-0.0006081421,10259,58190,324
1.2376650259867896e+18,207.1136622329,33.6375555469989,19.65206,19.58077,19.3056,19.13116,19.18622,4552,301,5,222,1.155071530872264e+19,QSO,1.451881,10259,58190,393
1.237665025986462e+18,206.153068243919,33.8448199966142,21.9168,21.44215,20.99929,20.52667,20.12871,4552,301,5,217,1.1550749668461e+19,GALAXY,0.7125605,10259,58190,518
1.2376650249133102e+18,207.523869288566,32.7814100660531,21.97098,22.10914,21.37658,21.43382,21.09558,4552,301,3,226,1.1550696891902876e+19,QSO,1.223003,10259,58190,326
1.2376650259865275e+18,206.312550222756,33.9441210225288,21.18441,20.59897,20.44998,20.35771,20.11545,4552,301,5,218,1.1550748843827288e+19,QSO,2.091694,10259,58190,515
1.2376650259869207e+18,207.412991562812,33.7499375735863,19.69944,19.27602,19.32016,19.39371,19.67698,4552,301,5,224,1.1550705138240084e+19,STAR,-5.478783e-05,10259,58190,356
1.2376650259868552e+18,207.260547040666,33.5892855463242,19.96206,20.03785,19.65649,19.64139,19.61831,4552,301,5,223,1.1550715033844732e+19,QSO,1.260281,10259,58190,392
1.2376650259865935e+18,206.524477647208,33.8857928436062,23.33092,24.38921,21.78326,20.67337,19.4892,4552,301,5,219,1.1550739497978452e+19,GALAXY,0.8957781,10259,58190,481
1.23766512855181e+18,206.700288383271,33.2603875352771,25.86907,24.20656,22.28716,20.72978,19.78403,4576,301,4,568,1.15507334506645e+19,GALAXY,0.9106094,10259,58190,459
1.2376651285522688e+18,207.879330162638,32.9288904821167,26.11876,23.26869,22.23742,20.85137,19.94761,4576,301,4,575,1.1550674626792411e+19,GALAXY,0.6950512,10259,58190,245
1.23766485310505e+18,209.383695341939,34.774598060865,19.753,19.60289,19.53361,19.29203,19.34833,4512,301,3,80,1.155086731620518e+19,QSO,1.865058,10259,58190,946
1.2376651285522033e+18,207.721233284463,32.8869101847001,25.02424,23.22064,21.43403,20.20815,19.57196,4576,301,4,574,1.1550684522397063e+19,GALAXY,0.7034783,10259,58190,281
1.2376648531049843e+18,209.256748134102,34.917666962213,21.95629,21.96547,21.90199,22.25074,21.79722,4512,301,3,79,1.1550865941815646e+19,QSO,2.093126,10259,58190,941
1.2376648531047877e+18,208.824833474453,34.9881557731685,20.06722,19.8894,19.62633,19.65497,19.66723,4512,301,3,76,1.1550857970356345e+19,QSO,1.314084,10259,58190,912
1.237665025986724e+18,206.840153905044,33.6674872419396,21.72535,21.38002,21.37719,21.11037,21.09594,4552,301,5,221,1.1550726578716824e+19,QSO,1.568245,10259,58190,434
1.237665025986593e+18,206.526926688773,33.9234656773462,20.65302,20.45979,20.58349,20.40769,20.44355,4552,301,5,219,1.155075489114124e+19,QSO,1.679567,10259,58190,537
1.2376650259869862e+18,207.531325054264,33.5766572850727,19.88021,19.72705,19.69661,19.49942,19.60238,4552,301,5,225,1.1550691119466828e+19,QSO,1.675575,10259,58190,305
1.2376583107948713e+18,190.519706102654,58.856910277288,23.64135,24.32074,21.59648,20.59177,19.91642,2989,301,1,61,9.272010995278303e+18,GALAXY,0.8856336,8235,58191,819
1.2376612120485563e+18,228.528728415324,41.4355683732467,21.23524,20.89208,20.77029,20.54227,20.23815,3664,301,5,111,9.592781692931957e+18,QSO,1.922223,8520,58191,416
1.2376623024405873e+18,231.234584445862,42.4793907341111,23.05809,21.33773,20.98476,20.75522,20.87391,3918,301,4,221,9.592940572362168e+18,QSO,3.307625,8520,58191,994
1.237661212048295e+18,227.751962030348,41.8324497606407,25.98832,23.93829,21.41312,20.34021,19.5577,3664,301,5,107,9.59280120926335e+18,QSO,0.5425886,8520,58191,487
1.2376583107949363e+18,191.000825923897,58.9879100406917,21.65741,21.47897,21.2997,21.24815,21.28997,2989,301,1,62,9.272021165760862e+18,QSO,0.9940263,8235,58191,856
1.237658311331611e+18,190.024030218091,59.3384177201437,21.83068,21.56645,21.42051,21.19357,21.10008,2989,301,2,59,9.271995876993423e+18,GALAXY,0.6772609,8235,58191,764
1.2376612120481638e+18,227.440049372434,42.0071559712478,23.51504,23.03754,21.3239,20.28331,19.56301,3664,301,5,105,9.59280285853079e+18,GALAXY,0.5755944,8520,58191,493
1.2376576134156787e+18,188.44471587709,58.6953995494786,25.48698,23.17597,21.85902,20.53885,19.58681,2826,301,6,307,9.27190434265041e+18,GALAXY,0.8036391,8235,58191,431
1.2376623019038474e+18,231.214577383664,42.0117390753819,21.28013,21.27947,21.00698,20.27457,22.04449,3918,301,3,223,9.592671192013363e+18,GALAXY,0.09239468,8520,58191,14
1.2376623013665183e+18,229.633936694049,42.1463157435796,22.16278,21.20854,20.60334,20.29765,19.82351,3918,301,2,216,9.59272176954824e+18,QSO,0.384487,8520,58191,198
1.237658310794871e+18,190.62096415868,58.9602063972722,21.30882,21.13372,21.14825,21.13617,20.62513,2989,301,1,61,9.272010720400398e+18,QSO,2.010446,8235,58191,818
1.237661212048295e+18,227.94829828112,41.8256168141461,23.40019,22.03623,20.72407,20.13869,19.69034,3664,301,5,107,9.592798185606371e+18,STAR,-0.0004439805,8520,58191,476
1.2376583113318735e+18,191.414613295759,59.2557146230793,24.02793,21.88813,20.85074,20.39287,20.15325,2989,301,2,63,9.272030236731791e+18,STAR,-0.0003085706,8235,58191,889
1.2376583107940846e+18,187.287126685451,59.1227475293355,21.44117,21.32325,21.17949,21.07795,20.99845,2989,301,1,49,9.271924683615525e+18,QSO,1.333003,8235,58191,505
1.2376612120486218e+18,228.636373427978,41.4254486903862,22.01543,22.09292,21.7151,21.66675,21.36287,3664,301,5,112,9.592770148059863e+18,QSO,1.173353,8520,58191,374
1.2376576134155471e+18,188.038073659499,58.685636340835,23.05949,21.43621,20.81107,20.66452,20.58269,2826,301,6,305,9.27191698703413e+18,STAR,7.623313e-06,8235,58191,477
1.2376612120488184e+18,229.141671477581,41.0676414864714,21.72932,21.70329,21.29058,21.23813,20.62785,3664,301,5,115,9.592745958804052e+18,QSO,1.117087,8520,58191,286
1.2376583113314145e+18,189.119498286185,59.3319511772495,22.23572,20.27739,19.95065,19.95797,20.06435,2989,301,2,56,9.271962616766683e+18,QSO,3.075445,8235,58191,643
1.2376583107944778e+18,188.956334587233,58.9637745102208,21.30235,20.39157,20.35626,20.26959,20.04247,2989,301,1,55,9.271966190179471e+18,QSO,2.841583,8235,58191,656
1.2376551067688632e+18,191.701116438549,58.591926116733,19.50756,19.5833,19.3456,19.33405,19.40948,2243,301,1,360,9.271806760993444e+18,QSO,1.24554,8235,58191,76
1.2376583107944778e+18,188.825428383451,58.9333128088958,21.13468,21.21776,21.3974,20.90935,20.84374,2989,301,1,55,9.271956019696916e+18,QSO,2.096728,8235,58191,619
1.237655107842212e+18,189.929630465409,59.6732214367321,23.32224,21.3215,20.95506,20.74652,21.23784,2243,301,3,354,9.271993128214354e+18,STAR,-0.00034075,8235,58191,754
1.2376583107948716e+18,190.589491182221,58.8845965668123,25.19263,26.10002,21.78174,20.72876,19.62768,2989,301,1,61,9.272010445522491e+18,GALAXY,0.9602117,8235,58191,817
1.2376623019029307e+18,228.863414387409,43.0672079717301,24.89731,23.11923,22.31531,20.84627,19.84339,3918,301,3,209,9.592852611431946e+18,STAR,6.026246e-05,8520,58191,674
1.237662498928526e+18,229.768356444226,41.8144480118033,23.71608,23.59549,21.76534,20.73866,19.97049,3964,301,2,117,9.592717646379637e+18,GALAXY,0.6002119,8520,58191,183
1.237658310795e+18,191.321980091906,58.9260388147908,20.28014,20.60339,20.12747,20.20913,20.53465,2989,301,1,63,9.272032710632954e+18,QSO,1.278821,8235,58191,898
1.237662498928199e+18,229.11290523807,42.2777908330211,22.19987,22.39992,21.77722,20.63801,19.82309,3964,301,2,112,9.592870478495896e+18,GALAXY,0.8600883,8520,58191,739
1.2376612120486218e+18,228.71651226782,41.442606588459,22.10811,21.86426,21.2162,21.02772,20.91042,3664,301,5,112,9.592769323426142e+18,QSO,1.08244,8520,58191,371
1.2376623008291228e+18,228.054482411635,42.3592103398798,22.22369,21.69259,21.36047,21.18759,21.01308,3918,301,1,208,9.592826772908694e+18,GALAXY,0.2025103,8520,58191,580
1.23765831186822e+18,188.88331308673,59.7495428578728,23.97386,23.21304,21.51757,20.29326,19.51757,2989,301,3,55,9.271959867987614e+18,GALAXY,0.7023297,8235,58191,633
1.2376583107947405e+18,190.052018634365,59.0260160272815,26.22935,23.47639,22.0936,20.83276,19.84623,2989,301,1,59,9.2719989006504e+18,GALAXY,0.6902885,8235,58191,775
1.237655106768208e+18,188.64176818384,58.7289285557427,24.76499,21.96018,20.43842,18.95683,18.17553,2243,301,1,350,9.271906816551574e+18,STAR,-6.846934e-05,8235,58191,440
1.2376576134158748e+18,189.530991764295,58.6424687926474,21.64051,21.6368,21.65074,21.27811,21.08832,2826,301,6,310,9.2718721819353e+18,QSO,1.856774,8235,58191,314
1.2376551073049482e+18,188.275970537229,59.1754473833777,22.49865,21.64915,21.19781,21.17652,20.71507,2243,301,2,348,9.27193045605157e+18,STAR,-0.0003964515,8235,58191,526
1.2376612120484255e+18,228.118159898415,41.687902894675,23.06089,21.87678,21.6206,21.54568,21.33271,3664,301,5,109,9.5927954368273e+18,QSO,2.293576,8520,58191,466
1.2376583107950676e+18,191.46518158259,58.907821478657,21.90043,21.54409,21.60562,21.49178,22.14624,2989,301,1,64,9.272043705749232e+18,QSO,1.675816,8235,58191,938
1.2376612120488184e+18,229.226623623391,41.196128522525,19.516,19.62528,19.37875,19.54156,19.44836,3664,301,5,115,9.59273441393196e+18,QSO,1.343361,8520,58191,244
1.2376623013663872e+18,229.400480624203,42.3624451487766,22.43372,21.90757,21.54389,21.16952,20.71841,3918,301,2,214,9.592879824344734e+18,GALAXY,0.5109064,8520,58191,773
1.2376583113312177e+18,188.437721696686,59.4027041141891,21.50231,20.81991,20.0685,19.8015,19.38524,2989,301,2,53,9.27194035165622e+18,GALAXY,0.4283447,8235,58191,562
1.2376623019033894e+18,230.016484930136,42.432609941281,23.86736,22.28532,20.95111,20.32173,20.0858,3918,301,3,216,9.592910335792404e+18,STAR,-0.0002209484,8520,58191,884
1.2376583107946747e+18,189.837758341299,58.9718902760404,23.48279,22.07415,20.51062,19.97383,19.49528,2989,301,1,58,9.271987905534122e+18,GALAXY,0.3466254,8235,58191,735
1.2376583113314145e+18,189.323749673004,59.4910216722077,20.56911,20.62555,20.77038,20.44736,20.62358,2989,301,2,56,9.271972237493426e+18,QSO,1.887549,8235,58191,678
1.2376623019038477e+18,231.175480623814,41.9584717823122,21.96499,21.76823,21.94691,21.41045,21.3309,3918,301,3,223,9.592669267868017e+18,QSO,2.058724,8520,58191,7
1.2376583107946744e+18,189.659211445191,58.8699660497575,21.75916,19.98558,19.17145,18.71924,18.49527,2989,301,1,58,9.271989279923657e+18,GALAXY,0.1523838,8235,58191,740
1.2376583107944778e+18,188.820471457837,59.1030746776537,20.97039,20.77356,20.50799,20.43637,20.2602,2989,301,1,55,9.27195299603994e+18,QSO,0.9932961,8235,58191,608
1.237657613415351e+18,187.240361547803,58.7005102600659,23.64399,22.24773,20.8201,19.9634,19.45296,2826,301,6,302,9.271928531906222e+18,STAR,-0.0001635949,8235,58191,519
1.2376583113316767e+18,190.43561330212,59.4238118238338,22.62655,21.79092,21.38707,21.2417,21.57416,2989,301,2,60,9.272005772598071e+18,STAR,-0.0001054991,8235,58191,800
1.237658310795e+18,191.212018893304,58.9712550931378,20.73051,20.70069,20.41309,20.38595,20.08219,2989,301,1,63,9.27203298551086e+18,QSO,1.049954,8235,58191,899
1.2376576134156785e+18,188.62112896491,58.5530764560812,25.20781,21.72752,20.61105,20.4297,20.58543,2826,301,6,307,9.271904617528316e+18,QSO,3.570137,8235,58191,432
1.2376623019031268e+18,229.312851614385,42.9045542517421,21.75096,21.63187,21.69342,21.30947,22.32776,3918,301,3,212,9.592875701176127e+18,QSO,1.647467,8520,58191,758
1.2376583113314145e+18,189.105277751254,59.3704427534981,22.48102,21.4471,21.07913,20.90849,20.6385,2989,301,2,56,9.27196289164459e+18,STAR,-0.0002255386,8235,58191,644
1.2376623019027988e+18,228.454548201065,43.2517820562669,22.08503,21.50579,21.61788,21.59924,21.63172,3918,301,3,207,9.592841066559857e+18,QSO,2.239779,8520,58191,632
1.2376551067681423e+18,188.333802605418,58.806047116023,21.62654,21.6059,21.32837,21.52428,21.0981,2243,301,1,349,9.271917811667851e+18,QSO,2.078322,8235,58191,480
1.2376583118684168e+18,190.006929695845,59.7528215901313,25.66467,22.94707,21.6832,20.59406,19.91293,2989,301,3,58,9.27199175382482e+18,GALAXY,0.6204848,8235,58191,749
1.2376551067678807e+18,187.437173825888,58.7552238592073,23.30772,22.61143,21.23337,20.21098,19.70551,2243,301,1,345,9.271928806784127e+18,STAR,-0.0002025814,8235,58191,520
1.2376583107950676e+18,191.352246242189,58.8638800641278,20.81584,20.60117,20.34312,20.40151,20.224,2989,301,1,64,9.271818580743444e+18,QSO,1.03518,8235,58191,119
1.2376551067683397e+18,189.438392851985,58.6900018677115,23.59906,22.25179,21.07212,20.4773,20.20643,2243,301,1,352,9.271882352417855e+18,GALAXY,0.3604318,8235,58191,351
1.2376612120485563e+18,228.486817347824,41.5801456829951,25.3736,22.82975,21.62023,20.60386,20.16821,3664,301,5,111,9.592782792443582e+18,STAR,0.0001431193,8520,58191,420
1.2376576134157445e+18,188.982310692254,58.632876945926,24.0474,24.04898,22.16675,20.76817,19.94348,2826,301,6,308,9.271893347534131e+18,GALAXY,0.8346707,8235,58191,391
1.237657613415613e+18,188.385841333614,58.6437230108024,21.65734,20.80006,20.79707,20.68598,20.38309,2826,301,6,306,9.27190626679576e+18,QSO,2.261084,8235,58191,438
1.2376623019033894e+18,229.993437727908,42.427916036179,24.3099,22.7533,21.26869,20.34683,19.96284,3918,301,3,216,9.59290263921101e+18,STAR,-1.01349e-05,8520,58191,856
1.2376623019034552e+18,230.275391263453,42.4430333066752,23.168,23.28795,21.90598,20.47735,19.85977,3918,301,3,217,9.59291363432729e+18,STAR,4.743157e-05,8520,58191,896
1.2376583113312177e+18,188.410229909259,59.3366444697779,21.84068,21.53576,21.16611,21.01693,20.72912,2989,301,2,53,9.271940626534128e+18,QSO,1.04038,8235,58191,563
1.2376576134157435e+18,188.876257998171,58.638982932975,21.05919,19.85882,19.38092,19.15897,19.09256,2826,301,6,308,9.27189362241204e+18,STAR,-0.00121651,8235,58191,392
1.2376583107942812e+18,187.915186308108,59.0809816901407,22.03109,21.7912,21.83443,21.56949,20.89146,2989,301,1,52,9.271931555563198e+18,QSO,1.965519,8235,58191,530
1.2376583107951992e+18,192.140207370676,58.8917164387071,25.7923,24.13329,21.40801,20.41338,19.76142,2989,301,1,66,9.271796040755075e+18,GALAXY,0.6276442,8235,58191,37
1.237658310795e+18,191.159766701344,58.8426900695336,21.27132,20.93718,21.01028,20.70834,20.34556,2989,301,1,63,9.27182985073763e+18,QSO,1.899582,8235,58191,160
1.2376551073059313e+18,192.591481506347,58.9552093125603,24.02583,22.11746,21.18506,20.78145,20.23222,2243,301,2,363,9.271791367830655e+18,QSO,0.3515886,8235,58191,20
1.2376613886730573e+18,191.922045268707,58.5213557133092,23.12672,25.44883,21.71654,20.69457,19.45214,3705,301,6,19,9.271791642708564e+18,GALAXY,0.8756985,8235,58191,21
1.2376612120488187e+18,229.290034400981,41.1621141782158,21.32981,21.54306,21.20041,21.20679,21.06989,3664,301,5,115,9.59273523856568e+18,QSO,0.9617766,8520,58191,247
1.237661212048229e+18,227.740699173763,41.9092170846255,22.46806,22.20666,22.11017,21.98042,21.1015,3664,301,5,106,9.592801484141257e+18,GALAXY,0.3701907,8520,58191,488
1.2376623019031928e+18,229.591189021175,42.7014012681648,23.78819,22.19803,21.82275,22.07543,21.50182,3918,301,3,213,9.592889170193568e+18,QSO,2.382754,8520,58191,807
1.237658311331742e+18,190.651756047583,59.3677324179238,20.93608,20.6002,20.70955,20.34611,20.21805,2989,301,2,61,9.272006322353887e+18,QSO,1.670619,8235,58191,802
1.237658311331873e+18,191.32409488736,59.3140263577106,21.50905,21.32426,20.70997,20.34156,20.08057,2989,301,2,63,9.272029686975975e+18,GALAXY,0.6521583,8235,58191,887
1.2376551067684705e+18,190.032731360116,58.8115193053469,21.57951,21.28723,21.03643,21.0781,20.43697,2243,301,1,354,9.271862836086462e+18,GALAXY,1.23607,8235,58191,280
1.237658311331742e+18,190.594037499817,59.4147218629391,21.89181,21.27646,21.69796,20.86222,21.44366,2989,301,2,61,9.272016492836444e+18,GALAXY,0.08914442,8235,58191,839
1.237662301366715e+18,230.32045903412,41.9128821013333,21.94533,21.7423,21.8043,21.41993,21.08908,3918,301,2,219,9.592687134931964e+18,QSO,1.91762,8520,58191,72
1.237655106768077e+18,188.09888763804,58.8330110958745,21.00213,20.72871,20.7039,20.47745,20.15493,2243,301,1,348,9.27193402946436e+18,QSO,0.5344539,8235,58191,539
1.237659132214183e+18,232.443665967193,43.9166103059904,23.86533,22.9208,21.34005,20.2178,19.5665,3180,301,3,165,9.587056261025e+18,GALAXY,0.7683245,8515,58192,67
1.237662302977066e+18,230.578689885837,43.2684187154802,24.03428,23.51759,22.45405,21.14643,19.60882,3918,301,5,215,9.58713872439708e+18,GALAXY,1.026273,8515,58192,367
1.2376591316769838e+18,231.268748807117,44.0373738691047,22.36389,22.13364,21.71776,21.60643,22.38743,3180,301,2,160,9.587110411972663e+18,QSO,0.9951586,8515,58192,264
1.2376591611978063e+18,232.850082303252,45.1324996310676,24.47556,23.56075,21.36617,20.23018,19.54758,3187,301,1,52,9.58730145211799e+18,GALAXY,0.6007023,8515,58192,959
1.2376625010755507e+18,229.84530540049,43.7521844671924,25.15488,23.21784,23.11689,23.11244,21.90585,3964,301,6,110,9.587165112676143e+18,GALAXY,0.7179029,8515,58192,463
1.2376591198657587e+18,232.674418642662,44.0688084249567,26.54386,23.62387,22.1432,20.56765,19.78392,3177,301,4,159,9.58704691517616e+18,GALAXY,0.6509714,8515,58192,33
1.237659119865234e+18,231.225376016435,44.7016308344133,24.17679,21.99137,21.23584,20.24193,19.50071,3177,301,4,151,9.58725362336218e+18,GALAXY,0.5877211,8515,58192,785
1.237659161197741e+18,232.639222898993,45.1462851631685,24.01677,23.27707,21.82327,20.66099,19.9172,3187,301,1,51,9.58730035260636e+18,GALAXY,0.7689308,8515,58192,955
1.237662303514e+18,230.962692295053,43.5725045381956,21.02504,19.39671,18.42876,18.0268,17.69655,3918,301,6,216,9.587117558798244e+18,GALAXY,0.1963605,8515,58192,290
1.2376591198656927e+18,232.308598785261,44.1878494055798,24.46118,23.63645,21.67427,20.60302,19.93391,3177,301,4,158,9.587069455164529e+18,GALAXY,0.549047,8515,58192,115
1.2376591198658895e+18,232.848057188498,43.8418522370654,23.51864,23.85834,21.37539,20.28438,19.60137,3177,301,4,161,9.587044716152904e+18,GALAXY,0.6281261,8515,58192,25
1.237659133287793e+18,232.857902628629,44.658194087824,23.90482,23.90505,21.36563,20.32915,19.67339,3180,301,5,163,9.587303101385431e+18,GALAXY,0.5620787,8515,58192,965
1.2376591322137894e+18,231.474033890377,44.3980125779773,24.59037,25.30269,21.95219,20.84394,19.79014,3180,301,3,159,9.587257471652878e+18,GALAXY,0.7876524,8515,58192,799
1.237659131676918e+18,231.142310776693,44.0824405033075,20.4818,20.25138,19.95648,19.85436,19.50459,3180,301,2,159,9.587112885873824e+18,QSO,1.063686,8515,58192,273
1.2376591198653647e+18,231.572078658954,44.7149730093509,21.6003,21.67715,21.16795,20.056,18.60782,3177,301,4,153,9.5872662677459e+18,GALAXY,1.024664,8515,58192,831
1.2376591316768525e+18,230.977081355493,44.1224514070607,21.52912,21.54712,21.14917,21.20176,20.8627,3180,301,2,158,9.587124705623824e+18,QSO,1.350378,8515,58192,316
1.23765913275066e+18,231.853826717057,44.8450841685694,23.79671,23.07625,21.30364,20.21006,19.56651,3180,301,4,159,9.587275613594737e+18,GALAXY,0.8377626,8515,58192,865
1.2376591611972823e+18,231.567907378707,45.7798848690457,25.23809,23.30753,21.01012,19.96304,19.31324,3187,301,1,44,9.587247576048228e+18,GALAXY,0.5241855,8515,58192,763
1.2376591322139208e+18,231.909474184682,44.2128552371854,25.63957,23.26827,21.53896,20.54552,19.89232,3180,301,3,161,9.58708100003662e+18,GALAXY,0.5488963,8515,58192,157
1.2376591198656927e+18,232.440730473024,44.1588994677042,22.79568,20.38425,19.30214,18.87287,18.53271,3177,301,4,158,9.58705846004825e+18,GALAXY,0.1470362,8515,58192,75
1.2376625010761408e+18,231.413617647911,43.0197790802644,24.54054,23.09882,22.11305,20.88402,19.69603,3964,301,6,119,9.587104089780806e+18,GALAXY,0.8746462,8515,58192,241
1.2376591316753452e+18,226.916778167497,46.0573610230126,20.95367,20.77649,20.95077,20.74929,20.97719,3180,301,2,135,9.590478216105318e+18,QSO,1.729096,8518,58193,228
1.2376591316748209e+18,225.567295077479,46.6862517373024,20.61906,20.37561,20.16154,19.84815,19.90126,3180,301,2,127,9.590578271663446e+18,QSO,1.783217,8518,58193,592
1.237658205061383e+18,226.80433838207,42.0658069338837,25.7813,23.26867,21.89216,20.63476,19.82104,2964,301,4,520,9.59496999598269e+18,GALAXY,0.7755604,8522,58193,185
1.2376612120474424e+18,225.465407017112,42.768550543981,23.54531,22.83039,21.81375,20.67475,19.95793,3664,301,5,94,9.59507609885477e+18,GALAXY,0.7278462,8522,58193,571
1.237661210974028e+18,225.871338097746,41.7704929489311,20.06337,19.96222,19.92113,19.52865,19.44656,3664,301,3,99,9.595023872052451e+18,QSO,1.788589,8522,58193,381
1.2376612109742907e+18,226.568866358971,41.3766271940909,23.6316,23.29573,21.54927,19.93954,19.15571,3664,301,3,103,9.59498703841292e+18,STAR,0.0001457942,8522,58193,247
1.237661210974225e+18,226.391608770881,41.3797284975659,21.88594,21.50767,21.37757,21.2195,20.91513,3664,301,3,102,9.5949980335292e+18,GALAXY,1.272598,8522,58193,287
1.2376612120475735e+18,225.874862398313,42.7277521277693,21.89889,21.93462,21.74051,21.50444,21.14284,3664,301,5,96,9.595087918604767e+18,QSO,1.949017,8522,58193,614
1.2376583107954606e+18,193.229606248635,58.8565492400777,24.8852,23.72411,21.6402,21.09929,19.16845,2989,301,1,70,9.247196942018304e+18,GALAXY,0.2952169,8213,58193,658
1.2376648531034117e+18,204.930235340047,35.6557599973349,19.7694,19.70565,19.45556,19.3182,19.39413,4512,301,3,55,1.1547408252674527e+19,QSO,1.487271,10256,58193,650
1.237659161196036e+18,228.10667212225,47.4265263600796,20.34793,19.95541,19.88795,19.85893,19.70521,3187,301,1,25,9.590678052343669e+18,QSO,2.226466,8518,58193,955
1.237662301365863e+18,227.965082671939,42.9489142445809,22.21986,21.43759,21.45156,21.19238,21.09332,3918,301,2,206,9.5951841258722e+18,QSO,2.197019,8522,58193,964
1.2376612120484255e+18,228.271898556627,41.6501014914902,22.27139,21.33682,21.49507,21.78864,22.63071,3664,301,5,109,9.594933437221069e+18,STAR,-0.0003519687,8522,58193,52
1.237664674330182e+18,206.061701051147,36.6620508507488,22.28679,20.12531,18.69518,18.18034,17.90122,4470,301,6,128,1.1547458280453591e+19,GALAXY,0.2556187,10256,58193,832
1.237664674330379e+18,206.610003411156,36.5421955085774,22.41841,21.08845,20.65101,20.3419,20.3469,4470,301,6,131,1.154747999580824e+19,QSO,3.018291,10256,58193,911
1.2376612120477043e+18,226.223161339427,42.5471891888051,24.20759,25.01221,21.82784,20.35639,19.56502,3664,301,5,98,9.595109633959418e+18,GALAXY,0.7895327,8522,58193,693
1.2376612109740936e+18,226.082633752387,41.6788097632388,20.95597,20.5804,20.13331,19.8979,19.76833,3664,301,3,100,9.59501150254664e+18,QSO,1.338213,8522,58193,336
1.2376648541774807e+18,206.146137869691,36.3125659221687,22.44253,20.97279,20.64035,20.62008,20.39281,4512,301,5,60,1.154747119971522e+19,QSO,2.782969,10256,58193,879
1.2376591316751483e+18,226.301305143848,46.3295926509805,21.49341,21.11827,20.9789,21.0157,21.04204,3180,301,2,132,9.590501855605318e+18,QSO,0.9319744,8518,58193,314
1.237659161195709e+18,227.205342364526,47.8803599548647,21.57232,21.69865,21.14995,21.21568,21.37681,3187,301,1,20,9.59063737041344e+18,QSO,1.160932,8518,58193,807
1.23766230190234e+18,227.182339776381,43.7953081611185,17.30061,16.31979,16.06476,15.97637,15.95787,3918,301,3,200,9.595156088325691e+18,STAR,-0.0004471058,8522,58193,862
1.237661212047442e+18,225.539298601967,42.6820144724415,21.90846,21.76001,21.25582,20.76374,20.70838,3664,301,5,94,9.595075823976864e+18,QSO,1.493446,8522,58193,570
1.237665129625224e+18,205.969899096221,34.0971556363277,23.72052,23.54338,21.60433,20.27254,19.43719,4576,301,6,563,1.1547279334936173e+19,GALAXY,0.6069291,10256,58193,181
1.2376591316756078e+18,227.651024717543,45.8223679195827,22.98754,23.09595,21.38024,19.18537,17.93978,3180,301,2,139,9.590451552948345e+18,STAR,-0.0001497892,8518,58193,131
1.2376612109738317e+18,225.436780483629,41.9318508799986,21.66362,21.0324,21.13418,20.96533,20.58551,3664,301,3,96,9.595046686918728e+18,QSO,2.361229,8522,58193,464
1.237661212047574e+18,225.857951204517,42.7141945703219,25.10069,24.61131,22.15284,20.67461,19.6188,3664,301,5,96,9.595088193482676e+18,GALAXY,0.9488816,8522,58193,615
1.2376646737928525e+18,204.616704571226,36.4593430356845,22.26743,21.54342,21.47468,21.4514,20.9686,4470,301,5,121,1.1547390935366392e+19,QSO,2.369316,10256,58193,587
1.237658310795723e+18,194.377480081686,58.7651133868864,21.13257,20.69473,20.49775,20.20064,20.13484,2989,301,1,74,9.24709303816948e+18,QSO,1.663751,8213,58193,280
1.2376591611957747e+18,227.549940450007,47.8669144633949,26.13121,23.05688,21.36691,20.05581,19.28539,3187,301,1,21,9.590663208936694e+18,GALAXY,0.7233115,8518,58193,901
1.2376591316748864e+18,225.672503006618,46.5797548629421,21.57769,21.52553,21.35102,20.85759,20.91241,3180,301,2,128,9.590579920930888e+18,QSO,1.858865,8518,58193,598
1.2376612109739625e+18,225.623444626228,41.8072139087321,21.63325,21.99464,21.25991,21.28242,21.17855,3664,301,3,98,9.595035416924545e+18,QSO,1.243295,8522,58193,423
1.237661210974225e+18,226.326536897797,41.4727188031852,22.96739,21.19407,20.80657,20.70407,20.58874,3664,301,3,102,9.59499995767455e+18,QSO,3.25576,8522,58193,294
1.237661210974028e+18,225.798453896332,41.6709395311045,22.12769,21.75504,21.57584,21.13467,20.9734,3664,301,3,99,9.59502304741873e+18,QSO,1.729255,8522,58193,378
1.237664853104e+18,206.589379079233,35.2981237222673,21.80056,21.2475,21.05241,20.79058,21.01151,4512,301,3,64,1.154726146787222e+19,QSO,1.494192,10256,58193,116
1.2376582045243156e+18,225.921455510507,41.7981698587522,25.11098,23.08401,22.50115,20.91686,19.93646,2964,301,3,517,9.59501342669199e+18,GALAXY,0.7253401,8522,58193,343
1.2376591322115615e+18,225.438671312524,47.3074730447582,24.97219,24.01685,22.31307,20.65519,19.61644,3180,301,3,125,9.590573598739028e+18,QSO,1.287963,8518,58193,575
1.237661210974028e+18,225.757592893701,41.6358224438452,22.13413,21.93489,21.64723,21.4378,20.86196,3664,301,3,99,9.595022497662917e+18,QSO,2.060514,8522,58193,376
1.2376650265232678e+18,206.132135565693,34.232373337244,26.40477,22.6431,21.31004,20.13818,19.48586,4552,301,6,216,1.1547273837378e+19,GALAXY,0.6064894,10256,58193,161
1.2376591316754762e+18,227.250638381266,45.944826202416,21.09416,20.80136,20.84327,20.48635,20.36284,3180,301,2,137,9.590465021965783e+18,QSO,2.147267,8518,58193,180
1.237655106769191e+18,193.084015372331,58.5870042663063,21.99994,22.06497,21.71694,21.34336,21.21612,2243,301,1,365,9.247123824495057e+18,QSO,1.645098,8213,58193,392
1.2376648541774807e+18,206.105221717703,36.4133972488016,20.35641,20.25991,20.06823,20.11046,20.25637,4512,301,5,60,1.154745937996522e+19,QSO,1.018425,10256,58193,836
1.237658310796313e+18,196.783155793368,58.4089972694971,25.71927,22.55471,21.61857,20.21213,19.55668,2989,301,1,83,9.24701744674507e+18,GALAXY,0.7031558,8213,58193,5
1.237664673256572e+18,206.152742248973,35.7832473187171,26.30457,25.8921,21.78114,20.54924,19.29786,4470,301,4,130,1.1547461304110567e+19,GALAXY,1.010923,10256,58193,843
1.2376648531034112e+18,204.907715995906,35.6889492373419,21.06706,21.15825,20.78802,20.69226,20.64224,4512,301,3,55,1.1547398906825691e+19,QSO,1.437323,10256,58193,616
1.23765820452425e+18,225.93793807768,41.9705568521568,23.21079,23.63258,21.86335,20.708,19.92814,2964,301,3,516,9.59501507595943e+18,GALAXY,0.6843362,8522,58193,349
1.2376623035118395e+18,225.194827437957,46.148852427144,22.45789,21.63892,21.17326,20.60605,20.60603,3918,301,6,183,9.590549684361124e+18,QSO,5.481119,8518,58193,488
1.237662303512101e+18,225.773894372169,45.8528671857843,25.21287,23.27651,21.35102,20.19341,19.40155,3918,301,6,187,9.590529618273917e+18,GALAXY,0.8232086,8518,58193,415
1.2376646737932454e+18,205.689504173577,36.2185708136546,21.30813,21.01155,21.08,20.78575,20.56716,4470,301,5,127,1.1547437114854758e+19,QSO,1.698166,10256,58193,755
1.2376648531034117e+18,204.91138612374,35.7127264993046,26.60865,22.63233,21.36667,20.35464,19.71578,4512,301,3,55,1.1547407428040808e+19,GALAXY,0.5463156,10256,58193,647
1.2376648536402831e+18,205.057760899918,36.0053372366438,23.17619,24.68318,21.81456,20.63641,19.82069,4512,301,4,55,1.1547415124622205e+19,GALAXY,0.7663793,10256,58193,675
1.237659161195774e+18,227.485297285056,47.840991508784,18.8166,17.90625,17.6518,17.57414,17.52968,3187,301,1,21,9.590663758692504e+18,STAR,0.0004319345,8518,58193,903
1.237658310795461e+18,193.183255426092,58.709269579824,23.10857,23.30315,21.87893,20.74483,19.91181,2989,301,1,70,9.247125198884592e+18,GALAXY,0.7544665,8213,58193,397
1.2376623035123633e+18,226.616326145148,45.6710925215394,21.62507,21.53939,21.47223,21.34231,20.65801,3918,301,6,191,9.590483713663455e+18,QSO,1.533213,8518,58193,248
1.2376646732563753e+18,205.638495500379,35.8570543649045,22.39696,22.66846,22.01273,20.85694,19.41802,4470,301,4,127,1.1547439313878e+19,GALAXY,0.9117687,10256,58193,763
1.237664674329985e+18,205.366080609731,36.6612255313175,20.47412,19.89187,19.78582,19.77484,19.72368,4470,301,6,125,1.1547423370959411e+19,QSO,2.352291,10256,58193,705
1.237661210974159e+18,226.223112348192,41.5512368079309,22.33258,21.43717,21.15964,21.2513,20.99325,3664,301,3,101,9.59500050743036e+18,QSO,2.955471,8522,58193,296
1.237661212047312e+18,225.215698179948,42.8164222311227,23.4877,22.72422,21.27936,20.01847,19.32582,3664,301,5,92,9.595062904715235e+18,GALAXY,0.6386665,8522,58193,523
1.237661212048033e+18,227.068819639789,42.004869184653,25.43511,22.97782,21.65517,20.64193,19.93064,3664,301,5,103,9.594959000866413e+18,GALAXY,0.7322764,8522,58193,145
1.2376648531039355e+18,206.335081440694,35.3727799821134,22.0944,21.75015,21.71074,21.46516,21.65408,4512,301,3,63,1.1547272737866404e+19,QSO,2.014006,10256,58193,157
1.2376612120484255e+18,228.131557376621,41.695031395658,21.10938,21.21022,21.22105,20.95903,20.88923,3664,301,5,109,9.59493398697688e+18,QSO,2.065108,8522,58193,54
1.2376612120484255e+18,228.141122363442,41.6237600624322,24.68906,22.64277,21.14883,20.11737,19.43242,3664,301,5,109,9.594933162343162e+18,GALAXY,0.5782348,8522,58193,51
1.2376612109735693e+18,224.673362335998,42.1475359183711,20.82491,20.58211,20.36408,20.37712,20.48068,3664,301,3,92,9.595055208133845e+18,QSO,0.9823961,8522,58193,495
1.2376626836056975e+18,207.216829933953,34.730820861154,24.26348,24.37458,22.28176,21.05239,19.95937,4007,301,2,19,1.1547230406668737e+19,GALAXY,0.7777826,10256,58193,3
1.2376591611957742e+18,227.414011720518,47.7153068809074,21.16023,20.90812,20.6948,20.48646,20.24324,3187,301,1,21,9.590646991140182e+18,QSO,1.515947,8518,58193,842
1.2376582050617103e+18,227.713880133638,41.6989869925532,22.21572,24.30585,20.98898,19.95704,19.27624,2964,301,4,525,9.59494580672688e+18,GALAXY,0.644151,8522,58193,97
1.237661388673254e+18,192.922550782573,58.475923949858,22.57331,23.12894,21.4667,20.38974,19.75262,3705,301,6,22,9.247132345710172e+18,GALAXY,0.6767117,8213,58193,423
1.2376582045245775e+18,226.812299411557,41.6135206000044,23.15938,23.83251,22.54368,21.26359,19.86062,2964,301,3,521,9.594966147691991e+18,STAR,0.001656988,8522,58193,171
1.237658310795854e+18,194.93220420115,58.6913868185398,20.71943,20.80024,20.63188,20.53803,20.46712,2989,301,1,76,9.247071047936926e+18,QSO,1.138181,8213,58193,200
1.2376646732563753e+18,205.520557942118,35.819268962589,22.48936,22.88938,21.93783,20.71843,19.67357,4470,301,4,127,1.154742886851755e+19,GALAXY,0.9034507,10256,58193,725
1.237661210973766e+18,225.267577538974,42.0224625761812,21.07169,21.18915,21.10335,20.86438,21.12005,3664,301,3,95,9.595048885941983e+18,QSO,1.458263,8522,58193,472
1.2376613881365143e+18,193.269879935543,57.963217017639,23.31368,23.47285,21.97292,20.43568,19.44709,3705,301,5,24,9.247130146686917e+18,GALAXY,0.8736753,8213,58193,415
1.237664853103149e+18,204.220506872355,35.8694545450943,19.89227,19.73,19.56322,19.69009,19.88976,4512,301,3,51,1.1547367295866397e+19,QSO,1.289184,10256,58193,501
1.23766121204836e+18,228.020941564347,41.7300202297909,23.60757,22.40001,21.07572,20.15061,19.78592,3664,301,5,108,9.5949348116106e+18,GALAXY,0.5921441,8522,58193,57
1.23765820452484e+18,227.447576768578,41.2758786218047,26.39808,22.44393,21.93799,20.69267,19.82044,2964,301,3,525,9.594942508192e+18,GALAXY,0.76452,8522,58193,85
1.2376646732563087e+18,205.337440011374,35.7734796447196,20.78386,20.68048,20.77393,20.62681,20.85187,4470,301,4,126,1.1547419247790807e+19,QSO,1.611459,10256,58193,690
1.237661211510769e+18,225.739035322144,42.1094478723212,22.96823,24.0634,22.01698,20.67132,19.8622,3664,301,4,97,9.595038715459426e+18,GALAXY,0.706504,8522,58193,435
1.237661212048229e+18,227.659528576883,41.9173994788741,24.05569,22.97108,21.65962,20.4553,19.88369,3664,301,5,106,9.594938385023392e+18,STAR,-2.478992e-05,8522,58193,70
1.2376648531030835e+18,204.027969745946,35.8406666875925,22.27748,22.01127,21.90004,21.57013,21.80214,4512,301,3,50,1.1547368670255927e+19,QSO,1.532938,10256,58193,506
1.2376612120484255e+18,228.12855530548,41.5364139882069,22.56821,22.64399,22.04904,22.18062,22.33343,3664,301,5,109,9.594932062831532e+18,QSO,2.186866,8522,58193,47
1.2376623035124948e+18,227.023030935376,45.3779228280335,24.93987,22.53419,21.10482,20.17602,19.61481,3918,301,6,193,9.590460349041367e+18,STAR,-0.0003030342,8518,58193,163
1.2376591198632023e+18,225.619670919967,47.3611742005804,22.93165,22.8515,21.40732,20.38161,19.65583,3177,301,4,120,9.590573048983214e+18,GALAXY,0.500042,8518,58193,573
1.2376591332862858e+18,228.801521828291,46.6966550334738,24.20258,23.33274,22.17133,20.8498,19.96423,3180,301,5,140,9.590689047459944e+18,STAR,-0.000489905,8518,58193,995
1.23765820452425e+18,225.657207799905,41.8800376963879,22.89664,22.67651,21.73396,20.71151,19.65886,2964,301,3,516,9.595035966680357e+18,GALAXY,0.7418367,8522,58193,425
1.237659133285696e+18,227.336716127737,47.5111672494179,24.92549,22.50939,21.76081,20.70684,19.94167,3180,301,5,131,9.59064891528553e+18,GALAXY,0.5256591,8518,58193,849
1.2376591611958395e+18,227.490051183825,47.749616828022,21.37698,21.49426,20.91169,20.98647,20.72281,3187,301,1,22,9.59066430844832e+18,QSO,1.33712,8518,58193,905
1.2376646732566374e+18,206.3630210976,35.6945634823494,26.45037,22.60108,21.4799,20.0615,19.34448,4470,301,4,131,1.1547473948494289e+19,GALAXY,0.7989619,10256,58193,889
1.2376612120479665e+18,226.935242098363,42.158501435602,21.89796,19.82651,19.22853,18.85458,18.74092,3664,301,5,102,9.59497192012804e+18,QSO,2.862131,8522,58193,192
1.237665025986265e+18,205.627591677501,34.051200578389,21.69432,21.48734,21.24488,20.90619,20.71467,4552,301,5,214,1.1547296102488496e+19,QSO,1.524271,10256,58193,242
1.237658310795395e+18,192.83706954466,58.7666320692525,21.41372,21.3497,21.23025,20.91837,20.29801,2989,301,1,69,9.247175501541562e+18,QSO,0.7725531,8213,58193,580
1.2376612120479667e+18,226.885748024894,42.084934038295,22.63377,21.06323,20.38432,20.22949,20.19077,3664,301,5,102,9.594971095494318e+18,QSO,3.455475,8522,58193,189
1.2376613859894886e+18,194.722972503412,56.0877126090153,21.56956,20.4345,20.14751,20.04082,20.29566,3705,301,1,31,9.249377273643293e+18,STAR,-0.0006393926,8215,58197,398
1.2376553483519263e+18,230.635538966387,53.2880631394896,22.02437,21.98753,21.91712,21.77827,21.31824,2299,301,3,225,9.480216991115794e+18,QSO,1.756849,8420,58197,508
1.2376551078416225e+18,187.289656441963,59.7106600206021,26.50557,21.66116,22.1915,21.00523,19.26891,2243,301,3,345,9.273173728925342e+18,GALAXY,1.352332,8236,58197,953
1.2376591542170424e+18,244.917685435038,36.1599109442846,22.37842,21.71471,21.53374,21.59057,21.3274,3185,301,4,30,1.207773899470172e+19,QSO,2.786362,10727,58197,766
1.2376512504368343e+18,234.152136598048,53.8002999009401,24.49579,23.08135,21.72602,20.63145,19.91756,1345,301,2,539,9.480329965935548e+18,GALAXY,0.6788667,8420,58197,919
1.2376576134152202e+18,186.621588231162,58.6147506266897,25.74459,22.92533,21.9859,20.69311,19.94028,2826,301,6,300,9.272952177332345e+18,GALAXY,0.7696455,8236,58197,147
1.2376553483519263e+18,230.709999188482,53.1972171374167,21.51678,21.54453,21.36799,21.04592,21.00274,2299,301,3,225,9.480218640383236e+18,QSO,1.841691,8420,58197,514
1.2376583118671716e+18,184.208562235294,59.9679119295115,23.81977,23.60115,22.52012,20.94787,19.8905,2989,301,3,39,9.27308301921605e+18,QSO,4.294125,8236,58197,623
1.2376614160603556e+18,194.577691675669,56.0735934063642,22.84723,22.90683,21.29287,20.09194,19.36949,3712,301,1,124,9.2493775485212e+18,GALAXY,0.7690209,8215,58197,399
1.2376553483523195e+18,231.683222591201,52.5827453226911,21.24446,21.07073,20.62482,20.56699,20.35097,2299,301,3,231,9.480194451127423e+18,QSO,1.125919,8420,58197,426
1.2376576128782172e+18,185.928624124241,58.2905429664112,23.23203,21.59481,22.17104,22.63099,20.55882,2826,301,5,298,9.272983788291643e+18,GALAXY,0.2898222,8236,58197,262
1.2376576134155476e+18,187.913789491951,58.6843164810105,26.71058,25.39609,21.90431,20.77419,19.84415,2826,301,6,305,9.272914793937e+18,QSO,1.577817,8236,58197,11
1.2376613870629683e+18,193.897497750149,57.1489551956561,21.77296,21.74097,21.42638,20.81838,20.36311,3705,301,3,27,9.249419055085148e+18,QSO,1.299026,8215,58197,550
1.2376512504363756e+18,232.763071296616,54.5251419593731,24.86072,23.65007,21.88176,20.58618,19.87112,1345,301,2,532,9.480270042551837e+18,GALAXY,0.7461109,8420,58197,701
1.2376576134156132e+18,188.174665219229,58.6902953233527,26.15838,22.63784,21.48549,20.29213,19.64211,2826,301,6,306,9.27291314466956e+18,QSO,1.280554,8236,58197,5
1.237658311331021e+18,187.419705637823,59.5399974863413,21.8131,22.21659,21.71112,21.75007,21.7684,2989,301,2,50,9.273171529902086e+18,QSO,1.343906,8236,58197,945
1.2376583113306278e+18,185.665401179932,59.4021930087351,21.31839,19.75746,19.14518,18.86786,18.80935,2989,301,2,44,9.273133046995114e+18,STAR,-0.00117341,8236,58197,805
1.237655106767356e+18,184.99588374969,58.8136700438381,22.05791,20.82124,20.4455,20.31254,20.29318,2243,301,1,337,9.273004953890478e+18,STAR,0.0002855712,8236,58197,339
1.2376591542170424e+18,245.014742491696,36.1006056413382,21.69833,21.085,20.33303,19.97192,19.76591,3185,301,4,30,1.2077750539573811e+19,QSO,1.205407,10727,58197,808
1.2376591542176315e+18,246.122673616548,35.1082062012699,20.76552,20.74977,20.81548,20.50528,20.86766,3185,301,4,39,1.2077538883585464e+19,QSO,1.88962,10727,58197,38
1.237661387063034e+18,194.315282850236,56.986566039563,23.25934,24.57954,21.97026,20.63433,19.95043,3705,301,3,28,9.249432524102588e+18,GALAXY,0.6873725,8215,58197,599
1.2376613860067249e+18,245.757847042187,36.0960785665913,20.66068,20.29605,20.01397,19.98475,19.96273,3705,301,1,294,1.2077791771259853e+19,QSO,1.270698,10727,58197,958
1.2376553478156454e+18,231.947581727622,52.0539216548282,21.90211,20.62499,20.38042,20.29076,20.2761,2299,301,2,234,9.48018867869138e+18,STAR,-0.0006618956,8420,58197,405
1.2376583113301036e+18,183.208402209667,59.5060987626176,21.74955,21.85878,21.78294,21.47319,21.16294,2989,301,2,36,9.273065427030006e+18,QSO,1.892013,8236,58197,559
1.237662501081646e+18,244.041096975162,35.145082791907,25.55321,23.15451,21.67694,20.38451,19.47489,3964,301,6,203,1.2077704085207536e+19,GALAXY,0.7624362,10727,58197,639
1.237659161203835e+18,245.860171412536,35.5735771261752,24.30565,25.02747,22.1933,20.66719,19.89091,3187,301,1,144,1.2077782700288924e+19,GALAXY,0.7400998,10727,58197,925
1.2376614165971607e+18,194.397789734326,56.4978622541605,23.29053,22.05593,20.31113,19.58344,19.13578,3712,301,2,123,9.249433623614216e+18,GALAXY,0.4552481,8215,58197,603
1.2376576134146952e+18,184.268471052303,58.6943963550499,21.25429,21.4781,20.87233,20.82221,20.45566,2826,301,6,292,9.2730255697335e+18,QSO,1.368646,8236,58197,414
1.2376553483521231e+18,231.109379013985,52.9081810205488,22.14883,22.16743,21.92119,21.98712,22.95779,2299,301,3,228,9.48021011916812e+18,QSO,1.677826,8420,58197,483
1.2376625005449057e+18,244.016196793152,34.5428205559994,21.57062,21.47267,21.27351,21.32252,20.93143,3964,301,5,205,1.207763399134127e+19,GALAXY,1.169024,10727,58197,384
1.2376613860065935e+18,245.414371119565,36.3062674235622,19.8404,20.03654,19.66383,19.74029,19.87133,3705,301,1,292,1.20777777524866e+19,QSO,1.218311,10727,58197,907
1.2376583107932326e+18,183.309644834782,59.1236876415996,20.63764,20.4852,20.37024,20.2169,19.92228,2989,301,1,36,9.273058555082332e+18,QSO,1.974928,8236,58197,534
1.2376614176708367e+18,194.11163391333,57.3601920938906,24.79635,22.93966,21.59015,20.60285,19.90879,3712,301,4,122,9.249428675811891e+18,GALAXY,0.4905857,8215,58197,585
1.2376591542173048e+18,245.421302174297,35.6528438329365,22.55172,21.87322,21.74773,21.90946,22.886,3185,301,4,34,1.2077770605661e+19,QSO,2.181624,10727,58197,881
1.2376591316825544e+18,243.925760169868,35.7654109026402,21.95627,21.73813,21.54724,21.28392,20.85732,3180,301,2,245,1.20776867678994e+19,QSO,1.627605,10727,58197,576
1.2376551067675528e+18,185.887801136522,58.8217523328217,21.69617,21.35133,21.18358,20.63464,20.31912,2243,301,1,340,9.272987361704432e+18,QSO,0.6312394,8236,58197,275
1.237651250436965e+18,234.609956898138,53.6652846352604,24.02477,23.40067,21.80859,20.56464,19.9065,1345,301,2,541,9.480340961051826e+18,GALAXY,0.6427135,8420,58197,959
1.237661353780839e+18,184.11406991602,57.9816852350433,20.9914,20.84859,20.76305,20.62254,20.51745,3697,301,5,86,9.2730217214428e+18,QSO,1.742599,8236,58197,400
1.237658311330693e+18,185.894195656019,59.5494412143704,20.67718,20.49615,20.63457,20.46967,20.22541,2989,301,2,45,9.273130573093951e+18,QSO,1.800489,8236,58197,796
1.2376583113308244e+18,186.536416236327,59.4647779921414,21.84937,21.49716,21.56525,21.30729,21.05244,2989,301,2,47,9.273143492355578e+18,QSO,2.112457,8236,58197,843
1.237658310793626e+18,185.075046215168,59.0937773897751,21.85501,21.62539,21.60128,21.87078,21.39527,2989,301,1,42,9.27311353066372e+18,QSO,1.833049,8236,58197,734
1.237659154217108e+18,245.034058208709,35.948807287346,21.91516,21.39297,21.13309,21.06736,20.77021,3185,301,4,31,1.2077751364207532e+19,QSO,2.002006,10727,58197,811
1.237658608219259e+18,185.52937487113,59.5888002075099,23.66918,23.46511,22.39133,21.17032,19.55368,3058,301,3,29,9.273119303099769e+18,STAR,3.160099e-05,8236,58197,755
1.237657613415548e+18,188.098115965019,58.7189962227264,22.81105,25.64877,21.8265,20.63228,19.8615,2826,301,6,305,9.272915893448628e+18,GALAXY,0.6358266,8236,58197,15
1.2376614165971607e+18,194.406779184438,56.4787613699303,23.88877,21.84565,20.07716,19.421,18.99826,3712,301,2,123,9.24943609751538e+18,GALAXY,0.4213024,8215,58197,612
1.237655348352451e+18,232.182762074067,52.3897090190633,23.87207,21.80332,21.30826,21.11089,21.28889,2299,301,3,233,9.480179882598357e+18,STAR,-0.0009436629,8420,58197,373
1.2376623029762796e+18,228.541713738989,44.2920836839981,26.50076,24.60836,22.73741,20.63358,19.74113,3918,301,5,203,9.591595045125116e+18,GALAXY,0.8614826,8519,58198,195
1.237671768536122e+18,229.373677018559,58.4614365445303,23.43773,22.61678,22.16656,22.03412,21.81888,6122,301,4,32,9.483496284562414e+18,QSO,0.969633,8423,58198,150
1.2376624731532823e+18,234.321757454674,37.0217116868167,21.7082,21.77546,21.63005,22.11194,21.16124,3958,301,2,34,1.2094655530867644e+19,QSO,1.953559,10742,58198,868
1.2376623378627305e+18,233.879252881729,36.8539331930695,26.08862,20.92941,20.72338,20.73202,21.40887,3926,301,6,48,1.2094634090390905e+19,QSO,3.238546,10742,58198,790
1.2376623373255316e+18,232.763615937843,36.9629664288139,20.39412,20.42342,20.23971,20.03336,20.15339,3926,301,5,43,1.2094565645792072e+19,QSO,1.515939,10742,58198,541
1.237662335715574e+18,233.477912485142,35.1199821820003,23.20972,22.19875,21.64311,21.98241,21.62749,3926,301,2,53,1.2094500499728128e+19,GALAXY,0.2621574,10742,58198,304
1.2376719408715533e+18,227.657534841749,58.5868773326379,24.75483,20.17236,23.94826,22.31283,22.21135,6162,301,5,30,9.483552909411244e+18,QSO,1.595629,8423,58198,356
1.237662337326056e+18,233.961357748955,36.1435066725983,21.41058,21.30009,21.05502,21.15726,20.82484,3926,301,5,51,1.2094629142588576e+19,QSO,0.9257258,10742,58198,772
1.2376717679989235e+18,228.670807748051,57.7967309835401,24.03215,23.01376,21.76159,20.59789,19.91271,6122,301,3,27,9.4835234974752e+18,GALAXY,0.9587753,8423,58198,249
1.2376623373259246e+18,233.665943816716,36.4385492390075,24.57462,22.75812,21.45619,19.99432,19.36083,3926,301,5,49,1.2094615123815324e+19,STAR,2.744536e-05,10742,58198,721
1.2376549489100723e+18,228.357207469141,59.8771065915371,26.48948,23.16574,21.03412,19.95936,19.23214,2206,301,3,74,9.483659287161231e+18,GALAXY,0.7520909,8423,58198,743
1.2376623378633198e+18,235.277718203671,36.0330691088008,24.50149,21.32178,19.45365,18.8657,18.45739,3926,301,6,57,1.20946893408502e+19,GALAXY,0.3349482,10742,58198,991
1.2376623024389489e+18,227.014704729769,44.4931835734914,18.16604,17.21939,16.96849,16.85668,16.82426,3918,301,4,196,9.591699773607664e+18,STAR,-0.000341698,8519,58198,576
1.2376625010749612e+18,228.387427574464,44.5638745935464,24.26161,22.65787,21.52811,20.50672,19.68841,3964,301,6,101,9.591764369915798e+18,GALAXY,0.6209609,8519,58198,811
1.2376717679992517e+18,230.052482564654,58.1360492014917,23.27097,23.90284,21.79672,20.59781,19.65639,6122,301,3,32,9.48347951701009e+18,QSO,1.281235,8423,58198,89
1.2376614633012593e+18,233.298369529213,34.8273880957705,24.63465,22.14582,20.46511,20.69813,22.7794,3723,301,1,67,1.2094520290937428e+19,STAR,-7.771374e-05,10742,58198,376
1.2376623357155743e+18,233.448351849149,35.1230135484199,20.93935,20.46642,20.25074,19.97536,19.95957,3926,301,2,53,1.2094499675094407e+19,QSO,0.5318904,10742,58198,301
1.237662337325729e+18,233.189967293854,36.6034491420925,23.46815,23.81763,22.42803,20.91264,19.50248,3926,301,5,46,1.2094589835047885e+19,GALAXY,0.9492806,10742,58198,629
1.2376623373263836e+18,234.815091040913,35.8247565393725,21.30172,20.71645,20.65323,20.27752,20.1393,3926,301,5,56,1.2094438927077e+19,QSO,0.5552097,10742,58198,80
1.2376623019020782e+18,226.614273525212,44.2074490059976,21.25583,21.21048,20.8637,20.56393,20.44207,3918,301,3,196,9.591675309473944e+18,QSO,1.487037,8519,58198,487
1.237671768535794e+18,228.277507932454,58.1319023896593,21.03493,21.02437,20.62931,20.60794,20.2405,6122,301,4,27,9.483537516248455e+18,QSO,1.355765,8423,58198,300
1.2376623357159022e+18,234.122365061544,34.5423347080744,25.02521,23.04556,21.66465,20.32143,19.76307,3926,301,2,58,1.2094473836571154e+19,STAR,-1.512125e-05,10742,58198,207
1.2376623357156396e+18,233.543741148781,34.8731719058061,20.7679,19.42129,18.87856,18.60805,18.54163,3926,301,2,54,1.2094507646553709e+19,STAR,-1.159574e-06,10742,58198,330
1.2376576295307845e+18,190.97119842412,52.5235150457987,24.96346,22.49637,21.70231,20.64907,19.73223,2830,301,4,444,9.256066427525552e+18,GALAXY,0.8010877,8221,58198,157
1.2376623373261212e+18,234.149456000303,36.1941066357432,23.4641,23.0503,21.28884,20.06547,19.23654,3926,301,5,52,1.209463821355951e+19,GALAXY,0.8057762,10742,58198,805
1.2376591316765248e+18,230.085961442522,44.4880826924075,21.53284,21.01174,20.6983,20.31287,20.34793,3180,301,2,153,9.591815772084394e+18,QSO,1.829255,8519,58198,998
1.237662336789382e+18,234.165183734171,35.6315130028398,25.35785,24.61681,22.17369,20.82028,19.91667,3926,301,4,54,1.2094471087792085e+19,GALAXY,0.7609767,10742,58198,197
1.2376623367892503e+18,233.797090497873,35.7694000022826,24.58052,22.51632,21.107,20.73695,20.24814,3926,301,4,52,1.2094630516978113e+19,STAR,0.0001120385,10742,58198,777
1.2376623357155743e+18,233.541677061177,35.0358873421564,21.40418,21.25581,20.98829,21.0409,20.88194,3926,301,2,53,1.209450929582115e+19,QSO,0.9506215,10742,58198,336
1.2376623362525765e+18,234.029069954467,35.1237897673629,23.74558,22.83613,21.54627,20.50602,19.86407,3926,301,3,55,1.2094478234617663e+19,GALAXY,0.6465704,10742,58198,223
1.2376624994642176e+18,227.088449900552,43.7031185786003,23.20531,25.70713,22.0099,20.78374,19.88966,3964,301,3,99,9.591656617776271e+18,GALAXY,0.8333309,8519,58198,419
1.2376625010748296e+18,227.915085046118,44.7649780578752,25.90415,23.13835,21.69955,20.60211,19.7113,3964,301,6,99,9.591741829927426e+18,GALAXY,0.7914561,8519,58198,729
1.2376623378633203e+18,235.264314696265,36.0906148934734,23.24712,21.98305,20.13463,19.39391,18.97458,3926,301,6,57,1.2094687966460664e+19,GALAXY,0.4322197,10742,58198,986
1.2376623357155087e+18,233.320494300775,35.1083471460679,24.26739,23.36476,22.00586,20.59883,19.77673,3926,301,2,52,1.2094521390449056e+19,STAR,-0.000306974,10742,58198,380
1.2376625005376307e+18,226.813597035401,44.8532727041596,21.40931,21.63148,21.78876,21.454,22.10587,3964,301,5,94,9.591695925316966e+18,QSO,1.826455,8519,58198,562
1.2376717685355976e+18,227.808752089873,57.745728272568,20.68274,20.68038,20.68634,20.41762,20.25725,6122,301,4,24,9.48355428380078e+18,QSO,1.921412,8423,58198,361
1.2376623373256625e+18,233.104631348493,36.8033530810966,21.04755,20.91825,20.62874,20.58599,20.40252,3926,301,5,45,1.2094579114809512e+19,QSO,0.9303405,10742,58198,590
1.2376576284568456e+18,190.119622501146,51.6379609480484,21.10756,21.03107,20.94747,20.74092,20.68761,2830,301,2,441,9.256093090682526e+18,QSO,1.959068,8221,58198,254
1.237671768536122e+18,229.604477130353,58.5148565494073,22.31979,22.02146,21.87238,21.64742,21.68476,6122,301,4,32,9.483494085539158e+18,QSO,0.9466749,8423,58198,142
1.237654948373136e+18,227.61749918789,59.5917807139651,26.48986,22.3933,21.24135,20.09173,19.43242,2206,301,2,73,9.483635647661234e+18,GALAXY,0.6192948,8423,58198,657
1.2376623367891192e+18,233.670929054608,35.9785322204065,21.6317,21.43297,21.28151,21.03372,20.47088,3926,301,4,50,1.20946181474723e+19,QSO,1.569781,10742,58198,732
1.237662337326056e+18,233.995616078589,36.1449690814927,24.81699,22.97002,21.55603,20.22045,19.48166,3926,301,5,51,1.209462886771067e+19,GALAXY,0.6411632,10742,58198,771
1.2376623367892503e+18,233.842494141837,35.798783456225,20.53511,20.23283,19.97964,19.53325,19.41086,3926,301,4,52,1.2094630791856e+19,QSO,1.785581,10742,58198,778
1.2376623378627955e+18,233.917010799492,36.7396675864808,25.58842,24.47154,21.79544,20.80156,19.86078,3926,301,6,49,1.2094634915024624e+19,GALAXY,0.7138751,10742,58198,793
1.2376623378629268e+18,234.253339949853,36.6229430676822,21.86353,21.6068,21.64425,21.7071,21.65081,3926,301,6,51,1.2094654706233924e+19,QSO,3.206298,10742,58198,865
1.2376717685363835e+18,230.384887209751,58.7780905537132,20.76107,20.17556,20.16823,20.23129,20.12464,6122,301,4,36,9.483475943597302e+18,QSO,2.5358,8423,58198,76
1.237662336789054e+18,233.398625865532,35.9531790285954,20.85306,20.89348,20.42698,20.4732,20.56906,3926,301,4,49,1.2094607976989743e+19,QSO,1.287461,10742,58198,695
1.2376623378635172e+18,235.69230165239,35.6990038176177,23.17266,21.93683,21.45956,21.50835,20.94806,3926,301,6,60,1.2094420785135114e+19,QSO,1.298515,10742,58198,14
1.2376623378631887e+18,234.943340411908,36.3251048469211,22.34543,20.89683,19.40922,18.83749,18.49088,3926,301,6,55,1.2094681369390895e+19,GALAXY,0.3139957,10742,58198,962
1.237662302439146e+18,227.344299213984,44.2172209751551,22.4691,21.33223,20.9644,20.74256,20.96914,3918,301,4,199,9.591649470950693e+18,QSO,3.158838,8519,58198,393
1.2376623373258588e+18,233.59739534352,36.4283279318513,19.63014,19.63086,19.626,19.3572,19.30207,3926,301,5,48,1.2094614848937417e+19,QSO,1.911084,10742,58198,720
1.2376623357153777e+18,232.945103607583,35.2901381287882,22.50071,21.96906,21.60927,21.52237,20.86692,3926,301,2,50,1.2094534584588587e+19,QSO,1.398281,10742,58198,428
1.2376623378628616e+18,234.144411808098,36.6820187018621,22.32428,21.76179,21.50454,21.85935,21.8895,3926,301,6,50,1.2094647559408343e+19,QSO,2.606496,10742,58198,839
1.2376623373259256e+18,233.675222753764,36.4577484895313,25.81467,23.1412,22.41217,20.75826,19.96037,3926,301,5,49,1.2094614574059508e+19,GALAXY,0.7988002,10742,58198,719
1.2376591316758036e+18,228.240476572049,45.4616547895413,20.63252,20.36749,20.48518,19.93219,19.91043,3180,301,2,142,9.591747052607658e+18,QSO,1.574009,8519,58198,748
1.2376623378631887e+18,234.922287528467,36.3531184106889,22.91239,21.25364,19.67278,19.0866,18.74835,3926,301,6,55,1.2094670649152526e+19,GALAXY,0.3115893,10742,58198,923
1.2376625005376312e+18,226.912365988384,44.8004863088559,21.8963,21.79654,21.49777,21.07641,20.71349,3964,301,5,94,9.591696200194871e+18,QSO,0.8401725,8519,58198,563
1.2376576295303913e+18,189.317617052851,52.6277438585868,22.31885,23.37438,21.58532,20.51928,19.47784,2830,301,4,438,9.256204416234838e+18,GALAXY,0.8742464,8221,58198,659
1.237662337863452e+18,235.652580230514,35.9376229677149,26.49377,24.64623,22.26263,20.88307,19.88609,3926,301,6,59,1.209469099011764e+19,QSO,1.306799,10742,58198,997
1.2376576295303916e+18,189.322929501403,52.4728403505328,26.58228,25.32467,22.16691,20.93414,19.81218,2830,301,4,438,9.256137895781358e+18,GALAXY,0.8375707,8221,58198,417
1.2376717685363182e+18,230.282121539949,58.7918725302549,22.24314,22.13088,22.01697,21.74844,21.32211,6122,301,4,35,9.48347511896358e+18,QSO,1.803458,8423,58198,73
1.2376549483732672e+18,228.196480863674,59.5628119482516,22.47367,23.98469,21.12597,20.09511,19.34624,2206,301,2,75,9.483647192533324e+18,GALAXY,0.754823,8423,58198,699
1.237671940334945e+18,229.054764925275,58.5316638816709,23.14088,22.24713,21.70805,22.54789,22.30877,6162,301,4,34,9.483515800893809e+18,QSO,2.894796,8423,58198,221
1.237662336789381e+18,234.207645618678,35.5928228762535,20.9617,20.785,20.58433,20.37003,20.36673,3926,301,4,54,1.2094470538036271e+19,QSO,1.440864,10742,58198,195
1.2376717685360563e+18,229.101157704488,58.3868197195201,22.27476,22.03687,21.87703,21.90116,21.66956,6122,301,4,31,9.48350645504497e+18,QSO,1.60444,8423,58198,187
1.2376623378627305e+18,233.778397866664,36.810268459375,24.76176,22.78287,21.48659,20.31966,19.55722,3926,301,6,48,1.2094624194786253e+19,STAR,-0.0002147512,10742,58198,754
1.2376623373255967e+18,232.859889920945,36.7781359136996,21.92928,20.51441,20.03925,19.81798,19.79593,3926,301,5,44,1.2094566195547888e+19,STAR,-0.0005744688,10742,58198,543
1.237662336789447e+18,234.390397864898,35.5805851108405,21.8147,21.28008,20.89846,20.5647,20.39943,3926,301,4,55,1.2094457343896736e+19,GALAXY,1.018799,10742,58198,147
1.2376717679989233e+18,228.666617201067,57.743958289255,24.9492,22.67016,21.3037,20.08701,19.37806,6122,301,3,27,9.48352184820776e+18,GALAXY,0.6866364,8423,58198,243
1.237671768536122e+18,229.426546132578,58.4715053099284,22.5373,21.35641,20.80105,20.57221,20.81331,6122,301,4,32,9.483494360417065e+18,STAR,-0.0009439862,8423,58198,143
1.2376623357154432e+18,233.098603873577,35.2282969904917,23.40426,22.12837,21.07154,20.40342,19.84606,3926,301,2,51,1.2094522489960684e+19,GALAXY,0.01882595,10742,58198,384
1.237659131676e+18,228.676618398817,45.3233923455178,20.33389,19.7286,19.6259,19.29446,19.19059,3180,301,2,145,9.59176959259603e+18,QSO,0.5887634,8519,58198,830
1.2376623378630577e+18,234.620806655978,36.4215223374744,21.76578,21.29735,21.05306,21.09505,21.00717,3926,301,6,53,1.2094668725007176e+19,QSO,1.315261,10742,58198,916
1.237662337863058e+18,234.533201516481,36.3252655634483,22.22201,20.91387,20.48312,20.32627,20.25316,3926,301,6,53,1.2094659928914156e+19,STAR,-0.0005641565,10742,58198,884
1.2376623367889226e+18,233.095817485863,36.2319017711044,20.52154,20.17517,20.21431,20.20294,19.99885,3926,301,4,47,1.2094583512856e+19,QSO,0.6720384,10742,58198,606
1.2376549489100723e+18,228.333604466343,59.8135501955901,25.61251,23.87625,21.8382,20.69119,19.91256,2206,301,3,74,9.48366038667286e+18,GALAXY,0.6123787,8423,58198,747
1.2376614643744115e+18,232.503626920667,36.2399708455471,21.83453,21.45962,21.08914,21.11421,21.10115,3723,301,3,58,1.2094560148233937e+19,QSO,1.009541,10742,58198,521
1.2376623378633856e+18,235.261716942903,35.934227481194,22.33107,21.09219,20.51917,20.33703,20.17161,3926,301,6,58,1.20946854925595e+19,STAR,-0.0005617858,10742,58198,977
1.237662303513543e+18,229.829332626106,44.1271372916942,23.99463,20.17625,18.79602,18.25883,17.87123,3918,301,6,209,9.59155051490419e+18,GALAXY,0.2402904,8519,58198,33
1.2376623357154432e+18,233.063060797059,35.1648558044877,24.89222,22.5099,21.08782,20.18885,19.89732,3926,301,2,51,1.2094523864350218e+19,STAR,-0.0001020071,10742,58198,389
1.2376623373262523e+18,234.515260580422,36.0496348782265,24.74371,22.56279,21.55632,20.3952,19.74432,3926,301,5,54,1.2094662402815318e+19,GALAXY,0.9562488,10742,58198,893
1.237662302976214e+18,228.249974454916,44.3718184538035,26.73437,22.89229,22.37711,21.26956,19.61223,3918,301,5,202,9.591606589997208e+18,GALAXY,0.8823021,8519,58198,237
1.237662336789447e+18,234.315762598626,35.4994842004422,18.63402,18.48104,18.43243,18.10588,17.99389,3926,301,4,55,1.20944598177979e+19,QSO,1.895505,10742,58198,156
1.237671940335338e+18,230.283353704736,59.0934345513424,23.6891,23.63139,21.50361,20.47176,19.83569,6162,301,4,40,9.483713163230992e+18,GALAXY,0.6511517,8423,58198,939
1.237662302975952e+18,227.436981275891,44.6343026937646,23.22828,22.55336,21.49398,19.99041,19.286,3918,301,5,198,9.591718740183245e+18,GALAXY,0.7468519,8519,58198,645
1.237654948373005e+18,227.422035069187,59.848255652522,23.32359,21.71756,20.08515,19.41746,19.10412,2206,301,2,71,9.48362190376589e+18,GALAXY,0.3037508,8423,58198,607
1.2376623367892508e+18,233.920918449316,35.7969768468956,25.39245,23.2902,21.86063,20.79055,20.23713,3926,301,4,52,1.2094631066733926e+19,STAR,0.000331705,10742,58198,779
1.237662335715575e+18,233.494565175082,35.0041391714096,25.17606,23.46399,21.85808,20.7588,20.65406,3926,301,2,53,1.2094510120454871e+19,STAR,0.0002065073,10742,58198,339
1.2376549483728742e+18,226.715103378901,59.9209718850091,23.45549,24.84248,22.32529,20.79363,19.76622,2206,301,2,69,9.483594415975193e+18,GALAXY,0.5916517,8423,58198,507
1.23766233786273e+18,233.863041083861,36.8145778487139,17.2321,16.33223,16.1179,16.03313,16.04293,3926,301,6,48,1.2094634640146717e+19,STAR,-0.001117967,10742,58198,792
1.2376623024283978e+18,192.083139838697,52.5791765550483,21.75646,21.94064,21.82121,21.65269,21.53694,3918,301,4,35,9.256296500333664e+18,QSO,1.518965,8221,58198,994
1.237662336788596e+18,232.217631182855,36.6008687226666,23.91907,24.36888,21.87049,20.52274,19.78129,3926,301,4,42,1.2096930145564383e+19,GALAXY,0.7177718,10744,58199,951
1.237661850944668e+18,221.467352355188,38.6742577091063,19.62256,19.62224,19.5811,19.30621,19.21415,3813,301,3,412,1.2103651735022885e+19,QSO,1.830109,10750,58199,828
1.2376623367882025e+18,231.497887004521,37.1129666322586,22.42387,21.73586,21.85168,21.60946,22.19714,3926,301,4,36,1.2096897435093457e+19,QSO,1.67824,10744,58199,832
1.2376621956123205e+18,220.624759732821,37.3846905149482,24.43761,22.33562,21.46388,20.46306,19.7995,3893,301,5,359,1.2103514021191504e+19,GALAXY,0.8055459,10750,58199,327
1.2376614165965704e+18,191.731225032471,56.490745554458,23.95934,22.51814,21.48611,20.4456,19.74539,3712,301,2,114,9.267346867087495e+18,GALAXY,0.6943503,8231,58199,235
1.2376614160600276e+18,193.236622421212,56.1678278661346,21.91807,22.01155,21.16777,20.00628,19.32535,3712,301,1,119,9.26728914272704e+18,STAR,-9.793409e-05,8231,58199,25
1.2376593260308076e+18,249.876687514025,36.9918657345807,20.54321,20.46319,20.37074,20.17086,20.3894,3225,301,4,260,1.2076660648706333e+19,QSO,1.611176,10726,58199,939
1.237659324957328e+18,249.455979185843,35.8574849245219,21.25299,20.74022,20.60126,20.29717,20.27131,3225,301,2,264,1.2076437447845894e+19,QSO,0.5710137,10726,58199,127
1.2376613607710395e+18,230.004078444959,36.7479926707466,22.42245,22.07989,21.84818,21.90752,21.58982,3699,301,2,252,1.2096821019035326e+19,GALAXY,1.492984,10744,58199,554
1.237662335714395e+18,230.657420965296,36.3815150512845,24.15862,22.6234,21.24977,20.60657,20.20067,3926,301,2,35,1.2096857852674857e+19,STAR,-3.400071e-05,10744,58199,688
1.237659324957132e+18,249.046268542669,36.2115937891702,23.90819,23.48687,21.77618,20.65213,19.84622,3225,301,2,261,1.2076462736613333e+19,GALAXY,0.6490135,10726,58199,219
1.237661416596702e+18,192.51475754479,56.6056350836237,24.3668,23.56528,22.02057,20.59944,19.8807,3712,301,2,116,9.267314981250294e+18,GALAXY,0.7091282,8231,58199,119
1.2376623367882015e+18,231.282699244043,37.0503819707614,21.80704,19.67693,18.35045,17.85459,17.50757,3926,301,4,36,1.209689441143648e+19,GALAXY,0.1972109,10744,58199,821
1.2376593244201948e+18,248.475018319434,36.1316845500342,21.35318,21.08525,20.8245,20.49673,20.21286,3225,301,1,260,1.2076495721962166e+19,GALAXY,0.7683545,10726,58199,339
1.2376593249564111e+18,247.801439667026,37.4831733056627,23.75072,24.51096,22.12342,20.63283,19.93658,3225,301,2,250,1.2076573237531924e+19,GALAXY,0.7086461,10726,58199,621
1.2376515392604746e+18,237.231858832173,56.3705100290916,23.84461,23.5049,22.21593,21.22191,19.93497,1412,301,4,342,9.477952821829851e+18,GALAXY,0.740055,8418,58199,463
1.2376593249574597e+18,249.736097558185,35.7248346690545,23.45853,23.16701,21.75984,20.53894,19.8475,3225,301,2,266,1.207641435810171e+19,GALAXY,0.684334,10726,58199,43
1.237661416059896e+18,192.481731951468,56.0561884109114,22.99493,24.06818,21.56911,20.26394,19.62956,3712,301,1,117,9.26731058320378e+18,GALAXY,0.8674387,8231,58199,103
1.2376621956123855e+18,220.718415221234,37.374607001315,23.10163,21.51545,21.24485,21.39754,21.2323,3893,301,5,360,1.2103512371924064e+19,QSO,3.060433,10750,58199,321
1.2376593249568044e+18,248.494316908173,36.8730528383277,22.91623,22.70105,21.28086,19.97275,19.25246,3225,301,2,256,1.2076490224404e+19,GALAXY,0.7677414,10726,58199,319
1.2376621956123205e+18,220.605862803509,37.4710117576649,22.53375,21.72874,21.59609,21.53204,20.89376,3893,301,5,359,1.2103515670458948e+19,QSO,2.271338,10750,58199,333
1.2376621956126477e+18,221.509274268367,37.0664785242577,20.36593,20.01606,19.66941,19.63534,19.70124,3893,301,5,364,1.2103462893900814e+19,QSO,1.318167,10750,58199,141
1.2376621956122547e+18,220.406785349381,37.5090314273935,25.03813,21.94884,20.64022,20.17379,19.88657,3893,301,5,358,1.2103526940453132e+19,STAR,-0.001180903,10750,58199,374
1.2376614165970952e+18,193.928941962192,56.3570156041343,22.84951,23.24924,21.57735,20.33874,19.62744,3712,301,2,122,9.267284744680528e+18,GALAXY,0.7894756,8231,58199,9
1.2376613865260977e+18,193.967135999504,56.7102290795792,23.87404,22.84872,21.60521,20.60742,19.887,3705,301,2,27,9.267556324052589e+18,GALAXY,0.4387339,8231,58199,997
1.237659326567482e+18,249.755298684513,37.4952443780951,20.17505,20.15037,19.9345,19.91461,19.77195,3225,301,5,257,1.2076655975781917e+19,QSO,0.9662396,10726,58199,922
1.2376627007874012e+18,238.43358183042,57.5088898647581,23.03495,21.85012,22.03477,22.16746,21.06833,4011,301,2,47,9.478014119603102e+18,QSO,2.16151,8418,58199,686
1.237662195612583e+18,221.274419045175,37.2630843287563,24.94734,23.80865,21.90364,20.50883,19.84875,3893,301,5,363,1.2103482685110114e+19,GALAXY,0.7111169,10750,58199,213
1.2376515397978688e+18,239.253581214011,55.7734501866157,21.08941,20.8673,20.68508,20.49058,20.5806,1412,301,5,350,9.477882178207769e+18,QSO,1.545911,8418,58199,206
1.23765932603048e+18,249.10153821194,37.5040077232266,22.55716,22.24552,21.93036,21.91547,20.93592,3225,301,4,255,1.207663013725866e+19,GALAXY,0.7861474,10726,58199,828
1.237662335714853e+18,231.801986449621,35.8210190403972,22.02006,21.27786,21.43822,21.28546,21.81444,3926,301,2,42,1.2096712167384177e+19,QSO,1.936014,10744,58199,158
1.2376627013244687e+18,239.584148031381,57.5090778609936,23.41557,24.2696,21.87784,20.60334,19.78832,4011,301,3,50,9.47805727543449e+18,GALAXY,0.7399497,8418,58199,843
1.2376515403340196e+18,237.687723328056,57.3070071675142,22.87053,22.95321,21.26192,20.13232,19.41525,1412,301,6,339,9.477991854492635e+18,GALAXY,0.6138337,8418,58199,605
1.237661849870467e+18,219.920210083368,38.4024846426683,22.79362,22.14391,22.01393,21.98208,21.31116,3813,301,1,405,1.2103588787982197e+19,QSO,2.463926,10750,58199,599
1.2376515397976064e+18,238.578528365752,56.2770978840689,20.66924,20.6301,20.42021,20.36421,20.50424,1412,301,5,346,9.477907466975203e+18,QSO,1.1198,8418,58199,298
1.2376614165966364e+18,192.027381752996,56.5394895352458,26.97596,23.29227,21.65082,20.19901,19.38846,3712,301,2,115,9.267325976366567e+18,GALAXY,0.7580315,8231,58199,159
1.2376613607710395e+18,230.048918314671,36.6576409345416,20.20252,19.98235,19.8471,19.64899,19.69034,3699,301,2,252,1.2096830639762067e+19,QSO,1.49255,10744,58199,589
1.2376614165963087e+18,190.805169689514,56.6091451465738,25.88545,23.46971,21.47088,20.2875,19.57664,3712,301,2,110,9.267472211413064e+18,GALAXY,0.7145452,8231,58199,691
1.2376614165970296e+18,193.753145687329,56.4491005458973,24.81788,23.75989,21.85876,20.59849,19.91766,3712,301,2,121,9.267288043215411e+18,GALAXY,0.7116349,8231,58199,21
1.2376593308531433e+18,249.007484385889,37.8789124251961,23.99548,21.38624,21.29681,21.32065,21.30039,3226,301,5,115,1.2076611720438897e+19,QSO,2.857015,10726,58199,761
1.237661416596571e+18,191.813569915754,56.6444943738385,22.34911,23.37854,21.54797,20.3944,19.65255,3712,301,2,114,9.267507395785153e+18,GALAXY,0.7548423,8231,58199,819
1.237662335715116e+18,232.409103459017,35.5673775184633,23.43502,21.76307,21.28718,21.10262,20.78774,3926,301,2,46,1.2096676983012088e+19,STAR,-0.0004874352,10744,58199,30
1.23765932442e+18,248.325768847508,36.5052326086989,19.90472,19.69105,19.31912,19.31374,19.36517,3225,301,1,257,1.2076499020497e+19,QSO,1.017664,10726,58199,351
1.2376621956122545e+18,220.392071153444,37.5729306475726,21.68657,21.99317,21.4966,21.33935,21.28383,3893,301,5,358,1.2103527765086851e+19,QSO,1.212587,10750,58199,377
1.2376591633517775e+18,248.374517751605,35.8790082828254,22.79244,20.55038,19.73864,19.39228,19.29115,3187,301,5,151,1.2076493797816816e+19,STAR,4.491646e-07,10726,58199,332
1.2376593249568044e+18,248.458296055394,36.8532218828308,24.66805,23.59372,21.80677,20.63786,19.86273,3225,301,2,256,1.2076500669764491e+19,GALAXY,0.706799,10726,58199,357
1.2376549499859763e+18,236.365694093499,57.1245690302351,21.45462,20.87451,20.60693,20.45024,20.15614,2206,301,5,107,9.47796739035892e+18,QSO,2.133741,8418,58199,516
1.2376593260301517e+18,248.484985570281,38.1075208648137,24.00922,22.45335,20.87942,19.65573,19.08285,3225,301,4,250,1.2076593303619131e+19,STAR,-1.915797e-05,10726,58199,694
1.2376623367884646e+18,232.109057903475,36.7740637533091,22.37588,21.30207,20.92791,20.69612,20.63146,3926,301,4,40,1.209691777605857e+19,STAR,-0.0001603263,10744,58199,906
1.2376621956121887e+18,220.290834624082,37.5525785755171,20.72177,19.23684,18.61622,18.41645,18.32738,3893,301,5,357,1.2103539035081e+19,STAR,-0.0002064135,10750,58199,418
1.237662702398407e+18,241.215413966046,57.6303542728535,24.14235,23.05109,21.85447,20.05594,19.28836,4011,301,5,53,9.478095758341462e+18,STAR,2.156989e-05,8418,58199,983
1.2376593254935434e+18,248.597652097354,37.313154358064,21.25648,20.91475,20.77664,20.48435,20.74772,3225,301,3,254,1.2076597151909829e+19,QSO,1.526722,10726,58199,708
1.2376623362515274e+18,231.680839880081,36.5550069585242,24.26288,24.42445,21.30794,20.3117,19.60901,3926,301,3,39,1.2096909254843455e+19,GALAXY,0.6002356,10744,58199,875
1.2376593265677445e+18,250.240087967683,37.0279666341786,22.3409,21.30247,21.09823,21.03336,20.74182,3225,301,5,261,1.2076673842845864e+19,QSO,2.877435,10726,58199,987
1.2376593265677445e+18,250.302779787958,37.0345347262924,23.90386,23.20092,21.34939,20.12394,19.40968,3225,301,5,261,1.2076677141380747e+19,GALAXY,0.7993346,10726,58199,999
1.2376623373252692e+18,232.028769596694,37.1491672449147,22.00823,21.07277,20.72151,20.53736,20.66995,3926,301,5,39,1.2096918325814385e+19,QSO,0.05062583,10744,58199,908
1.2376614165969636e+18,193.322009065605,56.4402298843242,23.06995,22.50819,21.58707,20.39723,19.72102,3712,301,2,120,9.26729079199448e+18,GALAXY,0.6748819,8231,58199,31
1.2376613870627727e+18,193.034795108998,57.228122486212,25.88351,23.0648,21.64849,20.47498,19.66452,3705,301,3,24,9.26754532893631e+18,GALAXY,0.8774108,8231,58199,957
1.23766270078727e+18,237.999736225327,57.7706529482223,22.76612,21.82183,21.81669,22.29555,21.75506,4011,301,2,45,9.477998451562404e+18,QSO,5.871978,8418,58199,629
1.2376627007879255e+18,239.892844240285,56.617127322485,22.05147,21.88348,21.88238,22.24694,21.31505,4011,301,2,55,9.477865685533348e+18,QSO,1.960083,8418,58199,146
1.2376593265675476e+18,249.831492681051,37.4010439473021,21.48923,21.41659,21.28135,21.29939,20.88048,3225,301,5,258,1.2076657625049356e+19,QSO,1.391376,10726,58199,928
1.2376627013242063e+18,238.768212281807,57.9115152409564,21.15309,21.01111,20.83075,20.86336,20.64223,4011,301,3,46,9.478032811300772e+18,QSO,0.8615137,8418,58199,754
1.237659326567023e+18,248.906231619776,38.3558618178216,21.8166,21.79925,21.63093,21.60361,21.27657,3225,301,5,250,1.2076606772636572e+19,QSO,1.869061,10726,58199,743
1.2376621956123205e+18,220.609716992482,37.5308182120672,24.84756,23.18849,21.44501,20.09849,19.30902,3893,301,5,359,1.2103516769970575e+19,GALAXY,0.733116,10750,58199,337
1.2376614165964398e+18,191.293998880722,56.6336333375008,23.29595,23.84169,21.58961,20.35116,19.60475,3712,301,2,112,9.267485405552597e+18,GALAXY,0.6464314,8231,58199,739
1.237651539797607e+18,238.347071230764,56.2943269297666,25.10324,23.72494,21.24806,20.23744,19.58645,1412,301,5,346,9.477918187213576e+18,GALAXY,0.6389716,8418,58199,337
1.2376623357151816e+18,232.591096409752,35.5042686455087,22.7467,21.40267,20.79848,20.59732,20.28072,3926,301,2,47,1.2096674783988832e+19,STAR,-0.0008102476,10744,58199,22
1.2376621956121894e+18,220.243979493919,37.5613949572967,25.502,23.05253,21.94871,20.69272,19.91693,3893,301,5,357,1.210353876020313e+19,GALAXY,0.7114146,10750,58199,417
1.2376621956124516e+18,220.894644236671,37.2976210508684,24.35239,22.85606,21.08684,19.97053,19.06741,3893,301,5,361,1.2103503575831e+19,GALAXY,0.6646618,10750,58199,289
1.2376623061915412e+18,220.43058304666,36.5160637122481,23.07023,22.41522,21.58488,20.53394,19.81667,3919,301,3,112,1.210351896899383e+19,GALAXY,0.7504066,10750,58199,345
1.2376593265672855e+18,249.45433849742,37.9495307246946,21.43036,21.20718,20.96683,20.91681,20.84284,3225,301,5,254,1.2076634260427266e+19,QSO,0.991214,10726,58199,843
1.2376593260302835e+18,248.771194294193,37.8972081659281,23.25774,22.36286,21.08171,20.11519,19.48586,3225,301,4,252,1.2076608147026106e+19,STAR,-2.453094e-05,10726,58199,748
1.2376593260310052e+18,250.179466994086,36.6915031462547,22.28031,22.10238,21.66062,21.60695,21.20483,3225,301,4,263,1.2076411884200548e+19,QSO,1.232556,10726,58199,34
1.237662335715181e+18,232.52061649073,35.6003617851558,22.15018,22.00657,21.62997,21.81032,21.24816,3926,301,2,47,1.2096678082523716e+19,GALAXY,0.4312653,10744,58199,34
1.2376593265672192e+18,249.309724183372,37.9248571420828,24.29087,22.88624,19.94994,19.30037,21.55536,3225,301,5,253,1.2076637009206335e+19,STAR,-6.927705e-06,10726,58199,853
1.2376593303170583e+18,250.091316463637,36.3239508742563,21.06773,21.08096,20.89636,20.96503,20.33801,3226,301,4,127,1.207640913542148e+19,QSO,0.9943416,10726,58199,24
1.237651539796886e+18,236.347819825362,57.4598678847217,21.922,21.91656,21.6958,21.71835,21.88502,1412,301,5,335,9.477964366701945e+18,QSO,1.397071,8418,58199,505
1.237659326030349e+18,249.071804125825,37.7282602923074,21.1689,21.08214,20.84686,20.4055,20.41315,3225,301,4,253,1.2076627113601683e+19,QSO,1.394871,10726,58199,817
1.237659326567613e+18,250.013760088148,37.3125783868809,24.42144,23.44091,22.29391,20.50902,19.49014,3225,301,5,259,1.2076669444799357e+19,STAR,-0.0001698127,10726,58199,971
1.2376621956128443e+18,221.998538877101,37.0464471978293,22.47083,21.28639,20.33412,19.97832,19.47729,3893,301,5,367,1.2103451623906628e+19,QSO,0.8212204,10750,58199,100
1.237659326567351e+18,249.605221373648,37.8215782354713,23.22234,22.07608,21.88158,21.522,22.05775,3225,301,5,255,1.207665377675866e+19,STAR,-0.0005819383,10726,58199,914
1.237659326031e+18,250.063014021621,36.5722363215186,20.95821,20.62468,20.56374,20.38946,20.25619,3225,301,4,263,1.207641078468892e+19,QSO,0.7379645,10726,58199,30
1.2376621956121894e+18,220.246986588548,37.6229543641761,23.66506,23.55814,21.7496,20.59722,19.76781,3893,301,5,357,1.2103605280656611e+19,GALAXY,0.8750952,10750,58199,659
1.2376621956121231e+18,220.151705602488,37.5874888103973,22.26319,22.16793,21.79329,21.70898,22.11828,3893,301,5,356,1.2103550030197316e+19,QSO,1.475332,10750,58199,458
1.2376549499866977e+18,238.512112602466,55.8893441492703,26.32758,22.90624,21.5596,20.31757,19.40932,2206,301,5,118,9.477904718196138e+18,STAR,-0.0002380993,8418,58199,288
1.2376623357143946e+18,230.778149693747,36.4849305290841,20.95639,20.97351,20.83278,20.81653,20.78971,3926,301,2,35,1.2096866099012063e+19,QSO,1.096339,10744,58199,718
1.2376613870624443e+18,191.698038224753,57.2940567955004,23.83543,23.99755,21.34158,20.05008,19.39059,3705,301,3,19,9.267500798715386e+18,GALAXY,0.7314726,8231,58199,795
1.237662335714329e+18,230.466905605039,36.5326541818022,22.52103,21.49751,21.14583,21.09354,20.8163,3926,301,2,34,1.2096843559023696e+19,QSO,2.493642,10744,58199,636
1.2376593265673503e+18,249.657403884754,37.7717113501632,19.55493,19.3605,19.1519,19.0044,18.48794,3225,301,5,255,1.2076654051636566e+19,QSO,0.3318397,10726,58199,915
1.2376591633516467e+18,248.225043317044,36.2071397594752,22.0241,21.14648,21.34382,20.98575,20.65413,3187,301,5,149,1.2076507541712165e+19,QSO,2.207596,10726,58199,382
1.2376593265676785e+18,250.268846034512,37.1797667079542,20.87525,20.68655,20.71057,20.61153,20.13239,3225,301,5,260,1.2076676316747e+19,QSO,2.131423,10726,58199,996
1.2376621956119923e+18,219.763920999735,37.8451839455866,21.36299,21.4737,21.20078,21.21653,21.22425,3893,301,5,354,1.210358191603452e+19,QSO,1.415646,10750,58199,574
1.2376515397970824e+18,237.000563337703,57.1319639402324,21.49266,21.20683,21.10505,20.984,20.66807,1412,301,5,338,9.477983608155429e+18,QSO,2.578667,8418,58199,575
1.2376623367882015e+18,231.400065571902,37.1794866178289,20.64996,20.35924,20.00169,20.03243,19.94472,3926,301,4,36,1.2096894686314387e+19,QSO,1.084799,10744,58199,822
1.237662194538447e+18,219.830075649051,36.7621895890897,20.43992,20.27445,20.20732,20.0442,20.07037,3893,301,3,357,1.2103543433127549e+19,QSO,1.615475,10750,58199,434
1.2376618498709258e+18,221.091750488271,37.9981700636053,21.57753,21.52353,21.18124,21.08742,21.6551,3813,301,1,412,1.2103637441371724e+19,QSO,1.134183,10750,58199,776
1.2376621956123855e+18,220.81031569504,37.49107611271,25.28532,23.01068,21.51763,20.64003,20.01172,3893,301,5,360,1.2103506049732205e+19,STAR,-9.127634e-05,10750,58199,298
1.2376613870627725e+18,193.030651731438,57.1846895869881,23.82116,24.16526,22.63112,20.83712,19.7205,3705,301,3,24,9.26754642844794e+18,GALAXY,0.8805565,8231,58199,961
1.2376621956125166e+18,221.21544433894,37.2799275125778,22.18146,22.22144,21.95267,22.01195,22.33803,3893,301,5,362,1.2103481860476391e+19,QSO,2.304478,10750,58199,210
1.237659326030087e+18,248.354207972129,38.2232744421316,20.66228,20.63167,20.39847,20.27818,20.23648,3225,301,4,249,1.2076579559723784e+19,QSO,1.976087,10726,58199,644
1.2376623357147223e+18,231.404766030154,36.0591403075087,24.63509,23.31845,21.89135,20.698,19.92774,3926,301,2,40,1.2096893311924853e+19,STAR,-0.0002365735,10744,58199,817
1.237662335714919e+18,231.857320212536,35.8475889388634,22.05911,21.58345,21.45007,20.96875,20.78379,3926,301,2,43,1.2096701447145804e+19,QSO,0.7998409,10744,58199,119
1.2376623357152463e+18,232.715110626613,35.3756218105414,21.4744,20.50234,19.81626,19.29316,19.02184,3926,301,2,48,1.2096669286430691e+19,QSO,0.5296273,10744,58199,2
1.2376593260304143e+18,249.122244943587,37.6749869948868,22.99235,21.47758,20.9322,20.75628,20.34357,3225,301,4,254,1.207662683872378e+19,STAR,-0.0003447812,10726,58199,816
1.2376623362515272e+18,231.526903551352,36.4993303459152,24.43368,22.54055,21.45773,20.46193,19.77771,3926,301,3,39,1.209689001339e+19,GALAXY,0.6269238,10744,58199,805
1.237657611268325e+18,188.834559261741,56.8827340500265,19.10397,18.20473,17.83517,17.68814,17.64789,2826,301,2,309,9.267421633878186e+18,STAR,-0.000338549,8231,58199,507
1.23766136077104e+18,230.077215846568,36.7565790582044,24.83105,22.44622,21.56496,20.35661,19.51051,3699,301,2,252,1.209682954025044e+19,STAR,0.0001002096,10744,58199,585
1.2376593265676785e+18,250.29043753961,37.1533517892397,20.99132,20.93041,20.56665,20.48887,20.55272,3225,301,5,260,1.2076675492113308e+19,QSO,1.097387,10726,58199,993
1.2376515392602122e+18,236.380348779221,56.9122675610766,23.25852,24.44392,21.99416,20.74866,19.84704,1412,301,4,338,9.47796821499264e+18,GALAXY,0.7044387,8418,58199,519
1.2376614160595686e+18,191.165845889531,56.1502487183015,26.00076,23.72358,21.97378,20.51268,19.85484,3712,301,1,112,9.267356212936331e+18,GALAXY,0.7464778,8231,58199,269
1.237659326030742e+18,249.663998941715,36.9749878326482,20.85135,20.9576,20.58417,20.53269,20.25205,3225,301,4,259,1.2076659549194705e+19,QSO,1.317979,10726,58199,935
1.2376593260303488e+18,248.923341608294,37.7043368308821,21.59274,21.50109,21.17041,21.04445,20.75193,3225,301,4,253,1.207661666824122e+19,QSO,1.028424,10726,58199,779
1.2376515387237335e+18,237.005956091706,55.9466249552082,22.44955,19.69554,18.26133,16.95565,16.26728,1412,301,3,344,9.477950073050782e+18,STAR,-0.0001098987,8418,58199,453
1.2376593260306104e+18,249.424836615959,37.3112908369177,20.2289,19.78302,19.53314,19.47615,19.31145,3225,301,4,257,1.207664662993308e+19,QSO,0.9074141,10726,58199,888
1.2376618509481416e+18,230.328305575936,34.9148145197355,20.39338,20.37992,20.29154,20.33969,20.24532,3813,301,3,465,1.209678198637254e+19,QSO,1.487795,10744,58199,412
1.2376623362517248e+18,231.998467717148,36.1752047783857,25.42681,23.36822,21.5237,20.47847,19.77875,3926,301,3,42,1.2096925747517872e+19,GALAXY,0.5195247,10744,58199,935
1.2376549499865009e+18,237.971847194695,56.2566130005281,24.63479,23.40591,21.42101,20.38606,19.71343,2206,301,5,115,9.477929732085668e+18,GALAXY,0.6503223,8418,58199,379
1.2376623061917384e+18,220.875320370058,36.306738559399,22.79591,23.37343,21.57804,20.46287,19.44008,3919,301,3,115,1.2103490381691509e+19,GALAXY,0.8029363,10750,58199,241
1.2376621956122545e+18,220.549605462979,37.6171854226791,20.97286,20.93225,20.897,20.74236,20.41473,3893,301,5,358,1.2103616550650796e+19,QSO,1.959685,10750,58199,700
