obj_ID,alpha,delta,u,g,r,i,z,run_ID,rerun_ID,cam_col,field_ID,spec_obj_ID,class,redshift,plate,MJD,fiber_ID
1.2376803278743813e+18,336.61711950994,29.0325582323619,22.7979,23.3234,21.11997,20.08128,19.32477,8115,301,3,113,8.681872309534086e+18,GALAXY,0.6013624,7711,57667,211
1.23767859647185e+18,341.756052083818,1.82653024389401,23.24218,23.4382,22.93758,22.2467,21.28821,7712,301,2,207,1.0366376624967143e+19,GALAXY,1.221557,9207,57667,786
1.2376634792624138e+18,341.634667528437,0.0091650916077565,24.62768,24.42326,23.95123,20.96805,22.76486,4192,301,4,233,1.0366193831159e+19,GALAXY,0.831208,9207,57667,121
1.2376786184831631e+18,340.741585214189,1.86459232640024,18.98904,18.05894,17.59908,17.40492,17.30419,7717,301,3,201,1.0366320824752e+19,STAR,-0.0008246762,9207,57667,583
1.2376634792628718e+18,342.653040942531,0.133166088217306,19.4891,19.06273,18.82688,18.54791,18.17311,4192,301,4,240,1.0366201252862515e+19,QSO,0.431476,9207,57667,148
1.2376634792622167e+18,341.166324760946,0.11624799626274,23.15574,22.88375,22.31145,21.74804,21.52356,4192,301,4,230,1.0366227916019489e+19,GALAXY,1.24938,9207,57667,245
1.2376785964719153e+18,341.870981664703,1.76717959034105,19.85867,20.14069,18.93318,19.06297,24.25224,7712,301,2,208,1.036637635008924e+19,GALAXY,0.9977748,9207,57667,785
1.237678596471653e+18,341.286610970225,1.71467123451983,22.34469,22.75615,22.09455,21.27078,21.22114,7712,301,2,204,1.036634556376366e+19,GALAXY,0.8264657,9207,57667,673
1.237663478725412e+18,341.391899140769,-0.317673100140581,22.92673,23.03158,22.75313,21.40591,20.70943,4192,301,3,231,1.0366217195781116e+19,GALAXY,0.8201154,9207,57667,206
1.2376634792622172e+18,341.141107451129,0.0911320402880197,23.50809,23.06091,22.21333,21.57884,21.26975,4192,301,4,230,1.0366232039188093e+19,GALAXY,0.6288924,9207,57667,260
1.2376785964714565e+18,340.741615747602,1.74482375685628,25.60838,23.63194,22.22261,21.3155,21.46899,7712,301,2,201,1.0366323573531103e+19,GALAXY,0.7278647,9207,57667,593
1.2376786179472755e+18,342.985890970489,1.54310316760387,22.34211,22.44603,22.30622,22.02799,21.37927,7717,301,2,216,1.0366430501036906e+19,GALAXY,0.8257318,9207,57667,982
1.2376634787254776e+18,341.427063468436,-0.300409370735023,24.29844,22.4648,23.31068,21.24419,21.29505,4192,301,3,232,1.0366218570170653e+19,GALAXY,0.9269731,9207,57667,211
1.2376634803367447e+18,342.981923999465,0.8681289118432,26.06273,22.86525,22.17214,22.07149,20.85333,4192,301,6,242,1.0366161395566e+19,GALAXY,0.8450165,9207,57667,3
1.237663479262676e+18,342.194676561337,0.0198625106121305,22.51685,23.46926,23.00368,22.12163,21.50121,4192,301,4,237,1.0366171840926472e+19,QSO,0.8706284,9207,57667,41
1.2376786174093568e+18,340.616003447082,1.18426930446313,24.52794,23.21474,23.55234,21.71607,21.9092,7717,301,1,200,1.0366307905490407e+19,GALAXY,0.8674575,9207,57667,536
1.23768032787425e+18,336.264063214819,28.7902830394106,25.01377,24.28676,21.86386,20.57038,19.7616,8115,301,3,111,8.681903095859664e+18,GALAXY,0.6877549,7711,57667,323
1.2376634792622172e+18,341.24331613116,0.107320559522086,21.54693,21.43547,20.9389,20.37859,19.93906,4192,301,4,230,1.0366220769193908e+19,GALAXY,0.9986093,9207,57667,219
1.237663479262085e+18,340.869683940754,0.192753600121031,18.43191,17.48268,17.23405,17.13272,17.09741,4192,301,4,228,1.036625128064158e+19,STAR,-0.0005523748,9207,57667,330
1.2376634787254776e+18,341.4217320638,-0.323513155642734,24.7381,22.28948,23.00157,22.20786,23.30528,4192,301,3,232,1.0366216646025304e+19,GALAXY,1.231715,9207,57667,204
1.2376785964715878e+18,341.151280926427,1.67614580444933,22.24188,22.94165,22.01232,21.39184,23.67776,7712,301,2,203,1.0366334843525288e+19,GALAXY,0.8324488,9207,57667,634
1.2376634792628065e+18,342.483683787694,0.0383675452293889,23.23983,19.01926,18.57985,18.41569,18.15625,4192,301,4,239,1.0366174314827637e+19,QSO,3.30814,9207,57667,50
1.237663479262676e+18,342.248904180244,0.176552323515794,23.33844,22.98089,22.84838,21.60769,22.14812,4192,301,4,237,1.036623396333344e+19,GALAXY,0.8861881,9207,57667,267
1.2376785964713907e+18,340.651352464286,1.74311107948799,22.93018,22.90681,22.307,22.48501,21.33582,7712,301,2,200,1.036631065426948e+19,GALAXY,1.058297,9207,57667,546
1.2376803289478597e+18,335.745920401906,29.6178037549095,21.94125,20.92801,21.36729,20.35357,20.89979,8115,301,5,109,8.681930858528265e+18,STAR,-0.0003836103,7711,57667,424
1.2376634792627405e+18,342.379183221062,0.14868709986416,18.95503,18.66503,18.38186,18.20574,17.97968,4192,301,4,238,1.0366215271635767e+19,QSO,2.050568,9207,57667,199
1.2376785964713912e+18,340.625125415018,1.66477727058471,23.57818,22.49694,21.39263,20.44753,20.16633,7712,301,2,200,1.0366310104513663e+19,GALAXY,0.9877964,9207,57667,544
1.23767862169895e+18,19.4480457876937,3.9749528816458,22.98595,24.7644,21.57892,20.28756,19.57661,7718,301,1,118,9.86294900847728e+18,GALAXY,0.7196851,8760,57672,239
1.237678661432509e+18,19.5504314343212,4.53557858454289,20.88923,20.83569,20.62766,20.35579,19.8859,7727,301,3,196,9.863105963762143e+18,QSO,0.8964008,8760,57672,810
1.237678661432378e+18,19.2130470750716,4.57241506528802,21.95938,21.72848,21.01264,20.37739,19.95506,7727,301,3,194,9.863082874017962e+18,QSO,1.59449,8760,57672,726
1.237678661432377e+18,19.2183543295538,4.44368608270005,18.1406,18.02585,17.8477,17.96619,18.06707,7727,301,3,194,9.863092769622612e+18,QSO,1.067015,8760,57672,762
1.2376786619696422e+18,20.1684763170025,5.01375255540221,22.50912,22.60026,21.35879,20.33961,19.5541,7727,301,4,200,9.863093319378426e+18,GALAXY,0.0,8760,57672,764
1.2376786619691827e+18,19.0012152169041,4.9453914140421,25.06664,24.42808,21.18498,20.01649,19.31128,7727,301,4,193,9.863079300605174e+18,GALAXY,0.6156985,8760,57672,713
1.2376786222353623e+18,18.4201887369167,4.34119743737042,22.70951,25.56046,22.09527,21.03435,19.9634,7718,301,2,111,9.863039718186574e+18,GALAXY,0.7474967,8760,57672,569
1.2376786614415526e+18,40.1290184767885,3.72839368320317,22.87464,21.72713,21.46825,21.40279,21.20797,7727,301,3,334,9.829170636882469e+18,STAR,-0.0005346501,8730,57672,234
1.2376786614417495e+18,40.6241602163418,3.82058517035422,21.99123,21.34691,20.77781,20.34722,20.19328,7727,301,3,337,9.829137101777822e+18,QSO,1.440982,8730,57672,112
1.2376786614420767e+18,41.3525973419563,3.73176764877237,21.21898,20.91491,20.6974,20.69304,20.45592,7727,301,3,342,9.829108789353404e+18,QSO,2.458473,8730,57672,9
1.2376786614329674e+18,20.5569470512347,4.54936671843109,20.31783,20.12764,19.62095,19.48697,19.34172,7727,301,3,203,9.863156541297025e+18,QSO,1.363564,8760,57672,994
1.2376786614323776e+18,19.2359931012224,4.59893557900162,21.15078,21.39386,21.1578,21.18279,21.25885,7727,301,3,194,9.86309112035517e+18,QSO,1.184168,8760,57672,756
1.2376786614326395e+18,19.7689226854079,4.5282593784988,21.70559,20.86476,20.64055,20.60621,20.19296,7727,301,3,198,9.863125754971443e+18,QSO,2.479802,8760,57672,882
1.237678661432902e+18,20.3766743649738,4.4883398360638,22.39532,21.29696,20.98223,20.82805,20.65045,7727,301,3,202,9.863152967884233e+18,STAR,-0.000738869,8760,57672,981
1.237678661432312e+18,19.0851387996162,4.57962686649794,19.93946,19.78304,19.73256,19.30355,19.55877,7727,301,3,193,9.863081774506334e+18,QSO,1.795975,8760,57672,722
1.2376786614325742e+18,19.637738023244,4.48424115591473,20.19789,20.27164,19.66872,19.19859,19.1399,7727,301,3,197,9.863116134244702e+18,QSO,1.782364,8760,57672,847
1.2376786614326395e+18,19.8494014657757,4.43289284197507,20.22989,20.07572,19.94574,19.94368,19.72947,7727,301,3,198,9.863126029849352e+18,QSO,2.118559,8760,57672,883
1.2376786614323118e+18,18.9977022323651,4.56037312000707,18.37934,18.71781,19.17025,19.60646,19.76305,7727,301,3,193,9.86307132914587e+18,STAR,0.0001120487,8760,57672,684
1.2376802521719772e+18,31.7393765418589,28.2800643767193,21.79388,21.71929,21.16781,20.98745,20.60603,8097,301,6,58,8.713409326776343e+18,QSO,1.252236,7739,57673,254
1.2376802516351724e+18,31.7732211685799,27.8991951160748,23.60597,23.53762,21.8753,20.65098,19.84757,8097,301,5,59,8.713406303119366e+18,GALAXY,0.586359,7739,57673,243
1.2376634577781391e+18,321.047459537012,0.002137962283921,22.59365,24.39721,27.62688,19.81721,20.91474,4187,301,4,89,1.0383222242834403e+19,GALAXY,0.791671,9222,57680,630
1.2376634803351724e+18,339.42222277677,0.902699805100728,24.18121,22.58768,22.52729,21.56855,22.07175,4192,301,6,218,1.0354993931058698e+19,GALAXY,0.76437,9197,57680,336
1.2376634792612997e+18,339.090767833031,0.204041411797857,25.10236,22.89885,22.37088,21.61392,22.9583,4192,301,4,216,1.0354998603983116e+19,GALAXY,0.8676471,9197,57680,353
1.2376788810037985e+18,321.516958428304,-1.60137203027737,24.68001,25.03884,23.29944,22.16599,21.65765,7778,301,4,60,1.0383131258247209e+19,GALAXY,0.8021012,9222,57680,299
1.237678596471063e+18,339.863029808786,1.83740114534875,24.52199,22.86946,23.18971,21.92622,21.27852,7712,301,2,195,1.03551404409831e+19,GALAXY,0.8145413,9197,57680,869
1.2376785964713912e+18,340.708793436828,1.67521254094434,21.99657,22.95387,21.94939,21.53701,20.81621,7712,301,2,200,1.0355161331704e+19,GALAXY,0.9061721,9197,57680,945
1.2376634792616924e+18,339.907348150803,0.055449775665758,22.0279,22.2385,21.28422,20.33401,20.23377,4192,301,4,222,1.0354945827425e+19,GALAXY,0.8181031,9197,57680,161
1.2376634803348444e+18,338.618356484972,0.855244830977768,23.3824,22.82059,21.89326,21.89528,20.76935,4192,301,6,213,1.035502801591916e+19,GALAXY,0.7822456,9197,57680,460
1.2376786184827052e+18,339.737465750345,1.8482251833376,22.94051,22.94517,22.48815,21.24512,20.60761,7717,301,3,194,1.0355118175872637e+19,GALAXY,0.8845926,9197,57680,788
1.2376634792613647e+18,339.168986496925,0.207594489523852,24.22482,22.52304,21.99744,21.38081,22.03833,4192,301,4,217,1.035499722959358e+19,GALAXY,0.9224842,9197,57680,348
1.237663479261103e+18,338.678789774795,0.198477440273068,22.59315,22.42916,21.83876,20.93671,20.59615,4192,301,4,213,1.035500904934358e+19,GALAXY,0.9037108,9197,57680,391
1.2376634792615616e+18,339.693992316421,0.0035657989020318,22.77383,22.43983,21.8084,21.3352,21.53405,4192,301,4,220,1.0354964794000562e+19,GALAXY,0.8164554,9197,57680,230
1.2376634803349747e+18,338.911797477483,0.86920255711599,23.14947,24.20051,24.24114,22.40429,22.84139,4192,301,6,215,1.035501619616916e+19,GALAXY,0.8235155,9197,57680,417
1.2376634792610378e+18,338.475351410428,0.145780062282603,24.92153,22.85727,22.83877,21.31646,20.86301,4192,301,4,212,1.0355018395192416e+19,GALAXY,0.8464229,9197,57680,425
1.2376786174091604e+18,340.152816332523,1.16948082896427,24.19319,24.12982,23.95769,23.17452,22.5363,7717,301,1,197,1.0355146488297052e+19,GALAXY,0.8465115,9197,57680,891
1.2376634577786652e+18,322.203095086432,0.0295677547611125,23.9903,23.34352,22.40345,22.52137,21.52803,4187,301,4,97,1.0383299483526257e+19,GALAXY,1.03356,9222,57680,911
1.237663479261561e+18,339.621640264598,0.0711547106118515,23.20033,22.48054,22.13762,21.64915,21.26689,4192,301,4,220,1.0354966168390097e+19,GALAXY,0.8291519,9197,57680,235
1.2376785964714568e+18,340.738954374693,1.76032993585288,24.04842,23.22949,22.00855,21.30404,21.39518,7712,301,2,201,1.0355160781948211e+19,GALAXY,0.8464946,9197,57680,943
1.2376634803355003e+18,340.129866203169,0.859541176825442,22.33043,23.07954,21.62523,21.14696,20.99397,4192,301,6,223,1.0354934007675e+19,GALAXY,0.8751072,9197,57680,118
1.2376634567045952e+18,321.447822213945,-0.816712718212072,22.83273,22.50893,21.59932,20.75332,20.10203,4187,301,2,92,1.0383250830136728e+19,GALAXY,0.8041175,9222,57680,734
1.2376634792618245e+18,340.293915738941,0.0241944943031304,24.11737,23.12263,22.24278,22.65579,21.36067,4192,301,4,224,1.0354926585971497e+19,GALAXY,0.7169142,9197,57680,91
1.2376785964704737e+18,338.546015406788,1.78255040441586,25.32439,22.5613,22.59576,21.1841,20.66535,7712,301,2,186,1.0355051930297063e+19,GALAXY,1.018354,9197,57680,547
1.2376634792611028e+18,338.64771626938,0.0111584791498606,23.32521,23.0768,22.59962,21.47411,21.47865,4192,301,4,213,1.0355007949832e+19,GALAXY,0.8315863,9197,57680,387
1.2376634787244283e+18,339.042550941731,-0.29011333237728,23.45107,22.68611,22.87647,21.55799,22.13728,4192,301,3,216,1.0354996130082e+19,GALAXY,0.7653434,9197,57680,344
1.2376785959343232e+18,340.220923184686,1.39292926889701,22.92837,22.9612,22.47132,22.06307,21.33929,7712,301,1,197,1.0355144289273797e+19,GALAXY,0.7673353,9197,57680,883
1.2376786174083732e+18,338.319673499001,1.07113743996201,23.34663,22.53696,22.10583,21.33445,20.47039,7717,301,1,185,1.0355047257372643e+19,GALAXY,0.9429032,9197,57680,530
1.237663479261693e+18,340.023153987191,0.101010819931119,22.4392,21.98411,21.26674,20.5184,20.33018,4192,301,4,222,1.035494692693661e+19,GALAXY,0.8061402,9197,57680,165
1.2376634803355658e+18,340.268168469069,0.85800878492734,23.06292,23.84977,22.49341,23.47578,21.62964,4192,301,6,224,1.0354934282552891e+19,GALAXY,0.6656596,9197,57680,119
1.237678617408832e+18,339.398919119995,1.18655754476039,23.46281,22.4312,21.4632,21.09862,20.37533,7717,301,1,192,1.0355089313692408e+19,GALAXY,0.6544688,9197,57680,683
1.237666407899399e+18,345.993041832977,-0.112179103207891,24.20533,22.77183,23.01776,23.02504,22.57309,4874,301,3,327,1.0375430003961911e+19,GALAXY,1.228323,9215,57682,954
1.2376786184907658e+18,358.22224670476,2.20410241708934,21.22348,20.8692,20.52376,20.07825,19.97346,7717,301,3,317,1.0334778860059775e+19,QSO,1.62901,9179,57682,522
1.237679998236099e+18,345.175375570061,-1.7821476504092,23.52297,22.77076,22.41795,22.42089,21.47382,8038,301,5,120,1.0375225219921238e+19,GALAXY,0.9171093,9215,57682,209
1.237663479263462e+18,344.062840571035,0.0661762376800181,24.26552,23.46692,22.194,22.67159,22.65544,4192,301,4,249,1.0375328848892156e+19,GALAXY,1.20383,9215,57682,586
1.2376799982355095e+18,343.786388836969,-1.79691112573893,23.71277,23.55867,22.72048,22.11444,21.39003,8038,301,5,111,1.037529064086309e+19,GALAXY,0.8818715,9215,57682,447
1.237663479263658e+18,344.504811558016,0.111949882586251,23.68419,24.56432,23.83213,22.70309,22.56002,4192,301,4,252,1.0375362933752617e+19,GALAXY,0.6664211,9215,57682,710
1.2376634792636585e+18,344.436017172615,0.20189420465378,22.6449,22.55678,21.93464,21.68526,20.53298,4192,301,4,252,1.0375351663758432e+19,GALAXY,0.9399678,9215,57682,669
1.2376634792634624e+18,344.026256694647,0.0012888576145744,22.97498,23.05698,22.6179,21.8044,22.01197,4192,301,4,249,1.0375331047915411e+19,GALAXY,0.9294643,9215,57682,594
1.2376530108192525e+18,344.856730433894,-1.2610319821628,19.68317,19.10669,18.75714,18.67298,18.38396,1755,301,1,275,1.037524198747356e+19,QSO,2.273452,9215,57682,270
1.237678617954092e+18,358.669409082735,1.84251038518973,23.39453,23.26159,21.66184,20.55331,19.87769,7717,301,2,320,1.0334813769554e+19,GALAXY,0.7184651,9179,57682,649
1.237679998235837e+18,344.578511904989,-1.84532196098869,22.08074,22.21751,21.69341,20.93658,20.70619,8038,301,5,116,1.0375257105758444e+19,GALAXY,0.7471604,9215,57682,325
1.2376634792633966e+18,343.921110557346,0.0178125939446982,22.78706,23.31793,22.16749,21.85195,21.50214,4192,301,4,248,1.0375332697182851e+19,GALAXY,1.117711,9215,57682,600
1.2376799982362957e+18,345.546010951038,-1.88947946406514,23.23812,23.45829,22.7381,22.41562,23.33482,8038,301,5,123,1.037519168481659e+19,GALAXY,0.960121,9215,57682,87
1.2376799982360335e+18,344.962467719465,-1.87039836601488,22.51395,22.38666,21.6954,21.10955,21.63925,8038,301,5,119,1.0375236489915425e+19,GALAXY,0.8387476,9215,57682,250
1.2376799982357716e+18,344.475122275641,-1.77363451849976,23.7699,22.23134,22.01035,21.47395,20.73577,8038,301,5,115,1.0375258205270071e+19,GALAXY,0.8486384,9215,57682,329
1.237678595942384e+18,358.628504574478,1.5094488533696,21.90038,21.77224,21.36092,21.27186,21.17735,7712,301,1,320,1.0334816793210935e+19,QSO,1.42186,9179,57682,660
1.2376634787265915e+18,343.985968294769,-0.395504231212924,22.79601,23.32781,22.41917,21.64272,22.47878,4192,301,3,249,1.037533297206076e+19,GALAXY,0.8801352,9215,57682,601
1.2376634792635932e+18,344.295971092317,0.159943860078624,24.91681,22.78217,21.87579,21.50746,20.6326,4192,301,4,251,1.0375352213514246e+19,GALAXY,0.9240763,9215,57682,671
1.237663479263659e+18,344.49665991362,0.0816618432231063,23.88141,23.26861,22.27688,21.93246,21.67408,4192,301,4,252,1.037536265887471e+19,GALAXY,0.7295555,9215,57682,709
1.2376634787264604e+18,343.675595683103,-0.237714173877002,22.81714,23.10112,22.43569,21.51895,21.02233,4192,301,3,247,1.0375320052799132e+19,GALAXY,0.8022918,9215,57682,554
1.237679998235968e+18,344.904482030233,-1.9045782686101,24.67512,22.97771,22.484,21.72023,22.14721,8038,301,5,118,1.0375234565770074e+19,GALAXY,0.8383099,9215,57682,243
1.2376634792636585e+18,344.472626580679,0.0959247601501826,22.47457,22.56114,22.40424,21.53396,21.18324,4192,301,4,252,1.0375353862781688e+19,GALAXY,0.8116767,9215,57682,677
1.2376786184913551e+18,359.425044268319,2.18081548665761,21.79949,21.93757,21.81394,21.66336,21.51839,7717,301,3,326,1.033486489684465e+19,QSO,1.484859,9179,57682,835
1.237663479263462e+18,344.011475565455,0.198678963002485,24.34244,22.63822,22.21834,21.32415,20.67785,4192,301,4,249,1.0375327749380528e+19,GALAXY,0.8338283,9215,57682,582
1.237679998235772e+18,344.41248349213,-1.75602730592949,25.24481,24.22824,21.95392,21.76216,21.26111,8038,301,5,115,1.0375260679171232e+19,GALAXY,0.7193931,9215,57682,338
1.2376634787269847e+18,344.984770271278,-0.352615781151814,23.20911,22.79291,22.08589,21.86282,21.8512,4192,301,3,255,1.0375386573252614e+19,GALAXY,0.8181597,9215,57682,796
1.237678881014416e+18,345.770233966067,-1.98050624606087,24.82204,24.13799,22.77844,22.37766,22.68138,7778,301,4,222,1.0375179865066592e+19,GALAXY,0.8252473,9215,57682,44
1.2376786184907656e+18,358.184560514145,2.17395925870347,20.18384,20.10854,20.01408,19.72042,19.57566,7717,301,3,317,1.033477940981559e+19,QSO,1.925404,9179,57682,524
1.2376634792633308e+18,343.694592785906,0.0303716172333857,22.26051,21.66873,21.04761,20.31071,19.41776,4192,301,4,247,1.0375318953287504e+19,GALAXY,0.8353672,9215,57682,550
1.2376634787264596e+18,343.646489001808,-0.222470256835881,24.06766,22.24935,22.05469,21.86549,21.53495,4192,301,3,247,1.0375319777921229e+19,QSO,1.285356,9215,57682,553
1.2376634792637896e+18,344.695688288225,0.0228692096103773,22.52405,22.77601,22.9745,21.93009,21.92269,4192,301,4,254,1.037537612789215e+19,GALAXY,1.146974,9215,57682,758
1.23765690634843e+18,344.792842215228,-0.988005193386987,23.53087,22.63543,21.79327,21.13938,20.44648,2662,301,1,181,1.0375244461374724e+19,GALAXY,0.8454231,9215,57682,279
1.237663479263528e+18,344.142810497786,0.124123109663886,23.82476,23.47273,22.21787,21.57796,21.45689,4192,301,4,250,1.0375341768153782e+19,GALAXY,0.7733325,9215,57682,633
1.2376634792634624e+18,344.088516159247,0.10908448364682,22.54877,22.59402,21.87338,21.71948,22.25121,4192,301,4,249,1.037532747450262e+19,GALAXY,0.8057339,9215,57682,581
1.2376637841971612e+18,359.426871651181,0.116256622354112,22.26703,21.87086,21.23294,21.15294,21.04823,4263,301,4,112,1.033467962913537e+19,GALAXY,0.1897631,9179,57682,161
1.2376634792639212e+18,345.100288739579,0.0046047343124324,22.70424,22.90533,22.35485,21.92544,21.02067,4192,301,4,256,1.0375396468857264e+19,GALAXY,0.9974833,9215,57682,832
1.2376785980945203e+18,9.19079387525323,3.26068916611928,19.23718,18.90178,18.69083,18.48779,18.19495,7712,301,5,391,9.850602867488215e+18,QSO,2.834646,8749,57684,380
1.2376786614280525e+18,9.34932521466021,4.70823878178418,21.9207,22.25355,21.3782,21.43419,21.17392,7727,301,3,128,9.85069522646495e+18,QSO,1.225604,8749,57684,716
1.2376786195690304e+18,8.53399526009855,3.10799603084674,23.45866,23.48685,21.42834,20.31766,19.68167,7717,301,5,386,9.850608639924265e+18,GALAXY,0.6368822,8749,57684,401
1.237656906349347e+18,346.879864263362,-1.02092582342818,23.03246,22.28979,21.27628,20.86379,20.42815,2662,301,1,195,1.037427826556537e+19,GALAXY,0.6057302,9214,57684,860
1.2376664078992678e+18,345.708869211006,-0.143622999714192,23.15581,22.38618,22.75794,22.52292,21.00667,4874,301,3,325,1.0374204598286307e+19,GALAXY,0.8968362,9214,57684,592
1.2376786222316923e+18,9.94732638710099,4.47685823334266,23.2991,23.7695,22.53668,21.45853,19.97736,7718,301,2,55,9.85074113107541e+18,GALAXY,0.6931278,8749,57684,883
1.2376786222311022e+18,8.62232069047985,4.55436435392948,26.06038,23.73979,21.85229,20.75755,19.89831,7718,301,2,46,9.850662515994026e+18,GALAXY,0.6404856,8749,57684,597
1.23767888101435e+18,345.62046229261,-1.94606567139101,24.63033,23.01059,22.47907,23.05447,22.32296,7778,301,4,221,1.0374152921239804e+19,GALAXY,1.182122,9214,57684,404
1.2376799982371471e+18,347.548944778102,-1.85261532719333,22.80107,23.17924,23.09838,21.444,21.18068,8038,301,5,136,1.037405533958284e+19,GALAXY,0.9541087,9214,57684,49
1.2376664078996608e+18,346.54919831651,-0.0921041349664267,23.0994,22.95375,22.66272,21.87558,21.37393,4874,301,3,331,1.037424857875142e+19,GALAXY,0.8273675,9214,57684,752
1.237663784196375e+18,357.616847817832,0.204614855974773,23.01598,22.69757,22.34135,22.05379,21.75815,4263,301,4,100,1.035722703924182e+19,GALAXY,0.8413674,9199,57684,268
1.237679998236689e+18,346.554734393018,-1.80654163273526,24.39371,22.42409,21.67752,20.79871,19.9743,8038,301,5,129,1.03741092156526e+19,GALAXY,0.770532,9214,57684,245
1.2376569063491507e+18,346.389357077041,-0.998720887358898,23.73121,21.8979,21.54199,20.58786,21.05997,2662,301,1,192,1.0374245280216535e+19,GALAXY,0.8560623,9214,57684,740
1.2376799982368855e+18,346.892582803622,-1.84183814463469,23.34303,22.73775,22.19749,21.83072,21.46028,8038,301,5,132,1.0374045443978189e+19,GALAXY,0.0,9214,57684,13
1.2376785959420564e+18,357.898070188054,1.58915686593071,22.67166,22.36001,22.14201,21.59495,21.27651,7712,301,1,315,1.035738262013715e+19,GALAXY,0.968097,9199,57684,834
1.2376785986315228e+18,9.59502098075916,3.61573693849662,23.6977,24.93521,21.91739,20.77007,19.64809,7712,301,6,393,9.85054596776148e+18,QSO,1.075046,8749,57684,173
1.2376785986313262e+18,9.14949530006851,3.6850002598766,23.21087,22.26248,22.00695,21.94996,22.07535,7712,301,6,390,9.850573455552174e+18,QSO,2.158667,8749,57684,273
1.2376799982371476e+18,347.565429863317,-1.88757359319297,23.33595,22.02624,21.38535,20.46042,19.83874,8038,301,5,136,1.037405424007121e+19,GALAXY,0.8155687,9214,57684,45
1.2376799982370824e+18,347.435873101293,-1.92754213617461,23.07327,22.8177,22.52201,21.75478,21.60663,8038,301,5,135,1.0374064410553768e+19,GALAXY,0.8388656,9214,57684,82
1.2376634577794511e+18,323.947637537207,0.0986060632742825,22.22345,22.63817,20.83987,20.48787,20.88258,4187,301,4,109,1.0387714297656791e+19,GALAXY,0.7330958,9226,57684,588
1.2376637831176522e+18,346.257106657541,-0.663036488463966,24.01094,23.04618,22.9813,21.97389,22.92273,4263,301,2,24,1.037422961217584e+19,GALAXY,0.8155493,9214,57684,683
1.237678598631326e+18,9.04722609524435,3.67673967013835,24.09001,21.61202,21.42232,21.51504,21.68245,7712,301,6,390,9.85058555018008e+18,QSO,3.08481,8749,57684,317
1.23767866142838e+18,10.0201709275143,4.68600297878379,22.46791,21.99124,21.97186,21.39619,21.04284,7727,301,3,133,9.850751301557969e+18,GALAXY,1.306422,8749,57684,920
1.2376634567060372e+18,324.809871220142,-0.75690738722427,22.25165,22.25296,21.54236,20.68598,20.05584,4187,301,2,114,1.0387763500802136e+19,GALAXY,0.8144556,9226,57684,767
1.2376785980942592e+18,8.62606032091918,3.16980190800983,24.60802,23.67886,22.27156,20.73103,19.7637,7712,301,5,387,9.850610838947518e+18,STAR,-0.0002758322,8749,57684,409
1.2376799982370163e+18,347.23544570289,-1.85055150117209,22.82486,22.63622,21.89054,21.3038,21.1355,8038,301,5,134,1.0374076505181671e+19,GALAXY,0.7565879,9214,57684,126
1.237678881004848e+18,323.949633728842,-1.51224079831778,24.51121,21.94497,21.57649,20.78254,20.05042,7778,301,4,76,1.038767581474982e+19,GALAXY,0.7547202,9226,57684,448
1.23766378311798e+18,347.0026004767,-0.804124571009001,23.8621,23.10451,23.1233,23.731,22.23149,4263,301,2,29,1.0374287611414206e+19,GALAXY,0.8621188,9214,57684,894
1.2376799982363607e+18,345.695242363628,-1.8336963868189,22.38777,22.62417,22.0422,21.43586,21.2635,8038,301,5,124,1.0374153470995616e+19,GALAXY,0.8965709,9214,57684,406
1.2376634567060365e+18,324.70370190021,-0.761824305864397,22.21344,22.44205,21.68045,21.33051,24.06202,4187,301,2,114,1.0387762676168415e+19,GALAXY,0.8774973,9226,57684,764
1.237679998236951e+18,347.025060673756,-1.82977630643273,23.05069,22.98034,22.70281,21.7138,21.58744,8038,301,5,133,1.0374079803716557e+19,GALAXY,1.019167,9214,57684,138
1.2376785986318505e+18,10.2721960411885,3.69746358863785,22.00878,21.50783,21.43636,21.31985,21.26604,7712,301,6,398,9.85051435680218e+18,QSO,2.578593,8749,57684,58
1.237678598631392e+18,9.2238411573735,3.73794185556728,22.61831,23.22785,20.99348,19.9971,19.10867,7712,301,6,391,9.85057125652892e+18,GALAXY,0.6214081,8749,57684,265
1.2376786614277243e+18,8.54879954209883,4.65468592563891,20.4534,20.2824,20.28007,20.09605,20.27911,7727,301,3,123,9.850663340627745e+18,QSO,1.753913,8749,57684,600
1.2376786614277903e+18,8.69260457833184,4.77556484553033,22.60899,21.57036,21.4736,21.58535,21.33126,7727,301,3,124,9.850661691360303e+18,QSO,0.8135768,8749,57684,594
1.237678598631523e+18,9.62217853944742,3.6042279385328,25.79389,23.89464,21.92381,20.74916,19.82087,7712,301,6,393,9.85054761702892e+18,QSO,1.001933,8749,57684,179
1.2376634577793856e+18,323.873069764228,0.0040691194851021,22.71612,22.27186,21.88469,21.50864,22.25847,4187,301,4,108,1.03877145725347e+19,GALAXY,0.9180119,9226,57684,589
1.2376634567060367e+18,324.772884214327,-0.732212007516647,22.73516,22.10092,21.36109,20.82563,20.60405,4187,301,2,114,1.03877621264126e+19,GALAXY,0.7145001,9226,57684,762
1.2376634567060372e+18,324.808729205441,-0.673410332997103,22.40857,22.47451,21.82424,21.22212,20.46675,4187,301,2,114,1.0387761851534694e+19,GALAXY,0.8949214,9226,57684,761
1.237663783118373e+18,347.948742307132,-0.68822230582737,22.49111,22.40689,21.8089,21.56678,20.50904,4263,301,2,35,1.03743150992049e+19,GALAXY,0.2961175,9214,57684,994
1.2376786614280525e+18,9.32826939574312,4.60984804675791,22.55785,21.17272,20.42426,20.2484,19.88053,7727,301,3,128,9.850696051098671e+18,QSO,2.458846,8749,57684,719
1.2376637841913935e+18,346.319192370959,0.192104188124317,24.63468,24.93811,23.07843,21.98909,22.44604,4263,301,4,24,1.0374235109734e+19,GALAXY,0.02600553,9214,57684,703
1.237678621694297e+18,8.77564738473859,3.95553629394004,25.45714,22.2693,21.64038,20.60458,19.71325,7718,301,1,47,9.850607540412635e+18,GALAXY,0.6780311,8749,57684,397
1.23767999823682e+18,346.773783038283,-1.80534170137463,23.45047,22.28427,21.54587,20.97277,21.09364,8038,301,5,131,1.037409849541423e+19,GALAXY,0.8073661,9214,57684,206
1.2376786174162378e+18,356.295158426287,1.34193292998349,23.65397,24.37293,23.22257,22.62892,22.41803,7717,301,1,305,1.0357294934084835e+19,GALAXY,0.9448618,9199,57684,515
1.2376799982369516e+18,347.167404698496,-1.87519870983926,22.46608,22.34522,21.41817,21.14704,20.62995,8038,301,5,133,1.0374077054937487e+19,GALAXY,0.425035,9214,57684,128
1.2376637831177843e+18,346.552415103014,-0.783631770907615,23.51397,23.90159,23.25211,22.12049,21.97439,4263,301,2,26,1.037425407630956e+19,QSO,1.028883,9214,57684,772
1.2376786195704714e+18,11.7518641959201,3.01376944290604,25.65232,24.40026,21.65901,20.51439,19.83263,7717,301,5,408,9.852828004161706e+18,GALAXY,0.8941146,8751,57685,283
1.237678619570603e+18,12.14146440419,3.09332245402497,23.38364,22.80002,21.12766,20.09578,19.14235,7717,301,5,410,9.852807113440778e+18,GALAXY,0.8340905,8751,57685,207
1.2376785986326372e+18,12.0684622718582,3.55625101425548,24.80618,24.19763,21.55997,20.55175,19.87684,7712,301,6,410,9.852813710510545e+18,GALAXY,0.6265706,8751,57685,231
1.237678598096028e+18,12.7232632946656,3.25617066822914,21.64944,21.81232,21.76821,21.58848,21.6617,7712,301,5,414,9.852776052237294e+18,QSO,1.976462,8751,57685,94
1.237678598632113e+18,10.8580956489674,3.6872786540582,25.60479,24.33869,22.41984,21.21001,19.88123,7712,301,6,402,9.852876932429142e+18,GALAXY,0.921008,8751,57685,461
1.2376634792588744e+18,333.468381559533,0.138589788271504,22.68017,23.08037,23.13429,22.08833,21.91452,4192,301,4,179,1.0399037893050128e+19,GALAXY,0.8445871,9236,57685,823
1.237678598632047e+18,10.8132811048009,3.62194840295931,24.82791,23.3893,21.67324,20.5833,19.80672,7712,301,6,401,9.852877482184956e+18,GALAXY,0.7270383,8751,57685,463
1.2376785986323087e+18,11.3404206359309,3.68858276948293,18.78235,17.80082,17.45737,17.32614,17.27579,7712,301,6,405,9.85285741609775e+18,STAR,-0.000307443,8751,57685,390
1.237678621696066e+18,12.7550936512633,3.96492106297245,25.50669,23.89626,21.62878,20.55839,19.90214,7718,301,1,74,9.85278182467334e+18,GALAXY,0.7895266,8751,57685,115
1.2376569063433836e+18,333.219054217903,-0.976859935861581,23.26155,22.23304,21.52814,21.08932,21.47026,2662,301,1,104,1.0399015078183852e+19,GALAXY,0.7108271,9236,57685,740
1.2376569063431877e+18,332.784309024771,-0.866930665002134,25.10235,23.96784,22.31015,21.99966,22.6037,2662,301,1,101,1.0398992263317576e+19,GALAXY,0.907916,9236,57685,657
1.2376785980957007e+18,12.0085682460822,3.19774070389421,24.85369,21.87559,21.32086,21.26318,21.10198,7712,301,5,409,9.852818933190777e+18,GALAXY,0.8852212,8751,57685,250
1.2376786216957384e+18,12.0087138590781,4.03866939130117,23.25602,22.34632,21.34728,20.15604,19.5115,7718,301,1,69,9.852826904650078e+18,GALAXY,0.6382892,8751,57685,279
1.2376785980956347e+18,11.7968563543243,3.24909628147772,21.70325,21.1172,20.95715,20.61218,20.74131,7712,301,5,408,9.852829928307057e+18,QSO,1.596771,8751,57685,290
1.2376634787218068e+18,333.026039170976,-0.265250454134888,24.62385,23.58923,22.80478,22.0443,21.09533,4192,301,3,176,1.0399008755992e+19,GALAXY,1.074654,9236,57685,717
1.2376785986326372e+18,12.1721637469661,3.72031770457149,22.17512,22.00349,21.79633,21.55946,22.42448,7712,301,6,410,9.852813985388452e+18,QSO,2.00504,8751,57685,232
1.2376785986327027e+18,12.1934790793141,3.69232664249416,25.10453,23.30981,21.61789,20.61466,19.76582,7712,301,6,411,9.852812610998915e+18,GALAXY,0.5958461,8751,57685,227
1.2376634792592023e+18,334.349850724457,0.0150872570898615,22.51665,22.89132,22.27403,21.31663,21.47369,4192,301,4,184,1.0399072527666403e+19,GALAXY,0.7680601,9236,57685,949
1.2376785986327027e+18,12.3208268717522,3.59653270956189,26.17613,23.90115,21.44141,20.39414,19.70196,7712,301,6,411,9.85280161588264e+18,GALAXY,0.6185817,8751,57685,187
1.2376786222330675e+18,13.0406777743244,4.50937798550238,22.758,20.56696,19.31888,18.76683,18.35599,7718,301,2,76,9.853017669917495e+18,GALAXY,0.2665895,8751,57685,973
1.237678621696066e+18,12.8366769568727,3.94238188577823,24.2538,23.35376,21.22217,20.22115,19.5751,7718,301,1,74,9.852770279801248e+18,GALAXY,0.6888978,8751,57685,73
1.2376785980955692e+18,11.5752491783076,3.25781836683773,22.90467,22.36376,22.37984,22.46396,21.36122,7712,301,5,407,9.852841748057051e+18,GALAXY,0.3530101,8751,57685,333
1.2376785980957002e+18,11.9630525992102,3.1749304543498,21.56121,21.59818,21.24044,21.34266,21.21383,7712,301,5,409,9.852818108557056e+18,QSO,1.223756,8751,57685,247
1.23767888154611e+18,333.972922881386,-1.4104609796837,22.67693,23.30812,22.40107,21.72939,21.07891,7778,301,5,143,1.0398840530712945e+19,GALAXY,0.8505234,9236,57685,105
1.23766347925894e+18,333.697733934976,0.0917486179489504,22.45781,22.74206,21.76904,21.07772,21.19715,4192,301,4,180,1.0399038717683847e+19,GALAXY,0.7406312,9236,57685,826
1.237678661966234e+18,12.2194023611609,5.03221231751758,22.7022,22.31604,21.4075,20.22868,19.51338,7727,301,4,148,9.852966542626806e+18,QSO,0.6737042,8751,57685,787
1.2376788810094356e+18,334.482418386831,-1.77082610158385,22.92768,22.61462,21.68061,21.06391,22.56601,7778,301,4,146,1.039882816120713e+19,GALAXY,0.7544014,9236,57685,60
1.237678622232806e+18,12.4901223654702,4.52275648888966,26.9287,23.07396,21.72652,20.54188,19.74985,7718,301,2,72,9.852983035301222e+18,GALAXY,0.755406,8751,57685,847
1.2376799982310528e+18,333.551786061585,-1.69173265471566,23.86287,24.16566,22.35024,22.06696,21.9642,8038,301,5,43,1.0398871866794334e+19,GALAXY,0.7015147,9236,57685,219
1.237679998230725e+18,332.825979359869,-1.56918599342657,23.10903,22.85464,22.2079,21.29059,20.86309,8038,301,5,38,1.0398905401899e+19,QSO,1.681424,9236,57685,341
1.237678661428904e+18,11.1615709687453,4.74030324958281,22.56037,21.86434,21.66339,21.35017,21.33575,7727,301,3,141,9.852915140458207e+18,QSO,1.643809,8751,57685,600
1.237678622233e+18,12.9781648585737,4.50202003232172,23.07305,21.00587,19.81785,19.39321,19.00361,7718,301,2,75,9.85301464626052e+18,GALAXY,0.1670249,8751,57685,962
1.237678598633031e+18,12.9892935479239,3.67808489534548,26.14063,23.56784,22.21726,20.7351,19.86933,7712,301,6,416,9.852758734929156e+18,GALAXY,0.7396191,8751,57685,31
1.237678661429101e+18,11.6867587490515,4.58960108857398,21.92316,21.73951,21.4913,21.56174,20.87618,7727,301,3,144,9.852937680446577e+18,GALAXY,1.037654,8751,57685,682
1.2376786195702743e+18,11.3835605326258,3.05846560677608,22.03652,21.29873,21.23931,21.01583,20.31122,7717,301,5,405,9.852849719516357e+18,QSO,0.8668797,8751,57685,362
1.2376634792592023e+18,334.331831705802,0.035610847631577,23.65782,22.70738,21.91053,21.01731,20.41462,4192,301,4,184,1.0399070878399e+19,GALAXY,0.7876738,9236,57685,943
1.2376786222324127e+18,11.6168066248505,4.41533998682897,25.69062,23.69059,21.42258,20.31789,19.6719,7718,301,2,66,9.852939054836111e+18,GALAXY,0.5154429,8751,57685,687
1.2376785980952412e+18,10.9337938291362,3.17707832930723,19.99345,19.82703,19.68786,19.44489,19.32695,7712,301,5,402,9.852873908772166e+18,QSO,1.90179,8751,57685,450
1.237678598632506e+18,11.8349361375695,3.59545629910417,22.35638,21.926,22.05998,22.16171,21.34761,7712,301,6,408,9.852833776597754e+18,STAR,-0.0007263487,8751,57685,304
1.2376785980958318e+18,12.311507917986,3.26886795667719,22.64048,21.40555,20.77032,20.17109,19.99582,7712,301,5,411,9.852795843446591e+18,QSO,1.645148,8751,57685,166
1.237678598632047e+18,10.7059645210404,3.66208540840764,26.71544,24.00574,21.45767,20.3306,19.62859,7712,301,6,401,9.852883529498909e+18,GALAXY,0.6789825,8751,57685,485
1.237678661428839e+18,11.0240204428375,4.56370026911656,25.07655,21.2,19.6747,19.31417,19.21563,7727,301,3,140,9.852904420219836e+18,QSO,3.9671,8751,57685,561
1.2376785980960937e+18,12.9064733910399,3.16537033656982,22.26926,22.35695,21.92761,21.65333,21.39758,7712,301,5,415,9.852763407853574e+18,QSO,2.685201,8751,57685,48
1.2376788810088456e+18,333.098526604495,-1.87389772948218,21.94149,21.59599,20.57335,19.94415,19.83502,7778,301,4,137,1.0398892207759448e+19,GALAXY,0.8816677,9236,57685,293
1.237678598095503e+18,11.5106771792793,3.2028113039447,19.50103,19.43128,19.18091,19.22486,19.33806,7712,301,5,406,9.852841473179146e+18,QSO,1.095877,8751,57685,332
1.2376785986327685e+18,12.3478581909595,3.66599672499064,24.63325,23.75559,21.69342,20.57976,19.82915,7712,301,6,412,9.852800516371014e+18,GALAXY,0.6002064,8751,57685,183
1.237656906343449e+18,333.367215568023,-0.910845600624785,23.19716,22.68784,22.85651,21.50839,21.51983,2662,301,1,105,1.0399025798422225e+19,GALAXY,0.8670164,9236,57685,779
1.2376569068903465e+18,356.305633390678,-0.593229019587323,22.97266,22.48434,21.54359,21.02222,21.18627,2662,301,2,258,1.0368637770948432e+19,GALAXY,0.7785904,9209,57686,820
1.237656906353214e+18,355.770882238856,-0.892832592011317,23.02384,22.67194,22.35836,21.74821,21.70473,2662,301,1,254,1.0368578947076348e+19,GALAXY,0.7944871,9209,57686,606
1.2376637831221745e+18,356.582794995479,-0.748029792995163,23.24401,22.75881,22.25897,21.49522,21.33088,4263,301,2,93,1.0368644642896108e+19,GALAXY,0.7738777,9209,57686,845
1.237656906353935e+18,357.426446095581,-0.888501405340699,22.44086,22.99712,22.30653,22.02121,22.63563,2662,301,1,265,1.0368683400681e+19,GALAXY,0.7786543,9209,57686,986
1.2376799982408177e+18,355.924914421408,-1.9271537555499,23.47227,22.60333,21.86457,21.33959,20.61481,8038,301,5,192,1.0368501981262404e+19,GALAXY,0.3154943,9209,57686,326
1.237679998240752e+18,355.744703306083,-1.94076126841784,23.84745,22.45926,21.40303,20.68465,19.88193,8038,301,5,191,1.0368512151745e+19,GALAXY,0.7560738,9209,57686,363
1.237656906353148e+18,355.670309783076,-0.873765763908205,23.87995,24.51548,21.48653,20.93995,21.25675,2662,301,1,253,1.0368581970733324e+19,GALAXY,0.8025304,9209,57686,617
1.2376637831221084e+18,356.442236667785,-0.760216428111794,25.70967,24.50599,23.5536,22.33604,22.22839,4263,301,2,92,1.0368633098024e+19,STAR,0.000110415,9209,57686,803
1.2376799982405553e+18,355.26239469336,-1.95959613023583,23.88038,22.69156,22.06365,21.44426,21.59664,8038,301,5,188,1.0368535241489144e+19,GALAXY,0.750847,9209,57686,447
1.2376637841961132e+18,357.103618468759,0.14275025190547,22.42031,22.66718,22.24125,21.59197,21.47761,4263,301,4,96,1.036866498386122e+19,GALAXY,0.8483756,9209,57686,919
1.237663783122109e+18,356.475231736981,-0.813217304383017,24.2211,22.89557,23.06433,23.06226,21.77314,4263,301,2,92,1.0368633922657737e+19,GALAXY,0.946361,9209,57686,806
1.237663784196244e+18,357.343565389831,0.0730586574277005,22.48182,22.06272,21.41816,20.67116,20.41597,4263,301,4,98,1.0368661685326338e+19,GALAXY,0.7851038,9209,57686,907
1.2376785980976005e+18,16.2591993649027,3.10191236830189,18.2298,17.32666,17.07161,16.95924,16.92118,7712,301,5,438,9.8584704229911e+18,STAR,-1.203595e-05,8756,57687,330
1.2376634792607757e+18,337.836319626261,0.0175258929452157,22.80012,22.73634,22.22291,22.18361,20.77522,4192,301,4,208,1.040353187198431e+19,GALAXY,0.7432612,9240,57687,788
1.2376634803375311e+18,344.706075313257,1.01728274238587,22.37305,21.87526,21.51127,20.69459,20.37075,4192,301,6,254,1.0365055012326103e+19,GALAXY,0.7537888,9206,57687,74
1.237678596473095e+18,344.577669482158,1.76889050792977,23.69058,22.25001,23.29042,21.05626,22.1667,7712,301,2,226,1.03652845353784e+19,GALAXY,1.074368,9206,57687,909
1.237663479263528e+18,344.201450510313,0.0873430712831951,23.0641,21.96426,21.32236,20.74397,20.40012,4192,301,4,250,1.036508222523889e+19,GALAXY,0.7554772,9206,57687,173
1.2376634792630692e+18,343.074609720866,0.0160765085298409,22.64419,23.47601,22.65184,21.79041,20.67844,4192,301,4,243,1.0365153968372605e+19,GALAXY,0.8670451,9206,57687,434
1.2376634792631347e+18,343.194069282375,0.151189221746938,25.89964,23.11374,22.71423,21.62284,21.25242,4192,301,4,244,1.0365141873744695e+19,GALAXY,1.008896,9206,57687,390
1.237678617947276e+18,343.058106913628,1.60183984181064,22.95328,22.87008,22.84956,21.79965,21.18753,7717,301,2,216,1.0365189152744692e+19,GALAXY,0.6949558,9206,57687,562
1.237678598097404e+18,15.8708821446312,3.10300364878504,21.63205,21.96285,22.07334,21.84795,21.23715,7712,301,5,435,9.858492413223655e+18,QSO,2.124637,8756,57687,410
1.2376785980977318e+18,16.5833116760371,3.17780434936137,21.91331,19.88022,19.16521,18.89224,18.63396,7712,301,5,440,9.858458878119008e+18,STAR,0.0003056243,8756,57687,288
1.2376786216975076e+18,16.0869815968709,4.05627425311187,24.02475,23.40583,21.30176,19.98654,19.15339,7718,301,1,96,9.858549862706209e+18,GALAXY,0.7677529,8756,57687,619
1.237678598634407e+18,16.0774690931615,3.62977031686192,23.30624,25.05015,21.85506,20.79844,19.72051,7712,301,6,437,9.858486640787608e+18,GALAXY,0.7633549,8756,57687,389
1.237663480336876e+18,343.206040799143,0.994648560905461,22.21255,22.03767,22.99727,21.07346,20.84365,4192,301,6,244,1.0365160565442367e+19,GALAXY,0.8931487,9206,57687,458
1.2376786614311327e+18,16.3747508245855,4.65213987893942,22.25269,21.27758,21.27055,21.16413,21.11939,7727,301,3,175,9.858566080502716e+18,QSO,3.095706,8756,57687,678
1.2376785980974697e+18,16.0127685139364,3.09640405393759,21.46638,21.36387,21.48391,21.16819,20.75731,7712,301,5,436,9.85849186346784e+18,QSO,1.669523,8756,57687,408
1.237663480337138e+18,343.922040760779,1.01782807079721,22.95821,22.88465,22.61124,21.69208,22.7686,4192,301,6,248,1.036511108741912e+19,GALAXY,0.8159498,9206,57687,278
1.2376785980976008e+18,16.2838203126352,3.10776083993396,19.98083,19.78916,19.742,19.40689,19.5358,7712,301,5,438,9.858470972746912e+18,QSO,1.849077,8756,57687,332
1.2376785980975352e+18,16.1123166358755,3.09576771250503,21.85182,21.78558,21.63951,21.74243,21.54509,7712,301,5,437,9.85847949396203e+18,QSO,1.962359,8756,57687,363
1.2376786222347067e+18,16.8885943418928,4.35001978227291,24.8431,26.02996,22.4324,20.97798,19.83914,7718,301,2,101,9.858591644148062e+18,GALAXY,0.854499,8756,57687,771
1.2376634792633303e+18,343.755405123239,0.0921418661490016,23.54796,23.39067,23.35661,22.15451,23.05025,4192,301,4,247,1.0365097893279586e+19,GALAXY,1.466018,9206,57687,230
1.2376634792635274e+18,344.109357960754,0.0403788709291034,22.80132,22.55843,21.92466,21.32015,20.92343,4192,301,4,250,1.0365081400605168e+19,GALAXY,0.7875795,9206,57687,170
1.2376785980979284e+18,17.0601073885197,3.21114878220053,21.3434,21.11681,20.9928,20.63865,20.5494,7712,301,5,443,9.858436063252732e+18,QSO,1.508842,8756,57687,205
1.2376785980975347e+18,16.132975011587,3.10388841113561,17.98859,16.98271,16.68659,16.5839,16.5738,7712,301,5,437,9.858478944206215e+18,STAR,-0.0001329428,8756,57687,361
1.237663480337138e+18,343.877030407614,1.01435883421177,22.3877,22.83669,22.06732,21.56626,21.96362,4192,301,6,248,1.0365111637174931e+19,GALAXY,0.8172662,9206,57687,280
1.237678598097863e+18,16.887806085301,3.1144595955539,18.87618,19.05694,18.70331,18.60898,18.62448,7712,301,5,442,9.858436613008544e+18,QSO,1.305543,8756,57687,207
1.2376785980977318e+18,16.5362563148421,3.23664949002156,20.96592,20.97726,20.94626,20.64334,20.41272,7712,301,5,440,9.858459702752727e+18,QSO,1.863758,8756,57687,291
1.237678598097404e+18,15.7740100707505,3.22118759797423,21.54029,20.78555,20.79785,20.67247,20.42961,7712,301,5,435,9.858504782729468e+18,QSO,2.309546,8756,57687,455
1.2376785964724396e+18,343.075899150329,1.74967753949003,23.37304,22.7296,21.7885,20.99294,20.66304,7712,301,2,216,1.0365197948837712e+19,GALAXY,0.7539238,9206,57687,594
1.2376785980974697e+18,15.9648381561371,3.21778496341891,21.03675,21.11747,20.57735,20.67775,20.78256,7712,301,5,436,9.85849296297947e+18,QSO,1.305034,8756,57687,412
1.2376785980979284e+18,17.1045931651419,3.18418845048425,21.70987,21.21351,21.04346,21.03942,20.58194,7712,301,5,443,9.858426167648082e+18,QSO,2.446639,8756,57687,169
1.2376785980974697e+18,15.9251633123596,3.18527521444472,22.88442,22.00399,21.41848,21.35179,20.94357,7712,301,5,436,9.858493512735283e+18,QSO,1.075181,8756,57687,414
1.2376788810110735e+18,338.223770368663,-1.90389399638857,23.85848,25.00943,22.99687,21.33847,24.1075,7778,301,4,171,1.0403339732327356e+19,GALAXY,0.7645435,9240,57687,89
1.237678598634406e+18,16.0774083599068,3.6633185751909,21.96294,21.59764,21.44206,21.02171,20.80196,7712,301,6,437,9.858488015177144e+18,STAR,-0.003949423,8756,57687,394
1.2376634792608407e+18,337.981577077318,0.0528598007954653,22.30198,22.70253,22.17452,20.83051,20.26395,4192,301,4,209,1.0403545066123844e+19,GALAXY,1.254506,9240,57687,836
1.237678596472701e+18,343.595601135772,1.77069181719284,23.14175,24.77904,23.38574,22.47041,21.64566,7712,301,2,220,1.036523065930864e+19,STAR,0.003820277,9206,57687,713
1.2376634792637896e+18,344.704417178708,0.0293376823900404,22.68786,23.10117,22.1639,21.1187,21.2538,4192,301,4,254,1.0365047590622616e+19,QSO,0.8093252,9206,57687,47
1.2376634792630687e+18,343.103093354808,0.0730831610360903,25.28869,23.34183,22.09089,21.79163,21.92992,4192,301,4,243,1.0365141323988883e+19,QSO,1.054265,9206,57687,388
1.2376634792636582e+18,344.445576187902,0.0226106769632684,19.72823,19.38641,19.27275,18.9768,18.96264,4192,301,4,252,1.0365069580855171e+19,QSO,1.715733,9206,57687,127
1.2376634787233147e+18,336.588643145958,-0.318687585373878,24.27057,23.81297,22.55536,21.64221,21.00736,4192,301,3,199,1.040346892494362e+19,GALAXY,0.9278588,9240,57687,559
1.2376785980976663e+18,16.5191337160264,3.18546377552368,21.19278,20.67703,20.6403,20.36532,20.34053,7712,301,5,439,9.858461626898078e+18,QSO,1.592361,8756,57687,298
1.2376785964732257e+18,344.840625051121,1.85965094511016,25.99143,23.17458,23.79154,21.60214,22.86265,7712,301,2,228,1.0365296904884212e+19,GALAXY,0.8751144,9206,57687,954
1.237678598097928e+18,17.0597195522722,3.23206373031487,19.81841,19.7395,19.4917,19.59758,19.81158,7712,301,5,443,9.858437437642269e+18,QSO,1.242517,8756,57687,210
1.2376785980979284e+18,17.1105132986248,3.27766028000197,21.95225,22.03988,21.55581,21.43752,20.91806,7712,301,5,443,9.858427542037617e+18,QSO,1.103464,8756,57687,174
1.2376569090326536e+18,344.520681294276,1.06294833300004,24.70556,23.45842,23.59179,22.5604,21.62187,2662,301,6,179,1.0365066557198197e+19,GALAXY,0.8629709,9206,57687,116
1.2376634792636585e+18,344.46558931461,0.174112045265152,23.27196,22.91042,22.18602,22.05283,21.62832,4192,301,4,252,1.03650706803668e+19,GALAXY,0.7605674,9206,57687,131
1.2376634792632653e+18,343.540888736594,0.10151031202236,22.46511,22.36196,21.72288,21.37774,21.02555,4192,301,4,246,1.0365120433268e+19,GALAXY,0.8980428,9206,57687,312
1.237678598097404e+18,15.8514051037707,3.19116655392322,18.05289,17.09906,16.7379,16.60352,16.56954,7712,301,5,435,9.858503408339931e+18,STAR,-0.0006619328,8756,57687,450
1.2376785980976663e+18,16.4734707765381,3.14120027574318,20.97321,21.09536,20.58703,20.43922,20.37459,7712,301,5,439,9.858469323479472e+18,QSO,1.229751,8756,57687,326
1.2376634792633964e+18,343.914596892241,0.177885573483766,23.78852,22.7458,22.76888,21.81025,21.63119,4192,301,4,248,1.0365098992791214e+19,GALAXY,0.7856517,9206,57687,234
1.2376634792637898e+18,344.722650117486,0.118704763198565,19.2289,19.29195,18.67463,18.42629,18.46449,4192,301,4,254,1.0365046765988897e+19,GALAXY,0.01057134,9206,57687,44
1.2376786614311977e+18,16.4429922270667,4.52441109287094,20.04222,19.95114,19.54854,19.57825,19.6657,7727,301,3,176,9.85856855440388e+18,QSO,1.022086,8756,57687,687
1.2376785964729636e+18,344.250864014413,1.83333035420176,23.38723,22.86194,22.14313,21.84573,21.44706,7712,301,2,224,1.0365273265384217e+19,QSO,1.456069,9206,57687,868
1.237663478726526e+18,343.864358433773,-0.230265986188296,23.41644,23.05205,22.15027,21.36819,21.17727,4192,301,3,248,1.0365096793768e+19,GALAXY,0.8699791,9206,57687,226
1.2376785980973386e+18,15.7493848362158,3.21318660528876,22.58798,21.75356,21.54899,21.25335,20.94983,7712,301,5,434,9.85850533248528e+18,QSO,1.512741,8756,57687,457
1.237663479263462e+18,343.945826596713,0.210595744417053,22.7512,22.54885,22.32031,21.56178,21.70495,4192,301,4,249,1.03650866232854e+19,GALAXY,0.7966126,9206,57687,189
1.2376786614318536e+18,17.9877625508405,4.63426631719887,21.85096,21.26865,20.82137,20.77938,21.02699,7727,301,3,186,9.85865019314224e+18,STAR,0.0002304243,8756,57687,984
1.2376799982323635e+18,336.588629687962,-1.69275287276462,24.21653,23.25582,22.74287,21.91955,22.94394,8038,301,5,63,1.0403449683490134e+19,GALAXY,0.9101648,9240,57687,489
1.2376634792635927e+18,344.24394984144,0.199125568368998,26.70259,22.31806,21.77929,20.92554,20.76732,4192,301,4,251,1.0365083049872611e+19,GALAXY,0.7095293,9206,57687,176
1.237679436128584e+18,358.894263072161,-1.60467960705402,22.19864,21.88825,21.1954,20.45588,20.51582,7907,301,6,64,1.0367324954098424e+19,GALAXY,0.6960512,9208,57688,140
1.237656906354393e+18,358.431810994185,-0.945957142593962,21.53971,22.2811,21.07604,20.41383,20.39703,2662,301,1,272,1.0367509122296076e+19,GALAXY,0.9750859,9208,57688,810
1.2376788895931438e+18,22.3462834090107,-2.33082860954816,22.92087,22.63001,21.74909,21.15702,20.68924,7780,301,4,51,1.0503732290785665e+19,GALAXY,0.6784839,9329,57688,771
1.237678889593668e+18,23.5317733699582,-2.17033953507215,22.89807,22.62974,22.38034,22.16248,21.67239,7780,301,4,59,1.0503793863436818e+19,GALAXY,1.100038,9329,57688,995
1.2376637831234196e+18,359.515965633017,-0.828016166934988,22.68435,22.57845,21.65387,20.70178,20.95695,4263,301,2,112,1.0367559699831e+19,GALAXY,0.7678261,9208,57688,994
1.2376637831221752e+18,356.703739954318,-0.827274242686058,23.05384,23.00594,22.90719,21.59905,22.73825,4263,301,2,93,1.0367429407703065e+19,GALAXY,0.8818427,9208,57688,520
1.2376788794198592e+18,22.4930875479518,-3.2578043741141,23.17092,22.96202,21.87545,21.27688,20.64168,7778,301,1,467,1.0503578084279867e+19,GALAXY,0.7061555,9329,57688,210
1.2376637841962445e+18,357.447024546131,0.0138064073676623,23.11607,22.43499,22.05811,21.272,20.87398,4263,301,4,98,1.03674585447612e+19,GALAXY,0.8274513,9208,57688,626
1.2376788895936023e+18,23.4142786006239,-2.23578512860751,25.08456,23.10027,22.08813,21.48703,20.9757,7780,301,4,58,1.0503789465390307e+19,GALAXY,0.7509344,9329,57688,979
1.2376788895930127e+18,22.0386193181155,-2.31944342592807,22.65866,22.24739,21.62064,21.20173,21.31604,7780,301,4,49,1.0503712224698456e+19,GALAXY,0.6266987,9329,57688,698
1.237656906354328e+18,358.34619183869,-1.0263971635615,23.24362,22.67022,22.51849,21.85716,20.68769,2662,301,1,271,1.0367499501569331e+19,GALAXY,1.180936,9208,57688,775
1.2376788810309307e+18,23.5351723718612,-2.06435256874861,21.93823,22.62174,22.29752,21.61495,20.95392,7778,301,4,474,1.0503793038803096e+19,GALAXY,0.7567291,9329,57688,992
1.237678889592816e+18,21.6706956952184,-2.20888948138128,22.43388,22.54521,22.15481,21.545,20.86617,7780,301,4,46,1.0503689134954273e+19,GALAXY,0.96443,9329,57688,614
1.237678889592488e+18,20.8425996068674,-2.34021348743445,23.5432,22.84779,22.44196,21.69298,22.31331,7780,301,4,41,1.0503663021553111e+19,GALAXY,0.8471296,9329,57688,519
1.2376788815567268e+18,358.21513293548,-1.70399302410234,25.14928,23.26929,22.23662,21.56706,20.64375,7778,301,5,305,1.0367367560174e+19,GALAXY,0.76452,9208,57688,295
1.2376637831231567e+18,358.828708443733,-0.658401507649641,18.85211,17.85442,17.54708,17.41841,17.38615,4263,301,2,108,1.0367527264237937e+19,STAR,-0.000281059,9208,57688,876
1.2376788799566648e+18,22.3511112053019,-2.95849041642576,23.22545,23.11185,22.52602,21.49156,21.51057,7778,301,2,466,1.0503581107936844e+19,GALAXY,0.728416,9329,57688,221
1.2376788799564027e+18,21.7774636503374,-2.91227389951928,24.21528,23.01498,22.71402,21.88745,21.20691,7778,301,2,462,1.0503626462791487e+19,GALAXY,0.8385946,9329,57688,386
1.2376788895929472e+18,21.9096273512986,-2.37203319634325,22.6791,21.87786,21.34212,20.48414,20.19956,7780,301,4,48,1.0503701229582178e+19,GALAXY,0.7347324,9329,57688,658
1.237678881556464e+18,357.679982191429,-1.81597642997,25.92987,21.54305,21.35927,20.55253,19.95516,7778,301,5,301,1.0367385702115858e+19,GALAXY,0.8205022,9208,57688,361
1.2376788906667543e+18,22.0770940831123,-1.5250766829265,19.2131,18.92141,18.85712,18.91399,18.67215,7780,301,6,49,1.050371634786706e+19,QSO,0.8194247,9329,57688,713
1.2376788895931438e+18,22.3592416267704,-2.28392915085337,22.43264,23.0825,22.09147,21.47272,21.14885,7780,301,4,51,1.0503733940053105e+19,GALAXY,0.7170309,9329,57688,777
1.2376788895931436e+18,22.2929872225205,-2.22483384772569,22.99198,22.26324,21.51443,20.66808,20.39382,7780,301,4,51,1.050373064151822e+19,GALAXY,0.8045511,9329,57688,765
1.2376788895931436e+18,22.2911448984968,-2.25941769814494,23.43744,22.92102,22.32281,21.74456,20.80269,7780,301,4,51,1.050373448980892e+19,GALAXY,0.7430926,9329,57688,779
1.2376788815564644e+18,357.727785190413,-1.65327547093574,21.80726,22.26542,21.35353,20.86273,21.20089,7778,301,5,301,1.0367386801627486e+19,GALAXY,0.6946375,9208,57688,365
1.237678881029882e+18,21.173348367856,-2.06858939515034,23.42482,24.38217,23.79092,21.43712,22.08576,7778,301,4,458,1.0503663846186832e+19,GALAXY,0.7290066,9329,57688,522
1.2376637841961132e+18,357.077807671467,0.0255358051906207,22.22777,22.18156,21.85653,21.43866,21.20737,4263,301,4,96,1.0367436004772827e+19,GALAXY,0.875148,9208,57688,544
1.237678619010991e+18,320.111839392429,1.94318150611848,21.60401,21.34933,21.12315,20.87529,20.97247,7717,301,4,63,1.0314590727213177e+19,QSO,1.582278,9161,57691,806
1.2376786184744468e+18,320.804426355193,1.45853946017448,21.06149,20.63321,20.61115,20.26658,20.28258,7717,301,3,68,1.03143897914632e+19,QSO,1.701754,9161,57691,75
1.2376786190107945e+18,319.708043436936,1.92744161627242,22.05782,22.59143,22.13784,22.12664,21.89434,7717,301,4,60,1.03145679123469e+19,QSO,1.080795,9161,57691,723
1.2376785975358925e+18,319.552409196205,2.10295957619221,21.25483,21.15026,20.79008,20.51602,20.58568,7712,301,4,59,1.0314569011858528e+19,QSO,1.49636,9161,57691,727
1.2376786179368556e+18,319.232152132933,1.10348486487423,20.24623,20.01815,20.02727,19.78359,19.73678,7717,301,2,57,1.0314486273608538e+19,QSO,1.753512,9161,57691,426
1.2376785964622807e+18,319.760289438142,1.30408214630256,20.10713,19.98043,19.89823,19.94088,19.88124,7712,301,2,61,1.0314452188748075e+19,QSO,1.011621,9161,57691,302
1.237678598073221e+18,320.470200337719,2.51878848042579,23.61598,20.07312,18.55815,20.79692,20.08831,7712,301,5,66,1.0314609144032942e+19,STAR,1.59147e-05,9161,57691,873
1.2376786174007063e+18,320.911312066271,0.685302076608561,22.43966,22.17904,22.03469,21.84828,21.02287,7717,301,1,68,1.0314380445614365e+19,QSO,2.0714,9161,57691,41
1.237678597536547e+18,320.955339067265,2.03815760052613,24.43083,20.13978,19.82022,19.6725,19.80595,7712,301,4,69,1.0314641304748057e+19,QSO,3.293585,9161,57691,990
1.2376634577774185e+18,319.37218891271,0.142443451676445,24.61069,21.39373,19.97219,19.38302,19.01205,4187,301,4,78,1.03144689563004e+19,GALAXY,0.2321179,9161,57691,363
1.237678618474447e+18,320.787287058026,1.4817848153261,20.33972,19.71538,19.37638,19.01243,18.77939,7717,301,3,68,1.031439061609692e+19,QSO,0.4487,9161,57691,78
1.2376785975358917e+18,319.511418761243,1.98572597937707,19.71287,19.25662,18.99338,18.97929,19.07204,7712,301,4,59,1.031455801674225e+19,QSO,1.15554,9161,57691,687
1.2376786174005747e+18,320.568250071377,0.680413574373267,20.39927,20.41443,20.26586,20.14606,20.15096,7717,301,1,66,1.0314393364876e+19,QSO,1.415437,9161,57691,88
1.2376634588518825e+18,321.017090953261,0.876292482632754,26.94292,22.54203,21.18884,20.15247,19.1339,4187,301,6,89,1.0314383744149248e+19,GALAXY,0.7336797,9161,57691,53
1.2376785980727631e+18,319.555965610486,2.49848410242835,21.8096,21.89339,21.88123,22.07199,22.55223,7712,301,5,59,1.0314564064056203e+19,QSO,0.212914,9161,57691,709
1.2376785975359575e+18,319.583261968034,2.12944801322054,21.65307,21.59456,21.53326,21.13093,21.21446,7712,301,4,60,1.0314568187224807e+19,QSO,1.62379,9161,57691,724
1.237663458851162e+18,319.387952803804,0.881566727574582,23.24444,23.52704,21.84936,20.56154,19.88599,4187,301,6,78,1.031447170507947e+19,GALAXY,0.7644184,9161,57691,373
1.237678597536089e+18,319.982880777274,2.05041603952068,21.22965,21.14195,21.12301,20.82442,20.63469,7712,301,4,62,1.0314578357707364e+19,QSO,1.628541,9161,57691,761
1.2376786174005752e+18,320.577415267061,0.651825814374958,24.34202,22.93853,22.29069,21.03465,19.86105,7717,301,1,66,1.0314393089998084e+19,STAR,0.000148762,9161,57691,87
1.2376785975358927e+18,319.50926655604,2.01030000960618,22.16114,22.15984,21.90338,21.72325,21.43471,7712,301,4,59,1.0314556367474809e+19,QSO,0.9254097,9161,57691,681
1.2376785964626747e+18,320.708833184839,1.16125097094992,21.93845,21.01783,20.52962,20.18203,19.81853,7712,301,2,67,1.0314389516585292e+19,STAR,-0.0004908314,9161,57691,74
1.2376785964622157e+18,319.724945733582,1.18466341119615,19.51429,19.25422,19.13171,18.86989,19.01249,7712,301,2,60,1.0314453288259705e+19,QSO,1.563083,9161,57691,306
1.2376785980731564e+18,320.393072970366,2.5662383655377,21.55281,21.15557,21.22448,21.1526,20.90443,7712,301,5,65,1.0314610518422477e+19,QSO,2.351659,9161,57691,878
1.237678619547796e+18,319.937104553257,2.34142490284632,25.91053,23.94677,21.568,20.42541,19.73856,7717,301,5,62,1.0314588803067828e+19,GALAXY,0.5563976,9161,57691,799
1.23767859753622e+18,320.260272286221,1.99084857500778,21.46195,21.31464,21.22604,21.13302,21.091,7712,301,4,64,1.0314603096719e+19,QSO,1.612515,9161,57691,851
1.2376785980726313e+18,319.136268751659,2.48739198907592,22.7293,22.35363,22.13175,21.88727,22.79063,7712,301,5,57,1.0314530803829463e+19,QSO,0.9281057,9161,57691,588
1.2376785975358264e+18,319.306540111975,2.00219120242708,21.53066,20.14375,19.8633,19.60264,19.47866,7712,301,4,58,1.0314549770405e+19,QSO,2.908848,9161,57691,657
1.2376785980731564e+18,320.339452563285,2.4869518182208,21.64439,21.26359,21.02934,20.6453,20.09817,7712,301,5,65,1.0314596224771316e+19,QSO,0.7021329,9161,57691,826
1.2376786195482555e+18,320.952503665307,2.31693098587409,25.07437,23.44623,21.6648,20.26865,19.59383,7717,301,5,69,1.0314629484998056e+19,GALAXY,0.6853671,9161,57691,947
1.237663457777419e+18,319.375043696929,0.174464453470042,23.60567,20.85404,19.38021,18.82761,18.48812,4187,301,4,78,1.0314469231178308e+19,GALAXY,0.2337497,9161,57691,364
1.2376794339881784e+18,15.0573986770799,-3.2782467628162,22.59929,22.39242,21.96018,21.58924,22.23776,7907,301,2,172,1.0515020152101427e+19,GALAXY,1.053769,9339,57692,876
1.2376794334506524e+18,13.5869910246897,-3.56802183462633,22.47523,22.86394,21.8716,21.43944,20.88535,7907,301,1,162,1.0514936314339807e+19,GALAXY,0.9642706,9339,57692,571
1.237663462606832e+18,349.696816807894,0.738990735471304,22.44657,22.40419,22.1096,21.54178,20.68707,4188,301,5,41,1.0361743558265e+19,GALAXY,0.8733166,9203,57692,315
1.237678596475e+18,348.853245448122,1.81676569370325,23.58522,22.5521,21.99021,22.08814,21.49186,7712,301,2,255,1.036180787969526e+19,GALAXY,1.058028,9203,57692,549
1.237679324462777e+18,13.9615918528071,-4.0794312827731,23.63997,21.931,21.82897,20.16817,19.81849,7881,301,6,115,1.0514888760461908e+19,GALAXY,0.8734142,9339,57692,398
1.237679433450718e+18,13.6657177641487,-3.61909227299585,24.48525,22.97956,22.14267,22.47634,21.18014,7907,301,1,163,1.0514936039461902e+19,GALAXY,1.246284,9339,57692,570
1.2376794334506527e+18,13.6146232447606,-3.69543430225349,24.41769,22.72543,22.28726,21.21638,22.27254,7907,301,1,162,1.0514937688729344e+19,GALAXY,0.7631229,9339,57692,576
1.2376793244627113e+18,13.8411028964473,-4.09351174569118,21.97417,22.42726,21.87176,22.33464,21.17168,7881,301,6,114,1.0514888210706094e+19,GALAXY,1.020466,9339,57692,396
1.23767932446317e+18,14.8999871779655,-4.01475991219655,22.76924,21.89205,22.35183,20.92067,20.92377,7881,301,6,121,1.051483433463633e+19,GALAXY,0.9080777,9339,57692,200
1.237679323389231e+18,14.3692029373824,-4.89439893500158,22.23331,22.10988,21.55255,21.05124,20.63794,7881,301,4,118,1.0514868419496794e+19,QSO,0.6824718,9339,57692,324
1.2376634626069637e+18,350.06236162711,0.63998509435957,22.10452,21.17077,21.05356,20.5839,19.44687,4188,301,5,43,1.0361718269497596e+19,GALAXY,0.7624175,9203,57692,223
1.2376634626066355e+18,349.257194316465,0.787516196117737,24.02979,22.91598,22.25193,21.45502,21.49203,4188,301,5,38,1.0361766098253404e+19,GALAXY,0.721616,9203,57692,397
1.2376634626064394e+18,348.85382388464,0.812688517985941,23.10611,23.29824,22.22082,21.63709,21.24745,4188,301,5,35,1.0361786988974332e+19,GALAXY,0.7502643,9203,57692,473
1.2376786179500938e+18,349.407495804059,1.68820124938487,24.97931,22.6907,22.15809,21.56659,21.01822,7717,301,2,259,1.036184278918944e+19,GALAXY,0.8599345,9203,57692,676
1.2376786179498972e+18,348.944737216604,1.6310487625487,22.6932,22.95214,22.14305,21.6675,21.04446,7717,301,2,256,1.0361810903352236e+19,GALAXY,0.708421,9203,57692,560
1.2376794334505866e+18,13.3487671022466,-3.70884139549433,22.90966,22.49356,21.71531,20.86958,20.73199,7907,301,1,161,1.0514924769467716e+19,GALAXY,0.8904443,9339,57692,529
1.2376792552001377e+18,15.5803381550425,-4.19889916598705,22.79704,22.35816,21.35688,20.52864,20.01715,7865,301,5,19,1.0514796126607268e+19,GALAXY,0.6818429,9339,57692,61
1.2376634626070943e+18,350.323864293076,0.701274688236852,22.56444,22.79817,21.84112,21.49649,20.96868,4188,301,5,45,1.0361697378776668e+19,GALAXY,0.9363973,9203,57692,147
1.2376792552000727e+18,15.4353770015994,-4.25220866452416,23.28744,22.92533,22.77054,21.65977,21.6815,7865,301,5,18,1.0514798325630523e+19,GALAXY,0.9696299,9339,57692,69
1.2376634626074222e+18,351.12164907365,0.700455643591279,23.45557,22.82571,22.52009,21.67724,21.40854,4188,301,5,50,1.0361664943183649e+19,GALAXY,0.9478461,9203,57692,29
1.2376786174136164e+18,350.324900694652,1.29147130740827,23.12982,22.98102,22.0665,21.46129,20.58131,7717,301,1,265,1.0361900788427809e+19,GALAXY,0.7610028,9203,57692,887
1.2376634626069632e+18,349.980610135804,0.75129969830392,22.83059,23.23285,22.24571,22.36858,22.3063,4188,301,5,43,1.0361721018276663e+19,GALAXY,1.043453,9203,57692,233
1.237678617949963e+18,349.168176753742,1.64695937631434,22.67437,20.34977,20.11749,19.63683,19.24752,7717,301,2,257,1.0361821898468512e+19,QSO,2.718486,9203,57692,600
1.237678617950028e+18,349.316451166439,1.60280474235375,21.61219,20.76642,20.5537,20.4848,20.0427,7717,301,2,258,1.036183206895107e+19,QSO,2.42718,9203,57692,637
1.2376634626070287e+18,350.129511467499,0.664029964261435,22.24227,22.16101,21.06423,20.46392,20.44706,4188,301,5,44,1.0361710298038297e+19,GALAXY,0.8050476,9203,57692,194
1.23767861741283e+18,348.553479927847,1.21700099582403,22.7314,22.88232,21.64872,21.08531,20.3919,7717,301,1,253,1.036179605994526e+19,QSO,0.3569296,9203,57692,506
1.2376785959383206e+18,349.368010304481,1.45280522292162,23.9848,23.28864,21.8734,21.56572,21.56898,7712,301,1,258,1.0361833168462698e+19,GALAXY,0.959226,9203,57692,641
1.2376634631443584e+18,351.24494895212,1.15277859925007,25.26444,22.69077,22.12184,21.83797,21.082,4188,301,6,51,1.036193102499757e+19,GALAXY,0.8483431,9203,57692,997
1.2376794334507827e+18,13.8331111696707,-3.68278750301163,19.20266,18.24112,17.94045,17.84026,17.8525,7907,301,1,164,1.0514947584334e+19,STAR,-0.0004770452,9339,57692,612
1.237678596475585e+18,350.26501771259,1.93932617785505,22.46692,22.53561,22.44739,21.29625,21.03638,7712,301,2,264,1.0361895565747577e+19,GALAXY,0.8124005,9203,57692,868
1.2376786184867023e+18,348.935586510926,1.99505384844367,20.87091,19.57939,19.31251,19.10059,18.82812,7717,301,3,255,1.0361806230427816e+19,QSO,2.716507,9203,57692,543
1.2376793233893627e+18,14.7602224888154,-4.87752223683427,23.11002,23.118,22.58979,21.79354,21.47573,7881,301,4,120,1.0514835159270052e+19,GALAXY,0.7102087,9339,57692,203
1.2376634631435064e+18,349.255746797183,1.06132737841875,22.66089,22.34669,21.67616,21.12133,20.47592,4188,301,6,38,1.0361826571392932e+19,GALAXY,1.104942,9203,57692,617
1.237678879953126e+18,14.275387525938,-2.94004800448048,23.36651,22.94899,22.25734,21.3467,22.40743,7778,301,2,412,1.0514962152863062e+19,GALAXY,0.705583,9339,57692,665
1.2376794334517007e+18,15.9380965067997,-3.52219602031943,21.93705,22.27926,21.65435,21.10358,20.5947,7907,301,1,178,1.0515049014281656e+19,GALAXY,0.7966673,9339,57692,981
1.237663463144358e+18,351.159018391157,1.05795708001768,22.105,22.64349,22.09376,21.69442,20.95549,4188,301,6,51,1.0361931849631291e+19,GALAXY,0.7845721,9203,57692,1000
1.2376634626067668e+18,349.526511055704,0.770144954695286,24.43525,23.896,22.55207,21.4979,21.55897,4188,301,5,40,1.0361754553381313e+19,GALAXY,0.7195426,9203,57692,355
1.2376634626070292e+18,350.175412493448,0.689954006953153,19.62691,18.7367,20.49962,19.42046,25.22184,4188,301,5,44,1.036170892364876e+19,GALAXY,1.031999,9203,57692,189
1.237663462607291e+18,350.711574717494,0.818000102916129,23.77351,22.35435,22.89117,22.41935,21.07004,4188,301,5,48,1.0361678412201087e+19,GALAXY,1.187248,9203,57692,78
1.237678661433295e+18,21.2603551448818,4.4185759093914,20.8073,20.61734,20.3614,20.21878,20.13355,7727,301,3,208,9.86532367906769e+18,QSO,1.54887,8762,57693,686
1.2376634577788618e+18,322.678802364241,0.110052415848886,23.63761,22.59301,21.42997,20.18783,19.52034,4187,301,4,100,1.0335946266715116e+19,GALAXY,0.7242656,9180,57693,673
1.2376786614336883e+18,22.2059155449069,4.43861352648984,22.63088,21.05929,20.7765,20.80602,20.51753,7727,301,3,214,9.86537783001536e+18,STAR,-0.000634932,8762,57693,883
1.2376530108102085e+18,324.133351525566,-1.27403376314806,18.57807,18.53573,18.42243,18.41212,17.95852,1755,301,1,137,1.0335786012895367e+19,QSO,0.2738835,9180,57693,90
1.237679998234592e+18,341.724939457621,-1.67069524136344,22.65811,22.47343,21.40386,20.28217,19.88295,8038,301,5,97,1.0376412967541692e+19,GALAXY,0.8069225,9216,57693,434
1.2376788810044552e+18,323.133607147462,-1.5223970497565,21.96548,22.24495,21.69535,22.02809,21.06046,7778,301,4,70,1.033583164262792e+19,GALAXY,0.2942479,9180,57693,256
1.237663479262938e+18,342.827974491143,0.161853076314902,24.38802,23.27256,22.37937,22.14637,21.73917,4192,301,4,241,1.0376498454570752e+19,GALAXY,0.7771167,9216,57693,745
1.2376786174014932e+18,322.750795234191,0.638468822072408,23.22728,22.98789,21.9247,20.82625,19.99371,7717,301,1,80,1.0335945716959304e+19,GALAXY,0.8306701,9180,57693,671
1.237679998234854e+18,342.355764948049,-1.86254366495012,24.46211,23.24166,22.76065,21.79883,21.47617,8038,301,5,101,1.0376389602919602e+19,GALAXY,0.8593513,9216,57693,349
1.2376788810043889e+18,322.882521081277,-1.60746042461344,18.93995,18.66037,18.51585,18.24158,18.18918,7778,301,4,69,1.0335865177732567e+19,QSO,1.740917,9180,57693,378
1.2376799982347886e+18,342.198750275884,-1.67981319947854,23.79233,23.17194,22.61403,22.4805,21.89292,8038,301,5,100,1.0376392076820765e+19,GALAXY,0.7732533,9216,57693,358
1.2376635426055137e+18,321.750352477743,-0.563434861127029,20.73804,20.22908,20.1281,20.07843,19.81458,4207,301,2,116,1.0335900362104656e+19,QSO,0.7906266,9180,57693,506
1.2376634792633966e+18,343.912354313766,0.0106985264275964,21.02084,21.34067,20.64976,19.72059,19.20371,4192,301,4,248,1.037655425478586e+19,GALAXY,0.8095868,9216,57693,948
1.2376788810045855e+18,323.376601594364,-1.5619988246847,20.53243,20.21792,20.2356,20.12453,19.91964,7778,301,4,72,1.0335820647511644e+19,QSO,2.095549,9180,57693,216
1.2376635426057098e+18,322.191016568822,-0.536470052724788,20.06509,20.10912,19.72405,19.65899,19.66976,4207,301,2,119,1.033591630502326e+19,QSO,1.136669,9180,57693,564
1.2376530108099464e+18,323.537401606712,-1.26430862925966,19.43341,19.3927,18.99606,18.87,18.75467,1755,301,1,133,1.0335811301662808e+19,QSO,1.299484,9180,57693,182
1.2376634787258708e+18,342.424732189624,-0.34925083487314,26.83755,22.2999,22.28582,21.61147,22.94962,4192,301,3,238,1.0376480312628892e+19,GALAXY,0.812308,9216,57693,679
1.237663479263e+18,342.975079545948,0.0267561615750385,23.56684,22.63688,21.74369,21.04818,20.66876,4192,301,4,242,1.0376510824076564e+19,GALAXY,0.8674682,9216,57693,790
1.2376788810042575e+18,322.663669575597,-1.42938347298763,19.88413,19.78941,19.5006,19.4666,19.43883,7778,301,4,67,1.0335850059447687e+19,QSO,1.251142,9180,57693,323
1.2376634787257395e+18,342.133413696084,-0.275945004767785,24.3683,22.53482,22.0968,21.07134,21.07618,4192,301,3,236,1.0376469592390525e+19,GALAXY,0.9731965,9216,57693,640
1.2376634577785326e+18,321.970734151769,0.0360854524994272,25.02777,24.06805,21.42479,20.23033,19.56963,4187,301,4,95,1.0335913281366284e+19,GALAXY,0.5995945,9180,57693,553
1.2376786614337536e+18,22.3101678187357,4.45894762085446,19.30404,19.27355,19.05304,19.0943,19.1185,7727,301,3,215,9.865315432730485e+18,GALAXY,0.0,8762,57693,656
1.237678661433623e+18,22.0694272292759,4.54942083611433,23.37314,21.40255,21.02907,21.29176,20.94967,7727,301,3,213,9.865381953183963e+18,QSO,2.986876,8762,57693,898
1.237663479262544e+18,341.976410889421,0.176948479250405,23.98938,23.58661,23.14252,22.0078,20.43995,4192,301,4,235,1.0376453374594e+19,GALAXY,0.8845689,9216,57693,581
1.2376634577794516e+18,323.994472612275,0.190731336345072,26.08453,23.88669,22.00815,20.63382,19.95597,4187,301,4,109,1.033602323252906e+19,GALAXY,0.9107699,9180,57693,953
1.237663479262544e+18,341.904668444795,0.009649797406293,25.33592,23.12557,22.15078,21.31576,21.45607,4192,301,4,235,1.0376442379477735e+19,GALAXY,0.7868573,9216,57693,541
1.23766345777873e+18,322.40629868351,0.0829135165323312,21.8348,19.91944,18.4491,17.90769,17.49174,4187,301,4,98,1.0335925101116285e+19,GALAXY,0.2337964,9180,57693,596
1.2376634577791892e+18,323.441127578054,0.0544566838050578,23.85093,23.48598,21.51283,20.30168,19.5099,4187,301,4,105,1.033598749840116e+19,GALAXY,0.7934893,9180,57693,823
1.2376786614334264e+18,21.5427324278426,4.49759960074604,22.05671,22.32224,21.94375,21.63416,20.9631,7727,301,3,210,9.86534896783513e+18,GALAXY,1.101706,8762,57693,778
1.2376786614328366e+18,20.2571439181958,4.44591442377763,22.00791,22.03182,21.71314,21.56974,21.26039,7727,301,3,201,9.865274750800257e+18,QSO,1.008122,8762,57693,508
1.2376786614336883e+18,22.1837465058892,4.45021692810405,23.54034,22.08017,21.74554,21.58752,21.3676,7727,301,3,214,9.865379204404894e+18,GALAXY,1.786434,8762,57693,888
1.237663478726657e+18,344.137888720029,-0.338069126560141,23.83055,22.89172,21.76476,20.94061,20.49748,4192,301,3,250,1.0376564150390512e+19,GALAXY,0.7994075,9216,57693,984
1.2376799982349197e+18,342.521111271465,-1.76121344868963,23.20774,22.80882,22.31997,21.32272,21.04358,8038,301,5,102,1.0376378882681231e+19,GALAXY,0.7512377,9216,57693,310
1.2376634577787955e+18,322.460592771466,0.0935843220323793,23.12065,21.09664,19.71927,19.1619,18.85522,4187,301,4,99,1.033593692086628e+19,GALAXY,0.2354489,9180,57693,639
1.2376634577787308e+18,322.403535747006,0.104659310682687,23.58861,21.13068,19.776,19.18165,18.93348,4187,301,4,98,1.033592592575e+19,GALAXY,0.2297015,9180,57693,599
1.2376786614333606e+18,21.3814363187145,4.57054586059477,21.50702,21.05792,20.72377,20.51324,20.30997,7727,301,3,209,9.8653201056549e+18,QSO,2.114571,8762,57693,673
1.2376786222361485e+18,20.1585521502041,4.23692642740542,26.65133,25.79709,22.25187,21.10633,19.96109,7718,301,2,123,9.86527337641072e+18,GALAXY,0.8393942,8762,57693,503
1.2376634792627407e+18,342.347532987821,0.0484691012364524,23.35093,23.00856,23.63385,22.71172,21.4225,4192,301,4,238,1.0376477288971915e+19,GALAXY,0.7799569,9216,57693,668
1.2376786614336228e+18,22.0271825000558,4.52624794206885,20.77059,20.5753,20.34946,20.3671,20.50471,7727,301,3,213,9.865367109776988e+18,QSO,1.392334,8762,57693,844
1.237663457778534e+18,321.865871783578,0.0230859982044371,25.14122,23.65561,22.1943,20.7378,19.99432,4187,301,4,95,1.0335910532587217e+19,GALAXY,0.7108135,9180,57693,543
1.237663457779386e+18,323.869246944663,0.0164111598655281,23.28525,22.85962,21.2038,20.05796,19.36046,4187,301,4,108,1.0336009488633717e+19,GALAXY,0.6024945,9180,57693,903
1.23766354260571e+18,322.143113987203,-0.497231949230472,21.85584,21.50451,21.47458,21.01471,21.01703,4207,301,2,119,1.033591987843605e+19,QSO,1.830889,9180,57693,577
1.2376634577794504e+18,323.971168323057,0.0936290654169914,21.16733,19.42084,18.30784,17.83754,17.42986,4187,301,4,109,1.033602048375e+19,GALAXY,0.1217709,9180,57693,943
1.2376788810039304e+18,321.921475181046,-1.52728173957697,21.59048,21.44053,21.19038,21.03619,21.07605,7778,301,4,62,1.0335882769918611e+19,QSO,1.316206,9180,57693,442
1.2376634792630692e+18,343.140527563767,0.172551825140839,22.76179,22.70932,22.32953,21.41643,20.76706,4192,301,4,243,1.0376521269437e+19,GALAXY,0.9105538,9216,57693,828
1.237678661433492e+18,21.7298625052794,4.44331976173487,22.08692,21.2709,21.10355,21.12839,20.74654,7727,301,3,211,9.86535803880606e+18,QSO,2.390196,8762,57693,811
1.2376634577787955e+18,322.450098003938,0.117584339984949,22.90686,20.91285,19.58094,19.01627,18.65872,4187,301,4,99,1.03359218025814e+19,GALAXY,0.2355558,9180,57693,584
1.23767888100452e+18,323.188545845851,-1.46510245256832,21.46217,20.93821,20.87754,20.65156,20.53061,7778,301,4,71,1.0335831092872108e+19,QSO,1.516732,9180,57693,254
1.237678881004455e+18,322.989135795283,-1.6204486574791,22.15704,22.0944,21.9837,21.99163,21.20759,7778,301,4,70,1.0335854732372103e+19,QSO,2.053031,9180,57693,340
1.237678881004651e+18,323.457765753073,-1.53207498378662,20.73858,20.01499,19.93908,19.87531,19.75755,7778,301,4,73,1.0335809102639553e+19,QSO,2.276151,9180,57693,174
1.2376634577789924e+18,322.935238766737,0.190635743464358,24.13983,22.3631,22.53503,22.09395,23.37752,4187,301,4,102,1.0335958086465116e+19,QSO,2.555132,9180,57693,716
1.2376569063473157e+18,342.289950274957,-0.920941414725778,23.17183,22.86148,22.40876,21.54175,21.79614,2662,301,1,164,1.0376474540192848e+19,GALAXY,1.005805,9216,57693,658
1.2376786614335567e+18,21.8687239148428,4.5416603276485,18.49724,17.56233,17.22057,17.07325,17.05208,7727,301,3,212,9.865345119544433e+18,GALAXY,0.0,8762,57693,764
1.2376543910992947e+18,113.799641807217,32.4217254368319,22.93718,21.57623,21.14537,21.12897,20.41064,2076,301,4,45,1.0542981282669e+19,QSO,2.919206,9364,57699,198
1.2376543910992942e+18,113.793561329668,32.3941486270411,21.82844,20.05957,19.28867,18.995,18.82816,2076,301,4,45,1.0542980732913211e+19,STAR,4.581619e-05,9364,57699,196
1.2376511908116567e+18,113.892482366478,34.2146378082163,19.64576,19.49953,19.32038,19.42502,19.32488,1331,301,3,43,1.0543145659657376e+19,QSO,0.9721544,9364,57699,796
1.2376543916366892e+18,114.275670893553,33.5827607366599,22.33308,22.30881,21.37652,21.43492,21.32364,2076,301,5,53,1.0543172597692258e+19,GALAXY,0.2773366,9364,57699,894
1.2376543916359685e+18,113.199085579322,32.2186187530406,18.80613,17.77647,17.46088,17.32315,17.28753,2076,301,5,42,1.0543012893628324e+19,STAR,-0.0002576945,9364,57699,313
1.2376543910998182e+18,114.529802140146,33.4643895663126,22.29702,20.39312,19.59013,19.29397,19.17306,2076,301,4,53,1.054318056915156e+19,STAR,0.0001413135,9364,57699,923
1.2376543921736916e+18,113.921220052614,34.0365322154947,22.09605,21.51272,21.24087,20.79384,21.41032,2076,301,6,55,1.0543142086244588e+19,QSO,1.569225,9364,57699,783
1.2376543916359688e+18,113.082737490233,32.231824819709,21.18809,21.31467,21.27027,21.03726,20.67223,2076,301,5,42,1.0543025263134136e+19,QSO,1.913251,9364,57699,358
1.237654391636427e+18,113.839651346781,32.9912549155696,21.96363,19.91723,19.16182,18.83192,18.67483,2076,301,5,49,1.0542985955593443e+19,STAR,-7.448612e-05,9364,57699,215
1.237678661434802e+18,24.6978645870662,4.40738355576746,19.47928,19.3995,19.13837,19.14236,19.18406,7727,301,3,231,9.86201195016227e+18,QSO,1.178101,8759,57700,926
1.2376786217011128e+18,24.4276957189753,3.80335296929678,22.53606,23.84631,21.97973,20.37638,19.66507,7718,301,1,151,9.861800019296016e+18,GALAXY,0.7511347,8759,57700,155
1.2376786614344087e+18,23.8125111181812,4.36957218018203,19.30487,19.17411,18.94569,19.04688,19.29567,7727,301,3,225,9.861957524336695e+18,QSO,1.056534,8759,57700,728
1.2376786614342126e+18,23.3720896000531,4.47540555732887,21.70207,21.23141,21.12821,21.25508,21.3613,7727,301,3,222,9.861933335080884e+18,QSO,2.769666,8759,57700,640
1.2376786614342784e+18,23.5217623199467,4.45272581663388,22.02856,21.00242,20.65097,20.63147,20.65839,7727,301,3,223,9.861933609958791e+18,STAR,-0.0006635986,8759,57700,641
1.2376786614338847e+18,22.6739989382961,4.43158653453276,20.90874,21.13758,20.62644,20.69838,20.8364,7727,301,3,217,9.861898150708795e+18,QSO,1.241371,8759,57700,512
1.2376786614346058e+18,24.2291584880472,4.38050918224763,21.21423,20.78435,20.45736,20.3555,20.04937,7727,301,3,228,9.861989685051808e+18,QSO,1.227594,8759,57700,845
1.2376786614350643e+18,25.3015408586783,4.40837423949891,21.35963,21.20191,21.1283,20.97157,21.177,7727,301,3,235,9.862028717714592e+18,QSO,1.530299,8759,57700,987
1.2376786614348024e+18,24.7083070240844,4.47164184671085,21.1251,20.71211,20.58364,20.59308,20.65925,7727,301,3,231,9.862012225040175e+18,QSO,2.236803,8759,57700,927
1.2376786614344092e+18,23.8147493931249,4.4851167952776,21.8351,21.71331,21.82398,21.37285,21.55793,7727,301,3,225,9.861955875069254e+18,QSO,1.667287,8759,57700,722
1.2376786614341473e+18,23.2678627307753,4.48434592618775,22.56678,21.92235,21.40235,21.49774,20.7886,7727,301,3,221,9.861922339964606e+18,QSO,1.258939,8759,57700,600
1.237678661434737e+18,24.6046227592696,4.46029768114979,19.97416,19.89775,19.88928,19.58547,19.6191,7727,301,3,230,9.86201112552855e+18,QSO,1.767199,8759,57700,923
1.237678661434737e+18,24.6603225337803,4.41899304436036,21.61374,21.59247,21.17248,21.11269,21.11253,7727,301,3,230,9.862012774795991e+18,QSO,1.178298,8759,57700,929
1.2376786614348682e+18,24.8922973500077,4.34652985339613,22.35506,21.9274,21.90086,21.53095,21.29789,7727,301,3,232,9.862023220156457e+18,QSO,1.784639,8759,57700,967
1.2376786614340815e+18,23.0208718017308,4.41980673434194,20.46704,20.2541,20.30457,20.08099,20.06397,7727,301,3,220,9.861912169482047e+18,QSO,1.689105,8759,57700,563
1.2376786179490447e+18,347.137617209193,1.57403117449623,19.9873,19.24359,19.23531,19.08316,18.7394,7717,301,2,243,1.036417485367072e+19,QSO,2.35003,9205,57711,968
1.2376634626051942e+18,346.013120647674,0.831257373951964,24.19246,24.14581,22.99334,22.22867,22.398,4188,301,5,16,1.0363972818409116e+19,GALAXY,1.040868,9205,57711,233
1.2376793244683471e+18,26.7237087087941,-3.65741821710664,23.01899,22.84211,22.69909,21.92096,21.22495,7881,301,6,200,1.0506026422182892e+19,GALAXY,0.9620413,9331,57711,925
1.2376792546680507e+18,26.5566647459908,-4.43078998147985,22.34653,22.6069,21.73835,20.95407,20.73969,7865,301,4,92,1.050580349620036e+19,GALAXY,0.7324786,9331,57711,114
1.2376634626052593e+18,346.036964492974,0.731742280462295,23.03533,23.18788,22.73203,21.76291,21.75879,4188,301,5,17,1.0363973093287e+19,GALAXY,0.7888919,9205,57711,234
1.237679324467627e+18,25.0408967500792,-3.84575337826296,22.94412,23.38496,22.61035,21.69764,20.75366,7881,301,6,189,1.0505937361741e+19,GALAXY,0.8389527,9331,57711,601
1.2376634626051945e+18,345.97399324483,0.710094577468157,23.11634,23.2688,22.30827,21.24552,20.49339,4188,301,5,16,1.036397364304284e+19,GALAXY,0.7913392,9205,57711,236
1.2376792541310487e+18,26.3140610788085,-4.71787954136283,24.05009,22.48759,21.9088,21.49701,21.63885,7865,301,3,90,1.0505820538630593e+19,GALAXY,0.7742859,9331,57711,176
1.2376786179483896e+18,345.524158546889,1.7237998770917,22.17085,20.62253,20.36372,20.35797,20.34452,7717,301,2,233,1.0364105584438172e+19,QSO,3.067855,9205,57711,716
1.237679255203939e+18,24.4103629030653,-3.89514800081041,23.76831,22.58589,22.75955,21.66978,21.16198,7865,301,5,77,1.0505912897607324e+19,GALAXY,0.8550496,9331,57711,512
1.2376793228570793e+18,25.2842917847788,-4.91748017087796,22.71376,22.83288,22.51293,21.89889,21.20288,7881,301,3,190,1.0505871391043375e+19,GALAXY,0.9280541,9331,57711,361
1.2376634626055214e+18,346.681920777191,0.816993899723382,23.19907,22.76067,22.42604,21.53851,21.60554,4188,301,5,21,1.036393928330447e+19,GALAXY,0.7273136,9205,57711,111
1.2376793228576036e+18,26.4322143234,-4.90878142574629,23.24201,22.38398,21.50858,20.9908,20.6823,7881,301,3,198,1.0505806519857338e+19,GALAXY,0.8164349,9331,57711,125
1.23767859647375e+18,345.981278943755,1.78253744341709,22.20131,22.08216,21.37639,20.97198,20.63637,7712,301,2,236,1.03641264751591e+19,GALAXY,0.870109,9205,57711,792
1.2376793228574725e+18,26.1779737307185,-4.91611010335107,21.92805,22.67247,22.2885,21.81378,20.96934,7881,301,3,196,1.0505828510089892e+19,GALAXY,1.229259,9331,57711,205
1.2376634631426545e+18,347.305401339045,1.11913076766334,22.27477,22.3423,22.36798,21.27347,22.55948,4188,301,6,25,1.036418282513e+19,GALAXY,0.8565086,9205,57711,997
1.237663462605718e+18,347.118686940635,0.790994356861862,23.19099,22.94214,22.39531,21.83078,21.53659,4188,301,5,24,1.03639167433161e+19,GALAXY,1.009282,9205,57711,29
1.2376792552047913e+18,26.3182465800292,-3.84078056911463,22.58444,22.62428,21.48086,22.31031,21.29666,7865,301,5,90,1.0506006630973592e+19,GALAXY,0.735293,9331,57711,853
1.2376634626051287e+18,345.822081304331,0.725905798564884,23.3552,22.24086,21.7673,20.83015,21.31097,4188,301,5,15,1.0363982164258e+19,GALAXY,0.8578673,9205,57711,267
1.237663462605194e+18,345.926388904098,0.821213467667693,22.53357,22.88164,21.96954,21.39436,21.23501,4188,301,5,16,1.0363971718897488e+19,GALAXY,0.7667407,9205,57711,229
1.237663462605522e+18,346.756241949599,0.76508376806085,22.93628,22.27767,21.83801,20.97735,20.82362,4188,301,5,21,1.036392773843238e+19,GALAXY,0.8027601,9205,57711,69
1.2376792546682476e+18,27.007824987571,-4.39322472889161,24.70174,24.96353,24.29369,22.39779,22.77978,7865,301,4,95,1.05057812310899e+19,GALAXY,0.7835867,9331,57711,33
1.2376786179484552e+18,345.661601631083,1.6015344015027,20.83507,20.33413,20.22133,20.19255,19.82564,7717,301,2,234,1.0364117679066075e+19,QSO,2.367837,9205,57711,760
1.2376634626052595e+18,346.120126950275,0.700045888253594,24.36259,22.4198,21.96131,21.57078,21.12497,4188,301,5,17,1.0363960723781212e+19,GALAXY,0.2513527,9205,57711,189
1.237678617948e+18,344.678542635298,1.51977509710543,20.50812,19.58396,19.2341,19.04984,19.01168,7717,301,2,227,1.0364051983246316e+19,GALAXY,0.8164212,9205,57711,521
1.2376634626053253e+18,346.297579133966,0.715323120028743,23.42941,22.09677,21.48576,20.54253,20.2601,4188,301,5,18,1.0363950553298655e+19,GALAXY,0.8556479,9205,57711,152
1.2376634626055867e+18,346.860313129915,0.779264660249069,23.13887,22.86241,22.66028,21.47733,22.27682,4188,301,5,22,1.036392938769982e+19,GALAXY,0.8709407,9205,57711,75
1.237679322856948e+18,24.8951902033059,-4.99857675237552,22.36287,22.82019,21.93702,21.22143,20.63117,7881,301,3,188,1.050588266103756e+19,GALAXY,0.6570203,9331,57711,402
1.2376634626053903e+18,346.438829096043,0.762045698754475,22.89002,21.93285,22.1959,22.09504,21.75451,4188,301,5,19,1.0363949728664934e+19,GALAXY,1.071269,9205,57711,149
1.2376792552048563e+18,26.4875835931293,-3.92785495046451,23.0265,22.60209,21.9208,21.21045,21.06779,7865,301,5,91,1.0506016526578244e+19,GALAXY,0.7575432,9331,57711,889
1.2376634626050634e+18,345.609163290261,0.828932146632906,24.03044,23.11111,22.70608,21.77475,21.9803,4188,301,5,14,1.036399425888586e+19,GALAXY,1.175845,9205,57711,311
1.2376634626057836e+18,347.246836716773,0.799228500353403,24.61747,22.59045,21.76981,21.42927,20.77028,4188,301,5,25,1.0363912070391683e+19,GALAXY,1.604809,9205,57711,12
1.2376793233936225e+18,24.5502796323375,-4.50725840039207,23.5864,22.44683,21.69713,21.02054,20.46297,7881,301,4,185,1.050590630053756e+19,GALAXY,0.6957952,9331,57711,488
1.2376634626057185e+18,347.181843281313,0.650429755219857,22.97264,22.30229,21.71041,21.18519,20.80796,4188,301,5,24,1.0363910970880055e+19,GALAXY,0.7152013,9205,57711,8
1.2376792552043323e+18,25.1676458073305,-3.93129909236491,23.13387,22.9219,21.69667,21.23286,22.28701,7865,301,5,83,1.0505940660275927e+19,GALAXY,0.7071295,9331,57711,613
1.2376634626054564e+18,346.495222509698,0.756721965179717,22.87404,22.86594,22.61903,21.3616,20.28671,4188,301,5,20,1.036394120744982e+19,GALAXY,0.8621442,9205,57711,118
1.2376634626053248e+18,346.225797326852,0.694428894253606,22.76337,22.75583,22.34369,22.42808,21.53896,4188,301,5,18,1.0363959624269584e+19,GALAXY,0.7585362,9205,57711,185
1.2376786179487828e+18,346.539397221316,1.61137845742848,19.2108,18.27153,17.97344,17.85658,17.83575,7717,301,2,239,1.036414874026956e+19,STAR,-0.0004082401,9205,57711,873
1.2376792552047255e+18,26.1975014064262,-3.91603748105125,22.02297,22.13993,21.51081,21.11905,21.00533,7865,301,5,89,1.0505996735368944e+19,GALAXY,0.9070558,9331,57711,817
1.2376634631425894e+18,347.223703233053,1.09359338557913,23.24093,23.34279,22.16419,22.07964,21.58816,4188,301,6,24,1.0364182275374207e+19,GALAXY,1.067334,9205,57711,995
1.237679255203939e+18,24.4111806231035,-3.97802614084217,22.78669,23.42889,21.97869,21.54181,20.85653,7865,301,5,77,1.0505913722241e+19,QSO,1.557115,9331,57711,515
1.2376634626052595e+18,346.140484056577,0.644780887739913,22.89138,23.03618,22.1858,22.04623,20.727,4188,301,5,17,1.036395907451377e+19,GALAXY,0.7177265,9205,57711,183
1.237663462605456e+18,346.549225486878,0.687339076742887,24.48261,22.43638,21.86152,21.48645,20.88724,4188,301,5,20,1.03639365345254e+19,GALAXY,0.9952959,9205,57711,101
1.2376793228570135e+18,25.0756317210262,-4.92887491326475,23.23699,22.31575,21.6129,20.89972,20.74543,7881,301,3,189,1.0505884860060815e+19,GALAXY,0.7506316,9331,57711,410
1.237679254667789e+18,26.0503801273,-4.36389092908097,22.49301,22.21614,21.86789,21.18987,21.45297,7865,301,4,88,1.050583510715966e+19,GALAXY,0.8093793,9331,57711,229
1.237663462605e+18,345.571957580326,0.755466786914865,22.90337,22.90876,22.13003,21.36711,21.26229,4188,301,5,13,1.0364004429368416e+19,GALAXY,0.8241977,9205,57711,348
1.237663462605522e+18,346.66868281952,0.832509028728861,21.71304,22.6019,22.28768,21.11792,21.78758,4188,301,5,21,1.0363940657694e+19,GALAXY,0.8305749,9205,57711,116
1.23767925520407e+18,24.6423493777466,-3.93670259520089,24.60984,22.29832,21.55903,21.19477,20.90775,7865,301,5,79,1.0505918120287556e+19,QSO,0.6739901,9331,57711,531
1.237679254668182e+18,26.8855395530753,-4.34569405194642,22.7621,22.94273,22.58031,21.62968,21.08742,7865,301,4,94,1.0505792501084084e+19,GALAXY,0.8688784,9331,57711,74
1.237679255204e+18,24.5443950813544,-3.99993056139774,24.43759,22.63992,22.12698,21.81385,21.1442,7865,301,5,78,1.050591344736314e+19,GALAXY,0.9613521,9331,57711,514
1.237679322857669e+18,26.6611053640156,-4.96496940751327,26.09439,23.98516,23.37156,22.06139,22.30439,7881,301,3,199,1.0505805695223615e+19,GALAXY,0.8102043,9331,57711,122
1.2376664078995955e+18,346.345234585692,-0.0999228883526862,22.93931,22.91917,21.69143,21.7577,21.24272,4874,301,3,330,1.036395467646726e+19,GALAXY,1.143705,9205,57711,167
1.237663462605128e+18,345.743445338242,0.756733895071932,21.51618,20.94389,20.797,20.445,20.04766,4188,301,5,15,1.0363993159374232e+19,QSO,0.5242011,9205,57711,307
1.2376634803374e+18,344.413101377948,1.02283092276948,24.93877,24.69197,24.03998,22.4197,23.07733,4192,301,6,252,1.0364045661054456e+19,GALAXY,1.505821,9205,57711,498
1.2376634626057836e+18,347.260078524529,0.642399748456883,22.63048,22.76774,22.35024,21.53434,21.16917,4188,301,5,25,1.0363910146246334e+19,GALAXY,0.7881788,9205,57711,5
1.23766346314213e+18,346.092336562546,1.0955813392927,22.77785,22.97618,22.22126,21.9664,21.57007,4188,301,6,17,1.0364133072228866e+19,GALAXY,0.7486144,9205,57711,816
1.2376634626052593e+18,346.054318173258,0.677249000105705,22.40894,22.11214,21.77289,21.04587,19.8953,4188,301,5,17,1.036397254353121e+19,GALAXY,0.0,9205,57711,232
1.2376634631420646e+18,345.887781117865,1.06577083718317,23.44944,22.90359,22.86837,21.99064,20.82552,4188,301,6,16,1.0364122901746307e+19,GALAXY,0.8527908,9205,57711,779
1.237663462605652e+18,347.053689560287,0.752821961736659,18.83358,17.73063,17.35632,17.19784,17.14778,4188,301,5,23,1.0363917018194e+19,STAR,-0.0001876975,9205,57711,30
1.23766640789953e+18,346.284465031915,-0.190563952059615,22.16724,22.17249,21.57422,21.96893,20.88972,4874,301,3,329,1.0363956050856794e+19,GALAXY,0.9594542,9205,57711,172
1.237663480337466e+18,344.553174061239,0.909346295941313,23.02518,22.68563,21.70957,20.94572,20.91137,4192,301,6,253,1.036404456154283e+19,GALAXY,0.7556134,9205,57711,494
1.237679322856948e+18,24.8788284930037,-4.96474847224255,25.13851,23.59976,23.38356,22.44658,22.12052,7881,301,3,188,1.0505883210793376e+19,GALAXY,0.8004363,9331,57711,404
1.2376785964740774e+18,346.818561188266,1.90576088948477,22.62991,22.8853,21.94095,21.46425,20.34535,7712,301,2,241,1.0364169905868397e+19,GALAXY,0.7909355,9205,57711,950
1.2376634626049318e+18,345.390020272056,0.757656437477172,22.45689,22.79215,22.15177,21.5204,21.66654,4188,301,5,12,1.036401652399632e+19,GALAXY,0.7699968,9205,57711,392
1.2376634626056532e+18,347.025092625711,0.816151375300979,23.00813,23.87278,22.57684,22.10805,21.56974,4188,301,5,23,1.0363918117705636e+19,GALAXY,1.091199,9205,57711,34
1.2376792552021696e+18,20.2969447141783,-4.00617833514557,26.7394,22.28759,21.32192,20.89182,21.16794,7865,301,5,50,1.0509309014164396e+19,GALAXY,0.6622348,9334,57712,579
1.2376634626061115e+18,348.126649075489,0.828355129923468,22.88292,22.2881,21.81206,21.37165,20.61076,4188,301,5,30,1.0362837572670216e+19,GALAXY,0.7423235,9204,57712,199
1.2376634626059144e+18,347.67145448828,0.647826221571508,24.01211,22.82829,22.46926,21.65819,20.74294,4188,301,5,27,1.0362878804356256e+19,GALAXY,0.8042763,9204,57712,349
1.23766346260598e+18,347.700080911504,0.678838458351615,23.38781,23.14602,23.09996,21.99214,22.11813,4188,301,5,28,1.0362870558019e+19,GALAXY,0.8531404,9204,57712,319
1.2376792552029555e+18,22.1137051505591,-3.95370759833226,22.36036,22.61464,21.28398,21.10603,20.72599,7865,301,5,62,1.05091666274086e+19,GALAXY,0.2990971,9334,57712,61
1.2376793244661852e+18,21.7340304152184,-3.84902510084353,24.39248,23.7797,23.13317,21.97702,21.88269,7881,301,6,167,1.0509386254856247e+19,GALAXY,0.8816119,9334,57712,860
1.23767999823741e+18,348.144439391999,-1.78111156082203,21.85599,21.60078,21.0749,20.19107,19.86119,8038,301,5,140,1.0373005306448077e+19,GALAXY,0.7068065,9213,57712,325
1.2376786190372705e+18,20.142672494133,2.43553725689704,22.90541,22.6652,22.30635,21.79601,20.91692,7717,301,4,464,1.062180774538355e+19,GALAXY,0.9779135,9434,57712,247
1.2376799982372787e+18,347.899727277989,-1.81207587316773,22.27265,21.71697,21.17622,20.14375,20.05743,8038,301,5,138,1.0373017401076e+19,GALAXY,0.7862748,9213,57712,369
1.2376569063505933e+18,349.749522715822,-0.877108758951846,22.24615,23.16306,22.12376,21.57775,21.38406,2662,301,1,214,1.0373190299279448e+19,GALAXY,0.9497564,9213,57712,998
1.2376634626059804e+18,347.701373957603,0.838329565526057,23.53527,24.16152,22.42103,22.17598,21.24897,4188,301,5,28,1.0362880178745793e+19,GALAXY,0.7301327,9204,57712,354
1.2376634626059144e+18,347.54163217638,0.750464271065075,24.29006,22.75867,22.42818,21.56326,20.8793,4188,301,5,27,1.0362881828013234e+19,GALAXY,0.9049634,9204,57712,360
1.2376794345276052e+18,20.919969751539,-2.63545219517392,22.70178,21.90895,21.51411,20.81104,20.99043,7907,301,3,211,1.0509331554152763e+19,GALAXY,0.798075,9334,57712,661
1.2376664084369902e+18,347.560939005217,0.244453747938361,20.33442,19.8461,19.39176,18.47552,17.73879,4874,301,4,338,1.0362885126548115e+19,STAR,-3.541559e-05,9204,57712,372
1.237663462606439e+18,348.750230698685,0.779654871682304,23.40393,22.78423,22.27374,21.72003,21.2939,4188,301,5,35,1.036280843561208e+19,GALAXY,0.7513053,9204,57712,93
1.237679255203087e+18,22.428189305774,-4.02991149029619,24.76847,22.9987,22.32679,21.6125,21.22511,7865,301,5,64,1.050916030521674e+19,GALAXY,0.8373455,9334,57712,38
1.2376634626062423e+18,348.283818329715,0.75737857158217,23.06817,23.21603,22.52112,21.72947,21.24807,4188,301,5,32,1.0362826852431843e+19,GALAXY,0.9522387,9204,57712,160
1.237679998237344e+18,348.030986526764,-1.80393258224696,23.22044,22.96015,22.05923,21.2962,20.46425,8038,301,5,139,1.0373008055227144e+19,GALAXY,0.6948956,9213,57712,335
1.237679998237672e+18,348.674968601078,-1.83263598015572,25.27418,22.31102,21.69371,20.93373,20.461,8038,301,5,144,1.0372962975250403e+19,GALAXY,0.7848706,9213,57712,171
1.2376799982372792e+18,347.920146479365,-1.8142571216565,21.64845,22.81985,21.37493,20.72721,19.96517,8038,301,5,138,1.0373016851320166e+19,QSO,1.597462,9213,57712,367
1.2376634626061112e+18,348.069454972796,0.680684929913384,24.24055,22.84788,22.30086,21.29961,20.48341,4188,301,5,30,1.0362845819007425e+19,GALAXY,0.8344437,9204,57712,229
1.2376569063505265e+18,349.64181822673,-0.898015492310544,24.30861,22.12809,22.84553,21.25031,21.75525,2662,301,1,213,1.0373189474645727e+19,GALAXY,0.7758697,9213,57712,995
1.2376792552027592e+18,21.5905198316931,-4.10127470506784,24.42643,22.59305,22.03414,21.53236,21.11729,7865,301,5,59,1.050920785909464e+19,GALAXY,0.7307294,9334,57712,211
1.2376637841921815e+18,348.133522037229,0.156682208217703,22.59919,22.77976,22.40564,21.47477,20.77903,4263,301,4,36,1.0362842795350448e+19,GALAXY,0.9582784,9204,57712,218
1.2376792552022344e+18,20.4282048336764,-4.08466006344594,24.84006,23.23866,22.40882,21.62808,21.63802,7865,301,5,51,1.050928070174e+19,QSO,0.8942917,9334,57712,476
1.2376788799560095e+18,20.8191437025517,-2.98717345435884,25.31213,23.88239,21.53849,21.34835,24.00087,7778,301,2,456,1.0509332653664391e+19,GALAXY,0.7259824,9334,57712,665
1.237663462605849e+18,347.448201057509,0.641676213430572,23.80389,22.74546,22.053,21.09862,20.97948,4188,301,5,26,1.036289117386207e+19,GALAXY,0.7907659,9204,57712,394
1.237663462605521e+18,346.772075910318,0.798375048781388,19.0431,18.74766,18.68006,18.49899,18.24167,4188,301,5,21,1.0362924983844624e+19,QSO,0.4232218,9204,57712,517
1.2376634626055867e+18,346.914360219195,0.805789773337674,22.91138,22.80428,22.62583,21.98684,22.10228,4188,301,5,22,1.0362931306036484e+19,GALAXY,0.8048023,9204,57712,540
1.2376637841921815e+18,348.09838167578,0.148777708370375,22.82576,23.1568,22.5985,21.52216,23.59228,4263,301,4,36,1.0362852690955098e+19,GALAXY,0.8855308,9204,57712,254
1.2376634631427855e+18,347.656999729038,1.06666128744414,21.79155,22.76694,21.88301,21.43376,21.08795,4188,301,6,27,1.0362973362356249e+19,GALAXY,0.6956041,9204,57712,693
1.2376634631427205e+18,347.415533480341,1.0589147508036,24.35047,22.81182,22.17943,22.17577,21.67121,4188,301,6,26,1.0362951921879505e+19,GALAXY,0.7179054,9204,57712,615
1.2376634626061765e+18,348.13373837322,0.688961070794772,25.62228,22.84274,22.32366,21.89908,21.17149,4188,301,5,31,1.0362835923402777e+19,GALAXY,1.107551,9204,57712,193
1.2376634631427205e+18,347.4173282447,1.08053940885212,23.20598,23.44019,23.19618,22.01723,22.15063,4188,301,6,26,1.0362952196757412e+19,QSO,2.051583,9204,57712,616
1.2376786614325745e+18,19.6026747930547,4.59530411465613,22.3017,20.31531,19.83313,19.73282,20.10394,7727,301,3,197,1.06219124738661e+19,QSO,3.092748,9434,57712,628
1.2376793233923118e+18,21.4628046434006,-4.65672418147138,25.94118,22.9325,22.10909,21.91641,21.50331,7881,301,4,165,1.0509198238367896e+19,GALAXY,0.2333341,9334,57712,176
1.2376799982374095e+18,348.133844111523,-1.90358309225598,22.42462,22.73362,22.09675,21.52995,21.19155,8038,301,5,140,1.0373004481814352e+19,GALAXY,0.8476905,9213,57712,322
1.23767999823741e+18,348.204010643364,-1.81887468396564,22.15334,22.11456,21.73279,21.03897,21.39858,8038,301,5,140,1.0372996785233e+19,GALAXY,0.8159758,9213,57712,294
1.2376634626061115e+18,348.062848776572,0.800172543639497,22.36614,22.33257,21.81645,21.75385,20.52332,4188,301,5,30,1.036284801803068e+19,QSO,0.2840982,9204,57712,237
1.2376794345274744e+18,20.6515542777943,-2.75692477070327,23.61659,22.50603,22.12648,21.53667,21.33924,7907,301,3,209,1.050931148806556e+19,GALAXY,0.8091463,9334,57712,588
1.2376786179494385e+18,347.912975411841,1.67259417155658,22.73763,22.4472,22.14378,21.41117,20.87344,7717,301,2,249,1.0362989855030663e+19,GALAXY,0.8983234,9204,57712,753
1.23766378419205e+18,347.858346458019,0.175598026045003,23.68924,23.2461,24.46829,21.73077,21.33421,4263,301,4,34,1.0362862861437655e+19,GALAXY,1.120479,9204,57712,291
1.2376634631429166e+18,347.945949756556,1.06215580750106,22.86257,22.72647,22.18688,21.36289,20.73416,4188,301,6,29,1.0362996452100428e+19,GALAXY,0.7154924,9204,57712,777
1.2376786222362135e+18,20.3823386990849,4.32392990410293,25.191,22.77782,22.67958,21.69079,21.37958,7718,301,2,124,1.0621980093831209e+19,GALAXY,0.9935591,9434,57712,874
1.237679255203218e+18,22.713730906891,-3.9408635292459,22.34282,23.08621,22.6693,21.90087,22.04271,7865,301,5,66,1.0509154532780691e+19,GALAXY,0.9545704,9334,57712,17
1.2376792552022351e+18,20.4129429294875,-4.18358015626648,24.50707,22.84167,21.84624,21.45812,20.96372,7865,301,5,51,1.05092815263737e+19,GALAXY,1.054235,9334,57712,479
1.2376792552028244e+18,21.7215918350715,-4.04878417561001,22.7782,22.51754,21.44843,20.81579,20.59022,7865,301,5,60,1.050919274080976e+19,GALAXY,0.8583684,9334,57712,156
1.2376634626055864e+18,346.801547820899,0.790659402821302,23.66376,23.27348,22.42794,21.92171,21.47705,4188,301,5,22,1.0362919761164392e+19,GALAXY,0.6691002,9204,57712,498
1.2376634626056527e+18,347.080280199163,0.724272395399827,25.19436,22.72441,22.17302,21.75229,21.30359,4188,301,5,23,1.0362912614338812e+19,GALAXY,0.8067854,9204,57712,472
1.2376634631425236e+18,346.968805702953,1.0793880466404,21.55501,22.79165,21.24937,20.71265,20.29483,4188,301,6,23,1.0362927732623692e+19,GALAXY,0.7197818,9204,57712,527
1.2376792552025628e+18,21.2316083342596,-3.98014819181566,22.1606,23.0069,21.91903,21.6049,21.61234,7865,301,5,56,1.0509363165112064e+19,GALAXY,0.6939565,9334,57712,776
1.2376634626061768e+18,348.226206959964,0.638944466334873,23.00858,22.10265,21.43933,20.78706,20.4586,4188,301,5,31,1.0362834274135333e+19,GALAXY,0.7214479,9204,57712,187
1.2376634626061768e+18,348.215883243326,0.745815207032699,23.54026,22.44024,21.78647,21.18899,20.81363,4188,301,5,31,1.0362832624867891e+19,GALAXY,0.8182452,9204,57712,181
1.2376786222360827e+18,19.9662134941194,4.39655694208991,21.79158,22.52559,21.68066,21.5827,20.54644,7718,301,2,122,1.0621946008970744e+19,GALAXY,0.9402559,9434,57712,750
1.2376785964745367e+18,347.776297142438,1.87796031239114,22.87561,22.8714,21.62812,21.78676,20.73076,7712,301,2,248,1.0362976935769e+19,GALAXY,0.7963702,9204,57712,706
1.2376792552029555e+18,22.0428744063428,-4.11722078707248,24.04744,22.65829,22.31278,21.74234,21.41722,7865,301,5,62,1.0509180646181851e+19,GALAXY,1.648108,9334,57712,112
1.237679255202169e+18,20.3636977474617,-4.16272557629794,23.13216,22.82482,22.3338,21.78392,21.83951,7865,301,5,50,1.050927987710626e+19,GALAXY,0.7213986,9334,57712,473
1.2376792552021036e+18,20.0770514427397,-4.0644411291288,24.79927,23.2302,21.82697,21.26088,20.76523,7865,301,5,49,1.0509298293926e+19,GALAXY,0.6687087,9334,57712,540
1.2376634626061773e+18,348.238825032509,0.826626756990789,24.65425,23.00039,21.94117,20.99198,20.84273,4188,301,5,31,1.03630189920888e+19,GALAXY,1.040604,9204,57712,859
1.237679998237803e+18,348.973232105204,-1.8703235565293,22.62726,22.33977,22.47818,20.87365,21.29475,8038,301,5,146,1.0372953354523662e+19,GALAXY,0.799771,9213,57712,136
1.2376634626062423e+18,348.365921199549,0.63351357515829,22.93863,22.53217,22.13749,21.80738,21.21372,4188,301,5,32,1.036282382877487e+19,QSO,2.482573,9204,57712,149
1.2376793233920497e+18,20.8493520411786,-4.75383664641511,22.54835,22.46797,22.03825,21.18443,20.6758,7881,301,4,161,1.0509216930065568e+19,GALAXY,0.7481329,9334,57712,244
1.2376634631424584e+18,346.885418163668,1.08962813157496,22.58634,23.30236,21.95715,21.94502,21.28145,4188,301,6,22,1.036292690799e+19,GALAXY,0.8673702,9204,57712,524
1.2376637836558344e+18,349.24042781216,-0.283858053815875,25.04668,23.48463,22.76157,21.80684,21.66129,4263,301,3,44,1.0373179029285263e+19,GALAXY,0.9479801,9213,57712,957
1.237663462606242e+18,348.302122475928,0.742286003820905,21.84729,22.66995,21.76037,21.14754,20.91521,4188,301,5,32,1.0362826302676e+19,GALAXY,0.7389232,9204,57712,158
1.237663783119226e+18,349.857113182636,-0.635831634320353,22.27046,22.462,22.80073,21.09833,21.03196,4263,301,2,48,1.037318755050038e+19,GALAXY,0.5244025,9213,57712,988
1.237663783118832e+18,348.93197898536,-0.712358133092567,23.28002,22.3958,22.1986,21.33668,20.85853,4263,301,2,42,1.0373161986855e+19,GALAXY,0.8664064,9213,57712,895
1.2376634631425884e+18,347.156387880491,1.11359641823153,24.35246,23.06118,21.70348,21.18838,21.65211,4188,301,6,24,1.036293900261788e+19,GALAXY,0.7208527,9204,57712,568
1.23766346260598e+18,347.773344542561,0.72961984247588,23.50313,22.67633,22.04038,21.2976,20.722,4188,301,5,28,1.0362869733385329e+19,GALAXY,0.7908412,9204,57712,316
1.2376634626056525e+18,346.953181653611,0.800940301299718,22.26396,22.22523,21.59589,20.77612,20.36149,4188,301,5,23,1.036291453848416e+19,GALAXY,0.6595678,9204,57712,479
1.2376634631423273e+18,346.603963598111,1.06423694286316,23.64184,23.15933,22.60077,21.50773,20.93489,4188,301,6,20,1.0362923609455088e+19,GALAXY,0.6537522,9204,57712,512
1.237656906349413e+18,347.050995910277,-0.842346509338929,22.94244,22.94693,22.18251,21.42053,21.14119,2662,301,1,196,1.037305615886086e+19,GALAXY,0.7898591,9213,57712,510
1.237663783118898e+18,349.151056389585,-0.757768960260452,23.23269,22.43367,21.63566,20.73464,20.10671,4263,301,2,43,1.0373173256849215e+19,GALAXY,0.8618991,9213,57712,936
1.237678617949242e+18,347.525123789444,1.69744523698381,24.56674,22.94092,22.42123,21.62826,21.62612,7717,301,2,246,1.0362967315042292e+19,GALAXY,0.4994265,9204,57712,671
1.2376634626062423e+18,348.334416406252,0.703193877688511,22.48589,22.77766,21.58149,20.7177,21.04915,4188,301,5,32,1.0362825203164404e+19,GALAXY,0.8057269,9204,57712,154
1.2376634626062428e+18,348.311963174309,0.828528737108023,23.15346,23.27745,22.78379,21.77406,21.60351,4188,301,5,32,1.0363029987205077e+19,GALAXY,0.8691828,9204,57712,899
1.2376634626059807e+18,347.764382815279,0.689855344648705,23.34501,23.07737,22.75031,21.67374,21.857,4188,301,5,28,1.0362868908751608e+19,GALAXY,0.8642462,9204,57712,313
1.2376792546658885e+18,21.6352668136014,-4.53589879091949,25.09516,22.68805,21.69707,21.37971,20.90765,7865,301,4,59,1.0509188342763248e+19,GALAXY,0.3308479,9334,57712,140
1.2376786179493732e+18,347.877937455789,1.71116874188463,23.37769,22.5871,22.10007,21.50278,21.14077,7717,301,2,248,1.0362988755519e+19,GALAXY,0.9375622,9204,57712,749
1.2376799982377375e+18,348.848567204286,-1.78611216836868,25.28142,22.06839,21.30429,20.64923,20.367,8038,301,5,145,1.0372953079645755e+19,GALAXY,0.205026,9213,57712,135
1.2376634626075525e+18,351.307652701168,0.807951477567457,18.06841,17.09025,16.86107,16.7653,16.74754,4188,301,5,52,1.0360639648943067e+19,STAR,-0.0009792483,9202,57713,395
1.237679436129829e+18,1.65715138916607,-1.62843953379636,22.25459,21.72403,21.54052,20.69086,20.30113,7907,301,6,83,1.052178957066806e+19,QSO,2.066674,9345,57713,927
1.237663784197293e+18,359.744979897245,0.0767322916919568,24.0468,23.47494,22.4834,22.1953,21.48065,4263,301,4,114,1.0356035718879664e+19,GALAXY,0.967416,9198,57713,30
1.237678879956796e+18,22.6716437295065,-2.95716864476054,23.01677,22.92005,22.33895,22.47471,20.70662,7778,301,2,468,1.0510461302367082e+19,GALAXY,1.023343,9335,57713,675
1.2376785964766991e+18,352.789925920576,1.86716232226305,24.66822,24.08077,22.85671,22.21854,22.22568,7712,301,2,281,1.036079605447212e+19,GALAXY,0.0,9202,57713,964
1.2376634626078804e+18,352.070050139737,0.647461078209203,22.96228,23.00271,22.26662,21.83998,21.41345,4188,301,5,57,1.0360583573850053e+19,GALAXY,0.7690559,9202,57713,191
1.2376792541377994e+18,41.7894154166369,-4.12416946692079,23.25562,23.2181,22.63338,22.19552,21.95133,7865,301,3,193,1.048784352355e+19,GALAXY,1.284558,9315,57713,312
1.2376792552032837e+18,22.8457025428726,-4.10769081735778,23.02223,22.24943,21.74871,21.70714,20.93179,7865,301,5,67,1.0510361246809e+19,GALAXY,0.9846225,9335,57713,311
1.237678617417614e+18,359.529082725936,1.35744073481443,22.22336,22.54253,22.05022,21.63444,20.67622,7717,301,1,326,1.0356259469495917e+19,GALAXY,0.937829,9198,57713,844
1.2376794361291085e+18,0.125379261861937,-1.60578582396312,22.45055,22.14928,21.57849,21.22485,20.86371,7907,301,6,72,1.052167961950528e+19,QSO,1.01515,9345,57713,527
1.2376792552027594e+18,21.692051611738,-4.08043245230328,22.48471,22.79192,21.63808,21.50117,20.92562,7865,301,5,59,1.051041209922174e+19,GALAXY,0.7369243,9335,57713,496
1.2376792546667397e+18,23.5244965473629,-4.35759364662868,24.89512,23.46092,22.65459,22.14747,22.56868,7865,301,4,72,1.0510327986582217e+19,GALAXY,0.8609486,9335,57713,190
1.2376792552033487e+18,22.9431545024105,-4.10861565222403,24.19501,22.59235,21.63675,21.42052,20.67682,7865,301,5,68,1.0510351626082212e+19,GALAXY,0.9008876,9335,57713,276
1.237663463145276e+18,353.289312597984,1.12917791297262,23.56316,22.6977,22.24788,21.83562,21.81408,4188,301,6,65,1.036080265154189e+19,GALAXY,0.8489218,9202,57713,988
1.2376637841970312e+18,359.123270042263,0.102826474563901,22.88784,22.34538,21.76241,21.16772,21.90269,4263,301,4,110,1.0356099490554075e+19,GALAXY,0.7307063,9198,57713,262
1.2376792552032837e+18,22.7769560545322,-3.99060448011455,26.06615,22.33472,21.62373,21.47361,21.22413,7865,301,5,67,1.0510373891192674e+19,GALAXY,1.040342,9335,57713,357
1.2376792552111475e+18,40.7664847640996,-3.39102961253378,22.1185,22.41015,21.76234,21.27333,20.80845,7865,301,5,187,1.0487895750352329e+19,GALAXY,0.9387001,9315,57713,502
1.2376634626076838e+18,351.584463441745,0.692094610205852,23.02575,22.8677,22.49552,21.83956,21.28506,4188,301,5,54,1.0360616834076793e+19,GALAXY,0.705225,9202,57713,312
1.2376737012818253e+18,41.724226716639,-3.84833249261556,24.71085,22.88286,22.40822,21.84256,20.98551,6572,301,4,191,1.0487937256916275e+19,GALAXY,0.7657595,9315,57713,653
1.237663462607225e+18,350.549376708337,0.696258542384252,20.72765,20.37015,20.17462,20.08302,19.87779,4188,301,5,47,1.0360664937710508e+19,QSO,2.134231,9202,57713,487
1.2376792552027594e+18,21.7133070178934,-4.1304599594075,23.44618,22.601,21.73293,21.1868,20.80235,7865,301,5,59,1.0510411824343833e+19,GALAXY,0.7787223,9335,57713,495
1.2376792552029555e+18,22.0208207748618,-4.05830343084782,22.85516,21.96641,21.43876,20.81701,20.16191,7865,301,5,62,1.0510406051907789e+19,GALAXY,0.7776692,9335,57713,474
1.237673701282023e+18,42.0796859236262,-3.53737095091387,25.12334,22.70222,21.95033,21.61086,21.19967,6572,301,4,194,1.0487968592997669e+19,GALAXY,0.2765275,9315,57713,767
1.2376634626082084e+18,352.810790484473,0.664607124126143,25.64201,22.40473,21.79442,21.09015,20.92864,4188,301,5,62,1.0360550313623312e+19,GALAXY,0.7626835,9202,57713,70
1.2376792552036111e+18,23.6588745660995,-3.98535404304197,23.07273,22.47334,22.29552,21.74449,21.11631,7865,301,5,72,1.0510318915611283e+19,GALAXY,0.9373722,9335,57713,157
1.2376794361292393e+18,0.322555021987171,-1.56959033974633,22.50775,21.15864,21.06297,20.36137,20.09062,7907,301,6,74,1.0521701334859928e+19,GALAXY,0.8767437,9345,57713,606
1.237663463144817e+18,352.188270711993,1.11830925567037,22.54498,22.07559,21.7406,21.01262,22.31777,4188,301,6,58,1.0360764718390729e+19,GALAXY,0.899128,9202,57713,850
1.237678617416893e+18,357.912474229134,1.41965278067312,22.5233,22.69723,22.50942,22.20676,21.67364,7717,301,1,315,1.0356181129292435e+19,GALAXY,0.831256,9198,57713,559
1.2376788815577743e+18,0.585970354858105,-1.71545946200203,22.2566,22.84286,22.38228,22.23945,21.76726,7778,301,5,321,1.05217238748483e+19,GALAXY,1.042853,9345,57713,688
1.2376793228562278e+18,23.3039046366164,-4.96453368918728,23.1729,22.46644,21.47036,21.30226,19.95095,7881,301,3,177,1.0510342280233376e+19,GALAXY,1.036593,9335,57713,242
1.2376792546749322e+18,42.3239554925414,-3.66537407944332,22.22259,22.07669,21.45133,20.65775,20.28579,7865,301,4,197,1.0487981237381388e+19,GALAXY,0.8472072,9315,57713,813
1.2376794345188234e+18,0.83901886304858,-2.77733792323778,21.80114,22.12342,21.71369,20.89663,20.82724,7907,301,3,77,1.0521603478325055e+19,GALAXY,0.9379526,9345,57713,250
1.237679255203415e+18,23.0668705409205,-4.06049091035966,24.17595,22.88966,22.44543,21.53611,20.87379,7865,301,5,69,1.0510349701936863e+19,GALAXY,0.7409691,9335,57713,269
1.2376634626081428e+18,352.710454104395,0.640303092804044,23.08439,22.41568,21.56579,20.94951,20.40526,4188,301,5,61,1.0360561033861683e+19,GALAXY,0.7457514,9202,57713,109
1.2376637841966374e+18,358.289382017329,0.0549315041232892,22.99111,22.67929,22.445,21.79739,22.13067,4263,301,4,104,1.0356143471019186e+19,GALAXY,0.8983227,9198,57713,422
1.2376634626072911e+18,350.747596467392,0.745868220775715,26.49627,22.62336,22.0477,21.05358,20.57771,4188,301,5,48,1.036065834064074e+19,GALAXY,0.9502828,9202,57713,463
1.237679255203218e+18,22.7314673767974,-4.0512451394019,22.43028,22.38164,21.70925,21.6552,20.87516,7865,301,5,66,1.0510373616314767e+19,GALAXY,0.78385,9335,57713,356
1.2376634626076836e+18,351.655143784997,0.705592239706906,21.06317,21.73083,20.02058,18.4333,18.05779,4188,301,5,54,1.0360616559198884e+19,GALAXY,0.7382079,9202,57713,311
1.2376792552033487e+18,22.9326873447297,-4.01477859778492,24.00839,22.86407,22.18638,21.65087,20.649,7865,301,5,68,1.051035190096012e+19,GALAXY,0.7516833,9335,57713,277
1.2376664084386286e+18,351.316395975952,0.374779305568214,18.97973,18.78323,18.62978,18.63062,18.59318,4874,301,4,363,1.0360636625286093e+19,QSO,1.08825,9202,57713,384
1.2376794361291085e+18,0.122949976082225,-1.58270663529487,22.97358,22.38531,21.86811,21.7735,20.56773,7907,301,6,72,1.0521679069749467e+19,GALAXY,1.157348,9345,57713,525
1.2376792541299348e+18,23.7298816125438,-4.89745582834364,23.78614,23.02111,22.41633,21.71859,21.27353,7865,301,3,73,1.0510312043663612e+19,GALAXY,0.7561904,9335,57713,132
1.2376793228563584e+18,23.6259430611742,-4.95276644034926,23.65784,22.35412,21.82208,21.35173,20.71285,7881,301,3,179,1.0510321389512448e+19,GALAXY,0.951731,9335,57713,166
1.2376634626075533e+18,351.413589716371,0.832959964971571,22.51562,22.55264,21.59751,21.09915,21.3125,4188,301,5,52,1.036062975333842e+19,GALAXY,0.7685096,9202,57713,359
1.2376786174148616e+18,353.22805896789,1.21639273245368,22.96693,22.91687,22.14434,21.659,21.4498,7717,301,1,284,1.0360804575687236e+19,GALAXY,0.9061925,9202,57713,995
1.237679255212262e+18,43.3819617925202,-3.17912319268021,23.205,22.32595,22.41797,21.18966,21.81311,7865,301,5,204,1.048802769174766e+19,GALAXY,0.8927741,9315,57713,982
1.237679322328007e+18,43.0766728139866,-4.7057325731006,23.73736,24.13242,23.14531,22.26054,22.15716,7881,301,2,309,1.0487759136032575e+19,GALAXY,0.8440938,9315,57713,5
1.2376794345190853e+18,1.39963377242785,-2.76235169088519,21.80732,22.03723,21.36136,20.55696,20.67194,7907,301,3,81,1.052158973442971e+19,GALAXY,0.828384,9345,57713,200
1.2376785964797135e+18,359.700352916728,1.90521450611904,21.38073,22.2618,21.81973,21.9395,21.39457,7712,301,2,327,1.0356264967054055e+19,QSO,1.245351,9198,57713,864
1.237679255211672e+18,42.0249615376605,-3.27639451607278,23.92676,22.6075,22.26965,21.22088,21.34299,7865,301,5,195,1.0487965294462783e+19,GALAXY,0.8510727,9315,57713,755
1.2376786179544187e+18,359.40626539835,1.69150460779671,22.12158,22.26307,22.10555,21.30053,21.07358,7717,301,2,325,1.0356243251699409e+19,GALAXY,0.8076254,9198,57713,785
1.2376793244669711e+18,23.5497998669423,-3.75596714132841,22.17215,22.72664,22.03228,21.35713,20.78323,7881,301,6,179,1.051051023063452e+19,GALAXY,0.8190058,9335,57713,853
1.2376794361291735e+18,0.229133676109456,-1.64914754449233,22.24322,22.10931,21.41811,21.04693,20.62181,7907,301,6,73,1.0521691164377373e+19,GALAXY,0.7963672,9345,57713,569
1.237663462607618e+18,351.480571151297,0.686102253419811,19.05058,18.96259,18.76848,18.72805,18.82304,4188,301,5,53,1.0360618208466328e+19,QSO,1.178002,9202,57713,317
1.2376792552032837e+18,22.7688128962157,-4.04822442430114,22.7403,21.84826,21.99163,21.26315,20.51587,7865,301,5,67,1.051037334143686e+19,GALAXY,0.7869779,9335,57713,355
1.237663783123223e+18,359.067935410952,-0.68911822616112,22.75135,21.79264,21.15602,20.70014,20.36348,4263,301,2,109,1.0356093992995936e+19,QSO,2.123961,9198,57713,242
1.2376793244672983e+18,24.2722351694389,-3.86925175107263,24.72909,23.49208,19.98233,22.64581,21.75453,7881,301,6,184,1.051028620514036e+19,GALAXY,0.8378667,9335,57713,38
1.2376792552038735e+18,24.2595071412672,-3.95640742841822,23.34042,22.96158,21.90122,21.64776,21.99172,7865,301,5,76,1.0510285380506638e+19,GALAXY,0.5000182,9335,57713,35
1.2376793244662502e+18,21.9114495741685,-3.93997508202087,24.95709,23.34901,22.18822,21.72034,20.69324,7881,301,6,168,1.0510423918971738e+19,GALAXY,0.887199,9335,57713,539
1.2376634626078807e+18,352.138769875378,0.78827898667814,23.5004,22.88777,21.8728,21.35912,20.89597,4188,301,5,57,1.0360584123605866e+19,GALAXY,0.6069412,9202,57713,193
1.2376637841940155e+18,352.285572608624,0.0440139462850315,23.67974,24.25958,22.95476,23.39163,23.33305,4263,301,4,64,1.036057917580354e+19,GALAXY,1.371783,9202,57713,175
1.2376737018192865e+18,42.4694662931641,-2.62987707996792,24.97306,22.69743,21.4107,20.75552,20.41343,6572,301,5,200,1.0487995256154642e+19,GALAXY,0.6958809,9315,57713,864
1.2376788810209695e+18,0.844438008797823,-2.12495363451253,24.14512,21.99928,21.89543,21.39828,23.22006,7778,301,4,322,1.0521615298075056e+19,GALAXY,0.9311994,9345,57713,293
1.23767943612996e+18,1.9826421477616,-1.60646302147253,22.42128,22.43977,21.4674,21.22649,21.00843,7907,301,6,85,1.0521798916516897e+19,GALAXY,0.6982048,9345,57713,961
1.2376634631444895e+18,351.573686642349,1.12003219953433,23.3455,22.51228,21.56948,20.85118,20.55076,4188,301,6,53,1.0360732007919802e+19,GALAXY,0.6720081,9202,57713,731
1.2376634631451448e+18,353.068279906763,1.16720691995516,24.64992,22.81089,22.28106,21.40218,20.33129,4188,301,6,63,1.0360798253495376e+19,GALAXY,0.9199767,9202,57713,972
1.2376634626076183e+18,351.428329070145,0.667270447716028,23.74891,22.65544,22.04662,21.89415,21.29353,4188,301,5,53,1.036062590504772e+19,GALAXY,0.998971,9202,57713,345
1.2376634626072904e+18,350.80344099285,0.76327657340088,18.32113,17.34358,17.04894,16.90404,16.82911,4188,301,5,48,1.0360658890396555e+19,STAR,-0.0005311621,9202,57713,465
1.2376792552034145e+18,23.1289374553112,-3.97265060060358,23.25763,22.46626,21.79029,21.18337,21.30659,7865,301,5,69,1.051034173047756e+19,QSO,0.5799772,9335,57713,240
1.237679254137472e+18,40.9552806864966,-4.23799912952607,23.41594,23.45637,22.34208,21.97448,21.51679,7865,301,3,188,1.0487885579869772e+19,GALAXY,0.9271017,9315,57713,465
1.2376793223273518e+18,41.6997540929506,-4.74155565792262,22.80064,23.00068,22.18028,21.83085,21.87367,7881,301,2,299,1.0487849570864e+19,QSO,1.107899,9315,57713,334
1.2376792546666747e+18,23.4596267271647,-4.49950111198792,22.92118,22.5514,21.87543,20.83576,20.81302,7865,301,4,71,1.0510325512681052e+19,GALAXY,0.747791,9335,57713,181
1.237678617951208e+18,351.990521685208,1.60881473038483,23.81999,22.97889,22.62828,21.68229,21.88453,7717,301,2,276,1.036075097449538e+19,GALAXY,0.7523304,9202,57713,800
1.2376786174173517e+18,358.852115334467,1.356528391602,22.98119,22.50335,22.42435,22.28949,22.03324,7717,301,1,322,1.0356215489030803e+19,GALAXY,1.335492,9198,57713,684
1.2376792552031524e+18,22.4858747502191,-4.05751707712415,23.40421,22.54738,22.3656,21.67883,21.55651,7865,301,5,65,1.051038516118686e+19,GALAXY,0.9445102,9335,57713,398
1.2376792546748667e+18,42.2170615083933,-3.57301803836203,22.06855,22.6548,22.36545,21.70036,21.70983,7865,301,4,196,1.048797024226511e+19,GALAXY,0.7608647,9315,57713,773
1.2376792552034145e+18,23.1229615656304,-4.02937276113066,22.26987,22.47943,21.92332,20.98398,20.42569,7865,301,5,69,1.0510350251692675e+19,GALAXY,0.8361826,9335,57713,271
1.2376634626076838e+18,351.579395238251,0.729429940753883,22.31149,22.56001,22.17428,22.01234,21.39178,4188,301,5,54,1.036061793358842e+19,GALAXY,0.7386689,9202,57713,316
1.2376634626082737e+18,352.939465544998,0.674646655051704,22.78883,21.97357,21.64065,21.2484,20.82069,4188,301,5,63,1.0360534645582617e+19,GALAXY,0.8266429,9202,57713,13
1.2376634626071593e+18,350.477489413288,0.82003452533862,18.05351,17.00508,16.65367,16.49843,16.4559,4188,301,5,46,1.0360667961367484e+19,STAR,-5.529714e-05,9202,57713,498
1.2376786179511424e+18,351.809196823072,1.68698462929051,22.16876,22.46727,22.06018,21.0316,21.12621,7717,301,2,275,1.0360738879867476e+19,GALAXY,0.8845437,9202,57713,756
1.2376794339818867e+18,0.663324915049557,-3.30683347072789,22.7742,22.19985,21.8694,21.46076,20.39818,7907,301,2,76,1.05216210705111e+19,GALAXY,0.8007612,9345,57713,314
1.2376786179508147e+18,351.158369820451,1.74763843124955,22.65988,22.26805,22.00363,21.35183,21.0267,7717,301,2,270,1.0360704520129108e+19,QSO,0.6781437,9202,57713,631
1.2376792552034803e+18,23.3144571639374,-3.91922291727192,23.3589,22.21019,21.70152,21.08966,20.94212,7865,301,5,70,1.051034090584384e+19,GALAXY,0.6746405,9335,57713,237
1.2376637841969649e+18,358.969254717302,0.0571905174371804,23.54778,23.03062,22.30781,21.77427,21.05548,4263,301,4,109,1.0356113234449422e+19,GALAXY,0.7988573,9198,57713,312
1.2376637841942124e+18,352.695084411867,0.0823997795485288,23.36559,23.85368,22.20703,21.52391,21.27602,4263,301,4,67,1.0360558010204709e+19,GALAXY,0.7258884,9202,57713,98
1.237678617416893e+18,357.784986405526,1.38614994373764,23.35112,23.25113,22.6567,21.85813,21.75615,7717,301,1,315,1.0356166011007556e+19,GALAXY,1.117558,9198,57713,504
1.237678617954354e+18,359.21109721693,1.77288698026089,22.96985,22.69469,22.28403,21.54021,21.44023,7717,301,2,324,1.0356233356094757e+19,GALAXY,0.9380702,9198,57713,749
1.2376737012818908e+18,41.800455085539,-3.66468368597605,23.94995,23.30348,23.87647,23.80095,22.4747,6572,301,4,192,1.0487946602765111e+19,QSO,2.077692,9315,57713,687
1.2376786174177454e+18,359.87403867184,1.31687012099507,22.44965,22.49634,22.25181,21.65944,21.80805,7717,301,1,328,1.035629327947847e+19,GALAXY,0.7391363,9198,57713,967
1.2376634631440307e+18,350.467487369275,1.06107645942393,25.31991,24.42444,23.30198,22.24516,21.67451,4188,301,6,46,1.0360672084536089e+19,GALAXY,0.8688598,9202,57713,513
1.237679255203611e+18,23.6545439422038,-3.95879360228753,26.39689,21.9303,21.13903,20.41661,20.05748,7865,301,5,72,1.05103194653671e+19,GALAXY,0.795476,9335,57713,159
1.23767943451902e+18,1.26458070916281,-2.84273181296986,23.17908,22.35033,21.93302,21.68089,21.14988,7907,301,3,80,1.052158341223785e+19,GALAXY,0.9859797,9345,57713,177
1.2376792552037417e+18,23.8950131942131,-4.06799355965751,23.30186,22.85468,22.11527,21.38725,21.25438,7865,301,5,74,1.0510306271227566e+19,GALAXY,0.8446522,9335,57713,111
1.2376634626072911e+18,350.785291828607,0.769300687887728,22.78476,23.55024,22.05401,21.81028,21.50914,4188,301,5,48,1.0360660539664e+19,QSO,2.175811,9202,57713,471
1.2376794361292393e+18,0.304366832108769,-1.55959001434771,21.82341,21.79544,21.11586,20.53008,20.36596,7907,301,6,74,1.052168951510993e+19,GALAXY,0.7644704,9345,57713,563
1.2376793244666432e+18,22.7473579543193,-3.86216452769602,24.12231,22.73806,23.04108,21.63154,21.60221,7881,301,6,174,1.0510456629442664e+19,GALAXY,0.9190704,9335,57713,658
1.2376793228641574e+18,41.503894926556,-4.28971953828302,22.85173,22.93072,21.78889,22.70955,21.91976,7881,301,3,298,1.0487865238904656e+19,GALAXY,1.076456,9315,57713,391
1.2376786179508805e+18,351.255475900437,1.61037668365826,22.4826,22.40519,21.90947,21.5392,21.23743,7717,301,2,271,1.036070506988492e+19,GALAXY,1.108246,9202,57713,633
1.2376793228642225e+18,41.5547959895713,-4.30789787776563,22.58794,22.18493,21.49047,20.97994,20.53965,7881,301,3,299,1.0487865513782565e+19,GALAXY,0.644473,9315,57713,392
1.2376571909010888e+18,350.628419517131,-0.0847307275608881,23.02499,23.23733,23.35145,22.73116,22.21452,2728,301,3,350,1.0372038286021775e+19,GALAXY,1.009906,9212,57715,903
1.237678879948866e+18,4.53030469395189,-2.99618979390726,23.46319,22.87769,22.74505,21.94313,20.80389,7778,301,2,347,1.0519456132149563e+19,GALAXY,0.8393687,9343,57715,630
1.237679998238327e+18,350.247739207232,-1.9735288785648,24.09898,22.61602,21.90967,21.39592,21.35226,8038,301,5,154,1.0371845321731105e+19,GALAXY,0.7026512,9212,57715,201
1.2376790791283018e+18,5.32508987664977,-4.35592387262553,22.53296,22.47542,22.14974,21.46901,20.96868,7824,301,5,352,1.0519340958306556e+19,GALAXY,0.7584057,9343,57715,211
1.2376799982381304e+18,349.768757835664,-1.96946954034886,22.98744,22.45487,21.90442,21.13847,20.70756,8038,301,5,151,1.0371879131713657e+19,GALAXY,0.7898588,9212,57715,324
1.237679079128433e+18,5.63120334418427,-4.18590434172765,21.95731,22.18086,21.42452,20.85514,20.82122,7824,301,5,354,1.0519325840021672e+19,GALAXY,0.7430334,9343,57715,156
1.2376794345203308e+18,4.21766549803155,-2.91254829454081,26.14766,22.5291,21.63749,20.79667,20.33647,7907,301,3,100,1.0519442663132123e+19,GALAXY,0.7612329,9343,57715,581
1.237679998238e+18,349.540263822318,-1.96661967442676,23.05821,22.69951,21.98458,21.67844,20.9056,8038,301,5,149,1.037188957707412e+19,GALAXY,1.032314,9212,57715,362
1.237679324458386e+18,3.92459318336728,-4.12723294738061,26.44434,23.12325,22.31237,21.52789,20.98966,7881,301,6,48,1.0519430843382129e+19,GALAXY,0.8641027,9343,57715,538
1.237678617971065e+18,37.3420637721523,1.37714074335857,21.84737,22.18533,21.57297,21.19737,20.52057,7717,301,2,579,1.0606100397197384e+19,GALAXY,0.7970861,9420,57715,448
1.2376790791285642e+18,5.9109004242808,-4.28423719899646,22.03586,21.90627,20.75001,20.19167,19.97273,7824,301,5,356,1.0519302200521677e+19,GALAXY,0.4923161,9343,57715,70
1.237679998238e+18,349.45101456191,-1.81957514380243,22.46176,22.8197,22.22337,21.34731,21.13854,8038,301,5,149,1.0371891501219467e+19,GALAXY,0.9847218,9212,57715,369
1.2376637831187668e+18,348.903260127834,-0.747838348447748,23.15445,22.90513,22.30916,21.55465,21.12412,4263,301,2,41,1.0371936031440394e+19,GALAXY,0.8866531,9212,57715,531
1.2376799982380652e+18,349.666445924391,-1.84280038969884,23.71622,22.09384,21.62406,21.17188,20.81766,8038,301,5,150,1.0371880506103192e+19,GALAXY,1.069459,9212,57715,329
1.2376637831191603e+18,349.706090421633,-0.816747774405131,23.23385,23.49699,22.24556,21.78632,22.10386,4263,301,2,47,1.0371978087760157e+19,GALAXY,0.6594847,9212,57715,684
1.2376799982385894e+18,350.885424303384,-1.91136650086074,22.76598,22.34175,21.9537,20.79805,20.57384,8038,301,5,158,1.0371801341266e+19,GALAXY,0.937243,9212,57715,41
1.2376790791278433e+18,4.37069525454838,-4.20184979663168,21.22095,21.44951,20.55462,20.49659,19.9111,7824,301,5,345,1.0519398407789107e+19,GALAXY,0.9078924,9343,57715,420
1.2376786190454625e+18,38.8338080542489,2.10349436746747,23.49006,23.64616,23.95798,21.89277,21.94139,7717,301,4,589,1.060603222747646e+19,GALAXY,0.8741198,9420,57715,200
1.2376794345203963e+18,4.46314838952179,-2.73882747495885,22.5122,22.40468,21.5752,21.30229,20.85903,7907,301,3,101,1.0519454482882124e+19,GALAXY,0.7835753,9343,57715,624
1.2376793244587791e+18,4.79671270525712,-4.0693863521073,22.57292,21.84013,22.03639,21.11503,20.72848,7881,301,6,54,1.0519486368719327e+19,GALAXY,0.7200233,9343,57715,740
1.2376794345207895e+18,5.36406194232588,-2.75193895444282,22.98148,22.42638,21.58379,20.96452,20.61967,7907,301,3,107,1.0519510008219326e+19,GALAXY,0.6884081,9343,57715,826
1.237656906350658e+18,349.933326935137,-0.885539192739071,22.36874,22.35836,22.05693,21.27258,20.13622,2662,301,1,215,1.037199210653341e+19,GALAXY,0.6989834,9212,57715,735
1.2376794334467855e+18,4.66611607391275,-3.74198529390011,22.29319,22.3444,20.91973,20.18182,20.45182,7907,301,1,103,1.0519471525312354e+19,GALAXY,0.6974769,9343,57715,686
1.2376799982387205e+18,351.108104389851,-1.98302567862406,26.17666,22.49571,21.49272,20.9419,20.52244,8038,301,5,160,1.0371793094928783e+19,QSO,3.448281,9212,57715,11
1.23767932445832e+18,3.72494217415655,-4.02733180364225,22.74326,22.00008,21.94,21.68075,23.6338,7881,301,6,47,1.0519423696556546e+19,GALAXY,0.9503139,9343,57715,512
1.2376790791287603e+18,6.40532451466558,-4.36019515536734,22.0668,22.57231,21.93619,21.58501,20.77682,7824,301,5,359,1.0519286532481e+19,GALAXY,0.780846,9343,57715,13
1.2376569063509207e+18,350.574720515613,-0.890062317411925,23.08021,22.82037,21.22686,20.64603,20.35244,2662,301,1,219,1.0372036911632245e+19,GALAXY,0.7969093,9212,57715,898
1.237656906350331e+18,349.225100064779,-0.915284115369012,22.34755,23.04289,21.80186,21.24776,21.54531,2662,301,1,210,1.0371949225579928e+19,GALAXY,0.7327321,9212,57715,579
1.237678596477617e+18,354.926284112751,1.86471195565854,22.76857,22.43331,22.56664,21.1335,20.90763,7712,301,2,295,1.0358451620854129e+19,GALAXY,0.962307,9200,57716,627
1.2376634631457344e+18,354.30345995984,1.15832249965105,22.1022,22.46536,22.10225,21.70761,21.98381,4188,301,6,72,1.0358421659162268e+19,GALAXY,0.9647906,9200,57716,518
1.23767925520656e+18,30.2929614529066,-3.86413813329058,21.92349,21.79469,21.34241,20.79911,20.44685,7865,301,5,117,1.0500415064674425e+19,QSO,1.837568,9326,57716,991
1.2376792552110822e+18,40.6532851507018,-3.35853415663499,23.68692,22.02206,21.59725,20.81618,20.18092,7865,301,5,186,1.0486675567373736e+19,GALAXY,0.9184517,9314,57716,159
1.237663463145669e+18,354.239733078481,1.1296061468607,23.03971,22.55159,22.11081,21.18336,20.94763,4188,301,6,71,1.0358420284772737e+19,GALAXY,0.9820849,9200,57716,513
1.2376794345230833e+18,10.5994949284692,-2.84208022745366,23.26015,22.68328,21.80761,21.30201,21.03897,7907,301,3,142,1.0516144128265574e+19,GALAXY,0.7437139,9340,57716,869
1.237678879959941e+18,29.8071819504796,-2.81210797870127,24.66137,22.98373,22.72287,22.1049,23.09812,7778,301,2,516,1.05003903256628e+19,GALAXY,1.058146,9326,57716,901
1.237679254669296e+18,29.4186432642173,-4.32535061239975,26.04605,22.89297,22.29764,21.24913,21.18979,7865,301,4,111,1.0500194612593056e+19,GALAXY,0.8590154,9326,57716,189
1.2376634626088635e+18,354.342327059047,0.76036919504818,24.66307,22.72434,21.96029,21.53772,21.72175,4188,301,5,72,1.035841258819134e+19,GALAXY,0.7700524,9200,57716,485
1.2376792552054464e+18,27.7729081519438,-3.86524779503801,25.40901,22.97455,21.55506,20.83229,20.62016,7865,301,5,100,1.050028422279072e+19,GALAXY,0.9485942,9326,57716,515
1.237678880501728e+18,41.1569949186576,-2.09606667223453,23.81574,22.66901,22.27125,21.72683,21.3838,7778,301,3,591,1.0486890796774871e+19,GALAXY,0.9473763,9314,57716,942
1.2376792552060362e+18,29.0992407311247,-3.92107347750427,22.16751,22.43814,21.38034,21.09521,19.95482,7865,301,5,109,1.0500356790558153e+19,GALAXY,1.027182,9326,57716,779
1.2376786174153203e+18,354.263618865945,1.29629226368283,24.2552,23.32832,22.42152,21.55371,21.35316,7717,301,1,291,1.0358522814232e+19,GALAXY,0.0,9200,57716,886
1.237678879414223e+18,9.71443811446352,-3.37374594681328,22.97882,23.88107,22.55161,22.28675,21.36329,7778,301,1,381,1.051610399609116e+19,GALAXY,0.8086147,9340,57716,723
1.2376793244697892e+18,29.9877670093417,-3.59838648870699,23.2149,23.28521,22.41286,22.55215,22.32338,7881,301,6,222,1.050040104590117e+19,GALAXY,1.054405,9326,57716,940
1.237679255205447e+18,27.7490990930554,-3.85750869723377,23.85884,22.84988,22.38779,21.23597,21.21496,7865,301,5,100,1.0500283673034904e+19,GALAXY,0.6030691,9326,57716,513
1.2376785964782715e+18,356.389043057149,1.85400306944992,21.3295,20.45174,20.28881,20.31227,20.26372,7712,301,2,305,1.0358529961057604e+19,QSO,2.772698,9200,57716,912
1.2376786174163023e+18,356.53737601336,1.37130565227998,23.47284,22.95051,22.35587,21.51697,21.85641,7717,301,1,306,1.0358533809348305e+19,GALAXY,0.3486042,9200,57716,926
1.23767888103814e+18,40.0892321814042,-1.82259504215982,21.51737,21.62306,21.5109,20.25393,20.16484,7778,301,4,584,1.0486824826077209e+19,GALAXY,0.8098568,9314,57716,702
1.2376794345230177e+18,10.4063857248631,-2.76338923930436,23.51846,22.22855,21.63189,20.66716,20.46359,7907,301,3,141,1.051613175875976e+19,GALAXY,0.7033008,9340,57716,824
1.2376786179526497e+18,355.321317175447,1.63277528650503,23.12069,23.36987,22.50266,21.91956,21.3195,7717,301,2,298,1.0358474710598308e+19,GALAXY,0.7963876,9200,57716,711
1.2376792552056433e+18,28.2817267176559,-3.80463597405714,22.52359,21.8231,22.32924,21.93207,23.40355,7865,301,5,103,1.0500308961802344e+19,GALAXY,1.205956,9326,57716,605
1.2376792552108198e+18,40.1249293999018,-3.30069330428414,24.34851,22.24875,21.59565,21.27865,20.79922,7865,301,5,182,1.048683527143767e+19,GALAXY,0.8046643,9314,57716,740
1.2376637841953928e+18,355.38979451234,0.0221884666814878,24.13305,23.61268,22.47837,21.52614,21.23931,4263,301,4,85,1.0358360636266928e+19,GALAXY,0.8083293,9200,57716,296
1.2376794345231483e+18,10.667950758838,-2.88245840288133,23.2909,22.55433,21.99833,21.53071,21.35178,7907,301,3,143,1.0516154573626e+19,GALAXY,0.7763341,9340,57716,907
1.237679434522952e+18,10.3206884385307,-2.8004335757362,21.93084,21.91609,21.21334,20.97779,20.29104,7907,301,3,140,1.0516133408027204e+19,GALAXY,1.099791,9340,57716,830
1.2376793233961126e+18,30.2496735923251,-4.3218636331179,25.65783,22.21429,21.72615,20.93153,20.98124,7881,301,4,223,1.050015035725e+19,GALAXY,0.7162209,9326,57716,28
1.2376793234003727e+18,39.9311065680743,-4.03996577568808,22.44147,21.50104,21.06905,20.24037,19.67759,7881,301,4,288,1.0486724495641172e+19,GALAXY,0.7563742,9314,57716,337
1.2376793244696584e+18,29.7700040768464,-3.62611166528145,22.86879,23.37393,22.77016,21.956,22.13221,7881,301,6,220,1.0500396922732569e+19,GALAXY,0.7875476,9326,57716,925
1.237679254136685e+18,39.1635585880071,-4.17889485564917,22.01548,22.80683,21.86281,21.65042,21.10523,7865,301,3,176,1.048675803074582e+19,GALAXY,0.906704,9314,57716,459
1.237679255210689e+18,39.7374222170258,-3.41388979891209,23.17424,22.35936,21.59098,21.06382,20.53512,7865,301,5,180,1.0486730817833e+19,GALAXY,0.805785,9314,57716,360
1.2376792552110167e+18,40.4590573459301,-3.36352766167699,23.40895,22.57495,22.65358,21.63806,21.29605,7865,301,5,185,1.0486857261670224e+19,GALAXY,0.8509597,9314,57716,820
1.2376569090380933e+18,356.974555510703,1.09097656578729,23.8334,23.18498,23.072,21.99573,21.73957,2662,301,6,262,1.0358553600557605e+19,GALAXY,0.8371269,9200,57716,998
1.2376788799508324e+18,9.04850001237942,-3.07183233234755,25.1645,22.69781,22.481,22.90401,21.36732,7778,301,2,377,1.0516057816602792e+19,GALAXY,0.8235219,9340,57716,555
1.2376793228589796e+18,29.6194642421742,-4.95350427307114,23.32311,22.79095,21.8252,21.32202,21.06247,7881,301,3,219,1.0500175920895384e+19,GALAXY,0.7787481,9326,57716,121
1.2376785964779443e+18,355.67311160629,1.92887140333359,24.30504,23.10574,24.42435,23.66568,22.46296,7712,301,2,300,1.0358482956935518e+19,GALAXY,1.323656,9200,57716,741
1.2376793244692646e+18,28.7926723163455,-3.7153717187684,22.08108,22.55037,22.22578,22.67171,22.78636,7881,301,6,214,1.0500331501790712e+19,GALAXY,0.7739652,9326,57716,687
1.2376792552056433e+18,28.3133174202542,-3.91124999319045,23.75693,23.15343,22.23472,21.77113,21.17461,7865,301,5,103,1.0500312810093e+19,GALAXY,0.8148205,9326,57716,619
1.2376786174158444e+18,355.454871175367,1.25119983232356,22.93837,22.99341,22.40526,21.73492,21.75644,7717,301,1,299,1.035847910864482e+19,GALAXY,0.8048477,9200,57716,727
1.2376792552059707e+18,28.9454162961757,-3.93625172919413,22.61199,22.66751,21.95311,21.4338,20.96664,7865,301,5,108,1.0500344970808154e+19,GALAXY,0.8286998,9326,57716,736
1.2376793228589796e+18,29.6019290301407,-4.91904959888174,22.44061,22.67189,21.82548,21.23873,20.83265,7881,301,3,219,1.0500178394796546e+19,GALAXY,0.7133476,9326,57716,130
1.2376793244610076e+18,9.87635331813256,-3.95908325543877,24.25944,23.0366,22.10486,21.32378,20.42263,7881,301,6,88,1.0516108119259765e+19,GALAXY,0.7171634,9340,57716,738
1.2376788799594176e+18,28.6565876019654,-2.81909758716636,22.74871,22.59362,21.80897,20.9438,20.68829,7778,301,2,508,1.050032627911048e+19,GALAXY,0.838881,9326,57716,668
1.237678879414551e+18,10.3836688435763,-3.53666325192426,23.12152,22.81103,22.44905,22.37141,21.69,7778,301,1,386,1.0516138630707436e+19,GALAXY,0.842739,9340,57716,849
1.2376793244614664e+18,10.9355194980204,-3.99435666441952,23.29919,22.80803,21.6308,20.72257,20.76216,7881,301,6,95,1.0515927249597e+19,QSO,0.7550701,9340,57716,80
1.237678879422415e+18,28.4195524174379,-3.19798765576705,23.34387,23.65152,22.3928,21.86212,22.79441,7778,301,1,506,1.050031748301746e+19,QSO,1.985733,9326,57716,636
1.237679255206167e+18,29.3939010826311,-3.84337009597629,21.81042,22.14495,21.55713,20.97985,20.31154,7865,301,5,111,1.0500376306889544e+19,GALAXY,0.9968109,9326,57716,850
1.2376793228633708e+18,39.6522642640202,-4.46452473479318,22.98348,22.61952,21.82785,21.24738,20.92991,7881,301,3,286,1.0486743737094658e+19,GALAXY,0.8449633,9314,57716,407
1.2376792552062328e+18,29.6081801035254,-3.75361576315505,27.02745,21.83872,21.70066,21.34343,20.7768,7865,301,5,112,1.050038950102908e+19,GALAXY,0.7782,9326,57716,898
1.237678887985611e+18,29.3882396917343,-3.43365921791371,25.53986,23.8933,24.33899,23.12721,23.43909,7780,301,1,98,1.0500373832988383e+19,GALAXY,0.778518,9326,57716,841
1.2376785964782065e+18,356.2073570743,1.97871178585509,25.90803,22.70788,22.4447,21.10914,22.17531,7712,301,2,304,1.0358515942284351e+19,GALAXY,0.7453407,9200,57716,861
1.2376793244695928e+18,29.554120236815,-3.55766648324457,23.39974,23.7512,22.23653,21.63687,21.79683,7881,301,6,219,1.0500386202494196e+19,GALAXY,0.763218,9326,57716,886
1.2376792546742766e+18,40.8125751464634,-3.83042579605492,20.42365,20.16374,20.09119,19.85375,19.93504,7865,301,4,187,1.0486661823478389e+19,QSO,1.674586,9314,57716,109
1.2376793244688056e+18,27.7353288914603,-3.68356678797078,23.2745,23.68467,22.26371,21.91734,21.03686,7881,301,6,207,1.0500283947912813e+19,GALAXY,0.1624516,9326,57716,514
1.2376786174156475e+18,355.002065202278,1.35758456931875,22.71698,22.58058,21.79252,21.23501,20.93618,7717,301,1,296,1.0358445573540172e+19,QSO,0.4739337,9200,57716,605
1.2376793228638295e+18,40.6487090778536,-4.29148256707323,22.03432,22.49765,21.61025,21.08021,20.69597,7881,301,3,293,1.0486668420548155e+19,GALAXY,0.7414405,9314,57716,133
1.2376788896007455e+18,39.6653330857394,-2.03616893941205,25.90059,22.27057,21.72617,21.14677,20.77423,7780,301,4,167,1.048679211560628e+19,GALAXY,0.6539713,9314,57716,583
1.2376792552109512e+18,40.3432290008091,-3.35249664100369,23.20113,22.65216,22.18815,21.22738,20.66823,7865,301,5,184,1.0486846266553948e+19,GALAXY,0.8764126,9314,57716,780
1.237679255205774e+18,28.5755849071421,-3.74959143183909,21.87475,21.80889,21.54519,21.12158,20.43128,7865,301,5,105,1.0500321056430248e+19,GALAXY,1.239146,9326,57716,649
1.2376634626087982e+18,354.247941184408,0.779273155239259,24.21013,22.80705,23.16834,22.27944,21.62566,4188,301,5,71,1.0358415886726224e+19,GALAXY,0.9493444,9200,57716,497
1.2376634626087985e+18,354.135240102125,0.810508779900233,25.2546,23.07264,22.55226,20.98308,20.77543,4188,301,5,71,1.0358422208918084e+19,STAR,-0.002406841,9200,57716,520
1.2376795821587174e+18,31.0575660646543,30.7194758992697,22.06511,21.70576,21.76968,21.60599,21.06979,7941,301,6,83,8.711126191703349e+18,QSO,1.581378,7737,57722,140
1.237679582158e+18,29.1380089102145,31.0576629699489,21.68297,21.11353,21.00454,20.64541,20.50667,7941,301,6,72,8.711217726046362e+18,QSO,0.6054204,7737,57722,473
1.2376728428188795e+18,1.44122978406588,-4.24315573376682,22.24449,21.91846,21.39851,21.2393,20.31751,6372,301,5,94,1.0518188945116e+19,GALAXY,0.9934818,9342,57722,116
1.237679998238983e+18,351.737251347011,-1.97461413428058,24.91433,23.2756,22.6784,21.80285,21.85784,8038,301,5,164,1.037076615118588e+19,GALAXY,0.8414152,9211,57722,371
1.237679079126926e+18,2.27445158129829,-4.25001989438855,22.88778,23.06222,21.90554,21.03199,21.59495,7824,301,5,331,1.0518166405127625e+19,GALAXY,0.8411545,9342,57722,34
1.23767943344482e+18,0.272914837402766,-3.70243152477822,23.10157,23.00679,22.8783,21.40239,21.20071,7907,301,1,73,1.0518313189929933e+19,GALAXY,0.8770329,9342,57722,568
1.237679324456944e+18,0.666131145246339,-4.14756047722076,22.59779,22.37009,22.40799,21.22839,20.47777,7881,301,6,26,1.0518257114836916e+19,GALAXY,0.7713038,9342,57722,364
1.2376788799473585e+18,1.02307977184519,-2.97981475197964,22.95019,23.47287,23.06199,22.08858,21.98398,7778,301,2,324,1.051836184331946e+19,GALAXY,0.8032588,9342,57722,745
1.2376795821583892e+18,30.0870711257806,31.0107799265007,19.60068,19.27475,19.33119,19.22036,19.44967,7941,301,6,78,8.711172371191715e+18,QSO,0.6244494,7737,57722,308
1.2376569063519027e+18,352.726272546422,-0.899657252168711,21.7871,22.25433,21.83348,21.43614,21.25662,2662,301,1,234,1.0370910736964932e+19,GALAXY,0.801401,9211,57722,897
1.2376795821588485e+18,31.2543276717669,30.7447974607607,20.94758,20.77028,20.42728,20.40185,20.38631,7941,301,6,85,8.711115196587071e+18,QSO,1.089604,7737,57722,100
1.237679582159045e+18,31.8552973465492,30.6075999853434,21.60854,21.44306,21.39282,20.93434,20.81283,7941,301,6,88,8.711101452691724e+18,QSO,1.591154,7737,57722,50
1.2376637831198812e+18,351.322295619836,-0.828488416692658,24.6212,24.1244,23.51325,22.41133,23.07303,4263,301,2,58,1.0370822501156805e+19,QSO,1.628741,9211,57722,576
1.2376795821589796e+18,31.6844104368574,30.6254776733803,21.3309,21.20801,20.84902,20.87608,20.50419,7941,301,6,87,8.711103101959166e+18,QSO,1.211507,7737,57722,56
1.2376795821587827e+18,31.1823960899912,30.6707177818579,19.62426,19.45619,19.49822,19.18728,19.09575,7941,301,6,84,8.711124542435908e+18,QSO,1.803461,7737,57722,134
1.2376727944962376e+18,0.668659824300249,-4.91786048146593,18.12446,17.1703,16.87554,16.7579,16.74186,6361,301,3,29,1.0518255465569477e+19,STAR,-0.0003966494,9342,57722,358
1.2376727944957796e+18,0.239572385165616,-3.99970685855896,25.19172,23.78813,22.74773,22.53918,21.95112,6361,301,3,22,1.0518316213586907e+19,GALAXY,0.9353866,9342,57722,579
1.2376794339816904e+18,0.223451139355134,-3.27620737159082,23.78534,22.33401,21.84192,21.26218,21.16886,7907,301,2,73,1.0518309066761329e+19,GALAXY,0.9036822,9342,57722,553
1.2376727944959754e+18,0.445613716572296,-4.35849196440631,25.12378,24.58874,24.35683,22.96756,22.58247,6361,301,3,25,1.0518279929703193e+19,GALAXY,0.9260068,9342,57722,447
1.2376793244572718e+18,1.3575890506776,-4.0049791241559,22.50249,23.04523,22.07043,21.33939,20.97146,7881,301,6,31,1.0518196641697389e+19,GALAXY,0.7426032,9342,57722,144
1.2376637831205368e+18,352.94532727364,-0.71206284475934,23.65643,24.04456,23.6222,21.66511,21.92404,4263,301,2,68,1.037092090744749e+19,GALAXY,0.8098723,9211,57722,934
1.2376637831200113e+18,351.659439944248,-0.671895876149907,24.26828,22.87521,22.15018,21.53152,21.44367,4263,301,2,60,1.0370842017488196e+19,QSO,6.498982,9211,57722,647
1.237679998238917e+18,351.555804230227,-1.8813022695414,23.98431,22.50656,21.97755,21.43054,21.58665,8038,301,5,163,1.0370776596546345e+19,GALAXY,0.7388408,9211,57722,409
1.237679998238983e+18,351.722513378494,-1.96122146310409,24.08325,22.71156,22.47305,21.67376,21.34868,8038,301,5,164,1.0370775771912624e+19,GALAXY,0.7317912,9211,57722,406
1.237679582158193e+18,29.7111451985028,31.0447872719219,21.01008,20.91294,20.87587,20.67383,20.82051,7941,301,6,75,8.711186115087062e+18,QSO,1.464788,7737,57722,358
1.2376727944956475e+18,0.0757385497510086,-3.72622215664844,18.23208,17.25565,16.93825,16.82007,16.79202,6361,301,3,20,1.0518298621400865e+19,STAR,-0.0004113213,9342,57722,515
1.2376788922825446e+18,30.7405046891814,31.0413116344169,21.50587,21.00393,20.72846,20.37365,20.40833,7781,301,1,128,8.711149831203347e+18,QSO,1.558726,7737,57722,226
1.237678879410553e+18,1.2314397816711,-3.45223657484882,23.62848,22.80742,22.38601,21.90104,21.87593,7778,301,1,325,1.0518376136970625e+19,GALAXY,1.324732,9342,57722,797
1.2376795821588485e+18,31.3030683925931,30.6217063327423,20.65995,20.51237,20.10591,20.16146,20.04747,7941,301,6,85,8.711114371953351e+18,QSO,1.109233,7737,57722,97
1.237679079126991e+18,2.34768698189069,-4.23823046025266,22.66773,22.59977,21.98155,21.89401,21.50661,7824,301,5,332,1.0518163381470648e+19,GALAXY,0.8409384,9342,57722,23
1.2376788938930926e+18,31.065446805624,32.2426415954885,25.07467,23.35589,21.5102,20.18712,19.498,7781,301,4,127,8.711327127453325e+18,GALAXY,0.7971749,7737,57722,871
1.237679582158848e+18,31.2715755583426,30.7911896040385,19.62828,19.53794,19.38874,19.10419,18.91457,7941,301,6,85,8.711115746342884e+18,QSO,2.056244,7737,57722,102
1.237663917339771e+18,119.283293876541,52.5717052422585,20.34791,20.29241,19.89232,19.95578,19.99616,4294,301,4,91,9.353106567044817e+18,QSO,1.363671,8307,57723,931
1.237679254132753e+18,30.2294842667785,-4.52924417183622,23.58423,22.54517,21.85296,23.01754,21.02243,7865,301,3,116,1.0501397203553376e+19,GALAXY,1.196997,9327,57723,468
1.2376637884921943e+18,118.725415111727,52.3795974785814,21.40055,21.23085,21.19204,20.95159,20.59754,4264,301,4,113,9.35308705071342e+18,QSO,1.720707,8307,57723,860
1.2376792546629386e+18,14.8646209673835,-4.52721428470737,23.14688,23.82832,23.04227,22.23993,21.48314,7865,301,4,14,1.051152947808124e+19,GALAXY,0.0,9336,57723,465
1.237663918413317e+18,117.64029123122,52.7126988666112,23.3086,23.8792,22.6014,20.74903,20.01149,4294,301,6,88,9.353005411975062e+18,GALAXY,0.7927065,8307,57723,563
1.237679255206888e+18,31.1225755127823,-3.84897972198744,23.44521,22.20478,21.38653,21.37965,20.27652,7865,301,5,122,1.0501468946687089e+19,GALAXY,0.736698,9327,57723,729
1.2376639162655055e+18,119.317900135345,51.278535982057,25.29765,24.20274,22.32791,20.99232,19.98131,4294,301,2,83,9.352863574975076e+18,GALAXY,0.7923383,8307,57723,47
1.2376788799640704e+18,39.3493714578392,-2.65983501513086,25.26892,22.46244,21.74009,20.9989,21.0902,7778,301,2,579,1.0485518331502942e+19,GALAXY,1.039606,9313,57723,45
1.237663783140655e+18,38.7892639950737,-0.637748911617707,24.24163,23.57905,23.63867,22.84407,22.37457,4263,301,2,375,1.0485742906752915e+19,QSO,1.357589,9313,57723,862
1.2376792552003343e+18,16.069867090903,-4.17159543109025,26.22439,22.12884,21.59171,21.17185,20.50338,7865,301,5,22,1.0511488246395195e+19,QSO,1.009442,9336,57723,315
1.2376794334514388e+18,15.3100654884079,-3.66000565940748,24.5194,23.05573,23.204,21.92798,22.09208,7907,301,1,174,1.051155916489519e+19,GALAXY,0.8924419,9336,57723,573
1.2376792552004654e+18,16.3513913941468,-4.21368103477605,21.99208,21.71099,21.4733,20.80278,20.46365,7865,301,5,24,1.0511465981284737e+19,GALAXY,0.7253407,9336,57723,234
1.237663789029197e+18,118.18993932865,52.8339976574438,24.98139,23.48109,22.74956,21.58565,19.97033,4264,301,5,115,9.353064235847143e+18,GALAXY,0.7754616,8307,57723,777
1.2376788799634803e+18,38.0048571368294,-2.70419316933154,22.44064,21.7407,21.66107,21.10561,20.21897,7778,301,2,570,1.0485586501223864e+19,GALAXY,1.160326,9313,57723,293
1.2376637884926528e+18,119.489362944997,53.3562519291464,21.45558,20.4491,20.30849,20.27166,19.88254,4264,301,4,120,9.353109865579698e+18,QSO,2.704606,8307,57723,943
1.237663789029262e+18,118.186225368269,53.0255215496172,23.77217,22.91136,21.6831,20.5501,20.05112,4264,301,5,116,9.353035648544823e+18,STAR,-7.742938e-05,8307,57723,673
1.237663788492e+18,118.248976219269,52.1017872029928,21.1989,20.86731,20.34667,20.2095,20.00266,4264,301,4,110,9.352916076655305e+18,QSO,1.239622,8307,57723,238
1.237678879960335e+18,30.7999080290054,-2.8647336554946,22.97464,23.12964,22.23507,22.14332,20.66025,7778,301,2,522,1.0501465098396391e+19,GALAXY,1.184057,9327,57723,715
1.2376793233900838e+18,16.4274366466161,-4.82616422661662,23.43561,22.45485,21.95681,21.53714,21.14006,7881,301,4,131,1.0511460483726596e+19,GALAXY,1.023387,9336,57723,214
1.2376792541267236e+18,16.4135732106602,-4.91230313233071,23.27477,22.80797,22.54886,21.71565,21.32025,7865,301,3,24,1.051147175372078e+19,GALAXY,0.7538986,9336,57723,255
1.2376793228596352e+18,31.0427011399073,-4.82761143844724,23.61,22.81959,22.04459,21.24329,21.08325,7881,301,3,229,1.050134827528594e+19,GALAXY,0.8002005,9327,57723,290
1.2376792552069535e+18,31.3036464906814,-3.78309592710037,24.4177,22.50599,21.76073,20.99444,20.51573,7865,301,5,123,1.0501478292535925e+19,GALAXY,0.8455299,9327,57723,763
1.2376637890283443e+18,116.807772956387,51.1390161029717,23.14536,22.25876,21.97262,21.95336,21.70236,4264,301,5,102,9.35297297638204e+18,QSO,2.369308,8307,57723,445
1.237663789028541e+18,117.013474523239,51.6622840848537,24.67988,23.0339,21.32361,20.13697,19.40628,4264,301,5,105,9.352969402969248e+18,STAR,2.339634e-05,8307,57723,432
1.2376637890285412e+18,117.05907115764,51.6237482197433,23.88016,22.13018,21.35094,21.40946,21.40711,4264,301,5,105,9.352968028579715e+18,QSO,2.996459,8307,57723,427
1.2376792551997445e+18,14.8002111857078,-4.11962356260064,22.54129,21.67842,21.87462,20.7617,20.37273,7865,301,5,13,1.0511537999296354e+19,GALAXY,0.8742909,9336,57723,496
1.237679324470706e+18,32.0425374996287,-3.52667453984494,25.21733,24.41861,22.83048,21.92439,22.06725,7881,301,6,236,1.0501523372512664e+19,GALAXY,1.030144,9327,57723,927
1.2376788794169103e+18,15.8470900728023,-3.35382751808061,23.90691,22.71309,22.19541,21.85031,20.90814,7778,301,1,422,1.051158885170914e+19,GALAXY,1.050612,9336,57723,681
1.2376637884924567e+18,119.070516873373,52.9434149316326,25.85281,23.28472,21.8949,20.6727,19.80693,4264,301,4,117,9.353093922661095e+18,STAR,3.48812e-05,8307,57723,885
1.2376637890293926e+18,118.629508068622,53.3477315064438,18.48082,17.46399,17.18202,17.08953,17.05643,4264,301,5,118,9.35306835901575e+18,STAR,-8.786727e-05,8307,57723,792
1.237679254126396e+18,15.6339792574357,-4.9576989395007,25.06589,22.45724,22.05456,21.25537,21.4058,7865,301,3,19,1.0511512435651e+19,GALAXY,0.7506251,9336,57723,403
1.237679255206626e+18,30.556305857678,-3.69210168680411,23.80515,22.83382,22.23396,22.00587,22.15851,7865,301,5,118,1.0501427715001e+19,QSO,0.236806,9327,57723,579
1.2376794334517002e+18,15.9676873544609,-3.5500342085724,19.03247,18.96241,18.75151,18.84394,18.93683,7907,301,1,178,1.0511590226098672e+19,QSO,1.335883,9336,57723,686
1.237663917875856e+18,117.143032063032,51.3695169338535,21.23373,20.99344,20.96427,20.65148,20.19072,4294,301,5,79,9.352964730044832e+18,QSO,2.033861,8307,57723,415
1.237663918413448e+18,117.782555688279,52.9948492774878,26.43664,23.08344,21.53948,20.42985,19.74268,4294,301,6,90,9.353001563684362e+18,GALAXY,0.5736703,8307,57723,549
1.2376788896002217e+18,38.489652979378,-1.93741744023337,23.2943,22.10776,21.4573,20.93895,20.79984,7780,301,4,159,1.04857423569971e+19,GALAXY,0.8439056,9313,57723,860
1.2376637890295895e+18,118.784146009973,53.7037037866139,21.61988,21.3592,21.45221,21.35827,21.28166,4264,301,5,121,9.353077155108772e+18,QSO,1.925889,8307,57723,824
1.2376792551998758e+18,15.1052904047433,-4.11971765229417,22.74642,23.13276,22.13294,21.76042,21.84234,7865,301,5,15,1.0511533326371936e+19,GALAXY,0.8501005,9336,57723,479
1.23767925466366e+18,16.5117766542108,-4.51152548109226,24.43414,23.72679,23.48032,22.82177,21.54552,7865,301,4,25,1.0511427773255668e+19,GALAXY,0.2763542,9336,57723,95
1.237678889600615e+18,39.4579685216015,-1.97484029317313,22.89627,21.72628,21.42183,20.96653,20.19732,7780,301,4,165,1.0485512009311082e+19,GALAXY,0.9538659,9313,57723,22
1.2376637890283443e+18,116.766737567337,51.1573287492872,23.67072,21.9793,20.46189,18.82378,17.94322,4264,301,5,102,9.352971876870412e+18,STAR,0.0001394539,8307,57723,441
1.2376639184126612e+18,116.591932755273,51.2947507364776,21.77257,21.83663,21.27859,21.33705,21.22654,4294,301,6,78,9.352973526137852e+18,QSO,1.284772,8307,57723,447
1.237663787955258e+18,119.136852153267,52.1014172101307,21.98314,22.02109,21.70012,21.44729,21.11113,4264,301,3,112,9.35288144203903e+18,QSO,1.227166,8307,57723,112
1.2376793233896904e+18,15.415429104513,-4.77016592522844,21.55274,22.11824,21.50507,20.71129,20.55783,7881,301,4,125,1.0511513535162636e+19,GALAXY,0.7902549,9336,57723,407
1.237663789028476e+18,116.796843764689,51.4169290272676,23.41526,23.37552,22.29847,21.09155,19.93817,4264,301,5,104,9.35297847394018e+18,GALAXY,0.8682798,8307,57723,465
1.237679255200662e+18,16.8221666515091,-4.06088383191583,24.05894,22.78991,22.19332,21.72408,21.99405,7865,301,5,27,1.0511429697401e+19,GALAXY,0.7179474,9336,57723,102
1.2376792552003338e+18,16.0371943926237,-4.18840752310339,22.84396,23.33815,22.75006,21.66911,21.96994,7865,301,5,22,1.05114843981045e+19,GALAXY,0.8579199,9336,57723,301
1.23767932339028e+18,16.7643177170164,-4.81377067089653,23.41636,22.23637,21.5142,20.83752,22.68092,7881,301,4,134,1.051145086299985e+19,GALAXY,0.7302641,9336,57723,179
1.237679433451308e+18,15.0774199320274,-3.69693236355061,25.57218,22.74961,22.40789,21.30388,20.70878,7907,301,1,172,1.0511547894901e+19,GALAXY,0.7638919,9336,57723,532
1.2376637884920632e+18,118.292307827888,52.1319603295187,20.38702,20.16883,20.02707,19.97983,19.76484,4264,301,4,111,9.352915801777398e+18,QSO,0.974796,8307,57723,237
1.237679254663856e+18,17.0492099170151,-4.54777773895792,23.62364,24.15573,22.83459,22.74331,22.21863,7865,301,4,28,1.0511417877651e+19,GALAXY,1.004175,9336,57723,59
1.237679255200793e+18,17.1639051011149,-4.08486223881462,23.83981,22.9234,22.42486,21.87165,21.38826,7865,301,5,29,1.051142227569753e+19,GALAXY,0.7772893,9336,57723,75
1.2376793228595044e+18,30.8620855805791,-4.74227091439539,24.1309,22.05203,21.30674,20.79833,21.38306,7881,301,3,227,1.050136091966966e+19,GALAXY,0.8119928,9327,57723,336
1.2376793228595044e+18,30.8719120463075,-4.82395650325962,25.57881,22.41454,22.18742,21.5822,21.2979,7881,301,3,227,1.0501359270402216e+19,GALAXY,0.7256345,9327,57723,330
1.237663789029131e+18,118.289655723326,52.7446902945271,23.98912,22.13229,21.47014,21.33262,20.82888,4264,301,5,114,9.353049667318075e+18,STAR,-0.0001759186,8307,57723,724
1.2376793244642836e+18,17.3881292798134,-4.04490560943894,22.76917,22.32106,21.13429,20.48366,20.42617,7881,301,6,138,1.0511412654970788e+19,GALAXY,0.6733359,9336,57723,40
1.2376792552008591e+18,17.3146355976184,-4.20885639557447,22.17627,22.5661,22.27099,21.26825,20.34892,7865,301,5,30,1.0511411830337067e+19,GALAXY,0.9347683,9336,57723,37
1.2376637884917353e+18,117.678523191198,51.5437374481113,21.14071,20.57748,20.01048,19.82083,19.85666,4264,301,4,106,9.352944389079716e+18,QSO,1.353657,8307,57723,341
1.237679255200072e+18,15.4493895019149,-4.20063072570201,23.14867,22.20162,21.56795,21.0936,20.49335,7865,301,5,18,1.0511522606133563e+19,QSO,0.7740263,9336,57723,440
1.237679255200662e+18,16.8264943116383,-4.25570846037033,24.20719,22.56837,21.8608,21.42586,21.11787,7865,301,5,27,1.051143217130218e+19,GALAXY,1.009057,9336,57723,111
1.237663917875856e+18,117.158185629961,51.2817094474942,22.37347,22.0123,22.11201,21.68024,22.20193,4294,301,5,79,9.35296308077739e+18,QSO,1.729186,8307,57723,409
1.2376607653813294e+18,145.619483413798,38.3198665459246,23.2114,24.75648,21.67605,20.49435,19.76833,3560,301,5,254,9.979119009894e+18,GALAXY,0.6542972,8863,57724,975
1.2376792552125243e+18,43.9373685880476,-3.18350017040399,25.80891,22.68108,22.16484,21.07662,20.75322,7865,301,5,208,1.0482336069991e+19,GALAXY,0.8126757,9310,57724,756
1.2376799982342643e+18,340.937243071576,-1.65810748137007,23.9851,22.58682,22.11474,21.14533,21.00336,8038,301,5,92,1.0378638104718496e+19,GALAXY,0.8860191,9218,57724,337
1.2376607648434757e+18,143.378782773778,36.8241012620673,24.77273,23.06084,22.03112,20.72309,19.83566,3560,301,4,239,9.978969751190524e+18,STAR,-9.479361e-05,8863,57724,432
1.2376607648444582e+18,145.789592879199,37.988132096494,20.80883,20.84006,20.61235,20.43658,20.55286,3560,301,4,254,9.97911048867888e+18,QSO,1.488704,8863,57724,944
1.237679998234329e+18,341.176645236602,-1.73805655804432,24.10383,23.38052,22.71627,21.80038,20.9474,8038,301,5,93,1.03786144652185e+19,GALAXY,0.8894231,9218,57724,251
1.237679322865402e+18,44.2465242012392,-4.09761537683416,23.03576,23.04375,21.92217,21.49276,21.05979,7881,301,3,317,1.0482181863485231e+19,GALAXY,0.8446154,9310,57724,195
1.237663463145669e+18,354.222181172377,1.15351791061452,22.77507,22.67474,22.25125,21.72303,21.99927,4188,301,6,71,1.0359638543790529e+19,GALAXY,0.7717558,9201,57724,849
1.2376634787248215e+18,339.96737128322,-0.413464371720309,23.17074,23.63746,22.66252,22.52141,21.98549,4192,301,3,222,1.0378688957131282e+19,GALAXY,0.8606555,9218,57724,522
1.2376793244644805e+18,17.9397523712041,-3.85422753744607,25.37779,23.07504,21.08672,20.28737,20.97402,7881,301,6,141,1.0512718599923456e+19,GALAXY,0.7474897,9337,57724,695
1.237679255201317e+18,18.2912343857163,-4.09327856495373,23.66251,22.84771,21.99518,21.02773,20.67195,7865,301,5,37,1.0512592430964169e+19,GALAXY,0.7464008,9337,57724,236
1.2376793233910666e+18,18.6621414065177,-4.6936378716762,25.71368,23.16412,22.10745,22.15689,21.64181,7881,301,4,146,1.0512565767807195e+19,GALAXY,0.9250597,9337,57724,139
1.237679254138061e+18,42.3814487510798,-4.05665350495072,24.87979,23.18038,22.74343,22.25786,21.81074,7865,301,3,197,1.0482271198805e+19,GALAXY,0.6218855,9310,57724,520
1.2376792552012518e+18,18.1441745889202,-4.21682094972592,26.09245,22.99563,22.25681,21.96674,22.18743,7865,301,5,36,1.0512591606330448e+19,GALAXY,1.273772,9337,57724,233
1.2376794404291876e+18,44.2217101994984,-4.98093143948172,22.44063,22.30114,21.39742,20.62479,20.46914,7908,301,6,150,1.0482173617148e+19,GALAXY,0.8871896,9310,57724,165
1.237660765380346e+18,143.133505965886,37.3193171664534,20.76522,20.61308,20.71137,20.52874,20.40191,3560,301,5,239,9.978998888248662e+18,QSO,2.128536,8863,57724,538
1.2376634792618235e+18,340.227915878979,0.12183248501853,23.06318,22.76982,22.1677,22.03987,21.93488,4192,301,4,224,1.0378695004445235e+19,GALAXY,0.8671795,9218,57724,544
1.2376607648436065e+18,143.624395298567,37.0139052618937,21.09445,21.22935,20.6988,20.53954,20.19984,3560,301,4,241,9.978959855585876e+18,QSO,1.255512,8863,57724,396
1.2376607648443927e+18,145.68605745643,37.8610350523291,22.06426,21.99342,21.90514,21.71506,22.578,3560,301,4,253,9.979111038434695e+18,QSO,1.526138,8863,57724,946
1.2376618509187812e+18,144.247340267408,36.9977070007965,21.84997,21.65018,21.65435,21.11619,21.13339,3813,301,3,17,9.9789252209696e+18,QSO,1.65114,8863,57724,270
1.237679255200859e+18,17.3612161679324,-4.24677709289905,22.42434,22.50011,21.65613,20.95306,20.78275,7865,301,5,30,1.05126452075223e+19,GALAXY,0.9825507,9337,57724,428
1.2376634792619543e+18,340.5069570391,0.0263969111310658,22.51528,22.11444,21.84688,21.48734,21.28729,4192,301,4,226,1.0378708473462675e+19,GALAXY,0.8350608,9218,57724,593
1.2376607653812644e+18,145.478263000886,38.1157963265898,23.63733,25.85078,22.0311,20.65993,19.3529,3560,301,5,253,9.97908822356842e+18,QSO,0.1178586,8863,57724,863
1.237679255201317e+18,18.2654156966628,-4.12813396066609,22.85877,21.70069,21.41131,20.98783,20.11531,7865,301,5,37,1.0512591881208357e+19,GALAXY,0.9988489,9337,57724,234
1.237663463146e+18,354.870719094801,1.16390582193054,22.8863,22.63638,22.07714,21.47265,21.68834,4188,301,6,76,1.0359674003040524e+19,GALAXY,0.694202,9201,57724,978
1.237679322865271e+18,43.9657882182503,-4.24451417196116,22.61536,22.70916,22.18174,21.78792,21.91641,7881,301,3,315,1.048219203396779e+19,GALAXY,0.0,9310,57724,232
1.2376634626082737e+18,352.931860417557,0.766988255809702,22.53513,22.37065,21.81286,20.95929,20.64933,4188,301,5,63,1.0359530791651e+19,GALAXY,0.7425374,9201,57724,457
1.237660962942681e+18,145.420037316694,38.4950044439772,22.22469,21.72989,21.7109,21.36,21.39239,3606,301,5,145,9.9791033418533e+18,QSO,1.628706,8863,57724,918
1.2376793228656645e+18,44.9811596583021,-4.12714169757672,22.29914,22.51274,21.77274,21.42307,20.93941,7881,301,3,321,1.0482132110584076e+19,GALAXY,0.8202436,9310,57724,14
1.2376634626088635e+18,354.29355929565,0.738266983324903,25.06363,22.64866,22.10977,20.99452,20.76803,4188,301,5,72,1.035944667901148e+19,GALAXY,0.8301004,9201,57724,151
1.237660962942616e+18,145.37705193358,38.3473716714519,22.58263,22.27092,21.52323,20.44473,19.54168,3606,301,5,144,9.979091522103302e+18,STAR,-0.0002715692,8863,57724,875
1.237663462608602e+18,353.790073584033,0.795753449228382,23.30486,22.60821,22.113,21.5049,21.84363,4188,301,5,68,1.0359481313627757e+19,GALAXY,0.8294948,9201,57724,277
1.2376637841945403e+18,353.555906958631,0.0059167957461075,22.72542,22.65455,23.26151,21.54554,21.68573,4263,301,4,72,1.0359474441680085e+19,GALAXY,0.9150364,9201,57724,252
1.2376607653804774e+18,143.413302761415,37.359480368087,23.82369,21.74379,21.4867,21.73457,21.92748,3560,301,5,241,9.979020878481215e+18,QSO,2.863511,8863,57724,618
1.2376634626080115e+18,352.385776487506,0.670758884363146,24.61059,23.0802,21.91366,21.16421,20.84983,4188,301,5,59,1.0359540687255656e+19,GALAXY,0.8714983,9201,57724,493
1.2376607653802803e+18,142.978337104312,37.2163660333188,18.90479,17.66339,17.76094,17.8446,17.97161,3560,301,5,238,9.97899284093471e+18,STAR,0.0005277944,8863,57724,516
1.2376792552014484e+18,18.6569437569981,-4.19438868338518,23.80996,22.88288,22.64619,21.58413,21.5236,7865,301,5,39,1.0512569066342078e+19,GALAXY,0.1922409,9337,57724,151
1.237660765380215e+18,142.699267233911,37.1479969640031,20.81892,20.52342,20.01667,19.96528,20.04307,3560,301,5,237,9.978993390690523e+18,QSO,1.376664,8863,57724,518
1.2376607653808049e+18,144.367359177447,37.7998886431474,19.95858,19.74741,19.55736,19.34044,19.29446,3560,301,5,246,9.979060735777724e+18,QSO,1.857536,8863,57724,763
1.2376794404289912e+18,43.8528769471578,-4.98243865617971,24.02307,23.21659,22.70642,21.96435,21.72228,7908,301,6,147,1.0482195057624766e+19,GALAXY,0.9305025,9310,57724,243
1.2376637841948685e+18,354.220800076907,0.0268842346023365,25.45127,22.56502,21.92021,21.11537,20.85933,4263,301,4,77,1.0359451626813809e+19,GALAXY,0.8299445,9201,57724,169
1.2376637836578004e+18,353.822829855283,-0.253504235894919,24.22041,22.20898,21.35411,20.799,20.41289,4263,301,3,74,1.0359467569732407e+19,GALAXY,0.6916436,9201,57724,227
1.2376607653804116e+18,143.236659569169,37.2767479711025,20.92841,20.71076,20.26995,20.02424,19.90594,3560,301,5,240,9.979010433120752e+18,GALAXY,0.6761118,8863,57724,580
1.237660962404631e+18,142.784610559521,36.8771215235855,26.25059,24.08521,21.89529,20.77862,19.67914,3606,301,4,127,9.978983220207966e+18,GALAXY,0.8410851,8863,57724,481
1.2376607648440655e+18,144.887284307158,37.6048196315583,23.34743,23.51272,21.81907,20.48452,19.7176,3560,301,4,248,9.979086024545163e+18,GALAXY,0.6114776,8863,57724,855
1.237679255200924e+18,17.3860448422581,-4.25187870554917,23.50394,22.9272,22.69609,21.89382,22.22504,7865,301,5,31,1.0512644932644395e+19,GALAXY,0.8715364,9337,57724,427
1.237663462608602e+18,353.756589939481,0.712268719959805,22.25653,23.03008,22.18641,21.45108,21.23282,4188,301,5,68,1.0359485161918452e+19,GALAXY,0.8849876,9201,57724,291
1.2376737002083456e+18,42.8306474189115,-4.07774646227072,23.22937,22.40648,21.83879,21.60742,21.18729,6572,301,2,195,1.0482258004665457e+19,GALAXY,1.039181,9310,57724,472
1.2376607648443924e+18,145.713206745623,37.7406093357494,18.64085,17.80204,17.5341,17.42327,17.39815,3560,301,4,253,9.979112137946325e+18,STAR,0.0004135093,8863,57724,950
1.23766185091865e+18,143.879339606119,36.839979263289,22.22965,21.74082,21.57045,21.50639,21.89281,3813,301,3,15,9.978946661446345e+18,QSO,1.774973,8863,57724,348
1.2376634626080123e+18,352.450171406028,0.668743900251337,22.46082,22.3234,21.88567,20.86357,21.17165,4188,301,5,59,1.0359539587744e+19,GALAXY,0.7850012,9201,57724,489
1.2376634787254776e+18,341.543639936582,-0.227843548960876,23.19473,22.62104,22.12715,20.82741,20.87603,4192,301,3,232,1.0378786538788248e+19,GALAXY,0.8705431,9218,57724,877
1.2376634792623483e+18,341.471199474123,0.0438984364518477,22.78095,23.35488,22.93931,21.7552,21.75199,4192,301,4,232,1.0378773344648714e+19,GALAXY,0.8226315,9218,57724,829
1.237663479262348e+18,341.509163510464,0.0868569524090461,22.09963,22.40006,21.87619,21.76946,22.03442,4192,301,4,232,1.03787727948929e+19,GALAXY,1.386497,9218,57724,827
1.2376607653808704e+18,144.440170350056,37.7917719840786,21.65739,21.61646,21.21181,21.34794,21.15995,3560,301,5,247,9.979035721888193e+18,QSO,1.082115,8863,57724,672
1.2376634792624788e+18,341.713793563723,0.205553127548543,24.32498,23.63838,23.70229,22.72216,21.70583,4192,301,4,234,1.0378794785125456e+19,GALAXY,0.7227763,9218,57724,907
1.2376736996723924e+18,44.6103068490334,-3.0124954782562,23.52903,23.19941,22.46345,22.21731,21.23815,6572,301,1,209,1.0482376202165445e+19,GALAXY,0.7622381,9310,57724,902
1.237663479261693e+18,339.988054566031,0.0018518504970761,23.54698,23.41421,23.01427,22.48043,22.17123,4192,301,4,222,1.0378696378834768e+19,GALAXY,0.8263109,9218,57724,549
1.2376618509194363e+18,145.805036997095,37.7736377032026,21.25634,22.83858,22.14681,22.35187,19.87135,3813,301,3,27,9.979111863068416e+18,STAR,0.000361264,8863,57724,949
1.2376792552009897e+18,17.5386730285341,-4.20871523905747,24.77675,22.39477,22.21038,21.57502,20.94653,7865,301,5,32,1.0512633937528115e+19,GALAXY,1.030009,9337,57724,387
1.2376793244642844e+18,17.4539859456309,-4.03829504733346,22.69698,23.15955,22.23563,21.68287,21.72886,7881,301,6,138,1.0512637510940908e+19,GALAXY,0.7589502,9337,57724,400
1.2376607643066703e+18,143.795712483555,36.551481501704,25.77338,26.36438,21.80899,20.54483,19.78458,3560,301,3,240,9.978943088033552e+18,GALAXY,0.7601836,8863,57724,335
1.2376634626087977e+18,354.24809017691,0.64540442840656,19.98921,19.11024,18.91711,18.84371,18.85591,4188,301,5,71,1.0359444479988226e+19,QSO,2.717533,9201,57724,143
1.237663462608602e+18,353.728947010754,0.768892778916909,22.75537,22.53428,21.14993,20.93328,19.788,4188,301,5,68,1.0359485986552177e+19,GALAXY,0.9857135,9201,57724,294
1.2376793244639567e+18,16.6122812645955,-4.0067801158242,26.58558,22.29029,21.06424,20.52756,20.01516,7881,301,6,133,1.051267049628974e+19,GALAXY,0.9104536,9337,57724,520
1.2376607653808049e+18,144.333810026299,37.7510783033538,25.46803,23.61919,22.00706,20.70951,19.90856,3560,301,5,246,9.979064034312608e+18,GALAXY,0.7895848,8863,57724,775
1.2376634626086016e+18,353.774689763831,0.74580198406218,22.14933,22.11959,21.7193,21.50237,20.4675,4188,301,5,68,1.0359481588505663e+19,GALAXY,0.8937283,9201,57724,278
1.2376736996716055e+18,43.2187925941118,-4.17868751570383,22.15656,22.4647,22.74876,20.90425,22.15422,6572,301,1,197,1.0482236289310808e+19,GALAXY,0.8679098,9310,57724,393
1.237679322865468e+18,44.4813839934997,-4.0878225840637,22.40748,22.72704,22.03136,21.67872,20.868,7881,301,3,318,1.0482160697886398e+19,GALAXY,1.007567,9310,57724,118
1.2376792552011863e+18,18.0554548746691,-4.18087651852037,22.46021,22.05205,21.42999,20.82032,20.59772,7865,301,5,35,1.0512601776813e+19,GALAXY,0.8432527,9337,57724,270
1.2376786174152545e+18,354.154577826565,1.33924206370276,22.85474,23.17808,22.55294,22.00094,21.36663,7717,301,1,290,1.03596374442789e+19,GALAXY,1.01985,9201,57724,845
1.2376794345261632e+18,17.5723403774098,-2.78244785966971,23.14759,22.39135,21.47204,20.89397,20.65547,7907,301,3,189,1.0512700457981596e+19,GALAXY,0.6660438,9337,57724,629
1.2376607653812636e+18,145.394327616923,38.2637927944477,21.37084,21.79718,21.0423,21.09122,21.12644,3560,301,5,253,9.979092896492837e+18,QSO,1.314045,8863,57724,880
1.2376634631456036e+18,354.064321244949,1.0515976595667,22.57129,22.02945,21.58635,21.12529,20.49942,4188,301,6,70,1.035964101769169e+19,GALAXY,0.986551,9201,57724,858
1.2376737002084111e+18,42.8846020028206,-3.86529133472354,22.77704,22.64141,22.16638,21.03477,21.0901,6572,301,2,196,1.0482285492456151e+19,GALAXY,0.8275541,9310,57724,572
1.2376792541389133e+18,44.2718724354806,-4.08099786270651,23.11669,22.59125,21.98513,21.08036,20.3952,7865,301,3,210,1.0482182413241e+19,GALAXY,0.7592437,9310,57724,197
1.2376634787253463e+18,341.143165133929,-0.238146565498756,22.70333,23.20024,22.55569,21.53555,21.63737,4192,301,3,230,1.037875382831732e+19,GALAXY,0.8233995,9218,57724,758
1.2376607648434757e+18,143.409292899981,36.8380475054859,25.95157,21.57487,20.12375,19.65304,19.31714,3560,301,4,239,9.978971950213782e+18,STAR,9.060801e-06,8863,57724,440
1.2376634787254776e+18,341.502909254233,-0.308396891472901,25.00198,23.11789,22.43975,21.29501,21.33819,4192,301,3,232,1.0378776918061505e+19,QSO,1.830383,9218,57724,842
1.237660765381e+18,144.833892521198,37.9657392974819,18.70697,17.77187,17.49082,17.42974,17.39066,3560,301,5,249,9.97907090626028e+18,STAR,0.0006504379,8863,57724,800
1.2376607653806085e+18,143.827939587794,37.4897135532024,20.53135,20.54674,20.5093,20.26725,20.10078,3560,301,5,243,9.979027475550984e+18,QSO,1.784896,8863,57724,642
1.237663479262283e+18,341.281428877234,0.0364722493404179,22.41995,22.79935,22.77251,21.22823,23.61202,4192,301,4,231,1.0378763449044064e+19,GALAXY,0.8412451,9218,57724,793
1.2376792552005967e+18,16.7609135989485,-4.1263576175819,23.32627,22.72028,22.485,21.82934,21.87481,7865,301,5,26,1.051266389922e+19,GALAXY,0.7661564,9337,57724,496
1.2376794334524877e+18,17.8072206445366,-3.51157156324288,23.12288,22.29991,22.06716,21.1215,19.7974,7907,301,1,190,1.0512716675778107e+19,GALAXY,0.8426751,9337,57724,688
1.2376609613309545e+18,143.476055572984,36.1983111671353,23.45192,23.06638,21.07832,19.96474,19.23532,3606,301,2,128,9.978962879242852e+18,GALAXY,0.6869178,8863,57724,407
1.237663462608471e+18,353.490269995748,0.635689711331277,22.17066,22.12899,22.18715,21.83817,20.84286,4188,301,5,66,1.0359496706790543e+19,GALAXY,1.000415,9201,57724,333
1.237663463145603e+18,354.000564637096,1.19396585539921,22.93385,22.77262,22.09554,21.15272,20.41391,4188,301,6,70,1.0359628098430065e+19,GALAXY,0.8703868,9201,57724,811
1.2376634626088635e+18,354.358933943942,0.685251867966074,24.17238,22.43709,22.15689,21.41608,22.75876,4188,301,5,72,1.0359437608040552e+19,GALAXY,0.8700167,9201,57724,118
1.2376794334530772e+18,19.0760956510738,-3.59572835332863,22.78097,23.07209,22.44304,21.90025,20.97424,7907,301,1,199,1.0512784295743216e+19,GALAXY,0.9732406,9337,57724,934
1.237660764843934e+18,144.481315650158,37.3530939489187,22.71478,22.25487,21.03319,20.01511,19.30427,3560,301,4,246,9.978916149998672e+18,QSO,0.5609555,8863,57724,237
1.2376792552011208e+18,17.8214969620768,-4.105211440014,23.02794,23.01484,22.41541,22.06219,21.7385,7865,301,5,34,1.051262294241184e+19,GALAXY,1.087705,9337,57724,347
1.237673700208411e+18,42.8478173067707,-4.0132231959091,24.90522,22.08735,21.20315,20.67476,20.42972,6572,301,2,196,1.04822874166015e+19,GALAXY,0.823261,9310,57724,579
1.2376634792623475e+18,341.451022763646,0.164804878802667,22.61347,22.57971,22.02154,21.65656,21.26358,4192,301,4,232,1.037877114562546e+19,GALAXY,0.9533698,9218,57724,821
1.237666338116994e+18,20.6221384705087,-1.03763577979142,22.88565,23.10579,22.60167,21.46753,21.32916,4858,301,1,492,1.0502614912748247e+19,GALAXY,0.9073918,9328,57727,802
1.2376637831330537e+18,21.4352932549145,-0.772128668576484,23.68603,23.25763,22.04563,22.00283,21.32579,4263,301,2,259,1.0502656694190105e+19,GALAXY,0.05051336,9328,57727,954
1.2376788799632184e+18,37.3195394740104,-2.68798580810283,23.3691,22.71172,22.6395,21.92867,21.28982,7778,301,2,566,1.0485620311273527e+19,GALAXY,0.8486192,9313,57727,416
1.2376788896000904e+18,38.2826023565414,-1.88652937064787,19.02294,18.31917,18.19117,18.16107,17.95799,7780,301,4,157,1.0485731361947933e+19,QSO,2.399488,9313,57727,820
1.2376663381164042e+18,19.2557612307265,-0.95272412593957,23.43533,22.41079,21.92916,21.01149,21.8651,4858,301,1,483,1.0502532999132e+19,GALAXY,0.9222184,9328,57727,504
1.23766633865334e+18,19.4015014068427,-0.533342280632456,23.32761,22.25908,21.49354,21.07273,20.30001,4858,301,2,484,1.050254536863779e+19,GALAXY,0.9669803,9328,57727,549
1.237678879963415e+18,37.84757134536,-2.56103422894148,22.89017,22.8602,21.50181,21.45396,20.5381,7778,301,2,569,1.0485588700314229e+19,GALAXY,0.3687258,9313,57727,301
1.237666338116928e+18,20.4591126190727,-0.919035495742735,22.73824,22.13284,22.57561,22.08353,21.29984,4858,301,1,491,1.0502592372759876e+19,GALAXY,0.8487519,9328,57727,720
1.2376788895920294e+18,19.7789260567607,-2.27976555827908,23.80666,22.5151,21.86364,21.02556,20.17949,7780,301,4,34,1.0502509359632e+19,GALAXY,0.776472,9328,57727,418
1.237678889600549e+18,39.2969205050659,-1.90924114084537,24.07994,22.41741,21.93196,21.63878,21.81598,7780,301,4,164,1.0485516407424702e+19,GALAXY,1.116174,9313,57727,38
1.237679434527474e+18,20.607356599916,-2.64064365429022,22.64088,22.21705,21.77366,21.71617,21.53337,7907,301,3,209,1.0502450535759897e+19,GALAXY,0.7366505,9328,57727,204
1.2376788895995008e+18,36.8231672947442,-2.08675391562273,23.51105,22.273,21.66464,20.96508,20.90762,7780,301,4,148,1.048564340101771e+19,GALAXY,0.7311172,9313,57727,500
1.237663782595986e+18,21.061706121727,-1.08938155614151,24.08157,22.89909,22.54079,21.93926,21.87487,4263,301,1,256,1.0502638277370335e+19,GALAXY,0.7586015,9328,57727,887
1.237678889592423e+18,20.7029177409105,-2.25063412586111,23.00635,22.20926,21.46645,20.74986,20.17334,7780,301,4,40,1.0502440915033151e+19,GALAXY,0.4843729,9328,57727,169
1.2376637826033915e+18,37.9565520521945,-1.1845892576639,22.84938,22.62527,22.85454,21.41978,20.9956,4263,301,1,369,1.0485702499767704e+19,GALAXY,0.7357653,9313,57727,715
1.2376663381164692e+18,19.4792974810036,-0.947995362985725,23.01849,23.04548,21.9197,21.35656,20.58392,4858,301,1,484,1.0502559387411e+19,GALAXY,0.6969329,9328,57727,600
1.237678890665968e+18,20.28415679723,-1.49216537717833,25.29873,23.4982,22.56664,22.11007,22.22563,7780,301,6,37,1.0502586325445925e+19,QSO,1.172959,9328,57727,698
1.237678889592357e+18,20.5862288581918,-2.2270425542467,22.65973,22.73979,22.07545,22.15375,21.28904,7780,301,4,39,1.0502453284539e+19,GALAXY,0.991741,9328,57727,214
1.23766633865334e+18,19.4089199897721,-0.438862680012265,22.51027,22.7587,22.2378,21.77806,21.16616,4858,301,2,484,1.0502543169614537e+19,GALAXY,0.9167365,9328,57727,541
1.2376788895996316e+18,37.1402065782011,-2.07922487654607,23.39959,22.3077,21.79614,20.77553,20.96118,7780,301,4,150,1.0485637903459572e+19,GALAXY,0.7743799,9313,57727,480
1.2376788896003528e+18,38.7858381894171,-1.99337606870033,22.87425,22.67872,21.99873,21.54568,20.54203,7780,301,4,161,1.0485537847901444e+19,GALAXY,0.8370073,9313,57727,116
1.2376788895926853e+18,21.3621641774427,-2.35281046651821,23.16258,22.98734,21.91381,21.41573,20.40148,7780,301,4,44,1.0502421398701758e+19,QSO,0.4895879,9328,57727,98
1.23765707008993e+18,37.8702704947934,-0.601735205148813,24.18908,23.33087,23.07935,22.09715,21.97479,2700,301,2,118,1.0485689030750263e+19,GALAXY,1.21402,9313,57727,666
1.2376637825955927e+18,20.0696522753149,-1.21767527601446,22.39879,22.95814,22.51963,20.69131,21.46557,4263,301,1,250,1.050257230667267e+19,GALAXY,0.918237,9328,57727,647
1.237657070090257e+18,38.5775290443965,-0.513549684365016,24.24492,22.75213,22.27197,21.58121,21.32963,2700,301,2,123,1.0485732736337467e+19,GALAXY,0.9913976,9313,57727,825
1.2376788895922918e+18,20.4224392824412,-2.29655735410935,22.91433,22.59613,21.82159,21.06106,20.97037,7780,301,4,38,1.0502465104289e+19,GALAXY,0.7546422,9328,57727,257
1.2376786222447337e+18,39.8483033218275,3.55760940329071,26.51218,22.49687,21.92923,22.11838,22.08313,7718,301,2,254,1.060375431447972e+19,QSO,0.8705207,9418,57728,105
1.237678622244734e+18,39.7386375114325,3.50717614099756,26.03595,22.92491,22.02455,20.67198,20.66685,7718,301,2,254,1.0603755413991348e+19,GALAXY,0.7664615,9418,57728,109
1.237680314451756e+18,27.8728833869678,29.9523783817763,23.59721,23.13157,21.83556,20.48948,19.63936,8112,301,2,100,8.710125361344828e+18,GALAXY,0.7938054,7736,57728,595
1.237678622244537e+18,39.3269171963663,3.51384014348371,24.53649,22.9725,22.08284,21.91073,21.46786,7718,301,2,251,1.0603776579590185e+19,GALAXY,0.4279192,9418,57728,186
1.2376786619780303e+18,39.3193323810881,4.19526573589028,21.97196,22.05114,21.26814,20.65224,20.37628,7727,301,4,328,1.0603960198032e+19,GALAXY,0.7974997,9418,57728,854
