obj_ID,alpha,delta,u,g,r,i,z,run_ID,rerun_ID,cam_col,field_ID,spec_obj_ID,class,redshift,plate,MJD,fiber_ID
1.2376621945232428e+18,174.806395156935,41.9781405142008,21.7474,21.78963,21.62636,21.5579,21.30901,3893,301,3,125,9.422856556490543e+18,QSO,1.458189,8369,57451,728
1.2376613559258977e+18,159.828151908518,43.5277352023281,20.94063,20.81091,20.64437,20.29596,20.42587,3698,301,1,49,9.410378748782727e+18,QSO,1.573088,8358,57451,390
1.2376607653680916e+18,116.707292937994,21.1037446987506,23.18057,22.59214,23.16376,22.50114,21.32944,3560,301,5,52,1.008267898187706e+19,GALAXY,0.8530591,8955,57451,892
1.237660772883235e+18,152.448320043198,39.6916015461777,20.95871,20.78374,20.36857,20.39039,20.29158,3562,301,3,36,9.936318865935194e+18,QSO,1.238547,8825,57451,917
1.2376619668893207e+18,172.907765268966,41.5493435212522,20.46257,20.2613,20.14232,20.04654,20.06521,3840,301,3,115,9.42280405481032e+18,QSO,1.665791,8369,57451,537
1.2376607728831693e+18,152.064786757933,39.6772883117108,22.02481,21.92047,21.68141,21.59079,22.36055,3562,301,3,35,9.936307870818916e+18,QSO,1.807537,8825,57451,877
1.237662194523636e+18,176.130680833827,42.1028246511049,20.18329,20.08043,19.86734,19.79746,19.84652,3893,301,3,131,9.42292802474635e+18,QSO,1.41917,8369,57451,988
1.2376609586406372e+18,115.338172757159,20.2663868529437,22.84071,22.45684,21.96407,21.36525,20.89602,3605,301,5,37,1.0082542092679404e+19,GALAXY,0.8991242,8955,57451,394
1.2376619658158415e+18,173.980748893825,40.7676971521663,24.4994,23.87411,22.29074,20.6126,19.90836,3840,301,1,119,9.42275622605451e+18,GALAXY,0.7305499,8369,57451,363
1.237660763235353e+18,150.566493256263,38.2692002161744,24.34642,23.04974,21.54563,20.28205,19.24375,3560,301,1,277,9.936184450638698e+18,STAR,-0.000116195,8825,57451,428
1.2376609581035044e+18,115.25713214524,19.5032713384785,23.2759,23.0599,21.89798,21.26267,21.73729,3605,301,4,33,1.008254511633638e+19,GALAXY,0.6736658,8955,57451,405
1.2376607728827763e+18,151.061770457148,39.4312267437157,21.24212,21.49441,21.30483,21.44988,21.17383,3562,301,3,29,9.936253719871248e+18,QSO,1.281626,8825,57451,680
1.2376607728831695e+18,152.054298488666,39.6946370086317,20.90454,20.6259,20.55048,20.31016,20.36315,3562,301,3,35,9.936307321063102e+18,QSO,1.61503,8825,57451,875
1.2376607648308275e+18,116.371705307404,20.1370032064659,23.16092,22.31764,21.67904,21.14472,20.36304,3560,301,4,46,1.0082484368318943e+19,GALAXY,0.6562574,8955,57451,184
1.2376607659043072e+18,115.227140793309,20.3714413280669,22.84854,22.66115,22.68279,21.85423,22.12852,3560,301,6,42,1.0082543741946843e+19,GALAXY,0.9746162,8955,57451,400
1.2376613559268147e+18,162.606250563854,44.0683237776408,21.6974,21.43864,21.22323,20.87305,20.58262,3698,301,1,63,9.410545874550151e+18,QSO,1.738022,8358,57451,998
1.237660957566895e+18,115.96707713512,19.6199356919057,23.6078,22.60508,22.24177,21.31633,21.05784,3605,301,3,37,1.0082503334894524e+19,GALAXY,0.844359,8955,57451,253
1.237661966352647e+18,173.618446903184,41.1893634506915,23.82496,23.6357,21.53571,20.27965,19.61244,3840,301,2,118,9.422774917752185e+18,GALAXY,0.759581,8369,57451,431
1.2376607653681567e+18,116.962714506579,21.1664243021654,22.627,22.24191,21.69708,21.00393,20.42074,3560,301,5,53,1.0082688052848e+19,GALAXY,0.7334932,8955,57451,925
1.2376619668897797e+18,174.321036852165,41.7456794717556,21.21042,21.07004,21.0068,20.80416,20.93308,3840,301,3,122,9.422852983077757e+18,QSO,1.702909,8369,57451,715
1.237662194522915e+18,173.929013061894,41.8602376737145,21.32089,20.99768,20.78449,20.62961,20.59972,3893,301,3,120,9.422827419432407e+18,QSO,0.8506316,8369,57451,622
1.2376621945232428e+18,174.927623389283,41.9024245255293,20.90196,20.67312,20.58916,20.36783,20.21038,3893,301,3,125,9.422855456978915e+18,QSO,1.530378,8369,57451,724
1.237660764831286e+18,117.108400552603,20.8173842745782,22.07178,22.52561,21.86837,21.33311,21.22908,3560,301,4,53,1.0082697673574732e+19,GALAXY,0.7638643,8955,57451,960
1.2376613559262907e+18,160.925118145653,43.7670512612056,20.80042,20.73759,20.79869,20.69575,20.57615,3698,301,1,55,9.410333943683895e+18,QSO,1.881871,8358,57451,227
1.2376621945231117e+18,174.434494198532,42.0046405933705,21.36099,20.83573,20.34847,20.2426,20.2459,3893,301,3,123,9.422851058932406e+18,QSO,1.360602,8369,57451,708
1.2376609581044872e+18,117.047772733616,20.9897576086305,23.32799,22.74771,21.83723,21.4722,22.05065,3605,301,4,48,1.0082694100161944e+19,GALAXY,0.7379321,8955,57451,947
1.2376607728832353e+18,152.350398823829,39.705304182531,22.60066,21.98547,20.67193,19.99288,19.61063,3562,301,3,36,9.9363191408131e+18,STAR,3.982593e-05,8825,57451,918
1.2376607728830385e+18,151.694273774981,39.6237789943496,21.84157,21.52333,21.26863,21.05351,20.64671,3562,301,3,33,9.93628478107473e+18,QSO,1.361359,8825,57451,793
1.2376607728829732e+18,151.592951879293,39.5565190092203,20.97339,20.78019,20.79323,20.68913,20.98487,3562,301,3,32,9.93628615546427e+18,QSO,1.710331,8825,57451,798
1.2376609575672883e+18,116.746613712531,20.1929570980663,25.54063,22.58714,21.86934,21.11779,20.5334,3605,301,3,43,1.008246320272011e+19,GALAXY,0.8294801,8955,57451,107
1.2376607728830385e+18,151.770757839929,39.4967354674896,21.81713,21.68412,21.49175,21.24367,21.65224,3562,301,3,33,9.93629770033636e+18,QSO,1.617982,8825,57451,840
1.2376619668898447e+18,174.463326523312,41.7000610024824,20.85769,20.90416,20.67364,20.68193,20.43975,3840,301,3,123,9.422849409664965e+18,QSO,1.183885,8369,57451,702
1.2376609586413578e+18,116.737717443178,21.3535874036579,23.02791,22.4928,21.91357,21.6565,21.63714,3605,301,5,48,1.00826765079759e+19,GALAXY,0.8009574,8955,57451,883
1.2376613559260938e+18,160.348127900682,43.60343853157,25.35559,22.53591,21.06997,20.90248,20.27366,3698,301,1,52,9.410358132939708e+18,STAR,-0.0004729498,8358,57451,315
1.237662194523439e+18,175.451001009223,41.8986255490749,19.73038,19.58697,19.55031,19.27391,19.3218,3893,301,3,128,9.42291263158356e+18,QSO,1.786761,8369,57451,932
1.2376619668892552e+18,172.793435845124,41.6250459402043,19.86864,19.81495,19.79979,19.56505,19.51847,3840,301,3,114,9.42280487944404e+18,QSO,1.764724,8369,57451,540
1.237660958103963e+18,116.120551562667,20.1116343820025,23.2925,22.68983,22.29427,21.30028,22.56238,3605,301,4,40,1.008249646294685e+19,GALAXY,0.8555657,8955,57451,228
1.2376607648460972e+18,150.270537855887,39.595310709242,23.99597,23.92408,21.49539,20.49932,19.64301,3560,301,4,279,9.936216061598e+18,GALAXY,0.8745394,8825,57451,543
1.2376607728828416e+18,151.152517167216,39.4043099217118,19.69706,19.56233,19.29142,19.17559,19.262,3562,301,3,30,9.936254269627062e+18,QSO,1.13244,8825,57451,682
1.237660772883104e+18,151.965261214582,39.5314360358923,21.34042,21.22454,21.16302,21.13866,20.85458,3562,301,3,34,9.936308145696823e+18,QSO,1.429684,8825,57451,878
1.2376607653680266e+18,116.693070058428,20.895684708099,22.887,22.7893,22.45761,21.41558,21.02457,3560,301,5,51,1.008267815724334e+19,GALAXY,0.821655,8955,57451,889
1.2376607653674368e+18,115.576610426585,20.0959730230153,22.84397,23.02245,22.08673,21.43436,21.15926,3560,301,5,42,1.0082516803912e+19,GALAXY,0.7050825,8955,57451,302
1.2376613559264876e+18,161.475416652688,43.8897598777163,23.57124,21.68294,20.43058,19.90332,19.56598,3698,301,1,58,9.410315526864132e+18,GALAXY,0.3272266,8358,57451,160
1.2376621945227845e+18,173.592517421796,41.8686627194099,24.10209,22.75817,21.09243,19.67299,18.94417,3893,301,3,118,9.42282109724055e+18,STAR,0.0001386349,8369,57451,599
1.2376609581040271e+18,116.280363871044,20.2349068278368,23.98167,25.08436,23.10096,22.23169,22.22351,3605,301,4,41,1.00824865673422e+19,STAR,0.001605175,8955,57451,192
1.2376607653672404e+18,115.262046210125,19.8021685552813,21.15312,22.15901,22.10379,20.25362,20.41189,3560,301,5,39,1.008253714487708e+19,GALAXY,0.9665937,8955,57451,376
1.237660958640572e+18,115.212294753213,20.1553915187401,22.85067,22.82711,22.58323,21.24306,21.35206,3605,301,5,36,1.0082551163650333e+19,GALAXY,0.8848689,8955,57451,427
1.2376607728833006e+18,152.551617071547,39.7605327584966,21.98548,21.64632,21.02166,20.36249,20.02356,3562,301,3,37,9.93631831617938e+18,QSO,1.87919,8825,57451,915
1.2376619668897797e+18,174.44012330704,41.5924892582456,22.17801,22.29941,21.90708,21.93512,21.29774,3840,301,3,122,9.422744406304512e+18,GALAXY,1.027315,8369,57451,320
1.2376606343855475e+18,159.471889877144,43.6515583051915,20.94579,20.86148,20.85706,20.57795,20.66726,3530,301,1,265,9.410391942922265e+18,QSO,1.935877,8358,57451,438
1.237660773420434e+18,153.067006884466,40.3498436003213,25.74707,23.14384,21.25261,20.18122,19.33868,3562,301,4,41,9.937354605905336e+18,GALAXY,0.6094058,8826,57452,589
1.237660773420368e+18,152.809068252251,40.407528720898,24.0734,22.77878,21.58687,20.09639,19.16485,3562,301,4,40,9.937343061033245e+18,STAR,2.479115e-05,8826,57452,547
1.237661384386086e+18,153.227033675701,38.9872469120872,22.85254,23.17958,21.61305,20.58881,19.59312,3704,301,6,141,9.937299080568134e+18,GALAXY,0.8085084,8826,57452,387
1.23766184984884e+18,154.843225305234,39.7638254540546,20.32906,19.97757,19.79323,19.61778,19.70682,3813,301,1,75,9.937437344155326e+18,QSO,1.510911,8826,57452,890
1.23766077288874e+18,168.436653091731,43.3820810803973,21.94988,21.5044,21.6295,21.01361,21.4249,3562,301,3,120,9.412524995496923e+18,QSO,1.581733,8360,57452,6
1.2376543814458417e+18,154.476953542307,57.9562534338585,24.9033,23.5035,21.64709,20.58187,19.88145,2074,301,2,201,9.216766570898152e+18,GALAXY,0.836711,8186,57452,545
1.237660772883366e+18,152.655371433646,39.8866805273229,19.18352,19.06185,19.10961,18.91828,18.96301,3562,301,3,38,9.937340037376268e+18,QSO,1.735837,8826,57452,536
1.237660772883235e+18,152.307073910626,39.8547098222235,22.09138,21.84302,21.7038,21.55084,21.80845,3562,301,3,36,9.937332340794874e+18,QSO,1.885392,8826,57452,508
1.2376581921513812e+18,133.426372499183,36.7624041519768,26.05852,24.02301,22.18999,20.96448,19.93456,2961,301,4,137,9.974349323889302e+18,GALAXY,0.8289992,8859,57452,7
1.2376543814462351e+18,156.01103991337,58.404732261668,25.1401,23.68624,21.39962,20.05959,19.31227,2074,301,2,207,9.216799556246984e+18,GALAXY,0.7141346,8186,57452,665
1.2376618498479885e+18,152.373717910171,39.0050156723621,21.05487,21.08195,20.72333,20.79079,21.25841,3813,301,1,62,9.937327392992549e+18,QSO,1.320239,8826,57452,490
1.2376583032778263e+18,155.852348724864,56.3350686233674,20.59875,20.54333,20.33304,20.33018,20.40253,2987,301,3,48,9.216709671171414e+18,QSO,1.322496,8186,57452,338
1.2376607728886088e+18,167.935897461826,43.3932581163,19.327,19.29936,19.14671,19.25099,19.41361,3562,301,3,118,9.412542037927158e+18,QSO,1.061697,8360,57452,68
1.2376613559277983e+18,165.671280656426,44.6583583735264,24.01969,23.27857,21.68795,20.61538,19.85839,3698,301,1,78,9.412685249316671e+18,STAR,1.24508e-05,8360,57452,589
1.237660772888609e+18,168.111620452578,43.3209663583744,20.64663,20.6193,20.69868,20.28027,20.59406,3562,301,3,118,9.412539564025991e+18,QSO,1.8222,8360,57452,59
1.2376611384973727e+18,154.961989046719,38.7966052082557,23.67343,24.17119,21.81419,20.63153,19.89643,3647,301,4,113,9.93721936597512e+18,GALAXY,0.714716,8826,57452,97
1.2376583032785477e+18,158.666750659126,57.1690670571332,22.76328,21.45597,21.05639,20.91622,21.08967,2987,301,3,59,9.216627207799332e+18,STAR,-8.805479e-05,8186,57452,38
1.2376607728886088e+18,167.957606024163,43.3765581338429,20.47196,20.32568,20.4826,20.14952,20.10272,3562,301,3,118,9.41254093841553e+18,QSO,1.86816,8360,57452,64
1.2376613843861514e+18,153.36507501134,38.9800433190163,23.33479,23.2197,21.80517,20.53211,19.82022,3704,301,6,142,9.93729963032395e+18,GALAXY,0.7121987,8826,57452,389
1.237658192150988e+18,132.480995527008,36.194329386997,22.53032,22.04684,21.8735,21.69337,21.98801,2961,301,4,131,9.974383408749765e+18,QSO,1.625878,8859,57452,131
1.2376576300485847e+18,130.54198962289,37.8687613004688,25.26646,23.0877,21.51178,20.29745,19.60081,2830,301,5,153,9.974501056493937e+18,GALAXY,0.6751925,8859,57452,559
1.2376607728834317e+18,152.926561968567,39.9607094991832,22.13964,22.06092,21.69758,21.27664,21.03707,3562,301,3,39,9.937349932980918e+18,GALAXY,0.8374092,8826,57452,572
1.2376576295117793e+18,130.920603375915,37.6610058562469,26.39267,24.08007,22.08001,20.76265,19.97601,2830,301,4,154,9.974514250633468e+18,GALAXY,0.7622905,8859,57452,607
1.2376583032786785e+18,159.239121519145,57.2314738548957,21.7722,21.25971,20.98307,20.44834,20.28928,2987,301,3,61,9.21689109059e+18,QSO,0.6292086,8186,57452,998
1.2376613559282565e+18,167.04790318569,44.8642394654334,20.28294,19.97526,19.88272,19.68897,19.81611,3698,301,1,85,9.412738300752712e+18,QSO,1.53275,8360,57452,782
1.2376581926883172e+18,133.27181112653,37.1233121351619,25.23881,23.95715,21.88483,20.48037,19.66375,2961,301,5,138,9.974358119982326e+18,GALAXY,0.7651849,8859,57452,39
1.237660772888609e+18,168.103221088473,43.449006685513,22.01829,21.53751,21.23271,20.71838,20.08421,3562,301,3,118,9.412540113781807e+18,QSO,1.520844,8360,57452,61
1.237661139033916e+18,153.779665139967,38.9516294679943,24.90089,23.0499,21.57369,20.57606,19.9087,3647,301,5,108,9.937276540579764e+18,GALAXY,0.5732021,8826,57452,305
1.237661139034375e+18,155.168978635916,39.3198354962258,25.47561,23.40373,21.92236,20.6081,19.87296,3647,301,5,115,9.937213318661167e+18,GALAXY,0.820815,8826,57452,75
1.237661137960567e+18,155.39494326252,38.5000376318594,22.17638,21.55717,21.0033,20.37141,20.12235,3647,301,3,114,9.937204247690236e+18,QSO,0.6848956,8826,57452,42
1.2376583027416768e+18,158.895326099094,56.7945337101778,22.93227,23.60386,21.5892,20.36643,19.49315,2987,301,2,59,9.216624184142356e+18,GALAXY,0.8336266,8186,57452,27
1.237660772883366e+18,152.694064771723,39.7712045829061,21.88381,21.43,20.99261,20.59313,20.30376,3562,301,3,38,9.937341136887896e+18,QSO,1.825602,8826,57452,540
1.23766077288874e+18,168.332820891368,43.4821021138441,21.27757,21.57251,21.21447,21.15299,20.82285,3562,301,3,120,9.41252554525274e+18,QSO,1.166825,8360,57452,8
1.2376583032784817e+18,158.26193127864,57.0308346837565,21.86837,21.56242,21.71266,21.54763,20.8503,2987,301,3,58,9.216638202915608e+18,QSO,1.945586,8186,57452,78
1.2376543814461696e+18,155.748838682087,58.3021859648593,24.41901,23.13749,21.22563,19.99835,19.35493,2074,301,2,206,9.216798456735356e+18,GALAXY,0.6976444,8186,57452,661
1.2376583027416768e+18,158.904874267013,56.7251232881616,22.8251,22.92361,21.73572,20.65408,19.91856,2987,301,2,59,9.216621435363284e+18,QSO,0.7587872,8186,57452,17
1.2376607728834972e+18,153.034907691478,40.0091141060456,22.08539,21.90215,21.53643,21.36754,21.0086,3562,301,3,40,9.937357904440222e+18,QSO,1.301816,8826,57452,601
1.237660772888544e+18,167.884865299026,43.4822725995652,25.73787,23.39975,21.7881,20.60517,19.92402,3562,301,3,117,9.412542862560877e+18,GALAXY,0.8121532,8360,57452,71
1.237658303278154e+18,157.128103487221,56.6778589911732,21.41863,21.39626,21.21459,20.89103,20.57351,2987,301,3,53,9.21666788972956e+18,GALAXY,0.8438479,8186,57452,186
1.237661355927929e+18,165.913395415633,44.7311356125846,20.89115,20.74026,20.82233,20.45704,20.26544,3698,301,1,80,9.412696794188763e+18,QSO,1.923346,8360,57452,631
1.2376543809091668e+18,155.420816553844,57.8858755526618,22.07541,21.26168,20.46796,20.11849,19.65032,2074,301,1,204,9.216791035031868e+18,GALAXY,0.3752674,8186,57452,634
1.2376576300485847e+18,130.6290784741,37.772619966251,25.0041,22.42528,21.17001,20.08187,19.3748,2830,301,5,153,9.974491160889285e+18,GALAXY,0.6046871,8859,57452,523
1.237660772883235e+18,152.317906861624,39.6480428194236,22.09534,21.95534,22.12914,21.6432,21.43269,3562,301,3,36,9.937334539818127e+18,QSO,2.296774,8826,57452,516
1.2376607728834967e+18,153.152210026688,39.9561038949419,18.57423,17.59289,17.2711,17.15149,17.13769,3562,301,3,40,9.937359828585568e+18,STAR,-0.0004643624,8826,57452,608
1.2376618509269071e+18,167.09779581597,43.514891880076,19.43188,19.68676,19.41967,19.35232,19.41215,3813,301,3,141,9.41257502327599e+18,QSO,1.227899,8360,57452,188
1.2376607728887404e+18,168.38792237631,43.5237447578898,24.94297,22.04465,21.35782,20.82126,20.51502,3562,301,3,120,9.412528019153902e+18,STAR,-0.0007916435,8360,57452,17
1.2376543809093637e+18,156.134063340893,58.0286119155191,22.12259,21.60556,21.3996,21.23907,21.19178,2074,301,1,207,9.216814124776052e+18,QSO,2.203703,8186,57452,718
1.2376576279016243e+18,133.050507196063,37.3905287976963,21.38746,19.50665,18.38668,17.89937,17.57871,2830,301,1,161,9.974615405703223e+18,GALAXY,0.170315,8859,57452,975
1.237657627901625e+18,133.021021308018,37.3223888826866,22.62286,20.22763,19.13009,18.60071,18.36486,2830,301,1,161,9.974616505214851e+18,GALAXY,0.1693224,8859,57452,979
1.2376613559276667e+18,165.185186278233,44.5897756416368,20.58994,20.48243,20.58064,20.30927,20.28118,3698,301,1,76,9.412676178345744e+18,QSO,1.716182,8360,57452,556
1.2376582018109286e+18,131.654248901883,36.7946815939364,22.36003,20.6947,20.61025,20.63126,20.40841,2963,301,6,74,9.974426564581153e+18,QSO,2.817814,8859,57452,288
1.2376607728885435e+18,167.926716493877,43.3662211379839,21.22615,20.88458,20.89006,20.51928,20.80494,3562,301,3,117,9.41254148817134e+18,QSO,1.594546,8360,57452,66
1.2376543814458417e+18,154.446262312326,57.9220028751678,23.51011,23.78716,21.66876,20.45501,19.75767,2074,301,2,201,9.21676767040978e+18,GALAXY,0.7679728,8186,57452,549
1.237657627901757e+18,133.220912696138,37.5363832820211,22.49139,23.54553,22.03933,20.30838,19.50922,2830,301,1,163,9.974613756435782e+18,GALAXY,0.7086982,8859,57452,969
1.2376613564646031e+18,165.33068509587,44.9372970465123,21.49686,21.56711,21.24418,21.40242,20.8636,3698,301,2,77,9.412672330055047e+18,QSO,1.410828,8360,57452,542
1.2376611379603704e+18,154.859347685391,38.2569535756165,20.40158,19.9278,19.65136,19.36706,19.06228,3647,301,3,111,9.937215242806518e+18,QSO,2.840534,8826,57452,82
1.2376607728886743e+18,168.223617751831,43.4753778661298,21.18785,20.998,20.94505,20.617,20.94831,3562,301,3,119,9.412527469398088e+18,QSO,0.8792006,8360,57452,15
1.2376618498491028e+18,155.51579526185,40.1107687427883,20.25187,20.14298,19.74799,19.6936,19.82111,3813,301,1,79,9.937457135364626e+18,QSO,1.169185,8826,57452,962
1.2376581926881866e+18,132.868731533929,36.9296531281316,23.04113,24.60316,22.17774,20.54803,19.83457,2961,301,5,136,9.974366366319532e+18,GALAXY,0.7891835,8859,57452,69
1.237661849848709e+18,154.346447654998,39.6981381081835,21.93166,21.73885,21.54777,21.51418,21.26195,3813,301,1,73,9.937416178556494e+18,QSO,1.573446,8826,57452,813
1.237658304351568e+18,155.199156578202,57.1314137599393,22.14237,22.14996,21.89808,21.58175,21.15983,2987,301,5,48,9.216786911863264e+18,QSO,1.328117,8186,57452,619
1.2376543814461038e+18,155.428534840753,58.1729091286943,25.5954,23.14913,21.88356,20.76051,19.9577,2074,301,2,205,9.216789660642336e+18,GALAXY,0.9266176,8186,57452,629
1.237657776078128e+18,130.673299415889,38.153022043867,23.62648,22.78647,21.66428,20.63503,19.91637,2864,301,5,163,9.974498307714863e+18,GALAXY,0.6340951,8859,57452,549
1.237660772888609e+18,168.033638889063,43.3592980109569,20.20333,20.32307,20.08624,19.89786,19.87201,3562,301,3,118,9.412540388659714e+18,QSO,1.451145,8360,57452,62
1.237660772883367e+18,152.779164814593,39.8781247597415,22.74834,22.06693,21.98988,22.03028,22.35714,3562,301,3,38,9.93734883346929e+18,GALAXY,1.308231,8826,57452,568
1.2376583032782195e+18,157.311576896083,56.7838930689542,22.39678,21.24067,20.22136,19.86318,19.749,2987,301,3,54,9.216658269002815e+18,QSO,2.662496,8186,57452,151
1.2376607728833006e+18,152.466404903246,39.7518209924877,21.79727,21.82053,21.56758,21.52027,20.9863,3562,301,3,37,9.937333715184409e+18,GALAXY,0.9638729,8826,57452,513
1.2376576279014282e+18,132.491207557659,37.0538341525731,23.79837,21.07673,19.8239,19.33489,19.10646,2830,301,1,158,9.9743889063079e+18,GALAXY,0.2119088,8859,57452,151
1.2376607728832353e+18,152.352621169871,39.7062277161019,24.0891,22.42275,20.84545,19.33232,18.42423,3562,301,3,36,9.937333990062318e+18,STAR,-2.144063e-05,8826,57452,514
1.237658303278023e+18,156.561624348828,56.6506525239496,22.17136,21.57634,20.98366,20.4079,20.11943,2987,301,3,51,9.216688780450486e+18,QSO,1.896116,8186,57452,262
1.2376551072978043e+18,157.844946644969,56.1530428423024,20.9503,20.85909,20.67251,20.47248,20.26517,2243,301,2,239,9.21664260096212e+18,QSO,1.465651,8186,57452,94
1.2376613559281912e+18,166.913370151733,44.8495331965911,21.96795,21.45581,21.07166,20.5643,20.56891,3698,301,1,84,9.41272785539225e+18,QSO,1.711128,8360,57452,744
1.237660772883366e+18,152.574769903097,39.9357156029009,21.25665,21.09371,20.97358,20.64667,20.33486,3562,301,3,38,9.937337838353013e+18,QSO,1.822637,8826,57452,528
1.2376607728835628e+18,153.225793233947,39.9999388701076,22.68325,21.50158,20.87636,20.2445,20.05936,3562,301,3,41,9.937358179318129e+18,QSO,1.828452,8826,57452,602
1.2376583032784817e+18,158.355091468634,57.0769860549798,21.85027,21.59517,21.5664,21.23471,21.0096,2987,301,3,58,9.216637653159796e+18,QSO,1.631948,8186,57452,76
1.2376607728834972e+18,153.013319685375,40.0377612794125,21.06504,20.92512,20.67812,20.61336,20.31483,3562,301,3,40,9.937360103463475e+18,QSO,2.106587,8826,57452,609
1.237661355928126e+18,166.502786043246,44.8223676095189,23.53571,23.9877,22.10098,20.47005,19.60895,3698,301,1,83,9.412717684909693e+18,STAR,-0.0001615722,8360,57452,707
1.2376543809091668e+18,155.350077907805,57.8707846640907,22.01231,21.67528,21.90001,21.44188,22.17486,2074,301,1,204,9.216792134543496e+18,QSO,1.727497,8186,57452,638
1.237660772883235e+18,152.347425273748,39.7909506064049,20.82244,20.19284,19.66664,19.45045,19.35101,3562,301,3,36,9.937332890550688e+18,QSO,1.390469,8826,57452,510
1.237655109444633e+18,154.282441865947,57.0880883287758,25.793,24.15516,22.25544,20.96419,19.69639,2243,301,6,229,9.216764921630708e+18,GALAXY,0.7312406,8186,57452,539
1.237661355927929e+18,165.947864603765,44.7038203820886,20.88446,20.87028,20.71384,20.75652,20.60536,3698,301,1,80,9.412695694677135e+18,QSO,1.05304,8360,57452,627
1.237661850922189e+18,153.34632959311,40.268676160631,18.12496,17.20585,16.93817,16.83968,16.82023,3813,301,3,69,9.937367250289056e+18,STAR,-4.499062e-05,8826,57452,635
1.237657629511713e+18,130.838856189001,37.580995946635,23.54352,22.69877,21.95805,20.75439,19.94195,2830,301,4,153,9.974503805273e+18,GALAXY,0.8297109,8859,57452,569
1.2376576279018214e+18,133.572539440439,37.5747369876108,21.59163,21.42589,21.65341,21.39432,20.90382,2830,301,1,164,9.97462007862764e+18,QSO,1.79246,8859,57452,992
1.2376607728834972e+18,153.129798195844,39.9574858266008,22.25758,22.23692,21.56925,21.72605,21.37504,3562,301,3,40,9.937361202975105e+18,QSO,1.162079,8826,57452,613
1.2376607728886743e+18,168.130349141365,43.4976860802286,21.64921,21.3756,21.49532,20.91787,21.72879,3562,301,3,119,9.41253076793297e+18,QSO,1.89328,8360,57452,27
1.2376611390345715e+18,155.762825583568,39.475438847125,24.15471,23.94748,22.31741,20.87566,19.81832,3647,301,5,118,9.937202873300703e+18,GALAXY,0.8114496,8826,57452,37
1.2376611379601738e+18,154.281973508235,38.1867481789346,20.88611,21.10231,20.73229,20.63586,20.96821,3647,301,3,108,9.937249327666977e+18,QSO,1.377898,8826,57452,206
1.237658304352158e+18,157.569274182765,57.7574595687436,22.00644,21.04261,21.1553,21.10307,20.78666,2987,301,5,57,9.216858654996976e+18,QSO,2.400337,8186,57452,880
1.2376581926879245e+18,132.353498376028,36.6418091611027,22.4649,23.24376,21.40545,20.31623,19.66112,2961,301,5,132,9.974396602889296e+18,GALAXY,0.6411753,8859,57452,179
1.2376607728833006e+18,152.593100528961,39.8162929484008,20.48041,20.21326,19.91939,20.04627,19.85171,3562,301,3,37,9.937337013719292e+18,QSO,0.9213601,8826,57452,525
1.2376607728834972e+18,153.074503212003,39.9439261685522,22.00078,21.42678,20.66498,20.39363,20.28977,3562,301,3,40,9.93735872907394e+18,QSO,1.323706,8826,57452,604
1.2376553692815693e+18,155.54065858069,58.4445148077677,22.74888,22.21495,21.11069,20.10687,19.45419,2304,301,2,98,9.216788561130708e+18,GALAXY,0.8060812,8186,57452,625
1.2376543809090355e+18,154.974368066368,57.7885840724574,21.04996,20.9592,20.86295,20.66405,20.14207,2074,301,1,202,9.216780589671404e+18,QSO,1.692799,8186,57452,596
1.237661849848382e+18,153.485075604821,39.3713868078318,20.88012,20.75952,20.74626,20.42844,20.42973,3813,301,1,68,9.93729935544604e+18,QSO,1.636469,8826,57452,388
1.237660772883366e+18,152.749133018416,39.7804753044792,22.1164,21.09698,20.36848,20.10605,19.57676,3562,301,3,38,9.937349383225104e+18,QSO,2.025173,8826,57452,570
1.2376607728834317e+18,152.885915852355,40.0226692870235,21.44415,21.25387,20.75068,20.66908,20.43985,3562,301,3,39,9.937348283713477e+18,QSO,1.02677,8826,57452,566
1.237661384386086e+18,153.235368168351,39.0409298628878,24.9846,23.51898,21.60059,20.46367,19.80193,3704,301,6,141,9.937300729835575e+18,GALAXY,0.6289341,8826,57452,393
1.237660772888609e+18,168.075082170819,43.4581755391337,21.67281,21.34787,21.20628,20.89258,20.69421,3562,301,3,118,9.41254066353762e+18,QSO,1.568499,8360,57452,63
1.237657630048847e+18,131.006263713273,38.2626014722573,25.36659,23.52688,21.8351,20.64594,19.8744,2830,301,5,157,9.974508203319515e+18,GALAXY,0.7504145,8859,57452,585
1.2376607728834317e+18,152.855232703446,40.0059749866392,21.39617,21.01626,20.56753,20.33661,20.18871,3562,301,3,39,9.937347733957665e+18,QSO,1.477681,8826,57452,564
1.23766077288874e+18,168.435745705773,43.4981439783733,21.17332,20.76974,20.29243,20.28313,21.02854,3562,301,3,120,9.412528843787622e+18,GALAXY,0.2107039,8360,57452,20
1.237660772883366e+18,152.741863480025,39.9310082298808,22.0736,21.37025,20.68615,20.50526,20.19746,3562,301,3,38,9.93733811323092e+18,QSO,2.341352,8826,57452,529
1.2376646684343667e+18,152.956451311571,35.253284000881,25.31739,23.06189,21.84988,20.74859,19.92234,4469,301,3,277,9.97105078902275e+18,GALAXY,0.5518131,8856,57453,295
1.2376609586410954e+18,116.139094227684,20.9216431805899,22.85332,22.22929,21.68589,21.06262,20.46039,3605,301,5,44,1.0081525319335172e+19,GALAXY,0.8635523,8954,57453,791
1.2376607648303035e+18,115.3560121284,19.4350052700922,22.88637,22.54717,21.63669,20.87418,21.09902,3560,301,4,38,1.0081407121835186e+19,GALAXY,0.7158787,8954,57453,361
1.2376622240567788e+18,154.562257243058,35.2199184645404,17.61728,16.72251,16.50695,16.42062,16.4081,3900,301,2,211,9.970984543447175e+18,STAR,0.0001222936,8856,57453,54
1.237660958103504e+18,115.170719967954,19.4996208356347,22.10691,21.82074,21.65378,20.67774,19.72466,3605,301,4,33,1.0081423339631696e+19,GALAXY,0.8288094,8954,57453,420
1.237660958103962e+18,116.088544477956,20.1445940360621,20.47109,18.29149,17.38504,17.03885,16.83615,3605,301,4,40,1.0081372487218911e+19,STAR,0.000178291,8954,57453,235
1.237660958104028e+18,116.094904514828,20.3095159457806,23.39888,22.72628,22.20886,21.99328,22.27798,3605,301,4,41,1.0081370288195656e+19,GALAXY,1.024256,8954,57453,227
1.2376607648303035e+18,115.329607033151,19.4118757823717,23.96955,22.51326,22.16433,21.43057,20.72213,3560,301,4,38,1.0081420865730531e+19,GALAXY,0.8758625,8954,57453,411
1.237660764830369e+18,115.458947624939,19.4896031883957,22.21542,21.94818,21.51789,20.66454,20.09592,3560,301,4,39,1.0081408771102628e+19,GALAXY,0.781765,8954,57453,367
1.2376607659045038e+18,115.68870494133,20.6619869370067,23.3684,22.76167,22.53651,21.51692,22.4164,3560,301,6,45,1.0081504978370058e+19,GALAXY,0.8462213,8954,57453,717
1.237661136885908e+18,153.269566182676,36.8743473020701,23.84111,24.5225,21.84775,20.57519,19.84616,3647,301,1,100,9.971199772848314e+18,GALAXY,0.74483,8856,57453,837
1.2376609581035684e+18,115.396024697301,19.5053954678848,25.09632,23.15059,22.82745,21.84486,21.13261,3605,301,4,34,1.0081407396713091e+19,GALAXY,0.7855256,8954,57453,362
1.237660958104224e+18,116.601551973048,20.5488317265513,24.4822,22.5816,21.55614,21.40437,21.48318,3605,301,4,44,1.0081351596498e+19,GALAXY,0.6527916,8954,57453,159
1.2376607648303688e+18,115.441177756936,19.4559690025828,24.20095,22.58803,22.17699,21.37224,21.08513,3560,301,4,39,1.0081407671591e+19,GALAXY,0.811195,8954,57453,363
1.2376607653675023e+18,115.632069047142,20.2424393926777,23.30145,24.20057,22.69666,21.55859,21.22189,3560,301,5,43,1.0081392553306118e+19,GALAXY,0.0001087874,8954,57453,308
1.2376609581035694e+18,115.390961922397,19.5602262914431,23.87958,22.5468,21.57252,21.03315,20.54483,3605,301,4,34,1.008140849622472e+19,GALAXY,0.8039218,8954,57453,366
1.2376609581035028e+18,115.188321582606,19.4774090510588,25.56517,23.13461,22.9414,22.68653,22.22578,3605,301,4,33,1.0081419491341e+19,GALAXY,0.8397741,8954,57453,406
1.2376611374225165e+18,152.270792407807,37.005325945803,20.7801,20.60408,20.29474,20.23052,20.37472,3647,301,2,96,9.97113380215065e+18,QSO,1.124144,8856,57453,597
1.2376609581038308e+18,115.785620816295,20.0521985791424,23.47458,23.67309,22.67867,21.68439,21.28584,3605,301,4,38,1.00813799089224e+19,GALAXY,0.7322589,8954,57453,262
1.2376609581037007e+18,115.673454973171,19.7826325214873,24.30739,23.10362,22.16054,22.49447,21.22219,3605,301,4,36,1.0081390079405e+19,GALAXY,0.7031757,8954,57453,299
1.237660765367109e+18,114.894669617439,19.6148557796033,23.43731,23.39077,22.88478,21.78885,21.43258,3560,301,5,37,1.0081432410602623e+19,GALAXY,0.7774306,8954,57453,453
1.2376607653673047e+18,115.345144921217,19.8016390127539,23.29643,23.11451,22.22646,22.199,22.5499,3560,301,5,40,1.0081409870614256e+19,GALAXY,0.7588463,8954,57453,371
1.237660958103962e+18,116.154052362434,20.153851502723,23.68089,23.17456,22.81219,21.70023,22.84386,3605,301,4,40,1.0081361492102631e+19,GALAXY,0.802129,8954,57453,195
1.237660958104618e+18,117.306262667177,21.13612218379,24.28938,22.56688,21.98221,22.35583,22.40154,3605,301,4,50,1.0081577821015398e+19,GALAXY,0.1312491,8954,57453,982
1.2376609575675502e+18,117.189257039378,20.5159347196782,22.34777,22.05795,21.6888,21.01358,21.28837,3605,301,3,47,1.0081316961881709e+19,GALAXY,0.9787375,8954,57453,33
1.23766095864103e+18,116.094562573904,20.8956208776772,22.54555,22.55787,22.29673,21.70973,21.66562,3605,301,5,43,1.0081526693724709e+19,GALAXY,0.8382314,8954,57453,796
1.2376607648312863e+18,117.270535020454,20.8099887647565,23.64989,23.58745,21.74566,21.17225,20.89672,3560,301,4,53,1.008158111955028e+19,GALAXY,0.582776,8954,57453,994
1.2376609586413578e+18,116.787203452828,21.3376719534886,22.4746,22.59762,21.9583,21.62568,21.49919,3605,301,5,48,1.0081559404195631e+19,GALAXY,0.738654,8954,57453,915
1.23766076536724e+18,115.185398464721,19.772224783069,24.91756,23.06005,22.32206,21.39729,21.13338,3560,301,5,39,1.0081422240120068e+19,GALAXY,0.8473112,8954,57453,416
1.2376607648308275e+18,116.297645195393,20.1667329041414,23.40106,22.50224,21.90928,20.96789,20.99162,3560,301,4,46,1.0081359567957285e+19,GALAXY,0.8908414,8954,57453,188
1.237660958104618e+18,117.238556319021,21.166594793389,23.15162,22.61616,21.71945,21.02571,20.43613,3605,301,4,50,1.0081574522480515e+19,GALAXY,0.6978346,8954,57453,970
1.2376646695081743e+18,152.707513297374,36.2014597028027,23.82574,23.0471,21.73759,20.44109,19.72368,4469,301,5,278,9.971160740185528e+18,GALAXY,0.865028,8856,57453,695
1.2376609581038976e+18,115.883287699863,20.0525201693717,23.58445,22.85084,22.56028,21.89615,23.57576,3605,301,4,39,1.0081379634044492e+19,GALAXY,0.9510256,8954,57453,261
1.237660958103504e+18,115.231434746441,19.4590101776794,23.32799,22.56167,21.84738,21.17321,20.83529,3605,301,4,33,1.0081419216463092e+19,GALAXY,0.6285278,8954,57453,405
1.2376609575667643e+18,115.79699788974,19.4575218409349,24.19806,22.96742,22.14883,21.61114,21.01629,3605,301,3,35,1.0081386231114258e+19,QSO,1.162155,8954,57453,285
1.2376609575674191e+18,116.94628992817,20.2855468569456,22.87438,22.79961,22.04127,21.2288,21.42715,3605,301,3,45,1.0081336753091e+19,GALAXY,0.8550124,8954,57453,105
1.2376622240562555e+18,153.17530683915,34.6146531410741,25.71227,23.78479,21.88324,20.45017,19.56262,3900,301,2,203,9.971037594883215e+18,GALAXY,0.9762665,8856,57453,247
1.2376609581043564e+18,116.782643715574,20.8542628331284,22.97567,22.85316,23.00911,21.46718,21.36333,3605,301,4,46,1.0081553082003771e+19,GALAXY,0.736123,8954,57453,892
1.237660765368353e+18,117.22509074143,21.4232270408782,24.3165,22.87693,22.39153,22.00233,22.11331,3560,301,5,56,1.0081571773701444e+19,GALAXY,0.763017,8954,57453,960
1.2376611368859735e+18,153.363823791903,36.9204488106916,24.18322,22.94633,21.85144,20.52803,19.63975,3647,301,1,101,9.9711992230925e+18,GALAXY,0.7706329,8856,57453,835
1.2376609586415547e+18,117.128519807573,21.6480155836262,22.44705,22.2633,21.82805,21.08027,20.35825,3605,301,5,51,1.0081569024922376e+19,GALAXY,0.8124267,8954,57453,950
1.237660765367502e+18,115.659881526416,20.2668343341173,23.60122,23.49291,22.37443,21.27183,21.52324,3560,301,5,43,1.0081390904038676e+19,GALAXY,0.8840959,8954,57453,302
1.237660957567026e+18,116.209701142938,19.7661412416275,23.79313,22.5537,21.87282,21.05906,20.90584,3605,301,3,39,1.0081366165027052e+19,GALAXY,0.7474798,8954,57453,212
1.2376613827751447e+18,152.975835386908,37.4260243570833,24.05514,21.73018,21.08508,20.90359,20.64957,3704,301,3,136,9.971175308714596e+18,STAR,-0.0001509885,8856,57453,748
1.2376611374225823e+18,152.422249945926,37.2079263832516,22.3012,21.87169,21.70801,21.7617,21.14588,3647,301,2,97,9.971142873121577e+18,GALAXY,1.227923,8856,57453,630
1.2376607648305e+18,115.768066752618,19.5740665333994,22.47272,22.25063,21.81275,21.15576,21.09399,3560,301,4,41,1.0081388979893328e+19,QSO,0.5388008,8954,57453,295
1.2376609581036352e+18,115.514495280643,19.7237905472818,22.27709,22.55868,21.93318,21.57173,20.65833,3605,301,4,35,1.0081399425253792e+19,GALAXY,0.9125514,8954,57453,333
1.2376607653673057e+18,115.398181461487,19.8701949839034,23.37443,22.71408,22.74117,21.69713,21.59984,3560,301,5,40,1.0081412344515418e+19,GALAXY,0.948786,8954,57453,380
1.2376609581046835e+18,117.347391507463,21.3588381933031,25.57065,22.61413,22.84447,21.65835,20.39879,3605,301,4,51,1.0081579195404931e+19,GALAXY,0.8665667,8954,57453,987
1.237660765905028e+18,116.516081162394,21.4319517353341,22.72556,22.81282,21.86049,21.62998,21.00454,3560,301,6,53,1.0081544011032844e+19,GALAXY,1.033355,8954,57453,859
1.2376607653673057e+18,115.413317365811,19.8344836162207,22.94659,22.45141,22.26963,21.42078,20.84505,3560,301,5,40,1.0081411794759604e+19,GALAXY,0.7606531,8954,57453,378
1.2376607653677627e+18,116.13747006031,20.5342755151228,23.68373,22.85926,22.12036,21.20095,21.31371,3560,301,5,47,1.008137166258519e+19,GALAXY,0.7132058,8954,57453,232
1.2376607653673052e+18,115.222061564104,19.8870916657459,23.01957,22.41982,22.03318,21.52328,21.34528,3560,301,5,40,1.0081412894271232e+19,GALAXY,0.8195754,8954,57453,382
1.237664669507978e+18,152.205851164344,35.9277471537814,25.68022,23.22202,22.07478,20.62312,19.96216,4469,301,5,275,9.971088172418095e+18,GALAXY,0.6681414,8856,57453,431
1.2376607653674368e+18,115.466439721785,20.1054082146586,25.08687,23.87631,21.57203,21.36945,21.24888,3560,301,5,42,1.008140217403286e+19,GALAXY,0.3233176,8954,57453,343
1.237660764830762e+18,116.178506686667,20.1195158203941,23.91162,22.73745,22.18987,21.72772,21.99033,3560,301,4,45,1.0081357918689843e+19,GALAXY,0.2002209,8954,57453,182
1.237660765367174e+18,115.061960564623,19.7309373913419,23.07885,22.28403,21.79301,21.18641,20.73397,3560,301,5,38,1.0081418666707276e+19,GALAXY,0.9521355,8954,57453,403
1.2376611368861048e+18,153.834087746675,37.0194265638774,22.48904,22.11611,20.33673,19.74152,19.25887,3647,301,1,103,9.971221488202965e+18,GALAXY,0.410265,8856,57453,916
1.2376650259786637e+18,184.557105474675,35.7982695859765,23.22699,21.46153,20.13059,19.57433,19.17902,4552,301,5,98,9.982355143012934e+18,GALAXY,0.2509572,8866,57457,460
1.2376650254425787e+18,186.741385388123,35.3726002530356,21.27764,20.44842,20.00106,19.73362,19.81916,4552,301,4,110,9.982239969169922e+18,QSO,1.485979,8866,57457,41
1.2376646732495588e+18,186.168771269619,37.5282168284098,21.92581,21.44205,21.14428,21.15322,20.73187,4470,301,4,23,9.982447501989665e+18,QSO,1.046455,8866,57457,796
1.2376648176718976e+18,168.981161181341,35.5582003940545,24.58621,24.93852,21.66602,20.60343,19.77583,4504,301,1,85,9.963199176555911e+18,GALAXY,0.6992476,8849,57457,403
1.2376650254425787e+18,186.781940900707,35.2335753695397,22.08077,21.90797,21.17714,20.83071,20.6707,4552,301,4,110,9.982240518925738e+18,GALAXY,0.4174195,8866,57457,43
1.2376648176780575e+18,186.405763699639,36.6104701561773,19.93566,17.99696,16.89162,16.46655,16.06713,4504,301,1,179,9.982460146373384e+18,GALAXY,0.1306128,8866,57457,842
1.2376650265160584e+18,185.977043904681,36.2324523526707,22.97522,20.07846,18.91918,18.36946,18.08469,4552,301,6,106,9.982302916210612e+18,STAR,7.959997e-05,8866,57457,270
1.237665025441923e+18,184.901245224629,35.4171456358045,22.05752,21.50201,21.54583,21.87191,21.47696,4552,301,4,100,9.982351294722234e+18,STAR,0.000286923,8866,57457,446
1.237665026510553e+18,170.545695881824,35.3574774366758,23.55363,22.78732,21.16895,22.15398,20.25753,4552,301,6,22,9.963110940747782e+18,GALAXY,0.4182927,8849,57457,82
1.2376646732494932e+18,185.978401333941,37.6116010878007,22.25641,21.75129,21.66285,21.47334,20.94638,4470,301,4,22,9.98243540736176e+18,QSO,1.682763,8866,57457,752
1.237665026516124e+18,186.202802645681,36.1905825266771,21.96368,21.63936,21.3074,21.21138,21.14543,4552,301,6,107,9.982290821582709e+18,STAR,-0.0006534151,8866,57457,226
1.2376650265163855e+18,186.972165361892,36.1164497283961,23.75896,22.17705,21.5533,22.33355,22.19129,4552,301,6,111,9.98225178891992e+18,STAR,4.643503e-06,8866,57457,84
1.237665128544142e+18,185.562096292878,35.1405917106881,23.25943,22.71308,21.47896,20.39657,19.6909,4576,301,4,451,9.98231748473968e+18,GALAXY,0.6090732,8866,57457,323
1.2376650265159278e+18,185.740028311786,36.0930656157382,25.88782,23.5808,21.7735,20.48175,19.53127,4552,301,6,104,9.98231198718154e+18,GALAXY,0.9112711,8866,57457,303
1.2376650254426442e+18,186.842290447208,35.3916776444254,21.01961,20.50524,20.59559,20.56405,20.95914,4552,301,4,111,9.98224464209434e+18,QSO,2.409037,8866,57457,58
1.23766481928854e+18,185.995514916093,37.7319310415704,25.87223,23.09995,21.18614,20.17614,19.44901,4504,301,4,177,9.982434582728038e+18,GALAXY,0.5757088,8866,57457,749
1.2376650254423818e+18,186.211479890278,35.2903341359569,20.19432,19.93577,19.98021,19.77235,19.71359,4552,301,4,107,9.98228449939085e+18,QSO,1.945112,8866,57457,203
1.2376650265155338e+18,184.556505696492,36.161362168537,22.76179,21.298,21.40474,20.58333,21.00673,4552,301,6,98,9.982356792280371e+18,STAR,-0.0006314471,8866,57457,466
1.2376650265161897e+18,186.410225481203,36.2322962143656,24.58871,22.73252,21.6662,20.50677,19.82919,4552,301,6,108,9.982281200855966e+18,GALAXY,0.7873845,8866,57457,191
1.2376648192884744e+18,185.87402418744,37.7419366138288,24.55164,23.06316,21.19707,20.06896,19.43193,4504,301,4,176,9.982423037855949e+18,STAR,-0.0003550114,8866,57457,707
1.2376650259786634e+18,184.531618193357,35.8022839033376,23.10854,20.89096,19.54998,19.00212,18.62897,4552,301,5,98,9.982362289838512e+18,GALAXY,0.2507157,8866,57457,486
1.237664817677992e+18,186.28006659062,36.582743180086,20.29781,18.32844,17.26771,16.82825,16.46472,4504,301,1,178,9.982293570361776e+18,GALAXY,0.1293668,8866,57457,236
1.2376650265104878e+18,170.411412026094,35.3691523881148,21.05575,19.12127,18.17023,17.7559,17.43609,4552,301,6,21,9.963123035375688e+18,GALAXY,0.1036975,8849,57457,126
1.2376650254424476e+18,186.39989130682,35.3385094246205,21.27431,20.99701,20.86119,20.58528,20.49149,4552,301,4,108,9.982273229396662e+18,QSO,1.826971,8866,57457,162
1.237658192151446e+18,133.633838007769,36.7212495567881,20.94763,20.70437,20.4405,20.48187,20.43183,2961,301,4,138,9.975589847984e+18,QSO,0.9288485,8860,57458,424
1.2376582018119767e+18,134.093855903175,38.2967714451563,22.57518,21.97371,22.08063,21.56377,21.97156,2963,301,6,90,9.975646197954929e+18,GALAXY,0.9626996,8860,57458,629
1.237658203421607e+18,136.179319770267,37.0117880576708,25.53895,23.94091,21.56067,20.22399,19.51188,2964,301,1,75,9.975480171699132e+18,GALAXY,0.8111341,8860,57458,25
1.2376581921518395e+18,134.50084326039,37.2854231949964,24.49325,22.91386,21.07618,19.4342,18.48024,2961,301,4,144,9.975676709402595e+18,STAR,6.133632e-05,8860,57458,740
1.2376581921519048e+18,134.639253403159,37.2772893608159,24.92058,21.80365,21.36851,21.37251,21.37191,2961,301,4,145,9.975687704518875e+18,QSO,2.794811,8860,57458,780
1.2376576279020836e+18,134.051703440775,37.9046491989387,23.67659,21.69937,19.86223,19.25994,18.84708,2830,301,1,168,9.975650870879345e+18,GALAXY,0.4193796,8860,57458,646
1.2376581921517734e+18,134.299143396869,37.2809677741771,20.28298,19.57831,19.14556,19.18269,18.90388,2961,301,4,143,9.97566571428632e+18,QSO,2.429031,8860,57458,700
1.2376646737866918e+18,186.943765355692,38.1152913889709,21.99639,21.85216,21.56844,21.31442,21.30922,4470,301,5,27,9.94621254655727e+18,QSO,1.537698,8834,57458,46
1.2376646737861676e+18,185.517847936299,38.1179434986622,21.48138,21.40701,21.40162,20.9656,20.96749,4470,301,5,19,9.94626367384796e+18,QSO,1.881268,8834,57458,232
1.2376576279020183e+18,134.043012253566,37.8631179996195,23.19622,21.98989,20.20484,19.61466,19.20121,2830,301,1,167,9.975651145757254e+18,GALAXY,0.4088919,8860,57458,647
1.2376646737860367e+18,185.091915330934,38.1253514336538,23.06141,23.04884,21.20803,20.15596,19.34005,4470,301,5,17,9.946285938958424e+18,GALAXY,0.7822957,8834,57458,313
1.2376581921515116e+18,133.771311870672,36.835645584772,21.62412,21.30056,21.34393,21.03164,21.79505,2961,301,4,139,9.97559094749563e+18,QSO,1.66087,8860,57458,428
1.2376646737859707e+18,184.87136561383,38.0633548211902,20.70597,20.01564,19.7176,19.571,19.45575,4470,301,5,16,9.94630600504563e+18,QSO,1.330006,8834,57458,386
1.2376606370610547e+18,134.524178953335,36.2063592011192,21.79972,22.0828,21.78868,21.71392,22.34764,3530,301,6,130,9.975551639954938e+18,QSO,1.461534,8860,57458,285
1.23765820181178e+18,133.515069625395,37.9599660606543,23.08685,21.67445,20.8681,20.6471,20.74688,2963,301,6,87,9.975626406745629e+18,QSO,3.542819,8860,57458,557
1.2376576279020838e+18,134.060815351848,37.9324133260094,25.13501,22.58511,20.83796,20.15385,19.82058,2830,301,1,168,9.975650046245626e+18,GALAXY,0.4209609,8860,57458,643
1.237660637061251e+18,135.030653928078,36.5077293790118,21.23984,20.96842,20.87765,20.75887,20.4367,3530,301,6,133,9.975532398501454e+18,QSO,1.452631,8860,57458,215
1.2376576279025428e+18,135.169096227806,38.6597933401591,26.11258,23.14503,21.14904,20.12761,19.46141,2830,301,1,175,9.975699524268872e+18,GALAXY,0.657242,8860,57458,823
1.2376581926889068e+18,134.541429405674,37.9692547808335,25.19371,23.30669,21.6437,20.59351,19.89664,2961,301,5,147,9.97567203647818e+18,GALAXY,0.4625333,8860,57458,723
1.237664674323694e+18,187.339587132342,38.4279116962367,22.13406,21.65599,21.4938,21.60741,21.23505,4470,301,6,29,9.946201276563083e+18,GALAXY,1.655783,8834,57458,5
1.2376576279016243e+18,132.976416216854,37.2739306105098,22.15569,19.90602,18.78462,18.33794,17.97896,2830,301,1,161,9.97561623626307e+18,GALAXY,0.1721539,8860,57458,520
1.237657627902083e+18,134.095137119177,37.9302015625877,24.4624,21.85452,20.05749,19.41835,19.04,2830,301,1,168,9.975659941850272e+18,GALAXY,0.4120237,8860,57458,679
1.237664668445508e+18,184.810175044537,39.8686785867718,23.42187,24.7296,21.73979,20.35666,19.57991,4469,301,3,447,9.94637554915609e+18,GALAXY,0.6762615,8834,57458,639
1.2376582018121075e+18,134.353684409384,38.4072466077111,22.5571,22.07041,21.84595,21.5975,21.17314,2963,301,6,92,9.97566653892004e+18,QSO,1.94018,8860,57458,703
1.2376576284390853e+18,134.103381185961,38.5315605317748,20.66796,20.44916,20.41021,20.39648,20.211,2830,301,2,170,9.975643998931671e+18,QSO,0.8724473,8860,57458,621
1.2376582034214103e+18,135.782762630323,36.767647908209,24.08318,22.99672,21.58772,20.37369,19.57808,2964,301,1,72,9.975490067303782e+18,GALAXY,0.7474722,8860,57458,61
1.237657627902543e+18,135.219724028099,38.6011316251514,25.26841,23.77557,22.02242,20.85936,19.96273,2830,301,1,175,9.975711069140963e+18,GALAXY,0.7615651,8860,57458,865
1.237657627902018e+18,134.043292858315,37.8816544604065,21.36527,20.78556,20.80256,20.63049,20.3478,2830,301,1,167,9.975649771367717e+18,QSO,2.199445,8860,57458,642
1.2376582018115177e+18,132.952800305785,37.575075292706,21.02682,20.69448,20.31571,20.24451,20.12927,2963,301,6,83,9.975611013582838e+18,QSO,1.140149,8860,57458,501
1.2376576279022154e+18,134.373992274636,38.1218400862575,25.4147,24.59132,22.01863,20.55667,19.59606,2830,301,1,170,9.975670387210736e+18,GALAXY,0.8561665,8860,57458,717
1.2376582034210826e+18,135.12317159629,36.2681440295749,23.48866,22.72192,21.12549,19.95927,19.3081,2964,301,1,67,9.975519204361918e+18,GALAXY,0.737012,8860,57458,167
1.2376648203620846e+18,185.541145814355,38.6405211079203,21.12259,21.21279,20.95471,20.95076,20.85619,4504,301,6,174,9.946277417743309e+18,QSO,1.285228,8834,57458,282
1.2376581921515116e+18,133.732159263351,36.7364823529203,21.59953,21.18449,21.13093,21.19976,21.60473,2961,301,4,139,9.97558929822819e+18,STAR,1.047014e-05,8860,57458,422
1.2376646737859707e+18,184.940733848503,38.1181093074105,22.32402,21.5853,20.63873,20.15953,19.95842,4470,301,5,16,9.94629528480726e+18,QSO,0.4887181,8834,57458,347
1.2376582034217375e+18,136.483444366198,37.1280318769145,23.70502,23.86753,21.84871,20.56457,19.81991,2964,301,1,77,9.976733614971574e+18,GALAXY,0.6473187,8861,57459,489
1.237664880493593e+18,159.193703160717,35.8882793812865,22.43137,21.30669,21.13433,20.91452,21.11111,4518,301,6,204,9.967615365042428e+18,STAR,0.0003741812,8853,57459,85
1.2376622240583526e+18,158.770563494497,36.2842121715145,27.0414,24.13854,21.84878,20.6046,19.80869,3900,301,2,235,9.967627459670331e+18,GALAXY,0.854573,8853,57459,129
1.2376648804935273e+18,158.940211147058,35.8814079152009,21.17938,21.18251,20.97567,21.06847,21.07051,4518,301,6,203,9.967625535524985e+18,QSO,1.344102,8853,57459,122
1.237664669510599e+18,159.370512568528,37.903218668839,24.1488,24.24291,21.61097,20.53949,19.84727,4469,301,5,315,9.967843513705191e+18,GALAXY,0.2027689,8853,57459,915
1.237658203422e+18,137.152695982479,37.4022528626896,23.46563,23.57424,21.81168,20.71177,19.79882,2964,301,1,81,9.97677979445994e+18,GALAXY,0.6294771,8861,57459,657
1.2376622251325524e+18,159.72221563893,37.2862198673741,23.25064,22.0302,21.91756,22.03133,22.48012,3900,301,4,242,9.967853684187748e+18,QSO,2.785734,8853,57459,952
1.2376582034216072e+18,136.348356440532,36.9504102438143,24.16269,24.63658,22.07328,20.78261,19.91334,2964,301,1,75,9.97673306521576e+18,GALAXY,0.7855006,8861,57459,487
1.2376603433971878e+18,139.100558440507,36.8382184333953,21.64994,21.43423,21.51039,21.18804,21.39955,3462,301,3,199,9.976605246989031e+18,QSO,1.501823,8861,57459,22
1.2376603433971878e+18,139.152917544747,36.8492742467967,21.22744,21.34776,20.82198,20.97214,21.37757,3462,301,3,199,9.976605521866938e+18,QSO,1.294101,8861,57459,23
1.237658203422262e+18,137.75687066494,37.8981945563798,24.21221,23.29918,21.79091,20.50549,19.73989,2964,301,1,85,9.97679848615761e+18,GALAXY,0.7468954,8861,57459,725
1.2376648804936584e+18,159.324511847395,35.8856657905347,25.1731,22.25706,20.70582,20.01097,19.71334,4518,301,6,205,9.96760354529243e+18,STAR,0.0005373511,8853,57459,42
1.2376622251332078e+18,161.459903045949,37.6105028333796,21.7329,21.59994,21.43099,21.12912,21.26846,3900,301,4,252,9.965546359053638e+18,QSO,1.476687,8851,57460,750
1.2376651296185393e+18,187.362721180122,35.9814960924435,23.03967,23.3364,21.55767,20.25607,19.60835,4576,301,6,461,9.98347637004569e+18,GALAXY,0.8350302,8867,57460,443
1.2376622240592038e+18,161.067403195655,36.6456414041577,22.46308,20.98424,20.50233,20.38966,20.16226,3900,301,2,248,9.965438057158302e+18,QSO,3.419974,8851,57460,356
1.2376648176787791e+18,188.482382448447,36.4705640705309,24.44508,23.69131,21.82424,20.46093,19.81388,4504,301,1,190,9.983439536406155e+18,GALAXY,0.6884182,8867,57460,309
1.2376648804939205e+18,160.087564732968,35.9905152386114,22.75723,21.33166,21.06693,20.91171,21.87697,4518,301,6,209,9.965466369582717e+18,QSO,2.997841,8851,57460,459
1.237665025980302e+18,189.145898932677,35.6361692593051,23.89352,22.91085,21.40915,20.24397,19.56448,4552,301,5,123,9.983398854475928e+18,GALAXY,0.6132317,8867,57460,161
1.237664673787544e+18,189.477782694442,37.9567297918709,21.80947,21.80998,21.58332,21.56715,20.90862,4470,301,5,40,9.983594292667769e+18,QSO,1.396665,8867,57460,872
1.2376648203631987e+18,188.752079139694,38.497394699791,23.62446,22.11556,21.96347,21.62657,21.26063,4504,301,6,191,9.9835481131794e+18,QSO,2.669367,8867,57460,704
1.2376646743242186e+18,188.997135968449,38.2792053539901,22.5128,22.1636,21.90662,21.87072,21.94949,4470,301,6,37,9.983569828534049e+18,QSO,1.383422,8867,57460,783
1.237665026516517e+18,187.369567402276,36.1485188498968,23.27316,21.41478,21.11168,20.67956,20.61156,4552,301,6,113,9.983477194679409e+18,QSO,2.775133,8867,57460,446
1.2376646732500175e+18,187.553483263478,37.6026029230621,21.69979,21.42338,21.22257,21.1004,20.82863,4470,301,4,30,9.983519525877078e+18,QSO,1.681279,8867,57460,600
1.2376646737868884e+18,187.618639368276,37.9277095162416,21.9428,22.29385,21.62927,21.60145,21.71393,4470,301,5,30,9.983516777098009e+18,QSO,1.403012,8867,57460,590
1.237664817679238e+18,189.793624134561,36.3672854062023,24.93191,23.54116,21.28467,20.20213,19.516,4504,301,1,197,9.98337081692942e+18,STAR,-0.0002751083,8867,57460,59
1.237664673250214e+18,188.194014651234,37.6140770751087,21.96685,21.89731,21.78845,21.72284,21.1517,4470,301,4,33,9.983528871725914e+18,GALAXY,0.001953051,8867,57460,634
1.2376646732501486e+18,187.872013686772,37.5405229070229,21.01414,20.82881,20.85811,20.57611,20.5414,4470,301,4,32,9.983530246115449e+18,QSO,1.772945,8867,57460,639
1.2376646737871503e+18,188.263461723863,38.0279281834909,23.10278,22.56362,20.94037,19.95065,19.19949,4470,301,5,34,9.983538492452655e+18,GALAXY,0.6050917,8867,57460,669
1.237665026516648e+18,187.741580089228,36.0928558142012,21.82627,21.67538,21.65744,21.70313,20.86881,4552,301,6,115,9.983469498098014e+18,GALAXY,1.269516,8867,57460,418
1.237660765916038e+18,139.936275130572,36.3479496036668,24.81258,22.66596,21.6245,20.54873,19.78367,3560,301,6,221,9.97785071881895e+18,GALAXY,0.7017562,8862,57461,457
1.2376609629411082e+18,141.442439289685,36.7729912422251,20.42329,20.03905,19.89752,19.75319,19.77944,3606,301,5,121,9.977786397388724e+18,QSO,0.6454737,8862,57461,223
1.2376607653792973e+18,140.60660473042,36.0371708324755,18.56446,17.68443,17.35832,17.2245,17.16883,3560,301,5,223,9.977815259568951e+18,STAR,0.0003274997,8862,57461,328
1.237660962404172e+18,141.489536811647,36.4270831586431,21.12094,19.56187,18.60722,18.23803,17.86879,3606,301,4,120,9.97777430276082e+18,GALAXY,0.1108942,8862,57461,179
1.2376609634776517e+18,140.397576481885,36.8200954639667,21.50102,19.22811,18.26225,17.83381,17.52502,3606,301,6,116,9.977830927609647e+18,GALAXY,0.1093167,8862,57461,385
1.2376609629409116e+18,141.014115929346,36.5474839787602,22.63929,19.45585,19.28018,19.23682,21.69499,3606,301,5,118,9.977807013231743e+18,QSO,2.281558,8862,57461,298
1.2376607653800184e+18,142.336792039299,36.9329647522337,21.19669,21.02196,20.43688,20.31539,20.1669,3560,301,5,234,9.97774269180152e+18,QSO,1.253725,8862,57461,64
1.2376607653796252e+18,141.402104958471,36.4963621324854,21.17653,19.49027,18.52948,18.10531,17.77629,3560,301,5,228,9.977784748121285e+18,GALAXY,0.113647,8862,57461,217
1.2376603433979745e+18,140.980675849673,37.8540004263876,22.20252,21.08723,20.65385,20.53633,20.26705,3462,301,3,211,9.977924111220103e+18,STAR,-0.0002240167,8862,57461,724
1.237660764842493e+18,140.939865830836,35.9087383305461,22.78242,20.5564,20.42665,20.32302,20.66247,3560,301,4,224,9.977791894946863e+18,QSO,3.166567,8862,57461,243
1.2376609624041065e+18,141.436679630011,36.3898464811681,21.69786,19.66445,18.70758,18.30293,18.01286,3606,301,4,119,9.97777237861547e+18,GALAXY,0.1129024,8862,57461,172
1.2376607653795597e+18,141.090968591766,36.3828690529728,21.13475,21.02412,20.83908,20.65355,20.64926,3560,301,5,227,9.97779574323756e+18,QSO,0.9237154,8862,57461,257
1.237660962940519e+18,140.101726910772,36.2093020042311,20.72291,20.57865,20.62077,20.42227,20.63659,3606,301,5,112,9.977851543452668e+18,QSO,2.014955,8862,57461,460
1.2376609618673664e+18,142.052223848909,36.1215014622669,22.71738,20.53865,19.09851,19.67424,17.68876,3606,301,3,121,9.97774818935966e+18,STAR,0.0001446671,8862,57461,84
1.2376609634780447e+18,141.385168209013,37.1851980250016,23.64933,24.27226,21.6309,20.29173,19.60228,3606,301,6,122,9.97779024567942e+18,GALAXY,0.7015522,8862,57461,237
1.237660765916038e+18,139.919439687833,36.4239921606887,22.99056,23.39013,21.79093,20.555,19.83486,3560,301,6,221,9.977851268574763e+18,GALAXY,0.5742629,8862,57461,459
1.237660765380084e+18,142.438167665582,36.8700380706331,21.98778,21.74841,21.64973,21.50286,21.23825,3560,301,5,235,9.977731696685242e+18,QSO,0.6691347,8862,57461,24
1.2376607659162348e+18,140.423196341933,36.6484410895202,24.16778,24.41623,22.26912,20.88157,19.90246,3560,301,6,224,9.977819382737558e+18,STAR,-0.0003425943,8862,57461,343
1.2376607653795597e+18,141.045928911518,36.4476861654906,21.67984,21.75257,21.32801,21.39872,20.99377,3560,301,5,227,9.97779491860384e+18,QSO,1.178132,8862,57461,254
1.237660764842886e+18,141.950629337803,36.266008023836,24.11031,22.75114,21.30018,20.00216,19.3565,3560,301,4,230,9.977750663260822e+18,GALAXY,0.6693586,8862,57461,93
1.2376609629415667e+18,142.654439659133,37.2440451486949,24.63467,21.72361,21.32797,20.55791,21.42775,3606,301,5,128,9.977735544975942e+18,STAR,-0.0004488024,8862,57461,38
1.2376609624044347e+18,142.258571982493,36.6181403419454,23.75995,22.51624,21.56707,20.51443,19.63863,3606,301,4,124,9.977740217900358e+18,QSO,7.010295,8862,57461,55
1.2376607648430825e+18,142.492284155076,36.4602503856941,25.38777,23.15303,21.51237,20.46363,19.71443,3560,301,4,233,9.977738568632916e+18,GALAXY,0.5979346,8862,57461,49
1.2376609634775212e+18,140.108432238355,36.5378598889277,22.58706,23.1307,21.45731,20.16589,19.46294,3606,301,6,114,9.97784797003988e+18,GALAXY,0.7121624,8862,57461,447
1.2376609629407808e+18,140.73974678443,36.375194112505,24.33823,24.32349,22.09345,20.8059,19.85128,3606,301,5,116,9.97780563884221e+18,GALAXY,0.8065766,8862,57461,293
1.2376609629407153e+18,140.498715809848,36.3232276177157,20.69382,20.70356,20.37692,20.24894,20.11985,3606,301,5,115,9.977827903952673e+18,QSO,1.422425,8862,57461,374
1.2376609618671045e+18,141.303563286754,35.8498645225436,21.25155,20.73013,20.55381,20.73764,20.68711,3606,301,3,117,9.9777814495864e+18,QSO,2.551569,8862,57461,205
1.2376607653800184e+18,142.288807702489,37.0179279302486,24.61688,24.09369,21.71282,20.67152,19.87728,3560,301,5,234,9.977745715458497e+18,GALAXY,0.5801,8862,57461,75
1.237660765379888e+18,142.060112412643,36.6866987217433,23.53387,24.11945,21.7469,20.41787,19.71354,3560,301,5,232,9.977752862284075e+18,GALAXY,0.6524757,8862,57461,101
1.2376609624041068e+18,141.435962330241,36.2529021121347,24.53331,23.83945,21.55846,20.35499,19.65524,3606,301,4,119,9.97778309885384e+18,GALAXY,0.6371198,8862,57461,211
1.2376609629406502e+18,140.472780734381,36.2860219079554,24.66067,24.52374,22.20516,20.68883,19.91877,3606,301,5,114,9.977826529563138e+18,GALAXY,0.8012573,8862,57461,369
1.237660765380215e+18,142.746139427772,37.1205844392918,20.44614,20.32525,20.15777,20.02007,20.05511,3560,301,5,237,9.977728947906173e+18,QSO,1.436076,8862,57461,14
1.237660765379363e+18,140.736604350065,36.1213874305083,21.92204,21.48055,21.33257,21.17369,21.27843,3560,301,5,224,9.977814709813142e+18,QSO,2.010644,8862,57461,326
1.237660962940715e+18,140.548780926534,36.291705221338,19.62715,19.52819,19.60576,19.47713,19.4179,3606,301,5,115,9.97782543005151e+18,QSO,2.060963,8862,57461,365
1.2376607653798223e+18,141.86018203135,36.6359155458617,26.60234,22.80015,21.43139,20.22027,19.57644,3560,301,5,231,9.977760009109656e+18,GALAXY,0.6649018,8862,57461,127
1.2376619577623183e+18,216.250304466139,47.2143096760005,22.35643,21.54839,21.29696,21.58442,21.22486,3838,301,2,112,9.564703452581616e+18,QSO,2.593571,8495,57481,668
1.237665025445e+18,193.562358203183,35.0371568452158,26.19606,23.92365,22.67099,20.75916,19.64268,4552,301,4,147,9.985685564136118e+18,STAR,-0.0001635722,8869,57481,288
1.2376613859965015e+18,220.386096955674,50.9719520714354,23.38465,24.36,21.46249,20.20061,19.36073,3705,301,1,138,9.462306759320558e+18,GALAXY,0.7685317,8404,57481,887
1.2376646732518523e+18,192.793670701418,37.3841574277242,21.98107,21.40506,20.9936,20.90475,21.76104,4470,301,4,58,9.985768577264015e+18,QSO,1.189933,8869,57481,590
1.237661212044231e+18,216.350876673474,46.1105017534121,22.42252,22.03884,21.36257,21.22797,20.9517,3664,301,5,45,9.56472901622696e+18,QSO,1.112098,8495,57481,761
1.2376582050573852e+18,215.291319663995,46.0495160716069,24.96446,23.21694,21.20699,20.2178,19.56305,2964,301,4,459,9.564678988447896e+18,GALAXY,0.5928347,8495,57481,579
1.2376646732522465e+18,194.019480990217,37.3647102561197,26.70656,23.1607,22.39615,20.96449,19.46964,4470,301,4,64,9.98582492723494e+18,GALAXY,0.8923433,8869,57481,795
1.237658204521497e+18,218.092979001171,44.9282057218705,23.28532,21.86972,21.49425,21.50431,21.18429,2964,301,3,474,9.56453220364559e+18,QSO,3.120538,8495,57481,45
1.23766138653311e+18,219.951696155466,51.6587496233761,21.39172,20.83031,20.83217,20.75151,20.79741,3705,301,2,134,9.462310607611257e+18,QSO,2.539409,8404,57481,901
1.2376613865331103e+18,219.896381390482,51.4898774242612,22.7618,22.20409,22.03209,21.91858,21.52986,3705,301,2,134,9.46227239958219e+18,QSO,2.07024,8404,57481,762
1.2376582045213665e+18,217.853054342534,44.9824251830864,22.60013,21.67316,21.52769,21.66734,21.86848,2964,301,3,472,9.564544298273495e+18,QSO,2.616311,8495,57481,89
1.237661385996239e+18,219.576095441608,51.2818602671496,19.73961,19.72027,19.56149,19.65663,19.71316,3705,301,1,134,9.462269101047306e+18,QSO,1.27547,8404,57481,750
1.2376650259823332e+18,194.84366257366,35.3739316252783,20.60768,20.72245,20.73407,20.59557,20.39053,4552,301,5,154,9.9856096978338e+18,QSO,2.087039,8869,57481,12
1.2376582045203172e+18,214.643458381688,45.8772288493785,20.63993,20.7496,20.40334,20.39396,20.11692,2964,301,3,456,9.564657273093247e+18,QSO,1.354073,8495,57481,500
1.2376613865335688e+18,221.42523777302,51.098252554687,21.31237,21.01121,20.85257,21.00444,20.62237,3705,301,2,141,9.462332872721715e+18,QSO,1.015131,8404,57481,982
1.2376582045211694e+18,217.057526172036,45.0795887157262,25.9804,22.50495,21.17863,20.56061,20.29977,2964,301,3,469,9.564567113139771e+18,STAR,-0.0001079692,8495,57481,172
1.237665026518352e+18,192.444076061085,35.9009551917695,23.90444,21.61882,19.81785,19.08813,18.59544,4552,301,6,141,9.985736141671e+18,GALAXY,0.4203469,8869,57481,472
1.237665025445069e+18,193.648655467509,34.9862455287642,21.99339,21.97776,21.5361,21.31351,20.79725,4552,301,4,148,9.985684739502395e+18,QSO,1.371711,8869,57481,285
1.2376614160667776e+18,218.135765346319,51.5427891451595,23.59859,22.16456,21.09276,20.09441,19.46379,3712,301,1,222,9.462201755960105e+18,GALAXY,0.8123496,8404,57481,505
1.237664673252508e+18,194.668714053538,37.3154522465552,22.74275,21.88079,21.49861,21.3311,21.47812,4470,301,4,68,9.9858669835547e+18,GALAXY,0.1193963,8869,57481,948
1.237661386533307e+18,220.4447595008,51.351392857748,25.03203,22.98537,21.44708,20.55465,20.05588,3705,301,2,137,9.462287792744978e+18,STAR,-4.970892e-06,8404,57481,818
1.237659131672527e+18,218.561831427863,49.3237664720838,22.60029,21.12534,20.84364,20.68771,20.61543,3180,301,2,92,9.462175642558943e+18,STAR,-4.179582e-05,8404,57481,410
1.2376612120438377e+18,215.164945239861,46.4056541023831,20.37856,20.31624,20.29852,20.10604,19.95308,3664,301,5,39,9.5646633204072e+18,QSO,1.797592,8495,57481,522
1.2376591327462694e+18,219.252343205834,50.0990691157073,23.40985,23.70524,22.01413,20.92743,19.91402,3180,301,4,92,9.462147879890346e+18,GALAXY,0.927233,8404,57481,309
1.2376613865329787e+18,219.43810108256,51.7134917675796,21.58784,21.3543,20.87534,20.91914,20.58213,3705,301,2,132,9.46227130007056e+18,QSO,1.2551,8404,57481,758
1.2376613865330445e+18,219.649803883259,51.6781927487622,22.57595,20.33432,19.5026,19.24808,19.03014,3705,301,2,133,9.46227597299498e+18,STAR,0.0001581073,8404,57481,775
1.2376646732522455e+18,193.892875879705,37.2858756560332,22.22103,21.64026,21.51254,21.01163,21.10116,4470,301,4,64,9.985812557729126e+18,QSO,1.665625,8869,57481,750
1.237658204521038e+18,216.740444371029,45.3200435310638,21.76586,20.97504,20.84033,20.86675,20.61021,2964,301,3,467,9.564573985087445e+18,QSO,2.589999,8495,57481,197
1.2376648176805486e+18,193.355801844925,36.1926255642848,24.20706,24.15574,21.44942,20.31744,19.38815,4504,301,1,217,9.985704530711695e+18,GALAXY,0.5995494,8869,57481,357
1.237661386533241e+18,220.299157070088,51.4113542797673,22.52846,21.45666,21.54688,21.39069,21.72559,3705,301,2,136,9.462312531756603e+18,QSO,2.27525,8404,57481,908
1.237665025445e+18,193.458443119458,34.9941226629076,24.46708,22.94461,21.79467,20.7268,20.39645,4552,301,4,147,9.98569518486286e+18,GALAXY,0.6376681,8869,57481,323
1.2376612120444933e+18,217.040437665207,45.7929058047842,24.67131,21.37576,20.9865,20.49075,20.36661,3664,301,5,49,9.564580307279305e+18,QSO,3.262182,8495,57481,220
1.2376582045204485e+18,215.115558459842,45.8452443776219,21.40508,21.40872,21.11936,20.94672,20.97088,2964,301,3,458,9.564651225779296e+18,QSO,1.315796,8495,57481,478
1.2376650254451343e+18,193.849203564805,35.0800981830901,22.11992,21.80969,21.50175,21.52564,22.53501,4552,301,4,149,9.985674294141934e+18,QSO,1.273291,8869,57481,247
1.237661385996567e+18,220.714434857961,50.8752662171319,23.61868,22.08483,21.47926,21.30501,21.05084,3705,301,1,139,9.46231912882637e+18,GALAXY,0.1747009,8404,57481,932
1.2376553499650954e+18,239.010767393767,50.2626292909001,22.04578,21.1905,21.00168,21.27134,21.36043,2299,301,6,264,9.468859573744198e+18,QSO,3.096577,8410,57481,150
1.237661212044362e+18,216.832418395951,46.0276967319428,22.0668,21.52351,21.0183,20.52831,20.26336,3664,301,5,47,9.56474111085487e+18,QSO,1.641461,8495,57481,805
1.2376612120440998e+18,215.849259617241,46.1416241694443,21.80861,21.34546,21.35484,21.18179,21.24638,3664,301,5,43,9.564697955023477e+18,QSO,1.960591,8495,57481,648
1.2376613865330445e+18,219.677739739005,51.5863391546845,18.29614,17.34477,17.06834,16.96189,16.96523,3705,301,2,133,9.462273499093815e+18,STAR,-1.561407e-05,8404,57481,766
1.2376612120442967e+18,216.469854657912,46.0350556644364,23.94274,22.98673,22.14737,20.83443,20.25994,3664,301,5,46,9.564729840860682e+18,STAR,-0.0003716704,8495,57481,764
1.2376612120440998e+18,215.967987046703,46.2669585730036,21.95568,20.97378,20.87731,20.86626,20.44507,3664,301,5,43,9.564696030878128e+18,QSO,2.526387,8495,57481,641
1.2376591316727892e+18,219.482544659515,49.1210703155403,20.75103,20.623,20.12912,20.08132,20.08287,3180,301,2,96,9.462140733064763e+18,QSO,1.405591,8404,57481,283
1.237661958299714e+18,218.011155813313,47.166708983958,24.63984,23.38691,21.4682,20.31508,19.58485,3838,301,3,120,9.56476035230835e+18,GALAXY,0.6386863,8495,57481,875
1.2376591316727887e+18,219.44411434084,49.1395566201261,23.97193,21.24035,21.24041,21.17827,20.67971,3180,301,2,96,9.462140458186856e+18,QSO,2.398269,8404,57481,282
1.2376612120440343e+18,215.815734382134,46.2347404786201,21.7002,21.12158,20.78473,20.80453,20.84826,3664,301,5,42,9.564700703802546e+18,QSO,1.185399,8495,57481,658
1.2376591316723308e+18,218.043706884772,49.5792573143011,22.45843,21.85924,21.62501,21.42242,21.31811,3180,301,2,89,9.46218416377406e+18,QSO,2.720651,8404,57481,441
1.2376591327468593e+18,221.266905983357,49.48286629607,24.29193,25.58479,22.29111,20.87547,19.66223,3180,301,4,101,9.462076961390352e+18,GALAXY,0.7963345,8404,57481,51
1.237665026518352e+18,192.450453309986,35.9478778332107,24.14125,21.01973,19.44661,18.85354,18.50609,4552,301,6,141,9.985737241182624e+18,GALAXY,0.3569411,8869,57481,476
1.2376612120442967e+18,216.589897616939,45.9698641465805,23.02977,22.66371,21.69923,20.54891,19.75644,3664,301,5,46,9.564742210366497e+18,GALAXY,0.6847714,8495,57481,809
1.237664673251984e+18,193.158411969877,37.2469346991695,23.10301,21.42562,21.14169,21.43148,21.67781,4470,301,4,60,9.985769401897736e+18,QSO,3.028081,8869,57481,593
1.2376553483544827e+18,237.608164687739,49.3662361879685,22.52924,21.48621,21.33352,21.24512,21.95358,2299,301,3,264,9.4689074025e+18,STAR,-0.001186573,8410,57481,324
1.2376582045209075e+18,216.408453100953,45.3731943358679,23.70608,23.94352,22.00545,20.77823,19.64972,2964,301,3,465,9.564608069947906e+18,GALAXY,0.8889395,8495,57481,321
1.2376591316722647e+18,217.867389352933,49.6580870727642,21.94339,21.7533,21.60454,21.30359,21.47326,3180,301,2,88,9.462187187431037e+18,QSO,2.034522,8404,57481,452
1.2376646732522465e+18,194.014740311082,37.2280281126902,23.741,22.18514,21.62507,21.55929,21.74636,4470,301,4,64,9.985823552845404e+18,GALAXY,0.3021886,8869,57481,790
1.2376646737891172e+18,194.056971185112,37.587572308624,23.18753,22.80219,21.94806,20.69326,19.73393,4470,301,5,64,9.98582107894424e+18,GALAXY,0.9101382,8869,57481,781
1.237665025444807e+18,192.979411587758,34.9567010343201,21.40027,21.05039,20.82257,20.43502,20.14235,4552,301,4,144,9.985717175095417e+18,QSO,1.839288,8869,57481,403
1.237658204520448e+18,214.875552720404,45.7768856476014,20.77736,20.29631,20.03352,19.70739,19.71357,2964,301,3,458,9.564654524314182e+18,QSO,1.695289,8495,57481,490
1.2376551298355044e+18,240.404518565052,50.7386035471316,23.31617,21.6356,21.05847,20.66992,20.14797,2248,301,4,73,9.468821640593035e+18,STAR,-0.0004908891,8410,57481,12
1.2376512504384072e+18,238.337421947195,51.2268249082969,24.62168,23.00408,21.55448,20.34631,19.6073,1345,301,2,563,9.46903906901743e+18,GALAXY,0.7088206,8410,57481,803
1.2376646732524424e+18,194.51583490209,37.2080066675655,21.40994,21.1626,21.02598,20.95388,20.69961,4470,301,4,67,9.98585818746168e+18,QSO,2.11275,8869,57481,916
1.237661212043969e+18,215.484283090735,46.363299363346,22.06426,21.67978,21.10366,21.05995,20.87102,3664,301,5,41,9.56467541503511e+18,QSO,1.007521,8495,57481,566
1.2376613865334377e+18,220.916873553401,51.2153304669053,21.44433,21.34581,21.10137,21.13697,20.95188,3705,301,2,139,9.462323251994974e+18,QSO,1.431054,8404,57481,947
1.2376612109702922e+18,215.247572711012,45.5744860430566,20.02832,19.93558,19.99149,19.77365,19.89405,3664,301,3,42,9.564649576511857e+18,QSO,1.83551,8495,57481,472
1.2376582045209068e+18,216.392889354532,45.3232918896312,18.48895,17.35014,17.11864,17.01388,17.00072,2964,301,3,465,9.564591302395582e+18,STAR,-0.0004930189,8495,57481,260
1.237661386533438e+18,220.991594248108,51.1524440272762,22.17405,22.02165,21.92744,21.846,21.71957,3705,301,2,139,9.462333972233343e+18,QSO,2.075126,8404,57481,986
1.2376582045208412e+18,216.179866941483,45.4171467597888,19.97885,19.97108,19.89387,19.54276,19.48576,2964,301,3,464,9.56461933994209e+18,QSO,1.723923,8495,57481,362
1.2376613865334377e+18,220.932457688956,51.0879313064103,21.93655,21.89685,21.55055,21.38044,20.82632,3705,301,2,139,9.462327100285671e+18,QSO,1.023142,8404,57481,961
1.2376582045208412e+18,216.187437353949,45.4404507208334,20.54306,20.17417,19.978,19.74636,19.41274,2964,301,3,464,9.564619889697905e+18,QSO,0.7380535,8495,57481,364
1.2376591327462031e+18,219.064974218147,50.2610995850242,23.41137,22.19922,21.02536,19.9942,19.28348,3180,301,4,91,9.462160524274063e+18,GALAXY,0.66515,8404,57481,355
1.237659132746204e+18,219.06169432379,50.2147900041014,24.23256,23.34572,21.56711,20.37312,19.53893,3180,301,4,91,9.462159974518247e+18,GALAXY,0.6997671,8404,57481,353
1.237661212044165e+18,216.082986204033,46.0604881527426,20.07841,20.23496,19.98903,19.92836,19.81515,3664,301,5,44,9.564733689151382e+18,QSO,1.413281,8495,57481,778
1.2376591327463347e+18,219.323192991128,49.9675367507136,23.06258,23.01643,21.53829,20.48364,19.63692,3180,301,4,93,9.462145680867088e+18,GALAXY,0.5516379,8404,57481,301
1.2376582034471654e+18,215.864128265514,44.702216230583,25.41368,22.92804,21.44521,20.36085,19.56326,2964,301,1,465,9.564586629471164e+18,GALAXY,0.6948499,8495,57481,243
1.2376582034471e+18,215.815735749078,44.7210871113947,22.01278,23.32081,21.38406,20.28507,19.44445,2964,301,1,464,9.564626761645578e+18,GALAXY,0.6087298,8495,57481,389
1.2376582045205143e+18,215.315498091222,45.784783643793,23.00608,22.52958,21.27474,20.07752,19.42241,2964,301,3,459,9.564651500657203e+18,GALAXY,0.5815185,8495,57481,479
1.237659133283271e+18,220.141343404919,50.370150168006,22.3159,20.68478,19.28501,18.77608,18.40978,3180,301,5,94,9.462106373326395e+18,GALAXY,0.2660424,8404,57481,158
1.2376551292977812e+18,237.870026296675,52.0009642060598,23.25039,21.98846,21.65779,21.59677,22.76307,2248,301,3,60,9.46901103147092e+18,STAR,-0.0004876794,8410,57481,701
1.2376591316722647e+18,217.783649509336,49.6495077216952,20.60246,20.5255,20.20548,20.1735,20.02028,3180,301,2,88,9.46218691255313e+18,QSO,1.375078,8404,57481,451
1.237658204520907e+18,216.417608530565,45.4731447401088,22.04665,22.22845,21.87891,21.86416,22.5987,2964,301,3,465,9.56461026897116e+18,QSO,1.283578,8495,57481,329
1.2376591327463347e+18,219.492674984954,50.0324688278141,24.69151,23.16642,21.65274,20.62628,19.95042,3180,301,4,93,9.462135785262438e+18,GALAXY,0.6515931,8404,57481,265
1.2376591327458762e+18,217.953511789204,50.5653147212156,23.94844,23.61153,21.87449,20.58544,19.84402,3180,301,4,86,9.462214950099638e+18,GALAXY,0.7667449,8404,57481,553
1.237662300824994e+18,216.479511240214,47.0085527099557,22.36321,21.17444,20.75793,20.47017,20.27838,3918,301,1,145,9.56470152843627e+18,GALAXY,0.1336098,8495,57481,661
1.237658206131e+18,215.354295957842,46.9445693776697,21.60068,21.68908,21.13502,21.17695,20.99015,2964,301,6,457,9.564669367721157e+18,QSO,1.327537,8495,57481,544
1.237661212044231e+18,216.391437986366,46.0023576101842,21.26993,20.07261,19.55073,19.06777,18.78605,3664,301,5,45,9.564730390616496e+18,QSO,2.808312,8495,57481,766
1.237664673252443e+18,194.534335024643,37.2867562123589,23.22892,22.44332,22.10163,22.03822,22.07209,4470,301,4,67,9.98585626331633e+18,QSO,1.31818,8869,57481,909
1.237665025445135e+18,193.896766739835,34.9178073492656,22.46879,20.94425,19.68735,19.24381,18.99858,4552,301,4,149,9.985663299025658e+18,GALAXY,0.1817581,8869,57481,207
1.2376646732522465e+18,193.968833849446,37.2614251424946,25.16976,23.35341,22.04542,20.72639,19.95526,4470,301,4,64,9.985823827723311e+18,GALAXY,0.8627028,8869,57481,791
1.2376512504380795e+18,237.584925448727,51.8439113621035,26.46697,23.42455,21.56993,20.4052,19.67981,1345,301,2,558,9.469001135866272e+18,GALAXY,0.7066641,8410,57481,665
1.2376591322096612e+18,219.90274793823,49.4758794408104,26.0414,23.36514,22.14607,20.93189,19.93783,3180,301,3,96,9.462121491611275e+18,GALAXY,0.6646477,8404,57481,213
1.2376582045211692e+18,217.079093156337,45.066261972106,21.17095,20.49401,20.49848,20.53638,20.19365,2964,301,3,469,9.564567937773492e+18,QSO,2.38949,8495,57481,175
1.237661210970555e+18,216.073423491771,45.3532080496466,24.44702,22.03686,21.81703,21.92107,21.48404,3664,301,3,46,9.564630335058369e+18,QSO,2.96941,8495,57481,402
1.2376612120440996e+18,215.917303403619,46.2861019644372,20.1747,19.89034,19.82461,19.68309,19.50914,3664,301,5,43,9.564699604290918e+18,QSO,2.152487,8495,57481,654
1.2376553499648335e+18,238.248253453136,50.5627312044626,23.30054,21.94052,21.31478,20.60591,20.27019,2299,301,6,260,9.468881563976751e+18,GALAXY,0.8867753,8410,57481,230
1.2376593249471695e+18,225.718109778553,52.0486482566698,21.72668,21.92424,21.61067,21.52708,21.78023,3225,301,2,109,9.45433062711154e+18,QSO,1.311224,8397,57482,542
1.2376591611958395e+18,227.593706959019,47.7904082247238,21.60173,21.72389,21.12562,21.14462,20.67642,3187,301,1,22,9.49257356567094e+18,QSO,1.13296,8431,57482,405
1.237661387607639e+18,223.03680242349,51.4117390894949,22.6454,23.78102,21.98062,20.87623,19.75098,3705,301,4,146,9.458881230861e+18,QSO,1.880369,8401,57482,713
1.237659163343127e+18,228.425419496691,49.3998596124218,24.40874,25.56422,21.97017,20.62125,19.85534,3187,301,5,19,9.492658777822091e+18,GALAXY,0.7909077,8431,57482,715
1.2376613865342897e+18,223.604748867646,50.2697772736585,22.03247,22.14889,21.98528,21.74519,21.95643,3705,301,2,152,9.458741867762178e+18,QSO,1.38751,8401,57482,206
1.237661386535601e+18,227.590270604457,48.5498040745902,22.7319,22.9373,21.69258,20.52653,19.72013,3705,301,2,172,9.49258181200815e+18,GALAXY,0.6665336,8431,57482,435
1.237659162805994e+18,227.323892212447,49.2665177848479,21.27366,21.11681,20.84753,20.88274,21.20547,3187,301,4,15,9.49261644662442e+18,QSO,1.258579,8431,57482,561
1.2376614160684813e+18,223.352619045561,49.501458713361,24.76042,23.54593,21.14371,19.93583,19.19749,3712,301,1,248,9.458753137756365e+18,GALAXY,0.6606209,8401,57482,247
1.2376613876073108e+18,222.098787694851,51.7755944683009,23.24749,21.68629,21.24072,21.09596,20.61616,3705,301,4,141,9.45884687112263e+18,QSO,2.810354,8401,57482,588
1.2376591633429307e+18,227.75634541451,49.5665343810074,24.63945,23.52284,22.04369,20.70008,19.95974,3187,301,5,16,9.492625242717444e+18,GALAXY,0.7108542,8431,57482,593
1.237659161195971e+18,228.076879320104,47.5992003504435,23.62751,24.52112,21.95362,20.83546,19.90044,3187,301,1,24,9.49256202079885e+18,GALAXY,0.7480046,8431,57482,363
1.2376613876076385e+18,223.109111214585,51.313581090122,21.82261,21.63828,21.59831,21.60757,21.53972,3705,301,4,146,9.458894150122623e+18,QSO,1.543689,8401,57482,760
1.2376613865360591e+18,228.775365339035,47.8493237844975,21.3154,21.41201,20.91596,20.9199,20.68697,3705,301,2,179,9.49251941472327e+18,QSO,1.374681,8431,57482,208
1.2376613870725368e+18,228.160636732617,48.8205248948548,21.60643,21.76075,21.34752,21.47388,21.17648,3705,301,3,173,9.49265355514186e+18,QSO,1.217169,8431,57482,696
1.2376591611961674e+18,228.502206387527,47.4188021328578,21.13981,20.86553,20.60956,20.14247,20.46424,3187,301,1,27,9.492540305444198e+18,QSO,1.564533,8431,57482,284
1.2376613859976156e+18,223.960508767896,49.5878550365485,22.02259,21.20909,20.94816,20.90486,21.06443,3705,301,1,155,9.458749289465663e+18,STAR,-0.001067084,8401,57482,233
1.237659163343193e+18,228.553251512263,49.222850124878,25.10019,23.3049,21.41175,20.37682,19.7232,3187,301,5,20,9.492671971961625e+18,GALAXY,0.7407334,8431,57482,763
1.2376613870708987e+18,223.324403140308,50.9007751705625,24.21998,23.08216,21.35811,20.34942,19.66003,3705,301,3,148,9.458897723535415e+18,GALAXY,0.5616193,8401,57482,773
1.2376593249476283e+18,227.276514037153,51.373485397606,21.33282,20.96525,20.7887,20.8358,20.63993,3225,301,2,116,9.454402095367346e+18,QSO,0.7696858,8397,57482,802
1.2376613865340928e+18,223.033913929801,50.3662608970088,19.08267,18.77656,18.65166,18.39954,18.33019,3705,301,2,149,9.458777327012172e+18,QSO,1.839198,8401,57482,335
1.2376613859989916e+18,227.825161530876,47.7862789503376,21.39504,21.19841,21.25742,20.95131,20.9902,3705,301,1,176,9.492573840548846e+18,QSO,1.946942,8431,57482,406
1.2376613865357975e+18,227.960079102535,48.2346507051491,23.97174,23.42274,21.67718,20.5553,19.83021,3705,301,2,175,9.492556523240708e+18,GALAXY,0.7761683,8431,57482,343
1.2376593244106268e+18,226.304335120476,51.1810138559768,24.41462,23.57611,21.63345,20.53385,19.75944,3225,301,1,114,9.454358939535956e+18,GALAXY,0.6406329,8397,57482,645
1.237661386534224e+18,223.398063407596,50.2167264646997,21.45112,21.50707,21.17167,21.04663,20.86839,3705,301,2,151,9.45876055945985e+18,QSO,1.181028,8401,57482,274
1.2376591611954463e+18,226.549804791229,48.3278287527778,21.2655,21.09405,20.81335,20.77302,20.6614,3187,301,1,16,9.492594731269771e+18,QSO,1.094506,8431,57482,482
1.2376613865354035e+18,226.884123361303,48.7263997142607,21.71663,21.49264,21.12456,21.09688,21.13968,3705,301,2,169,9.49260847516512e+18,QSO,1.272992,8431,57482,532
1.237659324412e+18,230.243182329574,49.3219627933566,24.78946,23.38903,21.73611,20.42274,19.63382,3225,301,1,135,9.49272749729883e+18,GALAXY,0.6907775,8431,57482,965
1.2376613865358628e+18,228.110806184973,48.1977427997074,22.18307,21.96908,21.47665,21.44044,20.92768,3705,301,2,176,9.492557622752336e+18,QSO,2.017755,8431,57482,347
1.2376613859970253e+18,222.21908772595,50.3555158651723,18.74552,18.56671,18.88457,19.21131,19.41067,3705,301,1,146,9.45881168675054e+18,STAR,-8.962399e-05,8401,57482,460
1.237661386533962e+18,222.53480575119,50.6040548338008,20.81169,20.78039,20.82811,20.60017,20.39035,3705,301,2,147,9.458786947738917e+18,QSO,1.945986,8401,57482,370
1.23765932494789e+18,227.863699264593,51.0522694817544,19.04492,18.18957,17.97811,17.89281,17.8841,3225,301,2,120,9.45441693877432e+18,STAR,-0.0005115104,8397,57482,856
1.2376613865356657e+18,227.637297023307,48.3653936534221,18.86959,18.87247,19.26751,19.57802,20.0013,3705,301,2,173,9.492568342990709e+18,STAR,-0.0001999337,8431,57482,386
1.2376591611955123e+18,226.72519559617,48.2466902991287,23.94696,22.07644,21.51188,20.45214,19.64292,3187,301,1,17,9.492594456391866e+18,GALAXY,0.8741506,8431,57482,481
1.237661386533831e+18,222.0913448562,50.7226846588235,21.82995,22.16551,21.86453,21.67332,22.12268,3705,301,2,145,9.458844672099375e+18,QSO,1.307817,8401,57482,580
1.237659326021763e+18,229.039861492676,51.5123991457561,22.13847,21.75988,21.83068,21.59598,21.4222,3225,301,4,122,9.454451573390596e+18,QSO,2.071325,8397,57482,982
1.237659163343258e+18,228.838205135774,49.1413550894102,23.24798,20.99921,20.15979,19.88645,19.63127,3187,301,5,21,9.492683791711623e+18,QSO,1.28108,8431,57482,806
1.2376613865338314e+18,222.203293685166,50.6425335721092,22.38792,21.51512,21.12317,20.52519,20.33956,3705,301,2,145,9.458855392337746e+18,QSO,0.6015863,8401,57482,619
1.2376593249480873e+18,228.543803198619,50.6928494062568,22.30425,21.43706,21.34118,21.18009,20.88283,3225,301,2,123,9.454202808884814e+18,QSO,2.42007,8397,57482,77
1.2376613865345518e+18,224.550468064471,49.892115490051,21.61979,21.54668,21.434,21.06763,21.12191,3705,301,2,156,9.458712180948228e+18,QSO,1.915002,8401,57482,98
1.237661386535535e+18,227.358442367572,48.6080194971819,22.34766,21.70941,21.3135,21.21034,20.92792,3705,301,2,171,9.49258153713024e+18,STAR,-0.0001967767,8431,57482,434
1.2376593260215667e+18,228.410158635864,51.8068001834381,22.44522,21.95381,22.0898,21.40401,21.53116,3225,301,4,119,9.454440578274318e+18,QSO,1.800326,8397,57482,942
1.237659326021239e+18,227.527771613875,52.2408236511823,22.55115,21.90067,22.31082,22.21984,22.02502,3225,301,4,114,9.454407318047578e+18,GALAXY,0.07587858,8397,57482,821
1.237661385998992e+18,227.948353035292,47.8412993970496,25.09452,22.03196,21.10393,20.78787,20.50622,3705,301,1,176,9.492564494700007e+18,STAR,-0.0003288785,8431,57482,372
1.237661386534617e+18,224.567548797728,49.8479265972041,20.69805,20.67462,20.38939,20.51385,20.7923,3705,301,2,157,9.458710531680786e+18,QSO,1.164772,8401,57482,92
1.237661387608622e+18,226.17859298113,50.1235398350989,24.0344,23.79462,21.92887,20.41984,19.77778,3705,301,4,161,9.454285822012709e+18,GALAXY,0.6653849,8397,57482,379
1.237659324410233e+18,225.238819457243,51.797697006135,23.78223,25.35501,23.52953,21.55078,19.62611,3225,301,1,108,9.454332001501078e+18,GALAXY,1.355396,8397,57482,547
1.2376613865344207e+18,224.070279306328,50.0842475085057,21.1876,21.14946,20.65509,20.63309,20.61679,3705,301,2,154,9.458722351430783e+18,QSO,1.317376,8401,57482,135
1.2376591611960364e+18,228.139646042311,47.3776861663275,21.21581,20.96675,20.79536,20.46229,20.48063,3187,301,1,25,9.492551025682567e+18,QSO,1.753271,8431,57482,323
1.2376613865363868e+18,229.653158700509,47.4394334709829,20.8768,20.89812,21.03403,20.61463,20.59497,3705,301,2,184,9.492484780107e+18,QSO,1.889748,8431,57482,82
1.237659324948284e+18,229.216577751919,50.5391778055676,24.4179,24.70323,22.07024,20.88243,19.95743,3225,301,2,126,9.454183017675514e+18,GALAXY,0.8399461,8397,57482,5
1.2376614160680228e+18,222.040347708253,49.9944452757695,22.50022,23.91621,21.74809,20.68045,19.57497,3712,301,1,241,9.458806464070308e+18,GALAXY,0.8290614,8401,57482,441
1.2376593244104305e+18,225.889578737028,51.6058334717365,22.85938,23.74555,22.12754,20.475,19.77795,3225,301,1,111,9.454345195640609e+18,GALAXY,0.6796125,8397,57482,595
1.2376613865341583e+18,223.083103696372,50.3168144785911,20.93155,20.7675,20.48327,20.42313,20.37397,3705,301,2,150,9.4587624836052e+18,QSO,1.091635,8401,57482,281
1.237659163342668e+18,227.197872226236,49.9376234306239,22.92272,23.36374,21.81776,20.73317,19.94593,3187,301,5,12,9.454249538128992e+18,GALAXY,0.5493633,8397,57482,247
1.2376614160684155e+18,223.109986371186,49.5504126926109,25.722,23.48401,21.51187,20.46744,19.68628,3712,301,1,247,9.45876963043078e+18,GALAXY,0.6114862,8401,57482,307
1.2376613876077043e+18,223.23329672302,51.2540294780491,23.35422,23.5281,21.94592,20.71592,19.74298,3705,301,4,147,9.45889552451216e+18,GALAXY,0.7743726,8401,57482,765
1.237659324410234e+18,225.128398960524,51.7053960625376,26.39031,23.59902,21.40242,20.13394,19.45475,3225,301,1,108,9.454333101012703e+18,GALAXY,0.6893898,8397,57482,551
1.2376593249480878e+18,228.573625542267,50.916298985883,27.2841,22.59064,21.54488,20.41649,19.49316,3225,301,2,123,9.45445019900106e+18,GALAXY,0.6008613,8397,57482,977
1.2376613865361902e+18,229.115211602901,47.7989108384938,21.32531,20.96113,20.93699,20.9403,20.77096,3705,301,2,181,9.492510343752342e+18,QSO,1.977975,8431,57482,175
1.2376593249475628e+18,227.061994699641,51.4699797148421,20.47583,20.33647,20.42499,20.09729,20.04446,3225,301,2,115,9.454391650006882e+18,QSO,1.800378,8397,57482,764
1.2376613865363213e+18,229.422208434694,47.5426531532429,21.4346,21.40178,21.15857,21.21712,21.17696,3705,301,2,183,9.49249605010118e+18,QSO,1.175729,8431,57482,123
1.2376613865345518e+18,224.368453482526,49.9283794038568,20.87709,20.61147,20.45331,20.16957,20.23178,3705,301,2,156,9.458722626308692e+18,QSO,1.552097,8401,57482,136
1.23766138761e+18,230.119647763643,48.3048149120969,21.59317,19.72227,19.0385,18.76776,18.61331,3705,301,4,182,9.49246828743258e+18,STAR,-0.001018985,8431,57482,22
1.2376613876083592e+18,225.279639750945,50.5321084331606,21.54119,20.84536,20.76519,20.75146,20.61477,3705,301,4,157,9.458689091204045e+18,QSO,0.788493,8401,57482,14
1.237659324947498e+18,226.792249040406,51.5014558920318,24.34708,23.38878,21.92081,20.73283,19.83025,3225,301,2,114,9.454379280501068e+18,GALAXY,0.7887779,8397,57482,719
1.237659324410757e+18,226.694137109193,51.0386119877108,21.89981,21.83193,21.61657,21.36592,21.20916,3225,301,1,116,9.454372133675487e+18,QSO,1.457202,8397,57482,693
1.237661386535928e+18,228.296436565866,48.0798676999633,22.17407,21.47629,21.06004,21.04505,20.95653,3705,301,2,177,9.49254113007792e+18,QSO,1.373225,8431,57482,287
1.237661386533962e+18,222.459975743384,50.5230246168947,21.49985,21.72162,21.60125,21.40309,21.49615,3705,301,2,147,9.458799867000543e+18,QSO,1.924215,8401,57482,417
1.2376613870705713e+18,222.137989624008,51.2099163439452,23.42723,21.92029,21.69353,21.44045,20.94162,3705,301,3,143,9.45885044453542e+18,QSO,0.880527,8401,57482,601
1.2376593244104947e+18,226.062993165879,51.3566106699963,22.92653,22.28822,21.80373,21.57927,21.49732,3225,301,1,112,9.454347669541771e+18,GALAXY,0.2547408,8397,57482,604
1.2376591611959708e+18,227.806736039558,47.5358943315892,21.96587,21.79166,21.30554,21.01389,20.65911,3187,301,1,24,9.492574665182566e+18,QSO,1.499233,8431,57482,409
1.2376613865338312e+18,222.317028250633,50.7919215646003,22.13514,22.07457,21.35664,21.66065,21.1999,3705,301,2,145,9.458853743070304e+18,QSO,1.347918,8401,57482,613
1.2376591633433236e+18,229.042455788612,49.1158736955721,24.89146,22.36588,20.91191,20.23449,19.77226,3187,301,5,22,9.492685166101156e+18,STAR,-0.0001686542,8431,57482,811
1.237661387609277e+18,227.962943607676,49.2674687857745,21.86966,22.13323,21.61381,21.41922,22.08813,3705,301,4,171,9.492639261490698e+18,QSO,1.155764,8431,57482,644
1.2376613876088837e+18,226.8234430843,49.7931962776948,21.08639,21.08948,20.89812,21.02135,20.93192,3705,301,4,165,9.454263556902246e+18,QSO,0.9026212,8397,57482,298
1.2376593260214356e+18,228.093117476846,51.9955710324711,21.93595,21.91639,21.5727,21.81,21.25861,3225,301,4,117,9.454430132913854e+18,QSO,1.04441,8397,57482,904
1.237661386534224e+18,223.488906993325,50.2863104311627,20.76407,20.62868,20.36928,20.40992,20.48876,3705,301,2,151,9.458760284581943e+18,QSO,0.9768671,8401,57482,273
1.2376593244118715e+18,229.915579185652,49.5046840437095,21.12951,20.81936,21.05441,21.34826,20.88061,3225,301,1,133,9.492712379013943e+18,STAR,9.50172e-05,8431,57482,910
1.2376614182163584e+18,225.928293744373,50.3886073728495,24.50934,23.06502,21.11593,19.97661,19.26671,3712,301,5,254,9.454297916640614e+18,GALAXY,0.6050862,8397,57482,423
1.237661386535666e+18,227.513479725141,48.4207779664426,22.43949,21.416,21.08096,20.97664,20.98971,3705,301,2,173,9.492579338106984e+18,STAR,-0.0005279494,8431,57482,426
1.237661385997222e+18,222.680759974359,50.0907894980133,23.35983,24.22626,23.35221,21.49051,19.52997,3705,301,1,149,9.458785023593568e+18,GALAXY,0.4412779,8401,57482,363
1.237659324410626e+18,226.461741690654,51.2501516818571,21.6231,21.82959,21.68387,22.3049,22.20663,3225,301,1,114,9.45437020953014e+18,GALAXY,0.01277055,8397,57482,686
1.237661386533765e+18,221.902104668777,50.7734052089255,20.10353,19.83751,19.54916,19.57655,19.48078,3705,301,2,144,9.45884247307612e+18,QSO,0.9167905,8401,57482,572
1.2376625010728645e+18,222.582359561217,47.0816362670171,24.74149,23.78502,21.9149,20.69149,19.88418,3964,301,6,69,9.557939531959e+18,GALAXY,0.6019852,8489,57483,637
1.2376623019008333e+18,223.198211857109,45.5608833592253,22.13395,21.7585,21.27113,20.68648,20.42113,3918,301,3,177,9.55783535323227e+18,GALAXY,0.6264784,8489,57483,258
1.2376624994621855e+18,221.366738115712,46.0628954373808,22.46121,22.74209,21.41644,20.19291,19.40741,3964,301,3,68,9.55790159880784e+18,GALAXY,0.7274942,8489,57483,499
1.2376621945297308e+18,194.823071986528,42.0155700914832,20.95838,20.9102,20.89482,20.5584,21.34566,3893,301,3,224,9.44306035806571e+18,QSO,1.733893,8387,57483,501
1.237661966896464e+18,194.874097633825,41.843356851403,20.7453,20.53111,20.23611,20.2819,20.61671,3840,301,3,224,9.44306997879245e+18,QSO,1.213617,8387,57483,536
1.23766219560806e+18,208.852196560265,40.8345370466523,24.6035,24.56409,21.40909,20.2487,19.59114,3893,301,5,294,9.44860519520458e+18,GALAXY,0.6443732,8392,57483,193
1.2376619668975782e+18,198.180091778647,41.4118342075584,21.40991,21.01863,20.78132,20.44768,20.20202,3840,301,3,241,9.442932539838978e+18,QSO,0.6254316,8387,57483,36
1.2376625005365166e+18,223.646750582056,46.0449323595759,20.91367,20.52943,20.5595,20.26296,20.05404,3964,301,5,77,9.557816661534595e+18,QSO,0.6501313,8489,57483,190
1.237661965822854e+18,195.161219000062,40.9199067181599,26.41768,24.09574,21.40479,20.22853,19.52974,3840,301,1,226,9.44304936294943e+18,GALAXY,0.7446601,8387,57483,461
1.2376619668966607e+18,195.458445239411,41.6487817602899,20.6602,20.59988,20.57702,20.14846,20.46986,3840,301,3,227,9.443092243902913e+18,QSO,1.687035,8387,57483,617
1.237661966896792e+18,195.936419026142,41.6311611721395,22.69805,21.66162,21.45717,20.99829,20.44821,3840,301,3,229,9.443114509013377e+18,GALAXY,1.00414,8387,57483,698
1.237662301900964e+18,223.618603815413,45.4950448499725,22.50138,21.73713,21.3288,21.23603,20.96993,3918,301,3,179,9.55782243397064e+18,STAR,-0.001516482,8489,57483,211
1.2376619685078633e+18,197.460877579799,42.7244360460197,22.13462,21.13459,20.66225,20.55,20.47265,3840,301,6,236,9.443184877757553e+18,QSO,3.241601,8387,57483,954
1.2376621956039311e+18,196.480905875041,42.7406111530787,20.33286,20.51357,20.12137,20.18507,20.39898,3893,301,5,231,9.443137598757558e+18,QSO,1.332986,8387,57483,782
1.237662302437639e+18,223.155573143777,45.9618262610659,22.2984,21.25448,21.22069,21.30125,21.10588,3918,301,4,176,9.557838376889246e+18,QSO,2.568603,8489,57483,269
1.2376621945299927e+18,195.588653254364,41.8930944066618,21.51758,21.19535,20.51592,21.09918,20.36157,3893,301,3,228,9.443091419269192e+18,GALAXY,0.3341992,8387,57483,614
1.237662195604e+18,196.63360655524,42.6026276576953,22.1782,21.57561,21.73992,21.9128,21.23843,3893,301,5,232,9.44315299192035e+18,QSO,2.594313,8387,57483,838
1.237661966360707e+18,198.069250147023,41.056084168028,22.53814,22.06984,21.40787,20.38732,19.69217,3840,301,2,241,9.442929516182e+18,GALAXY,0.6241859,8387,57483,25
1.2376623019006364e+18,222.716658996045,45.8506340856459,21.53332,21.35717,21.28309,20.9767,20.90165,3918,301,3,174,9.557860092243892e+18,QSO,1.534219,8489,57483,348
1.2376625010732572e+18,223.573175219088,46.6862821109819,25.3474,23.59143,22.1596,21.1143,19.94197,3964,301,6,75,9.557987360714807e+18,GALAXY,0.8082637,8489,57483,811
1.2376623019006364e+18,222.546073040354,45.8191801583913,20.53946,20.36411,20.39196,20.33303,20.36785,3918,301,3,174,9.55786916321482e+18,QSO,1.682728,8489,57483,381
1.237662195607995e+18,208.672480042306,40.8011335167393,23.18784,21.44347,20.94623,20.70312,20.91169,3893,301,5,293,9.4486178395883e+18,QSO,3.028207,8392,57483,239
1.2376619658229847e+18,195.602321927258,40.8396657774897,26.1349,24.13234,21.8455,20.50809,19.81769,3840,301,1,228,9.44302682296106e+18,GALAXY,0.6344218,8387,57483,379
1.237662195607536e+18,207.2237269334,41.0758295531525,23.60551,24.74368,21.79295,20.70235,19.7316,3893,301,5,286,9.448684909797595e+18,GALAXY,0.7895751,8392,57483,483
1.2376623019004398e+18,222.067615825523,46.0973535524061,21.06952,20.72522,20.64952,20.94172,21.08137,3918,301,3,171,9.557881532720634e+18,QSO,1.55263,8489,57483,426
1.2376618509405391e+18,209.916310448274,42.1493571025428,21.91143,22.04614,21.54163,21.51921,21.55423,3813,301,3,349,9.448824272896416e+18,QSO,1.978812,8392,57483,990
1.2376619668967268e+18,195.738022573148,41.7637787723951,24.85205,23.11418,21.52609,20.34013,19.675,3840,301,3,228,9.44310323901919e+18,GALAXY,0.582215,8387,57483,657
1.237661958837634e+18,221.451032034708,46.5418978858398,24.65794,23.21257,21.30809,20.21995,19.52751,3838,301,4,136,9.557910944656677e+18,GALAXY,0.0,8489,57483,533
1.237661968507536e+18,196.466815913725,42.8622996130252,21.87,21.76165,21.49626,21.58497,22.96827,3840,301,6,231,9.44315189240872e+18,QSO,5.925507,8387,57483,834
1.2376623024370483e+18,221.437518560254,46.6680779102547,18.85805,17.89683,17.56354,17.43642,17.43742,3918,301,4,167,9.557905172220631e+18,STAR,-0.0002657767,8489,57483,512
1.2376623035116424e+18,224.507815186954,46.3855918759396,23.73211,20.88016,19.28727,18.79448,18.45563,3918,301,6,180,9.557785325453206e+18,STAR,0.0004998851,8489,57483,76
1.2376623019008333e+18,223.120440455444,45.6492339510988,22.75964,21.36716,20.92375,20.68551,20.71852,3918,301,3,177,9.557845798592731e+18,STAR,-0.0005231262,8489,57483,296
1.237662301900702e+18,222.797309781812,45.7355853350595,20.38519,20.4304,20.26477,20.35175,20.36374,3918,301,3,175,9.557857893220637e+18,QSO,1.270798,8489,57483,340
1.2376621945299927e+18,195.67769155948,41.8772260050672,21.04054,21.04159,20.86652,20.57566,20.73089,3893,301,3,228,9.443104063652911e+18,QSO,1.45997,8387,57483,660
1.2376618498669284e+18,209.986709965098,41.2458939309216,25.31171,20.3529,18.90877,18.03665,17.5376,3813,301,1,351,9.448553793035985e+18,STAR,-0.0001136424,8392,57483,6
1.2376618498665352e+18,208.856062570759,41.4121971559611,22.25184,21.14693,20.64856,20.79203,20.68155,3813,301,1,345,9.448627460315044e+18,STAR,0.0007076528,8392,57483,274
1.237661966897316e+18,197.506046034073,41.522008695526,20.51919,20.30272,20.16653,19.87317,19.95681,3840,301,3,237,9.44294408471107e+18,QSO,1.642534,8387,57483,78
1.2376619663601836e+18,196.536777355152,41.0933688879208,26.39377,23.49347,21.73365,20.51462,19.70208,3840,301,2,233,9.442973496647113e+18,GALAXY,0.6311322,8387,57483,185
1.2376591316742963e+18,224.044330822857,47.4484221206474,22.18792,20.04411,19.28279,18.96968,18.87904,3180,301,2,119,9.558003028755503e+18,STAR,-0.0001582212,8489,57483,868
1.2376591316745587e+18,224.718208128755,47.1596942038893,21.94535,21.93077,21.55838,21.40409,20.92152,3180,301,2,123,9.55802831752294e+18,QSO,1.055363,8489,57483,960
1.237661966896464e+18,194.845661704723,41.7858715145891,21.25523,20.98767,20.61142,20.53736,20.36061,3840,301,3,224,9.443068329525008e+18,QSO,0.9577438,8387,57483,530
1.23766219560806e+18,208.828378184544,40.6481432792598,22.83061,20.60144,19.2984,18.40643,17.95783,3893,301,5,294,9.448606019838302e+18,STAR,-4.40294e-05,8392,57483,196
1.2376591316744932e+18,224.615708284447,47.1558705223605,21.35254,21.20248,21.22799,21.01065,20.58233,3180,301,2,122,9.558027767767128e+18,QSO,2.049766,8489,57483,958
1.237662499462316e+18,221.785306541874,45.9448274201664,24.63465,25.11437,22.82987,21.02603,18.2186,3964,301,3,70,9.557893352470632e+18,STAR,6.945433e-05,8489,57483,469
1.2376621945299927e+18,195.63584780471,41.8711774709647,22.2067,21.2022,20.82788,20.58376,19.99945,3893,301,3,228,9.44308977000175e+18,QSO,0.7685545,8387,57483,608
1.23766230190044e+18,222.054300727628,46.0241991846036,20.68453,20.47261,19.98567,19.8267,19.80709,3918,301,3,171,9.557892527836912e+18,QSO,1.28876,8489,57483,466
1.2376621945299274e+18,195.449419263807,41.830034539488,21.40084,21.99731,21.50827,21.37542,21.69201,3893,301,3,227,9.443090044879657e+18,QSO,1.294371,8387,57483,609
1.237662194529862e+18,195.35922772841,41.9782989710158,21.22286,21.05997,20.97315,20.87603,20.31501,3893,301,3,226,9.443078225129658e+18,QSO,1.991799,8387,57483,566
1.237662301900702e+18,222.755432066971,45.6902189194762,21.83931,21.71976,21.17234,21.04132,21.01801,3918,301,3,175,9.557867239069473e+18,QSO,1.472306,8489,57483,374
1.2376591316742968e+18,223.973977022891,47.4474635709737,25.28283,22.9252,21.31931,19.59803,18.68614,3180,301,2,119,9.55800412826713e+18,STAR,-6.613879e-05,8489,57483,872
1.2376618498665352e+18,208.887319025154,41.393187941093,20.72018,20.56954,20.19074,19.73189,19.60874,3813,301,1,345,9.448628010070856e+18,QSO,1.932899,8392,57483,276
1.2376619668973158e+18,197.486788800071,41.434264816049,22.11727,20.39656,19.7184,19.53249,19.37207,3840,301,3,237,9.442942985199442e+18,STAR,-0.000568399,8387,57483,74
1.2376623019006364e+18,222.586969353653,45.8502461281738,21.87543,21.79902,21.44567,21.3757,21.26415,3918,301,3,174,9.55785844297645e+18,QSO,1.943117,8489,57483,342
1.2376624989255117e+18,221.759784521759,45.5019507310224,26.20675,24.16119,21.7915,20.55149,19.85803,3964,301,2,71,9.557887854912494e+18,GALAXY,0.719802,8489,57483,449
1.2376621956076667e+18,207.613135316133,41.0641550761269,22.76815,21.13517,20.52148,20.18975,20.01432,3893,301,5,288,9.448675838826666e+18,STAR,-0.0003824933,8392,57483,450
1.2376623024373765e+18,222.625016811732,46.3682042272494,20.96132,20.42684,20.44285,20.44101,20.0644,3918,301,4,172,9.55794585415086e+18,QSO,2.248026,8489,57483,660
1.2376619674335324e+18,195.587901603197,42.174381574457,22.08164,24.9421,21.7952,20.758,19.88927,3840,301,4,227,9.443097191705238e+18,GALAXY,0.9142431,8387,57483,635
1.2376619674343183e+18,197.846551679792,41.7870398149515,23.34638,23.02003,21.42401,20.37055,19.62076,3840,301,4,239,9.443194498484296e+18,GALAXY,0.6171663,8387,57483,989
1.2376619658229192e+18,195.416454223916,40.9159785669327,25.05261,21.30555,20.1151,19.60631,19.36821,3840,301,1,227,9.4430402919785e+18,GALAXY,0.3485412,8387,57483,428
1.2376591316722647e+18,217.754388293166,49.5797501069577,20.89514,21.10872,20.8043,20.85161,20.7181,3180,301,2,88,9.496044174157568e+18,QSO,1.153463,8434,57484,743
1.2376619588365847e+18,218.268855633132,47.5358645790047,24.53864,22.61501,21.05372,20.00331,19.08447,3838,301,4,120,9.49588749375061e+18,GALAXY,0.6899634,8434,57484,173
1.2376591316721336e+18,217.464502541317,49.6216643387776,21.33521,20.98339,21.24367,21.27962,22.8269,3180,301,2,86,9.496017236122687e+18,GALAXY,0.007917352,8434,57484,645
1.2376619582995827e+18,217.671909887438,47.3638028386522,23.32234,23.41678,21.4894,20.21311,19.50026,3838,301,3,118,9.495921028855255e+18,GALAXY,0.6724257,8434,57484,295
1.2376591316721992e+18,217.565716469418,49.5847871482231,21.01902,20.55307,20.51064,20.47495,20.49932,3180,301,2,87,9.49601696124478e+18,QSO,2.652271,8434,57484,644
1.2376619593733243e+18,218.09774551841,48.0180287003072,21.85477,21.436,21.29995,21.36093,20.95767,3838,301,5,118,9.49590481105875e+18,QSO,2.146898,8434,57484,236
1.2376619588362575e+18,217.326458623261,47.8622885673429,24.95003,25.47065,21.95485,20.81191,19.53642,3838,301,4,115,9.495936422018044e+18,GALAXY,0.8948058,8434,57484,351
1.2376619582991242e+18,216.334784226603,47.8202009940823,22.48712,22.57126,21.16731,20.09292,19.42897,3838,301,3,111,9.495968307855254e+18,GALAXY,0.6006089,8434,57484,467
1.2376623018994568e+18,219.166912558044,47.106419110354,22.11825,21.6665,21.45534,21.17899,21.05187,3918,301,3,156,9.4958514847448e+18,QSO,1.599208,8434,57484,42
1.23765913167292e+18,219.901486040289,48.8933369375116,23.72102,21.91192,21.72178,21.50744,21.66877,3180,301,2,98,9.49610959509942e+18,QSO,1.147542,8434,57484,981
1.2376619588361267e+18,217.006383357387,48.0231221706986,26.53072,23.78109,21.81442,20.79099,19.86506,3838,301,4,113,9.49594961615758e+18,GALAXY,0.6523864,8434,57484,399
1.237661958299387e+18,217.195321228155,47.5102463320253,25.26977,24.13166,22.04747,21.02263,19.88561,3838,301,3,115,9.49594411859944e+18,GALAXY,0.8027812,8434,57484,379
1.2376623013616684e+18,216.031060736107,47.6230960206819,21.98032,21.86248,21.42472,21.39931,21.59143,3918,301,2,142,9.495973530535483e+18,QSO,1.424305,8434,57484,486
1.2376619582991245e+18,216.242469964659,47.8147710127277,23.88022,23.05616,21.45217,20.32734,19.68682,3838,301,3,111,9.495968857611063e+18,GALAXY,0.682451,8434,57484,469
1.2376619593731937e+18,217.750421675138,48.2307224067561,20.60091,20.44582,20.76406,20.49894,20.46729,3838,301,5,116,9.496041150500592e+18,QSO,1.921985,8434,57484,732
1.237662302436e+18,218.52249906043,47.8367843397996,20.05213,20.06299,20.0988,19.7839,19.73375,3918,301,4,151,9.495880072047122e+18,QSO,2.110469,8434,57484,146
1.2376623072592535e+18,203.756814535383,41.5647204672746,23.91807,23.24579,21.62432,20.58783,19.8841,3919,301,5,20,9.44651447387792e+18,GALAXY,0.0,8390,57485,779
1.2376621945322212e+18,202.337684136057,41.0804346542634,21.65494,21.28035,21.00879,20.73035,20.85141,3893,301,3,262,9.4464306361163e+18,GALAXY,0.2081823,8390,57485,474
1.2376621945327457e+18,203.907907845694,40.7312546614001,22.45272,21.92407,21.8494,21.25049,21.45139,3893,301,3,270,9.446362741273289e+18,QSO,1.5886,8390,57485,227
1.2376621956064873e+18,204.100867881228,41.5390252565238,21.87929,21.57818,21.24993,21.15175,20.67417,3893,301,5,270,9.446360542250031e+18,QSO,2.504787,8390,57485,219
1.2376618498647654e+18,203.653496333045,42.57513225812,21.84619,21.73273,21.6647,21.58436,21.80739,3813,301,1,318,9.446506227540711e+18,GALAXY,0.1709551,8390,57485,749
1.2376621945331384e+18,205.047999046996,40.6387009604235,19.79747,19.85079,19.67928,19.81065,19.81582,3893,301,3,276,9.446312988372128e+18,QSO,1.020958,8390,57485,46
1.2376621956068147e+18,205.117149669122,41.5647214338934,22.13491,22.07643,21.6585,21.32995,21.21974,3893,301,5,275,9.446558729220936e+18,QSO,2.412209,8390,57485,940
1.2376621956066186e+18,204.520086728124,41.5050677638748,23.41508,22.76741,21.44508,19.93685,19.14244,3893,301,5,272,9.446342950063989e+18,STAR,-7.26266e-06,8390,57485,155
1.2376623072597115e+18,205.095156220237,41.2615844266891,21.94499,20.59853,19.19365,18.70316,18.36112,3919,301,5,27,9.446320410075615e+18,GALAXY,0.250878,8390,57485,73
1.2376621956057664e+18,202.079137101738,42.0402680161113,21.05497,20.83634,20.75323,20.57419,20.28017,3893,301,5,259,9.446439432209324e+18,QSO,1.678861,8390,57485,506
1.2376621945325489e+18,203.326955988267,40.8525743233802,21.13901,20.90858,20.98962,20.63341,20.64781,3893,301,3,267,9.44638665565119e+18,QSO,1.839268,8390,57485,314
1.237662194532614e+18,203.489746333874,40.8387575388729,22.06882,20.41614,19.51396,19.18475,19.01141,3893,301,3,268,9.446385831017468e+18,STAR,-0.0003188833,8390,57485,311
1.2376621956062907e+18,203.582922213874,41.6638868595058,21.85172,21.26746,20.8996,20.54309,20.96089,3893,301,5,267,9.446502379250014e+18,QSO,1.513271,8390,57485,735
1.2376621945326804e+18,203.762780957552,40.8008563281088,22.62126,21.78418,21.41717,21.47272,21.03204,3893,301,3,269,9.446370162976774e+18,GALAXY,0.6479815,8390,57485,254
1.2376621956062252e+18,203.363878306213,41.7728417333645,25.61468,23.00861,21.63801,20.49757,19.84394,3893,301,5,266,9.446480938773273e+18,GALAXY,0.599705,8390,57485,657
1.2376623072597125e+18,205.09471389333,41.3009384845918,22.70531,21.2552,19.85417,19.3312,18.95047,3919,301,5,27,9.446320959831431e+18,GALAXY,0.2487869,8390,57485,75
1.2376621956067494e+18,204.967210383961,41.4497416646261,20.85885,20.72194,20.44731,20.45483,20.2627,3893,301,5,274,9.446333329337246e+18,QSO,1.070098,8390,57485,120
1.2376623018969009e+18,211.199432469844,49.4632630721432,21.33587,20.9027,20.71232,20.6585,20.47916,3918,301,3,117,9.497072492457775e+18,QSO,2.148286,8435,57487,388
1.237661959372079e+18,214.150273460742,49.1805418765541,22.27846,22.13713,21.4144,20.76844,20.32154,3838,301,5,99,9.496979308847323e+18,QSO,1.987734,8435,57487,49
1.2376619582980104e+18,212.7128839069,48.7547412127498,25.65561,23.80212,21.84603,20.83191,19.8344,3838,301,3,94,9.497022189800806e+18,GALAXY,0.838676,8435,57487,205
1.2376619593717517e+18,213.280403688014,49.5862641354955,20.91221,20.68301,20.60684,20.35378,20.59332,3838,301,5,94,9.496996901033368e+18,QSO,1.520325,8435,57487,113
1.2376619593720138e+18,214.222733402505,49.3527289915382,20.74323,20.57777,20.37636,20.36515,20.16884,3838,301,5,98,9.496973536411275e+18,QSO,0.8806249,8435,57487,28
1.237661958297617e+18,211.445763670573,49.1025558313598,23.12509,24.14367,21.42304,20.12001,19.37035,3838,301,3,88,9.497070018556617e+18,GALAXY,0.6961063,8435,57487,379
1.2376619593712927e+18,211.737162861875,49.8418376506706,21.24697,21.39029,21.31092,21.23336,20.62184,3838,301,5,87,9.497158254364744e+18,QSO,2.075753,8435,57487,700
1.2376619593717517e+18,213.251757184436,49.5206853634105,21.04117,20.62801,20.65471,20.19467,20.23757,3838,301,5,94,9.497007346393831e+18,QSO,1.752347,8435,57487,151
1.2376619582973548e+18,210.641315169211,49.3114402543552,24.55334,22.86616,21.31917,20.01598,19.23332,3838,301,3,84,9.49709475756824e+18,GALAXY,0.6728922,8435,57487,469
1.2376623024338373e+18,211.488420363614,49.6323885018129,22.96583,22.23811,21.70727,21.8445,21.66147,3918,301,4,118,9.49706314660894e+18,GALAXY,0.6059753,8435,57487,354
1.2376619593715548e+18,212.440019207264,49.606653217331,18.72368,17.83387,17.55057,17.45561,17.44464,3838,301,5,91,9.497031260771736e+18,STAR,-0.001284563,8435,57487,238
1.2376619582975516e+18,211.262640715372,49.0726648563925,22.57581,21.85383,20.19803,19.47307,19.14195,3838,301,3,87,9.497080189039174e+18,GALAXY,0.4135253,8435,57487,416
1.237661958297551e+18,211.293054934114,49.0505842600657,23.85286,21.93123,20.14047,19.49371,19.16518,3838,301,3,87,9.497077440260102e+18,GALAXY,0.4148674,8435,57487,406
1.2376591316706263e+18,212.427822295255,51.1259294159664,21.33126,21.10951,20.72727,20.64636,20.31428,3180,301,2,63,9.497193163858926e+18,QSO,1.089139,8435,57487,827
1.2376619593708997e+18,210.431946421758,50.1440802664576,19.86881,19.66616,19.61041,19.57768,19.3704,3838,301,5,81,9.497104103417078e+18,QSO,2.109014,8435,57487,503
1.237662301897163e+18,211.894875457592,49.2373376240248,22.07104,21.17217,21.08125,21.14625,21.08063,3918,301,3,121,9.497050502225222e+18,QSO,2.65902,8435,57487,308
1.2376623018971628e+18,211.815683880056,49.1152070554639,24.63465,21.72117,22.04006,21.40854,22.82689,3918,301,3,121,9.497059298318244e+18,QSO,1.829822,8435,57487,340
1.2376619593708997e+18,210.305319519485,50.1875564693631,24.7829,23.07657,21.09491,19.42831,18.50977,3838,301,5,81,9.497106577318238e+18,STAR,-0.0002011827,8435,57487,512
1.2376623019001777e+18,221.133127363882,46.2822173528699,21.28589,20.86831,20.34261,19.99225,19.90762,3918,301,3,167,9.56002585535659e+18,QSO,1.487944,8491,57488,35
1.237662194531631e+18,200.624941487611,41.232379142216,20.27989,20.1325,20.15653,19.89039,20.09112,3893,301,3,253,9.44528604456212e+18,QSO,1.847634,8389,57488,406
1.2376619593738488e+18,219.704618252559,47.5135612183772,21.40364,21.50554,21.12715,21.10019,20.72995,3838,301,5,126,9.560220743792611e+18,QSO,1.458684,8491,57488,744
1.2376672099823135e+18,158.828116356418,26.1502740882273,25.2592,22.81291,21.69319,22.06785,21.04965,5061,301,1,293,1.0136726301194869e+19,GALAXY,1.086824,9003,57488,907
1.237661967971976e+18,200.351194138859,41.9239718661157,26.12359,24.24993,21.67814,20.37538,19.59131,3840,301,5,251,9.444323147254092e+18,GALAXY,0.7082692,8388,57488,999
1.2376619668986924e+18,201.592743571983,41.0553898981065,21.64677,21.92238,21.39929,21.43965,21.77493,3840,301,3,258,9.445246187265614e+18,GALAXY,0.2241175,8389,57488,261
1.2376593249495296e+18,232.572148034973,48.8077685657554,24.43351,23.12172,21.40795,20.37988,19.68952,3225,301,2,145,9.491561465318234e+18,GALAXY,0.583327,8430,57488,819
1.237661958836847e+18,219.123620288183,47.3475445868548,26.1571,24.0893,21.17985,20.06539,19.25286,3838,301,4,124,9.560190232344945e+18,GALAXY,0.7693077,8491,57488,633
1.2376674301012216e+18,158.299174171791,24.8104052122876,22.62727,22.61856,21.94193,21.46477,20.2498,5112,301,3,321,1.0136528938857685e+19,GALAXY,0.516872,9003,57488,189
1.2376619674352358e+18,200.612274757483,41.4802265458281,26.1728,23.07223,21.86029,20.41097,19.63462,3840,301,4,253,9.445287418951651e+18,GALAXY,0.6751524,8389,57488,411
1.23766219560616e+18,203.135458757875,41.7472790902599,25.15421,23.57913,21.70425,20.22827,19.41869,3893,301,5,265,9.445448497405125e+18,STAR,-0.0001337144,8389,57488,997
1.2376623019000463e+18,220.746487001831,46.4369199925508,20.2622,19.82784,19.56487,19.30284,19.33237,3918,301,3,165,9.560263074990285e+18,QSO,1.789827,8491,57488,898
1.237662301899719e+18,219.933145209007,46.8444137133328,20.35887,20.35654,20.02601,20.07172,20.02721,3918,301,3,160,9.560225691594938e+18,QSO,1.180728,8491,57488,762
1.2376619668978404e+18,198.992999481391,41.2839501243785,20.99109,21.00248,20.6845,20.62648,20.1772,3840,301,3,245,9.44411039175412e+18,QSO,0.9460145,8388,57488,225
1.2376621945318935e+18,201.438554462042,41.2521966618171,21.20291,21.38082,21.2016,21.01212,21.38442,3893,301,3,257,9.445249485800495e+18,QSO,2.110775,8389,57488,273
1.2376623018995878e+18,219.551197569556,47.0142077232709,21.15178,20.99323,20.87211,20.68528,20.50111,3918,301,3,158,9.560214146722849e+18,QSO,0.5540093,8491,57488,720
1.237661958837372e+18,220.808752980974,46.7136750220893,23.484,23.01471,22.03242,20.59789,19.90975,3838,301,4,132,9.56026060108912e+18,GALAXY,0.6893142,8491,57488,889
1.2376674301010253e+18,157.902788311492,24.7580741819294,22.72939,21.90251,21.31577,21.14244,23.33708,5112,301,3,318,1.0136551478846052e+19,GALAXY,0.7267298,9003,57488,271
1.237661212045017e+18,218.625919620193,45.3669455204507,21.57737,21.23038,20.88061,20.66035,20.59456,3664,301,5,57,9.560139379932156e+18,QSO,1.240676,8491,57488,448
1.2376591198623503e+18,223.101085165994,48.3674564699734,24.55221,22.58967,21.47268,20.34366,19.62448,3177,301,4,107,9.494723660759716e+18,GALAXY,0.5913419,8433,57488,35
1.2376593244125924e+18,231.900162586676,48.5221273291209,20.65976,20.82892,20.51196,20.51048,20.52973,3225,301,1,144,9.49142237709732e+18,QSO,1.296745,8430,57488,313
1.2376591316736415e+18,221.990650842119,48.107613501884,21.69058,21.29298,21.14156,21.01797,20.97606,3180,301,2,109,9.494766266835294e+18,QSO,1.562284,8433,57488,190
1.2376619588366502e+18,218.662825404805,47.4611100120819,24.9594,23.54123,21.98002,20.69539,19.91748,3838,301,4,121,9.560165493333318e+18,GALAXY,0.6129007,8491,57488,543
1.2376619679716475e+18,199.439942879967,42.0575311270129,21.84444,19.7567,18.48873,17.96866,17.68058,3840,301,5,246,9.4442956594634e+18,GALAXY,0.1972845,8388,57488,899
1.2376672099824443e+18,159.053462250837,26.1800528486831,22.61739,22.37301,21.8947,21.0531,21.09891,5061,301,1,295,1.0136739220456495e+19,GALAXY,0.8124676,9003,57488,954
1.237662301900112e+18,221.027835811537,46.3124977618583,20.92978,20.74463,20.50638,20.6777,20.66448,3918,301,3,166,9.560037125350777e+18,QSO,1.203619,8491,57488,76
1.23766219453209e+18,201.915413075509,41.2049804083406,21.45447,21.36606,20.9838,20.75201,20.74144,3893,301,3,260,9.445232168492358e+18,QSO,1.512492,8389,57488,210
1.2376623018999155e+18,220.547653407884,46.6589809216333,21.89728,21.70528,21.56732,21.455,21.63024,3918,301,3,163,9.560249605972842e+18,QSO,2.620939,8491,57488,849
1.23765932494966e+18,232.915798172927,48.5701402892944,21.65634,21.37265,21.32462,21.05527,21.00979,3225,301,2,147,9.491379771021744e+18,QSO,1.571824,8430,57488,158
1.23765932494966e+18,232.864134131174,48.572703299886,26.02701,22.69612,21.58256,20.58311,19.88558,3225,301,2,147,9.4913899415043e+18,GALAXY,0.6696149,8430,57488,195
1.237662195605111e+18,199.938527562424,42.2150153295385,22.49516,20.84262,20.48815,20.18081,20.29486,3893,301,5,249,9.444303081166889e+18,STAR,-0.0007415855,8388,57488,926
1.2376619668982336e+18,200.275449959857,41.0668102223526,21.88508,21.90792,21.83171,21.76579,21.373,3840,301,3,251,9.445296764800487e+18,GALAXY,0.0,8389,57488,445
1.237661849864176e+18,201.841192775267,42.7095780657119,20.3345,20.03421,19.9789,19.74953,19.88132,3813,301,1,309,9.445402592794665e+18,QSO,1.569083,8389,57488,830
1.2376612120453453e+18,219.727977739682,45.0685941353755,24.92835,22.51211,20.97483,19.67446,19.10292,3664,301,5,62,9.56009429995542e+18,STAR,-4.693658e-05,8491,57488,284
1.2376593254861386e+18,232.332146272885,49.5304057686916,22.59897,22.74703,22.19392,20.89246,19.72939,3225,301,3,141,9.491542773620562e+18,GALAXY,0.9533416,8430,57488,751
1.237662195606094e+18,203.040877391763,41.7162701028662,21.47548,21.30001,21.396,20.82624,20.48529,3893,301,5,264,9.44544877228303e+18,QSO,1.930801,8389,57488,998
1.2376619577636293e+18,220.095627280709,46.0665427213479,22.04647,19.53303,18.1699,18.1116,16.31638,3838,301,2,132,9.560080556060074e+18,STAR,-1.252967e-05,8491,57488,234
1.237661967971976e+18,200.446338445333,42.0281194523402,26.08109,24.60718,21.79033,20.62855,19.74499,3840,301,5,251,9.445342394533042e+18,GALAXY,0.7033975,8389,57488,611
1.237659163344372e+18,231.964788237353,47.7657343486168,24.06057,24.29332,21.35569,20.34001,19.57739,3187,301,5,38,9.491415780027552e+18,GALAXY,0.5893428,8430,57488,289
1.2376623018997844e+18,220.063004724848,46.7295796188349,21.9885,21.25801,21.17646,21.24363,20.5846,3918,301,3,161,9.56023806110075e+18,QSO,2.217677,8491,57488,807
1.2376619668977093e+18,198.673683708703,41.4440008682957,21.15958,21.76814,21.3259,21.32852,20.59768,3840,301,3,243,9.444123311015743e+18,QSO,1.204033,8388,57488,272
1.2376672105187912e+18,157.644275370165,26.4742012028445,23.12227,23.45204,22.50938,22.02906,22.46554,5061,301,2,287,1.0136659230985574e+19,GALAXY,0.7931943,9003,57488,663
1.2376591322107087e+18,222.857007956075,48.2365133719495,25.8393,24.81718,21.78769,20.45203,19.73669,3180,301,3,112,9.494733006608554e+18,GALAXY,0.7214383,8433,57488,69
1.2376621945317624e+18,200.984666326244,41.3660237503483,23.46985,22.59668,21.22503,20.70078,20.33073,3893,301,3,255,9.44526625335282e+18,GALAXY,0.2807791,8389,57488,334
1.2376623018995878e+18,219.563714221247,46.9982995628168,20.54196,20.24887,19.95152,19.63796,19.39499,3918,301,3,158,9.560213596967033e+18,QSO,1.97112,8491,57488,718
1.2376623018993257e+18,218.851552472283,47.2587127625108,20.93465,20.81692,20.65932,20.55342,20.34635,3918,301,3,154,9.56017978698448e+18,QSO,2.086919,8491,57488,595
1.2376619658236403e+18,197.487504818158,40.5999181466951,25.76289,23.42212,22.19168,20.44554,19.64855,3840,301,1,238,9.444170315137833e+18,GALAXY,0.7406663,8388,57488,443
1.2376619663605112e+18,197.581649893547,41.0992638480993,22.66508,23.4543,22.13747,20.70039,19.5665,3840,301,2,238,9.444164817579694e+18,GALAXY,0.8453636,8388,57488,423
1.2376623018995878e+18,219.352441084144,46.8654036197114,20.70946,20.39038,20.33348,20.07585,20.15756,3918,301,3,158,9.560203701362385e+18,QSO,1.829042,8491,57488,682
1.2376619577633672e+18,219.481063127661,46.2825551036862,20.65371,18.4621,17.62544,18.90423,17.21496,3838,301,2,128,9.56010419556007e+18,STAR,3.747396e-05,8491,57488,320
1.2376591316731167e+18,220.454727138261,48.7008585294176,22.22736,21.45094,21.28726,21.2462,21.88573,3180,301,2,101,9.494887487992257e+18,QSO,1.435211,8433,57488,631
1.237662194531631e+18,200.540065957979,41.3232801243563,22.35538,21.07233,20.38759,20.17247,19.67041,3893,301,3,253,9.44528686919584e+18,GALAXY,0.2785151,8389,57488,409
1.2376591316737068e+18,222.3180633961,48.0125725891855,21.30806,21.23803,20.98376,20.65067,20.73637,3180,301,2,110,9.49475307269576e+18,QSO,1.544403,8433,57488,142
1.2376623024361964e+18,219.080788940083,47.5660095935703,21.65067,21.52358,21.4865,21.38996,21.40352,3918,301,4,154,9.56018693381006e+18,STAR,0.00242414,8491,57488,621
1.2376619668971848e+18,196.967755942905,41.5630874628549,21.10413,19.68422,19.15143,18.91224,18.78391,3840,301,3,235,9.4441848836669e+18,STAR,-0.0001938596,8388,57488,496
1.237659324949398e+18,232.323396378401,48.9919275822186,21.65327,21.49999,21.42463,21.13627,21.36895,3225,301,2,143,9.491549645568238e+18,QSO,1.989355,8430,57488,776
1.2376623061853156e+18,202.933792400526,40.7393592106571,24.24486,23.58348,21.80756,20.49661,19.74699,3919,301,3,17,9.445187363393526e+18,GALAXY,0.7106142,8389,57488,47
1.23766219560616e+18,203.155600720851,41.7388606530311,25.48759,22.2678,21.00283,19.90678,19.23264,3893,301,5,265,9.445448222527216e+18,STAR,0.0001266723,8389,57488,996
1.2376619582999767e+18,218.896796847452,46.9531367000753,22.80826,24.02805,22.34076,20.93561,19.66891,3838,301,3,124,9.560180886496106e+18,GALAXY,0.875365,8491,57488,599
1.23766195830037e+18,220.016037263966,46.5675902243401,25.55743,23.66282,21.49719,20.18289,19.51616,3838,301,3,130,9.560229814763545e+18,GALAXY,0.7235921,8491,57488,777
1.2376591316733133e+18,220.962641223239,48.4872644922359,20.561,20.34057,20.26101,19.91236,20.16516,3180,301,2,104,9.494911952125977e+18,QSO,1.589976,8433,57488,720
1.2376623024371144e+18,221.757151605665,46.5476032139537,21.9946,21.43118,21.40543,21.48799,21.16517,3918,301,4,168,9.560289738147256e+18,QSO,2.419162,8491,57488,995
1.23766230189985e+18,220.157824434486,46.5913765111431,21.81697,21.85591,21.47808,21.19375,21.05729,3918,301,3,162,9.560238885734472e+18,QSO,1.524984,8491,57488,810
1.237661965823705e+18,197.601735248562,40.6942484522634,24.78939,24.84527,22.54819,20.56219,19.82475,3840,301,1,239,9.44417141464946e+18,QSO,0.07543114,8388,57488,447
1.2376619679719754e+18,200.327432508941,41.9622497707573,24.57121,22.61322,21.58697,20.40239,19.71189,3840,301,5,251,9.444316000428511e+18,GALAXY,0.6949681,8388,57488,973
1.2376591327472525e+18,222.264592123138,49.0662448219419,23.68636,26.1799,22.31534,21.25032,19.92171,3180,301,4,107,9.49495180942248e+18,GALAXY,0.8723923,8433,57488,865
1.2376621945311724e+18,199.257507007776,41.5924196933518,20.09022,20.12222,20.05596,19.90478,19.67752,3893,301,3,246,9.444090875422726e+18,QSO,1.985918,8388,57488,154
1.2376593244128543e+18,232.708135171019,48.2143889240833,21.95286,20.50669,20.02524,20.06911,19.42253,3225,301,1,148,9.49138746760314e+18,STAR,-7.881719e-05,8430,57488,186
1.2376623061851835e+18,202.482313900176,40.9258428672161,25.04184,22.00134,20.43579,19.83665,19.42326,3919,301,3,15,9.445201657044689e+18,GALAXY,0.3209094,8389,57488,99
1.2376623067218583e+18,202.130861534024,41.2441426658208,25.49382,24.2457,21.27924,20.15061,19.22699,3919,301,4,12,9.44521485118422e+18,GALAXY,0.8352728,8389,57488,147
1.237661966360642e+18,197.99773321991,40.9184371866684,23.18304,23.41463,21.55216,20.33835,19.58655,3840,301,2,240,9.44416151904481e+18,GALAXY,0.6623259,8388,57488,411
1.2376623018992604e+18,218.52227606412,47.1766534483883,22.85209,21.65606,21.38872,20.60717,20.2144,3918,301,3,153,9.56016961650192e+18,QSO,0.6575289,8491,57488,558
1.2376619668977093e+18,198.552628881422,41.2968508320358,20.87621,20.78255,20.58018,20.68021,20.68518,3840,301,3,243,9.444131557352954e+18,QSO,1.2029,8388,57488,302
1.237661966897709e+18,198.565604318222,41.4706610355049,21.24654,21.16162,21.03344,20.85747,20.64454,3840,301,3,243,9.444134031254116e+18,GALAXY,0.8494201,8388,57488,311
1.2376612120448215e+18,218.210536821752,45.5636468500143,23.44364,23.2402,21.33851,19.93865,19.2526,3664,301,5,54,9.56014020456588e+18,GALAXY,0.7100681,8491,57488,451
1.2376619668983644e+18,200.669393992457,41.0447489655435,22.06816,21.78354,21.45948,21.2552,21.30469,3840,301,3,253,9.444054591539007e+18,QSO,1.156113,8388,57488,22
1.2376591198622195e+18,222.829480860087,48.6494066471118,24.60524,23.72163,22.01106,20.9753,19.95348,3177,301,4,105,9.49498314550387e+18,GALAXY,0.6789451,8433,57488,979
1.2376591316729203e+18,219.821305152804,48.8857552051442,21.78196,21.83929,21.48282,21.54255,21.67287,3180,301,2,98,9.494864123370166e+18,QSO,1.292216,8433,57488,546
1.2376619588369787e+18,219.642149332423,47.1346481411361,24.1937,24.63325,21.92581,20.68288,19.91383,3838,301,4,126,9.560213322089124e+18,GALAXY,0.776678,8491,57488,717
1.2376593303096527e+18,234.242506333064,48.5283954251495,21.76881,21.87594,21.49417,21.51284,21.8602,3226,301,4,14,9.491337989579889e+18,QSO,1.284921,8430,57488,6
1.237659119862154e+18,222.576183607052,48.5704562819112,22.89949,23.02057,21.54857,20.33798,19.48175,3177,301,4,104,9.494972150387595e+18,GALAXY,0.616147,8433,57488,939
1.2376612120454103e+18,219.872057134987,44.9688993521328,21.99379,21.75528,21.69533,21.67848,21.95708,3664,301,5,63,9.560083029961234e+18,QSO,0.1687719,8491,57488,243
1.2376593244124618e+18,231.653783281134,48.8006169334499,24.15704,23.14874,21.93711,20.74492,19.9115,3225,301,1,142,9.49151693509731e+18,GALAXY,0.6758367,8430,57488,657
1.2376593260228782e+18,232.329964038901,49.8955513527703,24.34692,22.7163,21.69844,20.60501,19.21908,3225,301,4,139,9.491540574597306e+18,GALAXY,0.8929942,8430,57488,743
1.2376591198618263e+18,221.764905622181,49.0682321279165,24.13522,23.90531,22.54425,20.86295,19.39762,3177,301,4,99,9.494929269434112e+18,GALAXY,0.8747584,8433,57488,783
1.2376591327472527e+18,222.32481544675,49.0715325314229,24.22769,22.76957,21.82558,20.44647,19.45898,3180,301,4,107,9.49495730698062e+18,GALAXY,0.681524,8433,57488,885
1.237659119861498e+18,220.538530493455,49.3561104835877,23.58145,23.00641,21.88036,20.84645,19.94917,3177,301,4,94,9.49487209482947e+18,GALAXY,0.572624,8433,57488,575
1.237661957763826e+18,220.633423714144,45.743233220737,19.58828,19.28585,19.29325,19.39044,19.1714,3838,301,2,135,9.560050869246122e+18,QSO,0.8145283,8491,57488,126
1.2376591316733133e+18,221.214058266817,48.5268545486309,24.14325,23.15265,21.89251,20.65367,19.86113,3180,301,2,104,9.494910027980626e+18,STAR,-9.208931e-05,8433,57488,713
1.2376623018993912e+18,218.871384500631,47.0625024857147,21.62379,21.7412,21.34525,21.30325,20.70484,3918,301,3,155,9.5601806116182e+18,QSO,0.9994929,8491,57488,598
1.2376591633441764e+18,231.291590624882,47.9265483747616,26.04733,23.0566,22.05766,20.60474,19.86726,3187,301,5,35,9.491450414643829e+18,GALAXY,0.8229617,8430,57488,415
1.237662301900112e+18,221.12506453687,46.3894899850743,21.5095,21.28516,21.43628,21.11342,20.91574,3918,301,3,166,9.560026130234495e+18,QSO,1.710747,8491,57488,36
1.237659326560273e+18,234.133074465451,49.5552760996267,20.69911,20.57496,20.3318,20.30289,20.25329,3225,301,5,147,9.491596374812416e+18,QSO,4.063481,8430,57488,946
1.2376623072586634e+18,201.90359482817,41.7933941595338,24.18996,23.27317,22.04197,20.57025,19.73727,3919,301,5,11,9.445410564253964e+18,STAR,0.0001087988,8389,57488,859
1.237659119862088e+18,222.462538603796,48.6369021505938,26.70914,23.46763,21.40762,20.23036,19.35992,3177,301,4,103,9.494960055759688e+18,GALAXY,0.7347217,8433,57488,895
1.2376623018999155e+18,220.501020002637,46.5300121848831,21.97217,21.94591,21.75099,21.52094,21.06287,3918,301,3,163,9.560252354751914e+18,QSO,1.478208,8491,57488,859
1.2376619593739144e+18,219.975800073212,47.5314088226383,22.3486,22.20678,21.98022,21.80438,22.21276,3838,301,5,127,9.560232288664703e+18,QSO,1.455964,8491,57488,786
1.237661966361232e+18,199.644526407955,40.9149631613559,24.49126,23.31673,21.97113,20.74302,19.81211,3840,301,2,249,9.445309958940025e+18,GALAXY,0.6921028,8389,57488,493
1.237662301900112e+18,220.995865632198,46.3517915290071,22.20098,21.60546,21.07604,21.0724,21.78011,3918,301,3,166,9.560037675106589e+18,GALAXY,0.1495708,8491,57488,78
1.2376593249499228e+18,233.560839386251,48.2739375393465,24.06628,23.74271,21.77309,20.6814,19.7943,3225,301,2,151,9.491354207376398e+18,GALAXY,0.7832646,8430,57488,65
1.2376612120449523e+18,218.640023093666,45.4512909533687,25.99397,23.46954,21.93663,20.94288,19.69091,3664,301,5,56,9.560139654810065e+18,GALAXY,0.8343965,8491,57488,449
1.237661967971976e+18,200.404957868972,42.0644933727588,24.12527,22.90186,21.10531,20.08318,19.37084,3840,301,5,251,9.445341295021414e+18,GALAXY,0.5912134,8389,57488,607
1.237661958836651e+18,218.613501128135,47.4422198411575,22.44109,22.90488,21.46296,20.28357,19.56435,3838,301,4,121,9.560166043089134e+18,GALAXY,0.6710697,8491,57488,545
1.237662195604849e+18,199.311702543462,42.406101027118,21.42033,21.24532,20.55368,20.39878,20.6709,3893,301,5,245,9.444279166788985e+18,QSO,1.125986,8388,57488,839
1.2376593260229427e+18,232.38227999998,49.9118353082994,21.90705,21.70648,21.08953,20.86456,20.73116,3225,301,4,140,9.49154139923103e+18,QSO,1.328079,8430,57488,746
1.237662301900112e+18,221.014470625171,46.2973487243915,21.14839,21.08203,20.66164,20.71033,21.09148,3918,301,3,166,9.56003740022868e+18,QSO,1.20229,8491,57488,77
1.2376619685092393e+18,201.708171695564,42.3043742072072,19.03922,18.06044,17.73374,17.61327,17.61123,3840,301,6,257,9.445395995724896e+18,STAR,-0.0003488539,8389,57488,806
1.2376621945317624e+18,201.016909759346,41.234602172977,21.20934,20.86109,20.40656,20.07645,19.73147,3893,301,3,255,9.445263779451656e+18,QSO,2.069827,8389,57488,325
1.2376623018995876e+18,219.477168264823,46.8464715124212,18.95416,18.00303,17.65647,17.50335,17.4948,3918,301,3,158,9.56021552111238e+18,STAR,-0.00078498,8491,57488,725
1.237659132747056e+18,221.69670625763,49.1228543070675,24.74354,23.86053,21.87296,20.77353,19.80104,3180,301,4,104,9.494928169922484e+18,GALAXY,0.7551172,8433,57488,779
1.2376593249499886e+18,233.830695706336,48.033769592219,25.41941,24.72015,21.7585,20.62043,19.87886,3225,301,2,152,9.491350908841515e+18,GALAXY,0.6607134,8430,57488,53
1.2376619577636296e+18,220.154693683148,46.038842644887,22.45182,21.69252,21.1505,20.95435,20.78091,3838,301,2,132,9.56006901118798e+18,STAR,-0.0008534067,8491,57488,192
1.237662301900112e+18,221.032552367678,46.3654318557676,21.29583,21.24841,21.11325,21.24761,20.95549,3918,301,3,166,9.560038224862405e+18,QSO,1.201312,8491,57488,80
1.237662195605111e+18,199.955571731094,42.2663948477021,21.66384,21.86185,21.5345,21.54832,20.8173,3893,301,5,249,9.444304180678517e+18,QSO,1.261872,8388,57488,930
1.2376621945322212e+18,202.35609662977,41.0304441377872,21.93122,21.28109,21.01526,20.58874,20.43098,3893,301,3,262,9.445204130945847e+18,QSO,0.7315333,8389,57488,108
1.2376619577633672e+18,219.302671329253,46.266299104948,21.65085,21.71016,21.57603,21.22342,21.30725,3838,301,2,128,9.560114640920533e+18,QSO,1.906731,8491,57488,358
1.237662301900112e+18,220.985164234634,46.3767873142598,21.0939,20.99573,20.75111,20.84715,20.54889,3918,301,3,166,9.560048945100771e+18,QSO,1.053512,8491,57488,119
1.237661967971255e+18,198.205993856289,42.1620118268063,22.03709,22.60686,21.30017,20.22376,19.56408,3840,301,5,240,9.444227489742475e+18,QSO,0.8489558,8388,57488,651
1.237662195605242e+18,200.378970242351,42.2083503021775,20.13447,19.71797,19.3339,19.32396,19.13043,3893,301,5,251,9.444319024085488e+18,QSO,1.011659,8388,57488,984
1.2376623024364585e+18,219.737743421661,47.3092894457627,22.45291,22.05466,22.28132,22.38431,22.59949,3918,301,4,158,9.560222118182148e+18,GALAXY,0.02684945,8491,57488,749
1.2376593244129203e+18,232.845376053626,48.012344404886,23.69822,22.33552,22.10559,22.19823,21.9718,3225,301,1,149,9.491384169068255e+18,QSO,1.078889,8430,57488,174
1.2376619593739144e+18,220.033070253135,47.3842501079532,20.961,20.663,20.29747,20.19353,19.99516,3838,301,5,127,9.56023091427517e+18,QSO,0.9899092,8491,57488,781
1.237659131672986e+18,219.937298923454,48.7979620063654,21.73545,21.75121,22.1171,21.18511,21.98324,3180,301,2,99,9.49486467312598e+18,QSO,1.844108,8433,57488,548
1.2376591327472525e+18,222.295748274074,48.9625228095598,23.6893,22.80167,21.60494,20.45619,19.56133,3180,301,4,107,9.494952359178295e+18,GALAXY,0.6796724,8433,57488,867
1.23766230189985e+18,220.289866145829,46.6055449658549,20.33282,20.05996,19.86782,19.81746,19.83264,3918,301,3,162,9.560239985246102e+18,QSO,1.411294,8491,57488,814
1.237661967971386e+18,198.667428408702,42.2931702870148,23.35336,23.60369,21.72783,20.60223,19.95898,3840,301,5,242,9.444247830707591e+18,GALAXY,0.7270157,8388,57488,725
1.2376619599106547e+18,219.94491284756,47.9692051152156,24.22001,23.66731,21.62779,20.4117,19.6901,3838,301,6,125,9.494844607038771e+18,GALAXY,0.7171162,8433,57488,475
1.2376623018998497e+18,220.206827262106,46.5901012274627,20.71229,20.33238,20.22761,19.90953,20.28542,3918,301,3,162,9.560239435490286e+18,QSO,1.579058,8491,57488,812
1.237661959374439e+18,221.454436965828,46.8704503971416,21.6722,21.57845,21.3483,21.10387,20.93277,3838,301,5,135,9.560282591321678e+18,QSO,1.83031,8491,57488,969
1.2376621956057664e+18,202.104914709765,42.0331234686396,20.15286,20.08369,20.02855,19.89636,19.65135,3893,301,5,259,9.44541826083536e+18,QSO,1.925298,8389,57488,887
1.2376613876101947e+18,230.598451001342,48.0170000544916,23.11416,25.08453,21.80615,20.52633,19.8762,3705,301,4,185,9.491468556585687e+18,GALAXY,0.684065,8430,57488,481
1.2376619663580864e+18,190.259193533836,41.7146912360693,23.3828,24.34698,22.04143,21.01646,19.96124,3840,301,2,201,9.4408844250241e+18,GALAXY,0.7837985,8385,57511,777
1.2376621956073393e+18,206.659776401993,41.1242405875978,22.37209,20.30864,19.53792,19.11604,18.83304,3893,301,5,283,9.447485068203549e+18,STAR,-0.0002786019,8391,57511,214
1.2376621956069463e+18,205.480625010165,41.3496620213672,23.40783,23.45934,21.49469,19.80367,18.84483,3893,301,5,277,9.44753949402912e+18,STAR,-0.0001998808,8391,57511,412
1.237667430100632e+18,156.894800264064,24.584986854616,23.72483,23.29558,22.66754,22.16959,21.42946,5112,301,3,312,1.0084813134953208e+19,GALAXY,0.6999152,8957,57511,464
1.2376621945276337e+18,188.483554006824,42.2580559287442,21.59171,21.49023,20.92299,20.82248,20.82488,3893,301,3,192,9.44082340212876e+18,QSO,1.240268,8385,57511,555
1.2376619668950223e+18,190.471162842041,41.963242272852,20.61236,20.59112,20.48845,20.54247,20.32171,3840,301,3,202,9.44089349599503e+18,QSO,0.8793468,8385,57511,810
1.2376619668952845e+18,191.218040412655,41.9106998895631,20.63588,20.56863,20.40087,20.27569,20.43348,3840,301,3,206,9.440925106954328e+18,QSO,1.451463,8385,57511,925
1.2376618509394903e+18,206.87184055145,42.8401554840771,21.00679,20.92825,20.82524,20.65626,21.27494,3813,301,3,333,9.447664288598874e+18,QSO,1.861485,8391,57511,866
1.2376672099815268e+18,156.757196664455,25.7861846027568,22.35245,22.78109,21.73993,20.95102,20.72919,5061,301,1,281,1.0084829627627624e+19,GALAXY,0.8597875,8957,57511,524
1.2376642958293076e+18,191.311686213136,40.6594325907448,21.9682,21.88705,21.67483,21.65382,21.25502,4382,301,5,23,9.440686238053192e+18,GALAXY,1.30502,8385,57511,56
1.2376672105190528e+18,158.343989433604,26.5824570315576,23.90974,22.93381,23.25748,22.00446,21.52501,5061,301,2,291,1.0084911541243892e+19,GALAXY,0.9117902,8957,57511,822
1.237661966895022e+18,190.374575128325,41.9921371059711,19.51064,19.32285,19.08651,19.19105,19.09771,3840,301,3,202,9.440891296971772e+18,QSO,1.01142,8385,57511,802
1.2376642958292424e+18,191.07603542166,40.6463864363152,21.3801,21.04679,20.91536,20.84937,20.77838,4382,301,5,22,9.440699432192727e+18,QSO,2.121516,8385,57511,104
1.23766196689476e+18,189.686675373073,42.1208148014668,19.97863,19.88359,19.79077,19.8356,19.67251,3840,301,3,198,9.44085831162294e+18,QSO,0.9567937,8385,57511,682
1.2376623072597115e+18,205.184351699972,41.2703363498974,22.65776,20.46384,19.0608,18.53044,18.21032,3919,301,5,27,9.447548839877958e+18,GALAXY,0.2554861,8391,57511,446
1.2376621956069463e+18,205.46571504182,41.4724709096177,23.03766,23.24113,21.68066,20.61202,19.94557,3893,301,5,277,9.447551863534934e+18,GALAXY,0.5291767,8391,57511,457
1.2376621956066186e+18,204.550250456171,41.5172884348269,23.46255,21.94044,21.15213,20.73456,20.64531,3893,301,5,272,9.447563683284933e+18,STAR,-0.000299861,8391,57511,500
1.2376619668943672e+18,188.462067902958,42.1584504993583,22.15242,22.1745,21.7046,21.55769,21.13951,3840,301,3,192,9.440808558721786e+18,QSO,1.401225,8385,57511,501
1.2376672105189868e+18,158.085709835675,26.4593494752495,24.60852,22.66811,21.74514,21.56145,21.31522,5061,301,2,290,1.0084902470273e+19,GALAXY,0.2897671,8957,57511,789
1.237667430100632e+18,156.950950071529,24.4904032149581,23.50551,23.10554,22.3899,21.68807,21.35619,5112,301,3,312,1.00848128600753e+19,GALAXY,0.9120188,8957,57511,463
1.2376619668948913e+18,189.961793567476,42.1536136478278,22.70147,22.14424,21.5642,21.49632,21.1494,3840,301,3,200,9.440869306739218e+18,GALAXY,0.3007013,8385,57511,722
1.2376619668949573e+18,190.239449954846,41.994658817006,23.87715,23.68597,21.73708,20.39529,19.61991,3840,301,3,201,9.44088167624503e+18,GALAXY,0.7210676,8385,57511,767
1.237662307259712e+18,205.035448144145,41.2883082236466,23.9453,21.73775,20.45156,19.92134,19.4882,3919,301,5,27,9.447555711825631e+18,GALAXY,0.2518871,8391,57511,471
1.2376621956072084e+18,206.357084082317,41.2957508969257,22.36989,21.8367,21.66644,21.26766,20.82716,3893,301,5,281,9.447501560877963e+18,QSO,1.691141,8391,57511,274
1.237667430101222e+18,158.397391199282,24.7721785466172,22.64292,22.50205,22.00511,21.87272,21.49765,5112,301,3,321,1.0084736169139263e+19,GALAXY,0.8939562,8957,57511,184
1.2376672099817231e+18,157.209013281188,25.8441708799094,22.99302,22.95385,21.93288,21.37473,20.66908,5061,301,1,284,1.0084849693714831e+19,GALAXY,0.756402,8957,57511,597
1.2376621945286822e+18,191.627235645414,42.2908203180132,21.83443,21.73016,21.41507,21.53084,21.244,3893,301,3,208,9.440933353291536e+18,QSO,1.196396,8385,57511,955
1.2376619668954156e+18,191.621323652235,42.0880205420612,20.8068,20.82397,20.95181,20.39137,20.57845,3840,301,3,208,9.440936102070604e+18,QSO,1.870039,8385,57511,965
1.2376619658212155e+18,190.257126971864,41.2794872250662,22.8835,22.82165,23.17272,21.29592,19.871,3840,301,1,201,9.440746436314814e+18,STAR,-0.001966766,8385,57511,275
1.237661966894695e+18,189.454658154199,42.0654560457091,21.95504,22.31455,21.80639,21.73034,21.63329,3840,301,3,197,9.440848141140384e+18,GALAXY,1.044895,8385,57511,645
1.237667430101156e+18,158.223875238235,24.7722737401309,22.09769,21.92319,21.58768,21.25445,20.62376,5112,301,3,320,1.008474633962182e+19,QSO,0.9976957,8957,57511,221
1.2376619663586757e+18,191.977665916718,41.494537187853,21.58473,19.88581,18.77074,18.28259,17.92625,3840,301,2,210,9.44068019073924e+18,GALAXY,0.1556681,8385,57511,34
1.237661966895088e+18,190.586759441588,42.0089173245494,21.8854,21.13552,20.76325,20.52624,20.23129,3840,301,3,203,9.440903941355491e+18,QSO,2.0673,8385,57511,848
1.237661966894695e+18,189.387599707109,42.074480723516,21.21021,21.15357,21.12229,20.87975,20.71724,3840,301,3,197,9.4408368711462e+18,QSO,1.752831,8385,57511,604
1.2376619668949568e+18,190.344715251944,42.0571234293011,21.68394,20.98071,20.8384,20.56017,20.48344,3840,301,3,201,9.440892946239216e+18,QSO,0.6406143,8385,57511,808
1.2376618498656177e+18,206.067556336365,42.009482307067,21.89825,21.52129,20.885,20.37323,20.4564,3813,301,1,331,9.447625530814e+18,GALAXY,0.2244638,8391,57511,725
1.2376619668951537e+18,190.936838909508,42.1312514743421,23.36428,21.723,21.06775,20.7522,20.8943,3840,301,3,204,9.440914661593864e+18,STAR,-0.0003913885,8385,57511,887
1.2376621956067494e+18,205.027686816737,41.4586549973208,23.38548,21.47715,20.38042,21.61342,19.72773,3893,301,5,274,9.44755681133726e+18,STAR,-0.0002260989,8391,57511,475
1.2376672105186596e+18,157.272985489716,26.2965680925419,23.62628,23.03885,23.41792,22.49089,21.73831,5061,301,2,285,1.0084846670057857e+19,GALAXY,0.7147526,8957,57511,586
1.2376619658212808e+18,190.382890876864,41.2113388194621,24.33207,23.03779,21.70114,20.67821,19.81168,3840,301,1,202,9.440747535826442e+18,GALAXY,0.8896248,8385,57511,279
1.2376621956070116e+18,205.694376318311,41.4190957497141,21.35104,21.11978,20.79709,20.77026,20.35396,3893,301,5,278,9.44754059354075e+18,QSO,1.061829,8391,57511,416
1.23766196635861e+18,191.847070731004,41.5204254348609,20.24762,18.81455,17.80816,17.38869,17.09766,3840,301,2,209,9.440691735611333e+18,GALAXY,0.2257782,8385,57511,76
1.2376642958291108e+18,190.726678459565,40.6393289457771,19.57047,19.34751,19.37303,19.20161,19.32254,4382,301,5,20,9.440730218518305e+18,QSO,1.58028,8385,57511,216
1.2376619668949573e+18,190.208657375295,42.008356945869,23.49974,24.22154,21.65441,20.42952,19.5283,3840,301,3,201,9.440881126489215e+18,GALAXY,0.8437583,8385,57511,765
1.2376619663586757e+18,191.985622666507,41.5737316940703,21.68758,19.32234,18.25662,17.82046,17.46365,3840,301,2,210,9.440680465617148e+18,GALAXY,0.1518318,8385,57511,35
1.237662195607208e+18,206.212930273575,41.1767649078493,18.421,18.4344,18.48624,17.7444,17.07819,3893,301,5,281,9.447505958924474e+18,STAR,-9.189582e-05,8391,57511,290
1.2376619668950876e+18,190.570619340521,42.0525653736969,18.78495,17.83955,17.5443,17.43566,17.38759,3840,301,3,203,9.440902292088054e+18,STAR,-0.0004172692,8385,57511,842
1.2376621945282235e+18,190.325892408228,42.3179082795791,21.95249,21.78161,21.58708,21.20243,21.45656,3893,301,3,201,9.440890197460146e+18,QSO,2.70261,8385,57511,798
1.2376621956074048e+18,206.948731893847,41.0371556231271,22.09239,20.88536,20.85535,20.62214,20.84659,3893,301,5,284,9.447455106511688e+18,STAR,-0.0007799537,8391,57511,105
1.2376619658208225e+18,188.928115253958,41.3176611876342,25.98227,22.99039,22.37127,21.04111,19.0567,3840,301,1,195,9.440804160675273e+18,GALAXY,0.8219375,8385,57511,485
1.2376623072601047e+18,206.228806739302,41.0000926125341,23.97397,24.00627,21.65661,20.48752,19.42762,3919,301,5,33,9.447504584534942e+18,GALAXY,0.2424677,8391,57511,285
1.2376619668944325e+18,188.690643214241,42.0423243649615,22.08198,21.53883,21.08639,20.68152,20.5707,3840,301,3,193,9.440815980425271e+18,QSO,0.5164252,8385,57511,528
1.2376614332445504e+18,216.257724187994,41.8877597264163,25.78005,24.30355,21.13649,19.99281,19.33443,3716,301,1,190,9.572559738560078e+18,GALAXY,0.7002425,8502,57512,577
1.23766196742783e+18,177.8081893236,42.428877999656,22.52868,20.37,18.91371,18.4027,18.01562,3840,301,4,140,9.436372853954206e+18,GALAXY,0.2314691,8381,57512,748
1.237661362377e+18,218.551066005194,42.7925866458842,21.2873,19.7692,19.08817,18.8215,18.73765,3699,301,5,181,9.572660343874015e+18,STAR,2.668863e-05,8502,57512,943
1.237661360765731e+18,216.041610679173,42.2122811510836,22.27684,21.96751,22.04977,21.559,22.19224,3699,301,2,171,9.572544620275194e+18,QSO,1.700604,8502,57512,522
1.237662194523898e+18,176.821479168664,42.0741872512475,21.49266,21.888,21.255,21.5201,21.44136,3893,301,3,135,9.436323925686768e+18,QSO,1.253362,8381,57512,570
1.237662194524357e+18,178.277060296324,42.1349256089544,22.78156,21.8556,21.0666,20.30894,19.96017,3893,301,3,142,9.436398692477458e+18,QSO,4.913074,8381,57512,842
1.2376619668910246e+18,178.173749343294,41.9569138386146,21.33591,21.12073,20.872,20.74537,20.78016,3840,301,3,141,9.436392095407694e+18,QSO,0.8560785,8381,57512,818
1.2376619674275028e+18,176.966262119098,42.3041293069812,24.589,23.31095,21.38057,20.38454,19.66092,3840,301,4,135,9.43633024787863e+18,GALAXY,0.6066067,8381,57512,593
1.237661967427568e+18,177.153769735112,42.2408381971945,24.24745,21.50395,19.99897,19.40857,19.18392,3840,301,4,136,9.436344266651886e+18,GALAXY,0.3273895,8381,57512,644
1.23766219452475e+18,179.439439465071,42.3183208996765,21.44412,21.22252,20.99366,20.68578,20.41452,3893,301,3,148,9.43643717538443e+18,QSO,1.65886,8381,57512,982
1.2376613607656653e+18,215.859234029013,42.4240662994187,19.37643,19.22021,19.0423,18.96052,18.37792,3699,301,2,170,9.572554515879844e+18,QSO,0.3535653,8502,57512,558
1.237661966890566e+18,176.776760906971,41.9626158499443,23.39312,21.62101,21.06795,20.95574,20.81705,3840,301,3,134,9.436321451785607e+18,STAR,-0.0003406192,8381,57512,561
1.2376619668906967e+18,177.23556626454,41.8206492911739,21.90007,21.42675,21.38789,21.21627,21.87002,3840,301,3,136,9.436346190797232e+18,QSO,2.068936,8381,57512,651
1.237661360766321e+18,217.68594124207,41.8454442163859,22.00389,21.50123,21.28987,21.4093,21.51633,3699,301,2,180,9.572615538775183e+18,QSO,0.8601341,8502,57512,780
1.2376619674277652e+18,177.609690056041,42.3365305727202,25.8424,23.49011,21.40395,20.25562,19.61331,3840,301,4,139,9.43635443713444e+18,GALAXY,0.5065801,8381,57512,681
1.2376619668910246e+18,178.150198183864,42.0768311092708,20.47912,20.26696,20.05669,20.0089,19.96553,3840,301,3,141,9.436390995896064e+18,QSO,1.324012,8381,57512,814
1.2376619668907628e+18,177.425183529461,41.8784297957474,22.89863,21.78218,21.16051,21.01237,21.16437,3840,301,3,137,9.43635801054723e+18,STAR,-0.0006673007,8381,57512,694
1.237661361839604e+18,216.916640283619,42.9548113013575,20.97196,21.10691,21.16622,21.09192,21.3769,3699,301,4,173,9.57257183318798e+18,QSO,1.825461,8502,57512,621
1.237661361839866e+18,217.450448893357,42.6845037330015,25.59634,25.25023,21.92679,20.633,19.65847,3699,301,4,177,9.572608117071698e+18,GALAXY,0.73894,8502,57512,753
1.2376621945237015e+18,176.328054733085,41.9770884557161,21.39565,21.20979,21.06768,20.96828,20.72143,3893,301,3,132,9.436313755204213e+18,QSO,2.210609,8381,57512,533
1.2376621945244224e+18,178.61718757888,42.20672838515,21.00665,20.90233,20.23362,20.11118,20.05026,3893,301,3,143,9.436411336861178e+18,QSO,1.18574,8381,57512,888
1.2376614332450092e+18,217.495675029809,41.6953227853709,24.2014,23.51751,21.69199,20.48151,19.78098,3716,301,1,197,9.572477824943806e+18,GALAXY,0.8070334,8502,57512,279
1.2376613607664527e+18,218.12349180504,41.6178136131619,22.3734,23.11829,21.71989,20.48927,19.80798,3699,301,2,182,9.572442640571718e+18,GALAXY,0.8244918,8502,57512,151
1.2376619674277645e+18,177.767066653732,42.3612706965486,21.12024,19.48998,18.13001,17.61087,17.26486,3840,301,4,139,9.436375602733275e+18,GALAXY,0.2341507,8381,57512,758
1.2376619668911557e+18,178.561151881257,42.0256763921448,20.14254,19.59172,19.51972,19.31535,19.24401,3840,301,3,143,9.436409687593736e+18,QSO,1.639503,8381,57512,882
1.2376619674273055e+18,176.382372067526,42.2079098079441,18.93816,17.97589,17.6785,17.59095,17.53271,3840,301,4,132,9.436310456669327e+18,STAR,0.000150972,8381,57512,521
1.23766196689109e+18,178.440378202572,41.9378788201831,21.80238,21.78429,21.55828,21.30167,21.4603,3840,301,3,142,9.436403090523967e+18,QSO,1.796961,8381,57512,858
1.2376613607667144e+18,218.838333641968,41.4999625052394,21.94491,21.6809,21.26695,21.25018,21.08428,3699,301,2,186,9.572409930100791e+18,QSO,1.150671,8502,57512,32
1.2376613607668457e+18,219.160381006947,41.17377724304,22.56945,22.30993,21.86572,21.77333,21.7272,3699,301,2,188,9.57240278327521e+18,GALAXY,0.6413243,8502,57512,6
1.2376621945245537e+18,178.92266322195,42.1773416400057,21.64294,21.52524,21.28226,21.23281,21.17942,3893,301,3,145,9.436423981244895e+18,QSO,0.7079805,8381,57512,934
1.2376619668903693e+18,176.099791464875,41.8249639059906,21.59107,21.60762,21.17748,21.0618,20.5715,3840,301,3,131,9.436308257646074e+18,QSO,1.172421,8381,57512,513
1.23766196742783e+18,177.806607888576,42.3736060106337,21.9589,19.86185,18.56711,18.06368,17.69209,3840,301,4,140,9.436410787105364e+18,GALAXY,0.0,8381,57512,886
1.237661360766583e+18,218.38206295136,41.4946825814407,20.63511,20.14116,19.82136,19.51713,19.24778,3699,301,2,184,9.57243164545544e+18,QSO,1.961092,8502,57512,111
1.237661360765862e+18,216.365660764694,42.2831965297403,22.31526,21.26923,21.11279,21.01062,20.73567,3699,301,2,173,9.57255589026938e+18,QSO,2.243646,8502,57512,563
1.2376619668915487e+18,179.677404800505,42.0609226610507,20.49635,20.22216,19.94252,20.0723,20.27697,3840,301,3,149,9.436439374407686e+18,QSO,1.044496,8381,57512,990
1.237661362376933e+18,218.268075335625,42.8455369696741,17.50877,16.52636,16.24638,16.14192,16.11558,3699,301,5,180,9.572640827542624e+18,STAR,-0.0002338609,8502,57512,872
1.2376621945239636e+18,177.195741440647,42.1188827588058,21.49021,21.51435,21.34716,21.29441,20.84921,3893,301,3,136,9.436347015430953e+18,QSO,1.476092,8381,57512,654
1.2376621945241605e+18,177.771759308192,42.1787650803527,21.0805,21.06387,20.95119,20.61296,20.29123,3893,301,3,139,9.436376702244905e+18,QSO,0.755275,8381,57512,762
1.2376619668908936e+18,177.736307332122,42.0376854724776,21.56674,21.81798,21.33081,21.19065,21.68669,3840,301,3,139,9.43636625688444e+18,QSO,1.308307,8381,57512,724
1.2376613623771955e+18,219.15596709128,42.6238059364918,21.244,20.41709,20.4439,20.4555,20.09519,3699,301,5,184,9.572665016798435e+18,QSO,2.513567,8502,57512,960
1.2376613607659284e+18,216.534278177513,42.1402209489473,25.04626,24.01421,21.72951,20.69509,19.94948,3699,301,2,174,9.572569634164726e+18,GALAXY,0.6428258,8502,57512,613
1.2376621945246843e+18,179.371119586774,42.343001586828,20.1537,20.15719,19.76341,19.73973,19.73164,3893,301,3,147,9.436437725140244e+18,QSO,1.306433,8381,57512,984
1.23766143324455e+18,216.147324316519,41.9976700251927,25.82824,22.87688,21.17919,20.18796,19.36786,3716,301,1,190,9.572548743443798e+18,GALAXY,0.7669971,8502,57512,537
1.237661362377e+18,218.549363079412,42.9447859044773,23.71383,23.18182,21.96703,20.56498,19.91673,3699,301,5,181,9.57266006899611e+18,STAR,1.92367e-05,8502,57512,942
1.2376619674277647e+18,177.734256274631,42.423658741364,23.87926,21.21592,19.89046,19.38656,19.05882,3840,301,4,139,9.436373953465831e+18,GALAXY,0.2316711,8381,57512,752
1.2376621945239636e+18,177.008706245397,42.1201605855783,21.61161,21.28994,21.25487,21.144,20.79161,3893,301,3,136,9.436334371047231e+18,QSO,0.9310741,8381,57512,608
1.237661966890566e+18,176.664771667358,41.8612273358762,22.06407,21.77219,21.6503,21.21116,21.18783,3840,301,3,134,9.43631485471584e+18,GALAXY,1.000187,8381,57512,537
1.2376613623770647e+18,218.663620131445,42.7903711515185,20.86592,19.5663,19.02238,18.83238,18.74775,3699,301,5,182,9.572660893629831e+18,STAR,-0.0005434996,8502,57512,945
1.237662194523898e+18,176.901816381561,42.0175228186746,20.39184,20.24176,20.19111,19.91356,19.98743,3893,301,3,135,9.436325025198395e+18,QSO,1.710912,8381,57512,574
1.237661966891025e+18,178.096458056713,41.9425790351111,22.26988,21.35609,21.08832,20.60956,20.37957,3840,301,3,141,9.436388521994902e+18,QSO,0.5267351,8381,57512,805
1.237661965817742e+18,179.638980508495,41.2362077081893,26.14744,23.98156,21.40993,20.39365,19.62448,3840,301,1,148,9.4361746669833e+18,GALAXY,0.6203853,8381,57512,27
1.237661360765731e+18,216.027887474027,42.1980841309078,22.18876,22.052,21.86916,21.65187,21.52525,3699,301,2,171,9.572545444908917e+18,QSO,2.180254,8502,57512,525
1.2376613618396692e+18,216.926502430342,42.8913246662152,20.91654,20.34973,20.1967,19.83078,19.6233,3699,301,4,174,9.572573207577516e+18,QSO,0.5551066,8502,57512,626
1.23766196689109e+18,178.359128203468,42.0241333636789,20.58182,20.59775,20.58134,20.50792,20.34083,3840,301,3,142,9.436401441256528e+18,QSO,2.04149,8381,57512,852
1.23766143324514e+18,217.837376520399,41.5004533454117,24.06693,22.82572,21.6725,20.64404,19.90568,3716,301,1,199,9.572453085932182e+18,GALAXY,0.6182796,8502,57512,189
1.2376621945242255e+18,178.008619392418,42.1567564339337,19.70438,19.74789,19.66545,19.68577,19.76667,3893,301,3,140,9.436389346628622e+18,QSO,1.33178,8381,57512,808
1.2376621945240292e+18,177.410044166191,42.1093351412446,21.1632,21.10754,21.06832,20.97505,20.83926,3893,301,3,137,9.436356636157696e+18,QSO,1.458173,8381,57512,689
1.23766136184e+18,217.96486536015,42.4867903869739,22.25084,21.72841,21.47982,21.07777,20.73896,3699,301,4,179,9.572631481693788e+18,QSO,0.6139987,8502,57512,838
1.2376619674274376e+18,176.687124607075,42.3844776808186,26.0792,23.65679,21.35807,20.08018,19.27047,3840,301,4,134,9.436331897146071e+18,GALAXY,0.8037625,8381,57512,599
1.237661360765863e+18,216.347403686562,42.1745007388231,24.32888,23.82061,21.87588,20.57343,19.7498,3699,301,2,173,9.57255753953682e+18,GALAXY,0.6634697,8502,57512,569
1.2376613607664527e+18,218.003287919965,41.7329920101806,23.79951,23.44874,21.97071,20.68187,19.90348,3699,301,2,182,9.572443190327534e+18,GALAXY,0.7637948,8502,57512,153
1.2376613623772613e+18,219.229772221482,42.5883812360111,21.1906,20.98155,20.36837,20.1483,20.15457,3699,301,5,185,9.572671613868202e+18,GALAXY,0.4924079,8502,57512,984
1.2376619663537605e+18,177.035882598105,41.4560883260299,23.5685,24.91104,22.03616,20.8348,19.91643,3840,301,2,135,9.436274172785613e+18,GALAXY,0.8726047,8381,57512,389
1.237661361303127e+18,217.811378114763,42.2297675956116,23.58732,22.01717,20.4697,19.87813,19.5769,3699,301,3,179,9.572623785112392e+18,GALAXY,0.421859,8502,57512,810
1.237661966890828e+18,177.609490214824,41.9936507476423,21.60934,21.34971,21.27842,21.08062,20.6231,3840,301,3,138,9.436366531762346e+18,QSO,2.047931,8381,57512,725
1.237662194524291e+18,178.0689406634,42.1085671322414,20.62511,20.32236,20.10266,19.66529,19.52269,3893,301,3,141,9.43639044614025e+18,QSO,0.550229,8381,57512,812
1.2376619668911557e+18,178.619769106534,41.9733328155888,22.40206,22.07361,21.48364,20.9428,20.84202,3840,301,3,143,9.436412711250713e+18,QSO,1.086745,8381,57512,893
1.2376614332450744e+18,217.616128399586,41.5222374527876,24.60893,23.00672,21.34352,20.28073,19.51096,3716,301,1,198,9.572465180560087e+18,GALAXY,0.6387069,8502,57512,233
1.2376619668908936e+18,177.81387851333,41.9226997138147,20.96397,20.99966,20.78307,20.79115,20.77175,3840,301,3,139,9.4363805505356e+18,QSO,1.356183,8381,57512,776
1.237661362377261e+18,219.188196977176,42.5721252150315,18.96578,18.05011,17.77806,17.67322,17.66643,3699,301,5,185,9.572671888746109e+18,STAR,-0.0005565008,8502,57512,985
1.2376619668908936e+18,177.750058350978,41.9206308620698,20.48835,20.48071,20.28971,20.21043,20.05811,3840,301,3,139,9.436379451023972e+18,QSO,1.311427,8381,57512,772
1.2376613618401935e+18,218.558866889789,42.3740026393063,21.12151,21.25175,21.01315,20.95479,20.47746,3699,301,4,182,9.572666666065877e+18,QSO,1.450281,8502,57512,966
1.2376613607659935e+18,216.720708937817,42.1486534056338,21.72862,21.82219,21.69929,21.63134,21.3544,3699,301,2,175,9.572568259775191e+18,QSO,1.62501,8502,57512,608
1.2376613618403249e+18,218.912751213693,42.2236819930869,21.96552,21.74384,21.86785,21.54321,23.88357,3699,301,4,184,9.572668590211224e+18,QSO,1.747952,8502,57512,973
1.2376619658174144e+18,178.705068958248,41.1481821268232,24.02703,26.3577,22.41198,20.71734,19.93329,3840,301,1,143,9.436200505506554e+18,GALAXY,0.9042431,8381,57512,121
1.2376613607661253e+18,217.128415842428,41.8481848964699,22.47393,22.41773,22.20234,20.86756,19.68048,3699,301,2,177,9.572593273664725e+18,GALAXY,0.7770751,8502,57512,699
1.2376619668904348e+18,176.394320577498,41.8602037945041,21.83961,21.43408,21.08564,20.82047,20.13561,3840,301,3,132,9.43631512959375e+18,QSO,0.7658855,8381,57512,538
1.2376619668906314e+18,176.943981426858,41.8933016723948,21.59993,20.56988,20.2209,20.0659,20.00882,3840,301,3,135,9.436336020314675e+18,STAR,-0.0002841656,8381,57512,614
1.2376619674274373e+18,176.591305651171,42.3440901239721,23.73198,23.04219,21.81193,20.6851,19.88937,3840,301,4,134,9.43632035227398e+18,GALAXY,0.7077464,8381,57512,557
1.23766196689109e+18,178.24697915428,42.0731031280962,20.36029,20.37833,20.32208,20.08103,19.73065,3840,301,3,142,9.436400066866991e+18,QSO,2.045094,8381,57512,847
1.237661360765862e+18,216.319965906021,42.2550635424295,21.86665,21.22458,20.96754,20.94459,20.76847,3699,301,2,173,9.5725567149031e+18,STAR,0.000310037,8502,57512,566
1.23766196689109e+18,178.398044058958,42.008101384403,21.99012,22.02479,21.88028,21.88835,21.35823,3840,301,3,142,9.436401991012342e+18,QSO,1.491069,8381,57512,854
1.2376613618400635e+18,218.258501863791,42.5788893638865,22.45947,22.94798,21.47092,20.1649,19.50305,3699,301,4,180,9.572640552664715e+18,GALAXY,0.7187184,8502,57512,871
1.237661362376868e+18,218.166127796653,42.9177069467094,22.27773,22.13189,21.84228,21.61091,21.41887,3699,301,5,179,9.572638353641462e+18,QSO,1.357226,8502,57512,863
1.237659131672134e+18,217.402566800268,49.6401284780133,21.91599,20.911,20.81913,20.67168,21.25429,3180,301,2,86,9.46434305539207e+18,GALAXY,0.01257015,8406,57513,103
1.2376591316710856e+18,214.038231710488,50.7221694747146,22.47456,21.79775,21.61338,21.50538,21.31688,3180,301,2,70,9.464457954357172e+18,STAR,-0.0005390575,8406,57513,521
1.237662194527109e+18,186.795488028599,42.4756759000738,21.47915,21.40693,21.12051,20.84009,20.73285,3893,301,3,184,9.439742307354302e+18,QSO,1.567379,8384,57513,718
1.23766466951984e+18,186.504033394843,40.798614796983,23.8409,21.76515,20.41737,19.93042,19.52536,4469,301,5,456,9.439642801551989e+18,GALAXY,0.2939528,8384,57513,356
1.237661965818659e+18,182.33726362475,41.2497831342074,25.8548,24.02131,21.99977,20.26818,19.28789,3840,301,1,162,9.437311562023197e+18,GALAXY,0.863098,8382,57513,67
1.2376591327455483e+18,216.98538161993,50.8716979130719,23.91972,22.41001,21.21069,20.21851,19.34513,3180,301,4,81,9.46455086308972e+18,GALAXY,0.6150076,8406,57513,859
1.2376646695180703e+18,181.176978749664,40.6364908989808,24.95618,22.42077,21.30332,20.13535,19.39293,4469,301,5,429,9.43734894541854e+18,GALAXY,0.7226421,8382,57513,203
1.2376619668915487e+18,179.834407862042,42.1685751946135,20.50141,20.65176,20.32071,20.3641,20.21779,3840,301,3,149,9.437448451220857e+18,QSO,1.39602,8382,57513,565
1.2376619668939085e+18,187.024077557772,42.1131882479841,22.16076,21.33008,20.84998,20.78235,20.89595,3840,301,3,185,9.439745605889184e+18,STAR,0.000243423,8384,57513,730
1.2376623029718886e+18,215.54897303509,49.1048954353594,26.76981,24.71377,22.81512,21.27243,19.90576,3918,301,5,136,9.464415623159505e+18,GALAXY,0.9152375,8406,57513,367
1.2376621945254052e+18,181.584852482297,42.3370405326531,19.00754,18.78102,18.65147,18.72993,18.74445,3893,301,3,158,9.437533938249914e+18,QSO,0.9048473,8382,57513,876
1.2376672099815268e+18,156.852947360645,25.7532224837995,22.66199,22.74995,21.77963,21.10261,20.80486,5061,301,1,281,1.0083713898236891e+19,GALAXY,1.020729,8956,57513,561
1.2376621945254054e+18,181.645330520821,42.2739952211876,21.20149,19.77107,19.27176,19.04226,18.9441,3893,301,3,158,9.437545757999913e+18,STAR,4.827565e-05,8382,57513,919
1.2376621945255365e+18,182.038598737145,42.3420713018794,21.31298,21.1694,20.98043,20.96353,20.79826,3893,301,3,160,9.437544933366192e+18,QSO,2.008753,8382,57513,916
1.2376621945269783e+18,186.390909503393,42.4744418267354,21.59519,21.51863,21.40786,21.28573,21.20945,3893,301,3,182,9.439718392976398e+18,QSO,1.494707,8384,57513,631
1.2376619668939082e+18,187.103927125167,42.133508744637,22.02054,21.5507,21.4025,20.97359,20.93064,3840,301,3,185,9.439754401982208e+18,QSO,1.837835,8384,57513,762
1.2376619668941048e+18,187.551515722252,42.1408930977186,21.90067,21.31656,20.8709,20.84942,20.55924,3840,301,3,188,9.439778041482203e+18,GALAXY,0.2137709,8384,57513,848
1.2376646695198395e+18,186.533974622888,40.81186066083,22.15107,19.92893,18.37201,17.75909,17.37103,4469,301,5,456,9.439629882290362e+18,GALAXY,0.2830734,8384,57513,309
1.2376621945270436e+18,186.670159247181,42.4077175421739,20.06662,19.99158,19.96877,19.87325,19.5909,3893,301,3,183,9.43973186199384e+18,QSO,1.999826,8384,57513,680
1.2376619668921388e+18,181.525084212288,42.1864512193365,20.81626,20.78832,20.80157,20.4868,20.04194,3840,301,3,158,9.437524592401078e+18,QSO,1.955125,8382,57513,842
1.2376623035092175e+18,217.468259656576,49.0999989662447,21.51819,19.95922,19.27947,19.04299,18.87719,3918,301,6,143,9.464341681002537e+18,STAR,-0.00104701,8406,57513,98
1.2376619658178076e+18,179.907589556393,41.1875884562758,26.61224,22.92047,21.9138,20.55909,19.56809,3840,301,1,149,9.437410518069697e+18,GALAXY,0.9051309,8382,57513,427
1.2376619668924006e+18,182.423556648951,42.1929988225109,20.20802,20.05738,19.83471,19.83196,19.80839,3840,301,3,162,9.437431958546438e+18,GALAXY,0.0,8382,57513,505
1.23766219452475e+18,179.577536333704,42.2263565825806,21.999,21.73846,21.79323,21.29149,20.95144,3893,301,3,148,9.437436906348763e+18,QSO,1.912407,8382,57513,523
1.2376619668918108e+18,180.60288277767,42.0403797354337,20.15149,19.9017,19.69132,19.48174,19.42623,3840,301,3,153,9.437483360715037e+18,QSO,1.525616,8382,57513,692
1.2376621945268472e+18,185.911090768293,42.3058581654375,24.03302,23.21087,21.20723,20.02082,19.46316,3893,301,3,180,9.439698876645003e+18,STAR,-0.0002743431,8384,57513,560
1.237662194527306e+18,187.46736604336,42.4058038302574,21.29757,21.275,21.13469,21.32776,20.81678,3893,301,3,187,9.439774193191508e+18,GALAXY,0.6825922,8384,57513,834
1.2376621945277647e+18,188.806178827288,42.2840505737015,20.71321,20.52967,20.65708,20.31951,20.23834,3893,301,3,194,9.439815699755457e+18,QSO,1.783964,8384,57513,985
1.2376619668939745e+18,187.315220819707,42.1637385557957,23.71696,23.62913,21.24805,20.14768,19.26822,3840,301,3,186,9.439766221732209e+18,GALAXY,0.700321,8384,57513,805
1.2376619668917455e+18,180.311958086887,42.1937964716298,21.72697,21.66842,21.27727,21.38338,21.20453,3840,301,3,152,9.437470166575503e+18,QSO,1.048394,8382,57513,644
1.2376621945251436e+18,180.704961490315,42.3919169476246,25.01901,21.99937,21.32235,21.26906,21.16532,3893,301,3,154,9.437501502656897e+18,QSO,3.414103,8382,57513,758
1.2376619668944328e+18,188.60421103036,42.0663443002322,23.99375,22.50638,21.39512,20.32723,19.59291,3840,301,3,193,9.43981624951127e+18,GALAXY,0.7028596,8384,57513,987
1.2376621945272404e+18,187.291190448717,42.2936142216718,20.75892,20.8241,20.60623,20.53805,20.18621,3893,301,3,186,9.439764572464765e+18,QSO,1.237136,8384,57513,799
1.2376591322088087e+18,217.03949962512,50.3379816804243,22.48245,23.18104,22.41214,20.68126,19.67697,3180,301,3,83,9.464561308450183e+18,GALAXY,0.8941758,8406,57513,897
1.2376674301010903e+18,158.062604254631,24.7534398074884,22.3086,22.24224,21.66143,21.19313,20.82713,5112,301,3,319,1.008362236389388e+19,GALAXY,0.7317168,8956,57513,228
1.2376619668918764e+18,180.77889747939,42.0619053242924,19.67623,19.1599,19.24874,19.09738,19.11156,3840,301,3,154,9.437494080953407e+18,QSO,0.6505824,8382,57513,731
1.237661966894498e+18,188.845828348665,42.0825490198864,21.738,21.57489,21.38124,21.31308,21.28084,3840,301,3,194,9.43981542487755e+18,QSO,0.9171884,8384,57513,984
1.2376619668943014e+18,188.271251682702,42.1133295118128,20.73603,20.69975,20.79157,20.48462,20.42911,3840,301,3,191,9.439801680982202e+18,QSO,1.815682,8384,57513,934
1.2376591316718715e+18,216.616745188068,50.0467570368903,18.94582,18.29945,18.19514,18.10018,17.85743,3180,301,2,82,9.46436751952579e+18,QSO,2.324309,8406,57513,192
1.2376619668940396e+18,187.502733477962,42.1449760080494,22.60838,21.56753,21.68382,21.60706,21.30427,3840,301,3,187,9.439768420755462e+18,QSO,2.240392,8384,57513,813
1.237659131671741e+18,216.178188400524,50.1275602264944,20.63922,20.63601,20.41848,20.44062,20.39268,3180,301,2,80,9.4643917087816e+18,QSO,0.9761692,8406,57513,280
1.2376621939889285e+18,182.798270881669,41.8671465705701,26.20329,22.61138,21.8196,20.56388,19.89694,3893,301,2,164,9.437565549209213e+18,GALAXY,0.848439,8382,57513,991
1.2376619668915487e+18,179.830171824251,42.0071145615682,20.91042,19.09705,18.29078,18.0211,17.86726,3840,301,3,149,9.437450925122015e+18,STAR,8.69583e-05,8382,57513,574
1.2376621945270438e+18,186.554834692059,42.4777750693145,21.80418,21.96433,21.67025,21.45287,20.81906,3893,301,3,183,9.439729113214767e+18,QSO,1.979334,8384,57513,670
1.2376619668939082e+18,186.96920565041,42.0661584277767,21.16992,21.28091,21.22168,21.09843,21.25633,3840,301,3,185,9.439744781255465e+18,QSO,1.648675,8384,57513,727
1.2376621945254054e+18,181.642755150873,42.321036836106,21.81706,21.58506,21.49368,21.18307,21.04471,3893,301,3,158,9.43754603287782e+18,QSO,1.615787,8382,57513,920
1.237662194525143e+18,180.705886284862,42.2891079189798,20.50414,20.10691,19.94437,19.70758,19.57915,3893,301,3,154,9.437502052412709e+18,QSO,1.909794,8382,57513,760
1.2376619668920077e+18,181.11043492195,42.2032056103298,21.22874,21.27327,21.12543,20.59469,20.53015,3840,301,3,156,9.437514147040614e+18,QSO,1.922564,8382,57513,804
1.237661966893646e+18,186.145224778884,42.0957626056101,21.73395,20.77631,20.21368,19.59603,19.44371,3840,301,3,181,9.439710421517097e+18,QSO,0.6435584,8384,57513,602
1.237662194525602e+18,182.221369830768,42.3155842045421,22.02953,21.12662,20.89897,20.81857,20.77776,3893,301,3,161,9.437555928482468e+18,STAR,-0.0008449211,8382,57513,956
1.2376674290276106e+18,158.941356439201,24.0787006250633,23.70528,22.75736,22.3334,21.99417,21.84748,5112,301,1,323,1.008357206123691e+19,GALAXY,0.2596147,8956,57513,45
1.2376619668920077e+18,181.121433257091,42.2212966982802,21.8246,21.78585,21.24231,20.98154,21.11977,3840,301,3,156,9.437513322406894e+18,GALAXY,0.4375658,8382,57513,801
1.2376621945256015e+18,182.140318754871,42.4475443769749,20.49775,20.11304,19.92968,19.78297,19.82753,3893,301,3,161,9.43755345458131e+18,QSO,1.573756,8382,57513,947
1.237662302971954e+18,215.756080160819,49.0859819608343,23.4108,22.80305,21.97664,20.63364,19.87024,3918,301,5,137,9.464403528531595e+18,GALAXY,0.860134,8406,57513,323
1.2376619668937116e+18,186.331192289392,42.1820003916145,21.62875,22.01602,21.64523,21.42995,21.04649,3840,301,3,182,9.439713170296166e+18,QSO,1.290718,8384,57513,612
1.2376619668940393e+18,187.415797243244,42.1331287363079,21.36432,20.75983,20.33591,20.08413,19.76119,3840,301,3,187,9.43976759612174e+18,QSO,2.174662,8384,57513,810
1.237659131671544e+18,215.535587757382,50.2582505315962,21.58734,21.98436,21.82558,21.54841,21.2974,3180,301,2,77,9.46450138506647e+18,QSO,1.377158,8406,57513,679
1.237662194526978e+18,186.406684876297,42.3950578043117,18.61064,18.44489,18.41688,18.21882,18.19687,3893,301,3,182,9.43971976736593e+18,QSO,1.829321,8384,57513,636
1.237661966891418e+18,179.423308250122,42.0667402894028,22.12019,21.47959,20.72602,20.30894,20.24403,3840,301,3,147,9.437437730982484e+18,QSO,1.228147,8382,57513,526
1.237659131672e+18,216.874084424539,49.8278563208405,22.87796,20.34851,18.95284,18.04323,17.54516,3180,301,2,84,9.464356524409508e+18,STAR,8.742255e-06,8406,57513,152
1.2376621945273713e+18,187.559242562415,42.3325234420538,22.08403,20.25589,19.56495,19.31528,19.16993,3893,301,3,188,9.439775567581045e+18,STAR,-7.757251e-05,8384,57513,839
1.2376591316716096e+18,215.713669436028,50.3579386998733,22.47478,22.27588,21.7425,21.88938,22.83119,3180,301,2,78,9.46451128067112e+18,STAR,0.001705958,8406,57513,715
1.2376621945273715e+18,187.691182431171,42.4525008440791,21.60748,21.11975,20.60471,20.62812,20.73913,3893,301,3,188,9.4397857380636e+18,QSO,0.9787007,8384,57513,876
1.237659131671544e+18,215.544539372073,50.305238780335,21.77075,21.4425,21.32955,21.06535,20.93135,3180,301,2,77,9.464500560432749e+18,QSO,1.994987,8406,57513,676
1.2376619663567752e+18,186.188664625251,41.7040593191557,24.58936,24.10984,21.74264,20.59894,19.79706,3840,301,2,181,9.439712895418262e+18,GALAXY,0.6237037,8384,57513,611
1.2376621945275023e+18,187.973424864161,42.2888155514685,23.33354,22.08951,21.85797,22.16238,22.55171,3893,301,3,190,9.43978848684267e+18,QSO,2.188856,8384,57513,886
1.2376591316714783e+18,215.30231823019,50.3896805632142,20.81884,20.62376,20.69334,20.42586,20.56452,3180,301,2,76,9.464488465804843e+18,QSO,1.819521,8406,57513,632
1.237661966893974e+18,187.292287655014,42.1550546644415,22.32606,21.85197,21.38051,21.35619,20.75799,3840,301,3,186,9.439756601005464e+18,QSO,0.9937998,8384,57513,770
1.2376619668936463e+18,186.158517288838,42.2830304142385,24.05905,23.07681,21.34641,20.28362,19.45799,3840,301,3,181,9.439709596883376e+18,GALAXY,0.6334398,8384,57513,599
1.2376591316719373e+18,216.837221903044,50.0168188408397,21.98655,22.19558,21.77443,21.56148,21.20354,3180,301,2,83,9.464356249531605e+18,GALAXY,0.9770365,8406,57513,151
1.237662194527306e+18,187.502721282893,42.4100799256559,21.50669,21.54224,21.48119,21.22079,21.24031,3893,301,3,187,9.439774742947322e+18,QSO,1.892515,8384,57513,836
1.2376619668939082e+18,186.953663088798,42.1026804675692,22.03442,21.90237,21.75996,21.26041,21.32844,3840,301,3,185,9.439743956621744e+18,QSO,1.595689,8384,57513,724
1.2376619668924664e+18,182.607657633988,42.1047018969345,21.93444,22.01432,21.44351,21.29786,21.71765,3840,301,3,163,9.437564174819678e+18,QSO,1.154004,8382,57513,986
1.2376619674283543e+18,179.534352683772,42.5209943999703,22.20383,21.98633,21.97948,21.60468,21.01478,3840,301,4,148,9.437443778296437e+18,QSO,1.968566,8382,57513,548
1.2376591322086769e+18,216.76419618924,50.3989632005277,24.43781,23.18696,21.23749,20.23678,19.50791,3180,301,3,81,9.46455526113623e+18,GALAXY,0.5883757,8406,57513,875
1.2376619668920732e+18,181.407213230594,42.2147771097291,22.01807,21.47489,21.26521,20.89692,20.97048,3840,301,3,157,9.437523767767355e+18,QSO,1.609999,8382,57513,839
1.237662194527568e+18,188.133561948963,42.3013256590171,25.31653,21.14917,20.49026,20.34997,20.17767,3893,301,3,191,9.439798932203133e+18,QSO,3.218099,8384,57513,924
1.2376619668939745e+18,187.155440230908,42.1521751504366,22.94913,23.19971,21.63424,20.43663,19.54485,3840,301,3,186,9.439754676860117e+18,GALAXY,0.6989116,8384,57513,763
1.2376591198596628e+18,214.662949921932,51.1532318070965,23.0027,25.11363,21.78389,20.18069,19.28287,3177,301,4,66,9.464454106066475e+18,GALAXY,0.4907637,8406,57513,507
1.23766230297215e+18,216.517582601879,48.9007753708241,23.55468,22.13666,22.00449,23.15635,22.43733,3918,301,5,140,9.46437081806067e+18,GALAXY,0.6714414,8406,57513,204
1.2376621945269783e+18,186.35022602421,42.4004396925456,20.49852,20.21511,19.84712,19.77396,19.50325,3893,301,3,182,9.439719492488026e+18,QSO,0.964924,8384,57513,635
1.2376591316717404e+18,216.31688219574,50.1572455379754,18.55654,18.66852,19.07936,19.35638,19.81293,3180,301,2,80,9.464379339275786e+18,QSO,2.525378,8406,57513,235
1.237662194527109e+18,186.761812394564,42.3447358883638,22.44193,22.29754,22.3839,22.455,21.17785,3893,301,3,184,9.439741482720582e+18,GALAXY,1.237471,8384,57513,715
1.2376621945256673e+18,182.269612877391,42.4192617681012,17.72972,16.84227,16.60847,16.5371,16.52748,3893,301,3,162,9.437554279215028e+18,STAR,-0.0001646428,8382,57513,950
1.2376621945275028e+18,188.131286082144,42.3468433452129,25.8676,22.62255,22.03663,21.97824,21.83281,3893,301,3,190,9.439808003174062e+18,QSO,3.293621,8384,57513,957
1.2376619668943667e+18,188.389244926404,42.2186164076005,22.3093,21.94735,21.84835,21.74998,21.38476,3840,301,3,192,9.439811026831038e+18,QSO,2.235465,8384,57513,968
1.237667430101222e+18,158.364204874039,24.9445865863182,23.26146,22.07642,21.43816,20.71062,20.24232,5112,301,3,321,1.0083613018045e+19,GALAXY,0.8551853,8956,57513,194
1.237662194524815e+18,179.754859043205,42.2169484810616,18.7402,17.74713,17.44941,17.31647,17.31128,3893,301,3,149,9.43744790146504e+18,STAR,9.766738e-05,8382,57513,563
1.2376619668913523e+18,179.230030314421,42.073227207158,21.496,21.66354,21.25159,21.40371,21.99073,3840,301,3,146,9.437431408790624e+18,QSO,1.333098,8382,57513,503
1.237661966893712e+18,186.489569222745,42.1797704417944,22.21629,22.23976,21.78834,21.65543,21.62677,3840,301,3,182,9.439722516145e+18,QSO,2.229522,8384,57513,646
1.2376621950642427e+18,187.634412794134,42.8506415608723,22.97057,21.9697,20.05167,19.3056,18.84727,3893,301,4,188,9.439781614895e+18,GALAXY,0.4424267,8384,57513,861
1.2376621945252744e+18,181.232605086017,42.3192584816097,20.59756,20.32067,20.08035,20.12549,20.07396,3893,301,3,156,9.437524042645264e+18,QSO,1.014658,8382,57513,840
1.237661966894171e+18,187.851923131185,42.2519821841436,22.4143,22.10142,21.7174,21.8511,21.04672,3840,301,3,189,9.439787662208948e+18,GALAXY,0.274346,8384,57513,883
1.2376591316716096e+18,215.790953141596,50.3504581400015,22.86784,21.76244,21.64847,22.04327,21.95706,3180,301,2,78,9.464512655060654e+18,QSO,2.295376,8406,57513,720
1.2376591327458762e+18,218.027707856434,50.4263147635978,26.43879,24.19795,21.86535,20.84963,19.82699,3180,301,4,86,9.464581649415295e+18,GALAXY,0.821595,8406,57513,971
1.2376619668922698e+18,181.880294281155,42.1012942524259,24.69167,24.21074,21.8194,20.56701,19.77739,3840,301,3,160,9.43753806141852e+18,STAR,-0.0001503645,8382,57513,891
1.2376619668913523e+18,179.258433890476,41.9764957032818,22.75605,21.12953,20.69069,20.46992,20.34533,3840,301,3,146,9.437438280738298e+18,STAR,-0.0008669658,8382,57513,528
1.2376621945247498e+18,179.509318983241,42.2709561461252,19.40976,19.4283,19.24921,19.22177,19.27601,3893,301,3,148,9.437436631470856e+18,QSO,1.275372,8382,57513,522
1.2376621945253396e+18,181.269326666088,42.3845879528438,17.44259,16.54847,16.30279,16.20018,16.19273,3893,301,3,157,9.437522668255728e+18,STAR,-0.0005853261,8382,57513,835
1.237661966892401e+18,182.353024952099,42.0955200324598,21.3648,20.86159,20.60209,20.19768,19.95676,3840,301,3,162,9.437558402383632e+18,QSO,1.693833,8382,57513,965
1.2376619668921388e+18,181.534495136438,42.2212783391078,21.96433,21.94401,21.88784,21.64617,21.37476,3840,301,3,158,9.437535037761542e+18,QSO,1.572594,8382,57513,880
1.2376591322087432e+18,216.817397002326,50.2784289773382,23.08531,23.42883,22.16814,20.67754,19.72502,3180,301,3,82,9.464556360647858e+18,GALAXY,0.8173171,8406,57513,879
1.237667210518791e+18,157.694874711554,26.42903251955,23.46052,23.06036,22.38453,22.14058,21.04783,5061,301,2,287,1.0085993460736e+19,GALAXY,1.134968,8958,57514,662
1.2376672099824443e+18,159.070717130336,26.2379649179962,22.55026,22.45975,22.01598,21.6642,22.66451,5061,301,1,295,1.0086072900451064e+19,GALAXY,0.7716725,8958,57514,951
1.2376674301006976e+18,157.052224789652,24.6439049085943,23.08725,22.87983,22.22478,21.78231,21.36678,5112,301,3,313,1.0085928589549918e+19,GALAXY,0.5666214,8958,57514,426
1.237667430101681e+18,159.547778831153,25.0633736094918,23.10307,22.52961,21.72418,21.44317,20.58103,5112,301,3,328,1.0085938485154568e+19,GALAXY,0.0,8958,57514,462
1.2376672099817887e+18,157.41657155417,25.8943596815292,22.69065,22.98241,22.60907,21.08152,20.85042,5061,301,1,285,1.008598686366619e+19,GALAXY,0.7505052,8958,57514,638
1.237667210518856e+18,157.847519954273,26.460319992647,24.63671,22.35264,21.64723,21.12689,22.08495,5061,301,2,288,1.0086016825358e+19,QSO,1.5426,8958,57514,747
1.237667210518725e+18,157.468268926873,26.43931094892,22.89142,22.93273,22.72321,21.81181,21.80447,5061,301,2,286,1.00859832902534e+19,GALAXY,0.8543332,8958,57514,625
1.237667430101549e+18,159.163294275456,25.0627503930192,23.56542,22.96042,21.82477,21.59503,21.51156,5112,301,3,326,1.0085832657160397e+19,GALAXY,0.2998084,8958,57514,77
1.2376674301015493e+18,159.078980553554,25.0623987923638,24.84035,22.31341,21.65955,20.75566,21.85242,5112,301,3,326,1.008583842959644e+19,GALAXY,0.7366458,8958,57514,98
1.2376674301005668e+18,156.794858957793,24.6106761382158,23.05027,22.5207,21.88248,21.55102,21.90092,5112,301,3,311,1.0085938760032475e+19,GALAXY,0.4513343,8958,57514,463
1.237667430100894e+18,157.480025744422,24.7468296625861,23.9827,22.78063,21.77739,21.04298,21.27795,5112,301,3,316,1.0085907423951084e+19,GALAXY,0.7048905,8958,57514,349
1.2376621945264543e+18,184.707402155539,42.3364067804175,22.25642,21.60066,20.96276,20.28909,19.87515,3893,301,3,174,9.438659838240643e+18,QSO,2.175224,8383,57518,876
