obj_ID,alpha,delta,u,g,r,i,z,run_ID,rerun_ID,cam_col,field_ID,spec_obj_ID,class,redshift,plate,MJD,fiber_ID
1.2376619668956777e+18,192.423457226009,42.0161476656428,20.83414,20.63895,20.64313,20.56312,20.486,3840,301,3,212,9.441965245071645e+18,QSO,2.187438,8386,57518,613
1.23766185094185e+18,213.772169018602,41.1731959064651,23.17878,22.08616,21.89082,22.46734,21.83273,3813,301,3,369,9.57475079045699e+18,QSO,2.78762,8504,57518,356
1.2376619668924664e+18,182.660261234969,42.220092352749,19.81501,19.80346,19.56481,19.52017,19.93212,3840,301,3,163,9.43857215218833e+18,QSO,1.2188,8383,57518,557
1.2376614332438292e+18,214.069216915066,42.5519080392709,26.6939,24.22615,21.12906,19.9155,19.06088,3716,301,1,179,9.574856618451163e+18,GALAXY,0.8133371,8504,57518,741
1.237661966895547e+18,192.018686452553,41.9888094523548,22.09936,21.13366,20.34173,20.22597,20.24197,3840,301,3,210,9.441938581914671e+18,QSO,3.381768,8386,57518,516
1.2376613607654036e+18,215.037752492962,42.4863735409308,25.31705,22.06236,20.88664,20.0361,19.43156,3699,301,2,166,9.574891253067438e+18,STAR,-2.673633e-05,8504,57518,867
1.2376621945261263e+18,183.701021748169,42.3416364042331,21.69638,21.25461,21.07756,20.84587,20.67891,3893,301,3,169,9.438616407531346e+18,QSO,1.66983,8383,57518,718
1.2376619668956777e+18,192.37379336993,42.022843569583,21.01427,21.01804,20.91817,20.78358,20.96713,3840,301,3,212,9.441964145560017e+18,QSO,1.49306,8386,57518,609
1.237662194529272e+18,193.403693289375,42.0810827321693,21.33144,21.11552,21.12209,20.96377,21.0145,3893,301,3,217,9.442009500414665e+18,QSO,1.893752,8386,57518,774
1.2376621945265198e+18,184.914328002243,42.4134785348821,25.10932,23.02978,21.6433,20.57167,19.76941,3893,301,3,175,9.43866973384529e+18,STAR,0.0004171139,8383,57518,912
1.2376619668933837e+18,185.336133428175,42.1506330924532,19.0188,18.12335,17.82499,17.72064,17.70117,3840,301,3,177,9.438684027496454e+18,STAR,-3.032761e-05,8383,57518,964
1.2376619668955471e+18,191.9983520328,41.95015263315,25.15961,24.42007,21.78145,20.781,19.79518,3840,301,3,210,9.441938856792578e+18,GALAXY,0.7569586,8386,57518,517
1.2376621945263227e+18,184.384140921123,42.4211335903571,21.94993,21.16977,20.79978,20.67764,20.57043,3893,301,3,172,9.438649942635991e+18,STAR,0.0003331418,8383,57518,840
1.237661966359266e+18,193.866548761754,41.4918735616909,25.58032,23.03021,21.76992,20.66892,19.94966,3840,301,2,219,9.441849246594914e+18,GALAXY,0.673842,8386,57518,191
1.2376619668962675e+18,194.295130364378,41.8181489611852,22.1466,21.59085,21.68229,21.22181,21.55759,3840,301,3,221,9.442053206001869e+18,QSO,1.713318,8386,57518,933
1.237661966893384e+18,185.485661001148,42.0977906672506,21.23816,20.94495,20.96848,20.97867,21.06169,3840,301,3,177,9.438688700420872e+18,QSO,1.882298,8383,57518,981
1.2376613607656e+18,215.514741509741,42.351203127833,21.30825,21.11303,21.09367,20.91053,20.65992,3699,301,2,169,9.574916541834877e+18,QSO,2.048024,8504,57518,959
1.2376619668929907e+18,184.265960492351,42.2335233418578,22.92744,20.89899,20.20508,19.99282,19.98123,3840,301,3,171,9.438638672641808e+18,STAR,-0.0009829272,8383,57518,799
1.2376619668931215e+18,184.625253378085,42.1058039123991,20.35762,20.24044,20.21558,20.05263,20.11135,3840,301,3,173,9.438661762385992e+18,QSO,1.581887,8383,57518,883
1.2376613607655995e+18,215.543429659381,42.4011342822729,20.1914,19.94496,19.57222,19.34887,19.22885,3699,301,2,169,9.57491626695697e+18,QSO,1.465081,8504,57518,958
1.2376619668962025e+18,194.035773992726,41.9193387357464,24.29738,23.37765,21.47969,20.34318,19.6641,3840,301,3,220,9.44204056161815e+18,GALAXY,0.6724918,8386,57518,887
1.2376621945288788e+18,192.289555243509,42.2549701735885,22.00387,20.4186,19.70269,19.42788,19.26526,3893,301,3,211,9.441960847025134e+18,STAR,-0.000127989,8386,57518,597
1.2376619668928596e+18,183.861186640746,42.2083173634758,22.04943,21.72893,21.273,21.11196,21.07242,3840,301,3,169,9.43861778192088e+18,QSO,1.074731,8383,57518,723
1.2376619668963983e+18,194.719276902,41.7222674627643,21.44755,21.20624,21.0152,21.02586,20.48625,3840,301,3,223,9.442065025751863e+18,QSO,1.321082,8386,57518,976
1.2376621945256676e+18,182.269493322569,42.2889235153598,21.16263,20.99052,20.83725,20.5619,20.45543,3893,301,3,162,9.43855675902554e+18,QSO,1.594371,8383,57518,501
1.2376613607652068e+18,214.536244774707,42.8059650308108,21.87972,20.54429,19.96402,19.785,19.5694,3699,301,2,163,9.574872561369764e+18,STAR,8.993064e-05,8504,57518,799
1.237661966895612e+18,192.285055149141,42.0456746471434,21.35687,21.0303,20.65927,20.22775,20.16223,3840,301,3,211,9.44196304604839e+18,QSO,1.826357,8386,57518,605
1.2376619668929907e+18,184.266905400115,42.1098880975849,21.74524,21.67676,21.56186,21.22762,21.56455,3840,301,3,171,9.438640596787157e+18,QSO,1.476954,8383,57518,806
1.237661966892401e+18,182.417736310299,42.0883301374379,21.30927,20.79418,20.63285,20.3338,20.31311,3840,301,3,162,9.43856390585112e+18,QSO,1.660156,8383,57518,527
1.2376619668956777e+18,192.536404488377,41.8951185558869,20.39936,20.44754,20.44124,20.27218,20.18215,3840,301,3,212,9.441975965310015e+18,QSO,1.964641,8386,57518,652
1.2376619668927288e+18,183.422207655943,42.1733513124872,23.20959,21.60903,21.12749,20.88696,20.86257,3840,301,3,167,9.43859634144414e+18,STAR,-0.0004340501,8383,57518,645
1.23766219452901e+18,192.708488245304,42.2268978366556,21.13752,20.46514,19.72154,19.58293,19.18891,3893,301,3,213,9.44198366189141e+18,GALAXY,0.3625414,8386,57518,680
1.2376619668954156e+18,191.562313722929,41.8930217562105,20.33216,20.19726,20.16989,19.88385,19.97176,3840,301,3,208,9.441938032158855e+18,QSO,1.774632,8386,57518,514
1.2376619674331384e+18,194.432674453636,42.3138859984011,21.28726,21.02699,20.82473,20.58484,20.85223,3840,301,4,221,9.442049632589076e+18,QSO,1.516842,8386,57518,920
1.2376614332436974e+18,213.772123858165,42.6216994270684,25.43467,24.11439,21.15459,20.04934,19.28512,3716,301,1,177,9.574850021381396e+18,STAR,-8.366823e-05,8504,57518,717
1.237662195602883e+18,193.190463145645,42.9504688301625,24.57674,22.95865,21.76672,20.59056,19.84891,3893,301,5,215,9.442000429443734e+18,QSO,0.9090245,8386,57518,741
1.237661966896071e+18,193.729589676255,41.8130037211813,20.76789,20.88076,20.49022,20.55243,20.36451,3840,301,3,218,9.442021595042568e+18,QSO,1.281374,8386,57518,818
1.237661966892401e+18,182.365119399888,42.1526725100627,21.51515,21.46547,21.6988,21.65089,21.28789,3840,301,3,162,9.43856473048484e+18,QSO,2.149273,8383,57518,530
1.2376619668957435e+18,192.732773234857,41.9474978376592,22.13541,21.81087,21.55597,21.5297,21.45088,3840,301,3,213,9.441985860914663e+18,QSO,2.247941,8386,57518,688
1.2376619668931215e+18,184.673003125143,42.2685232239422,20.29619,20.23294,19.80072,19.77225,19.95198,3840,301,3,173,9.43866011311855e+18,QSO,1.184916,8383,57518,877
1.2376619668958085e+18,192.756618143229,41.818293792318,18.66578,18.47606,18.36512,18.50361,18.46567,3840,301,3,214,9.441988334815828e+18,QSO,0.8986349,8386,57518,697
1.2376619668925322e+18,182.725032905391,42.2557772033482,23.56073,22.19599,21.71617,21.11053,20.81975,3840,301,3,164,9.438572427066237e+18,QSO,0.4256763,8383,57518,558
1.2376619668929907e+18,184.266147587978,42.2810000987861,21.95082,21.93377,22.15597,21.51746,21.41443,3840,301,3,171,9.438637298252272e+18,QSO,1.866385,8383,57518,794
1.2376619663593969e+18,194.144222526449,41.5011736360897,26.37361,22.99479,21.81547,20.64374,19.80352,3840,301,2,221,9.441837701722825e+18,GALAXY,0.7228864,8386,57518,149
1.237662194529469e+18,193.987484979401,42.0380368453921,21.22126,21.27047,21.27277,20.70271,20.63244,3893,301,3,220,9.442031765525123e+18,GALAXY,0.7498488,8386,57518,855
1.237661966896333e+18,194.423602459586,41.7162552073505,21.73345,21.24261,20.99842,21.16785,20.98764,3840,301,3,222,9.4420545803914e+18,QSO,2.483302,8386,57518,938
1.237662194529272e+18,193.521923860317,42.1521353456861,21.6495,20.79733,20.55176,20.45855,20.16848,3893,301,3,217,9.442017196996055e+18,QSO,2.619451,8386,57518,802
1.237661966896005e+18,193.541932012777,41.7930934651974,21.43122,21.96437,21.97346,21.68484,21.17429,3840,301,3,217,9.442019396019313e+18,QSO,1.895176,8386,57518,810
1.237664295829635e+18,192.126961888004,40.5023443248328,19.00933,18.82125,18.73014,18.6618,18.42985,4382,301,5,28,9.441907795589091e+18,QSO,2.14138,8386,57518,404
1.2376619668955466e+18,192.080989767987,42.0308429362865,21.7569,20.56435,19.61028,19.55041,19.52927,3840,301,3,210,9.44195397507746e+18,QSO,3.647636,8386,57518,572
1.2376621945289444e+18,192.534945770751,42.0619716986551,21.60391,21.84172,21.55306,21.34155,22.01816,3893,301,3,212,9.44197459092048e+18,QSO,1.283601,8386,57518,647
1.2376619668958088e+18,192.802294454381,41.9255275192105,22.12993,20.74135,20.1235,19.85804,19.66027,3840,301,3,214,9.4419872353042e+18,STAR,0.0003263329,8386,57518,693
1.2376621945263885e+18,184.631046115818,42.3831019799571,20.89156,20.55731,20.34597,20.18063,19.91891,3893,301,3,173,9.438660662874364e+18,QSO,2.0908,8383,57518,879
1.237662194525799e+18,182.849974267377,42.3763563445287,21.75372,21.14839,21.31304,21.29545,20.68492,3893,301,3,164,9.438583422182513e+18,QSO,2.299434,8383,57518,598
1.2376642958299628e+18,193.142935480269,40.5083343225552,19.1991,18.18593,17.85744,17.7125,17.7182,4382,301,5,33,9.44187398560654e+18,STAR,-0.0005839561,8386,57518,281
1.2376621945262574e+18,184.133274864405,42.4018566222262,21.40881,21.32974,20.93625,20.73018,20.48412,3893,301,3,171,9.438637848008088e+18,QSO,1.151139,8383,57518,796
1.237661966895612e+18,192.26473266721,41.9155775540142,22.09784,21.76722,21.37773,21.22158,20.93929,3840,301,3,211,9.441952050932111e+18,QSO,0.9473599,8386,57518,565
1.237662194526585e+18,185.207574175349,42.3236822889062,21.83288,21.72059,21.57555,21.3506,20.89058,3893,301,3,176,9.438682103351103e+18,QSO,1.910047,8383,57518,957
1.2376613607655345e+18,215.544383528739,42.4639442596255,20.02907,19.65036,19.46309,19.30988,19.43551,3699,301,2,168,9.574914067933714e+18,QSO,1.470652,8504,57518,950
1.2376619668960056e+18,193.485129113558,41.7889949577845,23.0167,21.85279,21.45554,21.15321,20.90365,3840,301,3,217,9.442009225536758e+18,STAR,-0.0001183842,8386,57518,773
1.2376619668954156e+18,191.727342222833,41.9108278065803,21.62058,21.0798,20.6557,20.42108,20.03778,3840,301,3,208,9.441937207525136e+18,QSO,0.8466634,8386,57518,511
1.2376642958300288e+18,193.329689291744,40.5172496747753,23.63987,22.29091,21.92644,21.79255,22.31572,4382,301,5,34,9.441864090001887e+18,QSO,3.037205,8386,57518,245
1.23766219452901e+18,192.68786417998,42.1201445104899,21.18226,20.89525,20.7902,20.37997,19.93067,3893,301,3,213,9.441984211647226e+18,QSO,2.181251,8386,57518,682
1.2376619668925975e+18,183.076535143497,42.1524155915868,21.30667,21.40269,21.23143,21.22982,21.23522,3840,301,3,165,9.438584246816231e+18,QSO,1.434085,8383,57518,601
1.237661966896202e+18,194.14298551651,41.8082628360591,21.59595,21.38979,21.43509,21.09805,21.65571,3840,301,3,220,9.442043585275126e+18,QSO,1.873931,8386,57518,898
1.237661966892794e+18,183.541243295551,42.118565227721,22.0237,21.77254,21.45334,21.49052,20.84446,3840,301,3,168,9.438608710949951e+18,QSO,2.021518,8383,57518,690
1.2376619668960712e+18,193.665394301248,41.8593342192738,23.06758,22.77253,21.39768,19.34272,18.25744,3840,301,3,218,9.442019945775129e+18,STAR,-0.0002662383,8386,57518,812
1.237661966893515e+18,185.745967666872,42.2574568488566,21.15543,20.9155,20.91872,20.78293,20.53747,3840,301,3,179,9.4386897999325e+18,QSO,1.544197,8383,57518,985
1.237662194526e+18,183.292604643767,42.3273039333228,21.20483,20.79974,20.8424,20.8465,20.22285,3893,301,3,167,9.438593317787165e+18,QSO,2.160239,8383,57518,634
1.2376621945294031e+18,193.837958303876,42.1061766788168,21.9726,22.0778,21.40204,21.39741,20.85377,3893,301,3,219,9.44203039113559e+18,GALAXY,0.4130455,8386,57518,850
1.2376613607651415e+18,214.293378169447,42.8892449692305,25.23866,23.29278,20.99041,20.00113,19.14408,3699,301,2,162,9.574840125776746e+18,GALAXY,0.6474316,8504,57518,681
1.2376621945266506e+18,185.369226575331,42.4224780032132,20.71027,20.75232,20.56652,20.46295,20.40416,3893,301,3,177,9.43868072896157e+18,QSO,1.440383,8383,57518,952
1.237661966896202e+18,194.120011204462,41.8248457603696,21.26152,21.31255,21.14748,21.01972,20.69039,3840,301,3,220,9.442041936007682e+18,QSO,1.875001,8386,57518,892
1.2376618509426363e+18,215.928485270006,40.5745687310208,23.2958,20.66669,19.83359,19.57327,19.31511,3813,301,3,381,9.57466612806165e+18,STAR,-0.0004568753,8504,57518,48
1.2376613618394737e+18,216.452490059885,43.1131451206571,24.8281,22.65644,21.88955,20.80659,19.95467,3699,301,4,171,9.571293101282318e+18,GALAXY,0.8588972,8501,57519,65
1.237661360765338e+18,214.98360270479,42.6849777683037,21.01888,20.92632,20.57211,20.61488,20.60166,3699,301,2,165,9.571366493683472e+18,QSO,1.007457,8501,57519,332
1.237664673253819e+18,198.492049486369,36.8520088011543,23.98522,22.49716,22.23188,21.62503,21.18791,4470,301,4,88,9.98807755231988e+18,QSO,0.5424681,8871,57519,798
1.237661360763831e+18,210.534578644623,43.8417123084619,26.08783,23.3573,21.59457,20.38366,19.72741,3699,301,2,142,9.57366584737506e+18,GALAXY,0.6590723,8503,57519,505
1.237661360764879e+18,213.63670449796,43.072181397625,20.2748,20.18984,20.03013,19.97925,19.9856,3699,301,2,158,9.571408824881142e+18,QSO,1.030683,8501,57519,486
1.237661362376082e+18,215.983280272706,43.744379476634,22.47418,22.02301,21.9239,21.61906,21.72414,3699,301,5,167,9.571517126776478e+18,QSO,2.136918,8501,57519,880
1.2376648450479227e+18,198.195145414061,37.1882497613718,21.45757,21.38324,21.09976,21.06894,21.3987,4510,301,4,18,9.988053912819882e+18,QSO,1.362291,8871,57519,712
1.2376613618379656e+18,211.911930893795,44.3123522372199,21.72788,21.79098,21.39882,21.19216,21.63727,3699,301,4,148,9.573723571735515e+18,QSO,1.467644,8503,57519,715
1.2376613607648136e+18,213.288569752472,43.0756621904567,20.65341,20.32981,20.25997,20.0463,19.99936,3699,301,2,157,9.573545725729724e+18,QSO,1.610141,8503,57519,68
1.2376614343173092e+18,213.872133924692,43.5604923260727,24.9145,23.53279,21.77933,20.49987,19.73938,3716,301,3,175,9.571428341212537e+18,GALAXY,0.6750375,8501,57519,557
1.237661360764027e+18,211.157292851044,43.7235659576333,21.33249,20.87639,21.08569,21.37782,21.78778,3699,301,2,145,9.57369443467738e+18,GALAXY,0.03402925,8503,57519,609
1.2376613623756887e+18,214.68646724357,43.9932005915091,22.91961,21.18327,20.96478,20.95057,21.0269,3699,301,5,161,9.571459127538113e+18,QSO,2.816015,8501,57519,669
1.2376613618387525e+18,214.265584480008,43.7221481805257,23.9518,21.45727,20.48866,20.02765,19.8917,3699,301,4,160,9.571439061450904e+18,STAR,-0.000312401,8501,57519,596
1.2376613618393423e+18,216.086189601005,43.1254618195398,25.40422,22.91477,21.71268,20.63286,19.89333,3699,301,4,169,9.571315091514874e+18,GALAXY,0.6166475,8501,57519,145
1.2376646732538184e+18,198.459015535008,36.8517837657866,24.63465,23.1111,20.27189,18.58427,19.13306,4470,301,4,88,9.988066282325694e+18,STAR,-7.971084e-05,8871,57519,757
1.2376613623758853e+18,215.28703040421,43.9100821277369,23.58496,23.19085,21.4295,20.02973,19.44628,3699,301,5,164,9.571491563131132e+18,STAR,-8.187643e-06,8501,57519,787
1.2376613623749673e+18,212.493343294713,44.5728814591665,19.38405,19.29471,19.11189,18.99087,19.12416,3699,301,5,150,9.573754358061097e+18,QSO,1.255931,8503,57519,827
1.2376613618382927e+18,212.907008739157,44.0646533258504,20.30284,20.09617,20.00303,19.69005,19.68767,3699,301,4,153,9.573768101956442e+18,QSO,1.607116,8503,57519,877
1.2376613607646167e+18,212.82473082836,43.2625606061748,21.42512,21.23105,20.80231,20.73546,20.49693,3699,301,2,154,9.573569914985535e+18,QSO,1.394151,8503,57519,156
1.2376650259834473e+18,197.972345301771,35.0526700407394,21.9763,21.14678,20.84506,20.88764,20.7478,4552,301,5,171,9.98794341190129e+18,STAR,-9.305758e-05,8871,57519,310
1.2376613623749676e+18,212.569791335757,44.6646120647281,22.42735,21.63512,21.39713,21.59773,20.62426,3699,301,5,150,9.57376562805528e+18,QSO,2.81381,8503,57519,868
1.2376613623759503e+18,215.514583116501,43.8230630707186,21.50868,21.89349,21.50105,21.24882,22.04428,3699,301,5,165,9.571503108003224e+18,QSO,1.466288,8501,57519,829
1.237664673790624e+18,198.398215177357,37.361780646917,21.78086,21.81187,21.87731,21.78701,21.56202,4470,301,5,87,9.988063533546623e+18,QSO,1.813114,8871,57519,747
1.2376613623757542e+18,214.944175823354,43.9731472147933,24.08133,21.96655,21.99324,21.75691,22.28641,3699,301,5,162,9.571470397532295e+18,QSO,2.385321,8501,57519,710
1.2376650259833825e+18,197.822572181966,35.063105486783,22.78735,22.1843,21.8246,21.5034,21.05861,4552,301,5,170,9.987953857261754e+18,QSO,0.9240122,8871,57519,348
1.2376613613010952e+18,211.742368061192,43.8890788402865,23.24795,23.38202,21.61254,20.49543,19.83544,3699,301,3,148,9.573704880037845e+18,GALAXY,0.5975347,8503,57519,647
1.237661360763896e+18,210.587657443637,43.7428963578258,21.89793,21.69219,21.50521,21.04935,21.05024,3699,301,2,143,9.573666946886689e+18,QSO,0.9438118,8503,57519,509
1.2376613607647475e+18,213.088751503895,43.1767399304954,20.21006,20.02788,20.03603,19.83201,19.73288,3699,301,2,156,9.573557545479723e+18,QSO,1.61815,8503,57519,111
1.2376613623762785e+18,216.359211577337,43.4888968781566,21.77874,21.95985,21.47117,21.29497,22.44412,3699,301,5,170,9.57130547078813e+18,QSO,1.146195,8501,57519,110
1.2376613623754918e+18,214.02168180093,44.114309621588,21.8395,21.85929,21.49853,21.3527,21.13438,3699,301,5,158,9.573797513892483e+18,QSO,1.243356,8503,57519,984
1.237661361838228e+18,212.743069553621,44.0622083934995,22.23571,20.88975,20.57614,20.36349,20.09232,3699,301,4,152,9.573767827078535e+18,STAR,5.261774e-05,8503,57519,876
1.2376613623748367e+18,212.240224815386,44.6123469585461,24.31038,20.98247,20.78302,20.58455,20.79062,3699,301,5,148,9.573741713677375e+18,QSO,3.177107,8503,57519,781
1.2376646737910167e+18,199.350831860445,37.1193978851064,21.49671,20.12727,19.45594,19.20843,19.04936,4470,301,5,93,9.988119883517549e+18,STAR,-0.0002256644,8871,57519,952
1.2376613623755576e+18,214.300267297214,44.1489592899638,25.51026,23.65305,21.60645,20.47906,19.84629,3699,301,5,159,9.57144593339858e+18,GALAXY,0.5590218,8501,57519,621
1.2376651296223404e+18,198.080850278465,35.1972209709341,22.68952,20.73651,19.28818,18.68223,18.24279,4576,301,6,519,9.987946160680362e+18,GALAXY,0.296659,8871,57519,320
1.2376613618396047e+18,216.766613248369,42.8627880334228,26.68108,24.90502,22.26525,21.1214,19.9331,3699,301,4,173,9.571290902259065e+18,GALAXY,0.8436229,8501,57519,57
1.237661362375164e+18,213.197090782272,44.4654193797772,21.99658,21.67332,21.35896,20.98457,22.02142,3699,301,5,153,9.573774699026209e+18,QSO,1.608492,8503,57519,901
1.2376651296223398e+18,198.085719244192,35.2480620628683,23.89419,22.00653,20.59445,20.04487,19.74487,4576,301,6,519,9.987926919226874e+18,GALAXY,0.3305616,8871,57519,250
1.237661433780635e+18,214.168686538824,42.9899774299453,25.5298,23.75339,21.69866,20.6396,19.88813,3716,301,2,178,9.57140085342184e+18,GALAXY,0.5248501,8501,57519,457
1.2376650259832507e+18,197.449260777894,35.1408181352218,21.97515,21.61872,21.56153,21.28948,21.77522,4552,301,5,168,9.987964577500123e+18,QSO,1.791965,8871,57519,387
1.237661360764748e+18,213.231355869874,43.1390351886032,21.93216,21.68923,22.25125,21.69089,21.11213,3699,301,2,156,9.57354764987507e+18,QSO,2.123283,8503,57519,75
1.2376613607654031e+18,215.103365787037,42.6130570495408,21.12523,21.00909,20.83848,20.88476,20.92087,3699,301,2,166,9.5713675931951e+18,QSO,1.264967,8501,57519,336
1.2376619593668367e+18,196.046465431612,52.6141743760807,21.57303,21.41429,21.15522,20.73716,20.81162,3838,301,5,19,9.252735720535382e+18,QSO,1.534534,8218,57519,328
1.2376613607651412e+18,214.278263538526,42.8972359207618,21.44842,20.96515,20.46687,20.1764,19.82489,3699,301,2,162,9.57140167805556e+18,QSO,0.7602494,8501,57519,460
1.2376613618386212e+18,213.977722905195,43.8895670788914,23.61577,22.55815,21.25278,20.14037,19.42211,3699,301,4,158,9.57142724170091e+18,STAR,-0.0001040259,8501,57519,553
1.237661362913346e+18,217.166706312272,43.6742357790174,22.54964,21.04156,19.65142,19.14819,18.87915,3699,301,6,173,9.57154928749159e+18,GALAXY,0.2187457,8501,57519,997
1.2376613607656008e+18,215.610598657745,42.3209636142441,24.20241,24.31531,21.83806,20.67996,19.82564,3699,301,2,169,9.571331034433477e+18,GALAXY,0.7526276,8501,57519,203
1.237661362376475e+18,217.009329468658,43.3613448027369,21.6529,21.51147,21.52991,21.08667,21.02157,3699,301,5,173,9.571277708119527e+18,QSO,1.626049,8501,57519,9
1.2376613629128215e+18,215.681098801277,44.2618551172682,22.46222,21.93348,21.62546,21.84794,21.87063,3699,301,6,165,9.57149980946834e+18,GALAXY,0.1473933,8501,57519,817
1.237661360764879e+18,213.492667151672,42.9893425888475,22.8061,22.04403,21.58876,21.46913,21.40422,3699,301,2,158,9.573532806468098e+18,STAR,0.000855519,8503,57519,21
1.237661360764552e+18,212.612146353429,43.3642843732336,25.61743,23.03567,22.10441,20.79161,19.94591,3699,301,2,153,9.573580085468092e+18,GALAXY,0.7077317,8503,57519,193
1.2376613607648796e+18,213.41939746116,42.9572636315466,22.69447,23.51706,21.47389,20.4002,19.4484,3699,301,2,158,9.573534455735542e+18,GALAXY,0.6373331,8503,57519,27
1.2376613607640932e+18,211.248873232283,43.6347123820296,24.53443,23.73634,22.11531,20.62496,19.73016,3699,301,2,146,9.573695534189009e+18,QSO,1.752025,8503,57519,613
1.2376613623760166e+18,215.728882514873,43.8290341092048,26.16325,23.64933,22.14195,20.89722,19.94534,3699,301,5,166,9.571503932636944e+18,STAR,-4.687278e-05,8501,57519,832
1.237661360764027e+18,211.013585874666,43.5977950567845,19.2589,19.10531,19.17785,18.9956,19.0177,3699,301,2,145,9.573684264194824e+18,QSO,1.645939,8503,57519,572
1.237665025983906e+18,199.191788429536,34.9449501427768,21.23259,20.9439,20.47747,20.32445,20.3098,4552,301,5,178,9.98788128949432e+18,QSO,1.333769,8871,57519,84
1.2376588020407345e+18,195.926529734503,54.5288847586696,23.01962,23.98921,21.35194,20.29475,19.57197,3103,301,4,198,9.25283220268072e+18,GALAXY,0.5842453,8218,57519,679
1.237661360764552e+18,212.552208415096,43.3375179561973,23.52306,23.66763,22.41663,21.07863,19.92933,3699,301,2,153,9.57358118497972e+18,GALAXY,0.9260962,8503,57519,197
1.2376613613013573e+18,212.564880757952,43.6814377057392,24.50146,23.13243,21.67358,20.51734,19.64203,3699,301,3,152,9.573749960014586e+18,GALAXY,0.8003888,8503,57519,811
1.237661360765207e+18,214.571788706621,42.765570171526,25.22534,22.37242,21.62454,20.53819,19.70555,3699,301,2,163,9.571389308549749e+18,GALAXY,0.635275,8501,57519,415
1.237661361838752e+18,214.405368161204,43.7094857776933,19.91797,19.66047,19.64731,19.45083,19.56264,3699,301,4,160,9.571451156078811e+18,QSO,1.65526,8501,57519,640
1.2376613607640932e+18,211.133563086374,43.5370145611841,25.81351,23.59392,22.72575,21.12336,19.78865,3699,301,2,146,9.573696083944825e+18,GALAXY,0.9884059,8503,57519,615
1.2376619593669676e+18,196.393571072212,52.3942496584267,21.30418,20.67279,20.56566,20.6046,20.51224,3838,301,5,21,9.252723625907476e+18,QSO,2.591356,8218,57519,284
1.2376613623749015e+18,212.367895124145,44.7713544795331,19.50506,19.4935,19.53021,19.22768,19.12781,3699,301,5,149,9.57375298367156e+18,QSO,1.873975,8503,57519,822
1.237661362375885e+18,215.375427615389,43.7830734509054,21.4478,21.45248,21.37223,21.13622,21.60848,3699,301,5,164,9.57149376215439e+18,GALAXY,0.7990424,8501,57519,795
1.23766143431744e+18,214.082080665141,43.4567254959043,22.71883,22.74443,21.41953,20.39285,19.71899,3716,301,3,177,9.571405801224163e+18,GALAXY,0.5961532,8501,57519,475
1.2376646732533606e+18,197.189092290974,36.8877111050759,26.17465,23.19022,21.7141,20.4078,19.71784,4470,301,4,81,9.988010756988494e+18,GALAXY,0.7560621,8871,57519,555
1.2376650259831852e+18,197.227258840661,35.0427463635876,19.97023,19.88799,19.63766,19.42528,19.41045,4552,301,5,167,9.987974198226868e+18,QSO,1.467782,8871,57519,422
1.237661360764748e+18,213.165634902627,43.0148411946498,19.58671,19.54296,19.52698,19.23936,19.20806,3699,301,2,156,9.573557270601816e+18,QSO,1.722026,8503,57519,110
1.2376613607640924e+18,211.11076419668,43.5954359070117,18.98923,18.11316,17.76312,17.62626,17.56325,3699,301,2,146,9.573685363706452e+18,STAR,-0.0004405252,8503,57519,576
1.2376613618377034e+18,211.236058441105,44.5395767408023,20.91896,20.81825,20.73695,20.6413,20.68628,3699,301,4,144,9.573686738095989e+18,QSO,2.094785,8503,57519,581
1.2376613607642893e+18,211.909037165898,43.5454325208915,20.4577,20.52049,20.15152,20.13174,19.93293,3699,301,2,149,9.57373044368319e+18,QSO,1.052416,8503,57519,740
1.2376613623749015e+18,212.286237787202,44.595208322975,21.96833,21.72917,21.71557,21.4293,21.87499,3699,301,5,149,9.57374226343319e+18,GALAXY,1.318347,8503,57519,783
1.2376646737906895e+18,198.463470297292,37.3481754870697,22.83561,21.8127,21.43288,21.37544,21.55982,4470,301,5,88,9.988073429151275e+18,STAR,-0.0007499745,8871,57519,783
1.2376613618393423e+18,216.206752762638,43.2480071988859,25.59885,21.52053,20.55411,20.41257,20.44251,3699,301,4,169,9.57130657029976e+18,QSO,3.680971,8501,57519,114
1.2376613618387525e+18,214.352475696317,43.7694377945631,24.24743,23.22116,21.77859,20.09579,19.31741,3699,301,4,160,9.571447307788114e+18,STAR,-0.0001830393,8501,57519,626
1.237661362376016e+18,215.714199138967,43.79313733641,20.65746,20.6301,20.42815,20.59249,20.47682,3699,301,5,166,9.571505581904386e+18,QSO,1.250119,8501,57519,838
1.2376648531011832e+18,198.846141426759,36.5113088509779,20.79539,20.91053,20.5527,20.55691,20.49434,4512,301,3,21,9.988090746459412e+18,QSO,1.305207,8871,57519,846
1.237661361839407e+18,216.368389870166,43.137382075734,21.56129,21.23724,21.10489,21.17929,21.29421,3699,301,4,170,9.571303271764875e+18,QSO,2.316016,8501,57519,102
1.2376613607656655e+18,215.826155566102,42.2993376613774,21.63553,21.35543,21.34403,21.11737,20.79453,3699,301,2,170,9.571319764439292e+18,QSO,1.529422,8501,57519,162
1.237661433243174e+18,212.261842972074,43.1069430193087,23.44724,23.09675,22.0542,20.43938,19.80794,3716,301,1,169,9.57359108058437e+18,GALAXY,0.9235606,8503,57519,233
1.2376650265202532e+18,197.79079371546,35.4832621277166,23.75965,25.08096,21.97075,20.6104,19.95802,4552,301,6,170,9.987970624814076e+18,GALAXY,0.7182519,8871,57519,409
1.2376650259833815e+18,197.820855459105,35.0022416638689,21.87046,21.74347,21.3091,21.0164,21.12137,4552,301,5,170,9.987953582383847e+18,QSO,1.50879,8871,57519,347
1.2376613623758848e+18,215.289092575649,43.8217522059672,21.40512,21.76655,21.0058,21.31994,20.89865,3699,301,5,164,9.571494037032294e+18,QSO,1.037144,8501,57519,796
1.2376613607639616e+18,210.878196140894,43.7928061119343,20.75985,21.13743,20.68655,20.52475,20.84585,3699,301,2,144,9.573670795177386e+18,QSO,1.332327,8503,57519,523
1.2376648531015764e+18,199.815669279727,36.4410064616396,21.61307,20.00729,19.21873,18.97309,18.8399,4512,301,3,27,9.988129504244294e+18,STAR,4.574316e-05,8871,57519,987
1.2376613618377034e+18,211.242833672824,44.4532414958775,21.04037,20.98707,20.66995,20.2942,20.32813,3699,301,4,144,9.57368811248552e+18,QSO,1.604422,8503,57519,586
1.2376648531011827e+18,198.794386766688,36.6215688753845,19.10349,18.24381,17.94246,17.83132,17.79659,4512,301,3,21,9.988089921825694e+18,STAR,-0.0003308247,8871,57519,843
1.237661433780569e+18,214.093777365623,43.1152210702894,23.28963,22.91016,21.70616,20.49349,19.84484,3716,301,2,177,9.571393156840444e+18,GALAXY,0.6594632,8501,57519,429
1.237661361838752e+18,214.396072774128,43.7368297249763,20.6869,20.53156,20.61193,20.42279,20.76301,3699,301,4,160,9.571450056567183e+18,QSO,1.914702,8501,57519,636
1.2376613618386207e+18,213.918639839602,43.888329491119,20.78897,20.74228,20.75705,20.51292,20.36439,3699,301,4,158,9.5737980636483e+18,QSO,1.960844,8503,57519,986
1.2376613607646825e+18,212.843075239899,43.1033779166843,22.08283,21.56883,20.8509,20.32899,19.97081,3699,301,2,155,9.573566616450652e+18,QSO,1.471106,8503,57519,144
1.2376648531011835e+18,198.779523731641,36.6574314598835,23.06121,21.95115,21.73335,21.57635,21.54872,4512,301,3,21,9.988089372069878e+18,QSO,3.971085,8871,57519,841
1.2376613607651412e+18,214.416536581267,42.8097148614027,22.07492,21.67945,21.26789,20.65296,20.34185,3699,301,2,162,9.571387934160214e+18,GALAXY,0.8937639,8501,57519,410
1.2376648531012493e+18,199.016511775599,36.6137216902515,22.48221,22.29446,21.95412,22.07347,21.50131,4512,301,3,22,9.988102841087318e+18,QSO,2.249433,8871,57519,890
1.2376650259831852e+18,197.173584885266,35.1175416198669,19.30175,19.25977,19.11842,19.12611,19.06732,4552,301,5,167,9.987976397250126e+18,QSO,1.299947,8871,57519,430
1.2376613607643548e+18,212.069755324295,43.4813080448729,21.5823,21.59413,21.31075,21.02605,20.81722,3699,301,2,150,9.573739514654122e+18,QSO,1.44949,8503,57519,773
1.2376648531012488e+18,198.879441690324,36.6277965410171,22.0321,21.95904,21.61285,21.58661,21.45523,4512,301,3,22,9.9880901967036e+18,QSO,1.206669,8871,57519,844
1.2376613618384243e+18,213.28637836158,43.8767232163674,21.80295,21.60596,21.05007,20.65345,20.57985,3699,301,4,155,9.57378267048551e+18,GALAXY,0.2247525,8503,57519,930
1.237662303503385e+18,197.049122217469,52.9624003799897,25.65666,22.80804,21.22478,20.02088,19.2593,3918,301,6,54,9.252679920320272e+18,GALAXY,0.9054387,8218,57519,125
1.237661362375754e+18,215.004146492372,44.0249011769622,21.85373,21.98005,21.84822,21.2662,21.97533,3699,301,5,162,9.57146819850904e+18,QSO,1.818152,8501,57519,702
1.2376613618377034e+18,211.104535373818,44.481490910228,21.55931,21.08631,20.80127,20.2954,20.07912,3699,301,4,144,9.573676017857616e+18,QSO,0.5981048,8503,57519,542
1.2376613618394737e+18,216.460182976013,43.155906050098,22.26116,23.89419,22.80099,21.03751,19.77325,3699,301,4,171,9.571295300305572e+18,GALAXY,0.8488918,8501,57519,73
1.237661360764748e+18,213.188987488663,43.0204868291142,20.25655,20.19488,20.16001,20.25999,20.08866,3699,301,2,156,9.573546825241352e+18,QSO,0.8853298,8503,57519,72
1.2376613618388175e+18,214.470986660069,43.6435112842382,27.14921,22.2288,21.3029,20.19924,19.28069,3699,301,4,161,9.571450881200904e+18,GALAXY,0.7910535,8501,57519,639
1.2376646737908864e+18,199.095061717208,37.1835428484032,23.28356,23.50731,21.69049,20.56636,19.81525,4470,301,5,91,9.988106414500108e+18,GALAXY,0.8387636,8871,57519,903
1.2376613623756884e+18,214.825126303264,44.0614964587814,21.85918,21.68143,21.59655,21.27869,22.16945,3699,301,5,161,9.57145747827067e+18,QSO,1.716332,8501,57519,663
1.2376651296224717e+18,198.318097268812,35.1532583011679,23.11897,24.40766,22.26969,20.59977,19.74467,4576,301,6,521,9.987919497523386e+18,GALAXY,0.8423339,8871,57519,223
1.2376646737909524e+18,199.285077456603,37.2222231566118,24.07653,24.5313,22.20202,20.91794,19.91557,4470,301,5,92,9.988120158395455e+18,GALAXY,0.7103249,8871,57519,953
1.2376613629132808e+18,217.125322268417,43.6780755091184,22.91747,20.93807,19.66685,19.16803,18.85962,3699,301,6,172,9.57155011212531e+18,GALAXY,0.2090631,8501,57519,1000
1.2376613607651412e+18,214.300678449236,42.8075400063719,21.44617,21.02666,20.69372,20.29879,20.20779,3699,301,2,162,9.571386834648586e+18,QSO,0.7428761,8501,57519,406
1.2376613607645517e+18,212.533508090841,43.2926469113794,22.25185,21.24043,20.62465,20.42929,19.95044,3699,301,2,153,9.57358200961344e+18,QSO,0.9129267,8503,57519,200
1.2376613618388836e+18,214.738902425789,43.4894223671784,23.17737,22.78004,21.41806,20.28724,19.61234,3699,301,4,162,9.571372266119518e+18,GALAXY,0.663811,8501,57519,353
1.237661362375754e+18,214.87694223244,44.0549297699302,21.1951,21.06059,20.92302,20.89941,20.83426,3699,301,5,162,9.571469572898576e+18,QSO,1.380352,8501,57519,707
1.237661433779717e+18,211.493007942217,43.6852678556988,23.58595,23.38286,21.49569,20.36863,19.55141,3716,301,2,164,9.57370542979366e+18,GALAXY,0.7293549,8503,57519,649
1.2376613618377697e+18,211.317499300774,44.5016784306957,23.3686,24.33688,22.35232,21.05699,19.91001,3699,301,4,145,9.5736872878518e+18,GALAXY,0.8744148,8503,57519,583
1.2376613613014223e+18,212.783984733334,43.6784393789326,22.58962,21.61318,20.00174,19.45566,19.19764,3699,301,3,153,9.57375930586342e+18,GALAXY,0.2982635,8503,57519,845
1.2376613623761472e+18,216.112323455266,43.615093308931,21.47539,20.98746,21.12128,20.95886,20.5652,3699,301,5,168,9.571319214683478e+18,QSO,2.362635,8501,57519,160
1.237661360762258e+18,205.567152287239,44.7815195883664,22.25005,21.79978,21.87243,21.5288,21.7065,3699,301,2,118,9.435182357873449e+18,QSO,2.050788,8380,57520,513
1.2376618509341164e+18,190.043575341143,44.688183027083,18.06841,17.11373,16.78809,16.70782,16.67879,3813,301,3,251,9.429565227845048e+18,STAR,-0.0005855141,8375,57520,558
1.237661433241797e+18,208.071504182428,44.1223150204694,23.81629,22.55379,21.45168,20.21029,19.29464,3716,301,1,148,9.435281313919949e+18,GALAXY,0.8455295,8380,57520,873
1.2376613607623237e+18,205.771401727203,44.808932894024,22.69835,21.60652,20.94373,20.90148,20.3546,3699,301,2,119,9.435182632751356e+18,GALAXY,0.4097461,8380,57520,514
1.237661360762782e+18,207.286801636648,44.5610700523308,21.19045,20.80882,20.62966,20.3308,20.13605,3699,301,2,126,9.435250252716464e+18,QSO,1.4778,8380,57520,760
1.237661360762782e+18,207.189072990136,44.5150649265606,20.64501,20.36232,20.19065,19.74076,19.42877,3699,301,2,126,9.435241456623442e+18,QSO,0.4395775,8380,57520,728
1.2376621956019656e+18,190.419562496687,43.1679514645819,24.24432,23.15815,21.90856,20.54135,19.76996,3893,301,5,201,9.42953801493226e+18,GALAXY,0.6829778,8375,57520,459
1.2376613607633715e+18,209.009837420362,44.0802216648893,21.09797,21.15153,20.81991,20.76622,20.59647,3699,301,2,135,9.435312924879247e+18,QSO,1.164961,8380,57520,988
1.237661360762585e+18,206.519948508861,44.593148033173,21.81753,21.86323,21.5246,21.29074,20.75169,3699,301,2,123,9.435211494931583e+18,QSO,1.29865,8380,57520,619
1.2376613607623237e+18,205.816942297329,44.7772679612496,22.4005,21.38165,21.01914,21.08078,20.65947,3699,301,2,119,9.435183182507168e+18,QSO,2.704938,8380,57520,516
1.2376621956018342e+18,189.895239275876,43.1940019235527,21.52053,21.28737,21.08727,20.724,20.8358,3893,301,5,199,9.429545986391562e+18,QSO,1.904461,8375,57520,488
1.2376621956025551e+18,192.173570482499,43.0546549657557,22.08573,22.56037,22.02457,21.98904,22.3755,3893,301,5,210,9.429447580100876e+18,GALAXY,0.8955183,8375,57520,130
1.2376621955977715e+18,177.278182066292,43.0667253277682,24.27331,22.4302,20.93407,19.61348,18.89517,3893,301,5,137,9.4238076352062e+18,STAR,9.98637e-05,8370,57520,92
1.2376613607625198e+18,206.34096080186,44.676022946174,21.70986,21.28413,21.17315,20.89928,21.87919,3699,301,2,122,9.435210670297864e+18,QSO,1.581027,8380,57520,616
1.237661360762585e+18,206.593772752598,44.6472150122986,22.12283,21.37665,21.2625,21.26203,21.13058,3699,301,2,123,9.435211220053678e+18,QSO,2.626398,8380,57520,618
1.2376618498563113e+18,177.156102870242,43.729687586882,21.92639,22.10617,21.88787,21.82145,22.82691,3813,301,1,189,9.424051726787566e+18,GALAXY,0.002679336,8370,57520,980
1.2376613607624545e+18,206.155365805458,44.6813164586415,20.55485,20.39688,19.97396,19.66265,19.6576,3699,301,2,121,9.4352002249374e+18,QSO,1.376511,8380,57520,578
1.2376613607628475e+18,207.474444101883,44.531905026715,19.40286,19.13882,19.00081,18.9241,18.73923,3699,301,2,127,9.435254925640882e+18,QSO,2.135681,8380,57520,777
1.2376621956020966e+18,190.749608792625,43.0249932285179,22.99072,21.91087,21.43511,21.22255,20.70044,3893,301,5,203,9.429512451286915e+18,QSO,1.456529,8375,57520,366
1.2376613607633715e+18,209.055039513276,44.2052571982488,21.89639,22.05506,21.70783,21.43118,22.16635,3699,301,2,135,9.435314574146687e+18,QSO,1.491419,8380,57520,994
1.237661968500982e+18,175.910072634026,43.1361892939416,21.11352,20.80581,20.57063,20.52446,20.19418,3840,301,6,131,9.42385161567131e+18,QSO,1.174862,8370,57520,252
1.2376619685006543e+18,175.013683345233,43.0956548802889,20.00053,20.05202,19.98032,19.70706,19.81653,3840,301,6,126,9.42388762467712e+18,QSO,1.701628,8370,57520,383
1.2376618509347717e+18,192.19406234786,44.7601737951677,17.92471,17.00418,16.68444,16.56331,16.54867,3813,301,3,261,9.429641094147365e+18,STAR,-0.0002993414,8375,57520,834
1.2376619685055045e+18,190.257464150302,43.3423538310467,21.91334,21.85487,21.93945,21.66573,21.48117,3840,301,6,200,9.429539389321798e+18,QSO,1.833719,8375,57520,464
1.2376613607627167e+18,207.042459850519,44.5229701179504,22.60068,22.00633,22.02884,21.52974,21.3987,3699,301,2,125,9.43523623394321e+18,QSO,1.473785,8380,57520,709
1.2376618498610957e+18,192.307333327984,43.8132370324088,21.83662,21.64068,21.20825,21.30437,21.14915,3813,301,1,262,9.42945527668227e+18,QSO,1.265514,8375,57520,158
1.2376621956020303e+18,190.495728767488,43.2079653393258,19.74575,19.64866,19.48484,19.35074,19.42087,3893,301,5,202,9.429525645426448e+18,QSO,1.445706,8375,57520,414
1.2376619685011784e+18,176.560465448315,43.1843742106688,19.95612,20.06788,19.77089,19.69009,19.67254,3840,301,6,134,9.423836772264335e+18,QSO,1.423099,8370,57520,198
1.2376621955973128e+18,175.886153455275,42.8425214557987,22.34154,21.88077,21.7373,21.46166,21.76443,3893,301,5,130,9.423866184200378e+18,QSO,2.701714,8370,57520,305
1.2376619685008507e+18,175.502702224221,43.1448250183942,21.19289,21.17017,21.07792,20.96257,20.56594,3840,301,6,129,9.423879103462e+18,QSO,1.001139,8370,57520,352
1.237662195602621e+18,192.312642917713,43.1077269204204,20.70376,20.70173,20.87579,20.57845,20.34322,3893,301,5,211,9.429448679612504e+18,QSO,1.70994,8375,57520,134
1.2376621955972467e+18,175.526361765653,42.7823970681806,22.61476,21.51721,20.99766,20.94874,20.49388,3893,301,5,129,9.423876079805028e+18,STAR,-0.0006432229,8370,57520,341
1.237661360763044e+18,208.071629552502,44.4338208085218,21.45246,21.0611,20.88873,20.67477,20.2987,3699,301,2,130,9.43528488733274e+18,GALAXY,0.8656783,8380,57520,886
1.2376613607623885e+18,206.05310029298,44.7732268981443,18.68227,17.80721,17.47996,17.33646,17.34421,3699,301,2,120,9.43519940030368e+18,STAR,-0.0008736317,8380,57520,575
1.2376613607621926e+18,205.436534515114,44.8935499430063,23.25959,23.04477,21.57561,20.52255,19.82257,3699,301,2,117,9.435179609094382e+18,GALAXY,0.8965106,8380,57520,503
1.2376621956028173e+18,192.934183726548,42.9469900851084,22.01899,21.67281,21.48543,21.02757,20.82771,3893,301,5,214,9.42942558986832e+18,QSO,0.6392561,8375,57520,50
1.2376619685058317e+18,191.267797847089,43.3300034868071,21.68067,21.7656,21.56324,21.79643,21.44234,3840,301,6,205,9.42949485910087e+18,QSO,2.14943,8375,57520,302
1.2376613607632412e+18,208.717699127126,44.3011977682061,26.12659,23.66368,21.61794,20.56898,19.76311,3699,301,2,133,9.43530825195483e+18,GALAXY,0.6618741,8380,57520,971
1.237661360763109e+18,208.17497220072,44.3077848810874,18.21316,17.22699,16.93433,16.80767,16.815,3699,301,2,131,9.435284337576923e+18,STAR,-0.0004423976,8380,57520,884
1.2376613607624545e+18,206.261221790207,44.698392026473,21.77044,21.65017,21.13485,20.89149,20.75328,3699,301,2,121,9.43521012054205e+18,QSO,1.330359,8380,57520,614
1.2376613607627167e+18,207.025239758658,44.4691533139006,23.47736,24.31015,22.0324,20.40981,19.77097,3699,301,2,125,9.435234034919954e+18,GALAXY,0.6868157,8380,57520,701
1.2376613607628475e+18,207.425558784737,44.5263043967348,20.41727,20.28019,20.06543,20.24333,20.3529,3699,301,2,127,9.43525520051879e+18,QSO,1.187675,8380,57520,778
1.2376613607623887e+18,206.090654330482,44.8633480727351,25.10891,22.33371,21.39575,20.75826,20.3518,3699,301,2,120,9.435196101768796e+18,GALAXY,0.1659472,8380,57520,563
1.2376618509297912e+18,176.220481740153,44.6289340574728,21.76147,21.17573,21.08334,21.19373,20.63689,3813,301,3,185,9.424000599496874e+18,QSO,2.594873,8370,57520,794
1.2376613607629783e+18,207.867907452677,44.4023230741243,21.34521,21.16505,20.86655,20.47511,20.20598,3699,301,2,129,9.435278290262972e+18,QSO,1.429166,8380,57520,862
1.2376618509392284e+18,206.138343418982,42.9643681339684,21.60997,21.3482,21.30507,21.03598,21.10685,3813,301,3,329,9.435154045449032e+18,QSO,1.717963,8380,57520,410
1.2376613607631752e+18,208.541204175614,44.2542181277424,20.37067,20.00972,19.78303,19.73907,19.69094,3699,301,2,132,9.435306052931574e+18,QSO,1.193565,8380,57520,963
1.237661360762782e+18,207.323537914143,44.5885238201448,20.59541,20.43258,20.21781,20.18028,20.27695,3699,301,2,126,9.435255750274603e+18,QSO,1.286535,8380,57520,780
1.237662195597575e+18,176.533897947176,42.8925666271756,25.32225,24.22434,21.89212,20.83654,19.97364,3893,301,5,134,9.423834298363173e+18,GALAXY,0.8280927,8370,57520,189
1.2376621956018995e+18,190.088992500782,43.0658036472276,21.82513,21.62468,21.15924,20.78691,20.30277,3893,301,5,200,9.429536640542726e+18,QSO,1.997654,8375,57520,454
1.2376613607631096e+18,208.267846174445,44.2898677782551,21.05658,20.65508,20.46356,20.21988,20.11526,3699,301,2,131,9.435285986844369e+18,QSO,1.933856,8380,57520,890
1.237661360762651e+18,206.862734743814,44.5543663804581,21.22519,20.7066,20.56264,20.15021,20.47435,3699,301,2,124,9.435222215169956e+18,QSO,0.6406454,8380,57520,658
1.23766136076311e+18,208.306060597622,44.3270110509426,24.34979,23.37936,21.22471,20.02259,19.34348,3699,301,2,131,9.435295057815296e+18,GALAXY,0.6463596,8380,57520,923
1.2376613607625198e+18,206.547445760798,44.7025132228291,20.64917,20.51908,20.40658,19.97686,19.7302,3699,301,2,122,9.435209570786236e+18,QSO,1.6487,8380,57520,612
1.2376613607628472e+18,207.323681356524,44.422171354647,22.02321,19.85873,18.9865,18.61856,18.50521,3699,301,2,127,9.435257124664136e+18,STAR,7.946447e-05,8380,57520,785
1.2376613607626511e+18,206.762912455685,44.652284923781,23.39898,23.17145,21.84587,20.68196,19.95996,3699,301,2,124,9.435220291024607e+18,GALAXY,0.4728912,8380,57520,651
1.2376613607624548e+18,206.199802676226,44.6732705741655,25.28217,23.41158,21.53881,20.52677,19.82205,3699,301,2,121,9.435198850547864e+18,GALAXY,0.5418915,8380,57520,573
1.2376618498561147e+18,176.498967872461,43.7623280140329,21.42699,21.11976,20.99029,20.79965,20.65914,3813,301,1,186,9.42384254470038e+18,QSO,0.9959654,8370,57520,219
1.237661968500982e+18,175.991921079423,43.1111783032846,20.49105,20.07741,20.31993,20.56324,20.76327,3840,301,6,131,9.423850516159685e+18,STAR,-4.524338e-05,8370,57520,248
1.2376621955973125e+18,175.750858528791,42.8732007710274,21.70012,21.39417,21.03899,20.77854,20.9102,3893,301,5,130,9.423865634444564e+18,QSO,1.153363,8370,57520,303
1.2376619685056353e+18,190.636889163437,43.2249244109374,22.30198,21.18657,20.92726,20.83028,21.0626,3840,301,6,202,9.429526195182262e+18,STAR,-0.000428351,8375,57520,416
1.2376613607628475e+18,207.473251192352,44.4740486914473,20.49047,20.53385,20.03069,20.04846,19.76539,3699,301,2,127,9.435256300030417e+18,QSO,1.326753,8380,57520,782
1.2376621956023583e+18,191.561493286268,43.0015234859664,21.18718,21.00456,20.91453,20.7451,20.61099,3893,301,5,207,9.429493484711338e+18,QSO,1.934503,8375,57520,297
1.2376621956023583e+18,191.637861956672,43.129933538219,19.25415,18.93052,18.97562,19.08834,19.3284,3893,301,5,207,9.429481939839244e+18,STAR,6.638008e-05,8375,57520,255
1.2376551298372078e+18,244.307394668442,47.7981971835858,21.0332,19.95779,19.7057,19.61874,19.40391,2248,301,4,99,9.618711464761385e+18,QSO,2.397952,8543,57542,540
1.2376517142608612e+18,247.212837264356,47.6292805170797,22.37612,21.28974,21.09868,20.00296,19.04837,1453,301,2,44,9.618582547023026e+18,GALAXY,0.7024713,8543,57542,71
1.2376549521292006e+18,246.752524310042,46.8596522348853,21.16649,21.1382,20.94936,20.88581,21.35715,2207,301,1,42,9.61859931457535e+18,QSO,1.147758,8543,57542,132
1.2376551298370767e+18,243.964784932665,47.9976052008946,21.37757,21.54305,21.55629,21.62022,20.80736,2248,301,4,97,9.61870294354627e+18,GALAXY,1.269585,8543,57542,509
1.2376551298379287e+18,245.646089737437,46.4750801979981,20.14878,19.94738,19.81877,19.68371,19.61567,2248,301,4,110,9.618652366011388e+18,QSO,1.468832,8543,57542,325
1.237654953202156e+18,246.136254226448,48.7414785852753,22.06103,22.3158,21.96411,21.73906,21.14679,2207,301,3,30,9.61878100887184e+18,QSO,1.28616,8543,57542,793
1.237655129837732e+18,245.31457867201,46.9619080494591,21.39492,21.12287,20.74434,20.82214,20.84683,2248,301,4,107,9.618654839912552e+18,QSO,1.118118,8543,57542,334
1.237655129837536e+18,244.880789361145,47.1619427186826,22.60153,21.12586,20.88388,21.07283,21.12823,2248,301,4,104,9.618678204534645e+18,QSO,2.899427,8543,57542,419
1.2376551298373391e+18,244.456740771567,47.4846634228536,22.33691,21.81987,21.54392,21.24271,20.90297,2248,301,4,101,9.618693047941616e+18,QSO,1.542958,8543,57542,473
1.237654952129266e+18,246.956672832372,46.7587884994862,20.409,20.25924,20.2417,19.90781,19.86352,2207,301,1,43,9.618586945069535e+18,QSO,1.750209,8543,57542,87
1.237654952129e+18,246.396597330818,47.1734419779795,21.46063,21.45002,21.24421,21.15364,20.39996,2207,301,1,39,9.61861195895907e+18,QSO,1.473753,8543,57542,178
1.2376551298378634e+18,245.542876592419,46.5377129510315,21.60683,21.54202,21.28166,21.27646,21.25482,2248,301,4,109,9.618651266499762e+18,QSO,1.339594,8543,57542,321
1.2376551298378634e+18,245.595754387343,46.6906323004549,21.74035,21.59682,21.6162,21.09241,20.87246,2248,301,4,109,9.618652915767204e+18,QSO,1.689422,8543,57542,327
1.2376515397994424e+18,243.17676808983,52.9999815996804,26.7785,24.38326,21.82887,20.66807,19.65879,1412,301,5,374,9.081783378190292e+18,GALAXY,0.9504891,8066,57544,999
1.2376515392622436e+18,241.931237440442,53.4158802714929,23.86616,25.06545,21.24373,20.14839,19.23279,1412,301,4,369,9.081758089422854e+18,GALAXY,0.6453527,8066,57544,907
1.2376515387253724e+18,241.227020772366,53.0879564441228,22.3131,21.51784,21.09151,21.03825,21.78153,1412,301,3,369,9.081730876510068e+18,STAR,-0.0009266027,8066,57544,808
1.2376549489148567e+18,242.181774083203,52.1044984760133,24.3106,24.05737,22.73733,21.11553,19.85329,2206,301,3,147,9.08152829149265e+18,STAR,-9.418566e-05,8066,57544,71
1.2376549489145293e+18,241.486635560926,52.7281373139834,21.50883,23.02361,21.96942,20.64249,19.70175,2206,301,3,142,9.081744345527508e+18,GALAXY,0.8936329,8066,57544,857
1.23765153872511e+18,240.545411276629,53.4984543591987,21.72322,21.811,21.41982,21.19954,21.24217,1412,301,3,365,9.081705587742628e+18,QSO,1.602043,8066,57544,716
1.2376551309086566e+18,239.930846854213,52.4399024842397,23.14268,24.99755,22.13067,20.85336,19.63045,2248,301,6,64,9.081618451446128e+18,GALAXY,0.6975834,8066,57544,399
1.2376515387252408e+18,241.031514024785,53.3740666996804,21.46027,20.7981,20.45359,20.37128,20.4917,1412,301,3,367,9.081715483347276e+18,STAR,-0.0003749935,8066,57544,752
1.2376549489150536e+18,242.739644049654,51.7179723217075,22.66025,24.2858,22.08416,20.96065,19.78956,2206,301,3,150,9.081522244178696e+18,GALAXY,0.9357669,8066,57544,49
1.237654948377265e+18,240.120540904316,53.0272316409824,22.21087,21.7667,21.55466,21.6866,22.04299,2206,301,2,136,9.081685246777514e+18,QSO,1.150562,8066,57544,642
1.2376515387254377e+18,241.411299715372,53.0236847444541,22.14458,21.7412,21.5244,21.54235,22.50998,1412,301,3,370,9.081740497236808e+18,QSO,2.144753,8066,57544,843
1.2376515387254377e+18,241.285581895933,52.981183547986,21.20215,21.18711,21.08228,20.91493,21.35947,1412,301,3,370,9.081731976021694e+18,QSO,1.524085,8066,57544,812
1.237651538725241e+18,240.990530746054,53.3587611026355,20.95333,20.83714,20.78722,20.5888,20.76009,1412,301,3,367,9.081716033103092e+18,QSO,1.984847,8066,57544,754
1.237654949450941e+18,240.926144539792,53.7819978326338,23.52602,21.8452,20.36402,19.74702,19.4298,2206,301,4,135,9.081713559201928e+18,GALAXY,0.2469357,8066,57544,745
1.2376515397989832e+18,241.942482260174,53.8996249000501,22.33033,21.29062,20.85756,20.65217,20.52828,1412,301,5,367,9.08175671503332e+18,STAR,-0.001053829,8066,57544,902
1.2376515392624404e+18,242.23125420381,53.0533969124332,22.65322,23.96197,22.1266,20.71429,19.89425,1412,301,4,372,9.081764136736808e+18,GALAXY,0.6822976,8066,57544,929
1.2376515392621128e+18,241.544807030612,53.5883869689094,26.09863,22.91884,22.30833,20.71941,19.93732,1412,301,4,367,9.081736648946113e+18,GALAXY,0.6802269,8066,57544,829
1.2376549483773957e+18,240.300754786086,52.7867966798282,22.40175,22.08236,20.47441,19.82565,19.34457,2206,301,2,138,9.081698440917048e+18,GALAXY,0.4530018,8066,57544,690
1.237651538725241e+18,240.920545831857,53.3479738244662,21.49888,21.30533,21.37503,20.63883,20.75997,1412,301,3,367,9.081716307981e+18,QSO,1.919023,8066,57544,755
1.2376515387254377e+18,241.390573479137,53.0585003381807,21.04519,20.64861,20.34737,19.98877,19.84738,1412,301,3,370,9.08173142626588e+18,QSO,0.539212,8066,57544,810
1.237651538725241e+18,240.952869558831,53.2656205811403,22.26661,22.02468,21.55845,21.59141,22.18007,1412,301,3,367,9.08171713261472e+18,GALAXY,0.2518393,8066,57544,758
1.2376549489144632e+18,241.330239317647,52.7673103994166,23.16765,25.35378,21.53091,20.30571,19.57586,2206,301,3,141,9.081732800655416e+18,GALAXY,0.6869813,8066,57544,815
1.2376549499884672e+18,242.862030879196,52.7757507042743,20.73694,20.33953,20.32318,20.03044,19.77109,2206,301,5,145,9.081782553556572e+18,QSO,0.6768547,8066,57544,996
1.2376515392626368e+18,242.830624949049,52.6659057609914,23.03347,23.60839,21.79315,20.79881,19.74832,1412,301,4,375,9.081519495399628e+18,GALAXY,0.680221,8066,57544,39
1.2376515387250445e+18,240.342729890937,53.6481712000817,22.05925,21.023,20.83796,20.87431,21.20358,1412,301,3,364,9.081692943358908e+18,QSO,1.2623,8066,57544,670
1.2376515392625055e+18,242.513397892404,52.9787605544382,23.80235,24.24783,22.61609,21.57545,19.90298,1412,301,4,373,9.081775131853084e+18,GALAXY,0.01010632,8066,57544,969
1.2376515392625715e+18,242.676825569463,52.8108525445862,22.18545,23.59933,22.22224,20.52499,19.70209,1412,301,4,374,9.081776781120526e+18,GALAXY,0.9514335,8066,57544,975
1.2376549483773962e+18,240.180510683618,52.8077360287369,22.77095,27.00667,22.38396,21.00501,19.88949,2206,301,2,138,9.081688270434488e+18,GALAXY,0.8167135,8066,57544,653
1.2376515392624404e+18,242.282534561914,53.0884478334347,23.6238,24.95026,21.74174,20.72195,19.83234,1412,301,4,372,9.08176303722518e+18,GALAXY,0.7381864,8066,57544,925
1.2376515387254377e+18,241.371578318351,53.0182230314347,20.43803,20.07368,19.83997,19.71325,19.8201,1412,301,3,370,9.08173060163216e+18,QSO,1.314456,8066,57544,807
1.237651538725307e+18,240.997298951801,53.2023311675786,21.49084,20.70916,20.47599,20.52957,20.27608,1412,301,3,368,9.081720431149604e+18,STAR,0.0002177637,8066,57544,770
1.2376515387255688e+18,241.623560693967,52.7538711423353,21.52063,20.74471,19.96982,19.78347,19.37889,1412,301,3,372,9.0817440706496e+18,GALAXY,0.3395828,8066,57544,856
1.2376515387256343e+18,241.862497646536,52.6875889111416,21.21012,21.05066,20.79902,20.9025,21.61876,1412,301,3,373,9.081755615521692e+18,QSO,1.077979,8066,57544,898
1.2376515387255032e+18,241.561899367889,52.8824033045577,20.18241,20.12204,20.16896,20.04877,20.05681,1412,301,3,371,9.081742421382158e+18,QSO,2.076898,8066,57544,850
1.2376627024038472e+18,252.788659442738,47.2460450837503,26.59105,23.4517,21.55296,20.49698,19.77733,4011,301,5,136,9.613069595838796e+18,GALAXY,0.7226853,8538,57549,495
1.237665582719042e+18,254.413836444593,46.4446534691813,21.95665,21.78717,21.61353,21.36197,20.75123,4682,301,2,178,9.613022041960897e+18,QSO,1.014419,8538,57549,322
1.237665582718256e+18,253.16591966599,48.0267302954718,22.95283,21.96787,22.08559,21.47846,21.46038,4682,301,2,166,9.613084164367866e+18,QSO,1.600175,8538,57549,548
1.237665582718649e+18,253.719759118388,47.2473820308609,22.19648,22.17905,21.81489,21.42366,21.52319,4682,301,2,172,9.613050079507405e+18,QSO,1.797101,8538,57549,424
1.2376655827189107e+18,254.313510990863,46.8041610630081,20.16179,19.95518,19.84355,19.74081,19.62999,4682,301,2,176,9.613025890251592e+18,QSO,2.01387,8538,57549,336
1.2376655827184522e+18,253.534231363535,47.56960206372,21.12758,21.12747,20.82114,20.77778,20.7475,4682,301,2,169,9.613054202676009e+18,QSO,1.263037,8538,57549,439
1.2376685043709386e+18,256.233519560408,46.5394989562305,23.29112,24.89989,21.50371,20.49879,19.62643,5362,301,4,184,9.61294590078067e+18,GALAXY,0.5794739,8538,57549,45
1.2376627024039777e+18,252.991099171218,47.0406896807622,19.78469,19.67765,19.67426,19.49891,19.52442,4011,301,5,138,9.613067671693447e+18,QSO,1.903601,8538,57549,488
1.2376655714425902e+18,253.394246547229,46.8720027212755,20.33286,20.16568,19.80345,19.89819,20.01319,4679,301,5,145,9.61305860072252e+18,QSO,1.092149,8538,57549,455
1.237668503297e+18,254.618311691146,46.4568484605926,24.51397,23.84325,21.91882,20.66937,19.87462,5362,301,2,181,9.613012970989967e+18,GALAXY,0.6094552,8538,57549,289
1.237662702403847e+18,252.648259943004,47.3051753821527,21.16674,21.16142,20.92552,20.8602,21.06364,4011,301,5,136,9.613070145594614e+18,QSO,1.411113,8538,57549,497
1.237662702403847e+18,252.777602811535,47.2121748521091,21.62164,21.47879,21.28757,20.99834,21.45794,4011,301,5,136,9.61306849632717e+18,QSO,1.713515,8538,57549,491
1.237680328945828e+18,330.652896271746,28.3502306220929,24.58451,24.3366,23.09946,21.88152,19.05005,8115,301,5,78,8.608782547328196e+18,STAR,-0.0002125482,7646,57570,552
1.237680327872283e+18,331.435875070489,27.5847136750001,25.39742,24.74997,23.28678,21.81362,19.96828,8115,301,3,81,8.608722349066575e+18,STAR,1.932363e-05,7646,57570,333
1.2376803289468764e+18,333.116236756169,29.0246259993448,23.91051,21.86696,22.09576,20.96578,21.32962,8115,301,5,94,8.608892498490973e+18,STAR,4.812666e-05,7646,57570,952
1.237680474439156e+18,333.204809309442,28.7117206259446,21.89406,22.10502,21.73796,21.26604,21.83563,8149,301,4,98,8.608902119217715e+18,QSO,1.281648,7646,57570,987
1.2376803289460905e+18,331.253151222658,28.5508636223183,24.51148,24.25429,22.9796,21.74804,18.6873,8115,301,5,82,8.608824053892142e+18,STAR,-0.0001793215,7646,57570,703
1.237680327336199e+18,333.392873717741,27.7034380463305,21.69504,20.95548,20.88724,20.71169,20.5313,8115,301,2,93,8.608631089601468e+18,QSO,2.284419,7646,57570,1
1.2376803273357404e+18,332.377458815905,27.4164113004609,21.48697,19.70619,19.05992,18.80237,18.64287,8115,301,2,86,8.608669022752627e+18,STAR,-0.0003740064,7646,57570,139
1.2376803289460915e+18,331.271747789052,28.4660308100422,25.21451,23.43951,21.80338,20.41522,19.65351,8115,301,5,82,8.608825153403771e+18,STAR,-0.0001260683,7646,57570,707
1.237680327335806e+18,332.440530512152,27.3865975907983,22.09078,21.84412,21.92883,21.91621,23.02589,8115,301,2,87,8.608665999095649e+18,STAR,2.319672e-05,7646,57570,128
1.2376803316352302e+18,347.228316064081,27.9605156134526,24.05752,24.07677,22.30442,20.86178,19.76519,8116,301,2,155,8.674088315371411e+18,STAR,-0.0002746867,7704,57572,565
1.2376805292047084e+18,346.965605238241,28.2790752263082,24.63343,23.62202,23.14692,21.02988,20.04394,8162,301,2,170,8.674103158778387e+18,GALAXY,0.8875059,7704,57572,619
1.2376805292052326e+18,348.319513919497,28.4411819919476,22.22104,22.00953,21.8575,21.63806,21.38024,8162,301,2,178,8.674165556063263e+18,QSO,2.116869,7704,57572,846
1.237680529204446e+18,346.235636159737,28.163179214467,24.3529,22.84494,21.53474,20.22089,19.42529,8162,301,2,166,8.674083367569086e+18,STAR,-6.641377e-05,7704,57572,547
1.2376805292044462e+18,346.249398334026,28.2246108900459,24.24145,23.75454,22.65292,21.06225,19.93269,8162,301,2,166,8.674085291714435e+18,STAR,-7.50693e-06,7704,57572,554
1.237680331634968e+18,346.638962261174,27.8842794671652,25.27567,23.91993,22.26629,20.69791,19.78543,8116,301,2,151,8.674081168545831e+18,STAR,-7.680793e-05,7704,57572,539
1.2376805292053637e+18,348.654000415136,28.5137060673093,20.90412,20.47992,20.16287,19.72198,19.27242,8162,301,2,180,8.674185072394656e+18,QSO,0.4544202,7704,57572,917
1.237680529205233e+18,348.394337951176,28.37227289454,25.23778,24.33844,22.61765,21.22115,20.10253,8162,301,2,178,8.674179025080702e+18,STAR,-8.082243e-05,7704,57572,895
1.2376805297423652e+18,348.974195518669,28.912231957597,21.63699,20.34255,19.79101,19.55127,19.46788,8162,301,3,182,8.674194693121399e+18,STAR,-0.0008664528,7704,57572,952
1.237680529742103e+18,348.245543668772,28.8487937007841,21.45844,20.71759,20.51955,20.38232,19.91531,8162,301,3,178,8.674173252644657e+18,QSO,2.322479,7704,57572,874
1.237680529205364e+18,348.615672649339,28.5313149787286,23.73325,23.6992,22.07655,20.75896,19.96103,8162,301,2,180,8.674184522638842e+18,STAR,-4.176174e-05,7704,57572,915
1.2376805297418412e+18,347.534342679973,28.7874192450799,21.87869,21.21114,20.90412,20.6355,20.55861,8162,301,3,174,8.67411992633071e+18,QSO,1.496426,7704,57572,680
1.2376805292045775e+18,346.689175592932,28.1049781157846,23.72805,23.64771,22.01848,20.90133,19.94349,8162,301,2,168,8.674080069034203e+18,GALAXY,0.788337,7704,57572,535
1.2376805292050355e+18,347.882731719857,28.3056931487569,21.73406,21.37024,21.23958,20.94945,20.48336,8162,301,2,175,8.674157859481868e+18,QSO,2.093579,7704,57572,818
1.2376805297418414e+18,347.49321872827,28.7803975221542,24.60843,23.03311,21.71465,20.54681,19.4997,8162,301,3,174,8.674127897790011e+18,QSO,1.025598,7704,57572,709
1.2376805297415127e+18,346.779894153313,28.6498271780402,23.36315,24.29464,22.44294,21.2216,19.48122,8162,301,3,169,8.674096011952806e+18,STAR,-0.0001017578,7704,57572,593
1.237680331635164e+18,347.019560960473,27.9839651014928,24.12992,22.82203,21.18935,20.10042,19.42435,8116,301,2,154,8.67408941488304e+18,GALAXY,0.4957955,7704,57572,569
1.237680529742169e+18,348.458674976851,28.8343703510279,22.29447,22.2249,21.63604,21.50511,22.57392,8162,301,3,179,8.674181498981865e+18,GALAXY,0.171399,7704,57572,904
1.2376803316354268e+18,347.699614640927,28.1767864788393,24.31475,23.05007,21.45024,20.34675,19.54421,8116,301,2,158,8.674147139243497e+18,GALAXY,0.5012827,7704,57572,779
1.2376803278714977e+18,329.447940528743,27.0750492421784,23.33531,23.85738,21.74463,20.71762,19.3695,8115,301,3,69,8.607598648233318e+18,STAR,-5.778707e-05,7645,57573,341
1.2376804744373862e+18,328.640837998282,27.5929642846993,24.10062,22.89726,22.26976,20.78455,18.74229,8149,301,4,71,8.607650325279824e+18,STAR,2.829802e-05,7645,57573,529
1.2376803273346913e+18,329.821686298278,26.74876323424,20.48215,20.27001,20.22674,20.15636,20.11556,8115,301,2,70,8.607575283611229e+18,QSO,2.030181,7645,57573,256
1.237680327334626e+18,329.576717376552,26.7111957868643,20.65559,20.05427,19.90488,19.51328,19.38869,8115,301,2,69,8.607596174332155e+18,QSO,0.5678664,7645,57573,332
1.237680327334823e+18,330.063931928171,26.9070751614606,21.06462,21.01786,20.6938,20.61548,21.08014,8115,301,2,72,8.607554118012393e+18,QSO,1.153532,7645,57573,179
1.237680327334757e+18,329.921607108976,26.8633948722141,21.81711,19.9915,19.36615,18.91579,18.7349,8115,301,2,71,8.607565388006577e+18,STAR,-0.0001160246,7645,57573,220
1.2376804744373862e+18,328.720323598624,27.4426162679709,23.15472,21.31782,21.588,21.41499,18.34904,8149,301,4,71,8.6076533489368e+18,STAR,-0.0004721884,7645,57573,540
1.237680327334823e+18,330.151010767393,26.8085947055157,22.47026,22.16087,21.91393,21.60102,21.2668,8115,301,2,72,8.607537625337978e+18,QSO,2.216981,7645,57573,119
1.2376805028903667e+18,328.799610700266,28.3797735576872,25.03415,25.80322,22.91627,21.16578,19.86984,8156,301,1,53,8.607656922349591e+18,GALAXY,0.9242325,7645,57573,553
1.2376803289455e+18,329.727150236184,27.9969965011155,21.75996,20.85538,21.76276,21.42409,19.46637,8115,301,5,73,8.607714371832143e+18,QSO,0.5251936,7645,57573,762
1.237680327871235e+18,328.716276511548,26.9218041625281,25.68048,22.75126,21.14682,20.09504,19.26912,8115,301,3,65,8.607631633582152e+18,GALAXY,0.550847,7645,57573,461
1.2376803273349542e+18,330.342807346698,26.9523901660341,23.56257,21.99422,21.35378,21.08663,21.07063,8115,301,2,74,8.607538449971698e+18,GALAXY,0.2619568,7645,57573,122
1.237680327334627e+18,329.59268974389,26.646687290364,22.99917,23.82947,22.08913,20.74808,19.88248,8115,301,2,69,8.607595349698435e+18,GALAXY,0.8152697,7645,57573,329
1.2376803289455662e+18,330.024361892769,28.061864474842,24.76056,24.33273,22.71925,21.66439,18.89231,8115,301,5,74,8.607735537430977e+18,STAR,5.085694e-05,7645,57573,839
1.2376802768681047e+18,353.775312017092,27.2232304425046,21.87181,21.55469,21.54267,21.16913,21.89334,8103,301,4,59,8.668447820754475e+18,QSO,1.902216,7699,57574,525
1.2376802763321518e+18,356.240320932015,26.9465908169665,21.93141,23.59899,22.1433,21.0306,19.87211,8103,301,3,73,8.666194371673347e+18,GALAXY,0.548746,7697,57574,519
1.2376802768684977e+18,354.852752656141,27.1658182913994,19.56578,17.58582,16.68299,16.20877,15.83609,8103,301,4,65,8.668514066330049e+18,GALAXY,0.03092755,7699,57574,766
1.2376803053309143e+18,353.634625146229,26.1490105207282,22.15901,21.39418,21.23775,20.88882,20.67162,8110,301,1,191,8.668432152713779e+18,QSO,1.670485,7699,57574,468
1.237680276332282e+18,356.539520422738,26.8980266185718,21.00428,21.23982,20.91497,21.00854,20.67306,8103,301,3,75,8.666148467062888e+18,QSO,1.031498,7697,57574,352
1.237680276331365e+18,354.143356693596,26.8091451244124,22.4001,22.99464,21.92624,20.62586,19.74412,8103,301,3,61,8.668471460254472e+18,GALAXY,0.7795749,7699,57574,611
1.237680276332282e+18,356.524999387173,26.8250866568291,20.38474,19.95389,19.51641,19.17449,19.25385,8103,301,3,75,8.666180352900094e+18,QSO,1.52572,7697,57574,468
1.2376802757952806e+18,356.308851095958,26.4846983716642,24.75915,23.90367,22.71548,21.3539,19.52004,8103,301,2,73,8.666185025824512e+18,GALAXY,0.6106282,7697,57574,485
1.2376802774062863e+18,357.069047804623,27.8600437037702,25.0161,23.78135,21.82464,20.68358,19.99185,8103,301,5,79,8.666226257510554e+18,GALAXY,0.6554284,7697,57574,635
1.2376802768697428e+18,357.95076706951,27.5225992581739,21.04937,20.63,20.24323,19.95192,19.52568,8103,301,4,84,8.666273261632642e+18,QSO,1.525588,7697,57574,806
1.237680276867973e+18,353.476671623542,27.0485619993257,19.21182,18.1655,17.77129,17.64143,17.60774,8103,301,4,57,8.668442048318429e+18,STAR,-0.0006572183,7699,57574,504
1.2376802768692846e+18,356.778132892441,27.3635080622479,24.10885,24.04905,21.83871,20.63484,19.7529,8103,301,4,77,8.666207565812881e+18,GALAXY,0.4742404,7697,57574,567
1.23768027740609e+18,356.620163415035,27.7743452456056,25.24743,22.85712,21.47294,20.37738,19.6891,8103,301,5,76,8.666201518498928e+18,GALAXY,0.5980074,7697,57574,545
1.2376802774064177e+18,357.430924356443,27.7845459014193,25.95235,23.90644,21.71038,20.57804,19.83719,8103,301,5,81,8.666249347254736e+18,GALAXY,0.6023971,7697,57574,719
1.2376802763316923e+18,354.966392897655,26.9022881719838,20.33113,19.43094,19.13818,19.00035,18.92418,8103,301,3,66,8.668526160957954e+18,STAR,-0.001228978,7699,57574,810
1.2376802774068764e+18,358.706772998486,27.8263582964251,23.11634,25.58081,21.97237,20.71507,19.90726,8103,301,5,88,8.666314768196589e+18,GALAXY,0.8371833,7697,57574,957
1.2376802768687598e+18,355.521971057385,27.3757362970138,21.14628,20.45709,20.07921,20.01343,19.87001,8103,301,4,69,8.668552824114928e+18,STAR,-0.0008375383,7699,57574,907
1.2376803058686367e+18,355.718399177292,26.7218556002653,23.53105,24.23193,21.62322,20.46778,19.70749,8110,301,2,204,8.668325225207978e+18,GALAXY,0.7016547,7699,57574,79
1.2376802768695462e+18,357.575553608601,27.4814045639134,25.51286,22.80453,21.84055,20.68516,19.48718,8103,301,4,81,8.666249897010551e+18,STAR,6.611158e-06,7697,57574,721
1.237680276333265e+18,359.078648774289,27.0831918123178,21.24354,20.43871,20.30539,21.06158,20.28779,8103,301,3,90,8.666060781010573e+18,QSO,2.479887,7697,57574,33
1.2376802757957391e+18,357.384012353403,26.4988420385926,20.38215,19.98964,19.78933,19.65293,19.85105,8103,301,2,80,8.666136922190797e+18,QSO,1.432425,7697,57574,310
1.2376802768700703e+18,358.852570938056,27.5352078615591,20.81217,20.28476,19.87272,19.46879,19.23081,8103,301,4,89,8.666306246981473e+18,QSO,2.091214,7697,57574,926
1.2376802774055652e+18,355.250190194128,27.7734608197233,21.30361,20.97072,20.35185,20.37192,20.29611,8103,301,5,68,8.668530284126558e+18,QSO,1.068596,7699,57574,825
1.23768027686876e+18,355.543502073468,27.3687842648672,21.543,21.44801,21.07155,20.70586,20.06293,8103,301,4,69,8.668554748260277e+18,QSO,0.8983327,7699,57574,914
1.2376802763315607e+18,354.690275338889,26.8010081907151,21.83017,21.48415,21.34108,21.76885,22.12431,8103,301,3,64,8.668505545114933e+18,QSO,0.7925449,7699,57574,735
1.2376802763333307e+18,359.20408042582,26.9939709340099,20.52171,20.24136,20.08676,19.6848,19.64425,8103,301,3,91,8.666056657841969e+18,QSO,0.5620314,7697,57574,18
1.237680276868825e+18,355.662414510855,27.291678686049,22.2312,24.11079,21.55826,20.53035,19.79826,8103,301,4,70,8.668567117766088e+18,GALAXY,0.5308146,7699,57574,959
1.2376803337774715e+18,333.554462887931,27.1884873976922,27.13223,23.36758,21.76431,20.48489,19.62754,8116,301,6,75,8.612185810761177e+18,GALAXY,0.8617762,7649,57574,645
1.2376802768686287e+18,355.219596803842,27.2494151925695,18.02775,16.14204,15.26045,14.82205,14.44756,8103,301,4,67,8.668534682173069e+18,GALAXY,0.03001458,7699,57574,841
1.237680276332282e+18,356.498530595093,26.9308344985082,21.32996,20.1226,19.65166,19.44956,19.26527,8103,301,3,75,8.668575364103298e+18,STAR,-0.0007984954,7699,57574,989
1.237680529736008e+18,332.846466081656,25.953842818054,21.76997,20.18882,19.48844,19.25711,19.04506,8162,301,3,85,8.612132759325136e+18,STAR,-0.0001442311,7649,57574,452
1.2376802763332652e+18,359.035582721255,26.9560988479757,20.01677,19.81176,19.71352,19.57112,19.61375,8103,301,3,90,8.666058581987319e+18,QSO,1.931742,7697,57574,25
1.2376803321669243e+18,334.211834561653,25.9935294652562,25.49366,24.92894,22.35645,20.81813,19.82973,8116,301,3,76,8.612068163017005e+18,GALAXY,0.7416102,7649,57574,217
1.2376802752579512e+18,355.14716689938,25.9803882956155,22.58142,23.38234,22.41794,21.23744,19.87786,8103,301,1,66,8.668352163242857e+18,GALAXY,0.9074469,7699,57574,177
1.2376802774068104e+18,358.524855764619,27.8952186636556,17.95693,16.95191,16.629,16.52172,16.44797,8103,301,5,87,8.66630294844659e+18,STAR,-0.0007374214,7697,57574,914
1.237680333777537e+18,333.771781713968,27.1763521882743,23.82963,23.19261,22.6372,20.86534,19.50849,8116,301,6,76,8.612210000016989e+18,QSO,1.018106,7649,57574,733
1.23768027686817e+18,353.976870762819,27.254028812555,22.45257,21.68775,21.56911,21.13738,20.18044,8103,301,4,60,8.668458540992847e+18,QSO,0.8339214,7699,57574,564
1.2376802752577544e+18,354.651579488708,25.919287342573,26.0638,22.28991,21.04453,19.96428,19.62195,8103,301,1,63,8.668385973225413e+18,STAR,-2.391013e-05,7699,57574,300
1.2376802763319544e+18,355.680246139209,26.9125681945323,20.70425,19.70102,19.14124,18.9778,18.81944,8103,301,3,70,8.668561070452136e+18,STAR,-0.000626913,7699,57574,937
1.2376803058696852e+18,358.460974767871,26.8392388371274,21.3093,20.77783,20.67333,20.71079,20.21273,8110,301,2,220,8.666079747586152e+18,QSO,2.264052,7697,57574,102
1.2376802752586716e+18,356.957077581664,26.1640157284341,22.64959,24.0006,21.77485,20.68277,19.88556,8103,301,1,77,8.666153139987305e+18,GALAXY,0.5612566,7697,57574,369
1.23768027686935e+18,357.037647886325,27.3676911902071,21.29925,20.93221,20.62027,20.50581,21.16744,8103,301,4,78,8.66622928116753e+18,QSO,1.254473,7697,57574,646
1.237680276870202e+18,359.218904758813,27.5499103703248,21.13247,20.89592,20.72,20.3868,20.84637,8103,301,4,91,8.666323839167519e+18,QSO,1.610523,7697,57574,990
1.237680306405704e+18,356.261869121247,27.0184780433143,21.60079,21.43224,21.2421,21.06549,20.69609,8110,301,3,207,8.668573714835856e+18,QSO,1.935859,7699,57574,983
1.2376802768684324e+18,354.630336685425,27.2298333912978,21.7272,19.26882,18.16044,17.70402,17.36647,8103,301,4,64,8.668500872190515e+18,GALAXY,0.1217785,7699,57574,718
1.2376803273365916e+18,334.371052729649,28.0761273311214,19.04638,18.05173,17.68677,17.55534,17.48327,8115,301,2,99,8.612252056336751e+18,GALAXY,0.0,7649,57574,886
1.2376805291999895e+18,335.092380710964,25.9921569678997,20.54465,20.2913,20.17248,19.92289,19.88583,8162,301,2,98,8.612024182551894e+18,QSO,0.5240901,7649,57574,57
1.2376802763318236e+18,355.332082400635,26.9366531287731,22.61564,21.44991,21.08426,20.8035,20.51477,8103,301,3,68,8.668537980707952e+18,QSO,0.6971943,7699,57574,853
1.2376802774054346e+18,354.95056504258,27.6694054643313,25.70089,23.22933,21.97791,20.80877,20.04733,8103,301,5,66,8.66851928901028e+18,GALAXY,0.4591479,7699,57574,785
1.237680306404852e+18,354.00389564908,27.0459864635079,19.94296,19.7471,19.8041,19.8275,19.81635,8110,301,3,194,8.668457991237032e+18,QSO,0.7116832,7699,57574,562
1.2376802768680394e+18,353.638704838754,27.1319367373179,23.77266,25.071,21.50692,20.38912,19.70875,8103,301,4,58,8.668448920266103e+18,GALAXY,0.5700405,7699,57574,529
1.2376802774053683e+18,354.83241553233,27.5771369710619,22.70955,19.38599,18.20586,17.73192,17.27155,8103,301,5,65,8.668508293894e+18,GALAXY,0.1256573,7699,57574,745
1.237680306405639e+18,356.022601251876,27.1217351367538,22.57178,21.24146,20.78401,20.62539,20.6293,8110,301,3,206,8.668577288248647e+18,STAR,-0.0008463316,7699,57574,996
1.237680306404655e+18,353.515462595679,26.8507350987405,20.72909,20.42334,20.22651,19.95153,19.90568,8110,301,3,191,8.668445346853313e+18,QSO,0.5475855,7699,57574,516
1.2376805297369912e+18,335.269675617004,26.5367739435774,19.33389,19.05132,18.9989,18.81449,18.8322,8162,301,3,100,8.612026106697244e+18,QSO,1.647938,7649,57574,64
1.2376802774055652e+18,355.331958058163,27.7093863382681,18.78177,16.71925,15.76806,15.30385,14.95575,8103,301,5,68,8.668541279242835e+18,GALAXY,0.06552458,7699,57574,865
1.237680277406745e+18,358.363705762376,27.9342977887075,20.89727,20.82994,20.77326,20.63172,20.65867,8103,301,5,86,8.666292503086126e+18,QSO,1.803881,7697,57574,876
1.2376802768683668e+18,354.426843196615,27.19616350261,21.74295,21.48326,21.23028,20.77989,20.9049,8103,301,4,63,8.668490426830051e+18,QSO,1.735828,7699,57574,680
1.2376803064059008e+18,356.702643660168,27.0706357961558,21.24839,20.19429,19.77252,19.65493,19.64893,8110,301,3,210,8.666210589469858e+18,STAR,-0.0005625137,7697,57574,578
1.23768027740491e+18,353.677037704773,27.5494599631991,18.70453,16.81696,15.90115,15.48198,15.13906,8103,301,5,58,8.668453043434707e+18,GALAXY,0.05644913,7699,57574,544
1.2376802768683663e+18,354.480151601202,27.1396520888599,21.38131,19.0557,17.98925,17.52603,17.11471,8103,301,4,63,8.668492076097493e+18,GALAXY,0.1224953,7699,57574,686
1.2376802774062863e+18,357.150900943767,27.75659429068,23.45839,22.97869,21.70722,20.55616,19.63456,8103,301,5,79,8.666225157998927e+18,GALAXY,0.6673095,7697,57574,631
1.2376803058687027e+18,355.956546421669,26.6159127744162,23.58987,21.62612,21.26507,21.26049,21.27851,8110,301,2,205,8.668312855702164e+18,QSO,2.733592,7699,57574,34
1.2376802763314957e+18,354.521321530689,26.7122837629886,19.21905,18.95425,18.7497,18.53264,18.45,8103,301,3,63,8.668495374632376e+18,QSO,1.72041,7699,57574,698
1.2376802768696773e+18,357.824750438203,27.3837267961394,22.00505,21.46502,21.21455,21.20878,22.82655,8103,301,4,83,8.666263091150083e+18,QSO,2.308651,7697,57574,769
1.2376802768684974e+18,354.799589388687,27.1600977825752,18.2525,16.33007,15.39439,14.91051,14.52592,8103,301,4,65,8.668513516574236e+18,GALAXY,0.02586416,7699,57574,764
1.237680276333e+18,358.376031182966,27.067980421338,26.74559,22.5499,21.40524,20.24159,19.56751,8103,301,3,86,8.666286730650081e+18,GALAXY,0.5958686,7697,57574,855
1.2376802774054344e+18,354.97517251361,27.5923369120027,21.96755,21.76561,21.43024,20.93196,21.42241,8103,301,5,66,8.668519838766094e+18,QSO,1.492534,7699,57574,787
1.2376802757948877e+18,355.219711691102,26.3643175179535,26.22368,25.8292,22.64137,20.71844,19.48985,8103,301,2,67,8.668345566173091e+18,GALAXY,0.8488135,7699,57574,153
1.237680306406032e+18,357.022695556945,27.2324409334972,20.64314,20.41031,20.24206,19.99648,19.85237,8110,301,3,212,8.666231205312879e+18,QSO,1.738831,7697,57574,653
1.237680276869416e+18,357.201883883222,27.4247149676977,22.66667,23.45988,21.72117,20.62501,19.79262,8103,301,4,79,8.666228456533809e+18,QSO,0.9446808,7697,57574,643
1.2376805297371215e+18,335.54772760859,26.6426834345379,22.17705,22.05075,21.86325,22.01422,22.25396,8162,301,3,102,8.612015661336779e+18,QSO,0.9811441,7649,57574,26
1.2376802752578196e+18,354.712954608102,26.0014277149056,22.09952,21.54512,21.17809,20.7219,20.71888,8103,301,1,64,8.668374978109135e+18,QSO,1.646368,7699,57574,260
1.2376802768683013e+18,354.35909243985,27.1359183204577,21.37414,21.3361,20.67905,20.82302,20.93096,8103,301,4,62,8.668481080981216e+18,QSO,1.333339,7699,57574,646
1.2376803053321592e+18,356.779310843453,26.4082444399787,22.02644,22.00666,21.84851,21.69757,20.80163,8110,301,1,210,8.666183101679163e+18,QSO,2.583735,7697,57574,478
1.2376802774056305e+18,355.455094452745,27.7025860748106,17.27326,14.91593,14.0077,13.55022,13.17346,8103,301,5,69,8.668553098992836e+18,GALAXY,0.0568196,7699,57574,908
1.237680275258147e+18,355.605735440072,26.1014781655288,20.7642,20.59597,20.30438,20.30335,20.27927,8103,301,1,69,8.66832055228356e+18,QSO,1.04504,7699,57574,62
1.2376803064061627e+18,357.380175456603,27.1473796864676,21.84349,21.87507,21.74233,21.19243,21.91059,8110,301,3,214,8.666241925551249e+18,QSO,1.456705,7697,57574,692
1.23768027525782e+18,354.699991847429,26.0256114006259,23.64467,23.45159,23.0111,21.40055,19.72895,8103,301,1,64,8.668375252987042e+18,QSO,1.750128,7699,57574,261
1.2376802768688911e+18,355.780308978133,27.3777186901874,21.97385,23.6067,21.41068,20.36832,19.5292,8103,301,4,71,8.668566568010275e+18,GALAXY,0.5523872,7699,57574,957
1.2376802763320202e+18,355.828527522499,26.925704288133,22.2392,21.73929,21.45972,21.45533,20.94724,8103,301,3,71,8.668571240934693e+18,QSO,2.679679,7699,57574,974
1.237680327336068e+18,333.106619199464,27.6987543678222,22.05824,21.18583,20.8074,20.67606,20.54372,8115,301,2,91,8.612171242232109e+18,STAR,-0.0005940091,7649,57574,592
1.237680306406294e+18,357.63066476302,27.0974287435345,21.29709,20.68937,20.29045,19.81377,19.76534,8110,301,3,216,8.66625456993497e+18,GALAXY,0.4925834,7697,57574,738
1.237680305332421e+18,357.47024189998,26.3728359646014,21.4049,20.97578,20.58817,20.43978,19.96259,8110,301,1,214,8.666134173411728e+18,QSO,0.9828947,7697,57574,300
1.2376802768694815e+18,357.322363236659,27.4623436910504,26.9083,23.60081,21.93554,20.6928,19.62498,8103,301,4,80,8.666238901894274e+18,GALAXY,0.7708811,7697,57574,681
1.237680275794821e+18,355.079785885464,26.3405278761246,20.73964,20.72916,20.59562,20.23923,20.68875,8103,301,2,66,8.668357111045183e+18,QSO,2.03688,7699,57574,195
1.237680333777209e+18,333.05712655153,27.0769406090933,22.93601,22.08746,21.6676,21.43361,21.23749,8116,301,6,71,8.612167393941411e+18,STAR,-0.0005959254,7649,57574,578
1.2376802763320855e+18,356.116672726111,26.8251946713046,20.24659,20.05265,19.68257,19.50344,19.36015,8103,301,3,72,8.66857783800446e+18,QSO,1.490586,7699,57574,998
1.2376805291997932e+18,334.679734868605,25.9045560076417,22.47482,22.17546,21.88612,21.50474,21.21347,8162,301,2,95,8.612023083040265e+18,QSO,1.514377,7649,57574,53
1.23768027687e+18,358.607393445085,27.5114224865692,24.06677,22.78407,21.24101,19.90819,19.35811,8103,301,4,88,8.666295251865197e+18,STAR,0.000135171,7697,57574,886
1.2376802763326756e+18,357.559359405989,26.9871523283727,20.51667,21.01278,20.52191,20.52027,20.24913,8103,301,3,81,8.666254844812875e+18,QSO,1.252853,7697,57574,739
1.237680277406155e+18,356.748241871325,27.6800745640802,21.33912,21.04582,20.87452,20.71569,20.21635,8103,301,5,77,8.666216087028e+18,QSO,0.7847582,7697,57574,598
1.2376802763316923e+18,354.957405333528,26.8795981215809,20.20671,20.08095,19.71409,19.62282,19.82769,8103,301,3,66,8.668526710713768e+18,QSO,1.291968,7699,57574,812
1.2376803064052457e+18,355.093065821136,26.9944921553933,21.93498,21.97184,21.7995,21.46441,21.2634,8110,301,3,200,8.668523961934697e+18,QSO,2.090302,7699,57574,802
1.237680276331954e+18,355.669024072497,26.9319548632858,21.59811,19.74137,19.0464,18.74795,18.56165,8103,301,3,70,8.668560795574229e+18,STAR,3.875767e-05,7699,57574,936
1.2376803058691607e+18,357.05238680181,26.705569822879,21.83647,21.70195,21.61525,21.58235,22.06749,8110,301,2,212,8.666161111446608e+18,QSO,1.928071,7697,57574,398
1.237680276868301e+18,354.340621514434,27.1422215876149,21.40428,19.76679,18.70087,18.22485,17.85433,8103,301,4,62,8.668479981469587e+18,GALAXY,0.1261942,7699,57574,642
1.2376802752574267e+18,353.813130990617,25.8978400799474,25.18484,23.22338,21.30643,20.22513,19.57213,8103,301,1,58,8.668429678812616e+18,GALAXY,0.6039285,7699,57574,459
1.237680275258082e+18,355.405343909358,25.9692575872228,21.51525,20.12438,18.63434,18.01302,17.59102,8103,301,1,68,8.668341717882396e+18,GALAXY,0.2833986,7699,57574,139
1.237680276333069e+18,358.531707794698,26.9574236803313,24.41378,23.72208,22.1681,20.96812,19.89522,8103,301,3,87,8.666080022464059e+18,GALAXY,0.6882235,7697,57574,103
1.2376802768681047e+18,353.741183995527,27.1331322707263,21.26118,20.71417,20.53153,20.1636,20.52701,8103,301,4,59,8.668448095632382e+18,QSO,1.739754,7699,57574,526
1.2376802757965253e+18,359.398350096745,26.7095240921347,19.95185,19.6331,19.44258,19.23635,19.333,8103,301,2,92,8.666052259795458e+18,QSO,0.5601146,7697,57574,2
1.2376802768686287e+18,355.219929936915,27.2120684953427,18.24229,16.25046,15.19524,14.64366,14.21016,8103,301,4,67,8.668535231928883e+18,GALAXY,0.03566519,7699,57574,843
1.2376802768684974e+18,354.881024207241,27.1881308559276,26.34714,25.66362,21.9767,20.55193,19.77035,8103,301,4,65,8.668512691940514e+18,GALAXY,0.7019177,7699,57574,761
1.2376802763326095e+18,357.346079974456,27.0059614583431,19.93472,19.40502,19.10166,18.9768,18.83502,8103,301,3,80,8.666244124574506e+18,QSO,1.680878,7697,57574,700
1.2376802757956078e+18,357.148694565425,26.4645231371828,19.52951,19.22614,19.24594,19.07644,18.87459,8103,301,2,78,8.666172106562887e+18,QSO,0.4589863,7697,57574,438
1.237680306404655e+18,353.550012454179,26.879542217667,20.72349,19.84589,19.63656,19.48189,19.54812,8110,301,3,191,8.6684447970975e+18,STAR,-0.0003134514,7699,57574,514
1.2376805297369262e+18,335.10580272645,26.3985179685423,24.05519,22.57632,21.62507,20.53537,19.60912,8162,301,3,99,8.612031329377476e+18,GALAXY,0.6334619,7649,57574,83
1.2376802763312993e+18,353.989654761441,26.6484172047193,22.10022,21.49786,21.22097,21.30109,20.97831,8103,301,3,60,8.668461839527729e+18,QSO,1.999891,7699,57574,576
1.2376802757950835e+18,355.713373261534,26.5381602265063,22.8657,22.44594,21.65925,20.26669,19.52357,8103,301,2,70,8.668323575940536e+18,GALAXY,0.5859654,7699,57574,73
1.237680277406221e+18,356.965581456653,27.7670884129158,23.97331,23.79163,21.855,20.54582,19.67542,8103,301,5,78,8.66622570775474e+18,GALAXY,0.6481521,7697,57574,633
1.2376802768682355e+18,354.180563726645,27.1356560887847,21.6047,19.98675,19.20982,18.94425,18.63259,8103,301,4,61,8.668470085864937e+18,STAR,-0.0002849857,7699,57574,606
1.2376802774049098e+18,353.645829072663,27.5584096305733,19.35459,17.4498,16.57544,16.15778,15.8134,8103,301,5,58,8.668441498562614e+18,GALAXY,0.06309654,7699,57574,502
1.2376802768683663e+18,354.471722100668,27.1981871494395,20.61896,18.79785,17.73107,17.28661,16.89939,8103,301,4,63,8.668489877074236e+18,GALAXY,0.1303341,7699,57574,678
1.2376802763319547e+18,355.614223333642,26.9709192608794,21.88223,21.51485,21.27512,20.65884,20.99175,8103,301,3,70,8.668559146306787e+18,QSO,1.632021,7699,57574,930
1.2376802774062868e+18,357.175292677138,27.8312623316522,25.90487,23.54445,22.10037,20.99697,19.39184,8103,301,5,79,8.666224608243112e+18,GALAXY,0.7787456,7697,57574,629
1.2376805291992686e+18,333.367856991256,25.6167077517977,21.99712,21.86035,21.68574,21.34118,21.49415,8162,301,2,87,8.612121489330952e+18,QSO,1.315812,7649,57574,411
1.2376805297369915e+18,335.325762481217,26.5883799221194,20.60026,20.54167,20.32277,20.32813,20.26269,8162,301,3,100,8.61202720620887e+18,QSO,1.151213,7649,57574,68
1.23768027686817e+18,354.042107949489,27.268319763354,17.59906,15.673,14.81111,14.36073,14.01569,8103,301,4,60,8.668479431713773e+18,GALAXY,0.06062512,7699,57574,640
1.2376803058690954e+18,356.940614436304,26.8022315422058,21.82877,21.96815,21.80205,21.43992,20.48364,8110,301,2,211,8.666147917307076e+18,GALAXY,0.9308878,7697,57574,350
1.2376802763310377e+18,353.390300343379,26.7964042208349,23.32549,23.41673,21.57346,20.22017,19.14771,8103,301,3,56,8.668445071975405e+18,GALAXY,0.7205389,7699,57574,515
1.237680276332872e+18,358.125316306955,26.9827000662942,22.40832,21.68436,21.14089,20.78457,21.16968,8103,301,3,84,8.666103387086151e+18,STAR,-6.896449e-05,7697,57574,188
1.2376803064053768e+18,355.406158160403,27.1128927385064,22.21233,21.96269,21.62025,21.20593,20.83982,8110,301,3,202,8.668536606318418e+18,QSO,0.9614801,7699,57574,848
1.2376805297371228e+18,335.576793473812,26.5705724701763,24.86688,22.61221,21.03054,19.82081,19.05383,8162,301,3,102,8.612016211092592e+18,STAR,-8.45223e-05,7649,57574,28
1.2376802763330688e+18,358.530909735354,27.1132234606733,20.91573,20.78651,20.52299,20.54862,19.84535,8103,301,3,87,8.666299100155895e+18,QSO,0.6761011,7697,57574,900
1.2376802763320855e+18,355.976405208501,26.8053865486708,20.93898,20.29539,20.02344,19.9231,19.99003,8103,301,3,72,8.668304059609142e+18,STAR,-0.0008095562,7699,57574,2
1.2376802763311685e+18,353.652678696369,26.6649748900255,22.69435,21.41557,21.0831,21.26312,21.58029,8103,301,3,58,8.668451119289358e+18,QSO,2.990085,7699,57574,537
1.237680276869349e+18,356.973189396389,27.4147887077343,22.54787,21.1293,20.54548,20.05814,20.49499,8103,301,4,78,8.66621938556288e+18,QSO,1.528206,7697,57574,610
1.2376803064059663e+18,356.845785915387,27.1451310422316,22.518,21.98838,21.6065,21.206,21.2935,8110,301,3,211,8.666221034830322e+18,QSO,1.679454,7697,57574,616
1.2376802763331996e+18,358.905544293761,27.0493216305292,21.29316,21.44837,21.40256,21.41803,21.27804,8103,301,3,89,8.666073425394293e+18,QSO,1.935645,7697,57574,79
1.2376802774058276e+18,355.935324791481,27.635478049632,20.00291,20.09176,19.80658,19.83476,19.83986,8103,301,5,72,8.668563544353299e+18,QSO,1.106852,7699,57574,946
1.2376802763324132e+18,356.84158727522,27.0482050272609,21.53627,21.75228,21.3356,21.70273,22.17405,8103,301,3,77,8.666220759952415e+18,QSO,2.02659,7697,57574,615
1.2376802774060897e+18,356.708940024736,27.8646907354047,20.64232,20.36522,20.28698,19.86622,19.86346,8103,301,5,76,8.666202343132649e+18,QSO,1.733581,7697,57574,548
1.2376802774061553e+18,356.890603853112,27.7146271657986,20.6382,20.64418,20.67203,20.57499,20.35206,8103,301,5,77,8.666214987516368e+18,QSO,2.029974,7697,57574,594
1.2376802774057615e+18,355.767237188666,27.6811551268193,18.28654,16.55971,15.73668,15.31154,14.97804,8103,301,5,71,8.668564094109112e+18,GALAXY,0.03155049,7699,57574,948
1.237680275795346e+18,356.404747948128,26.5706335272848,23.16381,23.37175,22.10316,20.51963,19.57557,8103,301,2,74,8.666188874115209e+18,GALAXY,0.7572199,7697,57574,499
1.237680305867916e+18,353.848733843596,26.5848320289537,22.12831,21.81006,21.3362,20.26298,19.5257,8110,301,2,193,8.66846266416145e+18,GALAXY,0.7916612,7699,57574,579
1.237680276869088e+18,356.322023394363,27.2960281332935,25.26571,23.02707,21.58488,20.52529,19.69896,8103,301,4,74,8.666189973626837e+18,GALAXY,0.0,7697,57574,503
1.2376802768701363e+18,359.101394208839,27.5713870879227,21.87385,21.55319,20.84993,20.37598,19.92375,8103,301,4,90,8.666316692341937e+18,GALAXY,0.4151094,7697,57574,964
1.237680276870202e+18,359.113681620657,27.5308151842923,21.07054,21.10459,20.78647,20.66527,20.7541,8103,301,4,91,8.666322739655891e+18,QSO,1.42975,7697,57574,986
1.2376803058688993e+18,356.471024756152,26.6789458947586,22.96426,23.48324,22.37061,21.30292,19.94358,8110,301,2,208,8.666181177533815e+18,GALAXY,0.7563741,7697,57574,471
1.2376802774052383e+18,354.469926506461,27.6066534803678,24.85639,24.45811,22.64459,21.14953,19.95578,8103,301,5,63,8.668486853417261e+18,STAR,6.564416e-07,7699,57574,667
1.2376802774069417e+18,358.827941966814,27.9592868307464,22.86485,21.99956,21.627,20.55312,19.78736,8103,301,5,89,8.666313118929147e+18,GALAXY,0.7039409,7697,57574,951
1.237680276331627e+18,354.830649175146,26.8111712636046,22.09755,20.61505,20.0907,19.77597,19.52535,8103,301,3,65,8.668517089987024e+18,QSO,2.31196,7699,57574,777
1.2376802774057623e+18,355.755830237899,27.7410262901723,26.73937,25.07451,22.58415,21.03845,19.64571,8103,301,5,71,8.668562719719578e+18,STAR,6.802974e-05,7699,57574,943
1.2376802774057615e+18,355.724701510088,27.7803723245143,20.10815,20.06149,19.88386,19.70444,19.39228,8103,301,5,71,8.668540454609115e+18,QSO,2.111433,7699,57574,862
1.2376805297364667e+18,334.074710952896,26.2452477590137,22.67654,21.31603,21.26331,21.12468,21.4897,8162,301,3,92,8.61207118667398e+18,STAR,-0.001529864,7649,57574,228
1.2376802763323471e+18,356.679042291452,26.9763637954171,17.51958,16.53628,16.17952,16.0633,16.03431,8103,301,3,76,8.666210314591951e+18,STAR,-0.001077118,7697,57574,577
1.2376802768687603e+18,355.445875230246,27.3095352728341,24.42754,23.0112,21.45092,20.38532,19.63264,8103,301,4,69,8.668554473382369e+18,GALAXY,0.5143228,7699,57574,913
1.237680277405172e+18,354.249684536273,27.7160266663697,20.59175,20.6476,20.23205,20.24043,20.17049,8103,301,5,62,8.668475033667262e+18,QSO,1.176756,7699,57574,624
1.2376805291996618e+18,334.337421952006,25.9498852976709,19.74494,18.63134,18.25551,18.12192,18.03696,8162,301,2,93,8.612056343267006e+18,STAR,-0.0001038012,7649,57574,174
1.2376802763322163e+18,356.397302034888,26.8174903588705,20.62668,20.46927,20.01379,20.22074,20.09651,8103,301,3,74,8.666157263155911e+18,QSO,1.230892,7697,57574,384
1.2376802768696776e+18,357.770562445427,27.4257432138904,22.39234,21.98066,21.39694,20.64902,20.52807,8103,301,4,83,8.666262266516363e+18,QSO,0.624406,7697,57574,766
1.237680306405442e+18,355.542567591358,27.1224662591161,21.32672,21.13668,20.86407,21.02573,21.19157,8110,301,3,203,8.668545952167254e+18,QSO,1.002133,7699,57574,882
1.2376802774068106e+18,358.468256082207,27.864044440374,26.01511,22.80306,21.55255,19.99842,19.05553,8103,301,5,87,8.666304322836125e+18,STAR,-5.566243e-05,7697,57574,919
1.23768027633202e+18,355.883961906539,26.9733176077349,21.3838,20.69814,20.41844,20.29187,20.26995,8103,301,3,71,8.668570141423065e+18,STAR,-0.0009122295,7699,57574,970
1.2376802757963942e+18,359.090491698895,26.5709276072528,19.2039,18.95825,18.9112,18.98095,18.90116,8103,301,2,90,8.666058307109411e+18,QSO,0.781274,7697,57574,24
1.237680276333e+18,358.325739324816,27.0271603523286,23.07995,23.52967,21.99807,20.4243,19.75556,8103,301,3,86,8.666093766359407e+18,GALAXY,0.7071792,7697,57574,153
1.2376802752578196e+18,354.776665417133,25.9882545440215,21.43554,21.72077,21.22323,21.06958,21.15123,8103,301,1,64,8.668374703231227e+18,QSO,1.390773,7699,57574,259
1.237680277406024e+18,356.402458170483,27.7988227315607,21.06781,21.16635,21.193,20.7022,20.67443,8103,301,5,75,8.666203442644277e+18,QSO,1.856574,7697,57574,552
1.2376802768683668e+18,354.534892251705,27.2212780801387,22.08115,19.81458,18.81939,18.38448,18.07928,8103,301,4,63,8.668501421946329e+18,GALAXY,0.1214129,7699,57574,720
1.2376802768686285e+18,355.092390475924,27.1846450867354,17.96185,15.95377,15.01474,14.56701,14.19346,8103,301,4,67,8.668524511690512e+18,GALAXY,0.03343834,7699,57574,804
1.2376802768696123e+18,357.742866592342,27.3224589407812,22.07256,21.47352,21.55515,22.07471,20.90134,8103,301,4,82,8.666263915783805e+18,STAR,0.0001182599,7697,57574,772
1.2376803064053765e+18,355.387947129987,27.0566463452405,21.64679,20.83205,20.52685,20.34592,20.58424,8110,301,3,202,8.668536881196325e+18,STAR,-0.0004639188,7699,57574,849
1.2376802774050414e+18,354.012431124209,27.6360336666994,26.35213,23.3135,21.50561,20.11952,19.45404,8103,301,5,60,8.668464313428892e+18,STAR,-0.0001103008,7699,57574,585
1.237680276868367e+18,354.519836768087,27.1945464048966,23.06872,20.1393,19.0432,18.58258,18.1876,8103,301,4,63,8.668489602196329e+18,GALAXY,0.1281057,7699,57574,677
1.237680277405566e+18,355.275674433788,27.7110921351292,24.99486,26.02712,22.30278,20.69989,19.90663,8103,301,5,68,8.66854182899865e+18,GALAXY,0.5868062,7699,57574,867
1.2376803316300513e+18,334.222859893651,25.6718609624729,24.5629,23.14172,22.07362,20.66146,19.80601,8116,301,2,76,8.612053869365843e+18,GALAXY,0.8039485,7649,57574,165
1.2376802774050417e+18,353.973079915332,27.6487117604742,24.24971,23.758,22.16966,20.62862,19.67275,8103,301,5,60,8.668464863184706e+18,GALAXY,0.6004224,7699,57574,587
1.237680275259e+18,357.834750518917,26.2026961562926,25.8819,21.66208,20.40228,19.8986,19.83236,8103,301,1,82,8.666107785132661e+18,GALAXY,0.2194714,7697,57574,204
1.237680276869809e+18,358.118884987805,27.5245441898419,23.87881,22.93215,22.07607,20.98906,19.58057,8103,301,4,85,8.666272986754734e+18,GALAXY,0.48928,7697,57574,805
1.237680275258279e+18,355.961594084316,25.9945411718065,22.27282,22.43795,21.30497,20.05607,19.18245,8103,301,1,71,8.668319727649838e+18,GALAXY,0.6034537,7699,57574,59
1.2376803064063596e+18,357.827759442682,27.185271650925,21.95789,21.52029,21.22687,21.00526,20.12937,8110,301,3,217,8.666265565051247e+18,GALAXY,1.302793,7697,57574,778
1.2376802763316923e+18,354.984060619856,26.8681518654276,20.88922,19.73534,19.22107,19.04968,18.99388,8103,301,3,66,8.668527535347488e+18,STAR,-0.0003150365,7699,57574,815
1.237680305869554e+18,357.9990093479,26.7690263549957,24.95273,23.27222,21.89868,20.50639,19.75081,8110,301,2,218,8.666102562452429e+18,GALAXY,0.6951886,7697,57574,185
1.2376802763324132e+18,356.840041677456,26.9634163896557,24.88913,22.44407,20.79572,19.28161,18.67409,8103,301,3,77,8.666222134341948e+18,STAR,2.131091e-05,7697,57574,620
1.237680306405573e+18,355.859713809167,26.9996873112309,21.09851,21.02104,20.73025,20.76945,21.22019,8110,301,3,205,8.6685715158126e+18,QSO,1.363644,7699,57574,975
1.2376802768691535e+18,356.572912353927,27.4496770167425,22.85061,21.30376,20.77436,20.70901,20.28636,8103,301,4,75,8.666196845574511e+18,GALAXY,0.7892773,7697,57574,528
1.23768027686876e+18,355.480943760819,27.3486260347577,21.56591,20.57517,20.23878,20.0119,19.80177,8103,301,4,69,8.66855337387074e+18,QSO,2.780665,7699,57574,909
1.2376802768684977e+18,354.779261729707,27.2059323379714,18.47099,16.60324,15.71702,15.28181,14.94714,8103,301,4,65,8.668512966818421e+18,GALAXY,0.03240273,7699,57574,762
1.2376802774053033e+18,354.687691264822,27.6308181155019,21.55273,20.82451,20.55714,20.29532,19.95542,8103,301,5,64,8.668498123411447e+18,QSO,2.708268,7699,57574,708
1.2376803058685716e+18,355.507628689552,26.6740344855882,23.87941,23.66285,21.70224,20.54904,19.79224,8110,301,2,203,8.668336220324256e+18,GALAXY,0.482348,7699,57574,119
1.237680276332676e+18,357.624335654149,26.9396434271846,22.0553,23.95702,22.10164,20.48243,19.69736,8103,301,3,81,8.666127851219868e+18,GALAXY,0.7906913,7697,57574,277
1.2376802774066796e+18,358.112639585961,27.7680086556383,21.94968,21.83925,21.77607,21.55512,20.82798,8103,301,5,85,8.666281782847756e+18,QSO,1.658798,7697,57574,837
1.2376803064059008e+18,356.604942005504,27.1522073043902,22.97842,22.30188,22.02719,21.99018,21.87706,8110,301,3,210,8.666208665324509e+18,QSO,2.424147,7697,57574,571
1.2376805297369267e+18,335.1647333394,26.5276742299359,22.62192,22.22387,21.84166,21.56587,20.83149,8162,301,3,99,8.612033803278637e+18,GALAXY,0.2377302,7649,57574,92
1.237680275259065e+18,357.847156719168,26.133178613234,23.17756,25.06311,22.25102,20.59436,19.79357,8103,301,1,83,8.666107510254754e+18,GALAXY,0.7290747,7697,57574,203
1.2376802763316923e+18,354.961572648743,26.8314960341018,20.84283,19.53585,19.05317,18.88105,18.86775,8103,301,3,66,8.668528085103303e+18,STAR,-7.860324e-05,7699,57574,817
1.2376803064051144e+18,354.63195657242,27.0097303761064,20.06193,19.82293,19.77713,19.5086,19.64757,8110,301,3,198,8.668503071213771e+18,QSO,1.648559,7699,57574,726
1.2376803064047212e+18,353.639488849619,26.8589475896798,21.15589,21.13152,20.93498,20.63683,20.48785,8110,301,3,192,8.66844919514401e+18,QSO,1.740295,7699,57574,530
1.2376802774064177e+18,357.552689317036,27.9208230150658,22.49719,21.35515,21.07833,20.84715,20.67595,8103,301,5,81,8.666247423109388e+18,STAR,-0.0007928186,7697,57574,712
1.2376802774069417e+18,358.860484665299,27.9895097205993,22.86599,23.16181,21.95885,20.52475,19.82579,8103,301,5,89,8.66631201941752e+18,GALAXY,0.7155206,7697,57574,947
1.2376802763330688e+18,358.555619220601,26.9771201266932,22.6339,22.01236,21.84693,21.64035,20.95283,8103,301,3,87,8.666084145632664e+18,QSO,1.578881,7697,57574,118
1.237680529736664e+18,334.462119363253,26.3630237990781,22.76532,22.59155,22.24181,22.05685,22.34539,8162,301,3,95,8.612047822051891e+18,STAR,-0.0009472314,7649,57574,143
1.237680275794822e+18,355.07116626746,26.4355161478092,23.205,24.01811,22.52436,21.17959,20.01674,8103,301,2,66,8.668357660801e+18,GALAXY,0.7368359,7699,57574,197
1.237680276331627e+18,354.860235536873,26.9045318227977,22.82566,22.00139,20.54136,18.89119,18.06483,8103,301,3,65,8.668515715597489e+18,STAR,-9.486406e-05,7699,57574,772
1.2376803058688983e+18,356.359560250619,26.7260250501043,21.76497,21.56103,21.38328,21.43458,21.35948,8110,301,2,208,8.666188599237302e+18,QSO,1.396524,7697,57574,498
1.2376802752586716e+18,356.923597720964,26.1775640389211,23.07835,23.03703,21.77405,20.11437,19.24264,8103,301,1,77,8.666161936080328e+18,STAR,6.769899e-05,7697,57574,401
1.2376802774064827e+18,357.633280571499,27.7847626094119,21.58441,21.13143,21.21145,20.77789,20.81128,8103,301,5,82,8.666247972865201e+18,QSO,2.179765,7697,57574,714
1.237680305332028e+18,356.415609183231,26.1894735180972,22.81313,21.9916,21.26425,20.93814,21.52495,8110,301,1,208,8.666177054365212e+18,QSO,1.614722,7697,57574,456
1.237680331631036e+18,336.738488080655,26.0987091857779,25.12959,22.09925,21.36894,21.14681,21.14796,8116,301,2,91,8.613179494411557e+18,QSO,3.415092,7650,57575,164
1.237680331634639e+18,345.75953027532,27.9531084581373,20.09847,19.94695,19.91855,19.56522,19.48741,8116,301,2,146,8.67642725153193e+18,QSO,1.791042,7706,57575,882
1.23768052973745e+18,336.504608793604,26.8564077674385,21.43275,20.20944,19.77784,19.67341,19.58638,8162,301,3,107,8.613195987085972e+18,STAR,-0.001097067,7650,57575,224
1.2376803316346406e+18,345.79605553757,27.9242850012279,26.6263,23.6652,21.91528,20.58115,19.59719,8116,301,2,146,8.676428625921464e+18,STAR,-0.0001124327,7706,57575,887
1.2376805297404644e+18,343.998234530488,28.3244017497979,20.54506,20.18492,20.1078,19.94038,19.94185,8162,301,3,153,8.676335442311009e+18,QSO,1.768361,7706,57575,548
1.2376805297410545e+18,345.594548937904,28.4986985087402,21.00822,20.04498,19.60769,19.43046,19.47849,8162,301,3,162,8.676401962764491e+18,STAR,-0.00115343,7706,57575,790
1.23768033163464e+18,345.777677857383,27.9104265451669,25.0942,22.78002,21.67303,20.37324,19.47633,8116,301,2,146,8.676429175677278e+18,STAR,-7.703225e-05,7706,57575,889
1.2376728165106327e+18,344.811531141459,26.855360450233,22.1474,21.0438,20.56483,20.30026,20.08586,6366,301,4,70,8.676278267706366e+18,STAR,-0.0007388081,7706,57575,340
1.237680529741316e+18,346.167944337669,28.5337032236233,23.45543,21.97092,22.68871,21.64471,19.33876,8162,301,3,166,8.676443469328438e+18,STAR,-0.0002885969,7706,57575,941
1.237680331634246e+18,344.655297192887,27.7537994888802,20.24314,19.76427,18.72863,18.24329,17.69205,8116,301,2,140,8.67635166010752e+18,QSO,0.288369,7706,57575,607
1.2376727649764652e+18,345.6233698478,26.181875930114,25.66658,23.49398,21.89841,20.5991,19.77697,6354,301,4,153,8.676229614316837e+18,STAR,-8.804096e-05,7706,57575,163
1.2376727649765962e+18,345.692740806231,26.0134202029707,26.64861,23.83524,22.12891,20.48486,19.78292,6354,301,4,155,8.676230164072651e+18,GALAXY,0.758513,7706,57575,165
1.2376803316346406e+18,345.806353281076,27.8948921164791,23.56791,23.79835,22.56952,20.86849,19.90233,8116,301,2,146,8.676430275188906e+18,STAR,-1.061856e-05,7706,57575,893
1.2376805292037903e+18,344.571293486333,27.8509158788967,20.95828,20.87676,20.80715,20.74579,20.66345,8162,301,2,156,8.676353034497055e+18,QSO,1.267345,7706,57575,612
1.2376805297372544e+18,336.033228308595,26.7114838051358,24.44921,23.20137,21.81342,20.36104,19.61931,8162,301,3,104,8.613227048289457e+18,STAR,3.591077e-05,7650,57575,337
1.2376805297413169e+18,346.15741701699,28.5615036825755,21.97833,21.57468,21.23539,20.79344,20.39046,8162,301,3,166,8.67644429396216e+18,QSO,0.5648972,7706,57575,944
1.23768052920366e+18,344.353950483239,27.7710090354509,26.38857,23.91109,21.34764,20.32285,19.30202,8162,301,2,154,8.676341214747056e+18,GALAXY,0.7550884,7706,57575,569
1.2376803316312983e+18,337.290154429941,26.4202740478628,25.80976,23.24868,21.22188,20.15395,19.46201,8116,301,2,95,8.613136338580167e+18,GALAXY,0.6225613,7650,57575,7
1.237672816510632e+18,344.786142041233,26.7810414692293,21.65925,20.57048,20.21075,20.14624,20.17406,6366,301,4,70,8.676277168194737e+18,STAR,-0.000557145,7706,57575,336
1.237680529203856e+18,344.886588725049,27.8695663896269,20.3025,19.61997,19.24986,19.14243,18.83021,8162,301,2,157,8.676373100584263e+18,QSO,2.234188,7706,57575,685
1.2376727649758743e+18,344.906228598518,27.4368582280991,19.18955,18.80702,18.7607,18.57355,18.66553,6354,301,4,144,8.676377223752866e+18,QSO,0.5607332,7706,57575,700
1.2376727649761377e+18,345.127087895093,26.8910404211133,22.91142,24.63864,21.50048,20.3363,19.52668,6354,301,4,148,8.676266997712181e+18,GALAXY,0.6751078,7706,57575,299
1.2376805297411855e+18,345.948429505761,28.420423916993,21.10481,19.34848,18.3803,17.76733,17.37515,8162,301,3,164,8.676423952997046e+18,GALAXY,0.1168414,7706,57575,870
1.237672816510567e+18,344.769888418609,26.928548636923,22.33744,20.02736,19.2826,19.04074,18.90521,6366,301,4,69,8.676279367217994e+18,STAR,-9.960094e-05,7706,57575,344
1.2376805292039217e+18,344.924995492695,27.8343168348299,25.31132,22.66843,21.52155,20.48309,19.57148,8162,301,2,158,8.676374200095889e+18,QSO,1.507538,7706,57575,689
1.2376805297372529e+18,335.904296597362,26.6579334741433,24.63464,21.54704,19.33002,18.10315,18.0864,8162,301,3,104,8.613237218772014e+18,STAR,6.628512e-05,7650,57575,374
1.2376805297375818e+18,336.762802366759,26.9323137348654,24.02236,22.18071,20.50025,19.7242,19.26468,8162,301,3,109,8.613173996853418e+18,GALAXY,0.4622436,7650,57575,144
1.2376551298357005e+18,240.780325874262,50.4417726215166,21.92697,21.50306,21.25925,20.79951,20.34303,2248,301,4,76,9.0782498232334e+18,GALAXY,0.6304604,8063,57576,432
1.2376551298358316e+18,241.097899908421,50.2135548953403,21.95179,20.90683,20.38692,20.21049,20.09687,2248,301,4,78,9.07823882811712e+18,STAR,-0.0001299937,8063,57576,392
1.2376551298364216e+18,242.359598370743,49.195456803153,20.6634,20.44391,20.47587,20.06252,19.77164,2248,301,4,87,9.078187975704336e+18,QSO,2.125568,8063,57576,207
1.237655129835766e+18,240.957704621802,50.3751127512081,19.78412,19.80468,19.86885,19.5515,19.41771,2248,301,4,77,9.078239377872936e+18,QSO,1.899673,8063,57576,394
1.2376551298361592e+18,241.944423723365,49.7315423677243,20.57794,20.47277,20.54075,20.2361,20.23685,2248,301,4,83,9.078199520576428e+18,QSO,1.836564,8063,57576,249
1.237654948378379e+18,242.519742822425,51.0340468820059,26.49347,23.45769,21.54473,20.44723,19.50612,2206,301,2,153,9.07836224829734e+18,GALAXY,0.7824856,8063,57576,841
1.2376551298359631e+18,241.584901769607,50.0470057025401,24.70221,22.31857,21.17373,19.80952,18.95918,2248,301,4,80,9.078214363983404e+18,STAR,-0.0001322418,8063,57576,303
1.237655130909443e+18,241.799320862613,50.9529030623742,25.08178,24.22489,22.45705,20.90793,19.9049,2248,301,6,76,9.078330362460132e+18,GALAXY,0.9077991,8063,57576,725
1.237654948915119e+18,242.879262479117,51.6171169262222,24.77937,23.04383,22.02578,20.54751,19.75088,2206,301,3,151,9.078368295611292e+18,GALAXY,0.8499143,8063,57576,863
1.2376549483781166e+18,242.031204118004,51.6465575463966,25.50813,23.89899,21.9775,20.5994,19.92981,2206,301,2,149,9.078347404890364e+18,GALAXY,0.673999,8063,57576,787
1.237678540626723e+18,353.617478835635,24.1391746186427,24.5189,22.90841,21.57596,20.9158,18.83513,7699,301,2,46,8.633491322534386e+18,GALAXY,0.1420504,7668,57579,330
1.23767854062633e+18,352.554006458559,23.8780559463218,22.38499,21.25559,20.89447,20.73712,20.55953,7699,301,2,40,8.633533378854147e+18,STAR,-0.0009638511,7668,57579,483
1.2376803278758884e+18,340.435956405894,29.7336483577459,25.70534,23.1462,21.77212,20.48959,19.81136,8115,301,3,136,8.615593197379541e+18,GALAXY,0.6291468,7652,57579,753
1.237680275257295e+18,353.362379244513,25.9275957253901,22.13461,20.99404,20.55341,20.43375,20.37587,8103,301,1,56,8.633572136639027e+18,STAR,-0.0009563771,7668,57579,624
1.2376785792890967e+18,353.19924861901,23.7250519009505,22.50363,21.74401,21.43042,21.29726,22.13075,7708,301,2,163,8.633497369848339e+18,QSO,1.423598,7668,57579,352
1.2376785422371402e+18,352.960038174964,25.2487134535259,25.86018,23.92316,21.24455,20.16709,19.35258,7699,301,5,43,8.633549321772751e+18,GALAXY,0.6167394,7668,57579,541
1.2376727633636887e+18,341.549773878456,29.8230554795907,24.63465,22.19231,24.80203,20.45608,22.8269,6354,301,1,120,8.615636353210931e+18,STAR,-0.0001747693,7652,57579,910
1.2376785792894244e+18,353.926250069098,23.7704610049964,21.5538,21.16045,20.87548,20.64377,20.44707,7708,301,2,168,8.633463834743691e+18,QSO,1.418237,7668,57579,230
1.2376785406268544e+18,353.913259239418,24.0660610744369,22.34879,21.36867,21.02244,20.85399,21.02813,7699,301,2,48,8.633480052540202e+18,QSO,5.904237,7668,57579,289
1.237678579289293e+18,353.670581080441,23.8711109959526,19.69483,19.66732,19.1792,19.02147,18.99233,7708,301,2,166,8.633470981569272e+18,QSO,1.441873,7668,57579,256
1.237680531350292e+18,341.858324066641,29.0551981292051,26.42395,24.55599,21.28835,20.07841,19.08599,8162,301,6,141,8.615660267588835e+18,GALAXY,0.7723188,7652,57579,997
1.2376785406271168e+18,354.572545995251,24.1940183726931,23.89869,22.53978,21.96508,20.58312,19.56509,7699,301,2,52,8.633429475005323e+18,STAR,3.232347e-05,7668,57579,105
1.237678540627313e+18,355.00702781871,24.1944704971286,20.26862,20.27789,20.00183,19.92641,20.01295,7699,301,2,55,8.633408034528583e+18,QSO,1.199175,7668,57579,27
1.2376805297397435e+18,342.239755963414,27.9271174093144,20.36626,20.23009,20.17874,19.88868,19.81561,8162,301,3,142,8.615386764071426e+18,QSO,1.721549,7652,57579,2
1.2376805297396782e+18,342.098485692238,27.9697957728713,20.03004,19.57434,19.33218,19.11573,18.99926,8162,301,3,141,8.61539446065282e+18,QSO,1.709785,7652,57579,30
1.2376805297395471e+18,341.652562960985,27.8095019370462,21.79197,20.56861,20.04766,19.78565,19.58263,8162,301,3,139,8.615411777960958e+18,STAR,-0.000713222,7652,57579,93
1.2376785792888996e+18,352.67328148917,23.6955042687837,24.63467,20.09744,20.12062,20.13002,20.43873,7708,301,2,160,8.633519085202987e+18,QSO,1.837115,7668,57579,431
1.2376803321694144e+18,340.413572537404,27.4290778112318,25.91296,24.18935,22.52424,21.4178,19.86441,8116,301,3,114,8.615488743774902e+18,GALAXY,0.9054262,7652,57579,373
1.2376727633638863e+18,341.839354165118,29.5351911511462,23.78664,23.44742,21.95295,20.73559,19.89076,6354,301,1,123,8.61564542418186e+18,GALAXY,0.7292897,7652,57579,943
1.2376785406264607e+18,353.018479289167,23.9222846520654,25.77416,24.34837,23.13479,21.71015,19.62082,7699,301,2,42,8.633527881296009e+18,STAR,-0.000265615,7668,57579,463
1.2376785792891625e+18,353.277537899922,23.7824137650601,24.63989,21.51705,21.41238,21.5197,22.67746,7708,301,2,164,8.633498194482059e+18,QSO,2.571476,7668,57579,355
1.2376802752576883e+18,354.433264791386,25.9747342534128,21.23893,20.86391,20.54784,20.42465,19.98991,8103,301,1,62,8.633637282702973e+18,QSO,1.012232,7668,57579,861
1.2376785792890967e+18,353.112836508936,23.6865055499055,22.56126,21.95685,21.83077,21.6121,21.45345,7708,301,2,163,8.633506990575081e+18,GALAXY,0.2174453,7668,57579,387
1.237678579289883e+18,355.159105310305,23.8825610637195,18.11587,17.14403,16.84386,16.71833,16.69591,7708,301,2,175,8.633415731109976e+18,STAR,-0.000812042,7668,57579,55
1.2376785798263603e+18,354.133344634486,24.2646609435656,20.55281,18.68836,17.67785,17.1871,16.77832,7708,301,3,169,8.633459161819273e+18,GALAXY,0.1061438,7668,57579,213
1.2376785792894244e+18,353.974967870774,23.913103282256,20.92284,20.61283,20.45804,20.08205,19.83699,7708,301,2,168,8.63346575888904e+18,QSO,0.7997751,7668,57579,237
1.237678579289818e+18,354.904666408459,23.8547602508527,22.37585,22.38367,21.93074,21.82421,21.79008,7708,301,2,174,8.633427275982068e+18,QSO,1.068591,7668,57579,97
1.2376785406267886e+18,353.703379708492,24.1175230940598,22.29297,22.00683,21.05063,20.30643,20.14648,7699,301,2,47,8.633489673266944e+18,QSO,1.433798,7668,57579,324
1.2376785792895557e+18,354.286822892514,23.9274455457207,20.65151,20.49443,20.37936,20.09624,20.01325,7708,301,2,170,8.633438545976252e+18,QSO,1.597926,7668,57579,138
1.2376802752586716e+18,356.912378583376,26.1888726013496,27.55347,24.53051,21.76509,20.27801,19.58063,8103,301,1,77,8.632501487208258e+18,STAR,-8.084533e-05,7667,57580,825
1.237680275258737e+18,357.114666157108,26.1235441948791,21.29585,21.39291,21.47859,21.28193,21.10723,8103,301,1,78,8.63251385671407e+18,QSO,1.779977,7667,57580,870
1.237680275258279e+18,355.91826467837,26.1486524860137,26.42637,24.26013,22.44172,20.7466,19.22776,8103,301,1,71,8.63245805649896e+18,STAR,-9.916831e-05,7667,57580,667
1.237678579290276e+18,356.076056205291,23.9102815967479,21.56335,19.92065,19.30013,19.02324,18.97068,7708,301,2,181,8.632364872888505e+18,STAR,-0.0002618235,7667,57580,328
1.237680275795346e+18,356.316926237761,26.4941784472636,22.82936,24.04557,22.41021,21.02923,19.80894,8103,301,2,74,8.632478397464073e+18,GALAXY,0.671267,7667,57580,741
1.237680275258802e+18,357.209496212568,26.2221038908908,20.55432,20.06602,19.91875,19.83882,19.83541,8103,301,1,79,8.63252375231872e+18,GALAXY,0.002715417,7667,57580,906
1.2376802752586058e+18,356.711660034289,26.1540394013435,22.06666,21.95187,21.51361,21.18587,21.51611,8103,301,1,76,8.632502861597792e+18,GALAXY,0.09943395,7667,57580,830
1.2376802752588027e+18,357.320307371309,26.0800406810492,23.24426,22.26608,20.75471,18.77681,17.68333,8103,301,1,79,8.63253722133616e+18,STAR,-8.709298e-05,7667,57580,955
1.2376785411645125e+18,355.927314676877,24.6370908139935,25.49762,24.19562,21.66837,20.62935,19.77243,7699,301,3,60,8.632357451185019e+18,GALAXY,0.7845584,7667,57580,301
1.2376785406279685e+18,356.707671327656,24.2183775291547,22.21989,20.93879,20.21167,19.93913,19.78707,7699,301,2,65,8.632333261929208e+18,STAR,-0.0002577284,7667,57580,213
1.2376785792900142e+18,355.387957791326,24.057801094976,23.01653,21.17167,20.65935,20.35775,20.20656,7708,301,2,177,8.632398957748968e+18,STAR,-4.167036e-05,7667,57580,452
1.2376802752588027e+18,357.21902100912,26.0817363096979,22.24817,22.01458,21.76606,21.54773,24.39331,8103,301,1,79,8.632524302074534e+18,QSO,1.626932,7667,57580,908
1.2376785411652334e+18,357.676325349214,24.705678300284,23.8434,23.56358,21.74433,20.46291,19.58412,7699,301,3,71,8.632280485371076e+18,GALAXY,0.7525468,7667,57580,21
1.2376785406274437e+18,355.36210297963,24.2085331116963,20.87292,22.04621,18.79033,18.54908,19.47407,7699,301,2,57,8.632400057260595e+18,STAR,0.000131109,7667,57580,456
1.237678540628231e+18,357.3528617917,24.2202718971661,21.56352,21.11827,20.98545,20.57521,20.76342,7699,301,2,69,8.63229890219084e+18,QSO,1.853442,7667,57580,88
1.2376785406280343e+18,356.811666929534,24.3250012354966,24.66017,23.95291,23.48944,20.97879,19.35382,7699,301,2,66,8.632321717057117e+18,STAR,7.329659e-05,7667,57580,171
1.2376785792909317e+18,357.739234937833,24.0992564901787,21.98806,20.57777,19.4289,19.02957,18.65902,7708,301,2,191,8.632285982929212e+18,GALAXY,0.1440398,7667,57580,41
1.2376785792909317e+18,357.757863030999,24.18037387601,21.47192,19.6534,18.50525,18.04263,17.66511,7708,301,2,191,8.632288456830376e+18,GALAXY,0.1458608,7667,57580,50
1.2376785406281649e+18,357.145059367313,24.2101298995297,21.67617,21.80168,21.80711,21.14272,21.15563,7699,301,2,68,8.632308522917583e+18,QSO,1.908869,7667,57580,123
1.237678540627772e+18,356.18677786744,24.1972081207136,23.11228,22.15475,21.74254,21.41201,21.02021,7699,301,2,62,8.632353602894322e+18,STAR,-0.0002941098,7667,57580,287
1.2376785792901453e+18,355.729806013428,24.0513174428415,22.51371,20.76801,20.27643,19.98166,20.08259,7708,301,2,179,8.63238796263269e+18,QSO,3.328793,7667,57580,412
1.2376785411649055e+18,356.928789757454,24.6884465712968,24.37441,23.22229,21.38426,20.34891,19.64667,7699,301,3,66,8.632324465836186e+18,GALAXY,0.5048885,7667,57580,181
1.2376802752585403e+18,356.665169211427,26.1647225846429,22.04133,20.31709,19.61378,20.16914,19.33222,8103,301,1,75,8.632490217214074e+18,STAR,-0.001242139,7667,57580,784
1.237678541165102e+18,357.391494259738,24.7970165315032,24.64158,23.78776,22.25321,21.12854,20.01358,7699,301,3,69,8.63230247560363e+18,GALAXY,0.9793569,7667,57580,101
1.2376785406280335e+18,356.882906897412,24.1947631430169,22.12383,21.76246,22.04016,21.11491,21.8868,7699,301,2,66,8.632310447062931e+18,GALAXY,0.1048355,7667,57580,130
1.237678579290604e+18,356.897122326311,24.1444904884444,21.43001,20.89846,20.89752,20.98971,20.90603,7708,301,2,186,8.632309347551304e+18,QSO,2.165863,7667,57580,126
1.237680275258344e+18,356.127696823667,26.0414155699465,23.9143,22.06628,20.47074,19.37965,18.76313,8103,301,1,72,8.632467677225704e+18,STAR,-9.898497e-05,7667,57580,702
1.2376785792902103e+18,355.899803759542,23.9098550452194,19.73335,19.51008,19.16708,18.97435,19.05583,7708,301,2,180,8.632374493615249e+18,QSO,1.471785,7667,57580,363
1.2376786614389307e+18,34.2482911765274,4.06506268428677,17.51995,16.63918,16.3834,16.27344,16.24027,7727,301,3,294,9.8336418004135e+18,STAR,-0.0009911811,8734,57642,116
1.2376786222415227e+18,32.4900940433478,3.88252601188961,22.52856,22.68989,22.23489,21.02779,19.93323,7718,301,2,205,9.833739382070469e+18,QSO,1.143652,8734,57642,471
1.237678661438866e+18,34.0173721169144,3.98671129244309,23.54846,23.39018,21.59309,20.51018,19.69512,7727,301,3,293,9.833651421140244e+18,GALAXY,0.8155632,8734,57642,151
1.237678622242178e+18,33.9125640557635,3.91332044765345,27.08525,23.9773,21.43904,20.18354,19.05989,7718,301,2,215,9.833661316744894e+18,GALAXY,0.8596882,8734,57642,187
1.2376786614351956e+18,25.5964133800967,4.43611290094627,20.63029,20.51652,20.34336,20.30535,20.11044,7727,301,3,237,9.83940489066082e+18,QSO,0.9811037,8739,57645,602
1.2376786614356544e+18,26.6839826510234,4.36301997361662,21.35321,20.81872,20.7635,20.2583,20.45921,7727,301,3,244,9.839475259405e+18,GALAXY,0.08340002,8739,57645,858
1.2376786614354575e+18,26.256961306065,4.38835992233059,19.97983,20.13459,20.06168,19.74374,19.60175,7727,301,3,241,9.839452169660815e+18,QSO,1.937367,8739,57645,774
1.237678661435654e+18,26.6448901151822,4.28256180339276,19.34878,19.27007,18.75263,18.76237,18.60978,7727,301,3,244,9.839473885015466e+18,QSO,1.336983,8739,57645,853
1.2376784396948608e+18,26.2798225006078,3.44925442180766,25.9176,23.968,21.52812,20.41412,19.67857,7675,301,6,44,9.839308408515486e+18,GALAXY,0.6558334,8739,57645,251
1.23767866143572e+18,26.8496151421326,4.23255571436234,22.16849,22.02088,21.6276,21.65408,20.96182,7727,301,3,245,9.839485979643367e+18,QSO,1.263375,8739,57645,897
1.2376786619722632e+18,26.0655389982099,4.85412132771137,24.75899,23.42686,21.73452,20.7203,19.91686,7727,301,4,240,9.839437051375931e+18,GALAXY,0.564202,8739,57645,719
1.2376786614359163e+18,27.3043010888724,4.36692491560605,19.12576,18.99682,18.93168,18.87896,18.64406,7727,301,3,248,9.839506870364295e+18,QSO,2.03255,8739,57645,973
1.2376786614353925e+18,26.1029209400481,4.33992038280091,20.26866,20.04655,19.94081,19.79854,19.64257,7727,301,3,240,9.839441174544536e+18,QSO,1.945476,8739,57645,734
1.237678661435196e+18,25.6716813573219,4.28589200280521,22.63575,21.56786,21.08878,20.75133,20.63481,7727,301,3,237,9.83940956358524e+18,STAR,-0.0002472381,8739,57645,619
1.237680505037849e+18,328.026637970332,29.9716006651451,20.78937,19.82457,19.6912,19.47719,19.02134,8156,301,5,53,8.60436690999e+18,QSO,0.7842193,7642,57651,872
1.237680504500062e+18,326.079937172421,28.8960984129716,23.53631,23.85931,22.05004,20.92945,20.06358,8156,301,4,39,8.604268778577223e+18,GALAXY,0.6280565,7642,57651,515
1.2376805050373248e+18,326.861187557263,29.5166612673411,25.39099,22.38602,21.92081,21.03403,18.8787,8156,301,5,45,8.604314133431867e+18,STAR,-9.476902e-05,7642,57651,680
1.2376805045003244e+18,326.600252810858,29.1247411831733,24.39659,23.39738,22.0564,20.99713,19.88271,8156,301,4,43,8.604295166856288e+18,STAR,-0.0006672597,7642,57651,611
1.2376805050377198e+18,327.798479490361,29.9672217586724,25.36108,23.13503,22.05365,20.92813,19.93523,8156,301,5,51,8.604354540484189e+18,GALAXY,0.6800964,7642,57651,827
1.2376805045003246e+18,326.57197274894,29.1080985787621,27.35319,24.06284,22.60901,21.00085,20.05957,8156,301,4,43,8.604295716612102e+18,GALAXY,0.8722883,7642,57651,613
1.237680501280932e+18,327.601519253455,30.0407638374707,27.22592,19.31584,23.92332,21.89359,17.53507,8155,301,6,71,8.60433145074e+18,STAR,-5.623086e-05,7642,57651,743
1.2376805045e+18,325.957718540062,28.7667440345914,25.99803,24.61238,22.33539,20.85979,20.01622,8156,301,4,38,8.604263830774896e+18,STAR,-0.0005234765,7642,57651,497
1.237680328944976e+18,328.449220516046,27.7471340577173,24.30114,23.85136,22.32323,21.21528,18.77478,8115,301,5,65,8.604139036205144e+18,STAR,8.298545e-05,7642,57651,43
1.237680504500062e+18,326.074924931781,28.8726161046638,23.62097,25.87584,21.81331,20.72472,19.80754,8156,301,4,39,8.604269878088849e+18,GALAXY,0.5305979,7642,57651,519
1.2376805050377175e+18,327.712455489542,29.9511815714376,24.69062,23.12481,20.90536,21.37651,19.98355,8156,301,5,51,8.604345469513259e+18,GALAXY,0.4460611,7642,57651,794
1.2376805045002583e+18,326.448531988253,29.0717643769772,22.87926,21.81245,21.76029,21.52938,22.43479,8156,301,4,42,8.604284171740009e+18,QSO,1.64771,7642,57651,571
1.2376805050375867e+18,327.528339706278,29.7688074137297,24.86149,22.50352,20.15807,21.33139,20.41264,8156,301,5,49,8.604333374885353e+18,STAR,-0.0002573159,7642,57651,750
1.2376805045001275e+18,326.154132745574,28.9377210190488,21.98783,21.69567,21.56971,21.46973,20.97115,8156,301,4,40,8.604275100769081e+18,QSO,1.45103,7642,57651,538
1.2376805050375867e+18,327.396122199374,29.7272289499103,22.30411,20.27451,20.95798,20.43024,19.31049,8156,301,5,49,8.604335848786515e+18,STAR,3.377667e-05,7642,57651,759
1.2376633058453097e+18,359.993671645581,26.7955727701286,21.83327,20.43963,19.94331,19.82409,19.70941,4152,301,1,114,8.663926630283236e+18,STAR,-0.0004351131,7695,57654,461
1.2376633063815255e+18,359.99903131901,28.2341503866565,24.63713,21.92935,21.62291,21.32191,22.94335,4152,301,2,104,8.663951644172769e+18,STAR,-0.0004302289,7695,57654,552
1.237680276334642e+18,2.51310524797623,27.2014762604275,26.42293,23.81675,23.66158,21.1142,19.88306,8103,301,3,111,8.663805684004182e+18,GALAXY,0.8552333,7695,57654,21
1.2376633069188552e+18,0.750615231314157,27.4029493400837,20.97326,20.96408,20.79109,20.62131,20.16628,4152,301,3,111,8.66399205122509e+18,QSO,2.052924,7695,57654,699
1.237663307455791e+18,1.15988929925709,27.2468257994438,22.35054,20.9803,21.54412,21.62173,22.67656,4152,301,4,112,8.663875228114639e+18,GALAXY,0.02513769,7695,57654,274
1.2376633069190515e+18,0.887452406943112,26.9365106612189,20.46951,20.35724,20.11524,20.20552,20.52355,4152,301,3,114,8.663884573963475e+18,QSO,1.140338,7695,57654,308
1.2376633058454408e+18,0.0535817683589812,26.4817155377339,20.93708,20.60474,20.38942,20.1187,20.28054,4152,301,1,116,8.663923331748354e+18,QSO,1.795538,7695,57654,449
1.237663307455857e+18,1.12984299698473,27.2014477362857,21.28513,20.80413,20.30283,20.25224,20.64141,4152,301,4,113,8.663874678358826e+18,QSO,1.113791,7695,57654,272
1.237680277408318e+18,2.32580058741109,27.9132133205568,25.80193,24.84461,21.7827,20.66083,19.9354,8103,301,5,110,8.664064069236708e+18,GALAXY,0.6378838,7695,57654,961
1.237663306381788e+18,0.127673129422249,27.662888777782,24.69504,23.16817,22.7885,21.0324,19.89704,4152,301,2,108,8.663957416608814e+18,GALAXY,0.9004472,7695,57654,573
1.2376633069184622e+18,0.510958920915073,28.3201932988458,22.78343,23.81179,21.70945,20.65803,19.88781,4152,301,3,105,8.663973909283232e+18,GALAXY,0.6649286,7695,57654,633
1.2376633058454415e+18,359.939806082204,26.4497281507822,22.50606,25.24246,22.33912,20.55424,19.72569,4152,301,1,116,8.663921682480912e+18,GALAXY,0.8906856,7695,57654,443
1.2376633063820495e+18,0.236402790039278,27.1589595693026,25.99229,22.58732,21.74024,20.64183,19.97974,4152,301,2,112,8.663917834190214e+18,GALAXY,0.4799043,7695,57654,429
1.2376633058451128e+18,359.771026953876,27.1414611860762,21.74701,21.43721,21.50678,21.34027,20.97267,4152,301,1,111,8.66393542637626e+18,QSO,1.729927,7695,57654,493
1.237663306919117e+18,0.800597067259957,26.7146662322405,21.50466,21.40392,20.7985,21.01842,20.96506,4152,301,3,115,8.663891171033242e+18,QSO,1.138416,7695,57654,332
1.2376802774083185e+18,2.46042127204157,28.0926737263817,23.57638,23.6704,21.72262,20.66791,19.69664,8103,301,5,110,8.664069566794848e+18,GALAXY,0.804548,7695,57654,981
1.237680276334642e+18,2.59947185466189,27.1603886727493,24.24336,23.63379,22.36367,20.57775,19.58905,8103,301,3,111,8.66380678351581e+18,GALAXY,0.7798668,7695,57654,25
1.23766330584531e+18,359.946794070702,26.6921716594779,24.10729,21.89577,21.39063,21.01711,22.50867,4152,301,1,114,8.663926355405331e+18,QSO,1.754035,7695,57654,460
1.237680276334576e+18,2.385167476579,27.1429876998977,20.34983,20.23335,19.95553,19.77036,19.76796,8103,301,3,110,8.663807333271624e+18,QSO,1.421076,7695,57654,27
1.2376633063818532e+18,0.111747619789469,27.5777055707306,24.08904,22.45014,21.98432,20.72641,19.90376,4152,301,2,109,8.663956317097187e+18,QSO,1.227646,7695,57654,569
1.2376802763347067e+18,2.73648668463017,27.1515941035421,21.49736,21.3588,21.25549,20.93889,20.24018,8103,301,3,112,8.663805134248368e+18,QSO,1.638086,7695,57654,19
1.2376633058449823e+18,359.778471299075,27.422798015256,22.76371,21.94692,21.59482,21.54574,21.63545,4152,301,1,109,8.663940923934398e+18,QSO,1.272744,7695,57654,513
1.2376632339156836e+18,0.209682804332488,28.2270425772248,24.56232,24.66799,21.64703,20.517,19.79655,4135,301,3,283,8.663963463922768e+18,GALAXY,0.6725187,7695,57654,595
1.2376633074558572e+18,1.14865858233077,27.1351815343831,22.33395,22.32459,22.00341,21.84922,22.07186,4152,301,4,113,8.663873578847197e+18,GALAXY,0.3284954,7695,57654,268
1.2376633063821156e+18,0.448101388980604,26.9803396721561,26.97862,22.07197,21.52746,20.47469,19.54811,4152,301,2,113,8.663905739562311e+18,GALAXY,0.7821329,7695,57654,385
1.237680276334576e+18,2.43607459985628,27.2423237927392,20.25697,19.90051,19.71444,19.34955,19.39408,8103,301,3,110,8.663807058393717e+18,QSO,1.559512,7695,57654,26
1.2376633058448512e+18,359.625879400404,27.6922364855501,20.66742,20.0558,20.04694,20.14175,19.80667,4152,301,1,107,8.663940099300679e+18,QSO,0.8290504,7695,57654,510
1.2376633063815255e+18,0.0109586937406903,28.3331709403777,21.78283,21.44996,21.04804,20.78589,20.36245,4152,301,2,104,8.663949994905328e+18,QSO,1.498306,7695,57654,546
1.237663306381984e+18,0.270491095732098,27.2775558324641,21.51434,21.48971,21.72756,21.61179,20.82831,4152,301,2,111,8.663909862730914e+18,QSO,2.03711,7695,57654,400
1.2376633058451128e+18,359.81469941685,27.2508881031162,25.11468,22.33306,20.61135,20.9199,20.49,4152,301,1,111,8.663931028329748e+18,GALAXY,0.253005,7695,57654,477
1.2376803273382963e+18,338.70982212631,28.9779714146111,22.66657,22.31101,22.07462,21.8832,21.60495,8115,301,2,125,8.614490388475173e+18,QSO,1.953624,7651,57654,837
1.237663306382115e+18,0.315886502152921,27.0069931997368,20.83508,20.78984,21.34186,20.32719,20.59712,4152,301,2,113,8.663907113951844e+18,GALAXY,0.09216098,7695,57654,390
1.2376633063819845e+18,0.249177134309491,27.2535606837463,22.05203,21.57101,21.18575,20.69944,20.4947,4152,301,2,111,8.663918933701843e+18,QSO,1.739841,7695,57654,433
1.237663307455988e+18,1.43634951932654,26.886364252444,20.73788,20.88647,20.96696,20.64519,20.37274,4152,301,4,115,8.663851313736735e+18,QSO,1.737185,7695,57654,187
1.237663306381722e+18,0.123107627040554,27.8942508025343,24.0941,23.58214,21.72742,20.61286,19.77288,4152,301,2,107,8.663955767341372e+18,GALAXY,0.6136158,7695,57654,567
1.2376633074559882e+18,1.28353773056904,26.9232234839921,22.17171,21.69438,21.47968,21.35147,20.93372,4152,301,4,115,8.663861759097199e+18,QSO,2.375356,7695,57654,225
1.23768032733751e+18,336.661732671246,28.5922794061112,22.15453,22.44037,21.77715,21.93059,20.97067,8115,301,2,113,8.61439802949844e+18,QSO,1.278001,7651,57654,501
1.2376633069190515e+18,0.781933625178226,26.8523571091259,19.04831,18.80545,18.5259,18.54215,18.51975,4152,301,3,114,8.663884024207661e+18,QSO,1.056665,7695,57654,306
1.2376633063819192e+18,0.129681188774839,27.3553677842096,23.2702,23.50202,22.5399,21.11757,19.59745,4152,301,2,110,8.663920582969285e+18,GALAXY,0.8103703,7695,57654,439
1.2376632328423347e+18,359.511092398573,27.0430031410581,20.63733,20.47448,20.14564,20.00028,19.92811,4135,301,1,289,8.66393625100998e+18,QSO,1.171116,7695,57654,496
1.237663307455399e+18,1.08678428588757,28.1635269917803,26.57092,24.12214,23.90335,21.81668,19.67341,4152,301,4,106,8.664008543899507e+18,STAR,-4.052819e-05,7695,57654,759
1.2376803273382958e+18,338.758325142188,28.9059737078769,25.06017,24.03448,24.21906,21.35771,19.85309,8115,301,2,125,8.614492037742615e+18,STAR,-2.603755e-06,7651,57654,843
1.2376803273385582e+18,339.420381930065,29.0632070398316,22.07295,21.66431,21.32784,21.38761,21.83466,8115,301,2,129,8.614524198457726e+18,QSO,0.766204,7651,57654,960
1.237680277408252e+18,2.22317785954675,28.0893509049562,21.36841,20.73709,20.14223,19.70578,19.4182,8103,301,5,109,8.664063794358803e+18,QSO,1.650744,7695,57654,960
1.2376633069190515e+18,0.808081647166205,26.8954382844507,20.1625,20.05299,19.67921,19.5899,19.52799,4152,301,3,114,8.66388512371929e+18,QSO,1.27716,7695,57654,310
1.2376633063824428e+18,0.60326717063117,26.2566490142072,19.88229,19.82108,19.60188,19.59979,19.70761,4152,301,2,118,8.663900516882077e+18,QSO,1.186276,7695,57654,366
1.237680277408253e+18,2.26658882852769,28.090717830457,22.2646,25.17432,22.82078,21.21798,19.77091,8103,301,5,109,8.664063519480895e+18,QSO,0.676046,7695,57654,959
1.237680277406942e+18,358.860159918215,27.9845006772745,26.82306,23.03454,21.97203,20.46447,19.81301,8103,301,5,89,8.665016796078953e+18,GALAXY,0.7104921,7696,57655,331
1.237680328946877e+18,333.227837746518,29.0653668424333,24.16904,23.25943,22.24511,20.76418,19.86839,8115,301,5,94,8.609903775736681e+18,GALAXY,0.8637232,7647,57655,535
1.2376803273364608e+18,334.178063579649,27.9043457108098,21.38247,21.33096,21.95641,20.92689,20.58967,8115,301,2,97,8.609824336021576e+18,QSO,1.932743,7647,57655,246
1.237680327336592e+18,334.405380029644,27.9505403987228,22.14127,20.77276,20.40395,20.16539,20.07246,8115,301,2,99,8.609814440416925e+18,STAR,-0.000472566,7647,57655,210
1.2376802774066796e+18,358.090110175997,27.8950832597959,21.80707,20.7965,20.53455,20.28161,20.7854,8103,301,5,85,8.665049231671974e+18,STAR,-0.0005796022,7696,57655,449
1.2376803289475976e+18,335.071614887448,29.5157423527863,20.965,20.06272,21.39545,20.44367,19.28714,8115,301,5,105,8.610011252998298e+18,QSO,2.628369,7647,57655,926
1.2376633074550052e+18,0.710338919938522,29.0827832601001,21.39454,21.45025,21.40715,20.97337,20.8789,4152,301,4,100,8.665199589887072e+18,QSO,1.877327,7696,57655,996
1.2376633063815908e+18,0.11008107296982,28.0909173894464,19.21804,19.2501,19.26805,18.87394,18.86736,4152,301,2,105,8.664949450991753e+18,QSO,1.865911,7696,57655,86
1.237680331639686e+18,358.793200328296,29.116251081882,23.15787,21.39216,20.73824,20.43506,20.35523,8116,301,2,223,8.665122074317314e+18,STAR,-0.0006589732,7696,57655,714
1.2376633063810668e+18,359.669637880764,29.3450664365583,20.55474,20.57985,20.4291,20.33429,20.55604,4152,301,2,97,8.665151761131264e+18,QSO,1.421914,7696,57655,822
1.2376633063815255e+18,0.0246191053197435,28.3727930215153,25.12839,23.35061,21.70535,20.46643,19.80259,4152,301,2,104,8.66495247464873e+18,GALAXY,0.6116146,7696,57655,97
1.2376633063810668e+18,359.60363334433,29.276109302651,21.83401,21.7595,21.72575,21.33433,20.85651,4152,301,2,97,8.665153410398706e+18,QSO,2.042586,7696,57655,828
1.2376802774066145e+18,358.018561920505,27.9408196442258,22.96025,23.42479,21.71306,20.63765,19.93834,8103,301,5,84,8.665050331183602e+18,GALAXY,0.6527141,7696,57655,453
1.237663306381e+18,359.79664454162,29.4421094843295,23.44028,24.35803,22.09149,21.04204,19.92661,4152,301,2,96,8.665163580881263e+18,GALAXY,0.7981926,7696,57655,865
1.237680529745839e+18,358.042840892182,29.6082315926849,24.06623,22.41492,22.05822,21.84758,21.87692,8162,301,3,235,8.665068473125459e+18,QSO,2.297373,7696,57655,519
1.2376802774070067e+18,358.960279827659,27.9047863612493,21.12417,20.81019,20.77074,20.51851,20.65297,8103,301,5,90,8.665015971445234e+18,QSO,1.636368,7696,57655,328
1.23766330584472e+18,359.617559980572,28.0283727252608,22.12402,21.20509,21.40608,20.79949,20.34693,4152,301,1,105,8.664960171230125e+18,GALAXY,0.3193145,7696,57655,125
1.237680502892726e+18,334.649255649981,30.0561364356314,23.85619,23.54577,21.41367,20.30493,19.60241,8156,301,1,89,8.609985139597138e+18,GALAXY,0.5628606,7647,57655,831
1.23768033163962e+18,358.601115241269,29.1832153783002,21.9867,21.03333,20.72572,20.59026,20.48187,8116,301,2,222,8.665109704811501e+18,STAR,-0.0005919133,7696,57655,669
1.2376633074552015e+18,0.801108521421327,28.5668989755149,20.77483,20.66886,20.54543,20.37367,20.29505,4152,301,4,103,8.664926911003384e+18,QSO,1.526828,7696,57655,4
1.2376632328412864e+18,359.022054823715,29.4421578200686,23.20083,20.81524,20.2102,19.89408,19.65056,4135,301,1,273,8.66512427334057e+18,QSO,3.230598,7696,57655,722
1.2376632339150945e+18,359.88065466043,29.4805084331465,23.9867,23.74361,22.70795,21.21754,19.24279,4135,301,3,274,8.665169078439401e+18,QSO,1.531327,7696,57655,885
1.2376802774066793e+18,358.160123580167,27.8833469574155,20.85953,20.55672,20.44734,20.15606,19.76938,8103,301,5,85,8.66504868191616e+18,QSO,0.7411563,7696,57655,447
1.2376633058446543e+18,359.562142396877,28.1284466813475,19.71959,19.25652,19.06818,19.00356,18.89924,4152,301,1,104,8.664973640247564e+18,QSO,0.8498759,7696,57655,174
1.2376803273362644e+18,333.629307283089,27.8785697689407,21.13036,20.13408,19.79568,19.73864,19.58879,8115,301,2,94,8.609856221858781e+18,STAR,-0.001219309,7647,57655,362
1.2376633063810668e+18,359.659695028868,29.2825478327215,21.4297,21.28766,21.08053,20.93809,20.84086,4152,301,2,97,8.665163031125448e+18,QSO,0.9406387,7696,57655,863
1.237680277406811e+18,358.545413059634,27.9602531741588,23.70821,25.02158,21.8004,20.43296,19.76122,8103,301,5,87,8.665027791195232e+18,GALAXY,0.6708797,7696,57655,371
1.237663306380805e+18,359.634916605822,29.8684444530971,25.50825,22.21893,20.68165,19.34814,18.61141,4152,301,2,93,8.6651492872301e+18,STAR,1.107936e-05,7696,57655,813
1.237663232841155e+18,358.849831279361,29.69645951293,21.56218,21.24174,21.14837,20.73318,20.55717,4135,301,1,271,8.66510613139871e+18,QSO,1.915766,7696,57655,656
1.2376805313474737e+18,334.561507351223,27.7593345152162,23.60219,23.39088,21.33612,20.14058,19.42364,8162,301,6,98,8.609802070911113e+18,GALAXY,0.5516273,7647,57655,165
1.2376633063813944e+18,359.825511078063,28.5788194480389,21.89234,21.60899,21.56359,21.16146,21.05165,4152,301,2,102,8.664965668788263e+18,QSO,1.3947,7696,57655,145
1.2376633063811978e+18,359.858548798627,28.9788304627363,20.88787,20.48484,20.05053,19.90473,19.91605,4152,301,2,99,8.664969791956867e+18,QSO,1.345665,7696,57655,160
1.2376802768702671e+18,359.391302979192,27.5724874126395,21.34871,21.24594,21.08277,21.0741,20.23449,8103,301,4,92,8.664981061951051e+18,QSO,0.8195487,7696,57655,201
1.2376632328420723e+18,359.412095517887,27.6979828596208,21.4595,21.30421,21.23597,21.16139,21.14552,4135,301,1,285,8.664982436340585e+18,QSO,2.101748,7696,57655,206
1.2376785964618885e+18,318.935184185105,1.28673704819913,21.83933,21.46849,21.29116,21.02565,21.1524,7712,301,2,55,1.0313247123416832e+19,QSO,1.493485,9160,57656,14
1.23767999824049e+18,355.169421096017,-1.85176315698706,23.68276,22.38651,21.48296,20.65954,20.20449,8038,301,5,187,1.0369576203619424e+19,GALAXY,0.8721549,9210,57656,138
1.237678598072108e+18,317.967010398863,2.4330493530526,21.31042,20.82396,20.71708,20.61731,20.18917,7712,301,5,49,1.0313451632579598e+19,QSO,0.6900655,9160,57656,758
1.2376785975354327e+18,318.466240872343,2.11820210465097,18.51182,17.48932,17.05248,16.87783,16.8236,7712,301,4,52,1.0313487916463317e+19,STAR,-0.0007627645,9160,57656,890
1.2376785975351708e+18,317.877939172163,2.05828785193107,25.38913,20.96047,20.54391,20.12686,20.33219,7712,301,4,48,1.0313453831602852e+19,STAR,-0.0001657008,9160,57656,766
1.237678617399722e+18,318.591498321896,0.617500890647376,19.15342,18.12099,17.73074,17.56192,17.50282,7717,301,1,53,1.0313257568777296e+19,STAR,-0.0007467006,9160,57656,52
1.23767861847294e+18,317.362822295299,1.4708920925732,19.50628,18.9719,18.59134,18.5832,18.4052,7717,301,3,45,1.0313352951411e+19,QSO,3.504411,9160,57656,399
1.2376637831207982e+18,353.423177111996,-0.836854823214226,23.13824,22.77187,22.07345,21.50333,21.13406,4263,301,2,72,1.0369693301607782e+19,GALAXY,0.7957291,9210,57656,564
1.2376569063526246e+18,354.439058657108,-0.86727487872197,23.85567,22.73084,21.90228,21.71357,20.08647,2662,301,1,245,1.0369762570840332e+19,GALAXY,1.113367,9210,57656,816
1.2376553483588078e+18,246.946449563347,41.8436588760504,21.3963,21.35057,21.0557,21.13421,21.11561,2299,301,3,330,9.597360600130015e+18,STAR,4.852227e-05,8524,57656,690
1.2376593265651223e+18,245.385581550714,41.6431592256114,23.0249,20.00381,19.1697,18.96274,18.86308,3225,301,5,221,9.59731799405444e+18,STAR,5.832069e-05,8524,57656,535
1.2376785980719114e+18,317.490352270593,2.37662968969161,22.3336,21.83739,21.54695,21.33561,21.23231,7712,301,5,46,1.0313416448207507e+19,QSO,1.636721,9160,57656,630
1.2376799982401623e+18,354.419141659298,-1.90840940012043,25.5042,22.85471,22.22865,21.73883,21.76933,8038,301,5,182,1.0369607539700816e+19,GALAXY,0.9657415,9210,57656,252
1.2376786184730716e+18,317.789574574609,1.28441843223033,21.41142,21.75961,21.53257,21.51763,21.28777,7717,301,3,47,1.0313319141428451e+19,QSO,1.120633,9160,57656,276
1.2376637831215844e+18,355.288781126645,-0.692393596647492,20.88021,20.58993,20.55756,20.21157,20.1946,4263,301,2,84,1.0369804902038e+19,QSO,1.731968,9210,57656,970
1.2376530108230533e+18,353.495559945487,-1.14193268046567,18.70454,17.84354,17.56318,17.44814,17.41678,1755,301,1,333,1.0369654543822903e+19,STAR,-0.000466983,9210,57656,423
1.2376637836580623e+18,354.380598485901,-0.333201225814839,23.72851,23.13748,22.09665,21.4894,21.75989,4263,301,3,78,1.0369756798404286e+19,QSO,1.164571,9210,57656,795
1.2376555018834417e+18,248.894354582132,41.7218438665305,21.61758,21.30409,21.18419,20.93289,20.999,2335,301,1,18,9.597444437891635e+18,QSO,1.480089,8524,57656,995
1.2376554728939195e+18,247.238173195538,41.4217657571489,24.88742,25.27586,21.80408,20.71861,19.67933,2328,301,3,41,9.597252023356774e+18,GALAXY,0.8353557,8524,57656,295
1.2376785975356296e+18,318.973826271184,2.09760785160063,21.03257,20.73323,21.16883,21.16602,20.05006,7712,301,4,55,1.0313512930352849e+19,QSO,2.220279,9160,57656,981
1.237655501882983e+18,248.015553607252,42.6474260733731,21.52837,21.02993,20.78125,20.44441,20.23859,2335,301,1,11,9.597419149124196e+18,QSO,0.568926,8524,57656,903
1.2376637831210606e+18,354.149884711965,-0.788795271922112,23.94853,22.92636,22.41001,22.1083,22.01892,4263,301,2,76,1.0369740855485684e+19,GALAXY,0.8087173,9210,57656,737
1.2376593265658437e+18,246.740100170918,40.4460142095537,25.51834,23.34995,21.67439,20.43024,19.52087,3225,301,5,232,9.597255321891656e+18,GALAXY,0.6548022,8524,57656,307
1.2376785975354342e+18,318.529870443875,1.93361152197023,22.0976,21.1885,20.93834,20.4537,20.36397,7712,301,4,52,1.0313501660358662e+19,QSO,0.6025601,9160,57656,940
1.23767859753491e+18,317.305424669715,2.08374331558681,22.11372,21.51484,21.13954,21.20495,21.64276,7712,301,4,44,1.0313410675771464e+19,QSO,2.699876,9160,57656,609
1.23767861847294e+18,317.431051772855,1.38999857758862,21.44594,20.90491,20.61973,20.43918,20.20893,7717,301,3,45,1.0313352676533098e+19,QSO,0.8096139,9160,57656,398
1.237655347821675e+18,246.079691945941,42.0654127969323,21.67683,21.71882,21.75253,21.34947,21.06471,2299,301,2,326,9.59732788965909e+18,QSO,1.987781,8524,57656,571
1.237679998239638e+18,353.242494691407,-1.94683062348284,22.84783,22.24917,21.84644,21.24086,20.84131,8038,301,5,174,1.0369660316258947e+19,GALAXY,0.8176709,9210,57656,444
1.237659330851373e+18,245.661915469394,40.9806306398866,21.56971,21.28067,21.26366,21.16619,22.40447,3226,301,5,88,9.59730534967072e+18,GALAXY,0.02958125,8524,57656,489
1.2376785975348444e+18,317.158559945621,1.91053640884918,23.1975,22.14258,21.90777,21.94503,21.37371,7712,301,4,43,1.0313389235294722e+19,QSO,0.4687658,9160,57656,531
1.2376553483587425e+18,246.886387466929,42.0237161677173,19.60826,19.43139,19.42399,19.20606,19.15402,2299,301,3,329,9.597356476961411e+18,QSO,1.669271,8524,57656,675
1.2376593271018624e+18,245.665679633321,42.2257889916342,21.42363,21.59026,21.45192,21.2042,20.68965,3225,301,6,219,9.597322392100952e+18,QSO,2.014459,8524,57656,551
1.2376785964614295e+18,317.894371920654,1.23916131243981,20.91595,20.77877,20.53948,20.41829,20.22941,7712,301,2,48,1.0313307046800544e+19,QSO,0.872597,9160,57656,232
1.237663783121192e+18,354.362914530796,-0.813609335649542,25.31834,23.11896,21.88865,21.45535,20.8299,4263,301,2,78,1.0369748277189171e+19,GALAXY,1.120463,9210,57656,764
1.2376785975348444e+18,317.152650496414,1.95993310917722,22.54703,21.51844,21.36469,21.23391,21.12267,7712,301,4,43,1.0313388135783094e+19,QSO,2.319432,9160,57656,527
1.237655375183676e+18,248.849747093543,41.5738380204733,22.11844,21.39226,21.22136,21.14096,20.87264,2305,301,5,45,9.597445537403265e+18,STAR,-0.003308453,8524,57656,999
1.2376553751833482e+18,248.069831010932,42.2029724947763,21.01575,20.56032,20.61897,20.53094,20.40093,2305,301,5,40,9.597422172781173e+18,QSO,2.255393,8524,57656,914
1.237678597534778e+18,316.991526289277,2.09119774776739,20.98732,19.57044,19.34019,19.3353,19.33838,7712,301,4,42,1.0313383462858676e+19,QSO,2.925504,9160,57656,510
1.2376555018835727e+18,249.004164884416,41.4625009841297,21.67978,21.29086,21.05242,20.94414,20.70119,2335,301,1,20,9.597181379734688e+18,QSO,2.024977,8524,57656,38
1.2376786179362665e+18,317.858266369441,1.02314984069675,24.26443,22.75815,21.70657,20.48119,19.66272,7717,301,2,48,1.0313316117771477e+19,GALAXY,0.8756936,9160,57656,265
1.2376785980721733e+18,318.21027136807,2.54960188902072,19.28076,18.28292,17.91271,17.77174,17.67062,7712,301,5,50,1.031347032427727e+19,STAR,-0.001103837,9160,57656,826
1.2376554728938547e+18,247.015032316605,41.4366535411051,22.99081,22.54605,22.36814,21.22256,19.8905,2328,301,3,40,9.597262468717238e+18,GALAXY,1.020805,8524,57656,333
1.237678598071911e+18,317.596242113671,2.51725525254234,20.34123,20.00054,19.90975,19.64824,19.7101,7712,301,5,46,1.0313424969422625e+19,QSO,1.673901,9160,57656,661
1.2376786184732682e+18,318.090248105453,1.4318659615783,22.30063,21.86201,21.702,21.67166,20.9203,7717,301,3,50,1.031329660144008e+19,QSO,1.497447,9160,57656,194
1.2376637831211912e+18,354.37925590398,-0.646441337113653,20.17504,20.26418,20.39897,19.99904,19.86191,4263,301,2,78,1.0369748552067078e+19,QSO,1.900896,9210,57656,765
1.2376785975349094e+18,317.213112602286,2.0217252713713,21.15886,20.72547,20.09673,19.88129,19.75501,7712,301,4,44,1.031340187967844e+19,QSO,1.390115,9160,57656,577
1.237678597535237e+18,317.98923343579,1.93491707154729,22.37027,22.62199,21.94106,21.96538,21.60857,7712,301,4,49,1.0313465101597e+19,QSO,1.976862,9160,57656,807
1.2376799982402278e+18,354.557453901768,-1.88482433734609,22.53069,22.16526,21.53243,21.48688,20.53815,8038,301,5,183,1.0369608089456628e+19,GALAXY,0.8367651,9210,57656,254
1.2376637825837304e+18,353.070670301126,-1.25962999880187,23.66208,23.2635,22.32353,22.21612,21.35682,4263,301,1,69,1.03696583921136e+19,GALAXY,0.8882842,9210,57656,437
1.237679433444426e+18,359.364715147362,-3.55870243308391,20.18401,20.08329,20.02411,19.77529,19.8713,7907,301,1,67,8.889189624863545e+18,QSO,1.822551,7895,57659,763
1.237679433444426e+18,359.355639545344,-3.70197580884978,19.29882,19.17449,19.16116,18.9158,18.95432,7907,301,1,67,8.889190449497265e+18,QSO,1.770739,7895,57659,766
1.237679324456944e+18,0.54324894205989,-3.98032175092756,22.70991,22.15923,22.0049,22.1934,23.2832,7881,301,6,26,8.888989788625197e+18,STAR,-0.0001748765,7895,57659,36
1.2376727944952548e+18,359.8194370776,-2.88727042682766,21.63348,21.38775,21.28625,20.99198,20.75498,6361,301,3,14,8.889208591439124e+18,QSO,1.878663,7895,57659,832
1.237679322845938e+18,359.675078758455,-5.32591415246708,21.90591,21.96784,21.47758,21.47435,21.33512,7881,301,3,20,8.889024972997286e+18,QSO,1.197769,7895,57659,164
1.2376794334448852e+18,0.425897388786069,-3.62270385266406,24.17594,23.64273,22.3732,20.97052,19.85606,7907,301,1,74,8.889245699956562e+18,GALAXY,1.081881,7895,57659,967
1.237679433444688e+18,359.915122502705,-3.55980859875666,20.49031,20.34548,20.07905,19.96041,19.99749,7907,301,1,71,8.889222335334472e+18,QSO,1.412251,7895,57659,882
1.2376727944958446e+18,0.310914235328397,-4.04777527152089,22.01639,21.33445,21.00086,20.38468,20.23878,6361,301,3,23,8.889000233985661e+18,QSO,1.673531,7895,57659,74
1.237679433443836e+18,357.971725323897,-3.65638196497347,21.55803,21.58694,21.28144,21.24366,21.33555,7907,301,1,58,8.889121180264716e+18,QSO,1.281707,7895,57659,514
1.2376794334439675e+18,358.327041861165,-3.70771270145561,22.0368,21.64154,21.10332,20.6839,20.71867,7907,301,1,60,8.889136298549598e+18,QSO,0.5575647,7895,57659,569
1.2376794334439017e+18,358.173432178811,-3.65681699279533,21.83626,21.58004,20.67224,20.14902,19.89439,7907,301,1,59,8.889123929043786e+18,QSO,1.175863,7895,57659,524
1.2376794334439017e+18,358.122834540738,-3.67375479393061,21.47153,21.76159,21.27921,21.1681,21.2461,7907,301,1,59,8.889122004898437e+18,QSO,1.346134,7895,57659,517
1.2376727944955825e+18,0.146735171705728,-3.59275293033329,20.37954,20.28062,20.01806,20.10171,20.21959,6361,301,3,19,8.88923497971819e+18,QSO,1.058947,7895,57659,928
1.237679433443902e+18,358.14239616431,-3.55956414983394,22.18848,21.968,21.67155,21.66231,21.07517,7907,301,1,59,8.889118431485647e+18,QSO,2.177672,7895,57659,504
1.2376794334439017e+18,358.098659136794,-3.6905374526147,20.22775,20.25165,20.11528,20.27247,19.94394,7907,301,1,59,8.889123379287971e+18,QSO,3.484922,7895,57659,522
1.2376727944955825e+18,0.108990164983311,-3.46344176291444,20.4695,20.26924,19.8841,19.86604,19.91949,6361,301,3,19,8.889222885090285e+18,QSO,1.238042,7895,57659,884
1.2376794334440983e+18,358.593695748873,-3.55415670925982,20.97072,20.62433,20.25334,19.63559,19.52622,7907,301,1,62,8.889145369520528e+18,QSO,1.620512,7895,57659,602
1.2376794334446223e+18,359.826706011532,-3.73748499132057,20.1623,19.97237,19.88916,19.71787,19.53753,7907,301,1,70,8.889214363875169e+18,QSO,2.05392,7895,57659,853
1.237672794495779e+18,0.363585312676008,-3.96114925169857,21.84236,20.96445,20.90902,20.79844,20.62672,6361,301,3,22,8.889247624101911e+18,QSO,2.222286,7895,57659,974
1.237672794495648e+18,0.0510112124295574,-3.71698206928415,19.78279,19.60806,19.40081,19.41127,19.51337,6361,301,3,20,8.889223159968193e+18,QSO,1.374987,7895,57659,885
1.2376727944961065e+18,0.532414533196402,-4.64563045182998,19.83957,19.74143,19.80518,19.50344,19.49284,6361,301,3,27,8.888992537404265e+18,QSO,1.652227,7895,57659,46
1.237679433444688e+18,359.895854670289,-3.55442810477141,21.64149,21.32349,21.17792,21.17062,21.45084,7907,301,1,71,8.889121455142624e+18,GALAXY,0.0,7895,57659,515
1.237672794496107e+18,0.479098700721693,-4.61532725725656,23.25093,21.8667,21.11486,20.4624,20.16204,6361,301,3,27,8.888993911793801e+18,QSO,1.376202,7895,57659,51
1.2376727944961068e+18,0.526927322616103,-4.67568813613408,20.44311,19.44995,19.14237,19.03143,19.05108,6361,301,3,27,8.888991437892639e+18,STAR,-0.0001524555,7895,57659,42
1.2376727944958446e+18,0.41725025680293,-4.08737815186124,21.85538,21.71192,21.61986,21.37302,21.27047,6361,301,3,23,8.889000783741475e+18,QSO,1.711697,7895,57659,76
1.237672794495779e+18,0.309077265515782,-3.96331922792492,22.26017,21.17487,20.83821,20.79171,20.54461,6361,301,3,22,8.889001883253103e+18,STAR,-0.0006307581,7895,57659,80
1.2376727944960412e+18,0.548391465045881,-4.49776532512369,20.33595,19.33679,19.0133,18.85305,18.79093,6361,301,3,26,8.888988139357755e+18,STAR,0.0002129252,7895,57659,30
1.2376794334446223e+18,359.803373918781,-3.56922125452921,19.5162,19.23492,19.1226,18.93254,18.89949,7907,301,1,70,8.889212989485636e+18,QSO,1.565279,7895,57659,848
1.237672794495648e+18,0.101893129981761,-3.77888897346864,21.15914,20.93012,20.64747,20.5831,20.62712,6361,301,3,20,8.889237178741447e+18,QSO,1.051054,7895,57659,936
1.2376793228457418e+18,359.244772433804,-5.23948973130509,26.49819,23.9298,21.27291,20.24116,19.43041,7881,301,3,17,8.889057133712398e+18,GALAXY,0.7830035,7895,57659,281
1.237679324456092e+18,358.667193639284,-4.01091004269231,22.69941,22.12645,21.90311,22.17767,21.51795,7881,301,6,13,8.889089569305418e+18,QSO,2.768073,7895,57659,399
1.237679433981232e+18,359.149112734196,-3.28881511099104,25.85916,22.79993,21.64569,20.54324,19.80808,7907,301,2,66,8.88917753023564e+18,GALAXY,0.6412957,7895,57659,719
1.2376727944957135e+18,0.251910958861913,-3.73588334990945,22.06768,21.84912,21.60288,21.38214,20.83706,6361,301,3,21,8.889237728497261e+18,QSO,0.9268495,7895,57659,938
1.2376785980911127e+18,1.494388639357,3.29174632998873,20.38562,20.40514,20.29996,20.05918,19.89044,7712,301,5,339,9.84382410307275e+18,QSO,2.031528,8743,57663,295
1.2376635426049892e+18,320.558856298091,-0.606653024158783,21.90235,21.12134,21.16445,21.09014,20.76968,4207,301,2,108,1.0292008956932151e+19,QSO,2.451856,9141,57663,574
1.2376786619613192e+18,0.981272055647139,5.13947770057487,26.54952,24.42463,21.50993,20.39153,19.32575,7727,301,4,73,9.843882926944838e+18,GALAXY,0.6829231,8743,57663,509
1.237663542605644e+18,322.078785120149,-0.6048641634726,18.45058,17.34446,17.08619,17.00438,17.0077,4207,301,2,118,1.0292085922746096e+19,STAR,-0.001077072,9141,57663,854
1.2376635426055137e+18,321.824564230958,-0.543791400542425,21.45046,21.16331,20.69486,20.55225,20.35044,4207,301,2,116,1.0292076302019353e+19,QSO,1.147289,9141,57663,819
1.237680502890498e+18,329.081146036245,28.5159492138956,24.73005,24.03419,22.33013,20.77334,19.91203,8156,301,1,55,8.677422860787275e+18,GALAXY,0.8930975,7707,57663,408
1.237680503427828e+18,330.06455082425,29.342084856984,23.92944,24.11391,22.61084,20.78836,19.88733,8156,301,2,62,8.677372558130306e+18,GALAXY,0.8030449,7707,57663,225
1.237663542605448e+18,321.577855942709,-0.474111385104781,21.59154,21.54722,21.36553,21.15899,21.13226,4207,301,2,115,1.0292063657635631e+19,QSO,1.787838,9141,57663,773
1.2376785980917023e+18,2.77808525183127,3.30045561906333,20.96892,20.83623,20.66969,20.6785,20.68561,7712,301,5,348,9.843756757985548e+18,QSO,2.15386,8743,57663,50
1.2376785980913748e+18,2.0031612271701,3.13922058803904,22.26521,21.77352,21.86804,21.6568,22.16179,7712,301,5,343,9.84378891870066e+18,QSO,2.393766,8743,57663,167
1.2376530108092913e+18,322.068651176703,-1.25911228764699,21.86171,21.94377,22.17601,21.7459,21.77385,1755,301,1,123,1.0291891858943791e+19,QSO,1.9754,9141,57663,148
1.2376788810040622e+18,322.112150887716,-1.60292405527964,25.36508,23.50494,22.07689,22.23984,21.99192,7778,301,4,64,1.0291889110164724e+19,QSO,1.286922,9141,57663,138
1.2376635426055788e+18,321.927624512408,-0.514721117247472,20.87825,20.39518,20.19548,19.84631,19.65684,4207,301,2,117,1.0292074102996095e+19,QSO,1.631291,9141,57663,811
1.237678619565884e+18,1.26456117354354,3.0725010860277,25.66111,23.86922,21.43202,20.34243,19.64756,7717,301,5,338,9.8438339986774e+18,GALAXY,0.5918947,8743,57663,331
1.2376785980913748e+18,2.00429958708349,3.23778486457922,20.52732,20.43563,20.44306,20.24324,19.96293,7712,301,5,343,9.843789743334382e+18,QSO,1.974295,8743,57663,170
1.237680501281784e+18,329.70062954583,30.8169799441161,25.29302,22.89433,24.29092,20.72956,19.31985,8155,301,6,84,8.677505599037266e+18,STAR,-0.0002798845,7707,57663,709
1.2376785980911127e+18,1.4252072193334,3.29264687898209,22.50572,22.31961,21.85396,21.99981,21.42002,7712,301,5,339,9.843824377950657e+18,GALAXY,1.375269,8743,57663,296
1.2376785986275904e+18,0.55616684477792,3.54237801016754,20.25972,20.12839,20.24246,19.88532,19.90129,7712,301,6,333,9.843873306218093e+18,QSO,1.752079,8743,57663,474
1.2376805045022252e+18,331.421428754919,30.5411740740946,23.47951,24.39289,22.56483,21.03091,19.87856,8156,301,4,72,8.677562223886096e+18,GALAXY,0.894271,7707,57663,915
1.237678598091244e+18,1.7425012863377,3.13234501248085,23.33473,24.16785,22.4854,20.91118,19.88261,7712,301,5,341,9.843798264549497e+18,STAR,-0.0001971145,8743,57663,201
1.2376785986277875e+18,1.01177767528128,3.68475821123065,25.64334,23.65443,21.86517,20.65124,19.96647,7712,301,6,336,9.843837846968097e+18,GALAXY,0.6039387,8743,57663,345
1.237680505038374e+18,329.415558083413,30.4571161191005,23.83569,24.47821,22.35723,21.1466,20.01504,8156,301,5,61,8.677495703432616e+18,STAR,-0.0001935181,7707,57663,673
1.2376805050383089e+18,329.181601109762,30.3868316806863,22.39063,20.9741,19.5599,18.98456,18.60099,8156,301,5,60,8.677483883682617e+18,GALAXY,0.4101308,7707,57663,630
1.2376786614247752e+18,1.68883353885138,4.75767406044228,18.8637,18.76119,18.5369,18.57757,18.67766,7727,301,3,78,9.843954670078548e+18,QSO,1.109387,8743,57663,770
1.2376805045015695e+18,329.706434172189,30.1763690884385,23.30082,24.44897,22.01619,20.63623,19.95374,8156,301,4,62,8.677498452211684e+18,GALAXY,0.6940868,7707,57663,683
1.2376805050390292e+18,330.994261029772,30.840198691141,21.76532,21.59927,21.3048,20.89502,20.80955,8156,301,5,71,8.677572119490745e+18,QSO,1.444349,7707,57663,951
1.23766354260571e+18,322.161792845809,-0.574148902894826,21.46704,21.41618,21.30953,21.28517,21.24772,4207,301,2,119,1.0292098292251908e+19,QSO,1.994965,9141,57663,899
1.2376805045014374e+18,329.466139023971,29.9250802316133,24.38705,24.79004,21.81845,20.76192,20.0443,8156,301,4,60,8.677491855141919e+18,GALAXY,0.7817268,7707,57663,659
1.2376635426055137e+18,321.827406197633,-0.492003886273127,21.16558,20.85491,20.38143,20.44795,20.52701,4207,301,2,116,1.0292076027141444e+19,QSO,1.043242,9141,57663,818
1.237678661961647e+18,1.81111981976301,5.20193994122584,24.43017,24.58613,22.07762,20.80454,19.85257,7727,301,4,78,9.843951646421574e+18,GALAXY,0.7373613,8743,57663,759
1.2376785980908508e+18,0.891507733261278,3.25605504141943,22.35573,21.98866,21.86115,21.83333,20.99673,7712,301,5,335,9.843844169159956e+18,QSO,2.283634,8743,57663,368
1.237680504501373e+18,329.183958633723,29.8636331976364,26.28362,22.74229,22.17578,20.78132,20.01749,8156,301,4,59,8.677480860025642e+18,GALAXY,0.7823898,7707,57663,619
1.2376805050381775e+18,328.93069881819,30.2134892572598,25.67021,22.96933,21.57387,20.43755,19.68318,8156,301,5,58,8.677466016618666e+18,GALAXY,0.6286518,7707,57663,565
1.2376805028905636e+18,329.263160987545,28.6484135464861,26.55546,26.15867,22.43287,20.9642,19.80701,8156,301,1,56,8.677422036153555e+18,GALAXY,0.780007,7707,57663,405
1.2376785980914404e+18,2.2130915509947,3.32229188662153,21.29851,21.04818,20.68341,20.54244,20.42633,7712,301,5,344,9.843780397485543e+18,QSO,1.919415,8743,57663,136
1.237680504501242e+18,328.88632746342,29.8570179752765,26.171,24.63762,22.25391,21.11958,19.95527,8156,301,4,57,8.677467116130295e+18,GALAXY,0.8006337,7707,57663,569
1.237680504501504e+18,329.506914670304,30.1178439537238,24.67583,23.81673,21.98564,20.87164,20.06515,8156,301,4,61,8.677500651234941e+18,STAR,-7.67216e-05,7707,57663,691
1.237678598091506e+18,2.28757472795405,3.1564723369246,21.04073,21.30842,20.84789,20.92005,20.845,7712,301,5,345,9.84377627431694e+18,QSO,1.311053,8743,57663,121
1.237653010809029e+18,321.452138341787,-1.27120980142779,21.60171,21.57189,21.35049,21.22805,21.3297,1755,301,1,119,1.0291934739897276e+19,QSO,2.152747,9141,57663,304
1.237678661424972e+18,2.14129642254647,4.71889622546042,19.89626,19.63596,19.34256,19.0268,18.93878,7727,301,3,81,9.843999750055289e+18,QSO,1.659029,8743,57663,934
1.2376785986281147e+18,1.79184564173613,3.64009083820232,23.93536,24.6586,21.9201,20.54594,19.81913,7712,301,6,341,9.843805411375075e+18,GALAXY,0.6884916,8743,57663,227
1.2376785980914404e+18,2.14386493697316,3.32997899600854,20.77477,20.70459,20.66944,20.43053,20.48196,7712,301,5,344,9.84375593335183e+18,GALAXY,0.0,8743,57663,47
1.2376785980912435e+18,1.68026920912359,3.26047831618522,22.10455,21.93566,21.585,21.52212,20.71733,7712,301,5,341,9.843814207468102e+18,QSO,1.5317,8743,57663,259
1.2376786614243825e+18,0.860966942043774,4.72782653148229,21.86012,21.91438,21.23981,21.10147,20.99799,7727,301,3,72,9.843939002037852e+18,QSO,1.236654,8743,57663,713
1.2376786619612536e+18,0.909205928291556,5.03457400717122,24.12783,23.7687,21.56306,20.55922,19.72397,7727,301,4,72,9.843885125968091e+18,GALAXY,0.5430015,8743,57663,517
1.2376788810041267e+18,322.25253279307,-1.42506695686497,19.42897,19.25355,19.29992,19.23128,19.36234,7778,301,4,65,1.0291886911141468e+19,QSO,1.878674,9141,57663,130
1.2376785980910474e+18,1.34511794115332,3.29128103719268,22.35692,21.5155,20.88102,20.32478,20.23245,7712,301,5,338,9.843822728683217e+18,QSO,1.517473,8743,57663,290
1.2376805050383096e+18,329.237369027193,30.3057740944888,24.31159,25.62788,21.37007,20.24134,19.1145,8156,301,5,60,8.677485807827966e+18,GALAXY,0.7934917,7707,57663,637
1.2376634577787955e+18,322.431284623288,0.0995710034703624,22.9549,21.43759,20.00848,19.43534,19.08991,4187,301,4,99,1.0292119182972836e+19,GALAXY,0.2308882,9141,57663,975
1.237678619565884e+18,1.23312575403583,3.11391039076456,23.75024,23.59737,21.81096,20.71843,19.84077,7717,301,5,338,9.843832349409956e+18,GALAXY,0.7361806,8743,57663,325
1.237663457779385e+18,323.912905151325,0.0974731465439666,21.67541,20.1025,18.99733,18.54491,18.17483,4187,301,4,108,1.0293133757344143e+19,GALAXY,0.1203895,9142,57664,570
1.23767888155653e+18,357.758404331694,-1.8457084070899,22.15856,23.09617,21.78708,20.49804,19.67041,7778,301,5,302,1.0311003295196664e+19,GALAXY,0.6780846,9158,57664,43
1.2376805050390287e+18,331.130293119103,30.8838492388422,26.01836,24.3185,21.7682,20.67072,18.6891,8156,301,5,71,8.678591366786472e+18,STAR,-8.636809e-05,7708,57664,563
1.23768049967209e+18,332.517989595754,30.244219200281,22.67205,21.23162,20.82226,20.71625,20.42586,8155,301,3,98,8.678509728048109e+18,STAR,-0.0009377472,7708,57664,266
1.23766345777945e+18,323.960269045217,0.179371671403583,21.70141,19.4095,18.34026,17.92823,17.5449,4187,301,4,109,1.0293146951483677e+19,GALAXY,0.1213258,9142,57664,618
1.2376637831220431e+18,356.375633558413,-0.6896564658241,22.3275,22.06795,21.8267,21.59551,21.44598,4263,301,2,91,1.0311100601975724e+19,QSO,1.717337,9158,57664,397
1.237663783122109e+18,356.455343905653,-0.837937045291823,21.85196,21.62363,21.87117,21.88347,22.22049,4263,301,2,92,1.0311098402952468e+19,STAR,0.001960208,9158,57664,389
1.2376805050399475e+18,333.325439535744,31.5146683745889,23.93523,25.04312,21.97363,20.51481,19.68711,8156,301,5,85,8.678696919902739e+18,GALAXY,0.6525021,7708,57664,947
1.2376637831222395e+18,356.801758943353,-0.803934151062638,21.21336,20.98317,20.88328,20.92709,20.74088,4263,301,2,94,1.0311066791993168e+19,QSO,0.79313,9158,57664,274
1.2376637831223055e+18,356.941485402527,-0.715671711761344,23.59708,23.31504,21.77809,20.4496,19.76657,4263,301,2,95,1.031121605069664e+19,STAR,2.664405e-05,9158,57664,817
1.237680505039161e+18,331.389385952767,31.0000038526977,24.73216,23.98529,21.80771,20.77424,19.89925,8156,301,5,73,8.678601262391122e+18,GALAXY,0.693276,7708,57664,599
1.2376788810048476e+18,323.97050280754,-1.54238872826765,21.60374,21.49965,21.36719,21.0787,20.52413,7778,301,4,76,1.029309170102438e+19,GALAXY,0.870824,9142,57664,417
1.2376805050391593e+18,331.25638544776,31.080349294651,25.49245,23.53824,21.70286,20.63702,18.6068,8156,301,5,73,8.678600162879494e+18,STAR,2.153126e-05,7708,57664,595
1.237663479255336e+18,325.427476598731,0.0003659817816423,22.82512,23.61164,21.43598,20.2369,19.46737,4192,301,4,125,1.0293226391198783e+19,GALAXY,0.693508,9142,57664,907
1.237656906890347e+18,356.316986049699,-0.548520178402876,23.96297,23.08916,21.73528,20.71679,19.95462,2662,301,2,258,1.0311172619987343e+19,GALAXY,0.5679647,9158,57664,659
1.2376569063541967e+18,358.021896491416,-0.913452877265459,22.97753,21.34163,20.76747,20.54329,20.79023,2662,301,1,269,1.0310995323737364e+19,GALAXY,0.2757283,9158,57664,14
1.2376634577793848e+18,323.917951372927,0.132053387138018,21.46586,19.1497,18.02634,17.56324,17.19975,4187,301,4,108,1.0293133482466236e+19,GALAXY,0.1217926,9142,57664,569
1.2376634577797135e+18,324.575497001561,0.0865345021173984,25.46161,23.4386,22.09002,20.94862,19.68749,4187,301,4,113,1.0293182410733672e+19,GALAXY,1.033675,9142,57664,747
1.2376569063541967e+18,358.058506297125,-0.901876133797165,21.30228,20.85004,20.54903,20.32444,19.90824,2662,301,1,269,1.0310995873493178e+19,QSO,0.7080154,9158,57664,16
1.2376664084406607e+18,356.024321730616,0.335326503262526,23.44256,20.87248,20.24006,20.14185,19.98223,4874,301,4,394,1.0311164648528e+19,GALAXY,1.17717,9158,57664,630
1.2376637831223053e+18,356.915134805216,-0.811623661967581,20.62349,20.55302,20.52647,20.30206,20.35457,4263,301,2,95,1.0311057171266429e+19,QSO,1.685313,9158,57664,239
1.2376634567060375e+18,324.812461348381,-0.761150263248246,24.76637,23.36535,21.54328,20.5262,19.72779,4187,301,2,114,1.0293042772756945e+19,GALAXY,0.5798904,9142,57664,239
1.2376637831219776e+18,356.248746584525,-0.744420758973657,21.24384,20.95641,20.58101,20.48663,20.38692,4263,301,2,90,1.0311112146847816e+19,QSO,1.105674,9158,57664,439
1.237663783122109e+18,356.553213369824,-0.812575824522877,22.15298,21.65506,21.61212,21.08088,21.05234,4263,301,2,92,1.0311089881737351e+19,QSO,1.942319,9158,57664,358
1.2376637831223053e+18,356.996147766835,-0.727944241867396,21.78545,22.34061,22.07768,22.16442,21.694,4263,301,2,95,1.031121687533036e+19,GALAXY,1.302255,9158,57664,820
1.2376634792552049e+18,325.111592972991,0.139739852251914,22.53536,21.91032,21.74237,21.73009,21.02696,4192,301,4,123,1.029320962364646e+19,STAR,-1.485495e-05,9142,57664,846
1.2376805050395535e+18,332.409476451417,31.2882462482447,24.5958,24.83996,23.7701,21.43427,19.72324,8156,301,5,79,8.678655138460883e+18,GALAXY,0.5761606,7708,57664,795
1.237680502891874e+18,332.432280603939,29.6044040132167,24.52235,24.29993,22.18714,20.72952,19.94175,8156,301,1,76,8.67850065707718e+18,GALAXY,0.7850806,7708,57664,233
1.237663783121978e+18,356.219888022546,-0.741064321341275,23.29098,22.36986,21.76532,21.61169,21.18924,4263,301,2,90,1.0311112421725725e+19,GALAXY,0.6658127,9158,57664,440
1.2376637831217812e+18,355.708914245483,-0.772885755226409,23.22256,22.24139,22.2342,21.8516,22.15245,4263,301,2,87,1.0311121217818745e+19,QSO,1.681334,9158,57664,472
1.237680504501963e+18,330.678298041904,30.4646795181836,26.25877,23.51767,23.18511,21.30453,19.92576,8156,301,4,68,8.678578722402753e+18,GALAXY,0.947189,7708,57664,517
1.2376637831222395e+18,356.853552549501,-0.635352344541834,21.35829,20.83959,20.28889,19.79566,19.32777,4263,301,2,94,1.0311205605336177e+19,QSO,2.104685,9158,57664,779
1.2376634792553364e+18,325.436664523238,0.0298539037611839,26.51072,22.8881,21.50624,20.32977,19.6697,4192,301,4,125,1.0293226940954595e+19,GALAXY,0.7673522,9142,57664,909
1.2376805050392911e+18,331.759538533871,31.1445141457125,18.73262,18.16071,17.3295,16.83789,16.55017,8156,301,5,75,8.67862132847833e+18,GALAXY,0.206708,7708,57664,672
1.237657190904234e+18,357.714007882622,-0.116070135561441,21.21499,21.60123,20.96119,21.01473,20.81687,2728,301,3,398,1.0311264154330356e+19,QSO,1.430829,9158,57664,992
1.2376788810045855e+18,323.379120999156,-1.61065131609427,20.18999,19.65513,19.22231,19.05604,18.70971,7778,301,4,72,1.0293101321751124e+19,QSO,2.120141,9142,57664,452
1.23766345777945e+18,323.940230260255,0.119795115924232,21.52374,19.76464,18.68388,18.21622,17.82373,4187,301,4,109,1.0293147226361584e+19,GALAXY,0.1204931,9142,57664,619
1.2376788810049787e+18,324.240442737403,-1.67547992171014,21.20056,21.15493,20.82178,20.70134,20.43359,7778,301,4,78,1.0293066962012756e+19,QSO,2.025463,9142,57664,327
1.2376571909036447e+18,356.499537572936,-0.16241774053732,23.26047,21.73289,21.12461,20.93304,20.9364,2728,301,3,389,1.0311180316568736e+19,STAR,-0.0005610557,9158,57664,687
1.2376569063537382e+18,356.987183509307,-0.859259094899845,22.64029,21.86101,21.83838,22.21094,21.78464,2662,301,1,262,1.0311044801760614e+19,QSO,2.263692,9158,57664,194
1.23766345777945e+18,323.937823448932,0.138498104296264,21.09737,18.95418,17.91123,17.51873,17.15684,4187,301,4,109,1.0293145027338328e+19,GALAXY,0.1217797,9142,57664,611
1.2376788810051095e+18,324.520875669949,-1.69248591043872,21.40714,21.28045,21.07149,20.92364,20.35126,7778,301,4,80,1.0293057891041829e+19,QSO,0.830788,9142,57664,294
1.237680504502618e+18,332.316208957156,30.8091273202077,23.29177,23.85814,22.01626,20.73896,19.96731,8156,301,4,78,8.678647441879489e+18,GALAXY,0.6734682,7708,57664,767
1.2376569063539343e+18,357.325422954437,-0.977333692982827,22.06619,22.22554,22.07525,21.6432,20.63668,2662,301,1,265,1.0311020612504803e+19,QSO,1.12485,9158,57664,106
1.237663783122109e+18,356.41964453837,-0.781944548525868,22.68184,21.46273,21.00616,20.80207,20.89698,4263,301,2,92,1.031110087685363e+19,STAR,4.173449e-05,9158,57664,398
1.2376634792553364e+18,325.475461036253,0.116041094612842,24.26105,23.07777,22.38901,21.35173,19.83913,4192,301,4,125,1.0293236836559247e+19,GALAXY,0.7469476,9142,57664,945
1.2376788810047163e+18,323.673568372502,-1.52726390188938,20.2706,19.87192,19.76391,19.49447,19.42681,7778,301,4,74,1.0293103245896473e+19,QSO,1.572561,9142,57664,459
1.2376569063536727e+18,356.818379721552,-0.914005100842464,22.00218,21.63368,21.01538,20.46341,20.78607,2662,301,1,261,1.0311066242237356e+19,QSO,0.6853146,9158,57664,272
1.2376805050397496e+18,332.901494256918,31.4668658511759,20.97908,19.74641,19.9936,21.61898,18.94538,8156,301,5,82,8.678673830158555e+18,STAR,-5.339431e-05,7708,57664,863
1.2376788810049132e+18,324.16090526182,-1.67358949769429,20.98197,20.87641,20.81747,20.49781,20.219,7778,301,4,77,1.0293078781762757e+19,QSO,1.720175,9142,57664,370
1.23767888100511e+18,324.51933182447,-1.5840813943503,22.21158,22.0949,22.1576,21.93911,21.8496,7778,301,4,80,1.0293059540309268e+19,STAR,0.001960231,9142,57664,300
1.2376637841958508e+18,356.502029424796,0.166019559717553,23.50965,21.55772,20.15385,19.6348,19.24286,4263,301,4,92,1.0311188013150132e+19,GALAXY,0.2748365,9158,57664,715
1.2376637831223055e+18,356.869601201748,-0.782368138356211,22.8241,22.3795,22.45648,21.91117,21.49681,4263,301,2,95,1.0311057446144332e+19,QSO,1.604199,9158,57664,240
1.2376634792557292e+18,326.364651552171,0.0670878996057726,25.93328,22.04602,20.98915,20.61279,20.46175,4192,301,4,131,1.0294290718471248e+19,STAR,-0.0001265319,9143,57665,683
1.237663479255663e+18,326.165586647761,0.1904658240564,23.75599,22.84687,21.93905,21.57089,21.76118,4192,301,4,130,1.0294281097744505e+19,STAR,-0.0006685477,9143,57665,648
1.2376634792555983e+18,326.128201286724,0.0083778833664048,22.41152,22.2759,21.91896,21.58223,21.20962,4192,301,4,129,1.02942690031166e+19,GALAXY,1.030899,9143,57665,604
1.237663479255664e+18,326.182196482789,0.0525795552288596,25.76163,23.09392,21.99527,20.68962,19.89324,4192,301,4,130,1.0294283021889851e+19,GALAXY,0.7655861,9143,57665,655
1.2376634792556636e+18,326.195829544558,0.0947829237623177,24.80366,22.77427,21.73852,21.50666,21.24712,4192,301,4,130,1.029428164750032e+19,GALAXY,0.5605834,9143,57665,650
1.237663479255467e+18,325.755450831077,0.0111505685859904,22.8975,21.80863,21.00063,20.61551,20.49698,4192,301,4,127,1.029424371434916e+19,GALAXY,0.2085055,9143,57665,512
1.237663479255794e+18,326.576032963387,0.192417374180716,21.89204,20.20197,19.5078,19.13453,18.97137,4192,301,4,132,1.0294309135291e+19,STAR,-0.0002262489,9143,57665,750
1.2376634792555323e+18,325.843358812138,0.0290552499792344,22.029,21.5462,21.37851,20.83297,20.78609,4192,301,4,128,1.029426075677939e+19,QSO,1.86823,9143,57665,574
1.2376634792561226e+18,327.236414176926,0.146625012450847,25.27025,23.12677,22.19393,20.9224,19.95898,4192,301,4,137,1.0294352840878215e+19,QSO,7.011245,9143,57665,909
1.2376634792555976e+18,326.059682318316,0.0919254525227583,22.56476,22.18431,21.8218,21.89152,20.96889,4192,301,4,129,1.0294270927261948e+19,QSO,1.358107,9143,57665,611
1.237663479255729e+18,326.333311106882,0.0884645640498981,23.44777,22.14593,21.77171,21.49957,20.83097,4192,301,4,131,1.0294291817982876e+19,QSO,2.30055,9143,57665,687
1.2376634792560563e+18,327.0265727773,0.007385961164936,22.52342,21.7378,21.65797,21.3567,20.94382,4192,301,4,136,1.0294337722593335e+19,QSO,0.7686064,9143,57665,854
1.2376634792558597e+18,326.602754904781,0.0570848963090376,19.37444,19.07858,18.93661,18.99877,18.85709,4192,301,4,133,1.029431023480264e+19,QSO,0.8833735,9143,57665,754
1.2376634792560563e+18,327.054638365695,0.190222273747352,24.00376,23.27118,22.21856,21.97236,21.6706,4192,301,4,136,1.029433552357008e+19,QSO,2.087569,9143,57665,846
1.2376802430660774e+18,11.6601177855401,-6.94020930232527,21.5149,21.73071,21.59513,21.59201,21.39186,8095,301,5,377,8.900261157316876e+18,QSO,2.025117,7905,57666,81
1.2376805050405363e+18,334.93967202895,31.9007654147781,23.87414,23.47394,21.90582,20.61573,19.67183,8156,301,5,94,8.679792583273372e+18,STAR,9.795876e-05,7709,57666,837
1.2376805050400776e+18,333.732637927368,31.6665102526741,22.54367,21.16422,20.54722,20.33748,19.76289,8156,301,5,87,8.67973788256989e+18,QSO,0.7226948,7709,57666,638
1.237678881006618e+18,327.931296921505,-1.67980619834045,26.11144,25.21053,23.71645,21.29084,19.4494,7778,301,4,103,1.0295330306732087e+19,STAR,-7.517254e-05,9144,57666,369
1.237679323388052e+18,11.6852967521203,-4.83840228607719,24.46847,23.592,21.6805,20.63587,19.89027,7881,301,4,100,8.90049920158429e+18,GALAXY,0.5900896,7905,57666,947
1.23768050450373e+18,335.124986678357,31.5732300561122,23.66369,21.74106,20.29188,19.30606,18.87232,8156,301,4,95,8.679806602046626e+18,STAR,-6.106934e-05,7709,57666,888
1.2376793228509847e+18,11.2329516370549,-5.37819434197352,22.64353,23.41624,22.08016,20.61265,19.91955,7881,301,3,97,8.90047116403778e+18,GALAXY,0.7636107,7905,57666,845
1.2376793228511813e+18,11.7550145487157,-5.34824067567574,27.64246,22.94404,22.11797,20.6212,19.67573,7881,301,3,100,8.900507447921498e+18,GALAXY,0.4738394,7905,57666,977
1.237679322851312e+18,12.0524694534994,-5.22238836582906,22.15463,21.01566,20.83664,20.87034,20.59804,7881,301,3,102,8.900508822311034e+18,QSO,2.454266,7905,57666,982
1.2376805050407987e+18,335.467531107545,32.1195519535604,21.66862,21.31803,20.78284,20.59278,20.34546,8156,301,5,98,8.679823094721043e+18,QSO,2.313173,7709,57666,948
1.237680505040603e+18,335.142298081199,31.9336951515332,23.20756,22.01034,21.83266,21.80203,21.68032,8156,301,5,95,8.679803853267556e+18,QSO,2.657408,7709,57666,878
1.2376634792563835e+18,327.835793927433,0.0857537531637309,21.58591,20.53871,24.58663,23.32948,19.15491,4192,301,4,141,1.0295386656703e+19,STAR,7.537728e-06,9144,57666,574
1.2376634792569743e+18,329.251132358526,0.163966493711069,22.73204,22.57828,22.23888,21.99561,22.588,4192,301,4,150,1.029547929055765e+19,QSO,1.128095,9144,57666,911
1.2376805050405368e+18,334.876450360718,32.0198931349051,22.25094,22.06504,21.71733,21.77039,21.63683,8156,301,5,94,8.679791483761744e+18,QSO,1.343643,7709,57666,833
1.2376793228511155e+18,11.5294605186522,-5.38661063534826,25.66667,23.82189,22.12307,20.71385,19.80588,7881,301,3,99,8.900493154270338e+18,GALAXY,0.7587956,7905,57666,925
1.237663479256646e+18,328.481884840958,0.153774168349885,22.12489,20.51474,19.80622,19.58302,19.45334,4192,301,4,145,1.0295436409604168e+19,QSO,1.358516,9144,57666,755
1.2376805050400778e+18,333.670416006485,31.6715173075512,20.80492,20.64243,20.55156,20.55487,20.27282,8156,301,5,87,8.679738432325704e+18,QSO,2.138698,7709,57666,640
1.2376634792564495e+18,328.064314326999,0.167589873228586,21.62727,21.40104,21.0602,21.02164,20.76765,4192,301,4,142,1.029539572767394e+19,QSO,1.144082,9144,57666,607
1.2376634792563845e+18,327.89492399987,0.0043895782350648,23.49876,22.64651,21.91642,20.73256,19.91855,4192,301,4,141,1.0295385832069288e+19,GALAXY,0.673866,9144,57666,571
1.2376571909047583e+18,359.015366809862,-0.165903444417756,21.71153,21.52943,21.75883,21.96773,22.51879,2728,301,3,406,1.031233727771262e+19,GALAXY,0.02620292,9159,57666,800
1.2376793223135237e+18,9.91013391347462,-5.69222576854413,21.57374,19.92485,19.21845,18.94273,18.82091,7881,301,2,88,8.900396122369186e+18,STAR,-0.0001579689,7905,57666,572
1.2376805050404055e+18,334.584522642566,31.9058548468654,21.94181,21.76272,21.43609,21.16117,21.09925,8156,301,5,92,8.679769768407094e+18,QSO,1.876312,7709,57666,754
1.2376805050405368e+18,334.903179966813,31.9392152616368,21.19797,20.48976,20.35921,20.26374,20.03006,8156,301,5,94,8.679792033517559e+18,QSO,2.294882,7709,57666,835
1.2376793223141788e+18,11.4028831082285,-5.78916779704726,21.94997,21.58617,21.24499,21.19262,20.76425,7881,301,2,98,8.900484358177315e+18,STAR,0.0002019381,7905,57666,893
1.2376634792569743e+18,329.211912512694,0.0654374952745719,22.73702,23.97883,21.79243,20.50449,19.84694,4192,301,4,150,1.029548039006928e+19,GALAXY,0.7040147,9144,57666,915
1.2376802430656187e+18,10.5892925959876,-6.99781693893351,22.21286,22.09137,21.9359,21.57677,21.49799,8095,301,5,370,8.900319156555241e+18,QSO,1.997164,7905,57666,292
1.2376634792568428e+18,328.923703703708,0.0533460025448542,21.38716,21.36976,21.07391,21.05924,20.82454,4192,301,4,148,1.0295464172272767e+19,QSO,1.087788,9144,57666,856
1.2376805050407334e+18,335.355502723398,32.0404660608366,21.87416,21.99861,21.65438,21.54979,21.16357,8156,301,5,97,8.679812099604765e+18,QSO,0.9893081,7709,57666,908
1.2376802436030144e+18,11.7227507377224,-6.42758072403997,22.73057,24.03476,22.09858,20.49602,19.37676,8095,301,6,378,8.900255659758737e+18,GALAXY,0.8078355,7905,57666,61
1.2376634792564495e+18,328.056809178139,0.138445259838918,22.4843,21.8559,21.62255,21.2144,21.23826,4192,301,4,142,1.0295396002551849e+19,QSO,1.704727,9144,57666,608
1.237679436128584e+18,358.884044694503,-1.63017665281932,19.45386,18.55275,17.73959,17.35129,17.11208,7907,301,6,64,1.03121860948638e+19,GALAXY,0.1134052,9159,57666,250
1.237680505040798e+18,335.591476561066,32.1337785491211,23.83754,24.20814,22.85278,21.23669,19.47845,8156,301,5,98,8.679821720331508e+18,STAR,-0.0001993068,7709,57666,943
1.237663479256515e+18,328.20457380495,0.0119479240692273,23.02636,22.42722,22.14133,22.00328,22.26911,4192,301,4,143,1.0295409746447194e+19,QSO,1.202644,9144,57666,658
1.2376805045030748e+18,333.443327376219,31.0940385428099,24.33778,23.24314,21.43328,20.35134,19.65285,8156,301,4,85,8.679683181866408e+18,GALAXY,0.5405598,7709,57666,439
1.2376805050406024e+18,334.986939440772,32.0572672903776,24.49966,22.25857,21.32913,20.27175,19.53686,8156,301,5,95,8.679801379366394e+18,STAR,-0.0002144292,7709,57666,869
1.237663479256646e+18,328.422995356881,0.0003081688010586,22.16858,20.86513,20.2322,20.65049,20.0539,4192,301,4,145,1.0295420741563472e+19,STAR,-5.283935e-05,9144,57666,698
1.2376801227844493e+18,9.64945249470067,-6.67883428648683,26.4606,22.98301,21.52645,20.43177,19.47141,8067,301,5,33,8.900354066049424e+18,GALAXY,0.6414348,7905,57666,419
1.237663479256515e+18,328.14985150625,0.0754534386021027,22.40324,22.55701,22.41958,21.67005,21.3098,4192,301,4,143,1.0295396827185568e+19,QSO,1.747264,9144,57666,611
1.2376805050398152e+18,333.090509294979,31.503905077807,24.7449,21.65965,21.45941,20.27912,18.51579,8156,301,5,83,8.679705721854777e+18,STAR,-4.718183e-06,7709,57666,521
1.237663478725412e+18,341.375836132051,-0.229113619503306,22.60289,23.18263,22.95096,21.85841,21.22903,4192,301,3,231,1.0366219944560187e+19,GALAXY,0.956165,9207,57667,216
