obj_ID,alpha,delta,u,g,r,i,z,run_ID,rerun_ID,cam_col,field_ID,spec_obj_ID,class,redshift,plate,MJD,fiber_ID
1.237657190914524e+18,21.2395258554973,-0.182596235255573,23.09234,23.35898,22.79645,23.59754,22.45308,2728,301,3,555,9.89667927125422e+18,QSO,1.379565,8790,57363,69
1.237666339727344e+18,20.0510031824648,0.400487138581041,23.16845,22.57566,22.84155,22.19415,22.46953,4858,301,4,488,9.89687086115536e+18,QSO,1.728237,8790,57363,766
1.2376663397272133e+18,19.6516221462866,0.269647260760039,22.64888,23.53151,21.56325,20.64529,20.03779,4858,301,4,486,9.89684997043443e+18,GALAXY,0.5139849,8790,57363,690
1.237666339726885e+18,18.9286219273034,0.36456452284424,22.33335,21.82357,21.6082,21.29207,21.64141,4858,301,4,481,9.896804890457692e+18,GALAXY,0.1356598,8790,57363,526
1.2376727961071785e+18,2.10954307156243,-4.99067014791771,22.17695,21.56991,21.523,21.34891,21.05143,6361,301,6,34,8.89239084800176e+18,QSO,2.244922,7898,57363,121
1.2376790791269258e+18,2.18351690780598,-4.20222384926724,22.1906,21.70447,21.70196,21.57208,21.2814,7824,301,5,331,8.892388374100597e+18,QSO,2.421215,7898,57363,112
1.237663785279619e+18,19.3270848503285,0.868474716557245,24.87247,22.46824,21.84583,21.76208,21.52817,4263,301,6,245,9.896834027515828e+18,QSO,0.8717762,8790,57363,632
1.2376802843837734e+18,16.3604129582234,28.9387039131912,25.89026,25.41963,23.21371,21.48507,19.75451,8105,301,2,51,8.643773676775561e+18,STAR,1.414798e-05,7677,57363,873
1.2376727944962376e+18,0.711032595001058,-4.8448804492231,19.83712,19.72261,19.47498,18.57312,17.92602,6361,301,3,29,8.892481832588957e+18,STAR,3.003214e-05,7898,57363,452
1.2376663397276063e+18,20.646116854004,0.407196804328147,22.70201,21.6382,20.77253,20.34563,20.39538,4858,301,4,492,9.896904396260004e+18,GALAXY,0.497291,8790,57363,888
1.237663204923343e+18,20.9707675526516,0.78515049082334,23.60779,22.72615,22.51541,22.30443,22.16145,4128,301,5,263,9.896922813079771e+18,QSO,1.02104,8790,57363,955
1.2376632049226225e+18,19.266275102456,0.791546910809886,23.01516,22.33941,21.82541,21.61158,21.33084,4128,301,5,252,9.896824131911178e+18,STAR,-0.0008693715,8790,57363,596
1.2376794334456712e+18,2.12681475858675,-3.57420575162639,20.10146,19.94904,19.85942,19.57881,19.5741,7907,301,1,86,8.892602778868013e+18,QSO,1.894645,7898,57363,892
1.2376663397272783e+18,19.8113755610725,0.310297783607014,24.46314,21.81649,21.44576,21.06557,21.13848,4858,301,4,487,9.896860965550709e+18,GALAXY,0.1154673,8790,57363,730
1.2376637852800128e+18,20.256935560685,1.00619020377116,23.60159,22.41998,22.16677,22.16993,21.10228,4263,301,6,251,9.89688790358559e+18,QSO,2.967228,8790,57363,828
1.2376637847430764e+18,20.0958700032943,0.596011008726093,25.08529,22.89574,22.27369,21.98175,21.87799,4263,301,5,250,9.896880756760009e+18,QSO,3.565778,8790,57363,802
1.2376803316431596e+18,7.95140744331991,29.2332160382943,23.34213,21.7391,21.35271,21.26149,22.15677,8116,301,2,276,8.685294809253173e+18,QSO,3.267237,7714,57363,374
1.237666339727016e+18,19.2049842071314,0.255730487863817,22.21282,22.39969,21.68927,21.52419,20.83603,4858,301,4,483,9.89681671020769e+18,GALAXY,0.5103106,8790,57363,569
1.2376663397271475e+18,19.5407216277746,0.36617234997474,21.88867,20.29361,18.9317,18.41616,17.99719,4858,301,4,485,9.89684832116699e+18,QSO,0.2746004,8790,57363,684
1.2376794339820838e+18,1.16620585616701,-3.31762250603091,24.1524,22.99493,21.48699,20.43595,19.60829,7907,301,2,79,8.892534334269184e+18,GALAXY,0.6518356,7898,57363,643
1.2376727961068508e+18,1.89437334510379,-4.32023573967036,22.92763,21.89076,21.71342,21.48922,20.95504,6361,301,6,29,8.892407615554083e+18,QSO,2.195683,7898,57363,182
1.237663785279619e+18,19.3236445337521,0.941717944253123,24.8747,23.39403,22.21954,21.64695,21.30196,4263,301,6,245,9.896831003858852e+18,QSO,4.531965,8790,57363,621
1.2376663397266888e+18,18.5150318621117,0.215678446949482,23.28073,22.86296,22.45875,21.88468,22.75531,4858,301,4,478,9.896800767289088e+18,QSO,1.182485,8790,57363,511
1.2376637831319388e+18,18.8838150689202,-0.812664636117845,18.81028,18.66451,18.84692,19.10104,19.50648,4263,301,2,242,9.896785649004206e+18,GALAXY,1.787333,8790,57363,456
1.237663785279947e+18,20.0900180877122,1.03832430104152,22.39866,22.51998,22.29581,22.0315,21.60295,4263,301,6,250,9.896877183347218e+18,QSO,0.9872686,8790,57363,789
1.2376727961070477e+18,2.14390733451455,-4.76539997475289,23.62055,21.69394,21.39374,21.32328,21.8969,6361,301,6,32,8.892391947513387e+18,QSO,2.921346,7898,57363,125
1.2376794345190203e+18,1.25677471424243,-2.86311138894562,22.98823,22.81561,21.36207,20.24606,19.47551,7907,301,3,80,8.892542580606392e+18,GALAXY,0.6127898,7898,57363,673
1.2376727961061952e+18,1.18895891460647,-3.01250709481139,21.11271,20.32258,20.06668,20.00457,19.83164,6361,301,6,19,8.892542855484299e+18,QSO,2.544239,7898,57363,674
1.2376637825959206e+18,20.9218359742257,-1.09787352328424,22.92022,21.00954,19.59976,19.01683,18.69919,4263,301,1,255,9.896661679068174e+18,QSO,0.2521955,8790,57363,5
1.2376803316460424e+18,15.3232834360296,28.8758843650782,20.49549,20.51134,20.42092,20.12463,19.90461,8116,301,2,320,8.64371897607208e+18,QSO,1.923871,7677,57363,674
1.2376727944958446e+18,0.297778785283242,-4.04719154683157,21.64767,21.47379,21.37595,21.24393,21.18001,6361,301,3,23,8.892492827705235e+18,QSO,1.501719,7898,57363,492
1.237666339727082e+18,19.3648396598835,0.301409182028991,23.50499,22.21652,20.9044,20.299,19.76321,4858,301,4,484,9.896829079713503e+18,GALAXY,0.4389746,8790,57363,614
1.2376632049230812e+18,20.4107197770271,0.707231958281926,23.73458,22.54339,21.56756,21.64347,20.78905,4128,301,5,259,9.896890102608845e+18,QSO,1.142646,8790,57363,836
1.2376727961071782e+18,2.17293535705238,-5.06606124371973,21.45869,20.90976,20.81599,20.55208,20.4968,6361,301,6,34,8.89238177703083e+18,QSO,1.575539,7898,57363,88
1.237663204922557e+18,19.1688392724122,0.783422488750726,24.53986,23.15095,22.12358,21.23213,21.16246,4128,301,5,251,9.896822757521646e+18,GALAXY,0.6097823,8790,57363,591
1.2376663397272783e+18,19.8894017373901,0.230456260601566,22.62881,22.42146,22.13051,21.0668,20.13943,4858,301,4,487,9.896871410911173e+18,GALAXY,0.8765796,8790,57363,768
1.2376637825953956e+18,19.6897080398169,-1.05881913613971,29.23438,25.40505,17.51251,16.55034,23.5446,4263,301,1,247,9.896750464632115e+18,STAR,-0.0001673205,8790,57363,328
1.2376663397272123e+18,19.7163862716519,0.280704645072595,25.25903,22.99599,23.52649,23.57319,22.40707,4858,301,4,486,9.896848596044896e+18,QSO,1.285356,8790,57363,685
1.2376637852800128e+18,20.3255475832302,0.86638077747293,23.23452,22.20686,21.99573,21.8898,22.26396,4263,301,6,251,9.896889003097215e+18,STAR,-0.0004246594,8790,57363,832
1.2376727961067195e+18,1.69978975199336,-4.12349268776063,22.69862,21.89949,21.66676,21.18707,20.66225,6361,301,6,27,8.892421634327338e+18,QSO,0.63739,7898,57363,233
1.2376727961064576e+18,1.48835857943868,-3.53533709131681,22.24615,21.74016,21.51713,21.31455,20.74786,6361,301,6,23,8.892559348158715e+18,QSO,0.7417986,7898,57363,734
1.237666339727082e+18,19.403627462059,0.334540399568312,22.41265,22.30893,21.46115,20.98545,20.33715,4858,301,4,484,9.896837326050712e+18,QSO,0.9582849,8790,57363,644
1.237666338116928e+18,20.4442112124803,-1.00676530555055,23.51378,22.34733,22.12372,21.78855,21.58761,4858,301,1,491,9.896709232946078e+18,GALAXY,1.100968,8790,57363,178
1.2376737061149747e+18,114.698208928238,41.6586633306378,22.86354,21.97079,21.60236,21.36222,20.77052,6573,301,5,211,9.333879401186875e+18,QSO,2.203783,8290,57364,615
1.2376637831340365e+18,23.7903230390378,-0.795989097953587,23.33733,23.44321,22.71992,23.10716,22.24729,4263,301,2,274,9.899026728596296e+18,QSO,1.377149,8792,57364,417
1.237663783134298e+18,24.2837140538595,-0.790487573671161,24.00044,22.14554,21.57306,20.9104,21.1937,4263,301,2,278,9.89899319349165e+18,QSO,1.397661,8792,57364,295
1.2376786614235308e+18,358.885333966052,4.56481304985109,26.26539,23.32694,21.61087,20.37859,19.72651,7727,301,3,59,9.842630028428595e+18,GALAXY,0.7102112,8742,57364,47
1.2376737066519114e+18,114.704083698453,42.0521623480999,23.69793,23.82577,22.05626,20.80947,19.98892,6573,301,6,212,9.333876652407804e+18,GALAXY,0.6130536,8290,57364,605
1.2376737066525005e+18,116.462625712657,42.4020218369312,21.8678,21.65249,21.56456,21.10458,21.08621,6573,301,6,221,9.33395114432059e+18,QSO,1.764888,8290,57364,876
1.2376737055782344e+18,115.160254412631,41.3203417460808,20.73904,20.5874,20.24564,20.11355,20.21749,6573,301,4,213,9.333812056099674e+18,QSO,1.327901,8290,57364,370
1.2376696795764495e+18,358.107742869913,6.55630961570094,23.80355,24.88152,22.83747,20.3921,19.2819,5636,301,1,109,9.842824641986712e+18,STAR,-0.0001615611,8742,57364,755
1.237680309621949e+18,9.0507722219761,31.3264107242738,21.40953,21.16156,21.20649,20.88391,20.76538,8111,301,1,131,8.686413012595399e+18,QSO,1.756831,7715,57364,346
1.2376637825976243e+18,24.7944678249499,-1.08707041575734,23.72915,22.60419,22.3133,22.36438,22.26206,4263,301,1,281,9.898957459363748e+18,GALAXY,1.100978,8792,57364,165
1.2376737061151703e+18,115.395801315465,41.7199376845807,22.4193,22.16366,21.80331,21.47919,21.48272,6573,301,5,214,9.333900017029896e+18,QSO,1.217295,8290,57364,690
1.2376637831341015e+18,23.8556449347927,-0.683674144910932,18.43382,17.45777,17.1802,17.06554,17.04884,4263,301,2,275,9.899017932503278e+18,STAR,-2.158035e-05,8792,57364,385
1.2376737066524344e+18,116.341579474915,42.3009236185159,20.20111,20.09843,19.89798,19.77709,19.79844,6573,301,6,220,9.33395086944268e+18,QSO,1.318569,8290,57364,875
1.2376737066524352e+18,116.334037034035,42.4303794461759,22.30337,22.30001,21.69113,21.65346,22.68009,6573,301,6,220,9.33394922017524e+18,QSO,1.241493,8290,57364,869
1.2376737066523694e+18,116.229474312465,42.2936871802968,21.56088,21.62958,21.50084,21.35592,21.26199,6573,301,6,219,9.33394014920431e+18,QSO,1.436498,8290,57364,836
1.237651496292648e+18,116.057839550393,41.7104781089488,24.15837,23.41559,22.07952,20.84216,19.86554,1402,301,4,65,9.33393382701245e+18,GALAXY,0.9487855,8290,57364,813
1.2376803096218831e+18,8.84235065262368,31.1924328485494,21.45431,21.66004,21.67171,21.32281,20.91285,8111,301,1,130,8.686411638205864e+18,QSO,1.854673,7715,57364,341
1.237651496829912e+18,116.148187787057,42.6055572033653,25.64511,22.93664,21.17543,20.06407,19.40638,1402,301,5,71,9.33393822505896e+18,GALAXY,0.5334617,8290,57364,829
1.2376803096222766e+18,9.83893346344172,31.1954833711694,21.7811,21.01935,20.45078,20.39384,20.20648,8111,301,1,136,8.686369307008196e+18,STAR,-0.0004325892,7715,57364,187
1.237673705578824e+18,116.999664300774,41.7345401947251,21.88387,21.49291,21.33441,21.18552,20.72376,6573,301,4,222,9.333979181867096e+18,GALAXY,1.067826,8290,57364,978
1.2376637831345608e+18,24.8765651072104,-0.823596881056649,22.97178,22.55817,22.01331,22.01754,21.79442,4263,301,2,282,9.898960757898631e+18,QSO,1.341578,8792,57364,177
1.2376637852815854e+18,23.8273734998814,0.85041795445253,21.35015,20.8006,20.58632,20.13593,20.08804,4263,301,6,275,9.899073182962571e+18,QSO,1.657209,8792,57364,586
1.237673706652566e+18,116.758679586315,42.3689427488273,21.49909,21.39849,21.5186,21.17201,20.58278,6573,301,6,222,9.333959665535703e+18,QSO,2.03741,8290,57364,907
1.237673706652566e+18,116.721707752209,42.5176622808622,22.1704,21.04757,20.87382,20.9182,20.46664,6573,301,6,222,9.33395994041361e+18,QSO,2.516339,8290,57364,908
1.237673706115695e+18,116.761685467557,42.0520307870392,21.74234,21.30964,21.04126,20.5833,20.72421,6573,301,5,222,9.333965437971749e+18,QSO,1.660851,8290,57364,928
1.2376737066525005e+18,116.549836999762,42.3554791594598,21.17814,20.77585,20.59205,20.3781,20.09502,6573,301,6,221,9.333950594564772e+18,QSO,0.678858,8290,57364,874
1.2376737061158917e+18,117.405986690142,42.1035426113542,21.02611,20.61344,20.44059,20.19835,19.78823,6573,301,5,225,9.33398248040198e+18,QSO,2.169221,8290,57364,990
1.2376737055789553e+18,117.306208538576,41.8117751502977,21.40766,21.11078,20.81313,20.41687,20.33732,6573,301,4,224,9.333982205524072e+18,QSO,1.83664,8290,57364,989
1.237678617428296e+18,23.8762963345658,1.24788554203349,23.12304,22.35432,22.32655,22.30652,22.41861,7717,301,1,489,9.899083628323035e+18,GALAXY,0.1533865,8792,57364,624
1.237673705578562e+18,116.1352093953,41.4598421460853,21.11483,20.82434,20.79583,20.69637,20.46379,6573,301,4,218,9.333770824413633e+18,QSO,2.099293,8290,57364,220
1.237663783134888e+18,25.6269328742027,-0.818750853959303,21.36224,20.47222,20.04027,19.80409,19.95952,4263,301,2,287,9.898925298648635e+18,GALAXY,0.0171213,8792,57364,48
1.2376737061151708e+18,115.338025758675,41.7072986699246,21.51488,21.42688,21.04683,21.00158,20.6889,6573,301,5,214,9.33390056678571e+18,QSO,1.17856,8290,57364,692
1.2376737061156948e+18,116.853046314252,42.0670439203227,21.81614,22.34572,21.56032,22.17046,21.2848,6573,301,5,222,9.333964888215937e+18,QSO,1.30983,8290,57364,926
1.2376737066520417e+18,115.055846721639,42.2005650102075,21.14443,21.15906,20.85494,20.47411,20.30551,6573,301,6,214,9.333887372646177e+18,QSO,1.902148,8290,57364,644
1.237663782597624e+18,24.7049499046096,-1.19135146899381,21.19623,19.61314,18.61617,18.16203,17.79212,4263,301,1,281,9.898967904724214e+18,GALAXY,0.1830815,8792,57364,203
1.2376737066520417e+18,115.23185992638,42.169762832075,20.38727,20.40743,20.13732,20.05181,20.03502,6573,301,6,214,9.333898367762457e+18,QSO,1.213464,8290,57364,684
1.2376737066519764e+18,114.848191110908,42.2246952690575,22.34671,22.08871,21.0474,20.29522,20.27898,6573,301,6,213,9.3338763775299e+18,QSO,1.511056,8290,57364,604
1.237673706652631e+18,116.833574180089,42.5953702458403,18.64852,17.63333,17.26847,17.13339,17.0819,6573,301,6,223,9.333969286262446e+18,STAR,-0.0007222867,8290,57364,942
1.2376737055783654e+18,115.618393244513,41.4940439776644,21.89184,22.00321,21.60542,21.48058,21.24003,6573,301,4,215,9.33379253976828e+18,QSO,1.290692,8290,57364,299
1.237663782597297e+18,24.0782651175884,-1.22015912998064,24.54915,22.14157,21.37467,20.91155,20.33908,4263,301,1,276,9.899000615195138e+18,GALAXY,0.2603031,8792,57364,322
1.2376637831344297e+18,24.574479857011,-0.799501095012422,25.00249,22.38386,21.93888,21.89643,22.61078,4263,301,2,280,9.898982748131189e+18,STAR,-0.0005120331,8792,57364,257
1.23767866142281e+18,357.205108903479,4.58087530132606,22.64484,24.04434,22.18904,20.70986,19.90382,7727,301,3,48,9.842740529347189e+18,GALAXY,0.7427602,8742,57364,449
1.2376737055784965e+18,116.017550207952,41.46356359188,21.08234,20.93204,20.94128,20.68935,19.99906,6573,301,4,217,9.333786767332235e+18,QSO,2.021291,8290,57364,278
1.2376637825974927e+18,24.4167425862852,-1.17694608830132,21.45946,21.28842,20.69252,20.36087,19.87392,4263,301,1,279,9.898980274230024e+18,GALAXY,0.4680991,8792,57364,248
1.237673706114843e+18,114.27967718592,41.5659300524935,20.48342,20.30348,20.14983,19.68881,19.54312,6573,301,5,209,9.33385741095432e+18,QSO,1.89299,8290,57364,535
1.2376803096216207e+18,8.20758177826349,31.3776827257721,25.77215,23.06404,21.37827,18.66998,17.19771,8111,301,1,126,8.686448471845395e+18,STAR,-0.000151219,7715,57364,475
1.2376737061154327e+18,116.136727918924,41.9286346828302,21.70273,20.01572,19.28687,19.02355,18.83616,6573,301,5,218,9.333941798471752e+18,STAR,2.796217e-05,8290,57364,842
1.2376637836714972e+18,25.0541383473849,-0.349953218521103,24.28919,22.65578,21.65049,20.69501,20.41271,4263,301,3,283,9.898953336195144e+18,GALAXY,0.613026,8792,57364,150
1.2376737055783652e+18,115.62176776773,41.3206699343935,20.83937,18.54247,17.50734,17.0587,16.7846,6573,301,4,215,9.33379089050084e+18,STAR,-9.298361e-06,8290,57364,293
1.2376737066524344e+18,116.303082546654,42.4559803995346,18.47633,17.30546,17.24116,17.3278,17.37114,6573,301,6,220,9.333948945297332e+18,STAR,-9.275888e-05,8290,57364,868
1.237673705578562e+18,116.208295847862,41.5258287726502,21.58797,21.62312,21.59745,22.00898,21.93153,6573,301,4,218,9.333769450024096e+18,STAR,-0.0005608723,8290,57364,215
1.2376803337916915e+18,10.6825777440597,30.8926822191004,23.40768,23.26282,21.68125,20.61048,19.91149,8116,301,6,292,8.686331373857036e+18,GALAXY,0.5730586,7715,57364,49
1.2376737066521723e+18,115.538781822146,42.1778204100247,20.09247,19.86248,19.72474,19.65303,19.45618,6573,301,6,216,9.333908538245014e+18,QSO,0.7851306,8290,57364,721
1.2376637847450427e+18,24.6475891244288,0.553037079875726,23.20624,23.58191,22.36587,21.91066,20.80338,4263,301,5,280,9.899131182200936e+18,GALAXY,1.37238,8792,57364,797
1.2376737061155635e+18,116.3925078145,42.0618989712907,24.32985,23.52323,21.88437,20.4794,19.59535,6573,301,5,220,9.333954167977564e+18,STAR,7.106302e-06,8290,57364,887
1.2376737061147776e+18,114.033239163029,41.6140199077127,21.80359,21.8219,21.67947,21.31866,20.75642,6573,301,5,208,9.3338527380299e+18,QSO,0.8233776,8290,57364,518
1.2376737055786276e+18,116.355552035063,41.4754486564757,22.31427,22.04138,21.60535,21.72511,21.20915,6573,301,4,219,9.333754331739216e+18,QSO,2.277704,8290,57364,160
1.2376637852813235e+18,23.3204969009153,1.01533883454811,24.64599,22.40561,22.03877,21.75266,21.56797,4263,301,6,271,9.899063012480014e+18,QSO,1.053623,8792,57364,549
1.2376803096224732e+18,10.4337245522312,31.231454681179,20.45033,20.29884,19.89288,19.92149,19.74739,8111,301,1,139,8.686343743362848e+18,QSO,1.198327,7715,57364,94
1.237673706115695e+18,116.757749593563,42.1150109516047,22.20391,22.19857,21.68443,21.6205,22.2438,6573,301,5,222,9.3339635138264e+18,GALAXY,0.4932941,8290,57364,921
1.2376576080372045e+18,128.893676303677,41.4726473731337,21.54826,21.91224,21.98061,21.58881,21.45911,2825,301,4,158,9.338256831871738e+18,QSO,2.044496,8294,57365,156
1.2376551072876465e+18,128.424460856346,42.6544493037798,21.81771,21.99938,21.90473,21.56392,21.23595,2243,301,2,84,9.33842368276125e+18,QSO,2.02499,8294,57365,763
1.2376551072875807e+18,128.253473903606,42.5173771256525,20.81991,20.24041,20.15998,20.1874,20.00935,2243,301,2,83,9.338421483738e+18,QSO,2.482213,8294,57365,755
1.237673705045295e+18,127.272519550107,42.472342362904,21.26094,20.97764,20.98619,20.90358,21.07154,6573,301,3,273,9.338372280592652e+18,QSO,1.920373,8294,57365,576
1.23765777016488e+18,128.859895382943,40.572653774624,26.85724,23.84243,21.73872,20.7196,19.4974,2863,301,2,46,9.338258756017084e+18,GALAXY,0.7949861,8294,57365,163
1.2376575962256507e+18,126.5680532824,41.1453638501281,21.14321,20.99989,20.93509,20.68836,20.36009,2822,301,6,152,9.33834809133684e+18,QSO,1.697605,8294,57365,488
1.237657609111077e+18,128.557809174009,42.1530664412533,21.66066,21.53865,21.70365,21.23484,20.98886,2825,301,6,160,9.338441274947295e+18,QSO,1.733318,8294,57365,827
1.237673705045099e+18,126.727577147509,42.3744888454671,21.84916,21.37636,21.22992,20.72321,20.69076,6573,301,3,270,9.338356887429863e+18,QSO,0.536693,8294,57365,520
1.2376737039716844e+18,127.663151569855,41.7102877804409,22.18254,21.88496,21.58671,21.07521,21.57282,6573,301,1,275,9.338399768383349e+18,GALAXY,0.1183255,8294,57365,676
1.23765510728686e+18,126.73954145084,41.3603381482589,20.09229,20.08808,19.85296,19.84102,20.17329,2243,301,2,72,9.338343968168235e+18,QSO,1.34659,8294,57365,473
1.2376737050453612e+18,127.443519693491,42.4636437803291,22.29124,22.01751,21.79522,22.18855,21.44182,6573,301,3,274,9.33838327570893e+18,QSO,0.7691153,8294,57365,616
1.23767370450849e+18,127.57739994365,42.0114910698549,20.10051,19.97854,19.97372,19.70824,19.60688,6573,301,2,274,9.338396469848463e+18,QSO,1.871021,8294,57365,664
1.237673705045295e+18,127.197023298598,42.5381833638051,20.62844,20.38738,20.26714,20.06566,19.95259,6573,301,3,273,9.338371181081025e+18,QSO,1.522086,8294,57365,572
1.237673705045295e+18,127.269330552566,42.5413750177814,21.33967,21.32453,21.19262,20.95287,20.72688,6573,301,3,273,9.338371455958934e+18,QSO,1.787702,8294,57365,573
1.2376576085734856e+18,127.3604957027,40.708541471248,22.69191,22.11974,21.62565,21.09432,20.56445,2825,301,5,149,9.338315930621729e+18,QSO,1.627345,8294,57365,371
1.2376576091114703e+18,129.301858473591,42.8260601434139,20.88057,21.19734,20.83128,20.82183,20.91429,2825,301,6,166,9.338472885906592e+18,QSO,1.05575,8294,57365,942
1.2376786619613847e+18,1.20136631915392,5.14285605288577,24.25639,23.34288,21.4311,20.25006,19.55001,7727,301,4,74,9.840392522316405e+18,GALAXY,0.6656911,8740,57367,99
1.237666215148717e+18,19.0233879752398,25.8596212408862,25.01911,22.47764,22.09262,20.43932,18.54309,4829,301,4,113,8.645790181168011e+18,GALAXY,1.152654,7679,57367,17
1.2376662151486505e+18,18.9719567363328,25.6882037873212,22.62355,21.94298,21.83023,21.44312,21.19651,4829,301,4,112,8.645789906290104e+18,QSO,0.7137707,7679,57367,16
1.2376786619609915e+18,0.18224373885289,5.18792407186449,24.73216,23.77954,21.80427,20.78759,19.83391,7727,301,4,68,9.840446948141982e+18,GALAXY,0.5900814,8740,57367,297
1.2376802752613583e+18,3.77385141553737,26.2864117233912,21.80092,21.55466,21.40097,21.43694,20.80957,8103,301,1,118,8.629166664867666e+18,QSO,2.537137,7664,57367,981
1.2376662151487168e+18,18.9315227806754,25.8200700979483,23.35498,25.31055,22.3178,21.14294,19.97848,4829,301,4,113,8.64578853190057e+18,QSO,0.7146572,7679,57367,11
1.237680275261293e+18,3.5743422684576,26.4340096193242,19.80689,19.48813,19.40089,19.2142,19.12451,8103,301,1,117,8.629158693408365e+18,QSO,1.992069,7664,57367,952
1.237680275261031e+18,2.94319451359161,26.2653752774227,21.35233,20.48049,20.15806,19.96999,20.02071,8103,301,1,113,8.6291284568386e+18,STAR,-0.001276376,7664,57367,842
1.237680275797902e+18,2.99357683606263,26.6476883255149,24.63655,22.51974,21.43406,20.23017,19.55511,8103,301,2,113,8.629135328786273e+18,GALAXY,0.6869565,7664,57367,867
1.2376663090972603e+18,3.74257579648003,24.9305045499766,26.31916,23.07337,21.21101,20.19662,19.49429,4851,301,3,54,8.62890827963514e+18,GALAXY,0.5642955,7664,57367,41
1.2376786614243822e+18,0.900140516686179,4.68091806848942,17.91285,17.00584,16.70847,16.60423,16.56074,7727,301,3,72,9.84040104353152e+18,STAR,-0.0006858049,8740,57367,130
1.2376802757981645e+18,3.65815483196576,26.675376928453,23.34086,23.52347,22.39657,20.883,19.93879,8103,301,2,117,8.629156219507202e+18,GALAXY,0.674728,7664,57367,943
1.2376786614240543e+18,0.180088536105245,4.67733367209817,20.94451,20.78928,20.73029,20.39616,20.57074,7727,301,3,67,9.84045491960128e+18,QSO,1.806885,8740,57367,326
1.237680275261031e+18,2.90142570380056,26.3156396136451,21.49573,21.5472,21.44501,21.35645,22.00817,8103,301,1,113,8.629129006594415e+18,QSO,1.960706,7664,57367,844
1.2376802752608996e+18,2.56425997794372,26.4142221473387,20.18593,19.8321,19.60729,19.24076,19.04768,8103,301,1,111,8.629116911966509e+18,QSO,1.733559,7664,57367,800
1.2376802757979676e+18,3.12794488721198,26.7932952355045,21.99818,27.15748,21.39167,19.98409,18.74382,8103,301,2,114,8.62914467463511e+18,GALAXY,0.879488,7664,57367,901
1.2376802752610964e+18,3.10834380855204,26.3503356774495,21.93144,21.83924,21.85384,21.79498,22.34863,8103,301,1,114,8.629149897315342e+18,QSO,1.400237,7664,57367,920
1.2376543911038817e+18,121.324111741538,40.8962742738256,21.78903,21.8526,21.43851,21.23496,22.07079,2076,301,4,115,9.33606605508761e+18,QSO,1.319475,8292,57373,378
1.237654391104144e+18,121.806502687088,41.3269854355819,24.45346,22.85006,21.79142,20.59594,19.86347,2076,301,4,119,9.336036643151569e+18,QSO,0.7842144,8292,57373,271
1.2376543921778207e+18,120.827132112367,41.6757722791289,23.03477,23.95506,22.36326,20.88021,19.76118,2076,301,6,118,9.33612625334923e+18,GALAXY,0.8569868,8292,57373,597
1.2376737050441157e+18,123.505037528481,42.1884225698275,18.65918,17.56074,17.19536,17.0639,17.02043,6573,301,3,255,9.336233180855034e+18,STAR,-0.0002416552,8292,57373,986
1.237678598633424e+18,13.8460892952119,3.6281618284441,22.44382,23.23115,22.06767,20.88394,19.91209,7712,301,6,422,9.855108935799036e+18,GALAXY,1.175854,8753,57373,389
1.237673705043919e+18,123.065810292458,42.0315405037279,22.38061,22.28636,22.04437,21.56415,21.19213,6573,301,3,252,9.336218612325966e+18,QSO,1.804292,8292,57373,933
1.2376785986336197e+18,14.2861476595596,3.65830289999162,23.23292,21.5546,20.32456,19.57245,19.31362,7712,301,6,425,9.855075950450205e+18,STAR,-9.204252e-05,8753,57373,269
1.2376737050432635e+18,121.000548707327,41.9396910555438,18.7715,17.79523,17.43572,17.29227,17.21989,6573,301,3,242,9.336134774564346e+18,STAR,0.000297142,8292,57373,628
1.237673704506983e+18,122.990764704493,41.5662923240107,21.3579,21.01669,20.85007,20.73524,20.77717,6573,301,2,251,9.335983591715529e+18,QSO,1.634253,8292,57373,78
1.237663783133315e+18,22.1401538854908,-0.807413808104202,22.94276,21.85653,21.6137,21.64456,21.59233,4263,301,2,263,9.897855473985804e+18,STAR,-0.0003389295,8791,57373,252
1.2376535874082575e+18,122.124590440678,40.8270425062814,23.85334,24.0919,21.59916,20.33756,19.68454,1889,301,3,117,9.336020700232964e+18,GALAXY,0.6684639,8292,57373,213
1.23767859863303e+18,12.9766618110309,3.60148504795043,22.79942,21.80094,21.54586,22.08967,21.61258,7712,301,6,416,9.855137248223451e+18,QSO,2.714185,8753,57373,492
1.2376543911040778e+18,121.717344944165,41.2320359806929,24.79176,24.8182,22.39931,21.00707,19.95382,2076,301,4,118,9.336046538756217e+18,STAR,6.87695e-05,8292,57373,307
1.2376737061173985e+18,122.070732732027,42.8442362469497,24.27111,21.68608,21.67095,20.56435,19.83692,6573,301,5,248,9.336171333325967e+18,STAR,-0.0001102592,8292,57373,761
1.2376543916409495e+18,121.210804689371,41.5915830297828,23.68105,25.51945,21.53962,20.38435,19.62528,2076,301,5,118,9.3361487933376e+18,GALAXY,0.692303,8292,57373,679
1.2376543911042747e+18,121.996918652846,41.7402514169519,21.19021,20.82248,20.57305,20.45677,20.41545,2076,301,4,121,9.336181503808526e+18,QSO,1.001829,8292,57373,798
1.237673705043395e+18,121.414611539039,41.8296226906475,21.93674,21.67658,21.18761,20.52991,20.31177,6573,301,3,244,9.336147693825972e+18,QSO,0.5702034,8292,57373,675
1.2376737050434606e+18,121.553830154056,41.8227351866726,21.43338,21.52602,21.2873,21.27246,20.44219,6573,301,3,245,9.336158414064343e+18,QSO,2.041903,8292,57373,714
1.2376543911043402e+18,122.052654562241,41.788151284386,20.54181,20.16474,20.44331,20.5441,20.83924,2076,301,4,122,9.33618205356434e+18,STAR,-0.0001073142,8292,57373,800
1.2376535874081265e+18,122.092194892202,40.5040553112052,24.22171,25.21474,21.71149,20.14,19.36767,1889,301,3,115,9.336029496325986e+18,GALAXY,0.7443635,8292,57373,245
1.2376543916407532e+18,120.896651230672,41.242700698094,24.74098,24.42512,22.19156,20.93469,19.97178,2076,301,5,115,9.33607952410505e+18,GALAXY,0.7800857,8292,57373,427
1.23767859809629e+18,13.3043737268854,3.22364737658411,21.6754,21.7264,21.28242,21.53655,20.99418,7712,301,5,418,9.85512570335136e+18,QSO,1.200511,8753,57373,450
1.2376785986340134e+18,15.312784522696,3.54134055998077,27.21407,24.60717,22.19328,20.86071,19.96013,7712,301,6,431,9.855018775845558e+18,GALAXY,0.8770036,8753,57373,61
1.2376535874081925e+18,122.232976567036,40.7040872458519,22.71143,24.69043,21.53244,20.24502,19.53085,1889,301,3,116,9.336019050965522e+18,GALAXY,0.6712182,8292,57373,207
1.2376511908156544e+18,120.289746656258,41.857301231778,21.04836,20.70452,20.54986,20.539,19.90711,1331,301,3,104,9.336110585308537e+18,QSO,0.7633051,8292,57373,540
1.237678598634144e+18,15.511748721729,3.50778659094564,22.33736,21.71255,21.79008,21.7678,21.65347,7712,301,6,433,9.855008605363e+18,QSO,2.629928,8753,57373,24
1.2376543916407532e+18,120.78057452496,41.1957937781345,24.62267,23.90979,22.09467,20.60517,19.9193,2076,301,5,115,9.336088869953886e+18,GALAXY,0.6601107,8292,57373,461
1.237678598633423e+18,13.867391591985,3.67019384145627,21.06157,20.79873,20.75358,20.62082,20.52836,7712,301,6,422,9.855097390926944e+18,QSO,1.91824,8753,57373,347
1.2376786195714547e+18,14.090667958834,3.07336861514589,25.5242,24.72758,21.61844,20.18389,19.44645,7717,301,5,423,9.855090793857176e+18,GALAXY,0.7207373,8753,57373,323
1.2376737061173985e+18,121.992475839567,42.8001452353927,21.0633,20.97857,20.64248,20.70885,20.52091,6573,301,5,248,9.336166935279458e+18,QSO,1.159577,8292,57373,745
1.2376786216973112e+18,15.6097163863579,4.07536961674498,22.45352,23.04309,22.21659,20.60607,19.94843,7718,301,1,93,9.855005031950211e+18,GALAXY,0.5261329,8753,57373,11
1.237673705043526e+18,121.738981447304,42.0284767304488,22.73388,22.13721,22.00809,21.70767,22.17929,6573,301,3,246,9.336161712599226e+18,QSO,2.44495,8292,57373,726
1.2376543921780173e+18,121.217529260251,42.0716544535172,23.34393,24.43229,22.08104,20.96439,19.66005,2076,301,6,121,9.336144395291089e+18,GALAXY,0.8396707,8292,57373,663
1.2376785980966175e+18,13.9897612367098,3.15862537028914,19.90398,19.97304,19.70924,19.58895,19.68576,7712,301,5,423,9.855093817514154e+18,QSO,1.340525,8753,57373,334
1.237654392178279e+18,121.803821694762,42.6293664280983,23.89387,23.85799,22.28169,20.87726,19.9766,2076,301,6,125,9.33614989284923e+18,GALAXY,0.8062273,8292,57373,683
1.2376785986332273e+18,13.5227174237727,3.7041982382204,24.87643,22.48448,21.83,20.62557,19.77518,7712,301,6,419,9.85512103042694e+18,GALAXY,0.6876585,8753,57373,433
1.2376637847439283e+18,22.0863986891161,0.555094552386452,23.50101,23.57755,22.31573,22.00315,21.55965,4263,301,5,263,9.897984666602068e+18,QSO,1.28301,8791,57373,722
1.2376785980966833e+18,14.2494396311891,3.18874667583105,21.97052,20.56509,20.17834,20.08365,20.20324,7712,301,5,424,9.855080348496712e+18,QSO,3.186078,8753,57373,285
1.2376786222337236e+18,14.6597663185199,4.33168499192511,23.0518,21.77746,20.42794,19.87,19.46684,7718,301,2,86,9.855227408176929e+18,GALAXY,0.2807831,8753,57373,820
1.237678598633424e+18,13.8359947291888,3.64958950413546,25.58668,22.20852,21.50846,20.32414,19.67057,7712,301,6,422,9.855108386043222e+18,GALAXY,0.8787688,8753,57373,387
1.2376632049234094e+18,21.1516348249355,0.810553883985386,23.37006,23.83142,22.32036,22.71061,22.54008,4128,301,5,264,9.897938761991608e+18,QSO,1.307399,8791,57373,555
1.2376785986335547e+18,14.240223036727,3.71898398451495,23.19578,24.41586,22.56765,20.85705,19.82813,7712,301,6,424,9.855085846054853e+18,GALAXY,0.8788713,8753,57373,305
1.237673705580069e+18,120.754668212989,42.190238396385,21.15748,20.77062,20.47217,20.26689,20.59361,6573,301,4,241,9.336104537994582e+18,QSO,1.411817,8292,57373,518
1.2376785980972076e+18,15.4531183905968,3.27985117163041,21.81184,21.31787,21.09504,20.73593,20.70432,7712,301,5,432,9.855016851700208e+18,QSO,1.578904,8753,57373,54
1.2376543921778862e+18,120.738743983017,41.9280271269286,22.51881,24.37154,21.92419,20.66865,19.52476,2076,301,6,119,9.336122405058531e+18,GALAXY,0.8835661,8292,57373,583
1.237654391641212e+18,121.758992679753,42.0816011185169,23.71125,24.03609,21.86874,20.59976,19.53154,2076,301,5,122,9.336161987477131e+18,GALAXY,0.8827754,8292,57373,727
1.2376543916406876e+18,120.714147793411,41.0549908230562,26.19579,24.20709,21.92962,20.5963,19.84957,2076,301,5,114,9.336089969465514e+18,GALAXY,0.653164,8292,57373,465
1.2376786222337236e+18,14.6707380152432,4.38303345571326,23.53747,21.74562,20.67538,20.03878,19.84469,7718,301,2,86,9.85522548403158e+18,GALAXY,0.2784119,8753,57373,813
1.237678621696525e+18,13.8786842247006,4.03983307820743,23.84887,22.86074,21.53916,20.53473,19.83228,7718,301,1,81,9.855111134822294e+18,GALAXY,0.6112591,8753,57373,397
1.23767370504405e+18,123.324936397169,42.1260626129437,22.07975,21.99697,21.52514,21.55426,21.43339,6573,301,3,254,9.336228507930614e+18,QSO,1.090161,8292,57373,969
1.2376786614302807e+18,14.3541928261386,4.64587179878808,22.88417,22.69677,21.32949,20.33648,19.56735,7727,301,3,162,9.855209541112975e+18,GALAXY,0.6095317,8753,57373,755
1.2376785980967488e+18,14.3831352206597,3.21432619593864,21.82154,20.5573,19.94918,19.76057,19.55514,7712,301,5,425,9.855072926793226e+18,STAR,-0.0004402762,8753,57373,258
1.2376543921782797e+18,121.698706895377,42.5708829606235,22.94128,23.91713,22.48104,20.61205,19.76724,2076,301,6,125,9.336141096756206e+18,GALAXY,0.7394291,8292,57373,651
1.237663782596641e+18,22.5513388261004,-1.1672369318864,19.96687,18.95307,17.94419,17.51985,17.20081,4263,301,1,266,9.897830460096272e+18,GALAXY,0.2621701,8791,57373,161
1.2376637847439283e+18,22.0409022237205,0.523326781270134,24.00552,23.90639,22.3966,21.35034,20.41497,4263,301,5,263,9.897985766113696e+18,QSO,2.427086,8791,57373,726
1.237663782596838e+18,22.9454877234154,-1.21115243133513,24.11906,24.25409,22.39835,21.59865,20.63778,4263,301,1,269,9.89780901961953e+18,QSO,0.963184,8791,57373,83
1.2376786222341169e+18,15.4843462468189,4.49091933057181,26.47802,24.59941,22.49571,20.88017,19.88965,7718,301,2,92,9.855268364985063e+18,GALAXY,0.702852,8753,57373,969
1.23767859809688e+18,14.7033917357983,3.18915982619556,21.06145,20.3176,20.04783,19.90143,19.91403,7712,301,5,427,9.855057533630435e+18,STAR,-0.0004662299,8753,57373,202
1.2376637847441252e+18,22.5249532202902,0.574451998220764,22.82957,21.75702,20.35256,19.9549,19.80378,4263,301,5,266,9.89800693171253e+18,GALAXY,0.4929445,8791,57373,803
1.2376637831335777e+18,22.659835298989,-0.683578839847366,23.58139,22.89339,21.82937,21.14159,20.77642,4263,301,2,267,9.897834583264877e+18,QSO,1.447111,8791,57373,176
1.2376637852812582e+18,23.0612959243299,1.04059846411183,25.81307,23.55628,22.71706,23.22207,22.71146,4263,301,6,270,9.89804651413113e+18,QSO,2.692553,8791,57373,947
1.237663782596641e+18,22.5807238562832,-1.15806393127384,21.87504,20.10634,18.93619,18.44826,18.14914,4263,301,1,266,9.897831834485807e+18,GALAXY,0.2562815,8791,57373,166
1.2376637852809295e+18,22.378041344688,0.979969562911549,17.45654,16.64684,16.35664,16.23108,16.26071,4263,301,6,265,9.898003908055554e+18,STAR,-0.0002791351,8791,57373,792
1.237654391104471e+18,122.445467609146,41.8816414030572,21.47921,20.00737,19.45811,19.23885,19.16608,2076,301,4,124,9.336201295017826e+18,STAR,7.362021e-05,8292,57373,870
1.2376737050436572e+18,122.307638816056,42.0364610457027,21.83185,21.50603,21.27691,21.14615,21.40351,6573,301,3,248,9.336190299901549e+18,STAR,-0.0003220262,8292,57373,830
1.237678598097273e+18,15.482702389104,3.22010396145489,21.04255,21.23976,20.99194,20.7526,20.63734,7712,301,5,433,9.855015202432768e+18,QSO,1.701905,8753,57373,48
1.2376786614298875e+18,13.5105364776045,4.64930531936866,25.74586,24.02692,21.59313,20.30522,19.60255,7727,301,3,156,9.855155115287402e+18,GALAXY,0.7282587,8753,57373,557
1.237654391641605e+18,122.409786496532,42.7150980323635,25.18187,24.16131,21.82006,20.58988,19.6819,2076,301,5,128,9.33618562697713e+18,GALAXY,0.7190816,8292,57373,813
1.2376786614305423e+18,14.9904176800028,4.56579670864829,21.78846,20.35966,19.79325,19.56264,19.51328,7727,301,3,166,9.855245824996694e+18,STAR,0.0003351592,8753,57373,887
1.2376785986340127e+18,15.2584606415181,3.66864723794466,21.70261,21.52037,21.58258,21.20084,22.82562,7712,301,6,431,9.855020699990909e+18,QSO,1.592106,8753,57373,68
1.2376737061172677e+18,121.542100777321,42.8012923632124,22.47654,22.10371,22.01863,21.76196,21.61135,6573,301,5,246,9.336141371634113e+18,QSO,1.179352,8292,57373,652
1.2376515387033523e+18,141.069801220302,59.8924145407215,24.28455,22.77148,21.45404,20.44907,19.74662,1412,301,3,33,9.230386769878606e+18,GALAXY,0.6617274,8198,57374,943
1.2376576305975132e+18,164.767369157561,51.6411070568625,24.63465,23.87328,21.76461,20.42811,20.94967,2830,301,6,337,9.193106178871418e+18,GALAXY,0.6495061,8165,57374,485
1.2376613537771686e+18,168.541439994952,57.0077901331118,21.60511,21.11147,20.47744,20.19035,19.85466,3697,301,5,30,9.206560627782604e+18,GALAXY,0.3790803,8177,57374,280
1.237651272427897e+18,139.165005202631,58.9563376060149,21.5554,21.43292,21.44595,21.04454,20.44037,1350,301,3,224,9.23032877064024e+18,QSO,1.691782,8198,57374,732
1.23765758978189e+18,167.131293596039,53.0662288158521,24.36125,26.5183,22.75245,21.67256,18.57136,2821,301,2,132,9.193191391022568e+18,GALAXY,0.2892783,8165,57374,795
1.237651539239567e+18,138.237285540696,59.3105302420173,24.60246,24.44529,21.62716,20.52484,19.61483,1412,301,4,23,9.2302916621228e+18,GALAXY,0.5568169,8198,57374,597
1.2376515397764388e+18,137.480591443412,59.6027060699833,24.45784,23.36096,22.18053,21.03284,19.91075,1412,301,5,23,9.23027736847164e+18,GALAXY,0.9253281,8198,57374,545
1.2376515392395023e+18,138.046969905042,59.1756217761546,23.5749,23.23332,21.64615,20.60221,19.68871,1412,301,4,22,9.230293311390245e+18,QSO,5.605593,8198,57374,603
1.2376576134109596e+18,168.29544714763,57.6441375374215,21.77422,21.78991,21.17277,21.49107,21.62751,2826,301,6,235,9.206682123817474e+18,QSO,1.167699,8177,57374,722
1.2376515338753152e+18,137.896268706401,57.6966903744954,23.4111,20.63286,19.88423,19.65238,19.44772,1411,301,2,91,9.230247406779783e+18,STAR,5.627445e-05,8198,57374,436
1.2376515397766351e+18,138.454759065619,59.7977067761374,20.27402,20.00941,19.79547,19.62132,19.50829,1412,301,5,26,9.230299083826289e+18,QSO,1.919906,8198,57374,624
1.2376515397763727e+18,137.253862241759,59.5135082912272,21.15548,20.72695,20.30702,20.10636,19.93065,1412,301,5,22,9.230279292616989e+18,QSO,1.503196,8198,57374,552
1.2376551067636206e+18,168.834107421402,57.8016268018337,21.48017,21.1509,20.67928,20.1852,19.99511,2243,301,1,280,9.20670136527096e+18,QSO,0.4516494,8177,57374,792
1.2376613537774963e+18,169.841070552871,57.0916864440488,20.81051,20.5016,20.36503,20.21566,20.01285,3697,301,5,35,9.206730777207e+18,QSO,0.8715628,8177,57374,899
1.237651539776504e+18,137.875721637683,59.6757131446763,22.19553,22.17528,21.80235,21.97579,22.05837,1412,301,5,24,9.230290287733266e+18,QSO,1.24932,8198,57374,592
1.2376613537765788e+18,166.120515174096,56.6609452209277,20.79356,20.76224,20.7503,20.40357,20.75831,3697,301,5,21,9.206620276288412e+18,QSO,1.76156,8177,57374,497
1.237657589245084e+18,167.570032483995,52.7220164103407,20.43768,20.38265,20.46427,20.23671,20.17558,2821,301,1,133,9.193204585162104e+18,QSO,1.878683,8165,57374,843
1.2376613537776271e+18,170.505024540137,57.2785139516231,21.12109,20.55441,20.27439,20.16334,19.87668,3697,301,5,37,9.206751393050026e+18,QSO,1.042956,8177,57374,974
1.2376515392400271e+18,139.989905704379,59.9311073067856,23.89205,24.09242,21.65677,20.41693,19.59172,1412,301,4,30,9.230354334285584e+18,GALAXY,0.6978261,8198,57374,825
1.237657612336825e+18,166.916088950899,56.4080748527809,25.06777,26.2639,22.8272,21.11547,19.93504,2826,301,4,229,9.206611480195388e+18,GALAXY,0.9641176,8177,57374,465
1.237651539239306e+18,137.193245121795,58.8714351518065,23.4679,23.85228,21.82977,20.50296,19.67397,1412,301,4,19,9.230268572378618e+18,GALAXY,0.7631047,8198,57374,513
1.2376575892450184e+18,167.435880548845,52.7293250890452,19.74274,19.69509,19.74947,19.52241,19.47544,2821,301,1,132,9.193195514191172e+18,QSO,1.781678,8165,57374,810
1.23765761126e+18,155.841226759089,53.4266863407044,24.12318,23.4564,21.81672,20.73565,19.74022,2826,301,2,182,9.20329947629462e+18,STAR,-0.0001820281,8174,57374,704
1.2376575892451494e+18,167.915557187341,52.7476851873784,20.37962,20.32758,20.27209,20.22262,20.26848,2821,301,1,134,9.193219153691172e+18,QSO,1.290258,8165,57374,896
1.2376576134112873e+18,169.481120213123,57.6350329456174,22.08304,21.30655,21.16786,20.79985,20.5194,2826,301,6,240,9.206725554526772e+18,QSO,0.5933629,8177,57374,880
1.237657589781889e+18,167.241132094863,53.1148713284227,24.63465,21.2127,24.80203,21.04566,22.8269,2821,301,2,132,9.193190016633036e+18,STAR,-0.0001888063,8165,57374,790
1.2376515397763727e+18,137.671581989785,59.4785188886416,21.17711,20.96615,20.54377,20.39654,20.31218,1412,301,5,22,9.23027901773908e+18,QSO,1.406861,8198,57374,551
1.2376515392395023e+18,137.953691438837,59.2571767876805,24.45243,24.17859,22.01033,20.87039,19.75434,1412,301,4,22,9.230282316273963e+18,GALAXY,0.6412748,8198,57374,563
1.2376575908528138e+18,156.765069397256,51.8285092001372,25.08231,23.71972,21.89006,20.7205,19.93024,2821,301,4,89,9.20314581954464e+18,QSO,1.50351,8174,57374,145
1.2376576305984307e+18,167.920026332164,52.118365653632,23.60233,23.54369,23.03305,21.26464,19.9072,2830,301,6,351,9.193004474045848e+18,STAR,-9.774978e-05,8165,57374,115
1.2376576112638036e+18,170.133249984155,56.0922858884548,20.79148,20.57111,20.46412,20.45007,20.439,2826,301,2,240,9.20651060000354e+18,QSO,0.9152384,8177,57374,98
1.2376551067629652e+18,166.170905078923,57.424636484793,21.4897,21.22896,21.30178,21.16865,20.93543,2243,301,1,270,9.206625773846552e+18,GALAXY,0.0,8177,57374,517
1.2376613537768407e+18,167.399120857921,56.8020636432912,20.88152,20.44974,20.23662,20.1628,20.28185,3697,301,5,25,9.206591963864e+18,STAR,7.43116e-05,8177,57374,394
1.2376613537769065e+18,167.43701586986,56.8951305436103,20.56938,20.60958,20.6443,20.35426,20.31135,3697,301,5,26,9.206592513619808e+18,QSO,1.780351,8177,57374,396
1.2376515392395023e+18,138.214970118276,59.1579384329501,23.2497,21.94116,21.83733,20.83757,19.91927,1412,301,4,22,9.23029441090187e+18,STAR,0.0003619393,8198,57374,607
1.2376575897818245e+18,166.983737103268,53.0140205029972,24.30787,21.61362,20.21121,19.6553,19.27815,2821,301,2,131,9.193182869807454e+18,GALAXY,0.4189507,8165,57374,764
1.237651538702238e+18,137.291126665999,58.1559321035634,21.99255,22.12012,22.22845,21.91659,21.80382,1412,301,3,16,9.23025675262862e+18,GALAXY,0.9321291,8198,57374,470
1.237651539776701e+18,138.54324582695,59.9438049887114,21.27109,21.07956,21.05654,20.72065,20.31826,1412,301,5,27,9.23029825919257e+18,QSO,1.996779,8198,57374,621
1.237657590852945e+18,157.067832768194,51.9463254883066,24.31193,24.08768,22.6644,21.32911,19.95029,2821,301,4,91,9.203146369300452e+18,GALAXY,0.769158,8174,57374,147
1.2376613537774305e+18,169.612174447117,57.0353122747583,18.61558,17.64407,17.27325,17.12559,17.09112,3697,301,5,34,9.206527367555864e+18,STAR,0.0001550553,8177,57374,159
1.237661353777234e+18,168.978115136339,56.9338150928,21.44141,21.21184,21.13523,21.3152,21.06211,3697,301,5,31,9.206548808032606e+18,QSO,2.452889,8177,57374,237
1.2376577701744484e+18,155.425251598506,53.1968443781138,24.56511,23.8004,21.88165,20.7753,19.82256,2863,301,2,192,9.203292054591132e+18,QSO,1.474262,8174,57374,677
1.2376576134114184e+18,170.026406014615,57.7123009355783,20.77286,20.85135,20.64919,20.51331,20.42879,2826,301,6,242,9.206734075741886e+18,QSO,1.421481,8177,57374,911
1.2376575897813e+18,165.087995390999,52.7159841419703,23.95349,23.2465,21.79926,20.52958,19.50285,2821,301,2,123,9.193112226185368e+18,GALAXY,0.9606342,8165,57374,507
1.237655106763686e+18,168.99688141974,57.8714560802601,18.38202,17.51573,17.25529,17.18154,17.1466,2243,301,1,281,9.20671400965468e+18,STAR,-0.0006168449,8177,57374,838
1.2376576134108288e+18,167.788038008464,57.5087232031518,23.92797,21.59875,21.42105,21.40203,21.46511,2826,301,6,233,9.20666178285236e+18,QSO,3.163061,8177,57374,648
1.2376515387025004e+18,138.239862880153,58.6767139558212,22.47337,21.80974,21.53479,21.61478,21.58924,1412,301,3,20,9.23029715968094e+18,QSO,1.389184,8198,57374,617
1.2376515338753802e+18,137.939524456863,57.7648914721267,20.73653,19.73425,19.40418,19.33155,19.25878,1411,301,2,92,9.230245757512342e+18,STAR,-0.0007039856,8198,57374,430
1.23765761126e+18,155.950002911019,53.3629238369177,22.18952,21.17381,20.45568,20.11105,19.73281,2826,301,2,182,9.203313495067876e+18,GALAXY,0.2338455,8174,57374,755
1.237651539776504e+18,137.669427503707,59.7014005842438,22.63773,22.26291,21.90526,21.78175,21.12831,1412,301,5,24,9.23027764334955e+18,QSO,1.456788,8198,57374,546
1.2376515397765696e+18,138.189372123016,59.8228267124139,21.61533,20.81902,20.72537,20.83016,20.13155,1412,301,5,25,9.23028808871001e+18,QSO,2.439103,8198,57374,584
1.2376575913894218e+18,155.580332176951,52.0999675573753,21.01983,20.84476,20.75959,20.40558,20.29181,2821,301,5,85,9.203189250253936e+18,QSO,1.807312,8174,57374,303
1.237651539239568e+18,138.287022081012,59.2934214761155,23.39101,25.60473,22.30114,20.9063,19.76236,1412,301,4,23,9.230303206994893e+18,GALAXY,0.6361097,8198,57374,639
1.2376576134111565e+18,168.847824958501,57.7425550254451,22.49129,21.51036,21.3985,20.99523,20.72373,2826,301,6,238,9.2067030145384e+18,QSO,0.7240109,8177,57374,798
1.2376515387026967e+18,138.781299148157,58.8614208184118,21.7576,21.78218,21.17956,21.21022,21.64153,1412,301,3,23,9.23031777552396e+18,QSO,1.353454,8198,57374,692
1.2376613537776271e+18,170.535941608256,57.14203094754,17.32204,16.39351,16.14718,16.03016,16.00137,3697,301,5,37,9.20674809451514e+18,STAR,0.0002591416,8177,57374,962
1.2376515397766351e+18,138.45936214634,59.8442741091494,21.88357,21.81168,21.53447,21.34477,21.2404,1412,301,5,26,9.230298534070477e+18,QSO,1.940248,8198,57374,622
1.237661353777103e+18,168.203638958715,56.9534818934581,24.15719,22.12944,20.76474,20.21464,19.99905,3697,301,5,29,9.20657079826516e+18,STAR,-0.0001184058,8177,57374,317
1.2376575913893563e+18,155.363337461545,51.8982309275331,21.05882,21.20291,21.27154,21.13595,20.9668,2821,301,5,84,9.203201070003936e+18,QSO,1.809378,8174,57374,346
1.237657589781168e+18,164.634887035233,52.6835103261952,24.64557,22.35964,21.70271,20.47088,19.72203,2821,301,2,121,9.193117173987696e+18,QSO,0.7915368,8165,57374,525
1.2376515392398305e+18,139.041344311962,59.7189967340056,24.38124,23.78721,22.8814,21.34958,19.97368,1412,301,4,27,9.230320799180935e+18,QSO,1.030239,8198,57374,703
1.2376551067632271e+18,167.146977723384,57.6450143354101,24.52841,22.35309,21.30325,20.52604,20.16488,2243,301,1,274,9.206639792619804e+18,GALAXY,0.6005176,8177,57374,568
1.2376575913904049e+18,159.120402132741,52.8111556866002,21.15562,21.28598,21.48089,21.04579,21.07132,2821,301,5,100,9.202059776951082e+18,QSO,1.871358,8173,57375,290
1.2376577766168333e+18,134.642209917878,41.0950178443989,21.16447,20.90382,20.55071,20.2181,20.01644,2864,301,6,191,9.340516603312497e+18,QSO,1.646797,8296,57375,185
1.2376582061212966e+18,181.918724088569,51.0581310911544,25.38703,24.38722,22.27254,20.89531,19.74339,2964,301,6,309,9.260564515787137e+18,GALAXY,0.9049534,8225,57375,137
1.237655107837232e+18,167.831851823776,58.6352325636963,22.66525,22.1621,21.47663,20.38754,19.65361,2243,301,3,278,9.213374576234618e+18,GALAXY,1.015423,8183,57375,493
1.2376575913907323e+18,160.132649914854,53.0852019684363,21.59623,20.29252,19.76745,19.5748,19.49185,2821,301,5,105,9.20203118964876e+18,STAR,0.0005235937,8173,57375,186
1.237657770175956e+18,160.740384902655,54.5193798199963,23.44871,22.79938,21.87981,20.78461,19.93106,2863,301,2,215,9.202231850520828e+18,GALAXY,0.8219439,8173,57375,916
1.2376582061208376e+18,180.367631117336,51.0172974373791,25.9802,22.43592,20.78244,19.94211,19.52,2964,301,6,302,9.260625263804568e+18,GALAXY,0.5124167,8225,57375,358
1.237657628454618e+18,181.74650250736,51.6618310466978,24.87213,23.96129,22.23207,21.03055,19.96961,2830,301,2,407,9.2607690249499e+18,QSO,1.17966,8225,57375,881
1.237657776616702e+18,134.126946432769,41.0299017663589,18.99831,18.04348,17.71607,17.58726,17.56667,2864,301,6,189,9.340547389638072e+18,STAR,-0.0006164049,8296,57375,297
1.2376582061209684e+18,180.789175344201,51.1487246958875,20.94086,21.06111,20.91849,20.69762,20.79521,2964,301,6,304,9.2607412622813e+18,QSO,1.915909,8225,57375,780
1.23765777661703e+18,134.956978082769,41.4972969362638,22.20718,22.16311,21.93386,21.99623,21.72669,2864,301,6,194,9.3405089067311e+18,QSO,2.324405,8296,57375,157
1.2376551089112356e+18,168.740166052788,59.474150523935,24.34019,22.14581,20.65619,20.00159,19.65217,2243,301,5,282,9.213394917199732e+18,GALAXY,0.3613557,8183,57375,567
1.2376582061214935e+18,182.714531788653,51.1929543141389,24.55227,23.44448,22.03329,20.68079,19.68454,2964,301,6,312,9.26080146054292e+18,GALAXY,0.8491247,8225,57375,999
1.2376582061210995e+18,181.295642421581,51.1426057159134,21.55955,21.22379,20.90174,20.63734,20.47264,2964,301,6,306,9.260751707641764e+18,QSO,1.24176,8225,57375,818
1.2376582061211003e+18,181.315787179896,51.0688108315456,22.88131,24.87862,21.86457,20.7567,19.89251,2964,301,6,306,9.260581558217366e+18,GALAXY,0.7904528,8225,57375,199
1.237657776616375e+18,133.425942731271,40.5471610881451,22.74271,21.53985,20.54454,20.37749,19.96403,2864,301,6,184,9.3405762518183e+18,QSO,3.486869,8296,57375,402
1.2376576134115494e+18,170.525447045255,57.8672570729246,21.70488,21.37797,20.95161,20.22579,20.1101,2826,301,6,244,9.213307231147416e+18,QSO,1.836355,8183,57375,248
1.2376577766172265e+18,135.416743497493,41.7093989357762,20.79111,20.58915,20.35022,20.3805,20.17579,2864,301,6,197,9.340723586376423e+18,QSO,0.9655592,8296,57375,938
1.2376576284542897e+18,180.601888182615,51.6082954941163,21.3384,21.02845,20.94659,20.60888,20.73737,2830,301,2,402,9.260725319362695e+18,GALAXY,0.839737,8225,57375,722
1.2376583032816927e+18,171.755620044707,59.3193895693286,24.63466,23.23329,20.25513,20.32121,22.8269,2987,301,3,107,9.213481778618324e+18,QSO,6.481069,8183,57375,883
1.2376582061212966e+18,181.966269001271,51.0478752764877,22.57804,24.27007,21.75764,20.50911,19.64338,2964,301,6,309,9.260554070426671e+18,GALAXY,0.7421803,8225,57375,99
1.2376576112608543e+18,158.992443012349,54.0649950613839,19.92134,19.90422,19.65154,19.64419,19.75408,2826,301,2,195,9.202170827625486e+18,QSO,1.259596,8173,57375,694
1.2376577701757588e+18,160.041643265208,54.397416351932,23.92514,23.47725,21.76959,20.69877,19.88013,2863,301,2,212,9.20221013516618e+18,GALAXY,0.5906946,8173,57375,837
1.2376582061212303e+18,181.686263328277,51.0187101338286,20.34791,18.03731,16.90079,16.5268,16.33786,2964,301,6,308,9.260569738467369e+18,STAR,0.0004667636,8225,57375,156
1.2376577766172265e+18,135.601887441183,41.6764401168163,20.83704,20.69697,20.55854,20.68204,20.22971,2864,301,6,197,9.340734031736887e+18,QSO,0.9163172,8296,57375,976
1.2376577766165056e+18,133.740274236905,40.6661129086731,20.57704,20.28776,20.26141,19.92403,20.26483,2864,301,6,186,9.340565256702024e+18,QSO,1.723283,8296,57375,362
1.23765777661703e+18,134.999307639541,41.5379002616552,20.55108,20.5591,20.20251,20.25291,20.35875,2864,301,6,194,9.340508356975286e+18,QSO,1.329481,8296,57375,155
1.2376613543148265e+18,171.793420959821,57.8624859258304,26.83164,23.53934,21.25804,20.21208,19.51736,3697,301,6,42,9.213274520676488e+18,GALAXY,0.6402121,8183,57375,129
1.2376583032818235e+18,172.147376110445,59.3536185442698,24.63466,22.99772,21.59383,20.43518,21.52756,2987,301,3,109,9.213496072269486e+18,STAR,0.00026257,8183,57375,935
1.2376582061205097e+18,179.168603967768,50.9133510388875,20.90322,20.65519,20.48402,20.18962,19.91546,2964,301,6,297,9.260658798909217e+18,QSO,0.8313446,8225,57375,480
1.2376582061212966e+18,182.019873364612,51.0158355749537,24.12212,23.16344,21.57587,20.46904,19.81676,2964,301,6,309,9.260553520670855e+18,GALAXY,0.7747715,8225,57375,97
1.237658206121362e+18,182.18296462695,51.1578022521271,24.57795,23.83895,22.05526,20.92641,19.8549,2964,301,6,310,9.26079541322897e+18,GALAXY,0.9217932,8225,57375,977
1.237658205047162e+18,180.644369527575,50.1857830162026,25.87656,23.36041,21.60857,20.61329,19.79888,2964,301,4,303,9.260605197717365e+18,GALAXY,0.6204199,8225,57375,285
1.2376583032810373e+18,168.812320486165,58.8833520108911,22.66001,22.70189,21.74408,21.58951,21.48829,2987,301,3,97,9.213359457949736e+18,GALAXY,0.4887396,8183,57375,438
1.2376582061215585e+18,182.869009868175,51.0381332309871,21.18622,20.93876,20.80207,20.54739,20.4493,2964,301,6,313,9.26053702799644e+18,QSO,1.48008,8225,57375,37
1.2376576300504845e+18,134.919548359497,40.5262049838222,20.4631,20.37334,20.25439,20.10828,19.79588,2830,301,5,182,9.340510830876449e+18,QSO,2.018784,8296,57375,164
1.237655106764145e+18,170.982334011552,58.0221873157292,20.37003,20.47956,20.14372,20.11951,20.22671,2243,301,1,288,9.213294861641604e+18,QSO,1.241807,8183,57375,203
1.2376575913901427e+18,158.020687450111,52.6300403230957,20.71581,20.34232,20.22933,19.87575,19.89308,2821,301,5,96,9.202101558392936e+18,QSO,1.632295,8173,57375,442
1.2376582061212303e+18,181.663876798118,51.088419022479,21.74011,22.24943,21.66934,21.5606,21.68967,2964,301,6,308,9.260570837978997e+18,QSO,1.336518,8225,57375,160
1.2376577766168996e+18,134.598423062034,41.3008187343352,24.23423,23.28881,21.87112,20.56759,19.8682,2864,301,6,192,9.340526498917145e+18,GALAXY,0.7152356,8296,57375,221
1.2376551067644723e+18,172.507710376213,58.2896277884883,21.71705,21.73964,21.59209,21.16263,20.99685,2243,301,1,293,9.213253904833468e+18,QSO,1.792894,8183,57375,54
1.2376582061213617e+18,182.134143614513,51.2041876568738,21.85345,22.03679,21.53299,21.34919,21.0429,2964,301,6,310,9.260784692990595e+18,QSO,2.408195,8225,57375,938
1.2376576279169595e+18,178.972946799127,51.107455197969,20.00873,19.2412,18.55704,18.12189,17.92266,2830,301,1,395,9.260675291583631e+18,QSO,0.1299179,8225,57375,540
1.2376582061207716e+18,180.143711137584,51.1252315402493,18.15799,17.9809,18.00054,17.79289,17.86704,2964,301,6,301,9.260708276932469e+18,QSO,1.687172,8225,57375,660
1.2376582045099625e+18,179.479896257555,49.8428022989727,21.89928,21.71239,21.57744,21.40778,21.02934,2964,301,3,298,9.26064862842666e+18,QSO,0.8738104,8225,57375,443
1.2376582045100938e+18,179.840987603277,49.7929735310455,22.78885,21.00456,19.32155,18.7427,18.32455,2964,301,3,300,9.260626363316195e+18,GALAXY,0.3474269,8225,57375,362
1.237657613411484e+18,170.50296854961,57.7605819283896,21.68559,21.65345,21.6315,21.21958,20.84376,2826,301,6,243,9.2133066813916e+18,QSO,2.04312,8183,57375,246
1.2376576289912916e+18,181.023959299654,52.1478512275366,23.02004,20.61856,19.34649,18.86512,18.55276,2830,301,3,404,9.260742361792928e+18,GALAXY,0.1987169,8225,57375,784
1.2376582061211e+18,181.342206927752,51.1615125040992,22.34344,21.74271,21.62271,21.35067,20.61959,2964,301,6,306,9.260762427880137e+18,QSO,0.7943912,8225,57375,857
1.237658206121296e+18,182.001412135793,51.196411932288,21.05785,20.98265,20.68458,20.65311,20.39258,2964,301,6,309,9.260784143234783e+18,QSO,1.072771,8225,57375,936
1.237657401344e+18,134.735234805504,42.1427166826862,26.10664,24.00197,21.52485,20.35486,19.57455,2777,301,3,190,9.340687577370614e+18,GALAXY,0.7980464,8296,57375,807
1.237658206120903e+18,180.427707164852,51.0380948663363,21.56464,21.68227,21.36124,21.34879,21.22104,2964,301,6,303,9.2606145435662e+18,GALAXY,1.290383,8225,57375,319
1.2376551073010163e+18,171.000471479995,58.424026586438,25.68999,21.72546,21.69193,21.60746,21.81106,2243,301,2,288,9.21329953456602e+18,QSO,3.301685,8183,57375,220
1.2376576134114184e+18,170.10584365415,57.7246434555222,21.35024,21.58288,20.94099,21.07082,21.63238,2826,301,6,242,9.21331767650788e+18,QSO,1.254668,8183,57375,286
1.237658206120444e+18,178.914821333914,50.895305556218,20.75637,20.78716,20.77363,20.56964,20.27658,2964,301,6,296,9.260664296467358e+18,QSO,1.830598,8225,57375,500
1.2376551067637514e+18,169.30923522358,57.9364035591092,20.00556,19.87831,19.92595,19.67274,19.69878,2243,301,1,282,9.21334021649625e+18,QSO,1.6736,8183,57375,368
1.2376583032814305e+18,170.528849148333,59.0478529205066,23.22177,20.60249,19.14713,18.30689,17.8784,2987,301,3,103,9.21331492772881e+18,STAR,3.138814e-05,8183,57375,276
1.2376577766170954e+18,135.227909379293,41.4410733443659,20.45531,20.49055,20.19926,20.28155,20.1884,2864,301,6,195,9.340497361859009e+18,QSO,1.018445,8296,57375,115
1.2376582061216236e+18,183.03630946129,51.1938947871066,20.71422,20.14157,19.79694,19.40388,19.30247,2964,301,6,314,9.26053785263016e+18,QSO,0.5467858,8225,57375,40
1.2376582061210995e+18,181.163448040533,51.174707409134,26.17728,22.98855,21.50928,20.15313,19.69459,2964,301,6,306,9.260751157885948e+18,STAR,-0.0001053874,8225,57375,816
1.23766135431476e+18,171.369757331654,57.7123339337612,20.8499,20.79529,20.29064,20.07941,19.98679,3697,301,6,41,9.213283866525324e+18,GALAXY,0.006496431,8183,57375,163
1.237657628454356e+18,180.92585330531,51.7179155860449,23.03218,23.22614,21.88594,20.68325,19.7608,2830,301,2,403,9.260735489845254e+18,GALAXY,0.839147,8225,57375,759
1.2376582061207718e+18,179.993275213209,50.950320716846,21.27493,20.98136,20.92161,20.5663,20.2157,2964,301,6,301,9.26063598404294e+18,QSO,2.150716,8225,57375,397
1.2376582061207063e+18,179.707298768645,51.1141269138228,21.42139,20.96998,20.67754,20.23844,20.09485,2964,301,6,300,9.260696732060375e+18,QSO,1.700093,8225,57375,618
1.2376582061209032e+18,180.503655316044,51.0030631381441,23.42036,21.53757,21.52913,21.64347,22.29865,2964,301,6,303,9.260614268688292e+18,QSO,3.251983,8225,57375,318
1.237657776617292e+18,135.543233010855,41.8119878592465,21.6956,22.0115,21.78227,21.65422,21.22426,2864,301,6,198,9.340731832713632e+18,QSO,1.346654,8296,57375,968
1.2376576134116805e+18,171.307965483017,57.8771640626204,20.9246,21.27933,21.26064,20.79525,20.92474,2826,301,6,246,9.213284691159046e+18,QSO,1.842952,8183,57375,166
1.237658206119527e+18,175.555515105752,50.6821204960426,21.00697,20.68336,20.61795,20.71726,21.21749,2964,301,6,282,9.25953509807596e+18,GALAXY,0.02311249,8224,57378,488
1.2376576284538964e+18,179.179198040259,51.5746010311088,20.58494,20.35546,20.29057,20.041,20.02084,2830,301,2,396,9.259666214837574e+18,QSO,1.881217,8224,57378,965
1.2376582055826565e+18,175.703543827133,50.4637621962271,24.57251,25.74613,22.77725,21.47931,19.87731,2964,301,5,282,9.259522728570149e+18,QSO,1.538906,8224,57378,443
1.2376582061205752e+18,179.311240015696,50.9674034549676,22.22847,21.86936,21.64892,21.46764,21.42164,2964,301,6,298,9.259411677895743e+18,GALAXY,1.559565,8224,57378,39
1.2376582061200512e+18,177.421305192751,50.8846407235839,22.79304,21.28881,20.91856,20.86777,20.74833,2964,301,6,290,9.259475999325968e+18,QSO,2.329139,8224,57378,273
1.2376582061195927e+18,175.906893328533,50.8268465229867,22.84508,22.28069,21.19235,20.16554,19.39443,2964,301,6,283,9.259528226128288e+18,GALAXY,0.6376755,8224,57378,463
1.2376582061200507e+18,177.438485315902,50.8397800447174,20.89625,20.88383,20.6127,20.73345,20.49078,2964,301,6,290,9.259476823959687e+18,QSO,0.9649452,8224,57378,276
1.2376582055831153e+18,177.381024641732,50.5939508691559,27.00533,23.17281,21.36303,20.09877,19.44523,2964,301,5,289,9.259472700791083e+18,GALAXY,0.6040964,8224,57378,261
1.2376576279159117e+18,175.275805555435,51.030239176941,22.84953,21.73592,19.95407,19.36345,18.96512,2830,301,1,379,9.259537571977124e+18,GALAXY,0.3384462,8224,57378,497
1.2376576295269834e+18,176.668839163865,52.4166815395437,22.46195,23.46434,22.55087,20.86393,19.78635,2830,301,4,386,9.259582651953865e+18,GALAXY,0.9169304,8224,57378,661
1.2376582061201815e+18,177.876544732894,50.8492811912112,19.03579,18.19012,17.85845,17.7671,17.71021,2964,301,6,292,9.259454558849229e+18,STAR,-0.0001319315,8224,57378,195
1.2376582061203128e+18,178.274569251987,51.006932116322,21.06234,20.80838,20.73705,20.70148,20.58397,2964,301,6,294,9.259433943006204e+18,GALAXY,0.03869233,8224,57378,120
1.237658206120313e+18,178.508750179273,50.9037638604408,21.65114,20.57372,20.21011,20.07376,19.93813,2964,301,6,294,9.259432843494578e+18,STAR,-0.0001351322,8224,57378,116
1.2376582061196575e+18,175.92346532622,50.8791001611677,22.52761,21.57134,20.93969,20.70425,20.50447,2964,301,6,284,9.25951805564573e+18,QSO,2.063839,8224,57378,426
1.2376582061201165e+18,177.753658217833,50.9573319960346,21.82997,21.70897,21.29673,21.18118,20.74435,2964,301,6,291,9.25945538348295e+18,QSO,1.197737,8224,57378,198
1.2376582061206408e+18,179.613843022426,51.0087751172997,22.01711,21.76515,21.56978,21.54822,21.66432,2964,301,6,299,9.259406180337605e+18,QSO,2.091366,8224,57378,19
1.237657627916108e+18,175.990185349496,51.0436555384344,21.76175,21.21427,20.55766,20.14049,19.66018,2830,301,1,382,9.259521354180614e+18,GALAXY,0.5013586,8224,57378,438
1.2376582061198543e+18,176.758680808104,50.8970790368009,25.81248,22.29305,21.21869,20.41319,20.00981,2964,301,6,287,9.259498814192245e+18,STAR,0.000171324,8224,57378,356
1.2376582050463096e+18,177.520965173526,50.1744465912989,26.14449,22.87695,21.38698,20.30413,19.59848,2964,301,4,290,9.25947050176783e+18,GALAXY,0.4712532,8224,57378,253
1.23765820611992e+18,177.004349614263,50.8045966191933,24.71086,22.89915,21.39739,20.03935,19.48818,2964,301,6,288,9.259487269320151e+18,STAR,-0.0001116163,8224,57378,314
1.2376582061198543e+18,176.826058712356,50.9394771152204,21.89084,21.6056,21.38128,21.05445,21.04718,2964,301,6,287,9.25949936394806e+18,QSO,0.7099652,8224,57378,358
1.2376613569976735e+18,153.576429790528,42.5880040715978,23.34187,21.93612,20.37952,19.7841,19.43955,3698,301,3,19,9.347444626313992e+18,GALAXY,0.3630503,8302,57389,813
1.2376613559241935e+18,154.783985800712,42.1799374078105,20.42375,20.36937,20.00758,19.92354,20.16058,3698,301,1,23,9.347492180191894e+18,QSO,1.345427,8302,57389,986
1.2376606343839089e+18,154.512791924282,42.2995114128699,21.01123,20.92226,20.93787,20.86482,20.43313,3530,301,1,240,9.347487232389569e+18,QSO,0.8059074,8302,57389,968
1.2376613564603438e+18,152.453670228964,41.9177026910416,23.84174,22.26903,22.33895,21.83836,21.4108,3698,301,2,12,9.3474053187733e+18,QSO,1.884098,8302,57389,670
1.237661356461e+18,154.341514182437,42.3322034423678,22.12267,21.699,21.6705,21.33254,20.99477,3698,301,2,22,9.34748613287794e+18,QSO,1.659121,8302,57389,964
1.237660634383778e+18,154.205455392985,42.0545741976047,22.01736,22.03014,21.87656,21.68639,21.4402,3530,301,1,238,9.347486957511662e+18,QSO,1.544663,8302,57389,967
1.2376613569976732e+18,153.559599856057,42.5681770637725,22.39235,21.28491,19.62216,19.03416,18.61629,3698,301,3,19,9.347444076558178e+18,GALAXY,0.3641644,8302,57389,811
1.2376613569976735e+18,153.620347123618,42.560497885067,24.38523,21.88319,20.29229,19.70759,19.3481,3698,301,3,19,9.347453422407014e+18,GALAXY,0.3650135,8302,57389,845
1.2376613569975424e+18,153.246135920984,42.52950124196,23.78704,21.16721,19.4982,18.88747,18.4969,3698,301,3,17,9.347434180953528e+18,GALAXY,0.3655931,8302,57389,775
1.2376613569976735e+18,153.684123178395,42.5424576821291,23.28595,21.61709,19.90627,19.31063,18.95783,3698,301,3,19,9.34745754557562e+18,GALAXY,0.3631419,8302,57389,860
1.2376582044980357e+18,142.118340870878,41.0963128067155,24.23358,23.82797,22.14534,20.61233,19.708,2964,301,3,116,9.34272497266854e+18,GALAXY,0.8249379,8298,57390,27
1.2376603434009887e+18,148.778782461206,41.0825561808195,23.61487,24.22552,21.58847,20.27978,19.41498,3462,301,3,257,9.346212623551846e+18,GALAXY,0.8595063,8301,57390,427
1.2376603434016443e+18,150.60870186169,41.695983341408,22.10533,21.68828,21.68598,21.31684,21.41251,3462,301,3,267,9.346341541290203e+18,QSO,1.664328,8301,57390,896
1.2376576284416415e+18,140.280540325688,41.8221947312131,21.84645,21.52685,21.056,21.16433,21.01002,2830,301,2,209,9.34290776647666e+18,QSO,1.085065,8298,57390,692
1.2376543835917524e+18,146.995708076733,57.7285528773798,22.60072,21.15429,20.72209,20.31702,19.88465,2074,301,6,177,9.222443898147984e+18,QSO,1.672565,8191,57390,719
1.237654383591555e+18,146.197542686114,57.4914389518015,20.07799,20.1095,20.11639,19.88459,19.67507,2074,301,6,174,9.22241201231078e+18,QSO,1.969819,8191,57390,603
1.237657627905164e+18,141.474243921,42.0681563648587,22.75758,23.35223,21.26625,20.09084,19.44662,2830,301,1,215,9.3429608179127e+18,GALAXY,0.6578711,8298,57390,885
1.2376609634811912e+18,149.749505366011,40.5017667577386,24.64931,24.0828,22.16351,20.95078,19.88553,3606,301,6,170,9.346161496261157e+18,STAR,0.0002006375,8301,57390,241
1.2376543835914245e+18,145.944538782516,57.1758245381084,21.95991,21.31801,20.19483,19.58694,19.24754,2074,301,6,172,9.222403491095664e+18,QSO,2.104238,8191,57390,572
1.2376603434016443e+18,150.706300639898,41.5864921307107,20.01255,19.86224,19.79454,19.72029,19.54956,3462,301,3,267,9.34634264080183e+18,QSO,2.106409,8301,57390,900
1.2376576279047708e+18,140.525893064165,41.5099855261664,23.72794,23.72219,21.65581,20.48985,19.8143,2830,301,1,209,9.34280413750574e+18,GALAXY,0.7001468,8298,57390,315
1.2376543819811387e+18,148.259423565524,56.5273096686167,21.65696,21.3885,21.16792,21.29623,21.05386,2074,301,3,177,9.222297388223584e+18,QSO,0.8536115,8191,57390,186
1.237678598089736e+18,358.265505354546,3.18001906413215,18.06323,17.07196,16.72909,16.60082,16.55043,7712,301,5,318,9.841592364766091e+18,STAR,-0.00038382,8741,57390,368
1.237657628441379e+18,139.596782462579,41.4844119276137,20.56766,20.72348,20.36463,20.30961,20.41265,2830,301,2,205,9.342836298220851e+18,QSO,1.365774,8298,57390,432
1.23765762844151e+18,139.787696344158,41.7691801376389,21.39458,21.46141,20.89836,20.85464,20.88763,2830,301,2,207,9.342887425511545e+18,QSO,1.164716,8298,57390,618
1.2376543835913585e+18,145.720641095448,57.1425302099994,22.01475,21.94826,21.39932,21.12973,20.83219,2074,301,6,171,9.222394145246828e+18,QSO,0.7346455,8191,57390,538
1.2376543835914245e+18,145.870839747527,57.2700793692994,21.13795,21.17707,20.98347,21.01505,20.7554,2074,301,6,172,9.222403765973572e+18,QSO,1.714944,8191,57390,573
1.2376543835918182e+18,147.211221224675,57.7545293389115,25.6675,23.41307,21.61723,20.37259,19.5667,2074,301,6,178,9.222442798636356e+18,GALAXY,0.7893229,8191,57390,715
1.2376576289783818e+18,139.653234048981,42.124644767262,26.47882,23.97516,21.46159,20.3284,19.48388,2830,301,3,207,9.342872856982477e+18,GALAXY,0.7699324,8298,57390,565
1.237654383591752e+18,146.959259834376,57.783416400718,20.97176,20.77536,20.71241,20.61046,20.38083,2074,301,6,177,9.222444173025892e+18,QSO,2.152989,8191,57390,720
1.2376543809076593e+18,149.835775710342,56.2742148261477,20.12611,19.98594,19.64662,19.64871,19.6528,2074,301,1,181,9.222259729950332e+18,QSO,1.101342,8191,57390,49
1.2376606370669532e+18,149.856771188633,42.9660676511868,25.15753,22.99512,21.67669,20.51519,19.55711,3530,301,6,220,9.34629948497044e+18,STAR,-1.209171e-05,8301,57390,743
1.2376582044977075e+18,141.261029031588,40.6818299566192,26.26529,26.03325,21.74296,20.53234,19.7475,2964,301,3,111,9.342752460459235e+18,GALAXY,0.8051223,8298,57390,127
1.2376543835920148e+18,148.06512124337,57.9930930096678,23.538,22.39811,21.4023,20.66582,20.30096,2074,301,6,181,9.22246341447938e+18,STAR,-0.0004476654,8191,57390,790
1.2376543835913592e+18,145.699536396813,57.2143072840153,25.33419,23.71627,22.02826,20.67198,19.8379,2074,301,6,171,9.222391671345666e+18,GALAXY,0.7370974,8191,57390,529
1.2376582061078615e+18,139.208948426741,41.2326115348638,22.34797,22.23282,21.95853,21.72166,21.68252,2964,301,6,104,9.342847568215036e+18,QSO,1.250324,8298,57390,473
1.2376543835917527e+18,146.955517148607,57.7546565272559,24.74517,23.42741,21.68422,20.67739,19.95693,2074,301,6,177,9.222429604496824e+18,GALAXY,0.6035726,8191,57390,667
1.23765438359208e+18,148.184601915178,58.0772571480996,26.15162,24.04525,21.7062,20.50897,19.76668,2074,301,6,182,9.22247303520612e+18,GALAXY,0.6533872,8191,57390,825
1.237654383591687e+18,146.762101488138,57.5355852078157,23.75029,24.32491,21.90739,20.80828,19.70574,2074,301,6,176,9.222435102054964e+18,GALAXY,0.9428847,8191,57390,687
1.2376785980902607e+18,359.494108821596,3.31011026887702,20.75597,20.43321,20.32285,20.19661,19.94776,7712,301,5,326,9.841539588207958e+18,QSO,2.009517,8741,57390,176
1.2376582044977733e+18,141.615187109803,40.7933662110127,24.62271,22.46585,21.13427,20.34101,20.12118,2964,301,3,112,9.342742839732492e+18,STAR,-0.0004884495,8298,57390,92
1.2376543835912937e+18,145.331823412855,57.1606856845491,23.86483,23.74333,21.56455,20.50121,19.84666,2074,301,6,170,9.222389472322408e+18,GALAXY,0.7378988,8191,57390,521
1.2376543835921457e+18,148.437626743365,58.1056756668846,22.37231,22.29087,21.83238,21.68353,22.03134,2074,301,6,183,9.222483755444492e+18,QSO,1.40061,8191,57390,864
1.237657627905164e+18,141.571084060989,41.9846841305219,25.81332,22.74464,21.33822,20.20433,19.53735,2830,301,1,215,9.342973462296418e+18,GALAXY,0.6223683,8298,57390,931
1.237678598090457e+18,359.99961524169,3.26858616565707,18.90408,18.89371,18.62695,18.65747,18.71252,7712,301,5,329,9.841507702370753e+18,QSO,1.232962,8741,57390,60
1.237654383591752e+18,146.826579484319,57.6782193193738,22.02232,21.74673,21.64784,21.13801,21.14525,2074,301,6,177,9.222433177909616e+18,QSO,0.6653687,8191,57390,680
1.2376785980896712e+18,358.19509164702,3.12069437010213,23.58392,22.31042,21.72724,21.78988,21.86021,7712,301,5,317,9.841591815010275e+18,STAR,-0.0005014898,8741,57390,366
1.2376606370667564e+18,149.152302434624,42.8289615256489,23.91442,21.63595,21.03771,20.79697,20.52551,3530,301,6,217,9.34626072718556e+18,QSO,3.230409,8301,57390,602
1.237658206107927e+18,139.466926414859,41.2162307697799,22.73219,22.11859,21.92987,21.39321,20.93552,2964,301,6,105,9.342845644069687e+18,GALAXY,0.4237804,8298,57390,466
1.237654381981467e+18,149.42732841461,56.9587207002262,21.84843,21.92271,21.52267,21.38321,21.25594,2074,301,3,182,9.222267701409632e+18,QSO,0.974187,8191,57390,78
1.237678598089474e+18,357.751048455985,3.17875825430153,18.78551,17.77949,17.38606,17.23369,17.17459,7712,301,5,314,9.841615454510277e+18,STAR,-0.000339294,8741,57390,452
1.2376576279047703e+18,140.520180952773,41.5812685464315,22.7305,22.55111,21.04086,19.93391,19.2092,2830,301,1,209,9.342931680854565e+18,GALAXY,0.7232735,8298,57390,779
1.2376543835912937e+18,145.420319871419,56.9824342487857,25.50188,23.34512,21.7226,20.57649,19.90953,2074,301,6,170,9.222393320613108e+18,GALAXY,0.6343579,8191,57390,535
1.2376553692801275e+18,150.076406123164,57.024679227588,22.62271,21.25196,19.95447,19.43844,19.12233,2304,301,2,76,9.222521138839836e+18,GALAXY,0.2286649,8191,57390,1000
1.23765820610773e+18,138.993899928989,41.0176925921368,21.13678,21.07915,20.81174,20.78049,20.50146,2964,301,6,102,9.34285086674992e+18,QSO,1.371536,8298,57390,485
1.2376606370669527e+18,149.875200752325,42.9364905685444,21.57754,21.58676,21.54685,21.12445,20.76038,3530,301,6,220,9.3463058071623e+18,QSO,2.136211,8301,57390,766
1.2376785980902607e+18,359.532845561036,3.27380094950247,19.44315,18.20788,17.88636,17.75108,17.65714,7712,301,5,326,9.841540137963772e+18,STAR,-0.0006245808,8741,57390,178
1.2376577750081208e+18,140.291956965137,42.7358360207881,22.0916,21.03654,20.49592,20.22854,20.26072,2864,301,3,220,9.342913264034798e+18,STAR,-2.912805e-05,8298,57390,712
1.2376576279043118e+18,139.366001341762,41.0379686310194,22.14425,21.83413,21.51977,21.58404,21.17368,2830,301,1,202,9.342844819435969e+18,QSO,1.00288,8298,57390,463
1.237660343401251e+18,149.627184299848,41.2850979971305,21.87481,21.59877,21.487,20.99076,20.4097,3462,301,3,261,9.346171666743712e+18,QSO,1.890653,8301,57390,278
1.2376543835922107e+18,148.795681265455,58.2122251547797,21.04745,20.72101,20.24005,20.1214,20.08542,2074,301,6,184,9.222494200804956e+18,QSO,1.306651,8191,57390,902
1.2376576279050988e+18,141.366480093343,42.0435303082189,24.90378,23.02249,21.77326,20.72318,19.91141,2830,301,1,214,9.34294982279642e+18,GALAXY,0.586736,8298,57390,845
1.237678598089736e+18,358.328508192388,3.12349843817941,17.51173,16.51615,16.16146,16.00316,15.95275,7712,301,5,318,9.841592089888184e+18,STAR,-0.0005149841,8741,57390,367
1.2376543819811397e+18,148.179922017996,56.597942603366,23.61059,22.68331,21.4443,20.38201,19.3789,2074,301,3,177,9.222296563589864e+18,GALAXY,0.7844939,8191,57390,183
1.2376576279050988e+18,141.384868419942,41.9848098186512,23.76949,23.99207,21.66327,20.64035,19.95655,2830,301,1,214,9.342961917424329e+18,GALAXY,0.6070193,8298,57390,889
1.2376543835922107e+18,148.642628152937,58.1931217472063,20.94896,21.30638,20.7218,20.66706,20.78518,2074,301,6,184,9.222493925927048e+18,QSO,1.247708,8191,57390,901
1.2376785980899336e+18,358.798692290688,3.24089358664164,22.32751,22.14079,22.00958,21.41899,21.31044,7712,301,5,321,9.841572023800975e+18,QSO,1.787718,8741,57390,294
1.2376582050342508e+18,140.17469091927,40.6535393897751,20.98918,19.99749,19.18469,18.83666,18.54596,2964,301,4,106,9.342819805546437e+18,GALAXY,0.3225164,8298,57390,372
1.2376606359930803e+18,149.843851721197,42.1812392936681,22.05008,21.73347,21.32894,21.45808,22.51738,3530,301,4,218,9.34631130472044e+18,STAR,-0.0001302333,8301,57390,786
1.2376785980895396e+18,357.804736814055,3.1419863409762,19.88645,19.84647,19.79754,19.58049,19.39638,7712,301,5,315,9.841615179632368e+18,QSO,2.003786,8741,57390,451
1.2376609634811912e+18,149.676518148171,40.5086253433396,24.76753,24.98343,21.7807,20.50456,19.66815,3606,301,6,170,9.346172491377433e+18,GALAXY,0.818131,8301,57390,281
1.237657627904967e+18,141.024594907378,41.8131585728432,23.71348,23.68999,21.39212,20.23841,19.58892,2830,301,1,212,9.342941576459213e+18,GALAXY,0.5972195,8298,57390,815
1.237657628978971e+18,141.186466096627,42.8038913922568,22.61238,20.14135,19.01834,18.53316,18.22011,2830,301,3,216,9.342958344011536e+18,GALAXY,0.1762319,8298,57390,876
1.2376582044978388e+18,141.696545406801,40.920089201884,23.69326,24.81338,21.27708,20.27372,19.63252,2964,301,3,113,9.342743664366211e+18,GALAXY,0.5434489,8298,57390,95
1.2376553692801275e+18,150.024716316719,56.9889811050148,23.51132,21.46598,20.21576,19.63903,19.32228,2304,301,2,76,9.222256431415448e+18,GALAXY,0.2232189,8191,57390,37
1.23767859809e+18,358.968647087507,3.13167723815954,22.26524,21.34848,21.03017,20.82173,20.65633,7712,301,5,322,9.841558829661444e+18,QSO,2.251556,8741,57390,246
1.2376543814445312e+18,149.674536384474,56.5697503533802,24.65934,23.19745,22.33001,21.19336,19.69237,2074,301,2,181,9.222247085566612e+18,GALAXY,0.8076707,8191,57390,3
1.237654381981009e+18,147.814195505571,56.4884603559567,23.66354,24.46206,22.2335,20.68686,19.62667,2074,301,3,175,9.22230755870614e+18,GALAXY,0.8558456,8191,57390,223
1.23767859862628e+18,357.596884938117,3.54296748095334,22.26056,21.55117,21.48048,20.98105,20.91587,7712,301,6,313,9.841625899870738e+18,QSO,1.793344,8741,57390,490
1.23765762790464e+18,140.205342276649,41.3976748512616,23.26429,23.69677,21.8435,20.55126,19.80164,2830,301,1,207,9.342814582866205e+18,GALAXY,0.7951837,8298,57390,353
1.237660343401448e+18,150.086806450401,41.5816266437612,26.1881,22.70469,21.1559,20.10843,19.63834,3462,301,3,264,9.346161221383248e+18,STAR,3.721544e-05,8301,57390,240
1.2376576279051643e+18,141.637278520399,42.0888990794817,25.0301,23.79241,21.48902,20.47543,19.81643,2830,301,1,215,9.34297236278479e+18,GALAXY,0.5957313,8298,57390,927
1.2376543835914245e+18,145.845471293742,57.1573138705125,21.99537,22.08332,21.76252,21.73314,20.62321,2074,301,6,172,9.22240404085148e+18,GALAXY,0.6952928,8191,57390,574
1.2376786614235302e+18,358.885324669722,4.65407228706497,20.91673,20.97975,20.94745,20.53022,20.84995,7727,301,3,59,9.841699842027706e+18,QSO,1.841834,8741,57390,759
1.237678598092096e+18,3.65117715050201,3.2031455855224,22.98287,21.91233,21.36972,21.25299,20.91588,7712,301,5,354,9.84609761367768e+18,QSO,1.006327,8745,57391,374
1.2376637831348887e+18,25.7107215723669,-0.733425113585839,23.40339,23.96553,21.97561,22.06336,21.49331,4263,301,2,287,9.900159226025892e+18,QSO,3.981314,8793,57391,441
1.2376785986288356e+18,3.47537997134299,3.69145464266152,22.21947,20.16323,18.92126,18.41825,18.07181,7712,301,6,352,9.84610476050326e+18,GALAXY,0.1962496,8745,57391,400
1.2376511908248947e+18,142.775219212121,57.4873577244564,20.16076,20.05686,19.73973,19.73073,19.59558,1331,301,3,245,9.226821328832844e+18,QSO,1.158895,8195,57391,260
1.2376511908252877e+18,144.207863043806,57.9088813246213,22.05201,20.36446,24.80203,20.17374,20.38017,1331,301,3,251,9.226782845925872e+18,STAR,-1.20093e-05,8195,57391,120
1.2376785980922924e+18,4.11916407989168,3.30566347468449,21.81408,21.86151,21.89083,21.25677,21.28546,7712,301,5,357,9.846075623445123e+18,QSO,1.819308,8745,57391,294
1.2376737055792827e+18,118.40438156023,41.9690459772757,20.78296,20.55156,20.33306,20.21551,20.31797,6573,301,4,229,9.335024817878096e+18,QSO,1.40033,8291,57391,686
1.2376664079174218e+18,27.091210140754,-0.0078624769583299,22.27346,23.09899,23.00979,22.06538,20.92706,4874,301,3,602,9.900274124990994e+18,GALAXY,1.291308,8793,57391,859
1.237663783135609e+18,27.2790109126109,-0.693281947369864,22.20876,21.5226,21.41145,21.41649,21.4889,4263,301,2,298,9.900068241438691e+18,STAR,-0.0006975505,8793,57391,110
1.2376637852825687e+18,26.0917230211191,0.926596830101159,23.4385,22.42615,22.04738,21.6139,20.8588,4263,301,6,290,9.900211177950304e+18,GALAXY,0.8044453,8793,57391,630
1.2376786222288087e+18,3.38358815909874,4.42612390285879,23.57966,25.9752,21.63515,20.58115,19.83201,7718,301,2,11,9.84614901584628e+18,GALAXY,0.684227,8745,57391,561
1.2376785986296878e+18,5.40195574320353,3.74794620624175,25.6344,22.50224,21.21938,20.4487,19.83119,7712,301,6,365,9.84600525470095e+18,STAR,-0.0002305634,8745,57391,38
1.2376737066529595e+18,117.893799151083,42.7268553881187,22.19583,21.049,20.95103,20.90901,21.11327,6573,301,6,228,9.33499678033159e+18,QSO,2.425399,8291,57391,584
1.2376737055793485e+18,118.517652651344,41.870462706255,20.87515,20.60223,20.55708,20.17272,19.96365,6573,301,4,230,9.335025642511817e+18,QSO,1.934203,8291,57391,689
1.237666407917487e+18,27.2312974361222,-0.121698945475511,24.68399,23.66688,22.03051,21.34003,21.00301,4874,301,3,603,9.900081710456134e+18,GALAXY,0.3964022,8793,57391,159
1.2376786174299343e+18,27.6033198069467,1.08674408580103,22.8313,22.77192,22.07724,21.29977,21.58189,7717,301,1,514,9.900297764490992e+18,QSO,1.546835,8793,57391,945
1.2376543921772303e+18,119.694916711872,40.7258525700478,21.38315,21.23851,20.86914,20.78057,20.68624,2076,301,6,109,9.334874459663e+18,QSO,1.011142,8291,57391,139
1.2376737066529587e+18,117.931496481499,42.6940547761572,18.10843,17.62566,17.70644,17.825,17.99884,6573,301,6,228,9.3349973300874e+18,STAR,-4.982813e-05,8291,57391,586
1.2376511908254188e+18,144.54222727311,58.0628076096732,22.60849,21.22445,20.60669,20.15794,19.82772,1331,301,3,253,9.226984331431664e+18,STAR,-0.0001691127,8195,57391,853
1.2376511908250255e+18,143.219506532181,57.528042486398,20.02549,19.89687,19.70354,19.40178,19.23697,1331,301,3,247,9.226808409571222e+18,QSO,1.946162,8195,57391,213
1.2376582044995425e+18,146.218162254455,42.8039727888673,21.85241,21.32046,21.1771,21.11131,20.86567,2964,301,3,139,9.345141424365265e+18,QSO,2.243238,8300,57391,626
1.2376785986292943e+18,4.38656203218608,3.57382942105383,22.41986,23.42339,21.89537,20.63539,19.67155,7712,301,6,359,9.84605720662536e+18,STAR,0.002646154,8745,57391,227
1.2376785986287045e+18,3.13029512143885,3.62644893152375,20.17302,20.047,19.80363,19.83124,19.90094,7712,301,6,350,9.846128125125351e+18,QSO,1.332897,8745,57391,485
1.2376785986290975e+18,3.93284433521677,3.73143258443015,23.4746,23.87522,21.50315,20.34307,19.52094,7712,301,6,356,9.84608964221838e+18,GALAXY,0.5594701,8745,57391,345
1.237673706116744e+18,120.106072694319,42.5655619021642,23.29223,21.77028,21.27466,21.23794,21.14054,6573,301,5,238,9.335095736378087e+18,QSO,2.871936,8291,57391,944
1.2376606370660357e+18,147.159573121943,42.0436958207637,25.72018,24.98957,22.89277,21.2065,19.80136,3530,301,6,206,9.345192276778047e+18,STAR,-0.0001667778,8300,57391,811
1.2376737045057372e+18,119.169612822998,41.05002849353,20.53104,20.24453,20.13266,19.9777,18.81611,6573,301,2,232,9.33489315136067e+18,STAR,-0.000712021,8291,57391,207
1.2376637825980828e+18,25.7942805287447,-1.23182575962065,21.79658,20.37444,19.44228,19.00376,18.54181,4263,301,1,288,9.9001595009038e+18,GALAXY,0.2774362,8793,57391,442
1.2376737066529587e+18,117.897682396355,42.5865547546552,20.91201,19.5747,19.13892,18.96457,18.89337,6573,301,6,228,9.33499842959903e+18,STAR,-0.0001491145,8291,57391,590
1.2376543921770337e+18,119.296150147334,40.3764258214253,21.27315,20.84192,20.70152,20.36707,20.37749,2076,301,6,106,9.334889028192063e+18,QSO,1.742535,8291,57391,192
1.2376737061162196e+18,118.415567198811,42.3331828132658,22.10424,21.88607,22.08223,21.89672,21.71559,6573,301,5,230,9.33502261885484e+18,STAR,-0.0007353825,8291,57391,678
1.237654392177296e+18,119.776040664349,40.7919561081756,21.21974,20.67764,20.63913,20.37672,20.3354,2076,301,6,110,9.33486456405835e+18,QSO,0.5311005,8291,57391,103
1.2376511913618314e+18,142.573373712155,57.7619353163643,22.28024,22.31779,21.65288,21.69746,21.5852,1331,301,4,246,9.226835622484009e+18,QSO,1.406716,8195,57391,312
1.237673706116285e+18,118.535427901022,42.4320373431807,21.84141,21.44171,20.98507,20.98626,20.96803,6573,301,5,231,9.33503251445949e+18,STAR,0.0001840765,8291,57391,714
1.2376511908252224e+18,143.936176129521,57.8204766356372,21.21339,20.4129,20.07544,19.98786,19.70261,1331,301,3,250,9.226789992751454e+18,QSO,2.213726,8195,57391,146
1.2376788906685893e+18,26.2769510206857,-1.41757199175375,20.99266,20.12281,19.85966,19.74561,19.80007,7780,301,6,77,9.900126515554966e+18,STAR,-0.0007034141,8793,57391,322
1.237678598092751e+18,5.24824262903121,3.16425810337243,21.05396,20.90528,20.8191,20.42911,20.52334,7712,301,5,364,9.846018998596297e+18,QSO,1.715101,8745,57391,88
1.2376737045054095e+18,118.173992378311,41.0662742790741,21.53831,20.66696,20.21802,21.45175,20.86766,6573,301,2,227,9.334947852064152e+18,STAR,1.138378e-05,8291,57391,406
1.2376637842089585e+18,26.4663403767869,0.0734799536965255,25.1509,24.21251,22.8524,21.37589,20.84851,4263,301,4,292,9.900240864764254e+18,GALAXY,0.8539063,8793,57391,738
1.237663785282634e+18,26.2205398012206,1.04167999174269,23.76637,22.4788,21.76275,21.52753,20.73537,4263,301,6,291,9.90022052379914e+18,GALAXY,0.3228706,8793,57391,664
1.2376511913623557e+18,144.358207277008,58.4473440634278,22.86141,21.66149,21.14863,20.64141,20.30482,1331,301,4,254,9.227017591658404e+18,QSO,1.667038,8195,57391,974
1.2376785986295567e+18,5.03523136683339,3.58826711428206,26.29686,24.87047,22.11235,20.76107,19.78618,7712,301,6,363,9.846013775916065e+18,GALAXY,0.6253552,8745,57391,69
1.237678598629819e+18,5.62441454777945,3.60763701562947,25.71661,22.1597,21.17344,20.17742,19.46108,7712,301,6,367,9.84599783299746e+18,QSO,0.5181971,8745,57391,11
1.2376582044994772e+18,146.131266157542,42.7613971792112,23.0812,21.96382,21.38973,21.37147,20.97803,2964,301,3,138,9.345141149487356e+18,STAR,-0.000240173,8300,57391,625
1.2376737066530245e+18,118.064032734784,42.6716703664864,20.80531,19.90088,19.69611,19.33526,18.9591,6573,301,6,229,9.33500832520368e+18,QSO,2.254164,8291,57391,626
1.237678598628901e+18,3.57087912214268,3.7295047570177,21.359,21.28432,20.89457,21.04827,21.0559,7712,301,6,353,9.846102836357913e+18,QSO,1.337616,8745,57391,393
1.2376511913618312e+18,142.328870227819,57.8765679677639,22.00682,21.90298,21.65615,21.69927,20.88733,1331,301,4,246,9.22683617223982e+18,QSO,0.3813381,8195,57391,314
1.2376737045054764e+18,118.466578701813,41.0625425603466,25.65149,25.56868,22.34147,21.10748,19.94445,6573,301,2,228,9.33493713182578e+18,GALAXY,0.8436126,8291,57391,367
1.2376737061160883e+18,118.033327054578,42.3163586916385,21.22724,19.91166,19.57438,19.43236,19.42007,6573,301,5,228,9.335011348860656e+18,STAR,6.440472e-05,8291,57391,637
1.23766034340053e+18,147.531974304826,40.5887954174587,21.99362,21.83872,21.82697,21.43598,22.11085,3462,301,3,250,9.34500508492342e+18,QSO,1.709298,8300,57391,130
1.23766063706597e+18,146.990660064464,41.9349558233571,21.38586,21.29109,20.61195,20.45378,20.57265,3530,301,6,205,9.345192551655954e+18,QSO,1.181549,8300,57391,812
1.2376582039624095e+18,145.851358405078,42.1022106925914,23.94068,23.2261,21.53843,20.31156,19.64688,2964,301,2,135,9.34513455241759e+18,GALAXY,0.7172913,8300,57391,601
1.2376582044992806e+18,145.424138484644,42.5088688811772,26.44516,24.19694,21.48801,20.44223,19.79969,2964,301,3,135,9.345120808522242e+18,GALAXY,0.5962563,8300,57391,551
1.2376511913613724e+18,140.966579428342,57.0812866080056,20.78546,20.63746,20.41065,20.44033,21.00394,1331,301,4,239,9.226872456123535e+18,QSO,1.341521,8195,57391,446
1.237663782598738e+18,27.3124053143919,-1.15088260355436,21.29069,20.27073,19.53476,19.14741,18.89515,4263,301,1,298,9.900067141927064e+18,GALAXY,0.2422929,8793,57391,106
1.237654392177296e+18,119.879016733916,40.8429485704645,20.7548,20.28653,20.02102,19.62063,19.58036,2076,301,6,110,9.334864014302534e+18,QSO,1.628602,8291,57391,101
1.2376786614254308e+18,3.24727300574949,4.67770997785665,20.64624,20.71224,20.39546,20.16805,20.23189,7727,301,3,88,9.846148191212558e+18,QSO,1.371022,8745,57391,558
1.2376637852830272e+18,27.1239146981729,1.01864758385686,21.46251,21.35847,20.88753,20.79766,20.4986,4263,301,6,297,9.900276598892157e+18,QSO,1.319453,8793,57391,868
1.2376511908148685e+18,118.88202186483,40.3753685843777,23.88445,23.05656,21.90552,20.81994,19.90205,1331,301,3,92,9.33490469623276e+18,GALAXY,0.6597683,8291,57391,249
1.237673705042347e+18,118.191231284557,41.4002754337498,22.0787,23.03412,22.57377,21.16183,19.83784,6573,301,3,228,9.33495087572113e+18,GALAXY,0.9460981,8291,57391,417
1.2376786614262175e+18,5.01187435387294,4.78469352000637,23.77954,22.22272,21.5029,21.35504,20.82929,7727,301,3,100,9.846246597503244e+18,GALAXY,0.3883184,8745,57391,916
1.2376511908250918e+18,143.598070794481,57.6223943842729,22.32157,21.59297,21.19637,20.90841,20.89716,1331,301,3,248,9.226800438111918e+18,QSO,1.16316,8195,57391,184
1.2376543916402289e+18,119.894612428004,40.2959438143949,25.12812,23.10403,21.69575,20.35827,19.62887,2076,301,5,107,9.334859616256025e+18,GALAXY,0.7524773,8291,57391,85
1.237663785282503e+18,25.9251616078601,0.919482009430339,24.4918,25.1143,24.80213,24.36134,20.3763,4263,301,6,289,9.900200182834026e+18,STAR,-0.0004533496,8793,57391,590
1.2376637825981486e+18,25.9370141980074,-1.22368504381066,22.38017,20.68702,19.58107,19.00881,18.53708,4263,301,1,289,9.90014850578752e+18,GALAXY,0.2391574,8793,57391,402
1.2376512509435584e+18,119.975596928512,41.9245625629531,23.55534,21.82257,21.34571,21.00387,21.54043,1345,301,3,79,9.335090788575762e+18,STAR,-0.0002738428,8291,57391,926
1.2376785980920965e+18,3.71021984136382,3.21339341750526,24.69544,23.60311,21.74538,19.8977,18.89965,7712,301,5,354,9.846096514166053e+18,STAR,-9.861049e-05,8745,57391,370
1.2376603434006612e+18,148.014551564436,40.8377695717217,21.80502,21.17027,21.13885,20.84784,20.3566,3462,301,3,252,9.34498144542342e+18,QSO,0.7601388,8300,57391,44
1.2376785986294917e+18,4.86209869932139,3.73255060172317,26.29263,23.55262,21.91425,20.70187,19.89383,7712,301,6,362,9.846035766148618e+18,GALAXY,0.8817518,8745,57391,149
1.2376603434007923e+18,148.340816128023,40.7750616895391,21.17353,20.91444,20.9376,20.61875,20.87805,3462,301,3,254,9.344982819812956e+18,QSO,1.723005,8300,57391,49
1.2376737055799383e+18,120.353147770654,42.2472337691361,19.28906,18.29186,17.99628,17.86667,17.81254,6573,301,4,239,9.335105906860644e+18,STAR,0.0001262996,8291,57391,981
1.2376737045057377e+18,119.130161053694,41.2296981243911,20.06675,19.73347,19.73182,19.35911,19.06774,6573,301,2,232,9.33490936915718e+18,QSO,0.4661376,8291,57391,266
1.2376511908250255e+18,143.377538323818,57.5617348072204,20.82525,20.64384,20.30836,20.27823,19.90082,1331,301,3,247,9.226810608594475e+18,QSO,0.9510177,8195,57391,221
1.2376511908253537e+18,144.343239265722,57.9123645511524,20.2508,20.1836,19.96964,20.00617,19.99988,1331,301,3,252,9.226780372024711e+18,QSO,1.096765,8195,57391,111
1.237660343400399e+18,147.248216806786,40.5152815976903,21.69301,20.96187,20.55178,20.50134,20.51899,3462,301,3,248,9.345013606138532e+18,QSO,0.7419979,8300,57391,161
1.2376737061158922e+18,117.47212985851,42.2595401212431,23.53096,23.32069,21.46172,20.30897,19.6437,6573,301,5,225,9.33497946302345e+18,GALAXY,0.649194,8291,57391,521
1.237673706115826e+18,117.26946173073,42.0319661010426,21.26225,21.01805,20.77174,20.73369,20.59562,6573,301,5,224,9.33497588961066e+18,QSO,2.070155,8291,57391,508
1.2376786222296604e+18,5.36855031344135,4.4739943419721,26.70911,23.36293,21.48856,20.49009,19.80908,7718,301,2,24,9.846260616276498e+18,GALAXY,0.6350439,8745,57391,967
1.2376511908152607e+18,119.482703244945,41.0788811880391,18.3456,17.40488,17.0273,16.86845,16.83474,1331,301,3,98,9.334877483319972e+18,STAR,-0.0002298448,8291,57391,150
1.2376785986294907e+18,4.86639224453114,3.61944299749431,21.97483,19.97099,18.53623,17.97035,17.62394,7712,301,6,362,9.846034116881177e+18,GALAXY,0.2629566,8745,57391,143
1.23767859862877e+18,3.20712138396345,3.62509178928007,24.76793,22.81192,21.52281,20.41983,19.72484,7712,301,6,351,9.84612372707884e+18,GALAXY,0.7266039,8745,57391,469
1.2376786614263483e+18,5.33218971444592,4.66824127965191,23.91595,21.65066,21.316,21.42232,21.01167,7727,301,3,102,9.846257042863708e+18,QSO,2.77806,8745,57391,954
1.2376737045057377e+18,119.156067738701,41.0788108632358,25.29322,22.51601,21.0991,20.06843,19.11147,6573,301,2,232,9.334909094279272e+18,STAR,0.0002181962,8291,57391,265
1.237658204499412e+18,146.008456989789,42.5947150779918,23.29526,23.22859,21.7591,20.72911,19.86337,2964,301,3,137,9.345140049975728e+18,GALAXY,0.7390586,8300,57391,621
1.23765125041619e+18,143.861146285975,57.5790940058694,26.0462,22.71047,21.42639,20.31774,19.50797,1345,301,2,224,9.226794665675872e+18,GALAXY,0.7433284,8195,57391,163
1.237673705579152e+18,117.969295670817,41.8800777776029,21.50724,21.78824,21.33639,21.27905,23.75511,6573,301,4,227,9.33500282764554e+18,QSO,1.336182,8291,57391,606
1.2376785980918336e+18,3.04954332374353,3.2028095339831,21.01768,21.01003,20.88296,20.63683,20.49519,7712,301,5,350,9.84612015366605e+18,QSO,1.726023,8745,57391,456
1.2376543921770993e+18,119.515811558767,40.4504881260126,20.70339,20.74799,20.63098,20.57669,20.53384,2076,301,6,107,9.334883805511832e+18,QSO,0.9066702,8291,57391,173
1.2376512509434276e+18,119.652947930658,41.7697669910046,23.82105,26.10416,22.27388,20.85621,19.63452,1345,301,3,77,9.335081717604831e+18,GALAXY,0.8062673,8291,57391,893
1.237654392176968e+18,119.193634423888,40.2431052559704,22.79673,22.37321,21.18682,20.80346,20.39281,2076,301,6,105,9.334899748430436e+18,GALAXY,0.3686382,8291,57391,231
1.2376582044995428e+18,146.25941208646,42.6745079327891,25.10851,22.71956,21.42412,20.32526,19.42428,2964,301,3,139,9.345153793871075e+18,GALAXY,0.6334726,8300,57391,671
1.237654392177296e+18,119.89041276849,40.8894423482707,20.97908,20.95595,20.67331,20.68083,20.57316,2076,301,6,110,9.334864838936254e+18,QSO,0.9602836,8291,57391,104
1.2376582034256044e+18,146.302134494227,41.8884435148853,25.95385,24.8103,22.03037,20.77427,19.93646,2964,301,1,136,9.34514884606875e+18,GALAXY,0.7354732,8300,57391,653
1.2376784397016113e+18,41.7962157293754,3.185572745304,22.55473,22.93025,22.01193,20.71555,20.00022,7675,301,6,147,9.828070845796604e+18,GALAXY,0.617376,8729,57399,329
1.2376784397019392e+18,42.5794985506818,3.21379459682256,24.63053,23.25454,21.4756,20.14112,19.446,7675,301,6,152,9.828036211180329e+18,GALAXY,0.6870826,8729,57399,203
1.2376784397016115e+18,41.813555215525,3.21497442994277,26.3021,25.04929,21.84693,20.62301,19.92817,7675,301,6,147,9.828071395552416e+18,GALAXY,0.7693939,8729,57399,331
1.2376786619788828e+18,41.2719497909036,4.08239880470405,25.21225,23.14035,21.60475,20.40546,19.71443,7727,301,4,341,9.828139015517526e+18,GALAXY,0.747049,8729,57399,577
1.237678661442864e+18,43.2091033978095,3.68595170960603,22.30433,21.29024,21.07749,20.64312,20.74534,7727,301,3,354,9.82799745339545e+18,QSO,1.527939,8729,57399,62
1.2376786238569848e+18,43.5929927114768,4.65080011255047,25.70762,25.77412,22.67075,21.46244,19.86305,7718,301,5,279,9.828242369610537e+18,QSO,1.600639,8729,57399,953
1.237678661979866e+18,43.5312641135748,3.96640757121651,27.01346,23.43908,21.44388,20.09194,19.25273,7727,301,4,356,9.827990581447776e+18,GALAXY,0.6683701,8729,57399,37
1.2376786222452582e+18,40.9936010883202,3.5839874116133,22.56986,23.45326,21.75059,20.68024,19.85547,7718,301,2,262,9.828114001627994e+18,GALAXY,0.869821,8729,57399,486
1.2376786238517422e+18,31.6290806851977,5.12416441057941,24.22388,23.93252,22.39363,20.67557,19.83886,7718,301,5,199,9.836101128986843e+18,GALAXY,0.83973,8736,57400,871
1.237678661437031e+18,29.8155094637242,4.21731684320763,21.00156,20.92597,20.773,20.7044,20.56143,7727,301,3,265,9.836008495132203e+18,QSO,0.9111997,8736,57400,534
1.2376786614372273e+18,30.2721099766566,4.15254426246936,19.88599,19.7776,19.46198,19.65208,19.58313,7727,301,3,268,9.836020864638015e+18,QSO,1.033019,8736,57400,579
1.237678661437817e+18,31.7049925474124,4.06387108525163,20.16022,20.05098,19.73996,19.96755,20.19163,7727,301,3,277,9.835905141039192e+18,QSO,1.068388,8736,57400,158
1.2376784396966303e+18,30.457460610198,3.45509634330966,24.67798,23.96564,21.75594,20.67058,19.62817,7675,301,6,71,9.835965889056629e+18,GALAXY,0.7079729,8736,57400,379
1.2376786614374894e+18,30.8972709659879,4.12049413700107,21.2826,21.53769,21.49849,21.05632,20.5811,7727,301,3,272,9.836065119981031e+18,QSO,1.979766,8736,57400,740
1.2376786614372273e+18,30.3268292118834,4.29542892200014,20.8724,20.92575,20.6476,20.69405,20.35054,7727,301,3,268,9.836030210486854e+18,QSO,1.137533,8736,57400,613
1.2376786614374894e+18,30.9188088725177,4.13628012418804,21.99281,21.40838,21.15975,20.93182,20.92116,7727,301,3,272,9.836064845103129e+18,QSO,2.098777,8736,57400,739
1.237678661437096e+18,30.066358804177,4.2982016965572,20.08624,19.74796,19.6143,19.65273,19.60859,7727,301,3,266,9.83600794537639e+18,QSO,0.8055419,8736,57400,532
1.2376786619750815e+18,32.5664671719482,4.52835249171655,23.10819,23.17888,21.84915,20.58013,19.80085,7727,301,4,283,9.83613191531242e+18,GALAXY,0.7153624,8736,57400,983
1.237678661437031e+18,29.8038791481731,4.18714025874287,20.42222,20.17522,20.0896,19.91158,19.9722,7727,301,3,265,9.836007395620575e+18,QSO,0.6463968,8736,57400,530
1.237678661437031e+18,29.8525101856994,4.12476544878758,19.80824,18.97071,18.73059,18.65035,18.6049,7727,301,3,265,9.836009044888017e+18,QSO,2.938213,8736,57400,536
1.2376785980929477e+18,5.62323189295972,3.28488524283692,21.85379,21.72741,21.98162,21.73407,22.00845,7712,301,5,367,9.848369754624252e+18,QSO,2.101449,8747,57401,448
1.237658203427505e+18,151.453717002622,43.8244104687001,25.84662,25.86184,21.40129,20.10713,19.34127,2964,301,1,165,9.330398347994094e+18,GALAXY,0.7334043,8287,57401,239
1.2376785980937997e+18,7.52618875255325,3.26442958918242,21.42885,21.02341,20.52487,20.59163,20.52107,7712,301,5,380,9.848273547356822e+18,QSO,1.055445,8747,57401,98
1.2376785986306056e+18,7.47790609346805,3.7211305396478,25.97299,23.05701,21.44555,20.2319,19.36594,7712,301,6,379,9.848277670525424e+18,GALAXY,0.6429459,8747,57401,113
1.2376582034269806e+18,150.06594961137,43.3782062773839,26.05851,24.56995,21.60126,20.35617,19.53254,2964,301,1,157,9.330449475284783e+18,GALAXY,0.7479057,8287,57401,425
1.237654383591752e+18,146.901134652146,57.7629273994824,23.17421,22.27323,21.42858,20.4029,19.68743,2074,301,6,177,9.225714395669354e+18,GALAXY,0.7343255,8194,57401,329
1.237658203963786e+18,149.666986561731,43.5745798398841,25.74841,23.68577,21.8584,20.62546,19.78955,2964,301,2,156,9.330468166982455e+18,GALAXY,0.7828518,8287,57401,493
1.23765119082555e+18,145.159448943334,58.2367884178932,20.54388,20.60869,20.7293,20.51992,20.54198,1331,301,3,255,9.225745181994932e+18,QSO,1.777013,8194,57401,441
1.2376785980934725e+18,6.80062215972396,3.18457713948198,22.91037,21.62269,21.59318,21.62203,20.77047,7712,301,5,375,9.848315328798677e+18,QSO,2.363909,8747,57401,250
1.2376786614271347e+18,7.20418173007511,4.67990632393899,22.78491,21.50271,20.95543,20.77991,20.5791,7727,301,3,114,9.84848685261261e+18,STAR,-0.0005168803,8747,57401,874
1.2376785980931443e+18,6.13124908299159,3.1869251642161,20.62201,19.52623,19.05624,18.82126,18.71173,7712,301,5,370,9.848349138781231e+18,STAR,-0.0003173972,8747,57401,373
1.2376577701661903e+18,131.725257299504,42.5592193606653,22.1249,22.60484,21.12855,20.13006,19.34608,2863,301,2,66,9.339567175458118e+18,GALAXY,0.6536488,8295,57401,827
1.2376574013430175e+18,132.367728546752,40.8411078819137,22.92736,24.14672,21.71825,20.6274,19.96332,2777,301,3,175,9.339365964830237e+18,GALAXY,0.6480679,8295,57401,95
1.237658204500657e+18,149.439163082407,43.9056339674704,24.24259,25.17019,22.05716,21.01932,19.90605,2964,301,3,156,9.330480261610365e+18,GALAXY,0.7762299,8287,57401,537
1.2376785980935375e+18,7.01805214115655,3.13937574913372,20.7071,20.71549,20.47168,20.53314,20.3744,7712,301,5,376,9.848302684414958e+18,QSO,1.357553,8747,57401,204
1.2376543835916864e+18,146.896362573102,57.532518624412,19.54747,19.52207,19.53242,19.18275,19.18541,2074,301,6,176,9.225712471524004e+18,QSO,1.918647,8194,57401,322
1.2376785986308017e+18,7.88362893236956,3.60978127202943,20.42093,20.14632,19.87395,19.84977,19.65823,7712,301,6,382,9.848250732490543e+18,QSO,1.126346,8747,57401,15
1.2376576069644454e+18,132.079347652431,42.3240049702304,21.88434,21.68414,21.42758,21.35933,21.31478,2825,301,2,173,9.339580919353465e+18,QSO,1.084247,8295,57401,877
1.2376543835920796e+18,147.989456414033,58.0961671627609,20.8173,21.0844,21.02038,20.63342,20.33152,2074,301,6,182,9.225682784710058e+18,QSO,1.845872,8194,57401,214
1.2376543835926694e+18,150.313924665016,58.7623428307709,20.72655,20.63894,20.63339,20.49518,20.44467,2074,301,6,191,9.225630832785646e+18,QSO,1.515841,8194,57401,25
1.2376543835923415e+18,148.955435515608,58.4334874846042,23.98451,22.56239,21.22471,19.81445,18.96188,2074,301,6,186,9.22565447228564e+18,STAR,1.611686e-05,8194,57401,111
1.23765760696438e+18,131.772372335515,42.2608755198552,20.79276,20.86524,21.05489,20.77682,20.73879,2825,301,2,172,9.339569924237187e+18,QSO,1.870227,8295,57401,837
1.237651250954371e+18,148.081822375028,59.5887382887789,22.44016,22.07983,21.8887,22.01148,20.80204,1345,301,3,244,9.225853758768175e+18,QSO,1.354478,8194,57401,836
1.2376576080378598e+18,130.404259809676,42.4725591265382,23.0708,21.92559,21.43207,20.891,20.32625,2825,301,4,168,9.3395031289058e+18,GALAXY,0.5726113,8295,57401,594
1.2376543835922767e+18,148.750649181368,58.387461963093,23.05928,23.85916,21.74785,20.43281,19.31452,2074,301,6,185,9.225651723506571e+18,GALAXY,0.8738148,8194,57401,101
1.23765760696379e+18,130.475723049369,41.258108298102,21.10341,20.64974,20.13984,19.6859,19.63066,2825,301,2,163,9.339453925760457e+18,QSO,1.571382,8295,57401,415
1.237657606963659e+18,130.258799932577,41.0899341454573,21.52766,21.07937,21.09141,21.15016,21.12178,2825,301,2,161,9.339461897219758e+18,QSO,2.283585,8295,57401,444
1.237678661427e+18,6.84998215994585,4.64863672165896,17.31973,16.42568,16.20041,16.12263,16.11765,7727,301,3,112,9.84846623676959e+18,STAR,-0.000540084,8747,57401,799
1.2376576069639212e+18,130.897557425467,41.5257242123402,20.137,19.95127,19.97121,19.69621,19.37138,2825,301,2,165,9.339433309917436e+18,QSO,2.134849,8295,57401,340
1.23765119082614e+18,147.171625547992,58.9975906243774,20.2872,20.12974,19.66478,19.72403,19.69928,1331,301,3,264,9.2258270956112e+18,QSO,1.228518,8194,57401,739
1.23765760696438e+18,131.790277383331,42.374007726869,20.40197,20.09809,20.05013,19.84519,19.99038,2825,301,2,172,9.339570199115094e+18,QSO,1.621656,8295,57401,838
1.2376785980937344e+18,7.42583284672855,3.18072124270659,22.76363,22.30827,22.18311,21.76735,21.58376,7712,301,5,379,9.848282068571937e+18,QSO,1.567106,8747,57401,129
1.237657606963659e+18,130.1064450438,41.1490094243271,21.82334,21.93686,21.30899,21.35165,21.81634,2825,301,2,161,9.33946794453371e+18,QSO,1.188403,8295,57401,466
1.237678598093734e+18,7.41853492269564,3.27038013973239,22.0212,21.90779,21.66865,21.67669,21.28973,7712,301,5,379,9.848283168083565e+18,QSO,2.049713,8747,57401,133
1.2376576069644454e+18,132.023928554837,42.4298088762159,20.9909,20.71224,20.55736,20.43517,20.39975,2825,301,2,173,9.339580644475556e+18,QSO,6.157588,8295,57401,876
1.237678598630278e+18,6.67766640836152,3.64445073121087,25.83201,23.0553,22.23307,20.5532,19.59056,7712,301,6,374,9.848321101234725e+18,GALAXY,0.7660551,8747,57401,271
1.2376582045007877e+18,149.627011431465,44.1006690098157,22.73589,22.40543,20.29624,19.19046,18.80076,2964,301,3,158,9.330478337465014e+18,GALAXY,0.5481933,8287,57401,530
1.2376785986302124e+18,6.51431950483186,3.72592397981424,22.89606,23.08747,21.5178,20.37108,19.72461,7712,301,6,373,9.848332096351e+18,GALAXY,0.552285,8747,57401,311
1.237678598630147e+18,6.44228771259674,3.61563604051241,25.95885,24.16607,22.08807,20.72912,19.39697,7712,301,6,372,9.848340892444025e+18,GALAXY,0.8620633,8747,57401,343
1.2376606370675425e+18,151.42440431062,43.5445647544408,16.39096,16.3847,16.37569,16.17748,16.27553,3530,301,6,229,9.330395324337115e+18,QSO,0.1782913,8287,57401,228
1.2376511908263365e+18,147.858923706624,59.3115100678738,21.66754,22.00143,21.41451,21.25477,21.37105,1331,301,3,267,9.225846886820502e+18,QSO,1.303879,8194,57401,811
1.2376574013432138e+18,132.779938716822,41.1590234396064,23.07471,23.03132,21.29062,20.02984,19.29469,2777,301,3,178,9.339342325330235e+18,GALAXY,0.7259415,8295,57401,9
1.2376785986300155e+18,6.03391664362516,3.7112441558171,24.03972,23.34421,21.98821,20.51035,19.85444,7712,301,6,370,9.848354086583556e+18,GALAXY,0.6763569,8747,57401,391
1.2376543835919493e+18,147.695662217835,57.794750981951,25.42685,23.22105,21.50427,20.3134,19.66596,2074,301,6,180,9.225691855680983e+18,GALAXY,0.778054,8194,57401,247
1.2376576069645112e+18,132.115960998498,42.4250799129188,22.73674,22.1944,22.05661,21.8246,21.61065,2825,301,2,174,9.339589165690671e+18,GALAXY,0.6274638,8295,57401,907
1.23765760696379e+18,130.521054380126,41.4100957527927,21.09561,21.05629,21.21334,20.84272,20.76479,2825,301,2,163,9.339455300149991e+18,QSO,1.763559,8295,57401,420
1.23765760696438e+18,131.887232406897,42.2203644040708,23.09487,22.88994,21.69888,20.69983,20.11465,2825,301,2,172,9.339581743987184e+18,STAR,-5.390754e-05,8295,57401,880
1.237654383591687e+18,146.61120015475,57.6221222649288,23.54531,22.85575,21.16897,19.78185,19.12352,2074,301,6,176,9.225724566151911e+18,STAR,-0.0002359361,8194,57401,366
1.237678598629885e+18,5.83623607669699,3.71384109734341,22.64151,21.9091,21.48612,21.32123,20.40845,7712,301,6,368,9.848376901449832e+18,GALAXY,0.7233157,8747,57401,474
1.237678661426545e+18,5.77393386474853,4.65083709599499,21.043,21.07757,20.87572,20.67864,20.44033,7727,301,3,105,9.848399991194016e+18,QSO,1.344312,8747,57401,558
1.2376511908264015e+18,148.240542895631,59.3556672416405,18.69198,17.75772,17.55702,17.51036,17.54147,1331,301,3,268,9.225855408035617e+18,STAR,9.938922e-05,8194,57401,842
1.2376786614271345e+18,7.10057396541782,4.74817115913837,18.70266,18.64419,18.41151,18.4759,18.58832,7727,301,3,114,9.84847613237424e+18,QSO,1.333582,8747,57401,835
1.2376582039638515e+18,149.738397699636,43.613103129134,22.13438,23.3896,21.71268,20.72804,19.48734,2964,301,2,157,9.330462119668505e+18,GALAXY,0.8000843,8287,57401,471
1.237651190826599e+18,148.842085106194,59.516673631165,21.27206,21.27919,20.88724,21.0051,20.68435,1331,301,3,271,9.225876573634454e+18,QSO,1.385686,8194,57401,919
1.2376543835924073e+18,149.484005006268,58.4260811141613,21.44751,21.13758,20.93582,20.76479,20.68813,2074,301,6,187,9.225641553024014e+18,QSO,1.652539,8194,57401,64
1.2376543835925384e+18,149.797587469987,58.6770242165108,23.76865,25.08686,21.91516,20.61788,19.89658,2074,301,6,189,9.2256330318089e+18,GALAXY,0.7026218,8194,57401,33
1.237678661427462e+18,7.95326163089794,4.76954834866453,19.17223,18.1935,17.8212,17.72413,17.70157,7727,301,3,119,9.84850746845563e+18,STAR,-3.383943e-05,8747,57401,949
1.2376785986296876e+18,5.30566268849299,3.7130691245778,21.04785,21.24256,21.12647,20.94989,21.07161,7712,301,6,365,9.848382948763783e+18,QSO,1.389765,8747,57401,496
1.2376543835921454e+18,148.371152306597,58.1835943042573,21.46593,20.82706,20.79653,20.6427,20.44549,2074,301,6,183,9.225673163983313e+18,QSO,2.412105,8194,57401,179
1.2376786614268073e+18,6.46251754365193,4.62264687936649,22.13451,22.23206,21.87718,21.53567,21.86582,7727,301,3,109,9.848432976542847e+18,GALAXY,0.24143,8747,57401,678
1.237678598629885e+18,5.87593615648575,3.71099229558091,22.4136,21.52308,21.10229,20.96568,20.90661,7712,301,6,368,9.848373328037042e+18,QSO,0.8593132,8747,57401,461
1.2376543835917527e+18,147.036724556726,57.7364392901548,24.32316,24.10584,21.93611,20.52132,19.85056,2074,301,6,177,9.225713296157729e+18,GALAXY,0.73438,8194,57401,325
1.237657118948525e+18,130.824523886334,40.6382320628163,24.45183,23.24954,21.79852,20.74961,19.9514,2711,301,5,169,9.339422589679063e+18,GALAXY,0.5682501,8295,57401,301
1.237678598630016e+18,6.13689496435381,3.59177181906687,26.92574,23.64308,21.89477,20.47845,19.6189,7712,301,6,370,9.848352987071928e+18,GALAXY,0.7610512,8747,57401,387
1.237678598630277e+18,6.73137437257236,3.59783541502018,18.55738,18.34999,19.48014,18.28486,18.33822,7712,301,6,374,9.848319177089374e+18,QSO,1.081554,8747,57401,264
1.2376511908262054e+18,147.195727758252,59.1734501582164,21.30039,20.97591,20.77088,20.79655,20.24158,1331,301,3,265,9.22582627097748e+18,QSO,2.135325,8194,57401,736
1.2376786614273969e+18,7.83870270196496,4.73639602262094,19.7851,19.79727,19.83411,19.51931,19.50742,7727,301,3,118,9.84850856796726e+18,QSO,1.829674,8747,57401,953
1.237678598093734e+18,7.39385225079269,3.31535004835776,21.74464,21.72516,21.59273,21.15863,21.27599,7712,301,5,379,9.848283992717283e+18,GALAXY,0.8867747,8747,57401,136
1.2376786222307092e+18,7.77188267393353,4.44319288458329,25.75105,22.81174,21.63892,20.44423,19.79423,7718,301,2,40,9.848512416257956e+18,GALAXY,0.5990041,8747,57401,967
1.237657606964183e+18,131.391645298268,41.9429954229791,18.88675,18.48427,18.47381,18.51133,18.59246,2825,301,2,169,9.3395506827837e+18,STAR,0.000266876,8295,57401,767
1.2376786614365064e+18,28.6612033018309,4.27390463592594,20.85324,20.54345,20.59357,20.4525,20.41449,7727,301,3,257,9.83832516616548e+18,QSO,0.7114339,8738,57402,770
1.2376786614362442e+18,28.0600440841806,4.23990301696428,21.27247,21.38662,21.36409,21.19962,20.84636,7727,301,3,253,9.838293280328276e+18,QSO,1.999681,8738,57402,654
1.237678661436834e+18,29.4051863662974,4.16222648628916,19.40769,19.31576,19.12592,19.26383,19.33759,7727,301,3,262,9.838370521020127e+18,QSO,0.9881379,8738,57402,935
1.2376786614361787e+18,27.8484705978181,4.30037656610417,20.44651,20.36836,20.22273,20.02927,19.78621,7727,301,3,252,9.838272389607348e+18,QSO,2.011019,8738,57402,578
1.237678661436965e+18,29.7700500622401,4.32916666669654,20.38255,20.17498,19.89666,19.76231,19.7138,7727,301,3,264,9.838380691502684e+18,QSO,1.449574,8738,57402,972
1.2376786614368996e+18,29.4898046636168,4.28794832966375,20.75023,20.54712,20.45056,20.32362,20.2639,7727,301,3,263,9.83837024614222e+18,QSO,1.979494,8738,57402,934
1.2376786614363756e+18,28.2976731246617,4.28213269863412,22.55854,22.09254,21.35734,20.82705,20.70029,7727,301,3,255,9.83830455032246e+18,QSO,1.978367,8738,57402,695
1.237678661435851e+18,27.1948926579542,4.22194432110087,21.5682,20.98293,20.68733,20.62218,20.19107,7727,301,3,247,9.838253148153862e+18,QSO,0.9928038,8738,57402,508
1.237678661436834e+18,29.321203060444,4.22126852540278,21.34311,21.05555,20.90827,20.78311,20.58783,7727,301,3,262,9.838359800781756e+18,QSO,1.979749,8738,57402,896
1.237678661436572e+18,28.8385105397776,4.2094898513854,19.58545,19.65613,19.38968,19.03089,19.01516,7727,301,3,258,9.838337535671292e+18,QSO,1.93094,8738,57402,815
1.2376786614366374e+18,28.8694401414797,4.22160876387804,21.94853,21.97625,21.56727,21.6507,21.35243,7727,301,3,259,9.838336711037571e+18,QSO,3.943494,8738,57402,812
1.2376786614371615e+18,30.1539836529222,4.19796645410952,21.62542,21.72042,21.66045,21.48643,21.17767,7727,301,3,267,9.83838838808408e+18,QSO,1.993358,8738,57402,1000
1.2376784396963684e+18,29.819257288656,3.48498299442516,22.49041,21.19391,19.43304,18.79568,18.4226,7675,301,6,67,9.838130552607363e+18,GALAXY,0.4027264,8738,57402,62
1.2376786614364408e+18,28.5563188127497,4.34974121813831,19.02971,18.78428,18.54803,18.65514,18.51262,7727,301,3,256,9.838314720805016e+18,QSO,0.9239185,8738,57402,732
1.237678661436506e+18,28.628035189708,4.29288851910633,19.49423,19.33928,19.25005,19.00054,19.01289,7727,301,3,257,9.838316644950366e+18,QSO,1.882368,8738,57402,739
1.2376786614367027e+18,29.1025352305809,4.33423810209554,21.54517,20.83681,20.38701,20.27547,19.93624,7727,301,3,260,9.83834770615385e+18,QSO,0.7724152,8738,57402,852
1.237678661436834e+18,29.4387180435382,4.2875804364227,20.68621,20.72334,20.45277,20.52238,20.40741,7727,301,3,262,9.838369146630593e+18,QSO,1.180028,8738,57402,930
1.2376786614366374e+18,28.8852830381705,4.16180047936804,21.61709,21.63081,21.21635,20.90303,20.80687,7727,301,3,259,9.8383378105492e+18,QSO,1.547421,8738,57402,816
1.2376786614361134e+18,27.7264116895954,4.1948103817674,22.08126,21.86698,21.81297,21.32235,21.14989,7727,301,3,251,9.838260844735257e+18,QSO,1.651316,8738,57402,536
1.2376786614366372e+18,28.970614371043,4.29263440923614,19.50917,19.52843,19.40732,19.01052,18.8398,7727,301,3,259,9.83833726079339e+18,QSO,1.97974,8738,57402,814
1.237678661436834e+18,29.4488317177816,4.15369952549244,22.02501,22.06157,21.76343,21.59973,21.09472,7727,301,3,262,9.838371620531755e+18,QSO,1.340793,8738,57402,939
1.237678661437031e+18,29.8899303542701,4.30998786960978,21.86553,21.35176,21.30892,21.00298,20.85584,7727,301,3,265,9.838386189060823e+18,QSO,2.294497,8738,57402,992
1.237666215148651e+18,19.100156388952,25.6671333421637,23.96191,22.81528,21.49019,20.42631,19.67572,4829,301,4,112,8.649293775775226e+18,STAR,-6.96498e-05,7682,57415,475
1.2376662140748436e+18,19.9238212916967,25.4507658423516,22.59854,21.66867,21.27079,21.18898,20.69891,4829,301,2,111,8.649248695798486e+18,QSO,1.07323,7682,57415,311
1.237666214075368e+18,20.1998299303443,26.6459271451698,23.78888,22.37281,22.08664,21.71475,22.38942,4829,301,2,119,8.649370466711264e+18,QSO,1.558869,7682,57415,754
1.237666089520333e+18,20.0086305872133,27.2586098981008,24.2874,25.1722,21.60317,20.48019,19.71193,4800,301,2,104,8.649356447938009e+18,GALAXY,0.6149455,7682,57415,703
1.237657629514138e+18,136.422482686902,40.9194176750018,23.83783,25.16296,21.29347,19.94656,19.29825,2830,301,4,190,9.341699678511847e+18,GALAXY,0.6935334,8297,57416,393
1.2376576295140076e+18,136.236978116481,40.8431529267252,25.83685,23.47374,22.01843,20.63957,19.95281,2830,301,4,188,9.341710673628123e+18,GALAXY,0.8257151,8297,57416,433
1.2376786222436193e+18,37.2505819460868,3.64267783307421,22.57117,21.63105,20.45031,19.92209,19.49035,7718,301,2,237,9.830337489302477e+18,GALAXY,0.6185401,8731,57416,383
1.237657629514204e+18,136.650406916523,40.9834683351129,24.79271,23.42642,21.72473,20.58114,19.941,2830,301,4,191,9.34168758388394e+18,GALAXY,0.6647017,8297,57416,349
1.237678661440111e+18,36.911321121382,3.9858932026328,22.98218,22.72682,21.8616,20.60266,19.94938,7727,301,3,312,9.830390815616426e+18,GALAXY,0.9459934,8731,57416,577
1.2376786619769162e+18,36.7841425498357,4.42994572942907,22.96644,23.44468,21.57006,20.30614,19.49139,7727,301,4,311,9.830379270744332e+18,GALAXY,0.7088814,8731,57416,535
1.2376582061076644e+18,138.83056092028,40.9033578622284,22.33952,22.42015,21.95856,21.87006,21.26517,2964,301,6,101,9.341607044657207e+18,GALAXY,1.125893,8297,57416,56
1.237657630588666e+18,137.780776428779,42.6563416378784,21.53068,21.27637,21.02861,21.07002,21.04389,2830,301,6,202,9.34180825528509e+18,GALAXY,0.005952822,8297,57416,788
1.237658206107796e+18,139.031994734391,41.1091984609168,22.37984,21.41378,21.00059,20.89526,20.95222,2964,301,6,103,9.341599073197906e+18,STAR,-0.0004013678,8297,57416,27
1.237658206107599e+18,138.698087675467,40.8953569275005,22.11768,22.02123,22.17358,21.87611,22.07026,2964,301,6,100,9.341618864407204e+18,QSO,1.761281,8297,57416,99
1.2376784397000384e+18,38.2401734979799,3.1754171156476,23.95163,24.21853,21.68818,20.45371,19.64248,7675,301,6,123,9.83027866543039e+18,GALAXY,0.8011525,8731,57416,169
1.23767866144057e+18,37.9849901366936,3.82609515030505,21.98936,21.14788,20.64338,20.2466,19.97791,7727,301,3,319,9.830295432982714e+18,QSO,1.722965,8731,57416,230
1.2376577750070067e+18,137.476135778118,41.1198466630573,22.3753,22.21112,21.91566,22.21365,22.41672,2864,301,3,203,9.341670816331618e+18,GALAXY,0.1963609,8297,57416,288
1.2376582061075988e+18,138.588061774054,40.8544064179626,23.16639,21.51026,20.92758,20.68863,20.53837,2964,301,6,100,9.341617764895578e+18,QSO,1.281051,8297,57416,95
1.237658206107599e+18,138.628481301694,40.7579166607762,23.16359,21.85716,21.02407,20.65294,20.49159,2964,301,6,100,9.341614191482788e+18,QSO,1.529298,8297,57416,82
1.237658206107665e+18,138.89882508131,40.9049582891333,22.18567,21.37369,20.79054,20.4521,20.3027,2964,301,6,101,9.341607319535114e+18,QSO,1.297561,8297,57416,57
1.237657629515122e+18,139.092607099968,42.2056901856112,24.82406,23.6745,21.86257,20.75524,19.9511,2830,301,4,205,9.34185690867462e+18,GALAXY,0.7143972,8297,57416,965
1.2376576295148595e+18,138.368390351366,41.9220358571662,25.7296,25.73635,21.86358,20.85773,19.70404,2830,301,4,201,9.341836567709503e+18,QSO,1.531344,8297,57416,891
1.2376582061075988e+18,138.678387176877,40.8723094970107,22.00338,21.45717,21.36227,21.72663,21.88013,2964,301,6,100,9.3416185895293e+18,GALAXY,0.008233578,8297,57416,98
1.2376582061077304e+18,139.057093254819,40.9767216884557,22.03363,21.22618,20.85023,20.63576,20.78061,2964,301,6,102,9.341597698808371e+18,QSO,2.916517,8297,57416,22
1.2376576289778573e+18,138.406316250332,41.3950219104214,23.0804,23.93056,21.76841,20.59497,19.76914,2830,301,3,199,9.341623262453717e+18,GALAXY,0.8765436,8297,57416,115
1.2376582061079268e+18,139.374276493953,41.2988359540956,20.18146,19.7319,19.35421,19.30814,19.31569,2964,301,6,105,9.341593850517674e+18,QSO,1.201628,8297,57416,8
1.237658206107534e+18,138.558489346424,40.7872854136461,24.44059,22.65152,21.17043,19.60251,18.83429,2964,301,6,99,9.341616940261855e+18,STAR,8.617199e-06,8297,57416,92
1.2376577750064827e+18,136.144271377476,40.5899128706115,21.40918,21.48167,21.16505,21.11579,21.27519,2864,301,3,195,9.34170929923859e+18,QSO,1.227247,8297,57416,428
1.2376582018138117e+18,138.340275728562,40.7150863499648,22.38705,22.28326,21.79954,21.58078,21.20441,2963,301,6,118,9.34162738562232e+18,QSO,1.028622,8297,57416,130
1.2376577750069414e+18,137.161582156995,41.1723154841634,24.10277,23.0992,21.59729,20.22401,19.70886,2864,301,3,202,9.341691707052546e+18,STAR,0.0002084944,8297,57416,364
1.237663788490883e+18,116.430247226816,49.767556525952,21.30576,21.05966,20.781,20.937,20.74332,4264,301,4,93,9.354095022864355e+18,QSO,1.237359,8308,57417,431
1.2376639173389192e+18,117.79004128347,50.88589448952,21.28814,20.91302,21.20366,21.37259,21.81511,4294,301,4,78,9.354175012335278e+18,STAR,-0.0001399865,8308,57417,722
1.2376637890283443e+18,116.642329849999,51.1615411844325,23.14985,22.82691,21.45208,20.27523,19.60413,4264,301,5,102,9.354137628939934e+18,STAR,4.543936e-05,8308,57417,586
1.2376639168017208e+18,117.843623707697,50.0595514919043,21.63041,21.36807,21.21202,20.78792,20.58347,4294,301,3,73,9.35406341190506e+18,QSO,1.846339,8308,57417,316
1.2376639178753316e+18,116.234081442574,50.1899130765428,22.59636,22.1979,21.42956,20.87515,20.67428,4294,301,5,71,9.35412470967831e+18,QSO,0.1017102,8308,57417,539
1.237663788490949e+18,116.383845674175,49.9494954657824,24.13391,22.76196,21.21533,20.14036,19.42286,4264,301,4,94,9.354107117492265e+18,STAR,0.0002914753,8308,57417,475
1.237663915727717e+18,118.376898062817,49.255615677803,24.36279,22.79369,21.4628,20.34412,19.62006,4294,301,1,69,9.354033450213202e+18,GALAXY,0.5935554,8308,57417,207
1.2376639168019174e+18,118.150964511737,50.4496553539283,22.45106,21.55342,21.12009,20.93482,20.89185,4294,301,3,76,9.35419040549807e+18,STAR,-0.001186542,8308,57417,778
1.237663788490949e+18,116.368927161616,49.9664415396069,24.73314,25.65722,23.19601,21.29358,19.95373,4264,301,4,94,9.354106567736447e+18,STAR,-6.4097e-05,8308,57417,473
1.237663917875397e+18,116.399818816176,50.3419680427963,22.09967,21.81593,21.63538,21.50767,20.54382,4294,301,5,72,9.354135704794583e+18,QSO,1.151392,8308,57417,579
1.2376637879538158e+18,116.585731562548,49.243532623035,20.17587,20.07816,19.74608,19.74674,19.86711,4264,301,3,90,9.354088150916686e+18,QSO,1.389658,8308,57417,406
1.2376639168016553e+18,117.445104697566,49.9880886476716,20.80248,20.68213,20.38763,20.22643,19.91897,4294,301,3,72,9.35405956361436e+18,QSO,1.4144,8308,57417,302
1.2376637890280164e+18,116.33672575174,50.4701120341516,24.63468,22.73405,20.84102,19.8035,20.36008,4264,301,5,97,9.354122235777145e+18,STAR,-0.0002157459,8308,57417,530
1.2376639178755284e+18,116.574524991494,50.7119037475721,22.64569,22.03247,21.99493,21.50994,21.88094,4294,301,5,74,9.354132131381797e+18,QSO,1.662459,8308,57417,566
1.237663787954799e+18,118.09614057027,51.2138829327033,21.95385,21.73122,21.42668,21.23578,21.27493,4264,301,3,105,9.354181334527136e+18,QSO,1.664487,8308,57417,745
1.2376637879546028e+18,117.922495270416,50.7851197751087,22.62159,21.80939,21.83359,21.98366,21.1937,4264,301,3,102,9.35417941038179e+18,QSO,2.671272,8308,57417,738
1.237663787954799e+18,118.229697617983,51.1914952713378,21.42872,21.46692,21.04312,20.93265,21.1807,4264,301,3,105,9.354194803544578e+18,QSO,1.441232,8308,57417,794
1.2376639178757903e+18,117.272079905783,51.1569363102168,22.19805,20.89219,20.81646,20.7653,20.2688,4294,301,5,78,9.354149173812023e+18,QSO,2.598774,8308,57417,628
1.2376639168014587e+18,117.355223284154,49.4895582565302,21.32813,21.50891,21.52635,20.95159,20.96901,4294,301,3,69,9.354068359707386e+18,QSO,1.953088,8308,57417,334
1.2376637884911457e+18,116.814673772504,50.3489444150749,24.42591,24.30907,22.41838,20.4915,19.43196,4264,301,4,97,9.354144500887607e+18,STAR,-0.0001349627,8308,57417,611
1.2376639168016553e+18,117.657572734647,50.010615919012,21.38898,21.40005,21.13005,21.09024,20.95811,4294,301,3,72,9.35406148775971e+18,QSO,1.065153,8308,57417,309
1.237663918412399e+18,116.024445944035,50.7764042171708,21.0258,21.08492,20.7388,20.61953,20.43984,4294,301,6,74,9.354115088951564e+18,QSO,1.372346,8308,57417,504
1.2376639168017866e+18,117.905493492379,50.1444056357615,22.48013,21.1216,20.87687,20.60324,20.19507,4294,301,3,74,9.354050217765526e+18,QSO,2.752501,8308,57417,268
1.2376639178753316e+18,116.382370792682,50.2250157436847,20.57058,20.25233,20.06874,19.87235,19.69883,4294,301,5,71,9.354135429916678e+18,QSO,2.150544,8308,57417,578
1.2376639184123336e+18,115.92488791788,50.6549123668129,20.50208,20.47247,20.37871,20.05375,19.91248,4294,301,6,73,9.3541164633411e+18,QSO,1.768766,8308,57417,509
1.2376639178752655e+18,116.124176957585,50.1234237134203,20.41654,20.00438,19.79248,19.77907,19.47351,4294,301,5,70,9.35410739237017e+18,QSO,0.7528563,8308,57417,476
1.2376639168013932e+18,117.220338699084,49.3885619407065,21.21779,20.85063,20.64058,20.38965,20.1937,4294,301,3,68,9.35407770555622e+18,QSO,2.096793,8308,57417,368
1.2376639157281103e+18,119.080042138078,49.9226737922699,22.26019,22.96522,22.43983,20.82125,19.91417,4294,301,1,75,9.35401036046902e+18,GALAXY,0.8603206,8308,57417,123
1.2376639162652431e+18,119.017438552855,50.5988301891777,23.70699,24.10836,22.06234,21.01889,19.87374,4294,301,2,79,9.35422256621318e+18,GALAXY,0.8163416,8308,57417,895
1.2376639178760525e+18,117.482440433701,51.6437857215293,21.39844,21.13641,20.7183,20.83924,20.97773,4294,301,5,82,9.354159069416675e+18,QSO,1.048089,8308,57417,664
1.237663789028016e+18,116.246691393159,50.4328031549208,21.3982,21.10804,20.92868,20.58751,20.44475,4264,301,5,97,9.354119761875982e+18,QSO,1.813351,8308,57417,521
1.2376639168014587e+18,117.250974284085,49.5675667621183,20.2967,20.03017,19.67109,19.72625,19.77624,4294,301,3,69,9.354079354823662e+18,QSO,1.026389,8308,57417,374
1.237663789028476e+18,116.900167759177,51.4376768253983,21.95072,22.77011,21.23358,20.19347,19.35232,4264,301,5,104,9.354174187701555e+18,GALAXY,0.7803084,8308,57417,719
1.2376639168014587e+18,117.396692758695,49.5554366540343,20.76848,20.70604,20.42647,20.32994,20.32594,4294,301,3,69,9.354069459219014e+18,QSO,1.275968,8308,57417,338
1.2376639184122022e+18,115.853958274277,50.3798710464915,20.33484,19.92444,19.56885,19.2844,19.14758,4294,301,6,71,9.35418930598644e+18,GALAXY,0.0,8308,57417,774
1.2376639178755284e+18,116.704797408514,50.6871985018499,22.26398,22.06011,21.93876,21.48733,21.66459,4294,301,5,74,9.354146425032956e+18,QSO,1.805308,8308,57417,618
1.237663917875463e+18,116.567452933436,50.5303430666353,22.25092,22.1051,21.77647,21.69963,21.34619,4294,301,5,73,9.354133780649236e+18,QSO,1.132826,8308,57417,572
1.2376637890278208e+18,115.761109993375,50.1952591846015,25.72501,23.33445,21.88865,20.50816,19.61195,4264,301,5,94,9.35411811260854e+18,STAR,7.158209e-05,8308,57417,515
1.2376639168021135e+18,118.224926019147,50.8834355234455,20.96428,19.74944,19.20229,18.96653,18.8622,4294,301,3,79,9.354187106963184e+18,STAR,-0.0003078927,8308,57417,766
1.2376637868802703e+18,117.993414540776,49.1966048615311,21.36876,21.3907,21.16216,21.16042,21.10457,4264,301,1,93,9.354056265079478e+18,QSO,1.052504,8308,57417,290
1.237663916801852e+18,117.776488174035,50.3706095358642,21.36626,21.02067,20.52634,20.14974,19.979,4294,301,3,75,9.354179960137603e+18,QSO,1.865156,8308,57417,740
1.237663789028148e+18,116.508170097338,50.7292329722063,24.75368,23.1179,21.30935,20.26019,19.73167,4264,301,5,99,9.354132406259702e+18,STAR,9.59557e-05,8308,57417,567
1.2376639173383296e+18,116.662350182954,49.7290217514752,22.2306,21.7228,21.47487,21.12132,20.75071,4294,301,4,69,9.35409227408529e+18,GALAXY,1.06955,8308,57417,421
1.237678661439652e+18,35.8187147319389,3.93783910284792,20.66801,20.47901,20.48751,20.11399,19.8518,7727,301,3,305,9.831420783167295e+18,QSO,1.814127,8732,57418,228
1.237661357534937e+18,154.59771753403,43.4311513783693,21.46722,19.61281,18.55256,18.09457,17.79565,3698,301,4,25,9.331522873813391e+18,GALAXY,0.1369604,8288,57419,234
1.2376606370683292e+18,153.733095596613,44.3509845825243,21.785,21.74901,21.44871,21.32848,21.61518,3530,301,6,241,9.331635573755238e+18,QSO,1.045747,8288,57419,644
1.2376576279058196e+18,143.352991890178,42.8823422935361,25.65482,23.87313,22.17626,20.8548,19.88019,2830,301,1,225,9.326967872017422e+18,GALAXY,0.6961811,8284,57419,47
1.237663916800017e+18,115.076219300747,46.5910113959318,20.8697,20.62822,20.47868,20.12232,20.03864,4294,301,3,47,9.351923487433054e+18,QSO,1.724978,8306,57419,723
1.2376637868788283e+18,115.669637960667,46.2980830317603,22.90491,22.00195,22.10983,22.12408,22.68477,4264,301,1,71,9.351947401810958e+18,QSO,1.277994,8306,57419,810
1.2376637884894415e+18,114.19298569745,46.7404027567361,24.00837,23.18726,21.66471,20.57317,19.858,4264,301,4,71,9.351888303060963e+18,STAR,0.0001733962,8306,57419,595
1.237661356998329e+18,155.465406419236,43.2758322412996,23.79746,24.00257,21.77355,20.51428,19.79667,3698,301,3,29,9.33147531993549e+18,GALAXY,0.7306744,8288,57419,61
1.2376637890260503e+18,113.340053706586,46.467695473935,21.23042,20.89737,20.49582,20.51539,20.39653,4264,301,5,67,9.351863014293529e+18,QSO,1.175022,8306,57419,503
1.2376637879520463e+18,114.059255554026,45.5663161652091,24.63465,22.04062,22.8941,21.08477,21.43419,4264,301,3,63,9.351840749183064e+18,STAR,-5.983034e-05,8306,57419,422
1.2376639173370852e+18,114.716897752909,47.2651429460067,26.0517,23.80079,22.19524,20.85581,20.02324,4294,301,4,50,9.351906445002824e+18,STAR,0.000135207,8306,57419,661
1.23765763058965e+18,140.41206388318,43.889796516552,24.10752,22.50874,21.26859,20.09937,19.15076,2830,301,6,217,9.32710311194764e+18,GALAXY,0.8530549,8284,57419,539
1.237658203428291e+18,153.949787613342,44.4747123043705,22.27942,23.47421,21.43141,20.3879,19.75264,2964,301,1,177,9.331644094970352e+18,GALAXY,0.7347428,8288,57419,675
1.237660637068198e+18,153.353648603992,44.2524934830495,21.84811,21.23147,20.83425,20.91889,20.80089,3530,301,6,239,9.33161468303431e+18,QSO,1.894381,8288,57419,568
1.2376637884890483e+18,113.489006469677,45.9752749268904,21.98263,21.80075,21.72659,21.37443,21.60451,4264,301,4,65,9.351867687217945e+18,QSO,1.826769,8306,57419,520
1.2376576300536307e+18,142.950487625761,44.6393776031347,25.26842,23.05722,21.23428,20.0286,19.26933,2830,301,5,230,9.327206466040648e+18,GALAXY,0.6740684,8284,57419,915
1.2376637890260503e+18,113.310273586429,46.4138850950874,21.62166,21.07698,20.71422,20.3333,20.241,4264,301,5,67,9.351862739415622e+18,QSO,0.4897861,8306,57419,502
1.2376613569978703e+18,154.306462105289,42.768552473933,24.34611,23.53488,21.43008,20.26837,19.51692,3698,301,3,22,9.331535793075016e+18,GALAXY,0.9070622,8288,57419,281
1.237663916799755e+18,114.797547278527,46.1159617455188,22.36063,22.13914,21.80847,21.32696,21.57021,4294,301,3,43,9.35191661548538e+18,QSO,2.757343,8306,57419,698
1.2376613569982636e+18,155.337833375673,43.2008991708735,22.5718,23.00387,21.76293,20.70581,19.92162,3698,301,3,28,9.331485765295954e+18,GALAXY,0.7281789,8288,57419,99
1.237663788489048e+18,113.652119609746,45.9998834620791,22.0068,21.9048,21.27581,21.10298,21.19322,4264,301,4,65,9.35187263502027e+18,QSO,1.230356,8306,57419,538
1.2376639178738895e+18,114.274077752264,47.3011718355788,21.48012,21.12038,21.01173,20.71637,20.72998,4294,301,5,49,9.351896274520269e+18,QSO,1.650888,8306,57419,624
1.2376639168000824e+18,115.227951558102,46.7089431812831,21.96183,21.69413,21.07846,20.68958,20.64478,4294,301,3,48,9.351933383037704e+18,GALAXY,0.6298262,8306,57419,759
1.2376639168001477e+18,115.268225698428,46.8282517505596,18.96095,17.85328,17.5407,17.42348,17.41672,4294,301,3,49,9.351933108159795e+18,STAR,-0.0001411828,8306,57419,758
1.2376637884891791e+18,113.795596571284,46.3226959119651,22.62293,22.06701,22.03421,21.6739,21.45982,4264,301,4,67,9.351881431113294e+18,QSO,1.938476,8306,57419,570
1.2376648176753055e+18,178.650551724358,36.4232576977994,25.97591,24.13355,21.75089,20.60015,19.85213,4504,301,1,137,9.989013509965631e+18,GALAXY,0.6544167,8872,57422,107
1.2376650265128476e+18,177.00374357687,35.9025433946683,26.13058,24.28005,21.5493,20.39901,19.70619,4552,301,6,57,9.98909652309353e+18,GALAXY,0.7572309,8872,57422,409
1.2376651296151967e+18,177.922306276462,35.7205416903614,22.43509,22.50306,21.21869,20.06633,19.35295,4576,301,6,410,9.989051443116794e+18,GALAXY,0.6721091,8872,57422,245
1.237665026512847e+18,176.943330213483,35.8225646626827,22.14063,23.96648,21.8113,20.4453,19.56233,4552,301,6,57,9.989097622605158e+18,GALAXY,0.8114063,8872,57422,413
1.237665129615066e+18,177.567283413755,35.6418263610753,22.18642,22.51925,21.49786,20.49653,19.60369,4576,301,6,408,9.98907398310516e+18,GALAXY,0.8442913,8872,57422,327
1.2376643377165112e+18,177.880434693522,36.9693924553325,24.54074,24.27895,22.26193,20.61595,19.85115,4392,301,3,195,9.989036599709817e+18,GALAXY,0.7567329,8872,57422,191
1.237664819285722e+18,177.916510712503,37.6000614916236,24.28831,23.47904,21.66834,20.60455,19.94958,4504,301,4,134,9.989183384512125e+18,GALAXY,0.5950763,8872,57422,725
1.2376648176747156e+18,176.831884317328,36.3729040172588,24.62506,23.44229,21.75333,20.63537,19.8855,4504,301,1,128,9.989114115279575e+18,GALAXY,0.5978062,8872,57422,473
1.2376648176751086e+18,177.980629282329,36.3597933927642,23.08535,25.63119,21.66324,20.48663,19.83557,4504,301,1,134,9.989053642140047e+18,GALAXY,0.6366695,8872,57422,253
1.237664817675109e+18,178.061670285931,36.348544436297,26.77125,23.56807,21.24116,20.00274,18.93596,4504,301,1,134,9.989044296291211e+18,GALAXY,0.8222622,8872,57422,219
1.237664820358218e+18,174.170895164759,38.1856218037393,21.59552,21.25309,20.63001,20.86799,20.37087,4504,301,6,115,9.956424260213035e+18,GALAXY,0.3019357,8843,57423,332
1.2376582061220823e+18,184.710182989197,51.1796164680789,21.85273,21.20892,21.03169,21.12796,21.12445,2964,301,6,321,9.26187156103996e+18,QSO,2.625176,8226,57423,796
1.2376582039747302e+18,185.203435851711,49.5495034952681,22.80788,22.91735,21.55075,20.49665,19.8,2964,301,2,323,9.261688767231842e+18,GALAXY,0.6568094,8226,57423,131
1.237658302739972e+18,152.472769341527,55.1055082728855,24.23304,23.93832,21.20814,20.12857,22.26488,2987,301,2,33,9.217800935975444e+18,STAR,-5.067954e-05,8187,57423,212
1.2376582061219515e+18,184.283462662319,51.1048228882887,21.91523,21.41519,21.22714,20.84173,20.47964,2964,301,6,319,9.261855068365543e+18,QSO,0.6888216,8226,57423,736
1.2376575892482952e+18,179.793020890876,53.9510491316917,21.65588,20.80078,20.52988,20.2788,20.26989,2821,301,1,182,9.26413545548155e+18,STAR,-0.0008422392,8228,57423,840
1.2376582061213617e+18,182.257843373436,51.1331692821723,20.60538,20.37329,20.141,20.26221,20.04608,2964,301,6,310,9.261791296691132e+18,QSO,0.9880558,8226,57423,504
1.237658304350586e+18,151.643197665575,56.0671283065304,23.89352,22.69996,22.27694,21.18854,19.93534,2987,301,5,33,9.217840793271948e+18,GALAXY,1.134688,8187,57423,357
1.237658206121755e+18,183.610311319046,51.1680924067559,20.83404,20.46232,20.44724,20.34028,19.99923,2964,301,6,316,9.261828130330665e+18,QSO,2.216309,8226,57423,638
1.237661957758321e+18,203.198402260015,50.3144958931848,21.60045,21.43967,21.32029,21.22882,20.48675,3838,301,2,51,9.244861566402454e+18,QSO,2.158421,8211,57423,354
1.2376575897853627e+18,180.447125080515,54.3898261316444,20.69097,20.47799,20.40364,20.14629,20.38779,2821,301,2,185,9.264153047667595e+18,QSO,1.473606,8228,57423,904
1.237658204511142e+18,183.565059300986,49.936069084665,21.37933,21.22781,20.94507,20.77331,20.36025,2964,301,3,316,9.2617742542609e+18,QSO,0.888406,8226,57423,442
1.2376622246002033e+18,172.645992291726,39.1140299375219,20.00861,19.7011,19.57299,19.65953,19.63036,3900,301,3,311,9.95648061018396e+18,QSO,1.328587,8843,57423,537
1.2376543814451855e+18,151.877940957211,57.2464971749786,21.07416,20.40683,21.20668,21.31547,22.54944,2074,301,2,191,9.217933427126588e+18,STAR,-0.0002587708,8187,57423,694
1.23765438198186e+18,150.841523536983,57.4178850791225,21.56225,21.19632,21.14902,20.84972,20.77285,2074,301,3,188,9.217909237870776e+18,QSO,1.672391,8187,57423,606
1.2376582061269325e+18,202.177543279087,49.8236484993101,23.61491,22.16313,21.63053,21.27863,21.22772,2964,301,6,395,9.244890978338494e+18,QSO,1.578029,8211,57423,461
1.2376583032768433e+18,152.397221298715,55.4602123777349,18.05536,17.11258,16.81955,16.70636,16.69501,2987,301,3,33,9.217801485731256e+18,STAR,-9.979028e-05,8187,57423,214
1.2376646695161697e+18,175.410942397027,40.3735262597439,23.29958,23.41302,21.68937,20.54988,19.83593,4469,301,5,400,9.956583964276974e+18,GALAXY,0.6451065,8843,57423,913
1.237662224600793e+18,174.394203608105,39.1127602538689,20.57581,20.57103,20.31344,20.15412,19.88943,3900,301,3,320,9.956408867050248e+18,QSO,2.000694,8843,57423,276
1.237658303276581e+18,151.541938984849,55.1138489253164,20.72739,20.4173,20.3131,20.10711,20.12082,2987,301,3,29,9.21783172230102e+18,QSO,1.62456,8187,57423,324
1.2376582061225413e+18,186.395682900756,51.0680708926135,21.76123,21.6983,21.71307,21.39176,21.15791,2964,301,6,328,9.261923238086463e+18,QSO,2.131022,8226,57423,984
1.2376575892484915e+18,180.534977271375,53.904266677011,20.42962,20.12276,20.11376,19.89267,19.86654,2821,301,1,185,9.2641571708362e+18,QSO,1.604187,8228,57423,919
1.237664820358087e+18,173.903335626692,38.0906403006591,21.56022,21.54016,21.93524,21.55524,21.59134,4504,301,6,113,9.956432231672338e+18,QSO,2.072381,8843,57423,361
1.2376622246005312e+18,173.608025567114,39.0557987278502,20.93814,21.18517,20.84103,20.92195,21.16034,3900,301,3,316,9.95644102776536e+18,QSO,1.326314,8843,57423,393
1.2376582045112732e+18,184.152318825234,49.9511190086449,21.95228,21.87234,21.76304,21.26647,20.95718,2964,301,3,318,9.261743467935324e+18,QSO,1.94002,8226,57423,330
1.237657589247705e+18,177.374239667007,53.8488377149009,21.18572,20.58001,20.36285,20.21631,19.78285,2821,301,1,173,9.264043371382725e+18,QSO,2.485766,8228,57423,505
1.2376622246009244e+18,174.826866257387,39.3353743868041,20.93127,20.69269,20.70934,20.47757,20.13966,3900,301,3,322,9.95656774648046e+18,QSO,1.933502,8843,57423,854
1.2376543809087084e+18,153.655153338623,57.4152529602191,23.08598,21.45961,21.07762,20.86552,20.7417,2074,301,1,197,9.217991151487048e+18,STAR,0.0003606239,8187,57423,904
1.2376551083698427e+18,151.04693793214,55.291998530855,23.33829,23.74388,21.59665,20.42173,19.70862,2243,301,4,213,9.217854537167297e+18,GALAXY,0.6144928,8187,57423,407
1.2376582061219515e+18,184.416044729011,51.226908590966,23.04612,22.29897,21.97082,21.63684,21.58331,2964,301,6,319,9.261859466412057e+18,GALAXY,0.0003404112,8226,57423,752
1.2376619577584517e+18,203.654014813041,50.2442587168793,22.72542,22.35158,22.14952,21.44401,21.66706,3838,301,2,53,9.244838476658268e+18,STAR,0.0003552654,8211,57423,270
1.2376623024315436e+18,203.671927893172,51.2182151792083,22.27633,22.18475,21.03353,20.91511,20.78095,3918,301,4,83,9.244958598303605e+18,GALAXY,0.4480004,8211,57423,707
1.237657589785035e+18,179.095238823499,54.3165380278755,20.49321,20.40642,20.3271,20.38655,20.1798,2821,301,2,180,9.264109342080391e+18,QSO,0.9858093,8228,57423,745
1.2376582061224755e+18,186.201474884172,51.0915200856768,20.32549,20.44507,20.2536,20.32602,20.18442,2964,301,6,327,9.261917190772513e+18,QSO,1.258992,8226,57423,962
1.2376582061222792e+18,185.525009124676,51.0555050884269,20.58718,20.25898,20.01809,19.97874,19.85084,2964,301,6,324,9.261907295167865e+18,QSO,1.353286,8226,57423,926
1.2376583032771054e+18,153.30603950583,55.7782222233235,20.59919,20.51189,20.22848,20.31221,20.35571,2987,301,3,37,9.217771249161492e+18,QSO,1.406367,8187,57423,104
1.2376551083704325e+18,153.167930119901,55.8788778810081,24.27135,24.2255,22.49268,21.07232,19.87512,2243,301,4,222,9.217782519155676e+18,STAR,-0.0002290259,8187,57423,145
1.2376582061222136e+18,185.385839337781,51.0859233197493,21.95587,21.89405,21.64855,21.4662,21.354,2964,301,6,323,9.261903446877166e+18,QSO,0.8333541,8226,57423,912
1.2376583032771712e+18,153.450708510704,55.6671631994781,21.7302,22.06674,21.46963,21.47963,20.86408,2987,301,3,38,9.21776877526033e+18,QSO,1.360969,8187,57423,95
1.2376575892484915e+18,180.423156877709,54.0118428805586,20.33222,20.15136,20.09922,19.83105,20.13083,2821,301,1,185,9.26414480133039e+18,QSO,1.626117,8228,57423,874
1.2376551083699735e+18,151.430643921257,55.4218653510612,24.63964,24.61584,21.97854,20.5295,19.61929,2243,301,4,215,9.217831447423112e+18,GALAXY,0.6768898,8187,57423,323
1.237657589247771e+18,177.648028468756,53.931473005388,20.2322,19.32978,19.00899,18.92298,18.90119,2821,301,1,174,9.264059314301327e+18,STAR,-0.0002732455,8228,57423,563
1.2376575892486886e+18,181.313609721214,54.0412079099482,20.78303,20.17103,19.87304,19.64442,19.38834,2821,301,1,188,9.264164867417594e+18,QSO,2.168534,8228,57423,947
1.237658303277302e+18,153.982406994489,55.9067907802906,21.28246,21.08842,21.0598,20.81359,20.5644,2987,301,3,40,9.217749258928938e+18,QSO,2.021855,8187,57423,24
1.2376582045113388e+18,184.477915500547,49.8269649138976,20.80583,20.62748,20.43839,20.43462,20.38315,2964,301,3,319,9.261731098429512e+18,QSO,0.9384789,8226,57423,285
1.237662224601383e+18,176.187074177379,39.248417638966,17.99704,16.99298,16.71111,16.61102,16.56546,3900,301,3,329,9.956343171230489e+18,STAR,-0.0004980256,8843,57423,37
1.2376583032765809e+18,151.420954987951,55.148825178117,19.08355,18.16671,17.86367,17.74656,17.70234,2987,301,3,29,9.217832272056834e+18,STAR,-0.0001932754,8187,57423,326
1.2376582045113388e+18,184.441874289415,49.8888973365959,20.40272,20.11635,19.91913,19.81687,19.4336,2964,301,3,319,9.26173302257486e+18,QSO,2.088398,8226,57423,292
1.2376575892476398e+18,177.315992874679,53.74999699261,21.34871,20.82314,20.67545,20.65404,20.41467,2821,301,1,172,9.264044196016443e+18,QSO,2.494718,8228,57423,508
1.237658204511339e+18,184.356577668549,49.8108808948807,22.90119,22.03335,21.1313,20.40862,19.89091,2964,301,3,319,9.26173027379579e+18,QSO,1.463518,8226,57423,282
1.2376619582955855e+18,204.75695145193,50.4883369899234,23.09645,22.45819,21.31493,20.27874,19.46895,3838,301,3,57,9.244795870582692e+18,GALAXY,0.7965761,8211,57423,115
1.2376582061214277e+18,182.416331150335,51.1218292064168,25.03939,21.60725,21.15862,20.89169,20.63459,2964,301,6,311,9.26179074693532e+18,QSO,3.108307,8226,57423,502
1.237662301358e+18,204.114220826619,50.4268672932867,24.97836,22.59295,21.99216,21.72307,21.11401,3918,301,2,86,9.24481841057106e+18,QSO,1.56715,8211,57423,197
1.237661957758583e+18,204.024751429866,50.1266675491733,22.02054,21.81433,22.02716,21.82807,21.57841,3838,301,2,55,9.244815386914085e+18,QSO,1.792508,8211,57423,186
1.237658204511011e+18,183.147572423244,49.8292724321061,20.97243,20.7152,20.7782,20.55747,21.06639,2964,301,3,314,9.26178167596439e+18,QSO,1.632546,8226,57423,469
1.2376575897850355e+18,179.213109734723,54.3677714040969,24.35061,23.50819,21.97993,20.92201,19.80891,2821,301,2,180,9.264109891836203e+18,GALAXY,0.8598281,8228,57423,747
1.2376575897847076e+18,178.031478303522,54.1958938942457,20.51873,20.20638,20.21569,19.80753,19.63807,2821,301,2,175,9.26406811039435e+18,QSO,0.4654321,8228,57423,595
1.2376543819820564e+18,151.595781988081,57.6156585696271,24.36867,23.59211,21.14798,20.02713,19.38453,2074,301,3,191,9.21791885859752e+18,GALAXY,0.6252598,8187,57423,641
1.237658204511601e+18,185.335996595203,49.8714639325436,21.91643,21.81641,21.62259,21.57042,21.27596,2964,301,3,323,9.261681070650448e+18,QSO,0.8619591,8226,57423,103
1.237657770176742e+18,163.747548035772,55.0219625353351,25.15749,22.83594,21.4039,20.29589,19.60391,2863,301,2,227,9.201064444855344e+18,GALAXY,0.7200603,8172,57423,765
1.2376582061271944e+18,203.199729715957,49.7635034897098,20.6607,20.42872,20.25554,20.3162,20.53143,2964,301,6,399,9.244857718111754e+18,QSO,1.33028,8211,57423,340
1.237662301895e+18,204.670788125492,50.6722081166817,23.72028,21.79262,20.50291,22.29764,19.44959,3918,301,3,88,9.245010550228015e+18,STAR,0.0002983915,8211,57423,896
1.237654380908708e+18,153.774553391985,57.4601524364378,20.58047,20.47692,20.16945,20.25602,19.84869,2074,301,1,197,9.21799170124286e+18,QSO,0.988306,8187,57423,906
1.2376582045117975e+18,186.060401477803,49.8882114266662,21.97503,21.50626,21.08697,20.64974,20.62057,2964,301,3,326,9.261653033103942e+18,QSO,1.499033,8226,57423,1
1.2376575892478367e+18,177.949938258135,53.9335433193211,22.38008,21.23908,20.75032,20.60711,20.60029,2821,301,1,175,9.264068660150166e+18,STAR,-0.001020218,8228,57423,597
1.23765762952777e+18,179.633870231165,52.4618314358654,24.33198,22.79774,21.66164,20.63643,19.94982,2830,301,4,398,9.26395376118506e+18,GALAXY,0.8902023,8228,57423,179
1.2376582045112077e+18,183.904460914069,49.900461839435,22.01682,21.70988,21.30397,21.27053,20.76502,2964,301,3,317,9.261752264028346e+18,QSO,1.05109,8226,57423,362
1.2376582045112732e+18,184.077588729596,49.8283517858768,21.05224,20.94198,20.55947,20.35099,20.17315,2964,301,3,318,9.261741268912069e+18,QSO,1.466285,8226,57423,322
1.2376582045109455e+18,183.049299621909,49.9692320563614,21.66725,21.66437,21.51781,21.23191,21.0841,2964,301,3,313,9.261784974499273e+18,QSO,1.959745,8226,57423,481
1.2376582061222792e+18,185.607559071517,51.0860540475594,21.20352,21.05416,20.64655,20.53692,20.39782,2964,301,6,324,9.261906195656235e+18,QSO,1.069358,8226,57423,922
1.2376582061271951e+18,203.110397080246,49.7407532698042,22.85042,24.28941,22.01288,20.56704,19.83853,2964,301,6,399,9.244856893478031e+18,GALAXY,0.8324191,8211,57423,337
1.237664820358349e+18,174.561347601787,38.1855453268927,22.96273,21.78243,21.46242,21.55153,21.59254,4504,301,6,117,9.95640226998048e+18,QSO,1.106261,8843,57423,252
1.2376577701768727e+18,164.274320030578,55.0830735658593,23.60797,26.01605,21.96201,20.59736,19.78045,2863,301,2,229,9.201083686308828e+18,GALAXY,0.7508535,8172,57423,835
1.2376582061217551e+18,183.566880494913,51.1723770156198,23.49414,24.86599,21.82814,20.69969,19.82922,2964,301,6,316,9.261826755941128e+18,GALAXY,0.6802413,8226,57423,633
1.237658303276647e+18,151.664346542104,55.2424844268804,21.89893,21.57623,21.29873,21.05875,20.62827,2987,301,3,30,9.217821276940556e+18,QSO,1.485314,8187,57423,286
1.2376582045112735e+18,184.231071829385,49.7971194956544,24.43112,22.77006,21.37831,20.22699,19.59457,2964,301,3,318,9.261742643301603e+18,STAR,-0.0001622385,8226,57423,327
1.237661957758518e+18,203.783781047852,50.1165084035341,23.3144,21.10433,20.38255,20.23347,19.90279,3838,301,2,54,9.24482665690827e+18,STAR,0.0006087827,8211,57423,227
1.2376576289908992e+18,179.740426909692,51.9837324927217,26.14775,23.12358,21.28235,20.13833,19.47069,2830,301,3,398,9.26394936313855e+18,GALAXY,0.6233808,8228,57423,163
1.2376583032771057e+18,153.268727798015,55.7596454507795,20.43789,20.81296,20.40849,20.42461,20.92204,2987,301,3,37,9.217781144766142e+18,QSO,1.158579,8187,57423,140
1.237655108370302e+18,152.584459897406,55.7355243313736,25.3229,23.9218,22.28455,20.74376,19.87428,2243,301,4,220,9.217802860120792e+18,GALAXY,0.7417524,8187,57423,219
1.2376583032773676e+18,154.254924946176,55.8794907168631,21.59911,21.41829,21.78187,21.52316,22.8269,2987,301,3,41,9.217748709173124e+18,GALAXY,0.02428869,8187,57423,22
1.2376622240644467e+18,175.912391879879,38.9909374949372,22.53868,21.81723,21.39503,20.94317,20.40063,3900,301,2,328,9.956352791957232e+18,QSO,1.632633,8843,57423,72
1.237657589247902e+18,178.15216280644,53.9321176948843,21.32091,19.58909,18.77925,18.50191,18.34689,2821,301,1,176,9.264069759661791e+18,STAR,-0.0002541284,8228,57423,601
1.2376582061220828e+18,184.892253942695,51.1550746774367,23.87556,22.27015,20.71422,19.38196,18.69592,2964,301,6,321,9.261883655667864e+18,STAR,-1.963315e-05,8226,57423,840
1.237654381445121e+18,151.743272923419,57.3180033794945,23.35214,25.54029,22.43094,20.98026,19.83957,2074,301,2,190,9.217930403469612e+18,GALAXY,0.8739939,8187,57423,683
1.2376582061273252e+18,203.426971237568,49.7251159259501,21.9428,22.13583,21.60334,21.35285,21.77782,2964,301,6,401,9.244846173239665e+18,QSO,1.349911,8211,57423,298
1.2376619593688023e+18,203.263516420912,51.6623010235109,22.2373,20.96344,20.39026,20.12595,19.96723,3838,301,5,49,9.244946503675695e+18,STAR,-7.378679e-05,8211,57423,663
1.2376575897852972e+18,180.271581446841,54.3712871867805,21.35781,21.43006,21.4652,21.17571,20.97536,2821,301,2,184,9.264143426940852e+18,QSO,1.809339,8228,57423,869
1.2376575897849697e+18,178.959310688534,54.2564872697889,21.26512,20.91888,20.892,20.82502,20.6909,2821,301,2,179,9.264110716469924e+18,QSO,2.151091,8228,57423,750
1.237662224600859e+18,174.618102867571,39.2063776528462,21.87414,20.08595,19.42214,19.20964,19.16494,3900,301,3,321,9.956398971445598e+18,STAR,-4.479799e-05,8843,57423,240
1.2376582050484065e+18,184.969889490264,50.2128801181136,21.20585,20.46427,20.16908,19.57088,19.24302,2964,301,4,322,9.261711032342305e+18,QSO,0.5533321,8226,57423,212
1.237655108370236e+18,152.445575191993,55.7421941491021,25.93116,22.49145,21.11191,19.94034,19.27575,2243,301,4,219,9.217804509388232e+18,GALAXY,0.6741998,8187,57423,225
1.2376582061220823e+18,184.892323034896,51.1317747798883,20.76693,20.61432,20.40339,20.32471,20.13474,2964,301,6,321,9.26188228127833e+18,QSO,0.9451742,8226,57423,835
1.2376623018951967e+18,205.208741916784,50.5649900085441,21.84098,20.64346,20.24754,20.09843,20.05821,3918,301,3,91,9.245022095100109e+18,STAR,-0.0004833954,8211,57423,938
1.2376583043502574e+18,150.386515475256,55.8852403327314,20.14768,19.84346,19.62109,19.48382,19.21834,2987,301,5,28,9.217872404231248e+18,QSO,2.14203,8187,57423,472
1.2376582061222794e+18,185.500092042592,51.1180708412869,23.94143,21.79274,21.02147,20.46827,20.19757,2964,301,6,324,9.26190564590042e+18,GALAXY,0.216625,8226,57423,920
1.2376575913919127e+18,164.357015340944,54.0065752385693,25.11619,23.91705,21.93169,20.48886,19.36625,2821,301,5,123,9.200905015669316e+18,STAR,-6.036914e-07,8172,57423,185
1.2376619593686715e+18,202.668047442617,51.6859122575764,20.37323,20.3542,20.34269,19.94492,20.03023,3838,301,5,47,9.244924788321049e+18,QSO,1.79402,8211,57423,584
1.237662224601252e+18,175.755219094523,39.2433157842767,20.33273,19.76806,19.44831,19.16715,19.19518,3900,301,3,327,9.956359389027e+18,QSO,1.551925,8843,57423,96
1.2376575892484915e+18,180.506866596472,54.00211909105,20.24159,20.17513,20.10384,19.87208,19.61699,2821,301,1,185,9.26415634620248e+18,QSO,1.940271,8228,57423,916
1.2376575897848384e+18,178.517001077107,54.2667709291653,21.00839,20.9735,20.84116,20.70925,20.67419,2821,301,2,177,9.26408872623737e+18,QSO,1.410848,8228,57423,670
1.237658205048276e+18,184.494819979921,50.2269260854148,24.52475,23.55441,21.34349,20.23177,19.4742,2964,301,4,320,9.261732197941142e+18,GALAXY,0.6597677,8226,57423,289
1.2376575892484262e+18,180.150230151097,54.0404336495917,21.31304,21.1638,20.94982,20.7314,20.22812,2821,301,1,184,9.26414425157457e+18,QSO,1.139856,8228,57423,872
1.2376622246008591e+18,174.646939293442,39.1487279321576,23.29807,22.19296,21.74269,21.40578,21.45465,3900,301,3,321,9.956397322178157e+18,STAR,-0.000303397,8843,57423,234
1.2376551072964283e+18,152.869390015552,54.9149185543231,22.33835,21.78854,21.18235,20.74409,20.37319,2243,301,2,218,9.217786917202188e+18,GALAXY,0.3776844,8187,57423,161
1.2376583032774984e+18,154.80988116731,56.0290562260962,18.54705,17.56427,17.21995,17.07467,17.00043,2987,301,3,43,9.217745960394052e+18,STAR,-0.000708294,8187,57423,12
1.2376583032767124e+18,151.751569445206,55.3095036587389,22.05645,21.99079,21.5067,21.38326,20.9315,2987,301,3,31,9.217821551818464e+18,QSO,1.443127,8187,57423,287
1.2376582045110766e+18,183.361018781187,49.7902993256709,22.06412,22.0188,21.77924,21.58378,21.18009,2964,301,3,315,9.261773154749274e+18,GALAXY,1.029295,8226,57423,438
1.2376622246006625e+18,173.970251467387,39.1179596163513,21.33322,21.59377,21.22824,21.31303,21.1617,3900,301,3,318,9.956430032649085e+18,QSO,1.255266,8843,57423,353
1.237658303277433e+18,154.54601774265,56.0743870856593,21.13171,21.07853,20.74541,20.72462,20.33599,2987,301,3,42,9.217746510149868e+18,QSO,1.227593,8187,57423,14
1.2376619577587796e+18,204.783723111583,49.9723785939202,20.65865,20.68984,20.32812,20.40142,20.43604,3838,301,2,58,9.24479147253618e+18,QSO,1.283891,8211,57423,99
1.2376553692801272e+18,150.061079468912,56.9838695875652,21.84387,19.91504,18.66752,18.13918,17.84882,2304,301,2,76,9.217886148126596e+18,GALAXY,0.2269911,8187,57423,522
1.23765820612726e+18,203.246261322546,49.700051591984,22.10196,21.26411,20.90123,20.92631,20.54675,2964,301,6,400,9.244844249094314e+18,QSO,2.233007,8211,57423,291
1.2376619588327836e+18,205.96611197286,50.7296781678908,22.1208,21.95609,21.73374,21.50793,21.50075,3838,301,4,62,9.245039137530335e+18,QSO,1.09948,8211,57423,1000
1.237664820358218e+18,174.20766352312,38.2125618575916,21.36147,21.31659,21.02815,20.88679,20.72854,4504,301,6,115,9.95642398533513e+18,QSO,1.058674,8843,57423,331
1.237661959369458e+18,205.46881489522,51.2028121769313,22.26867,21.0847,20.96561,20.77991,20.71645,3838,301,5,59,9.24502539363499e+18,QSO,2.26485,8211,57423,950
1.2376582061219512e+18,184.359191552795,51.1537123550608,18.28051,17.32202,17.00331,16.87219,16.84853,2964,301,6,319,9.261861115679496e+18,STAR,-0.0002758657,8226,57423,758
1.2376575897849697e+18,178.818983214024,54.2404720973651,21.96587,22.20772,21.63653,21.68265,21.12664,2821,301,2,179,9.264100820865276e+18,QSO,1.139634,8228,57423,714
1.2376575913915845e+18,163.241540568147,53.8475636441912,21.20366,21.53694,21.24814,21.35433,21.86189,2821,301,5,118,9.200958067105356e+18,QSO,1.138934,8172,57423,378
1.2376575897852316e+18,179.879271798357,54.443451541387,21.98557,21.22939,21.11483,21.02823,20.50162,2821,301,2,183,9.264131607190854e+18,QSO,2.340104,8228,57423,826
1.2376646695158423e+18,174.592352520002,40.305917615739,22.87177,22.40728,21.0696,20.03629,19.32046,4469,301,5,395,9.956547680393257e+18,GALAXY,0.7137243,8843,57423,781
1.2376582061214277e+18,182.532777470669,51.0438850641615,24.38765,21.94236,20.90407,20.38747,20.16271,2964,301,6,311,9.261792945958574e+18,STAR,-0.0003307063,8226,57423,510
1.2376582061224102e+18,185.970255743198,51.2318945706532,21.38383,21.32191,21.10849,20.9498,20.81882,2964,301,6,326,9.261915541505071e+18,QSO,1.419024,8226,57423,956
1.2376622240635287e+18,173.38406149813,38.5911590926222,18.86411,18.01173,17.72832,17.64167,17.65944,3900,301,2,314,9.956454221904892e+18,STAR,0.0001298545,8843,57423,441
1.2376582045114043e+18,184.602261816412,49.9345680017486,20.16702,19.90486,19.49594,19.43129,19.37815,2964,301,3,320,9.261725600871373e+18,QSO,1.098152,8226,57423,265
1.2376622246007278e+18,174.168455272199,39.1737351898561,21.30995,21.01999,20.96945,20.89645,20.61496,3900,301,3,319,9.95642041192234e+18,QSO,2.182205,8843,57423,318
1.2376575897848384e+18,178.504615875553,54.3791571009035,21.77434,21.65529,21.77547,21.72382,21.66425,2821,301,2,177,9.264087901603647e+18,QSO,1.93908,8228,57423,667
1.2376551083700396e+18,151.780738597583,55.5307438408515,22.5909,21.85914,21.04457,20.0263,19.3232,2243,301,4,216,9.21782375084172e+18,GALAXY,0.7413193,8187,57423,295
1.2376582061217551e+18,183.720454406319,51.1788303110041,26.96952,22.1421,21.30768,20.11837,19.09335,2964,301,6,316,9.261836651545778e+18,GALAXY,0.9687427,8226,57423,669
1.2376582045114043e+18,184.627857125565,49.8157853529649,21.24525,20.44837,20.32489,20.38181,20.18568,2964,301,3,320,9.261724776237652e+18,QSO,2.626045,8226,57423,262
1.2376582045112077e+18,183.890902154589,49.9782849521651,20.46951,20.25159,19.97663,19.90306,19.65989,2964,301,3,317,9.26175281378416e+18,QSO,0.8912488,8226,57423,364
1.2376582061273254e+18,203.436933947704,49.6721563833887,23.10157,22.46905,21.2044,20.20992,19.71365,2964,301,6,401,9.244845073728037e+18,GALAXY,0.6354491,8211,57423,294
1.237658304350978e+18,152.936075490054,56.5613233169498,21.73005,21.60949,21.13859,20.75955,20.62376,2987,301,5,39,9.217973009545188e+18,QSO,1.460736,8187,57423,838
1.237655108370629e+18,153.859046613346,56.1775532594275,25.20149,24.64755,22.02307,20.82478,19.79229,2243,301,4,225,9.217762727946376e+18,GALAXY,0.7597532,8187,57423,73
1.2376582061221478e+18,185.150071153424,51.2046947850963,23.40557,21.36114,20.72762,20.41165,20.30777,2964,301,6,322,9.261894375906236e+18,STAR,-0.0004789224,8226,57423,879
1.2376622246005317e+18,173.61234206359,39.1988358888124,22.57795,21.90226,21.63051,21.47545,21.97444,3900,301,3,316,9.956453397271171e+18,QSO,1.620061,8843,57423,438
1.2376577701764145e+18,162.508433176691,54.7929525930417,24.30424,23.28118,21.42318,20.43358,19.69591,2863,301,2,222,9.201019364878604e+18,GALAXY,0.7258839,8172,57423,601
1.2376575892479675e+18,178.491161262832,53.9705347203373,21.58683,20.77835,20.66006,20.3959,20.61589,2821,301,1,177,9.26409257452807e+18,STAR,-0.0004072269,8228,57423,684
1.2376582061221484e+18,185.080761254817,51.2236188088809,23.44972,22.21567,21.2555,20.82408,20.7355,2964,301,6,322,9.261893001516702e+18,GALAXY,0.2615335,8226,57423,874
1.2376543814455132e+18,153.16738777898,57.6637713589502,22.05976,21.7528,21.71511,21.6814,21.74317,2074,301,2,196,9.217974109056816e+18,QSO,1.741971,8187,57423,842
1.237657589247902e+18,178.335921934334,53.936974839524,21.1452,19.73688,19.16164,18.91545,18.85081,2821,301,1,176,9.264081579411788e+18,STAR,-0.0005028079,8228,57423,644
1.2376575892480333e+18,178.636696102765,53.9501614571009,22.63774,21.35762,20.61673,20.4689,20.3593,2821,301,1,178,9.264093674039695e+18,STAR,-0.0001406975,8228,57423,688
1.2376622246019077e+18,177.629195770422,39.471265114473,22.07454,21.61638,21.3696,21.11752,20.66269,3900,301,3,337,9.955454490974116e+18,QSO,0.772438,8842,57424,900
1.2376646743252667e+18,191.990341933898,38.155125037202,21.68295,21.22925,21.29622,20.93582,20.54432,4470,301,6,53,9.948463246288902e+18,QSO,2.05295,8836,57424,42
1.237662224601711e+18,177.173783977501,39.4451139850413,22.27382,22.1854,21.65349,21.70539,21.4773,3900,301,3,334,9.95543250074156e+18,QSO,2.285382,8842,57424,820
1.237664673787937e+18,190.542260254901,37.9763589362602,21.72928,21.53574,21.48312,20.97058,20.8316,4470,301,5,46,9.948534989422617e+18,QSO,1.96716,8836,57424,303
1.2376622246017108e+18,177.006502704376,39.5048017809952,20.76101,20.63979,20.62039,20.56547,20.46397,3900,301,3,334,9.955420406113657e+18,QSO,1.687313,8842,57424,776
1.2376622240645783e+18,176.325382794968,39.0237697109066,22.98993,22.25547,21.53207,20.45032,19.56615,3900,301,2,330,9.955300834224134e+18,GALAXY,0.7519534,8842,57424,341
1.2376646743244805e+18,189.738032227845,38.2492550888129,22.19507,22.0332,21.75328,21.45197,21.39215,4470,301,6,41,9.948568799405169e+18,QSO,0.7548687,8836,57424,426
1.237661416064025e+18,208.524274287401,53.9600740789521,24.8717,22.44477,21.60996,20.38696,19.61384,3712,301,1,180,9.23914273156526e+18,GALAXY,0.6996887,8206,57424,29
1.2376622246020383e+18,178.065221214004,39.5835191360926,21.80035,21.90903,21.52863,21.41884,21.01163,3900,301,3,339,9.955464936334582e+18,QSO,1.110734,8842,57424,938
1.237664674324611e+18,190.030063487483,38.2944310157349,21.46571,20.40054,20.06134,19.90043,19.79051,4470,301,6,43,9.948557529410986e+18,STAR,-0.0006811746,8836,57424,385
1.2376622246021696e+18,178.381144008349,39.5367744895338,21.67562,21.78705,21.63155,21.58094,21.38847,3900,301,3,341,9.955457514631092e+18,GALAXY,0.0,8842,57424,911
1.2376613865289157e+18,204.949694648364,55.290019830888,21.51387,19.63076,18.51774,18.04203,17.78574,3705,301,2,70,9.239296113437334e+18,GALAXY,0.1368869,8206,57424,587
1.237661385992176e+18,205.317426459698,54.7665125647631,21.7739,21.53574,21.41607,20.81978,20.7224,3705,301,1,72,9.239298862216405e+18,QSO,1.824516,8206,57424,597
1.2376622246003343e+18,173.090664686349,39.1672608466539,21.34994,20.54387,19.95661,19.89388,19.75166,3900,301,3,313,9.957480341148291e+18,STAR,-0.0001564471,8844,57424,78
1.237662224600269e+18,172.83434185256,39.0009614005986,20.57255,20.26992,20.16999,20.12128,19.93012,3900,301,3,312,9.95748418943899e+18,QSO,2.171268,8844,57424,92
1.2376622246003343e+18,173.010193612323,38.9881502045755,19.4272,19.50738,19.27151,19.2544,19.23412,3900,301,3,313,9.957475668223875e+18,QSO,1.295158,8844,57424,61
1.2376622246016453e+18,176.891899332413,39.3065515095652,20.95543,20.84361,20.44865,20.5142,20.32167,3900,301,3,333,9.955283516916e+18,QSO,1.078225,8842,57424,278
1.2376591316686605e+18,205.605813318724,52.6909599388423,21.09399,21.20552,20.80468,20.88074,20.86898,3180,301,2,33,9.239234265908271e+18,QSO,1.13458,8206,57424,362
1.2376646737882e+18,191.46943845684,37.9419020137279,25.48362,24.92899,22.49919,20.64788,19.94802,4470,301,5,50,9.948485511399365e+18,GALAXY,0.7820588,8836,57424,123
1.2376622251389747e+18,178.127333189985,39.8688201128428,21.04063,21.2048,21.02401,20.95827,20.99182,3900,301,4,340,9.95547290779388e+18,QSO,1.402944,8842,57424,967
1.2376591322057275e+18,206.506366690823,52.8664479594155,21.89615,19.92736,18.83863,18.3804,18.03537,3180,301,3,36,9.239202654948973e+18,GALAXY,0.1397207,8206,57424,247
1.2376614160639593e+18,208.272245928887,53.9586384182566,22.03993,21.56426,21.03746,20.79304,21.12589,3712,301,1,179,9.239144655710607e+18,GALAXY,0.2148221,8206,57424,36
1.2376591322057285e+18,206.499904076239,52.9339708381792,22.12916,21.72193,21.2814,21.12862,20.60649,3180,301,3,36,9.2392037544606e+18,GALAXY,0.1283365,8206,57424,251
1.237662224602104e+18,178.335942749801,39.4160148755445,21.0716,21.10352,20.79565,20.71255,20.38709,3900,301,3,340,9.955218095974144e+18,QSO,1.175664,8842,57424,40
1.2376622251434314e+18,191.594370130527,39.9250365255779,21.13507,21.10319,21.30309,20.86942,21.4188,3900,301,4,408,9.94867380276562e+18,GALAXY,0.0,8836,57424,808
1.2376622245996137e+18,171.052847494993,38.8637516087536,20.32645,20.14149,19.78601,19.7801,19.67937,3900,301,3,302,9.957556207450608e+18,QSO,1.041398,8844,57424,354
1.237662224602104e+18,178.316681631148,39.5615520092109,20.70052,20.10063,19.71979,19.53402,19.6491,3900,301,3,340,9.955475381695046e+18,QSO,1.469952,8842,57424,976
1.237664669514663e+18,171.076003550668,39.9457939306473,22.96078,22.81361,21.04497,20.04374,19.36071,4469,301,5,377,9.957644993014553e+18,GALAXY,0.537356,8844,57424,677
1.2376591332796017e+18,207.587278292586,53.6785834325863,24.06902,25.99413,22.09408,20.92028,18.86812,3180,301,5,38,9.239164721797814e+18,QSO,1.174963,8206,57424,109
1.237662224601842e+18,177.490045867908,39.4751712305478,21.85456,21.23789,20.98063,20.89273,20.72127,3900,301,3,336,9.955443495857838e+18,QSO,2.753251,8842,57424,860
1.2376614160634355e+18,206.392413776724,54.4296966725499,22.81093,22.89005,21.31332,20.25955,19.59951,3712,301,1,171,9.239345041704767e+18,QSO,0.7397211,8206,57424,765
1.2376648203573663e+18,171.844015220738,37.8644020014621,23.47289,21.3991,20.85309,20.67382,20.61607,4504,301,6,102,9.957514426008754e+18,QSO,3.04704,8844,57424,202
1.2376646743246769e+18,190.204894252797,38.4211224062737,22.69119,20.6156,19.3358,18.85609,18.48791,4470,301,6,44,9.94854873331796e+18,GALAXY,0.2119499,8836,57424,353
1.2376622235283622e+18,178.350697387237,38.7470869806336,21.37811,21.1801,21.21315,20.93582,20.6051,3900,301,1,340,9.955212873293912e+18,QSO,1.731199,8842,57424,21
1.237659133279405e+18,206.82275144556,53.6799742933308,25.91186,24.17411,21.79486,20.7948,19.9522,3180,301,5,35,9.239185612518742e+18,GALAXY,0.8742938,8206,57424,185
1.2376622246015795e+18,176.700113487933,39.4806707747661,22.25717,21.08223,20.70829,20.7056,20.55104,3900,301,3,332,9.95540996075319e+18,QSO,3.027524,8842,57424,738
1.2376642958290452e+18,190.35662884007,40.5865528934447,24.63465,21.49318,24.80203,20.60685,22.79346,4382,301,5,19,9.948634770102835e+18,STAR,-6.681032e-05,8836,57424,666
1.237662224600007e+18,172.123092923059,38.8819359254492,22.69432,22.1153,21.90893,22.093,21.07939,3900,301,3,308,9.95750068211341e+18,QSO,2.364254,8844,57424,152
1.2376622246028905e+18,180.589130065917,39.5865500027852,21.71347,21.29083,21.29699,20.94043,20.7391,3900,301,3,352,9.954312648165448e+18,QSO,0.7772825,8841,57425,842
1.237662224602301e+18,178.822936037429,39.5000133582906,21.14248,20.63913,20.13303,19.79959,19.81398,3900,301,3,343,9.954228260648016e+18,QSO,1.537278,8841,57425,535
1.2376622246036111e+18,182.634836998391,39.6265165337177,21.08952,21.06453,20.85715,20.95956,20.61033,3900,301,3,363,9.953154312665584e+18,QSO,1.036468,8840,57425,724
1.2376622240668063e+18,182.88309215406,39.2154086489354,23.26743,21.88382,20.26537,19.67838,19.34819,3900,301,2,364,9.953177952165585e+18,GALAXY,0.3378166,8840,57425,810
1.2376648203604462e+18,180.773195540142,38.5714258313779,21.4837,21.43192,21.3847,21.0515,21.41065,4504,301,6,149,9.954109788270123e+18,QSO,1.548956,8841,57425,104
1.237664668444328e+18,181.131918295648,39.8949033809632,26.16157,22.67199,21.18803,20.13397,19.25985,4469,301,3,429,9.954337112299166e+18,GALAXY,0.6658261,8841,57425,931
1.2376622246038735e+18,183.514286071145,39.6612856071756,21.45922,21.10421,20.8395,20.69973,20.62817,3900,301,3,367,9.953198568008606e+18,QSO,1.537252,8840,57425,885
1.2376622246036767e+18,182.886018923425,39.6012673708515,21.03332,21.10215,20.65265,20.59628,20.47412,3900,301,3,364,9.953176852653955e+18,QSO,1.24926,8840,57425,806
1.237662224602694e+18,180.043199539451,39.5041232781065,21.22368,21.14046,20.83608,20.8847,20.86318,3900,301,3,349,9.954293956467775e+18,QSO,0.9682177,8841,57425,774
1.2376622246030216e+18,181.029713913907,39.7205385046996,21.65475,21.53621,21.17703,21.28342,21.69186,3900,301,3,354,9.954334638398e+18,QSO,1.174265,8841,57425,922
1.2376622246022351e+18,178.63048366877,39.4786532358721,21.6411,21.74158,21.40752,21.42974,21.87756,3900,301,3,342,9.95422331284569e+18,QSO,1.016568,8841,57425,517
1.2376648203615603e+18,183.892742642546,38.6191530735823,22.83388,21.08657,20.37952,20.07715,19.78672,4504,301,6,166,9.95297399275863e+18,STAR,-0.0001794657,8840,57425,68
1.2376622246031526e+18,181.373459014459,39.7148130378587,21.21742,20.70984,20.04588,19.62951,19.33188,3900,301,3,356,9.95310895781094e+18,QSO,1.302504,8840,57425,559
1.2376622246026284e+18,179.845562848645,39.537770874577,21.08329,20.81587,20.68778,20.63256,20.15854,3900,301,3,348,9.954281586961963e+18,QSO,0.7329421,8841,57425,729
1.2376622240667407e+18,182.816313839136,39.2251244983513,22.33068,21.09187,19.4476,18.89521,18.48053,3900,301,2,363,9.953165857537675e+18,GALAXY,0.3392867,8840,57425,766
1.2376622235295416e+18,181.841998886404,38.8710704642339,17.9339,17.69714,17.34333,17.19212,16.8118,3900,301,1,358,9.954082575357336e+18,QSO,0.307254,8841,57425,5
1.2376622246037425e+18,183.201459933501,39.773598606992,20.7274,20.4739,20.08903,20.12683,19.91813,3900,301,3,365,9.953196918741162e+18,QSO,1.12946,8840,57425,879
1.2376622246031526e+18,181.395064614016,39.6733663096038,21.74442,21.72853,21.86581,21.50062,21.28274,3900,301,3,356,9.953099337084197e+18,QSO,1.704047,8840,57425,524
1.2376622246034803e+18,182.337680812296,39.7596220398165,21.09838,21.27747,21.28917,21.09412,20.86489,3900,301,3,361,9.953153213153956e+18,QSO,1.951718,8840,57425,720
1.237662224603939e+18,183.707680038861,39.7822843207201,21.56013,21.15892,20.75249,20.41654,20.58215,3900,301,3,368,9.95321588531674e+18,QSO,1.79625,8840,57425,948
1.237662224602694e+18,180.069997134646,39.552747485692,21.5919,20.88841,20.66469,20.57936,20.50562,3900,301,3,349,9.954294781101496e+18,STAR,-4.21584e-05,8841,57425,777
1.2376648203601843e+18,179.950004638681,38.5045201704577,23.82854,24.98827,22.40708,20.33075,18.63998,4504,301,6,145,9.954163389461975e+18,STAR,-4.349336e-06,8841,57425,299
1.237662224066806e+18,182.848728778761,39.2008143967142,25.67422,22.12799,20.5239,19.97458,19.80124,3900,301,2,364,9.953179876310934e+18,GALAXY,0.3403679,8840,57425,817
1.2376622240653642e+18,178.772367537199,39.0284964203836,22.02985,21.75088,21.47863,21.48483,21.31613,3900,301,2,342,9.95421259260732e+18,QSO,1.362081,8841,57425,478
1.2376622246022351e+18,178.681683541546,39.6031093603657,21.90782,21.7519,21.62922,21.3549,21.11731,3900,301,3,342,9.95422056406662e+18,QSO,0.8993923,8841,57425,507
1.237662224603087e+18,181.151337127632,39.5283133460475,21.73786,21.35933,21.07057,20.98015,20.64411,3900,301,3,355,9.954337936932889e+18,QSO,1.045286,8841,57425,934
1.237662224603808e+18,183.227963250053,39.5912620835237,21.93132,21.81478,21.53052,21.55711,21.19811,3900,301,3,366,9.953188397526049e+18,QSO,1.393884,8840,57425,848
1.2376622246036111e+18,182.727990379324,39.5972558409417,21.21387,21.04725,20.78689,20.84294,21.07978,3900,301,3,363,9.95316558265977e+18,QSO,1.078525,8840,57425,765
1.2376622246032837e+18,181.827799584901,39.6759166530194,21.18547,21.11942,21.06064,20.86764,20.53023,3900,301,3,358,9.953121327316752e+18,QSO,2.087413,8840,57425,604
1.237662225139368e+18,179.28396419551,40.0693226703097,21.59532,21.13588,20.84076,20.67496,20.68561,3900,301,4,346,9.954256298194524e+18,GALAXY,0.3996098,8841,57425,637
1.237662224603087e+18,181.146372527675,39.6805501943794,21.36519,21.08329,20.83511,20.44282,20.27438,3900,301,3,355,9.954335188153815e+18,QSO,2.10604,8841,57425,924
1.237662225139368e+18,179.431390013771,40.0073318141345,21.45858,21.29481,21.21135,20.96104,20.87379,3900,301,4,346,9.954268117944525e+18,QSO,1.556783,8841,57425,680
1.2376622240661512e+18,181.082247112614,39.135025082644,23.10306,24.72366,22.7437,20.92086,19.958,3900,301,2,354,9.954113086805006e+18,STAR,1.985802e-06,8841,57425,116
1.237662224602301e+18,178.798952070564,39.6254827824832,22.52414,21.58321,21.49409,21.80653,21.67779,3900,301,3,343,9.954227710892202e+18,QSO,2.703301,8841,57425,533
1.2376622246023662e+18,178.972338405585,39.4631919549877,21.52265,21.62134,20.99324,21.07404,21.42312,3900,301,3,344,9.954240630153828e+18,QSO,1.345342,8841,57425,580
1.2376622246033492e+18,181.928486258547,39.6529165510043,21.04516,21.06718,20.82814,20.52357,20.11805,3900,301,3,359,9.953121052438843e+18,QSO,1.539009,8840,57425,603
1.237662224603546e+18,182.516185248006,39.5809928077308,21.05764,21.1217,20.90779,20.64313,20.6526,3900,301,3,362,9.953158160956285e+18,QSO,1.477675,8840,57425,738
1.237662224065364e+18,178.715733422951,39.1427067116721,18.41186,17.46595,17.21331,17.12295,17.10444,3900,301,2,342,9.954217815287552e+18,STAR,-0.0004505254,8841,57425,497
1.23766222460348e+18,182.393252927864,39.6256328362494,18.57349,17.70845,17.4385,17.31944,17.28642,3900,301,3,361,9.953143317549308e+18,STAR,-0.0003743141,8840,57425,684
1.2376648203616911e+18,184.295639512425,38.588133865012,21.49652,21.38149,21.47349,21.08614,21.10519,4504,301,6,168,9.95295804984003e+18,QSO,1.781749,8840,57425,10
1.2376619577574031e+18,199.827352263509,50.7689951409391,21.64838,21.63164,21.35252,21.42114,21.55724,3838,301,2,37,9.243725221185477e+18,QSO,1.092309,8210,57426,316
1.2376650265152064e+18,183.576490108232,36.0671526088812,21.71101,21.43506,21.06866,21.28948,20.96374,4552,301,6,93,9.981172617737165e+18,QSO,1.016182,8865,57426,254
1.2376619577576e+18,200.619766793762,50.8083065982255,21.33484,21.14217,20.98258,21.05602,21.14231,3838,301,2,40,9.243691411202922e+18,QSO,1.166638,8210,57426,193
1.2376651296170977e+18,183.375327864021,36.0318489056051,22.4345,24.30179,22.30662,20.84746,19.6565,4576,301,6,439,9.981188835533674e+18,GALAXY,0.7370672,8865,57426,313
1.237665026514748e+18,182.27963365171,36.2062822183318,23.70569,23.1804,21.4486,20.21507,19.5549,4552,301,6,86,9.98123501502204e+18,GALAXY,0.590537,8865,57426,481
1.2376650265156e+18,184.675816439624,36.2349535889555,23.75266,23.57029,21.56001,20.50939,19.44023,4552,301,6,99,9.98112891214996e+18,GALAXY,0.9061592,8865,57426,95
1.2376583032804475e+18,166.204260606524,58.5716310275897,21.74344,21.49153,21.07863,20.4762,20.20614,2987,301,3,88,9.214415539723852e+18,QSO,1.835504,8184,57426,184
1.2376651296170977e+18,183.264319701103,36.0090584045348,25.87825,24.08622,22.19987,20.58887,19.76177,4576,301,6,439,9.98118828577786e+18,QSO,1.272941,8865,57426,311
1.237655108374168e+18,167.988896284918,58.9247990654915,22.92518,21.26039,20.68211,20.40689,21.3644,2243,301,4,279,9.214375957305252e+18,GALAXY,0.2967201,8184,57426,40
1.2376551073001636e+18,167.100943233786,58.0872890603319,17.67062,16.67819,16.39387,16.29933,16.29237,2243,301,2,275,9.214378156328508e+18,STAR,0.0001590734,8184,57426,48
1.2376648187504896e+18,182.568243587754,37.4475575849828,24.38503,24.66551,22.35443,20.72149,19.7092,4504,301,3,159,9.981259204277852e+18,GALAXY,0.8746834,8865,57426,569
1.237658206126539e+18,200.806234229762,50.0625140051613,20.99912,20.96625,21.05976,20.65486,20.68552,2964,301,6,389,9.243673544138971e+18,QSO,1.871258,8210,57426,128
1.2376619582942743e+18,200.008894130152,51.178785716507,23.00222,23.36413,21.58804,20.51401,19.7238,3838,301,3,37,9.243840395028486e+18,GALAXY,0.6090542,8210,57426,735
1.2376650259786637e+18,184.569783647927,35.8329165032206,22.55202,21.44054,20.08019,19.57501,19.16913,4552,301,5,98,9.98112808751624e+18,GALAXY,0.2507398,8865,57426,92
1.2376619593677545e+18,199.386450621828,52.2262639229587,23.50572,22.36779,21.44379,21.08964,20.9316,3838,301,5,33,9.243809058947097e+18,STAR,-0.002038885,8210,57426,621
1.237655107300033e+18,166.748404650484,57.9876671697799,22.47102,21.21662,21.16007,21.20215,20.8247,2243,301,2,273,9.214394649002924e+18,QSO,2.784698,8184,57426,108
1.2376650265150095e+18,182.969974034804,36.2255390499508,24.09513,22.02512,20.44669,19.87067,19.4902,4552,301,6,90,9.98120120503949e+18,GALAXY,0.3245089,8865,57426,358
1.2376648203571694e+18,171.196659170626,37.7607527833221,21.87986,20.00756,19.20115,18.95786,18.75971,4504,301,6,99,9.991381033445251e+18,STAR,0.0002873038,8874,57426,528
1.2376650259786637e+18,184.581876561776,35.7868069702706,23.10682,20.63067,19.22187,18.72934,18.36251,4552,301,5,98,9.981126988004612e+18,GALAXY,0.3333227,8865,57426,88
1.2376582061262769e+18,199.854966855551,50.1704644677251,22.14312,21.44979,21.17209,21.16969,20.72283,2964,301,6,385,9.243730443865709e+18,STAR,-0.001091286,8210,57426,335
1.2376619588311455e+18,200.075837043614,51.5612364567049,22.24755,23.16984,21.40333,20.04413,19.33384,3838,301,4,37,9.24384644234244e+18,GALAXY,0.735324,8210,57426,757
1.237661958294471e+18,200.819463344119,51.1035799946633,23.92225,23.73471,21.82288,20.69717,19.91313,3838,301,3,40,9.243872830621503e+18,GALAXY,0.7622833,8210,57426,853
1.237664817673273e+18,172.796448998116,35.9050645474438,25.2247,23.17625,21.15578,20.30043,19.8671,4504,301,1,106,9.991236172788294e+18,GALAXY,0.0,8874,57426,1
1.2376583032803822e+18,166.117528013089,58.5175751367927,22.13424,22.00251,22.02349,21.88127,21.48597,2987,301,3,87,9.214425160450596e+18,QSO,2.000547,8184,57426,219
1.2376619582943398e+18,200.310023222797,51.1771317330154,22.46209,21.90249,21.18502,20.60398,20.20604,3838,301,3,38,9.243851390144764e+18,QSO,0.4836656,8210,57426,775
1.2376650259786632e+18,184.552338112025,35.7817827985286,23.70082,20.79103,19.38813,18.92098,18.59915,4552,301,5,98,9.981125613615075e+18,GALAXY,0.2480318,8865,57426,83
