obj_ID,alpha,delta,u,g,r,i,z,run_ID,rerun_ID,cam_col,field_ID,spec_obj_ID,class,redshift,plate,MJD,fiber_ID
1.2376803058639188e+18,343.849226695657,25.3472558584768,22.67751,24.06153,22.13861,20.92139,20.1441,8110,301,2,132,8.622320554794571e+18,GALAXY,0.5875528,7658,57312,651
1.2376727633655247e+18,343.942129944339,26.2433369633219,25.97025,23.45838,21.83129,20.76602,19.97761,6354,301,1,148,8.622312308457363e+18,GALAXY,0.7002697,7658,57312,621
1.2376803058640494e+18,344.071145054088,25.3395016254845,24.18268,23.71508,22.13468,20.94319,20.12451,8110,301,2,134,8.622332649422477e+18,GALAXY,0.6772757,7658,57312,695
1.2376728165108288e+18,345.09801879931,26.441292722429,20.10662,19.73828,19.77697,19.63859,19.35736,6366,301,4,73,8.622389549149215e+18,QSO,0.7277242,7658,57312,902
1.2376803021058872e+18,343.929350180778,25.6069359172418,22.56962,22.25441,21.36186,20.67205,20.70156,8109,301,3,133,8.622319180405037e+18,GALAXY,0.7417508,7658,57312,646
1.237680305863722e+18,343.345491479006,25.3517893238167,26.06887,23.70745,22.51872,20.7886,20.03715,8110,301,2,129,8.622287569445737e+18,GALAXY,0.6491325,7658,57312,531
1.237680302642693e+18,343.727045833098,25.9811899646194,26.14028,23.30622,21.76334,20.55318,19.64961,8109,301,4,132,8.622316706503876e+18,GALAXY,0.7032063,7658,57312,637
1.237672816510829e+18,345.110830586543,26.4690384357301,21.20937,21.21075,21.39538,21.30604,21.7443,6366,301,4,73,8.622390098905029e+18,QSO,1.932265,7658,57312,904
1.2376728165112215e+18,345.714015095678,25.6732741284673,18.47566,17.31879,16.81042,16.59652,16.49559,6366,301,4,79,8.622413188649211e+18,STAR,-0.0006998316,7658,57312,988
1.237672764439397e+18,344.962949445939,26.4306924108656,25.33287,22.5606,21.36058,20.33738,19.654,6354,301,3,150,8.622378828910843e+18,GALAXY,0.6660008,7658,57312,863
1.23767276336631e+18,344.84699260275,24.6960907835046,24.63466,21.42434,24.80203,19.76744,22.82691,6354,301,1,160,8.622191362178307e+18,STAR,-8.790992e-05,7658,57312,181
1.237680529199072e+18,332.910321817322,25.433480639198,19.39802,19.39284,19.09793,19.12699,19.21463,8162,301,2,84,8.606385058146964e+18,QSO,1.347968,7644,57327,22
1.2376803273352812e+18,331.167140177899,27.092171062376,20.84751,19.88154,19.62529,19.50136,19.57749,8115,301,2,79,8.606551634158573e+18,STAR,-0.0006991449,7644,57327,628
1.237680331628677e+18,330.92711676637,24.8276239552953,25.39856,22.7503,22.13399,20.79778,19.93875,8116,301,2,55,8.606489236873697e+18,GALAXY,0.8170606,7644,57327,401
1.2376803273354127e+18,331.527059402027,27.2372875763444,20.6817,20.45586,20.16584,20.29687,20.27809,8115,301,2,81,8.606573074635315e+18,QSO,0.9764915,7644,57327,706
1.23768032733515e+18,330.764250606292,27.0970684506691,21.47893,20.02709,19.53045,19.2787,19.14896,8115,301,2,77,8.60652854441439e+18,STAR,-0.0001666207,7644,57327,544
1.237678579292111e+18,0.58999510632276,24.2554206554452,26.66588,22.64268,21.72429,20.63329,19.73964,7708,301,2,209,8.630199105631837e+18,GALAXY,0.8335678,7665,57328,641
1.237666308560455e+18,3.9231344440999,24.5228434050893,22.63281,23.58125,21.95741,20.76242,19.82426,4851,301,2,55,8.627980291166984e+18,QSO,1.165536,7663,57328,761
1.2376795429638643e+18,3.63352802225876,23.0200347943882,23.17262,23.1977,22.38518,20.6975,19.721,7932,301,5,33,8.627862093667e+18,GALAXY,0.7569246,7663,57328,331
1.2376785406247567e+18,348.666205237071,23.5679574536735,20.48051,19.9042,19.89088,19.60101,19.58199,7699,301,2,16,8.63573679594513e+18,QSO,0.6074152,7670,57328,307
1.2376785787568788e+18,4.67776785715466,23.8127632926034,23.16167,22.84155,21.44407,20.33355,19.57445,7708,301,1,234,8.627801070771656e+18,GALAXY,0.7680476,7663,57328,109
1.237679478007202e+18,0.137794438789172,22.8198846421522,23.98309,22.3781,22.62259,21.40332,18.97401,7917,301,4,105,8.630149077852772e+18,STAR,7.739424e-05,7665,57328,459
1.2376785406248883e+18,348.983007560528,23.5164276454965,22.33344,21.57956,21.1224,20.62462,20.45851,7699,301,2,18,8.635716180102109e+18,QSO,0.6258782,7670,57328,232
1.2376794790829102e+18,4.87692368208593,23.6482848413888,25.2403,22.87854,21.29062,19.84354,18.95496,7917,301,6,135,8.627789251021658e+18,STAR,-0.0002865322,7663,57328,66
1.2376794790831063e+18,5.49360104466143,23.6937428544052,19.46331,19.38475,19.29349,19.01976,18.96732,7917,301,6,138,8.627775782004218e+18,QSO,1.82478,7663,57328,17
1.2376802988923953e+18,1.56724070254643,22.8907782515194,24.48821,22.38449,20.81278,19.55611,18.94867,8108,301,5,251,8.6300710125272e+18,STAR,0.0001204415,7665,57328,175
1.2376785792925043e+18,1.70400089752667,24.2185960047292,24.64676,21.65707,21.60084,21.55756,22.12066,7708,301,2,215,8.630266175841129e+18,GALAXY,0.03422311,7665,57328,885
1.2376785798294405e+18,1.87123630084841,24.588282965941,24.55257,24.27367,22.07933,20.73167,19.85705,7708,301,3,216,8.630274422178339e+18,GALAXY,0.6045253,7665,57328,915
1.2376785787555028e+18,1.35005510989851,23.7570261148008,26.40433,26.29016,22.54744,21.13193,19.87323,7708,301,1,213,8.630247484143457e+18,GALAXY,0.9482501,7665,57328,817
1.2376794780072015e+18,0.115996882734692,22.7141636813664,29.19901,25.35543,23.48086,21.56495,17.17135,7917,301,4,105,8.630147978341144e+18,QSO,0.2539811,7665,57328,455
1.2376785792919803e+18,0.249725245179775,24.1563796998644,23.44472,22.64783,21.80396,20.66421,19.75662,7708,301,2,207,8.630179314422536e+18,GALAXY,0.6839228,7665,57328,569
1.237680299429e+18,0.886133454703668,23.2937601981484,24.29125,22.45014,20.8462,19.25103,18.4485,8108,301,6,247,8.630105647143475e+18,STAR,-0.0001358651,7665,57328,301
1.2376785787559616e+18,2.3878538264446,23.7231978686127,27.00893,23.85195,22.31498,20.80286,19.88259,7708,301,1,220,8.630033629131856e+18,GALAXY,0.7570245,7665,57328,39
1.2376785792873928e+18,348.921708236745,23.4502483090451,22.11378,21.73087,21.40322,20.95347,20.89655,7708,301,2,137,8.635725525950945e+18,QSO,3.211022,7670,57328,266
1.2376663085606515e+18,4.49415779753195,24.4407611610629,24.14925,23.90928,22.16096,20.9617,19.98722,4851,301,2,58,8.628003380911167e+18,GALAXY,0.7619653,7663,57328,845
1.2376802994293312e+18,1.6840802425196,23.427153535608,20.44868,20.14422,19.90563,19.58587,19.08315,8108,301,6,252,8.63006551496906e+18,QSO,0.402437,7665,57328,155
1.2376794790821896e+18,3.07412240313585,23.6347194283364,23.10829,23.73492,21.9236,20.70069,19.92964,7917,301,6,124,8.627890131213508e+18,STAR,-0.0001134217,7663,57328,433
1.2376802988923295e+18,1.39909616478843,22.9251932865305,22.38967,22.10801,22.12672,21.67714,21.85921,8108,301,5,250,8.630082832277199e+18,QSO,1.759516,7665,57328,218
1.23767947800871e+18,3.8701516619825,22.8987776149024,23.57968,24.13293,21.84379,20.56075,19.81696,7917,301,4,128,8.627840103434443e+18,GALAXY,0.8323248,7663,57328,251
1.2376785411621532e+18,349.953168642735,24.2284441318346,26.08301,23.57796,21.71211,20.49412,19.68513,7699,301,3,24,8.635914367073016e+18,GALAXY,0.6033021,7670,57328,953
1.2376785792933568e+18,3.81962477611427,24.3067955981917,23.7512,21.89853,21.29993,21.1741,21.0413,7708,301,2,228,8.627971220196054e+18,STAR,-0.001024493,7663,57328,728
1.2376785792879168e+18,350.235791850275,23.5639891431483,20.97905,21.01094,21.07232,20.72263,20.62177,7708,301,2,145,8.635659830131186e+18,QSO,1.934704,7670,57328,27
1.2376794780071373e+18,359.932934393916,22.827125073168,26.97806,23.30022,21.70244,20.46621,19.63009,7917,301,4,104,8.630146878829517e+18,GALAXY,0.6894306,7665,57328,451
1.237678578754913e+18,359.905408725985,23.7599060519871,22.90505,22.83278,21.50788,20.43369,19.71769,7708,301,1,204,8.630170518329514e+18,GALAXY,0.3759922,7665,57328,537
1.2376785792934218e+18,4.00699871283882,24.2328883704824,19.17626,18.21587,17.92292,17.82762,17.83658,7708,301,2,229,8.627983589701868e+18,STAR,-0.0009745365,7663,57328,773
1.2376794780085783e+18,3.41406641785034,22.8957531707572,24.68147,23.343,21.49776,20.35217,19.68579,7917,301,4,126,8.627872264149555e+18,GALAXY,0.6055302,7663,57328,368
1.2376785792921766e+18,0.761427425773263,24.1066515982266,20.50081,20.13042,20.00714,19.583,19.36883,7708,301,2,210,8.630210650503928e+18,QSO,2.038589,7665,57328,683
1.237679479080813e+18,359.640815716433,23.6171156348055,22.33797,21.00683,20.57374,20.43893,20.30779,7917,301,6,103,8.630165845405096e+18,QSO,3.019342,7665,57328,520
1.237678578754913e+18,359.925268223561,23.6877409516024,22.42901,22.2808,21.51459,20.41635,19.68913,7708,301,1,204,8.630171068085328e+18,GALAXY,0.6315105,7665,57328,539
1.2376785792877207e+18,349.687635684835,23.5471322603689,25.10771,23.56567,21.85226,20.74054,19.84013,7708,301,2,142,8.635683469631183e+18,STAR,4.009043e-05,7670,57328,113
1.2376802994244815e+18,349.599233376897,22.7195451497729,20.67141,20.49555,20.4119,20.22622,20.47616,8108,301,6,178,8.635675773049788e+18,QSO,1.534442,7670,57328,85
1.2376794780080543e+18,2.20401331026892,22.7696847572541,23.54595,22.74916,21.92133,20.84586,19.85487,7917,301,4,118,8.630036377910925e+18,GALAXY,0.6980268,7665,57328,49
1.2376795429637332e+18,3.34521784353524,22.9126296776306,22.76323,24.13138,22.8339,20.84302,19.70788,7932,301,5,31,8.627881884876297e+18,GALAXY,1.406292,7663,57328,403
1.2376785792879823e+18,350.317192898812,23.5146562595978,24.84882,21.89832,21.99191,21.95614,22.70639,7708,301,2,146,8.635654882328861e+18,QSO,2.804564,7670,57328,9
1.2376802983556557e+18,1.8722617956098,22.5445956308963,26.61548,23.35798,22.17953,21.06727,19.96393,8108,301,4,253,8.630046273515574e+18,QSO,1.449316,7665,57328,85
1.237679479076422e+18,348.808013267255,22.9100245298869,21.49438,20.59851,20.10053,19.8623,19.85246,7917,301,6,36,8.635732397898619e+18,STAR,-0.0007660089,7670,57328,291
1.2376802994238264e+18,347.982723379144,22.6100209775921,21.50886,21.25485,20.91762,21.01148,20.92613,8108,301,6,168,8.635774454218381e+18,QSO,1.009002,7670,57328,444
1.2376802983551311e+18,0.605479037976295,22.4626893446276,25.56468,22.69307,21.44385,20.32347,19.51007,8108,301,4,245,8.63012323932952e+18,GALAXY,0.5878022,7665,57328,365
1.2376785792873272e+18,348.754329839916,23.4327095615794,22.10646,21.63541,21.77976,21.66883,20.92423,7708,301,2,136,8.635737895456759e+18,QSO,2.36949,7670,57328,311
1.2376785792877204e+18,349.699660662107,23.4756210560655,22.78233,22.05873,21.98746,21.85245,21.26462,7708,301,2,142,8.63568099573002e+18,STAR,-0.0002343841,7670,57328,104
1.2376794780073992e+18,0.539373247184585,22.8539677910099,26.49475,23.43396,21.88605,20.78058,20.02192,7917,301,4,108,8.630125438352774e+18,GALAXY,0.6022058,7665,57328,373
1.2376785792924385e+18,1.40406692549078,24.1357108017941,20.435,19.96033,19.47696,19.15866,19.00611,7708,301,2,214,8.630244185608574e+18,QSO,1.441354,7665,57328,805
1.2376785798241329e+18,348.599032350985,23.7343090865639,24.71359,23.41075,21.97861,20.54196,19.77902,7708,301,3,135,8.635750539840477e+18,GALAXY,0.7191547,7670,57328,357
1.2376785792879173e+18,350.172467404622,23.595934588449,23.80711,21.21071,20.57382,20.2783,19.97963,7708,301,2,145,8.635660105009093e+18,STAR,-0.0001704735,7670,57328,28
1.2376802988920678e+18,0.809800054224752,22.9823094430623,24.22431,23.62911,23.08029,21.08831,19.99502,8108,301,5,246,8.630116092503939e+18,GALAXY,0.7736351,7665,57328,339
1.237679542964192e+18,4.43086981232409,23.0712111613771,24.33547,23.97351,22.28741,20.94082,19.81393,7932,301,5,38,8.627807118085609e+18,GALAXY,0.8314083,7663,57328,131
1.2376785406248888e+18,349.057104895391,23.6272232338423,22.50037,22.55706,21.66392,20.53361,19.56522,7699,301,2,18,8.63571700473583e+18,GALAXY,0.8718576,7670,57328,235
1.237680299424154e+18,348.93685283187,22.7238068938894,20.57035,20.23487,19.939,19.6194,19.33596,8108,301,6,173,8.635721127904433e+18,QSO,0.4571107,7670,57328,250
1.2376785792931597e+18,3.31872822745754,24.2028344947607,21.35802,20.87603,20.86099,20.80401,20.70703,7708,301,2,225,8.62795005459722e+18,QSO,2.176032,7663,57328,651
1.2376785792929633e+18,2.86346891520037,24.3173046291549,20.76663,21.13922,20.62772,20.76105,20.36867,7708,301,2,222,8.627915694858852e+18,QSO,1.273928,7663,57328,526
1.237679478007858e+18,1.64863350594794,22.8488304042795,26.00271,23.39211,22.1911,20.77997,19.86776,7917,301,4,115,8.630059742533016e+18,GALAXY,0.68398,7665,57328,134
1.2376785792878515e+18,350.070354134538,23.5844904891678,21.99618,20.58331,19.95278,19.74882,19.49298,7708,301,2,144,8.635660654764905e+18,STAR,1.60689e-05,7670,57328,30
1.237678579287262e+18,348.526781060985,23.3168277265055,25.14637,23.78355,21.88095,20.75087,20.06563,7708,301,2,135,8.635787373480008e+18,GALAXY,0.0,7670,57328,491
1.2376785792919803e+18,0.348634034038355,24.1389918290235,22.85734,23.32891,21.58497,20.0906,19.05435,7708,301,2,207,8.630189484905093e+18,STAR,-0.0001446949,7665,57328,606
1.2376802994244165e+18,349.52395429672,22.7628938653386,21.61383,19.83098,19.16949,18.98757,18.87098,8108,301,6,177,8.635676597683509e+18,STAR,-0.0001301511,7670,57328,88
1.2376802983555238e+18,1.51337606846602,22.5268344885352,21.62512,21.48604,21.51184,21.00488,21.28133,8108,301,4,251,8.630069088381852e+18,QSO,1.833693,7665,57328,168
1.2376803021028723e+18,336.564090526144,24.3809916574748,21.91675,21.49345,21.3196,21.28167,21.3988,8109,301,3,87,8.610908998773e+18,QSO,0.8276694,7648,57329,96
1.2376802758007857e+18,10.2839997466711,26.6175225322625,27.04947,22.21659,21.33169,20.17709,19.30687,8103,301,2,157,8.639182665403357e+18,GALAXY,0.8422515,7673,57329,555
1.2376802752638487e+18,10.1882678019322,26.1915827412529,20.58744,20.59652,20.59658,20.21099,20.14742,8103,301,1,156,8.639174968821963e+18,QSO,1.566183,7673,57329,527
1.237666275273082e+18,14.8149429887055,24.8222118648885,26.01049,23.24728,21.6979,20.67543,19.79188,4843,301,4,34,8.642454262251805e+18,GALAXY,0.6499593,7676,57329,169
1.2376785406256745e+18,351.059623717004,23.8097484517779,20.562,19.58819,19.25187,19.10924,19.11226,7699,301,2,30,8.634610896055064e+18,STAR,-0.0008048682,7669,57329,307
1.2376785406256742e+18,350.928585479622,23.8520001623294,19.2906,19.13758,18.84739,18.64903,18.65846,7699,301,2,30,8.634622440927157e+18,QSO,1.427029,7669,57329,349
1.2376785792883103e+18,351.16192388064,23.6920259226231,25.74535,22.60646,21.09078,19.72969,19.05606,7708,301,2,151,8.634610071421344e+18,STAR,-0.0001335532,7669,57329,304
1.2376785406255434e+18,350.618533341068,23.8442058000095,19.41823,19.05533,18.74983,18.5071,18.56155,7699,301,2,28,8.634634260677155e+18,QSO,1.628801,7669,57329,392
1.23768033163097e+18,336.534808056615,26.2313787469722,22.08285,21.59034,21.39244,21.16492,21.19378,8116,301,2,90,8.611135498168326e+18,QSO,1.445206,7648,57329,920
1.2376785411630052e+18,352.078298307289,24.3333686260637,23.79355,23.77368,21.92024,20.69295,19.85787,7699,301,3,37,8.634784069136438e+18,GALAXY,0.7236245,7669,57329,937
1.237678579288114e+18,350.657026674651,23.655511761303,22.32323,21.65913,21.62825,21.38301,21.18944,7708,301,2,148,8.634631786775992e+18,QSO,2.426607,7669,57329,383
1.2376805292003832e+18,336.017224795325,26.3477391038375,22.54976,20.97989,20.7883,20.98296,20.79617,8162,301,2,104,8.611098389650888e+18,QSO,3.069453,7648,57329,785
1.237680299425268e+18,351.607880705207,22.9708813884927,21.41358,21.11323,20.86857,20.7654,20.26616,8108,301,6,190,8.634571313636464e+18,QSO,1.98728,7669,57329,163
1.2376785406257395e+18,351.149503775318,23.8454923121067,21.83271,21.52259,21.2513,21.11594,20.85895,7699,301,2,31,8.634600725572508e+18,STAR,-3.45716e-05,7669,57329,270
1.237679479077274e+18,350.904327883688,22.9628902021458,20.30899,20.07636,19.77724,19.7009,19.85381,7917,301,6,49,8.634617218246924e+18,QSO,1.37064,7669,57329,330
1.2376785792887035e+18,352.100633554596,23.6310008783374,25.10887,23.31782,21.59272,20.25457,19.49463,7708,301,2,157,8.634553721450421e+18,GALAXY,0.7183079,7669,57329,99
1.2376805291999895e+18,335.144709986243,25.974251008663,22.07874,22.05022,21.82854,21.48791,21.13937,8162,301,2,98,8.611043139191594e+18,GALAXY,0.7781351,7648,57329,584
1.2376785792877855e+18,349.902112094201,23.4751971832266,19.39437,18.3478,17.97599,17.81603,17.73709,7708,301,2,143,8.634658724810874e+18,STAR,-0.0005012145,7669,57329,481
1.2376803021027412e+18,336.256173777241,24.2038435742289,21.80555,21.00235,21.10761,21.2363,21.16588,8109,301,3,85,8.610929339738118e+18,STAR,-0.001043518,7648,57329,170
1.2376805292000548e+18,335.250171571628,26.1863265589223,24.99768,24.16085,22.02594,20.61065,19.41264,8162,301,2,99,8.611053859429963e+18,GALAXY,0.8393788,7648,57329,623
1.2376785792883763e+18,351.271313694456,23.6871910720088,23.23763,24.9667,22.0527,20.84699,19.92954,7708,301,2,152,8.634598801427158e+18,GALAXY,0.8787874,7669,57329,263
1.237678540625937e+18,351.573975159516,23.8151700862736,20.94205,20.90541,20.6276,20.70689,20.44106,7699,301,2,34,8.634576261438791e+18,QSO,1.147041,7669,57329,181
1.2376785792885071e+18,351.732391206335,23.6083451796964,25.2148,24.65039,22.01794,20.86049,19.95876,7708,301,2,154,8.634564166810883e+18,GALAXY,0.5533386,7669,57329,137
1.2376803021028068e+18,336.399811271148,24.3163288017875,23.74376,22.36959,22.24305,20.79241,19.67556,8109,301,3,86,8.610918619499747e+18,STAR,-2.427159e-05,7648,57329,131
1.2376785792879823e+18,350.311987461728,23.4628600226688,20.92862,19.82482,19.56567,19.49404,19.44013,7708,301,2,146,8.63465267749692e+18,QSO,2.866945,7669,57329,459
1.2376785792879823e+18,350.333771913111,23.4886648099578,23.43348,22.09431,22.47003,22.27442,22.61159,7708,301,2,146,8.634652952374827e+18,STAR,-8.364938e-05,7669,57329,460
1.237680305323901e+18,336.163129346504,23.6205390770229,21.27513,20.65868,21.29442,21.16006,19.3294,8110,301,1,84,8.610927690470676e+18,QSO,4.786499,7648,57329,164
1.2376794790778634e+18,352.384423981759,23.1776537982625,18.3946,17.38839,17.01153,16.86769,16.80422,7917,301,6,58,8.634539702677166e+18,STAR,-0.0004245432,7669,57329,48
1.2376785792879176e+18,350.1423738321,23.5861887209692,24.0006,25.90729,22.78928,21.25303,20.02456,7708,301,2,145,8.634654326764362e+18,GALAXY,0.8001773,7669,57329,465
1.237678540625872e+18,351.540947571027,23.8105624553193,24.54771,23.64882,21.74708,20.47566,19.69035,7699,301,2,33,8.634576811194604e+18,STAR,-2.390308e-05,7669,57329,183
1.2376803316301834e+18,334.660213642054,25.7030232830155,21.19443,20.25142,19.11131,18.59843,18.16221,8116,301,2,78,8.611035442610199e+18,GALAXY,0.34194,7648,57329,556
1.2376785406257395e+18,351.09373957184,23.736540470924,24.55313,23.05186,22.37984,22.01888,19.27123,7699,301,2,31,8.634610621177159e+18,STAR,-3.247679e-05,7669,57329,306
1.237678580361528e+18,349.698289798297,24.3050896909247,22.90467,23.32184,21.71561,20.44602,19.73362,7708,301,4,143,8.634668620415523e+18,GALAXY,0.5319321,7669,57329,517
1.2376785798258363e+18,352.774637790527,24.1112187226035,23.10074,22.83985,21.17733,20.15924,18.87086,7708,301,3,161,8.634529532194609e+18,GALAXY,0.5828283,7669,57329,11
1.2376803316304463e+18,335.188100248198,25.7691665002032,25.41603,23.64911,22.20407,20.75844,20.03206,8116,301,2,82,8.611057707720661e+18,STAR,-0.000261617,7648,57329,637
1.2376785792881137e+18,350.648456172436,23.6371120556811,21.30046,21.4179,21.43923,20.97663,20.52798,7708,301,2,148,8.634632061653899e+18,QSO,1.913084,7669,57329,384
1.2376785406261327e+18,352.075997309244,23.9655536874345,24.63465,22.5001,21.01995,20.67531,22.23625,7699,301,2,37,8.634545200235306e+18,STAR,-0.0001138125,7669,57329,68
1.237678579288048e+18,350.507341297342,23.4567009569139,20.90982,20.69101,20.34992,20.24936,20.20263,7708,301,2,147,8.6346400331132e+18,QSO,1.424123,7669,57329,413
1.2376785422361572e+18,350.559888529476,25.0125073194336,24.63975,23.90461,22.08357,20.905,19.99311,7699,301,5,28,8.634701605764355e+18,GALAXY,0.7320751,7669,57329,637
1.2376785814435927e+18,10.8199543524981,25.9006332173279,23.19058,23.05633,21.47016,20.17545,19.4782,7708,301,6,270,8.63921125270568e+18,GALAXY,0.7233444,7673,57329,659
1.2376803058603796e+18,335.158836830295,23.8065487634024,22.30664,23.61715,21.58804,20.40432,19.53021,8110,301,2,78,8.610992836534622e+18,GALAXY,0.6514543,7648,57329,401
1.237680305861035e+18,336.71010506422,24.1500736577206,22.05096,24.66298,21.9121,20.59509,19.85233,8110,301,2,88,8.610906524871842e+18,GALAXY,0.780856,7648,57329,87
1.2376802758007857e+18,10.3508650933973,26.7282702996025,26.40366,24.16644,21.85473,20.25453,19.48814,8103,301,2,157,8.639181565891729e+18,GALAXY,0.6512681,7673,57329,551
1.2376785406253463e+18,350.099391444936,23.7598339762692,20.41175,22.1919,21.68387,21.21416,19.62366,7699,301,2,25,8.634653777008547e+18,QSO,0.8004703,7669,57329,463
1.2376785792882447e+18,351.064652046963,23.7166261044663,22.17909,21.98285,21.45901,21.48442,20.84233,7708,301,2,150,8.634610346299251e+18,GALAXY,0.7876652,7669,57329,305
1.2376785792885724e+18,351.821546278947,23.6639272273721,25.4719,21.79201,20.68957,20.16984,19.82235,7708,301,2,155,8.634555095839955e+18,STAR,-9.886536e-05,7669,57329,104
1.2376785406252155e+18,349.796920680075,23.6851709483975,24.63465,23.67284,20.51241,19.82538,20.78442,7699,301,2,23,8.634659549444594e+18,STAR,-0.0002757657,7669,57329,484
1.2376785792883758e+18,351.316342411718,23.5321327575627,23.77163,21.65803,20.91941,20.50309,20.52995,7708,301,2,152,8.634585332409719e+18,STAR,-0.001159843,7669,57329,214
1.237678541162481e+18,350.834520834507,24.2535544247649,23.11452,23.08741,21.39338,20.31012,19.44904,7699,301,3,29,8.634714799903889e+18,GALAXY,0.723803,7669,57329,685
1.237666276346234e+18,13.4150039451303,25.661140567598,24.11042,23.90404,22.04973,20.62406,19.25267,4843,301,6,25,8.642534526600632e+18,STAR,6.703792e-05,7676,57329,461
1.237678579288441e+18,351.421069077036,23.5970895279507,22.68964,21.97747,21.37573,20.81463,20.3111,7708,301,2,153,8.634586706799252e+18,GALAXY,0.6930734,7669,57329,219
1.2376803026407928e+18,339.072564558778,25.0969170552328,26.1007,23.15364,21.40842,20.26049,19.55132,8109,301,4,103,8.617653677992467e+18,GALAXY,0.6475282,7654,57330,57
1.237680529200907e+18,337.374943321826,26.5489533620909,20.59564,20.63789,20.6616,20.30089,20.28349,8162,301,2,112,8.617801837184309e+18,QSO,1.85522,7654,57330,596
1.2376803321680384e+18,336.924672825561,26.6058016915446,26.82278,23.67801,22.43437,20.83636,19.74099,8116,301,3,93,8.617789467678496e+18,GALAXY,0.8607277,7654,57330,551
1.2376805297381711e+18,338.330510272479,27.1755474256901,21.32637,21.10084,21.06477,20.74286,20.36126,8162,301,3,118,8.617863684713372e+18,QSO,1.802848,7654,57330,821
1.237680529201038e+18,337.755453989997,26.5300852282185,22.3941,22.2056,21.64226,22.14234,21.45641,8162,301,2,114,8.617824377172679e+18,GALAXY,0.3462607,7654,57330,678
1.237680302103724e+18,338.547144187,24.6034927396088,25.22461,23.89227,21.91038,20.69045,19.81003,8109,301,3,100,8.617682815050601e+18,STAR,6.643392e-05,7654,57330,163
1.2376805292012347e+18,338.187024113087,26.649658277546,20.99371,20.86013,20.77443,20.76267,20.49301,8162,301,2,117,8.617841969358723e+18,QSO,2.121984,7654,57330,742
1.2376803021037243e+18,338.674528917064,24.7624549423505,23.00342,21.43524,20.80684,20.66711,20.76954,8109,301,3,100,8.61766769676572e+18,STAR,-0.0004712939,7654,57330,108
1.2376803021036595e+18,338.396723574835,24.5384347554471,24.28447,24.52921,22.0969,20.87217,19.96444,8109,301,3,99,8.61769381016688e+18,STAR,-0.0002183579,7654,57330,203
1.237680331631035e+18,336.631133917233,26.1235637115435,24.39004,24.25084,21.86423,20.56033,19.70182,8116,301,2,91,8.617778472562219e+18,GALAXY,0.6760137,7654,57330,511
1.2376805292011692e+18,338.089615328789,26.6996142341923,22.23124,22.05053,21.99375,21.82759,21.13841,8162,301,2,116,8.617846367405233e+18,STAR,0.0005656002,7654,57330,758
1.237680302640923e+18,339.390815643348,25.2999033101286,25.44455,23.23904,22.34072,21.29816,19.28711,8109,301,4,105,8.617643232632e+18,STAR,-0.000101886,7654,57330,19
1.237680331631035e+18,336.678523328812,26.2237157710339,24.75837,23.60128,21.8536,20.71933,19.74006,8116,301,2,91,8.617850765451745e+18,GALAXY,0.0,7654,57330,774
1.2376805292009723e+18,337.628877067333,26.5039691868759,22.11492,21.86215,21.98248,21.52623,21.02277,8162,301,2,113,8.61781173278896e+18,QSO,1.74851,7654,57330,632
1.23767887996217e+18,34.9792589213555,-2.75359403786534,24.32936,23.52152,22.01838,20.48544,19.61344,7778,301,2,550,8.875676071699437e+18,STAR,0.0001151127,7883,57331,753
1.2376792552015142e+18,18.8168243661236,-4.20806804739418,24.58672,23.50646,22.06812,20.95048,19.96081,7865,301,5,40,8.910480562520874e+18,QSO,1.001048,7914,57331,395
1.2376792546712622e+18,33.9361305087285,-3.98116635951521,22.36759,21.89393,21.80824,21.37648,20.83279,7865,301,4,141,8.875601030030842e+18,QSO,1.859073,7883,57331,480
1.2376792546716557e+18,34.8771346324617,-4.05048112532926,23.65456,22.03814,21.24405,20.46915,19.88874,7865,301,4,147,8.875554850542475e+18,STAR,-0.0007581422,7883,57331,312
1.2376794345271468e+18,19.9045293014774,-2.63905070212006,24.82036,23.20039,21.99013,20.49798,19.80653,7907,301,3,204,8.910619650741788e+18,GALAXY,0.7525145,7914,57331,901
1.2376793233984072e+18,35.4396668152749,-4.14917313041279,26.92642,23.94023,22.73508,20.97828,19.91462,7881,301,4,258,8.875521040559921e+18,GALAXY,0.7694162,7883,57331,189
1.2376792546644462e+18,18.3460653957776,-4.60074525577819,22.39848,22.11395,21.6967,20.66198,19.88155,7865,301,4,37,8.91049705519529e+18,QSO,1.246748,7914,57331,455
1.237679254665233e+18,20.1461511966118,-4.49938808839487,22.29508,22.14994,21.73462,21.89066,21.62555,7865,301,4,49,8.910389028177861e+18,QSO,2.412563,7914,57331,62
1.2376792546649705e+18,19.6153490895787,-4.53718034661467,21.78811,21.54397,21.24639,20.8465,20.93215,7865,301,4,45,8.910422013526694e+18,QSO,1.537173,7914,57331,182
1.2376793228549169e+18,20.3244975051622,-5.06832416349988,25.02163,22.93516,21.53009,20.19422,19.55094,7881,301,3,157,8.910384905009256e+18,GALAXY,0.6190667,7914,57331,47
1.2376793223247951e+18,35.7211114444765,-4.96916923814497,21.04179,21.04532,20.90969,20.59887,20.79681,7881,301,2,260,8.875503998129692e+18,GALAXY,0.7406976,7883,57331,127
1.237679255201842e+18,19.5004513809772,-4.12933545614318,23.42374,22.78743,22.10892,20.67885,19.88755,7865,301,5,45,8.910436032299949e+18,GALAXY,0.7127973,7914,57331,233
1.237679322861732e+18,35.8633651624378,-4.52049572466479,22.02658,20.10088,19.31791,19.04648,18.87905,7881,301,3,261,8.875495202036668e+18,STAR,0.0001973591,7883,57331,95
1.237679254127838e+18,19.0032295023801,-5.00576073111349,23.89292,23.10315,21.57956,20.19863,19.52054,7865,301,3,41,8.910462420579015e+18,GALAXY,0.7402832,7914,57331,329
1.237679254672114e+18,35.925162604323,-4.00351837946943,21.4367,21.67838,21.12656,21.16424,21.03192,7865,301,4,154,8.875490529112249e+18,QSO,1.244746,7883,57331,78
1.2376793233914598e+18,19.5769029791799,-4.75375014956463,23.75411,22.87143,21.38341,20.29785,19.59573,7881,301,4,152,8.910429984986e+18,GALAXY,0.5449721,7914,57331,211
1.2376792546715896e+18,34.6282907284835,-4.05164754537784,23.95242,21.37685,21.07824,20.94468,20.81094,7865,301,4,146,8.875566395414567e+18,QSO,3.263105,7883,57331,354
1.2376793228545231e+18,19.4344999236763,-5.18117565857404,23.93999,22.67859,21.21852,19.83876,18.64299,7881,301,3,151,8.910441254980179e+18,STAR,0.0001359509,7914,57331,252
1.2376793244657254e+18,20.7023810912954,-3.88822347706173,24.63462,23.03648,21.38901,20.1458,22.8269,7881,301,6,160,8.910382156230187e+18,QSO,6.983865,7914,57331,37
1.2376788879814167e+18,19.7633958761298,-3.47781672488524,22.59436,22.27913,21.98994,22.2288,22.08894,7780,301,1,34,8.910603432945277e+18,QSO,1.46868,7914,57331,842
1.2376792552016453e+18,19.0749480413928,-4.20874187428986,26.27177,23.72511,21.68835,20.36836,19.52817,7865,301,5,42,8.910458022532504e+18,GALAXY,0.7321959,7914,57331,313
1.2376794334529464e+18,18.8312968989813,-3.55949064523499,23.57405,23.39426,22.0072,20.60052,19.52107,7907,301,1,197,8.91054928199761e+18,GALAXY,0.7936157,7914,57331,645
1.2376794334530117e+18,18.9250550532174,-3.65428460371917,22.51847,23.32927,22.13525,20.90786,19.93854,7907,301,1,198,8.910550931265052e+18,GALAXY,0.7064776,7914,57331,651
1.2376793228543263e+18,18.8964507920807,-5.26133022886992,23.76648,21.79737,20.69543,20.23403,19.97464,7881,301,3,148,8.910471766427851e+18,STAR,-0.0001361561,7914,57331,363
1.2376788799617764e+18,34.1154280164023,-2.79006981091856,19.78109,17.74504,16.8596,16.46623,16.16689,7778,301,2,544,8.875618072461072e+18,GALAXY,0.06579855,7883,57331,542
1.23767925467159e+18,34.7764474291641,-4.10651947072334,26.53778,23.34064,21.75554,20.41703,19.47174,7865,301,4,146,8.875554025908755e+18,GALAXY,0.7884135,7883,57331,309
1.2376792546716552e+18,34.8034590966199,-4.11707569605035,21.48895,20.99035,20.86068,20.65947,20.79064,7865,301,4,147,8.87555430078666e+18,STAR,-0.0004290846,7883,57331,310
1.237679433452749e+18,18.4087082703924,-3.64704139195245,21.73537,21.80701,21.30239,21.1223,20.92179,7907,301,1,194,8.910518220794124e+18,QSO,1.179326,7914,57331,532
1.2376793223246643e+18,35.4182280687427,-5.06851891109197,21.83357,20.83079,20.52712,20.42892,20.47306,7881,301,2,258,8.875514168612248e+18,STAR,-0.00015687,7883,57331,164
1.2376792552083955e+18,34.4656800368277,-3.63652354021903,22.55284,23.43577,21.87845,20.71902,19.76696,7865,301,5,145,8.875637039036652e+18,GALAXY,0.691188,7883,57331,611
1.2376793228549164e+18,20.250209818335,-5.05153713774479,22.03563,21.45545,21.3672,20.92149,21.27473,7881,301,3,157,8.910384080375536e+18,QSO,1.707767,7914,57331,44
1.2376792552088545e+18,35.6005830955236,-3.4927031059564,21.9784,23.61519,22.373,21.30452,19.97424,7865,301,5,152,8.87571455460641e+18,GALAXY,0.7991679,7883,57331,893
1.23767932285472e+18,19.8905189158793,-5.2428502636625,24.1928,23.137,21.81404,20.64117,20.00665,7881,301,3,154,8.910406070608091e+18,STAR,6.50258e-05,7914,57331,124
1.237679433452749e+18,18.3885623346053,-3.49518815059332,20.6969,20.67298,20.01294,19.98372,20.07029,7907,301,1,194,8.910516021770869e+18,QSO,1.314538,7914,57331,524
1.2376792552080678e+18,33.8282059929977,-3.58714109704532,24.14002,25.33319,21.3655,20.17523,19.21571,7865,301,5,140,8.875614499048282e+18,GALAXY,0.7516561,7883,57331,529
1.237679323398144e+18,34.8586996423908,-4.33054862778364,25.14523,23.95244,21.27998,20.2158,19.55999,7881,301,4,254,8.875552376641312e+18,GALAXY,0.6535378,7883,57331,303
1.23767887996217e+18,34.9352137540178,-2.73919306647838,24.65215,23.10345,21.87606,20.59172,19.86629,7778,301,2,550,8.875673322920368e+18,STAR,8.510074e-05,7883,57331,743
1.2376793228542612e+18,18.8214288515119,-5.13829435827185,25.7038,22.30434,20.86704,20.89336,21.14691,7881,301,3,147,8.910482761544129e+18,QSO,3.871221,7914,57331,403
1.2376792552081329e+18,33.8708635025487,-3.75147169970149,22.05531,20.09559,18.98455,18.54946,18.1889,7865,301,5,141,8.87561559855991e+18,GALAXY,0.0,7883,57331,533
1.237679322861601e+18,35.6318203801687,-4.54901428278517,19.45452,19.46352,19.46031,19.24053,19.19297,7881,301,3,259,8.875506472030853e+18,QSO,1.818544,7883,57331,136
1.23767925520833e+18,34.3257709835685,-3.68436483598041,24.03819,23.46998,21.7331,20.5004,19.76569,7865,301,5,144,8.875638688304093e+18,GALAXY,0.7656016,7883,57331,617
1.237679254664643e+18,18.8650658028734,-4.46656979430639,22.74581,21.41049,21.02192,20.91588,20.32589,7865,301,4,40,8.910465719113898e+18,QSO,0.209375,7914,57331,341
1.2376793228547205e+18,19.8634166403886,-5.15765556074134,27.04901,23.27506,21.23875,20.12046,19.46967,7881,301,3,154,8.910418440113904e+18,GALAXY,0.7174762,7914,57331,169
1.23767943345288e+18,18.6303013265992,-3.54037028947877,21.70299,21.36722,21.04762,20.87191,20.4955,7907,301,1,196,8.910538561759238e+18,QSO,0.9813766,7914,57331,606
1.2376792546721797e+18,35.9860710668387,-4.04985739674246,21.48078,22.07924,21.21863,21.41237,21.91226,7865,301,4,155,8.875489429600623e+18,GALAXY,0.2091488,7883,57331,74
1.2376793233978163e+18,34.0403853104218,-4.21679047457243,22.06326,19.76753,18.5738,18.11394,17.67606,7881,301,4,249,8.87559855612968e+18,GALAXY,0.1539935,7883,57331,471
1.2376792552089198e+18,35.7942221158359,-3.50441787476797,25.31587,23.22615,21.203,20.10297,19.45807,7865,301,5,153,8.875723900455247e+18,GALAXY,0.6149512,7883,57331,927
1.2376794334528143e+18,18.4989322918654,-3.68181890716997,20.71808,20.80193,20.34009,20.42719,20.4029,7907,301,1,195,8.910527841520867e+18,QSO,1.320961,7914,57331,567
1.2376793228544576e+18,19.2157296761722,-5.17285148843371,21.57173,21.59413,21.21517,21.19238,20.98554,7881,301,3,150,8.910450875706923e+18,QSO,0.9876435,7914,57331,287
1.23767932285472e+18,19.8279916642734,-5.16124479799498,22.70056,22.89309,21.62144,20.59252,19.91517,7881,301,3,154,8.910418989869716e+18,GALAXY,0.6739674,7914,57331,171
1.237679254665167e+18,19.9442808504462,-4.61073960552718,22.41263,21.6344,21.89962,21.84302,21.74748,7865,301,4,48,8.910409644020881e+18,QSO,2.193663,7914,57331,137
1.2376794345270154e+18,19.5581438768399,-2.68187434221434,25.79716,23.67456,21.7821,20.75894,19.93327,7907,301,3,202,8.910599309776672e+18,GALAXY,0.5951731,7914,57331,827
1.2376793228547855e+18,20.0327491482201,-5.16425450344654,22.53915,21.91476,21.63881,21.52182,21.0672,7881,301,3,155,8.910394525736e+18,QSO,2.284211,7914,57331,82
1.2376792546648392e+18,19.2456295099814,-4.48215199948011,21.24546,20.02527,19.54901,19.37239,19.43755,7865,301,4,43,8.910445103270877e+18,STAR,-0.0004691296,7914,57331,266
1.237679322854458e+18,19.2819801588294,-5.06087303564374,22.4306,24.35482,22.09912,21.07197,19.94547,7881,301,3,150,8.910451425462736e+18,GALAXY,0.8568321,7914,57331,289
1.2376803058654254e+18,347.534689704144,25.8523208635221,21.9072,22.19848,22.16096,21.97303,23.06479,8110,301,2,155,8.675304646083107e+18,QSO,2.353381,7705,57332,894
1.2376634626076188e+18,351.560233283329,0.756476773616752,23.90357,23.09616,22.05317,21.78816,23.18612,4188,301,5,53,9.867648865225955e+18,GALAXY,0.1904775,8764,57332,953
1.2376634626069627e+18,350.066632853493,0.767736231212185,23.44203,22.5324,21.96659,21.74031,21.56186,4188,301,5,43,9.867573273801544e+18,GALAXY,1.180972,8764,57332,678
1.2376793233957197e+18,29.2756717595007,-4.38384177642268,22.68063,20.09235,19.14983,18.7111,18.3096,7881,301,4,217,8.884606305157011e+18,GALAXY,0.1360668,7891,57332,473
1.2376637831191593e+18,349.779254042087,-0.805997160021613,18.44556,17.40876,17.11075,16.98128,16.96829,4263,301,2,47,9.867498781888764e+18,STAR,-0.0001580938,8764,57332,407
1.237672816511943e+18,346.492886082104,24.1989606283117,19.67065,19.31953,19.10705,18.96112,18.72513,6366,301,4,90,8.675162809083124e+18,QSO,0.8732762,7705,57332,378
1.2376793223227635e+18,31.1114952089982,-5.31629047342343,20.22064,19.95262,19.83455,19.69503,19.33712,7881,301,2,229,8.884501026918651e+18,QSO,2.164124,7891,57332,90
1.2376634626067016e+18,349.428796065624,0.828130062805741,22.81258,22.91581,21.81618,22.94037,21.89796,4188,301,5,39,9.867537539673643e+18,GALAXY,0.1496915,8764,57332,548
1.237679322859111e+18,29.9039242456951,-4.93602189087581,22.45222,23.5063,21.94397,20.88329,19.95557,7881,301,3,221,8.884578267610502e+18,GALAXY,1.075538,7891,57332,371
1.237678879423398e+18,30.5933364300643,-3.15496337205693,21.87155,20.00318,18.93399,18.4793,18.17235,7778,301,1,521,8.884695090720953e+18,GALAXY,0.1557931,7891,57332,796
1.2376637831190287e+18,349.495609518089,-0.65229057863952,22.62598,22.27101,22.10297,21.48157,21.44546,4263,301,2,45,9.86751087651667e+18,GALAXY,0.8561508,8764,57332,451
1.2376792546694927e+18,29.8860359322812,-4.30383651682153,23.16601,21.76718,21.56512,21.3596,21.89721,7865,301,4,114,8.884582940534921e+18,STAR,-0.0004541318,7891,57332,388
1.2376634626076838e+18,351.579206867228,0.743824628434517,22.96152,22.76619,22.2181,22.06488,21.6572,4188,301,5,54,9.867649414981767e+18,QSO,1.943874,8764,57332,955
1.2376661845683085e+18,348.335814703174,25.6855811217627,23.93912,22.92743,21.78178,20.69582,19.83773,4822,301,3,437,8.675068525961042e+18,GALAXY,0.6862542,7705,57332,35
1.237666408437842e+18,349.518039121491,0.312194661078108,19.06977,18.20577,17.83176,17.68094,17.60939,4874,301,4,351,9.867541662842247e+18,STAR,-0.0003930212,8764,57332,563
1.2376793233957192e+18,29.2221531110027,-4.40523494689377,23.27302,20.10172,18.97864,18.54244,18.2972,7881,301,4,217,8.884609878569802e+18,GALAXY,0.1372761,7891,57332,486
1.2376803058657536e+18,348.359224996119,25.9830371174034,23.92835,23.48314,22.12409,20.77906,19.8792,8110,301,2,160,8.675332408751709e+18,GALAXY,0.6087319,7705,57332,995
1.2376634626074217e+18,350.979935291673,0.720257109224546,23.64511,22.49575,21.9297,21.53621,22.14995,4188,301,5,50,9.867625775481772e+18,GALAXY,0.9470374,8764,57332,869
1.2376727649771192e+18,346.273285667949,24.7893170694426,20.65129,20.20057,19.81789,19.6751,19.61721,6354,301,4,163,8.675159235670332e+18,QSO,1.13229,7705,57332,365
1.237663462607749e+18,351.786754403546,0.775619038960508,17.86093,16.96491,16.67578,16.57425,16.55005,4188,301,5,55,9.867647765714328e+18,STAR,-0.0004140429,8764,57332,949
1.2376634626075535e+18,351.392881649258,0.804585738529779,22.77858,22.983,22.40321,22.24231,20.89486,4188,301,5,52,9.867635945964329e+18,GALAXY,0.7972188,8764,57332,906
1.2376793244695265e+18,29.3699569609299,-3.6624237432404,21.74422,20.4192,21.37391,21.22057,19.9554,7881,301,6,218,8.8846216983198e+18,STAR,-0.0004662556,7891,57332,529
1.2376634626075535e+18,351.371851774523,0.789831458492183,23.02196,22.77901,21.99203,22.80026,22.07514,4188,301,5,52,9.867636495720145e+18,GALAXY,0.2093203,8764,57332,908
1.2376637831190943e+18,349.645344914172,-0.783609532265548,23.08865,22.36689,22.25639,22.36184,21.64104,4263,301,2,46,9.867510051882949e+18,GALAXY,1.210704,8764,57332,448
1.2376634626067663e+18,349.540123084737,0.837917506357654,23.8176,22.60858,22.74044,21.68234,20.92905,4188,301,5,40,9.867540013574806e+18,GALAXY,0.9124457,8764,57332,557
1.2376634626076846e+18,351.701247493409,0.703914344121184,21.97712,22.03594,21.87239,20.86119,20.53472,4188,301,5,54,9.86764749083642e+18,GALAXY,0.7783247,8764,57332,948
1.2376637831200115e+18,351.655008670975,-0.792478577835616,23.18357,22.27151,21.98592,21.87235,21.52184,4263,301,2,60,9.867399550964355e+18,QSO,1.733566,8764,57332,46
1.2376727644400527e+18,345.776232167892,25.0609501037475,25.51175,23.70351,21.53589,20.29585,19.56839,6354,301,3,160,8.675194969798237e+18,GALAXY,0.537564,7705,57332,495
1.2376634626071598e+18,350.431147839865,0.791333578934745,25.83121,22.09264,21.33355,20.78691,20.35839,4188,301,5,46,9.867594164522471e+18,GALAXY,0.9873198,8764,57332,754
1.2376793228594383e+18,30.5887098856544,-4.73907933957818,23.05128,21.42435,21.29767,21.05203,20.69257,7881,301,3,226,8.884536761046556e+18,STAR,-0.0002533834,7891,57332,220
1.2376634626073564e+18,350.878807502013,0.637472084971558,22.92906,22.48097,22.07335,21.42407,22.14106,4188,301,5,49,9.86761615475503e+18,GALAXY,0.2458872,8764,57332,834
1.2376793223223053e+18,30.0765734728424,-5.30965964009062,20.94368,20.68138,20.56901,20.3897,20.35564,7881,301,2,222,8.884564523715155e+18,QSO,1.54735,7891,57332,321
1.2376792546694267e+18,29.6848449237002,-4.32904240202791,22.39787,22.32131,21.84549,21.93901,21.64084,7865,301,4,113,8.884593935651198e+18,GALAXY,1.607648,7891,57332,428
1.2376792546698857e+18,30.8117847429315,-4.1120447416474,25.01068,23.97526,22.30823,20.86818,19.81887,7865,301,4,120,8.88452823983144e+18,STAR,8.777822e-05,7891,57332,189
1.2376727660506655e+18,346.948311015936,25.6840016978442,22.65701,21.27622,21.02466,20.81724,20.35891,6354,301,6,160,8.675273310001715e+18,QSO,2.32949,7705,57332,780
1.237663462607225e+18,350.608068391402,0.790987783349195,23.75406,22.68501,22.25787,21.14814,21.64743,4188,301,5,47,9.867605434516658e+18,GALAXY,0.9367529,8764,57332,795
1.2376793228595697e+18,30.9651997193888,-4.71727040523485,23.02503,25.21222,22.79452,21.34122,19.06258,7881,301,3,228,8.884523841784928e+18,GALAXY,0.4349546,7891,57332,173
1.2376727644396595e+18,345.306606439178,25.8734938971385,25.51649,23.07396,21.79523,20.69652,20.01538,6354,301,3,154,8.675199367844747e+18,GALAXY,0.5348451,7705,57332,511
1.2376728165112223e+18,345.655769466331,25.6624621478772,20.64839,20.21793,19.84444,19.56109,19.59421,6366,301,4,79,8.675207339304048e+18,QSO,1.570645,7705,57332,540
1.2376634626066355e+18,349.325016541189,0.659793450465596,23.37169,22.71007,22.387,21.98752,21.70815,4188,301,5,38,9.86753698991783e+18,GALAXY,0.991244,8764,57332,546
1.2376728165117463e+18,346.255475735756,24.6925948236958,20.78401,20.62257,20.57923,20.27703,19.91671,6366,301,4,87,8.675160884937774e+18,QSO,2.162245,7705,57332,371
1.237663783119226e+18,349.870281145147,-0.638635749919203,19.78842,20.25345,19.39183,20.30905,17.55096,4263,301,2,48,9.86750180554574e+18,GALAXY,1.060968,8764,57332,418
1.2376792546694267e+18,29.7238046209897,-4.1678904624666,22.12359,21.77317,21.84414,21.74419,22.31966,7865,301,4,113,8.884596409552361e+18,QSO,1.579246,7891,57332,437
1.2376803058651633e+18,346.986425495485,25.8392382315127,21.88671,21.75477,21.09271,20.44503,20.34132,8110,301,2,151,8.675273035123808e+18,QSO,1.751979,7705,57332,779
1.2376634626066355e+18,349.314255108585,0.763647494627281,23.34981,22.64556,22.32091,22.21931,21.22769,4188,301,5,38,9.867536165284108e+18,GALAXY,1.39688,8764,57332,543
1.2376803058653606e+18,347.506679212126,25.7751083505258,26.92977,22.81142,21.72477,20.43006,19.71579,8110,301,2,154,8.675305470716828e+18,QSO,1.54767,7705,57332,897
1.237663462607094e+18,350.247769247176,0.774864350293596,23.28178,21.8629,21.14547,20.58362,20.13954,4188,301,5,45,9.867583719162008e+18,GALAXY,0.766838,8764,57332,716
1.237663462607226e+18,350.578443465391,0.760661711940402,21.1155,20.45146,20.80324,19.72409,26.2969,4188,301,5,47,9.867604884760844e+18,QSO,0.5909213,8764,57332,793
1.237679323395851e+18,29.5283392500233,-4.4432828647552,22.38979,25.16232,22.28984,21.05296,19.94063,7881,301,4,219,8.884593111017478e+18,STAR,-6.05291e-05,7891,57332,425
1.2376793244703127e+18,31.1469697762475,-3.59946556027408,23.71744,22.15083,22.32136,21.90353,20.68858,7881,301,6,230,8.884721479000021e+18,GALAXY,0.137839,7891,57332,892
1.23768027632953e+18,349.505467601985,26.3998623708376,21.96828,23.14568,22.50741,21.18855,20.03626,8103,301,3,33,8.673008041187367e+18,GALAXY,0.6076168,7703,57333,731
1.237679254669034e+18,28.8121826956652,-4.19146757199923,22.66205,22.22285,21.98551,22.04732,22.30944,7865,301,4,107,8.885643694394595e+18,STAR,-0.0003638813,7892,57333,151
1.2376662462993536e+18,348.819958654933,25.1451516745854,25.00489,21.35905,20.82712,20.40618,19.9177,4836,301,6,298,8.672920630012959e+18,QSO,3.279615,7703,57333,413
1.2376802757931172e+18,350.712827474098,25.930881568558,20.94831,20.90255,21.51122,22.05165,20.51685,8103,301,2,40,8.672827171524599e+18,GALAXY,0.9216545,7703,57333,73
1.2376803058663432e+18,349.863525467331,26.1627908337481,26.07853,23.00351,21.62699,20.45013,19.57811,8110,301,2,169,8.672861806140872e+18,STAR,-1.766499e-05,7703,57333,199
1.2376792552024315e+18,20.8516139296118,-4.15977548970593,22.86446,24.10189,21.69019,20.55145,19.75541,7865,301,5,54,8.909365108008048e+18,GALAXY,0.7367816,7913,57333,433
1.2376802774033377e+18,349.505719136797,27.1078323039696,25.75895,23.80309,21.6658,20.41088,19.71759,8103,301,5,34,8.673000894361785e+18,GALAXY,0.604315,7703,57333,705
1.2376634626084047e+18,353.240996412638,0.761715822997082,23.32131,21.91283,21.39604,21.37246,24.24891,4188,301,5,65,9.869798960230849e+18,GALAXY,0.1207264,8766,57333,583
1.2376790791311854e+18,11.9281783463088,-4.20230276610889,22.53067,22.1752,22.10659,21.82786,21.16819,7824,301,5,396,8.901442851852016e+18,GALAXY,0.1024376,7906,57333,284
1.2376803058663434e+18,349.920382978564,26.2587459807628,23.12288,23.16801,21.74625,20.3554,19.54525,8110,301,2,169,8.673041576292014e+18,STAR,-5.101245e-07,7703,57333,853
1.2376793233883796e+18,12.4877802868474,-4.8614846740149,24.42155,23.17386,21.22535,20.11794,19.27839,7881,301,4,105,8.901398596509e+18,GALAXY,0.6533814,7906,57333,123
1.2376637836582587e+18,354.848880153566,-0.350872476923833,24.09465,22.70123,22.48293,21.64221,21.82045,4263,301,3,81,9.869660696643656e+18,GALAXY,1.049406,8766,57333,80
1.2376637841947366e+18,353.96102633791,0.0875602598338089,23.00447,22.65775,22.31374,22.44259,22.40423,4263,301,4,75,9.869840466794795e+18,GALAXY,1.059315,8766,57333,734
1.2376793228585216e+18,28.6230663799076,-4.94753085220435,23.33729,22.66585,22.03694,20.91184,19.96633,7881,301,3,212,8.885648092441107e+18,GALAXY,0.8075888,7892,57333,167
1.2376792552025623e+18,21.1505491994873,-4.05802359304225,21.8598,21.78889,20.04548,19.30717,18.85785,7865,301,5,56,8.909354112891771e+18,GALAXY,0.4025212,7913,57333,393
1.2376802752562468e+18,350.753758697471,25.6981429048935,22.46008,21.55679,21.04517,20.82371,21.46267,8103,301,1,40,8.672814527140878e+18,STAR,-0.000657069,7703,57333,27
1.237679322858587e+18,28.678816279469,-4.91459118469628,23.90832,22.71876,21.51959,20.50125,19.75121,7881,301,3,213,8.885647542685293e+18,GALAXY,0.5581176,7892,57333,165
1.2376793228556375e+18,21.9338852434172,-5.16446229401148,26.54502,23.52337,21.64519,20.62273,19.94808,7881,301,3,168,8.909301336333639e+18,GALAXY,0.4930696,7913,57333,201
1.2376637831207982e+18,353.506422023427,-0.630716945991616,24.47408,23.31161,22.9569,22.54145,22.6776,4263,301,2,72,9.86974316001574e+18,GALAXY,1.053676,8766,57333,380
1.2376788879816788e+18,20.4481428781365,-3.56850673429656,24.33584,22.32495,20.80458,19.77507,18.97304,7780,301,1,38,8.90938654848479e+18,STAR,5.097343e-05,7913,57333,511
1.2376794334503242e+18,12.7817781502003,-3.65962550696781,22.24883,21.45158,21.03818,20.93809,20.93128,7907,301,1,157,8.901622622003157e+18,QSO,1.626341,7906,57333,938
1.2376794345233457e+18,11.2373929451712,-2.83549171886536,24.5792,25.07977,21.90035,20.61726,19.85608,7907,301,3,146,8.901525590102007e+18,GALAXY,0.676374,7906,57333,585
1.2376792552061015e+18,29.2389466610513,-3.82311585523793,23.80406,23.28297,21.51656,20.37472,19.68814,7865,301,5,110,8.885871293301546e+18,GALAXY,0.8345049,7892,57333,979
1.2376792546657567e+18,21.2964812714354,-4.57699792247226,21.2222,21.19082,20.80462,20.69592,20.80987,7865,301,4,57,8.909346416310376e+18,QSO,1.32548,7913,57333,365
1.237679255202301e+18,20.5932926617357,-4.06360863993492,26.36928,23.36437,21.61888,20.47706,19.75173,7865,301,5,52,8.909377202635953e+18,GALAXY,0.6067063,7913,57333,477
1.2376634626083397e+18,353.171724930991,0.654999592402412,22.63838,22.23583,22.19485,21.12582,21.94688,4188,301,5,64,9.869803083399453e+18,GALAXY,0.9191925,8766,57333,598
1.2376794345276055e+18,20.8529659047483,-2.69591027666292,25.34519,24.18749,21.4975,20.25314,19.33682,7907,301,3,211,8.909407988961531e+18,GALAXY,0.7487656,7913,57333,589
1.2376793228581934e+18,27.8400821350598,-5.01801977027126,22.09848,21.50363,21.2694,21.35491,21.12432,7881,301,3,207,8.885702243388774e+18,STAR,-0.0003010849,7892,57333,364
1.237679433450128e+18,12.372754288736,-3.56774264955503,22.29607,21.82115,21.5102,21.09198,21.34572,7907,301,1,154,8.901600631770601e+18,QSO,1.563959,7906,57333,858
1.2376788799563374e+18,21.6835995701477,-2.88362683577403,24.45285,24.72314,23.13079,21.86545,20.00483,7778,301,2,461,8.909451969426643e+18,STAR,7.288925e-05,7913,57333,749
1.2376792546654948e+18,20.6817808930108,-4.55032829711549,20.971,21.07396,20.60022,20.74847,21.20825,7865,301,4,53,8.909371979955721e+18,QSO,1.176301,7913,57333,458
1.237679433450521e+18,13.2891680660891,-3.63042455738131,23.87799,23.6916,22.16329,20.50898,19.79325,7907,301,1,160,8.901370009206675e+18,GALAXY,0.8573754,7906,57333,19
1.2376802763297925e+18,350.257022333335,26.3989767542823,22.55969,23.10087,21.91106,20.61265,19.57201,8103,301,3,37,8.673063016768756e+18,GALAXY,0.5137966,7703,57333,931
1.23766346260834e+18,353.128374143529,0.792222453749218,22.96491,23.32269,22.66495,21.84126,21.56809,4188,301,5,64,9.86980253364364e+18,GALAXY,0.9485079,8766,57333,596
1.2376792546662154e+18,22.4252542773038,-4.41090138409271,22.06485,21.58667,22.09463,21.78921,22.51401,7865,301,4,64,8.909274123420849e+18,GALAXY,0.08967804,7913,57333,102
1.2376793228587827e+18,29.2199455600949,-4.938508264532,20.65165,20.55347,20.26521,20.06025,20.12957,7881,301,3,216,8.885615931725994e+18,QSO,1.131933,7892,57333,50
1.237680275792921e+18,350.175177047046,25.9824642189487,23.01133,24.4769,23.99226,21.43632,19.42794,8103,301,2,37,8.672843664199014e+18,STAR,8.358833e-06,7703,57333,133
1.2376793244690683e+18,28.3731753717664,-3.67312503196949,26.66734,23.05123,21.52551,21.43163,21.48348,7881,301,6,211,8.885814668452713e+18,QSO,0.5232252,7892,57333,773
1.2376802763297265e+18,349.998955524775,26.3757259366116,26.37739,22.66746,21.79333,20.46937,19.60998,8103,301,3,36,8.673042400925735e+18,STAR,-2.708807e-05,7703,57333,856
1.2376793228511155e+18,11.6452734930934,-5.21014859001246,22.00799,21.77612,22.03463,21.90174,21.27331,7881,301,3,99,8.901447524776434e+18,QSO,2.133255,7906,57333,301
1.2376792546660844e+18,22.1381032276111,-4.5145815250141,24.44697,23.3548,21.90189,20.55451,22.14165,7865,301,4,62,8.909293639752243e+18,GALAXY,0.5022604,7913,57333,173
1.237663784194737e+18,353.976835341168,0.0492627531151633,24.88688,22.64185,22.56554,21.37099,21.47938,4263,301,4,75,9.86984101655061e+18,GALAXY,0.8367898,8766,57333,736
1.237663784194672e+18,353.8319295659,0.161962015111668,23.18139,22.71901,22.30675,21.26522,22.25005,4263,301,4,74,9.869827272655264e+18,GALAXY,0.8703105,8766,57333,686
1.2376792552034148e+18,23.095628876422,-3.98606597204575,24.67822,23.31246,21.41846,20.33066,19.66424,7865,301,5,69,8.909252408066202e+18,GALAXY,0.626913,7913,57333,23
1.237679433450128e+18,12.3023605882544,-3.66787087637578,25.13041,24.91411,21.83397,20.58802,19.72278,7907,301,1,154,8.901600906648508e+18,GALAXY,0.7137746,7906,57333,859
1.237663784194868e+18,354.288915820577,0.1352118467277,22.83681,22.66988,22.99614,22.30945,21.72031,4263,301,4,77,9.869859433370376e+18,GALAXY,1.123868,8766,57333,803
1.2376792541285588e+18,20.5945070474619,-4.83114659208139,23.94478,23.28575,21.89861,20.54031,19.88867,7865,301,3,52,8.90936950605456e+18,GALAXY,0.6016672,7913,57333,449
1.2376788799564024e+18,21.7270159306932,-3.00861719253344,20.64223,20.07484,19.89133,19.899,19.65979,7778,301,2,462,8.90945224430455e+18,QSO,0.8410084,7913,57333,750
1.237680276329726e+18,349.951733045858,26.3661864433024,23.79595,24.86318,21.87902,20.677,19.98243,8103,301,3,36,8.67304020190248e+18,STAR,-0.0003530882,7703,57333,848
1.2376792546690995e+18,29.0133779561684,-4.23458823264742,23.95775,22.92683,22.44141,21.01604,19.62783,7865,301,4,108,8.885621154406226e+18,GALAXY,0.6462219,7892,57333,69
1.23767925466615e+18,22.3161697229225,-4.45808394665435,21.70682,20.3594,19.97922,19.81801,19.88786,7865,301,4,63,8.909284019025501e+18,STAR,0.0001612238,7913,57333,138
1.2376793244686743e+18,27.4060200634005,-3.72900505411821,25.82808,21.50105,22.54546,21.25125,17.83262,7881,301,6,205,8.885761342138768e+18,STAR,-0.00046086,7892,57333,579
1.2376637831204705e+18,352.725291096991,-0.63821691135756,23.43737,22.12852,22.52559,20.90621,20.73274,4263,301,2,67,9.869771472440154e+18,GALAXY,0.9601064,8766,57333,483
1.2376793244686743e+18,27.4223893005944,-3.72074599215454,22.55155,21.92403,20.88225,20.27001,18.85186,7881,301,6,205,8.885759967749232e+18,GALAXY,0.1565645,7892,57333,574
1.237679324469e+18,28.1586402119018,-3.73827263383682,23.25195,22.749,20.93718,21.56598,20.30404,7881,301,6,210,8.885803123580623e+18,GALAXY,0.4105645,7892,57333,731
1.2376637841948027e+18,354.116176720118,0.0436911341389762,23.98484,23.62012,22.93762,21.93447,22.58329,4263,301,4,76,9.869850637277354e+18,GALAXY,0.839718,8766,57333,771
1.2376792546655603e+18,20.9019188438994,-4.51759945294403,21.80663,21.88029,22.09381,21.86133,21.47054,7865,301,4,54,8.909361534595257e+18,QSO,1.885756,7913,57333,420
1.2376793228587172e+18,28.963793764728,-4.88862354219973,21.51173,20.97451,21.01332,20.8069,20.74105,7881,301,3,215,8.885628576109713e+18,QSO,2.194731,7892,57333,96
1.2376802763297915e+18,350.220086572869,26.3893627490783,21.50505,21.04134,20.70316,20.81736,21.07445,8103,301,3,37,8.673062741890848e+18,QSO,0.8304369,7703,57333,930
1.2376792552025628e+18,21.2270297751112,-4.08885881214599,25.96041,23.07432,21.36075,20.3069,19.65113,7865,301,5,56,8.909343667531307e+18,GALAXY,0.5610858,7913,57333,355
1.237663462608601e+18,353.769167139553,0.687203864109041,19.27111,18.25713,17.90251,17.75147,17.73106,4188,301,5,68,9.869834969236658e+18,STAR,-0.0003237444,8766,57333,714
1.2376792552034148e+18,23.1119513575619,-4.00278077923921,23.86082,22.69441,21.45914,20.37565,19.50755,7865,301,5,69,8.909252957822015e+18,GALAXY,0.7516112,7913,57333,25
1.237679255205512e+18,27.8677453067513,-3.83558662253551,24.85098,24.45153,22.67567,21.32341,19.97147,7865,301,5,101,8.885783332371323e+18,GALAXY,0.7891319,7892,57333,659
1.2376802757926592e+18,349.554663684833,25.9782919560161,23.46736,23.63301,21.84681,20.8007,19.94236,8103,301,2,33,8.672881597350173e+18,GALAXY,0.497425,7703,57333,271
1.237663462608602e+18,353.795637627525,0.637786711501816,24.89343,23.45196,22.45316,21.79472,21.19852,4188,301,5,68,9.869834694358751e+18,GALAXY,0.7791308,8766,57333,713
1.2376637841948682e+18,354.176985284798,0.123972403189584,23.82333,23.38231,21.76511,22.42433,21.78594,4263,301,4,77,9.86986190727154e+18,GALAXY,1.003663,8766,57333,812
1.23766346260834e+18,353.207094592452,0.683338360056286,23.52897,22.96154,22.40896,22.04607,21.63043,4188,301,5,64,9.869801159254104e+18,GALAXY,0.9643115,8766,57333,591
1.237680276866663e+18,350.051368565137,26.8483465595928,21.85734,20.79949,20.65376,20.67437,20.28105,8103,301,4,37,8.673047348728059e+18,QSO,2.278748,7703,57333,874
1.2376634626088635e+18,354.313225751724,0.750703465505438,22.81808,22.6548,22.25125,21.58176,21.03897,4188,301,5,72,9.869865480684329e+18,GALAXY,1.112441,8766,57333,825
1.237679324469e+18,28.1580588126156,-3.69971775713429,23.6725,23.2359,21.67108,20.61934,19.79941,7881,301,6,210,8.88580257382481e+18,GALAXY,0.5273673,7892,57333,729
1.2376792552024315e+18,20.825253979943,-4.14029907532012,23.64571,23.48917,21.78371,20.58266,19.69974,7865,301,5,54,8.909374453856885e+18,GALAXY,0.8551921,7913,57333,467
1.2376794339867366e+18,11.72856008313,-3.20827176207537,25.43,25.25851,21.3503,20.2803,19.5453,7907,301,2,150,8.901561873985721e+18,GALAXY,0.5686188,7906,57333,717
1.2376793244690675e+18,28.3811699918827,-3.74844626311921,22.24611,21.87618,21.9291,21.97477,21.84895,7881,301,6,211,8.885815767964342e+18,GALAXY,0.05072436,7892,57333,777
1.237663784194672e+18,353.817351329823,0.0974738562614795,24.2365,23.9125,22.71655,21.5902,21.11339,4263,301,4,74,9.869829746556426e+18,GALAXY,0.7907436,8766,57333,695
1.237663784194671e+18,353.816787081321,0.137103833964111,23.18869,23.02902,23.14733,22.25568,22.00522,4263,301,4,74,9.869828921922703e+18,GALAXY,1.341245,8766,57333,692
1.237663462608471e+18,353.449202604212,0.679851971895819,23.26101,23.10615,22.2316,21.65412,21.89795,4188,301,5,66,9.869812429248289e+18,GALAXY,0.9858698,8766,57333,632
1.2376792552028905e+18,21.9704476881796,-4.15209739439244,22.91444,22.3904,21.39122,20.37981,19.72704,7865,301,5,61,8.909299687066195e+18,GALAXY,0.6431481,7913,57333,195
1.2376793228587827e+18,29.1885069758775,-4.96155722446961,21.57835,21.93881,21.20991,21.41988,21.1193,7881,301,3,216,8.885614557336459e+18,QSO,1.301016,7892,57333,45
1.2376803058660155e+18,349.111850327473,26.1623904620655,23.18496,21.6713,20.25604,19.61755,19.0788,8110,301,2,164,8.67298797510016e+18,STAR,-0.0002086396,7703,57333,658
1.2376792546656916e+18,21.1782877440311,-4.4860628826717,22.13163,21.21901,20.67257,20.45412,20.19856,7865,301,4,56,8.909349439967354e+18,QSO,1.387904,7913,57333,376
1.2376792552023662e+18,20.7385417983609,-4.12059761632864,23.19503,25.46668,21.4856,20.29885,19.59779,7865,301,5,53,8.909376103124326e+18,GALAXY,0.8107086,7913,57333,473
1.2376634626086671e+18,353.861118629202,0.763781994853262,23.47317,22.78045,22.55048,22.17013,21.86965,4188,301,5,69,9.869834144602935e+18,GALAXY,0.873726,8766,57333,711
1.2376792552060362e+18,29.1186813251539,-3.92986901600943,23.51433,23.70831,22.61056,21.45531,19.78462,7865,301,5,109,8.885622803673668e+18,GALAXY,0.9407895,7892,57333,75
1.237679254665626e+18,21.0819999955371,-4.45567102525666,22.50603,21.66349,21.28193,21.17206,21.99548,7865,301,4,55,8.909352188746422e+18,QSO,1.524358,7913,57333,386
1.2376792546655603e+18,20.8843336208511,-4.44523718409957,21.1517,21.22065,20.89975,20.80084,20.74936,7865,301,4,54,8.909362084351072e+18,QSO,1.367048,7913,57333,422
1.2376790791312507e+18,12.0702357900382,-4.2266865518214,22.91702,21.10604,20.31011,20.04584,19.77684,7824,301,5,397,8.901437354293877e+18,STAR,-0.0002851126,7906,57333,264
1.2376792552032837e+18,22.7750984796895,-3.93518080328531,22.87741,22.83855,21.69733,20.45304,19.78498,7865,301,5,67,8.909255706601085e+18,GALAXY,0.7009943,7913,57333,35
1.237663783121e+18,353.88786373848,-0.755846171295278,23.00529,22.32713,21.86463,22.75502,22.66592,4263,301,2,75,9.869716771736672e+18,QSO,1.057533,8766,57333,284
1.237679255203087e+18,22.3281074281012,-3.96452508026816,27.21177,24.23254,21.61591,20.51037,19.80324,7865,301,5,64,8.90927769683364e+18,GALAXY,0.6708919,7913,57333,115
1.2376790791308582e+18,11.2657975249526,-4.23087309451984,23.24919,25.40772,21.95173,20.91339,19.90427,7824,301,5,391,8.901477211590384e+18,GALAXY,0.8697937,7906,57333,409
1.2376792546662815e+18,22.6218389175969,-4.52664218702236,23.18476,21.42797,21.12986,21.10752,20.9109,7865,301,4,65,8.909262578548759e+18,STAR,-0.0003727477,7913,57333,60
1.2376793228583895e+18,28.2044208746426,-4.93401885127875,21.81292,21.75912,21.5815,21.22022,20.78866,7881,301,3,210,8.885671457063197e+18,QSO,2.125541,7892,57333,252
1.2376793244661847e+18,21.799403106854,-3.91317188397247,22.38606,21.66189,21.25166,20.82914,20.4386,7881,301,6,167,8.909320852665031e+18,QSO,0.7309632,7913,57333,272
1.2376792546683128e+18,27.1324928804131,-4.3459333273175,22.07797,21.37381,21.21838,20.8134,20.68378,7865,301,4,96,8.885729181423655e+18,QSO,1.644357,7892,57333,462
1.2376794334502587e+18,12.6057464446111,-3.55156277685727,20.84912,20.66209,20.1719,20.15072,20.15991,7907,301,1,156,8.901611352008972e+18,QSO,1.239437,7906,57333,897
1.2376802768664663e+18,349.714149050007,26.7035310422495,22.81738,22.1798,22.04564,21.96707,22.66125,8103,301,4,34,8.673027007762946e+18,QSO,2.079095,7703,57333,800
1.237680276866663e+18,350.10598214996,26.8829080106916,21.24719,20.91332,20.51414,20.39595,20.20259,8103,301,4,37,8.673058893600152e+18,QSO,1.118404,7703,57333,916
1.2376794334496689e+18,11.3595896546643,-3.65223382604129,20.80183,20.50953,19.93823,19.58874,19.44948,7907,301,1,147,8.901533011805493e+18,QSO,1.554924,7906,57333,612
1.2376792546690345e+18,28.8300861866932,-4.24085673207714,23.49784,24.99983,22.99161,21.03922,19.5964,7865,301,4,107,8.885642045127154e+18,STAR,-0.0001365089,7892,57333,145
1.2376793228580623e+18,27.5821204347543,-4.96299856349818,25.7225,22.93782,21.54416,20.47796,19.76365,7881,301,3,205,8.885714612894587e+18,GALAXY,0.6265032,7892,57333,409
1.2376637831206666e+18,353.206517097559,-0.745871495466121,18.44979,17.51013,17.23964,17.10438,17.11566,4263,301,2,70,9.869752505864577e+18,STAR,-0.0007680836,8766,57333,414
1.237657190902858e+18,354.688309462477,-0.0575338317962605,22.32787,21.8479,21.50761,21.28486,21.19196,2728,301,3,377,9.869885821649445e+18,QSO,2.457929,8766,57333,899
1.237679322858521e+18,28.5080666566632,-4.82050128513089,24.11123,22.99953,21.56736,20.01811,19.43693,7881,301,3,212,8.885649191952734e+18,STAR,-0.0001626365,7892,57333,171
1.237679254674211e+18,40.6361628486687,-3.81866332762514,21.29075,21.09547,21.08502,20.74093,20.55395,7865,301,4,186,8.872343452039535e+18,QSO,1.725904,7880,57336,917
1.237679322862912e+18,38.6176443730357,-4.58335263278293,22.37749,21.27497,21.08193,21.22993,21.58492,7881,301,3,279,8.872226628929083e+18,QSO,2.759386,7880,57336,492
1.237679254673818e+18,39.7796984896245,-3.85326391802827,22.73748,21.78102,21.5211,21.42487,21.54681,7865,301,4,180,8.872278855731403e+18,STAR,-0.0004360523,7880,57336,682
1.237679323397751e+18,33.9903581731731,-4.29078099653641,20.84997,19.26543,18.28242,17.84872,17.51411,7881,301,4,248,8.877737930963311e+18,GALAXY,0.1509002,7885,57336,62
1.237678879961252e+18,32.8595172004742,-2.77296401422694,23.98976,24.74757,22.18852,20.89175,19.92488,7778,301,2,536,8.877915227213289e+18,GALAXY,0.7636612,7885,57336,707
1.2376792546738836e+18,39.9102595877603,-3.88197011365341,22.60762,21.27092,20.78966,20.80835,21.00469,7865,301,4,181,8.872290950359308e+18,STAR,0.0003633051,7880,57336,726
1.23767925467408e+18,40.4348473028458,-3.73170028338339,21.77962,21.36461,21.26506,21.00889,20.63546,7865,301,4,184,8.872331907167443e+18,QSO,2.015366,7880,57336,875
1.23767925467408e+18,40.3610093224239,-3.68531138979526,22.05553,22.36161,21.96393,21.61291,21.11978,7865,301,4,184,8.872320087417444e+18,QSO,1.737555,7880,57336,832
1.237679254673818e+18,39.7986342718602,-3.84116925262351,21.07397,20.11293,19.98009,19.8535,19.7864,7865,301,4,180,8.872273633051171e+18,QSO,2.883085,7880,57336,663
1.2376805297392855e+18,341.01199970779,27.6344064443428,24.00073,21.7345,21.10443,20.83216,20.52473,8162,301,3,135,8.619023394703432e+18,STAR,-0.0002391156,7655,57336,944
1.237656906354e+18,357.529216126268,-0.872786716373457,22.47979,22.36081,21.69101,21.50114,21.21693,2662,301,1,266,9.87195950062976e+18,GALAXY,0.8384686,8768,57336,251
1.2376792552104271e+18,39.2292026465833,-3.43682711650327,25.74785,22.56817,21.14174,20.04143,19.16645,7865,301,5,176,8.872253292086058e+18,GALAXY,0.6468998,7880,57336,589
1.2376805297384328e+18,338.926682114108,27.2982003931092,18.45838,18.12153,18.02078,17.80532,17.81466,8162,301,3,122,8.618915642563911e+18,QSO,1.599306,7655,57336,552
1.2376793233978168e+18,34.0705619957946,-4.16871857795975,23.0778,20.48601,19.401,18.94361,18.61664,7881,301,4,249,8.877729134870288e+18,GALAXY,0.1532762,7885,57336,30
1.2376805292013668e+18,338.539125594382,26.8808554238253,26.47821,23.7485,21.49099,20.34257,19.5888,8162,301,2,119,8.618901623790655e+18,GALAXY,0.7462828,7655,57336,501
1.2376737012815631e+18,41.3085046967158,-4.14974437683938,23.90314,23.2877,22.09629,20.97212,19.86583,6572,301,4,187,8.872362693493021e+18,GALAXY,0.7997603,7880,57336,987
1.237656906353935e+18,357.469199813692,-0.876236397816468,22.27486,21.99471,21.52861,21.11211,21.51343,2662,301,1,265,9.871958950873946e+18,GALAXY,0.8740713,8768,57336,249
1.237679322863174e+18,39.2630280827954,-4.44244494909289,21.27994,20.96506,20.9527,20.85495,20.67793,7881,301,3,283,8.872210411132573e+18,QSO,2.208603,7880,57336,433
1.2376805297390892e+18,340.563320333849,27.5875258565642,24.91631,25.36889,22.32606,20.94627,19.95728,8162,301,3,132,8.618992333499947e+18,GALAXY,0.615763,7655,57336,831
1.237679322863895e+18,40.8905793328262,-4.36821464340325,22.01347,22.57229,21.61694,20.47953,19.71007,7881,301,3,294,8.872349499353488e+18,GALAXY,0.8603466,7880,57336,939
1.237679254673359e+18,38.7080641628472,-3.75782739573109,20.63497,20.61651,20.56334,20.72373,20.73308,7865,301,4,173,8.872229377708154e+18,QSO,1.081361,7880,57336,502
1.2376637841963095e+18,357.519217122573,0.0937830452974252,23.9134,22.64736,22.03427,21.6911,21.55551,4263,301,4,99,9.872104911042531e+18,GALAXY,0.7191775,8768,57336,780
1.2376793228637637e+18,40.5373508403676,-4.3271273894503,20.79487,19.97413,19.44334,19.29597,19.06606,7881,301,3,292,8.872338779115117e+18,QSO,0.9043359,7880,57336,900
1.23767932286088e+18,33.8987016356712,-4.66386322460526,22.17698,21.7948,20.24918,19.67459,19.51328,7881,301,3,248,8.877733807794707e+18,GALAXY,0.3552046,7885,57336,47
1.237679254673753e+18,39.7168476747801,-3.86673352522494,24.09959,21.78298,21.58849,21.41986,21.32059,7865,301,4,179,8.872278305975589e+18,STAR,-0.0004494052,7880,57336,680
1.2376793228630428e+18,38.8824721981944,-4.52272181461667,23.08113,21.80025,21.50724,21.32677,21.11055,7881,301,3,281,8.87222250576048e+18,QSO,2.478647,7880,57336,477
1.2376792546740145e+18,40.3094449498778,-3.73997003619415,21.70956,21.05269,20.54894,20.26725,19.80736,7865,301,4,183,8.872321186929072e+18,QSO,2.734656,7880,57336,836
1.2376792546740147e+18,40.3150096981891,-3.84351620034432,22.58715,21.9124,21.42904,20.7963,20.49197,7865,301,4,183,8.872322286440699e+18,QSO,1.889391,7880,57336,840
1.2376792546735562e+18,39.2536898156584,-3.86723832303762,25.52614,22.06094,20.57182,19.10818,18.46164,7865,301,4,176,8.872255765987219e+18,STAR,6.231666e-05,7880,57336,598
1.2376793234005696e+18,40.3755009341443,-4.04407175985904,26.05635,24.2167,21.5989,20.24818,19.2113,7881,301,4,291,8.872322561318607e+18,GALAXY,0.9124852,7880,57336,841
1.2376805297390884e+18,340.612493136284,27.5853767682051,20.52666,20.14727,20.0175,19.8513,19.64552,8162,301,3,132,8.619002778860411e+18,QSO,0.7625947,7655,57336,869
1.2376637836595044e+18,357.747193430659,-0.347034557553567,23.79286,23.20139,23.53248,22.52014,22.37526,4263,301,3,100,9.871941083809997e+18,QSO,2.299483,8768,57336,184
1.2376792546734907e+18,39.0989448132678,-3.84249350948579,21.97916,21.70031,21.30093,21.085,20.42371,7865,301,4,175,8.872244495993035e+18,QSO,1.064089,7880,57336,557
1.2376792546714583e+18,34.3421010356145,-4.05018541695146,22.9127,21.85341,21.96691,21.47787,21.52916,7865,301,4,144,8.877724187067963e+18,QSO,1.850937,7885,57336,12
1.237679254673687e+18,39.5005330065026,-3.78718211114973,22.14204,21.43375,21.35528,21.06487,21.54226,7865,301,4,178,8.87226648622559e+18,STAR,-0.0003056035,7880,57336,637
1.2376792546740145e+18,40.2645201388287,-3.78093164490604,21.45914,21.31909,21.4981,21.15545,21.29021,7865,301,4,183,8.872321461806979e+18,QSO,1.784171,7880,57336,837
1.2376792546738831e+18,39.8995959595116,-3.75899413555224,21.28193,21.27345,21.22895,21.00702,20.91993,7865,301,4,181,8.872299746452329e+18,QSO,1.998998,7880,57336,758
1.2376805297392202e+18,340.969953300403,27.6121917049118,23.5362,21.59613,21.07544,20.70362,20.45747,8162,301,3,134,8.619013499098781e+18,STAR,-0.0002961096,7655,57336,908
1.2376793233978163e+18,34.0748375646797,-4.23162084957797,21.59896,20.02233,18.87944,18.42017,18.02345,7881,301,4,249,8.877728310236568e+18,GALAXY,0.1511439,7885,57336,27
1.237678887990526e+18,40.5881871354323,-3.12120167201342,21.84331,20.80168,20.41927,20.98209,20.67888,7780,301,1,173,8.872339053993023e+18,STAR,0.0002848913,7880,57336,901
1.237679254673818e+18,39.84579993508,-3.82823464088971,20.62506,19.91192,19.78473,19.79273,19.49516,7865,301,4,180,8.872288476458146e+18,QSO,2.255593,7880,57336,717
1.2376569063542625e+18,358.087040295778,-0.965747607941777,22.15312,22.20844,21.89769,21.55806,21.61695,2662,301,1,270,9.871925690647204e+18,GALAXY,1.22451,8768,57336,128
1.237666408440857e+18,356.449383642744,0.4054521765523,22.72465,21.83941,21.4324,21.27629,20.48597,4874,301,4,397,9.872033717664637e+18,QSO,2.20679,8768,57336,521
1.2376792546734907e+18,39.0962711660967,-3.88944935992567,22.97353,21.57331,21.57206,21.55597,21.44825,7865,301,4,175,8.872244770870941e+18,QSO,2.377075,7880,57336,558
1.2376792546708032e+18,32.8929470632525,-4.11366026048944,20.52015,20.33956,19.99533,19.66732,19.54597,7865,301,4,134,8.877794830690048e+18,QSO,1.932642,7885,57336,269
1.237679322863895e+18,40.8498609924744,-4.44667273457807,23.9693,21.89882,21.38638,20.72067,20.52086,7881,301,3,294,8.872112829475608e+18,GALAXY,0.1731887,7880,57336,78
1.2376805292032663e+18,343.238133662561,27.5847924563728,22.09702,22.08334,21.9843,21.72205,21.37946,8162,301,2,148,8.620141598062433e+18,QSO,1.092415,7656,57338,916
1.2376637841970964e+18,359.337629467685,0.0010793347266541,23.1566,23.5849,22.29957,22.02185,22.09468,4263,301,4,111,9.873070557163182e+18,GALAXY,0.8868548,8769,57338,197
1.2376803316331983e+18,342.16654713051,27.2890977346284,24.27582,23.5023,21.91557,20.6202,19.73923,8116,301,2,124,8.620078651021744e+18,STAR,-0.0002700159,7656,57338,687
1.2376805292028076e+18,342.079245357614,27.3784547561659,20.44291,20.40279,20.07877,19.94,19.86479,8162,301,2,141,8.62006738102756e+18,QSO,1.303772,7656,57338,646
1.237672763902199e+18,343.982892966269,26.866687574837,25.22491,22.81377,21.90123,20.47877,19.61808,6354,301,2,145,8.619899430626416e+18,GALAXY,0.7130995,7656,57338,35
1.2376805297398743e+18,342.559758320923,28.031452564392,24.36783,24.96173,22.45027,21.28538,19.83025,8162,301,3,144,8.620094044184533e+18,STAR,-3.168859e-05,7656,57338,743
1.2376637836596357e+18,358.033002680192,-0.23919924529375,23.91882,23.42595,22.72896,21.85865,21.62407,4263,301,3,102,9.873146698343406e+18,GALAXY,0.4942614,8769,57338,474
1.237680529202874e+18,342.243068129074,27.3976354641545,24.84089,23.42511,22.0325,20.96298,19.52516,8162,301,2,142,8.620078101265929e+18,STAR,1.988168e-06,7656,57338,685
1.2376805292033976e+18,343.65111743966,27.670842119044,22.47598,21.49516,21.3582,21.02394,20.70876,8162,301,2,150,8.620153692690339e+18,QSO,2.317497,7656,57338,960
1.2376805292024804e+18,341.302808176321,27.3466305603838,24.16886,23.01924,21.60061,20.34682,19.57306,8162,301,2,136,8.620034120800819e+18,GALAXY,0.6223542,7656,57338,525
1.2376728148996923e+18,343.262899050752,26.8763579905958,26.51167,24.94704,21.69771,20.35004,19.49628,6366,301,1,65,8.619928017928739e+18,GALAXY,0.806053,7656,57338,139
1.2376805297394816e+18,341.563770991017,27.8810525249841,21.06569,18.87185,17.80291,17.40157,17.16242,8162,301,3,138,8.620040168114771e+18,STAR,-0.0002865275,7656,57338,547
1.237663784196966e+18,359.094505937879,0.168358862441604,22.69208,22.95914,22.58804,21.5251,21.10836,4263,301,4,109,9.87322888683758e+18,GALAXY,0.7991971,8769,57338,773
1.237680332706941e+18,341.935414386784,28.1745778865446,26.54691,23.24711,22.01214,20.63075,19.95475,8116,301,4,124,8.620060509079887e+18,GALAXY,0.836008,7656,57338,621
1.2376805292026107e+18,341.609516436248,27.4581184080192,20.82812,20.73461,20.44746,20.65835,20.47572,8162,301,2,138,8.620044291283376e+18,QSO,1.248058,7656,57338,562
1.237680529202808e+18,342.126772082025,27.4002284109348,23.38307,21.39764,19.92845,19.52058,19.01862,8162,301,2,141,8.620066831271746e+18,GALAXY,0.3458358,7656,57338,644
1.2376569063547213e+18,359.206191940779,-0.949164011802762,22.31417,22.14335,21.82628,21.17337,21.00446,2662,301,1,277,9.87307165667481e+18,GALAXY,0.7381971,8769,57338,201
1.2376805292034632e+18,343.746688894229,27.6880305994,22.46409,22.20376,22.08951,22.22388,21.86352,8162,301,2,151,8.620153142934526e+18,STAR,-0.0003421454,7656,57338,958
1.2376637831235502e+18,359.779618853185,-0.812654493451425,18.79351,17.83704,17.52264,17.39829,17.3774,4263,301,2,114,9.873039770837604e+18,STAR,-2.755972e-05,8769,57338,85
1.237672814899823e+18,343.426640561316,26.6900998399136,26.2683,24.54884,21.6925,20.37962,19.47322,6366,301,1,67,8.619915923300833e+18,GALAXY,0.8923851,7656,57338,95
1.2376792546671987e+18,24.5887859732741,-4.34946960944026,22.49274,22.3218,21.9241,21.8339,22.52988,7865,301,4,79,8.887895219431037e+18,GALAXY,1.017734,7894,57339,150
1.2376785792918487e+18,359.997006303344,24.19614863085,20.23688,20.13522,19.7459,19.74461,19.73753,7708,301,2,205,8.63118261896743e+18,QSO,1.33838,7666,57339,123
1.2376785798325217e+18,9.4590356610521,24.5431511822936,23.04301,22.95468,21.8124,20.61265,19.85917,7708,301,3,263,8.638082604187539e+18,GALAXY,0.677667,7672,57339,649
1.237679322856752e+18,24.4857414383976,-5.12201666783124,26.40471,23.15557,22.02867,20.83765,19.96375,7881,301,3,185,8.887899342599641e+18,GALAXY,0.6492138,7894,57339,165
1.2376802757961324e+18,358.453987599666,26.5113744991847,22.53645,22.21441,22.14218,22.01924,21.57548,8103,301,2,86,8.631298342566255e+18,QSO,2.718939,7666,57339,544
1.2376632328435144e+18,0.267678514158547,24.4575558339581,20.30863,20.01532,19.5934,19.63111,19.62528,4135,301,1,307,8.631174097752315e+18,QSO,1.299122,7666,57339,92
1.237678579295388e+18,8.8644977391686,24.1823065788564,22.78125,21.83626,21.86187,21.50187,21.59975,7708,301,2,259,8.638035600065453e+18,QSO,1.966524,7672,57339,478
1.2376792546664128e+18,22.8598311339155,-4.49927813445861,22.52988,24.75149,21.94477,20.74313,19.82467,7865,301,4,67,8.887988952797306e+18,GALAXY,1.15352,7894,57339,491
1.2376785798281303e+18,358.471822153933,24.6261668186063,23.1633,21.50749,21.67629,21.85062,23.16394,7708,301,3,196,8.631271954287187e+18,STAR,0.001284704,7666,57339,448
1.23767925520348e+18,23.2298106588306,-3.91637524996566,23.31884,24.62892,21.57896,20.48754,19.82264,7865,301,5,70,8.888016990343813e+18,GALAXY,0.6415415,7894,57339,593
1.2376785406289513e+18,359.206074787237,24.4487167554312,20.82966,20.29709,19.97198,19.66299,19.43523,7699,301,2,80,8.631240068449982e+18,QSO,0.8360776,7666,57339,332
1.2376802757962632e+18,358.785283192054,26.5501599065861,20.78375,20.70298,20.41533,20.47812,20.61472,8103,301,2,88,8.631309337682532e+18,QSO,1.173964,7666,57339,584
1.2376633058453752e+18,359.9989651072,26.5460588812625,22.42342,21.75532,21.56104,21.6468,21.38688,4152,301,1,115,8.63137695764764e+18,STAR,-0.0004182954,7666,57339,830
1.2376793228566863e+18,24.3736156242419,-4.94763913183699,24.1439,23.36553,22.09407,20.8938,19.94787,7881,301,3,184,8.887902091378711e+18,GALAXY,0.8854103,7894,57339,175
1.2376662463040724e+18,0.664180897949507,25.8430089839118,25.81834,24.84541,23.15757,21.57243,19.00821,4836,301,6,370,8.631417914455776e+18,QSO,5.817004,7666,57339,979
1.2376793228565555e+18,24.0608990350679,-5.01798779086605,22.27231,22.54667,21.56102,20.50441,19.57412,7881,301,3,182,8.887921882588009e+18,GALAXY,0.7313564,7894,57339,247
1.2376633058454408e+18,0.0849485597124158,26.4600206143893,20.91615,20.56131,20.57736,20.53966,20.29604,4152,301,1,116,8.631388777397638e+18,QSO,0.7445301,7666,57339,873
1.2376785798327183e+18,10.0496011534552,24.5031071345575,23.34702,24.02225,22.08207,21.00731,19.90383,7708,301,3,266,8.638117238803814e+18,GALAXY,0.7812719,7672,57339,775
1.237678540628624e+18,358.377017673546,24.4184501083347,21.52358,21.17507,21.1086,20.85386,20.9605,7699,301,2,75,8.631270579897653e+18,QSO,1.478188,7666,57339,443
1.2376633058455063e+18,0.0920679370601647,26.2420944174094,22.88827,21.35962,21.26414,21.34023,21.24155,4152,301,1,117,8.63138960203136e+18,QSO,2.918617,7666,57339,876
1.2376795429663547e+18,9.81967685194007,22.9099475403847,26.67839,22.41135,21.48929,20.12455,19.41034,7932,301,5,71,8.637982548629411e+18,GALAXY,0.8135071,7672,57339,285
1.23767857929198e+18,0.387351112544934,24.2151295377844,21.98099,20.59211,19.28162,19.20653,18.94456,7708,301,2,207,8.63117107409534e+18,STAR,-0.0001187735,7666,57339,81
1.237678542239237e+18,358.231761889057,25.5799301114587,25.30189,23.4295,21.25819,20.01136,19.33983,7699,301,5,75,8.631295318909278e+18,GALAXY,0.7027805,7666,57339,533
1.2376792552040704e+18,24.6575721911575,-3.90416631384005,22.91379,23.33644,21.74258,20.38832,19.72184,7865,301,5,79,8.888098903960083e+18,GALAXY,0.8540089,7894,57339,891
1.237663232843252e+18,0.0257159157289379,25.0274051418279,21.22173,21.27688,21.09566,20.99008,20.97017,4135,301,1,303,8.631188666281384e+18,QSO,1.44564,7666,57339,145
1.2376792552032184e+18,22.6962259571412,-3.93158126543094,26.91778,23.307,22.66506,21.32036,19.97026,7865,301,5,66,8.888000497669396e+18,STAR,0.001456211,7894,57339,533
1.2376802757963287e+18,358.859837524086,26.5932651970801,23.77819,22.38597,21.73668,20.60493,19.89207,8103,301,2,89,8.631321157432531e+18,GALAXY,0.5267276,7666,57339,627
1.237678579295322e+18,8.685138860721,24.2658568633647,23.51447,23.78528,22.61303,21.39976,19.83022,7708,301,2,258,8.638041372501498e+18,STAR,-4.191127e-05,7672,57339,499
1.2376785792954542e+18,9.09963897097668,24.2795241918177,26.18168,23.21496,21.91316,20.46602,19.7247,7708,301,2,260,8.638024330071267e+18,GALAXY,0.6271322,7672,57339,437
1.237679322856621e+18,24.1942087578246,-5.04605981518839,24.41755,23.75722,21.68002,20.67944,19.98914,7881,301,3,183,8.887911437227548e+18,GALAXY,0.5722916,7894,57339,209
1.237663306382247e+18,0.457461086892863,26.6806417055559,22.67522,23.33282,21.6155,20.59323,19.72726,4152,301,2,115,8.631411317386008e+18,GALAXY,0.7573259,7666,57339,955
1.23767857875878e+18,9.42189886580871,23.6852008922589,26.39053,23.89286,22.00109,20.64465,19.6141,7708,301,1,263,8.638007287641037e+18,GALAXY,0.9413084,7672,57339,375
1.237679254667068e+18,24.3462710867437,-4.38760595106487,22.3994,21.94482,22.04346,21.86724,21.48522,7865,301,4,77,8.887908138692662e+18,GALAXY,1.28423,7894,57339,197
1.2376792546674609e+18,25.2352611235049,-4.45854246841883,21.67638,21.34169,21.09421,21.12832,21.03312,7865,301,4,83,8.88785893554732e+18,STAR,-0.0004915648,7894,57339,18
1.237678579295257e+18,8.59587434747897,24.2517474424761,23.51731,21.49473,19.9227,19.42617,19.09855,7708,301,2,257,8.638041647379405e+18,GALAXY,0.3850678,7672,57339,500
1.2376785792959124e+18,10.1924356101079,24.2775809092469,21.49693,21.36073,21.55309,21.36141,20.8933,7708,301,2,267,8.637969079611972e+18,QSO,2.118224,7672,57339,236
1.23767925520348e+18,23.2378310852126,-4.10675200031025,23.19606,24.98598,22.1811,20.52098,19.66846,7865,301,5,70,8.888018639611255e+18,GALAXY,0.789168,7894,57339,599
1.2376788879829896e+18,23.4455109871736,-3.47933743886522,21.05133,22.03644,20.61967,20.494,20.59122,7780,301,1,58,8.888023037657766e+18,QSO,1.117258,7894,57339,615
1.2376785798329147e+18,10.4795690039251,24.511071783732,25.13725,23.66276,22.35818,20.75238,19.94516,7708,301,3,269,8.638139778792184e+18,GALAXY,0.7461753,7672,57339,857
1.2376632328425966e+18,359.742088196759,26.5199910314445,21.45282,21.29265,20.80327,20.58184,20.39243,4135,301,1,293,8.631363763508107e+18,QSO,1.440687,7666,57339,782
1.2376792546671332e+18,24.4459383430229,-4.35327040189106,21.83181,21.60211,21.41002,21.18532,21.11163,7865,301,4,78,8.887903740646152e+18,QSO,1.008196,7894,57339,181
1.237679324467429e+18,24.6561104516836,-3.79870308517433,24.63462,22.89384,20.48918,20.234,22.8269,7881,301,6,186,8.888099178837988e+18,STAR,1.284496e-05,7894,57339,892
1.2376793228563584e+18,23.5956689570536,-5.01301780483812,22.40835,22.20779,21.99007,21.588,21.87447,7881,301,3,179,8.887954867936843e+18,STAR,-0.0001653361,7894,57339,367
1.237679322856621e+18,24.1706854874569,-5.10912059466847,26.41452,23.62153,21.54646,20.13664,19.48792,7881,301,3,183,8.887912536739174e+18,GALAXY,0.7299057,7894,57339,213
1.2376802757964603e+18,359.249187875916,26.6981103905797,22.89137,24.34437,22.62367,21.35632,19.66967,8103,301,2,91,8.631331602792995e+18,GALAXY,0.8337703,7666,57339,665
1.2376788799575163e+18,24.3128935396197,-2.8723920721749,22.28066,21.86886,21.52686,20.47983,19.65191,7778,301,2,479,8.888074164948457e+18,GALAXY,0.7941626,7894,57339,801
1.2376785798325217e+18,9.53910631399089,24.5655178175346,22.83752,25.61897,21.79335,20.74912,19.98655,7708,301,3,263,8.638084803210795e+18,GALAXY,0.627363,7672,57339,657
1.2376793244674296e+18,24.6584526083474,-3.74571466345224,21.39976,20.94308,21.16722,21.4377,22.8269,7881,301,6,186,8.888098629082175e+18,GALAXY,0.05334988,7894,57339,890
1.2376633069195105e+18,1.00026762468895,25.8313613374749,21.79758,20.89956,21.91365,21.45473,21.77094,4152,301,3,121,8.631421762746472e+18,GALAXY,0.05894117,7666,57339,993
1.2376793223280724e+18,43.2293553609439,-4.74266981799167,21.46105,21.60839,21.29282,21.3085,20.93218,7881,301,2,310,8.86997098089181e+18,QSO,1.398161,7878,57340,478
1.2376792546761116e+18,44.9819012129641,-3.47889561133429,22.00862,21.862,21.61817,21.62473,21.81498,7865,301,4,215,8.870100723263888e+18,QSO,1.303193,7878,57340,950
1.2376793234025357e+18,44.9125143389103,-3.83488498046115,27.28766,24.16531,21.96836,20.7056,19.8233,7881,301,4,321,8.870110893746444e+18,QSO,1.022303,7878,57340,987
1.2376793223283343e+18,43.8176371640935,-4.66696169021353,20.42663,19.78488,19.65772,19.40292,19.37419,7881,301,2,314,8.869927000426699e+18,QSO,1.831677,7878,57340,318
1.237679322865468e+18,44.4050324925214,-4.17347436729477,25.60711,24.96272,21.71489,20.70175,19.84809,7881,301,3,318,8.870071861083657e+18,GALAXY,0.7001066,7878,57340,845
1.237679322865271e+18,43.9712805954967,-4.19027495928264,20.57022,20.41751,20.16364,20.0148,20.19663,7881,301,3,315,8.87004025012436e+18,QSO,1.499828,7878,57340,730
1.2376737002084111e+18,42.806324584375,-3.92757658759725,24.6328,23.15197,21.41639,20.2908,19.64202,6572,301,2,196,8.869977303083668e+18,GALAXY,0.632521,7878,57340,501
1.2376794404289915e+18,43.8469610452409,-4.96815105615436,26.86649,24.15511,21.98829,20.67233,19.7887,7908,301,6,147,8.869925626037165e+18,GALAXY,1.02938,7878,57340,313
1.2376793400358346e+18,43.9632161349742,-5.94029115936651,25.9925,23.43243,22.26783,20.79432,19.58312,7885,301,3,173,8.869917379699956e+18,GALAXY,0.7546739,7878,57340,283
1.2376793223287278e+18,44.8186651849049,-4.64113002338346,21.6783,21.87013,21.77574,21.43047,22.19384,7881,301,2,320,8.869849209979034e+18,QSO,1.777908,7878,57340,35
1.2376792546757184e+18,44.1570112407306,-3.56363699292477,21.96475,21.48857,21.39229,21.02798,20.5712,7865,301,4,209,8.87005729255459e+18,QSO,1.798569,7878,57340,792
1.2376576128710085e+18,156.362319801171,54.8845792756791,22.05129,21.25202,22.69306,21.45755,22.38762,2826,301,5,188,9.210075765970064e+18,GALAXY,0.0948102,8180,57345,780
1.2376583032776297e+18,155.1101415249,56.2637286607194,21.44157,21.58096,21.28424,21.26278,20.79712,2987,301,3,45,9.210032610138676e+18,QSO,1.342254,8180,57345,623
1.2376576112603955e+18,157.379726654114,53.75523006772,21.58983,21.92681,21.42743,21.5186,21.43457,2826,301,2,188,9.209885275580552e+18,QSO,1.215952,8180,57345,87
1.2376551067606715e+18,157.231571281986,55.6911408009767,23.88561,21.79069,20.63387,20.0936,19.74901,2243,301,1,235,9.210113424243316e+18,STAR,-0.0002452249,8180,57345,917
1.2376551072976737e+18,157.448152554066,56.0554141221837,21.48849,21.13593,21.12197,20.93745,21.26956,2243,301,2,237,9.210109850830526e+18,QSO,1.506102,8180,57345,904
1.2376551067602127e+18,155.370822306637,55.2144326006648,20.51536,20.4703,20.58241,20.31914,20.33494,2243,301,1,228,9.210041955987512e+18,QSO,1.79026,8180,57345,657
1.2376583032777608e+18,155.739399156287,56.3677251038778,21.75036,21.93161,21.69046,21.54569,21.45376,2987,301,3,47,9.210054050615418e+18,QSO,1.463319,8180,57345,701
1.2376551072970836e+18,155.147609854064,55.5941808518067,21.69807,21.28172,21.25847,21.167,21.08117,2243,301,2,228,9.21003838257472e+18,QSO,2.348041,8180,57345,644
1.237658302740694e+18,155.186915894221,55.8537729121807,23.24749,22.92912,21.7243,20.72791,19.76145,2987,301,2,44,9.210035358917744e+18,GALAXY,0.831614,8180,57345,633
1.2376583032776297e+18,155.216474402218,56.2323038180661,22.0224,22.16153,21.46433,21.44357,21.43821,2987,301,3,45,9.210032335260768e+18,QSO,1.353147,8180,57345,622
1.2376511913606515e+18,138.592646637636,56.0520702213356,23.84505,22.21495,21.19506,20.62488,20.38012,1331,301,4,228,9.227993957228894e+18,STAR,-0.0008195242,8196,57346,430
1.2376576279058847e+18,143.415584377563,42.9123422707273,23.11879,23.12448,21.49773,20.25455,19.55204,2830,301,1,226,9.344037239058094e+18,GALAXY,0.6561368,8299,57346,705
1.2376511908247631e+18,142.351250882005,57.1756841509633,18.48065,17.50563,17.21731,17.12042,17.1049,1331,301,3,243,9.228138268130042e+18,STAR,-0.000120151,8196,57346,955
1.2376582044989527e+18,144.754600012472,42.1231159197215,24.27378,22.01029,21.71348,21.44252,20.8097,2964,301,3,130,9.344098536831345e+18,QSO,2.898297,8299,57346,928
1.2376576279058852e+18,143.466962690184,42.9761843296691,25.19216,23.96593,21.51999,20.22841,19.50336,2830,301,1,226,9.344036139546466e+18,GALAXY,0.7272691,8299,57346,701
1.2376543835897864e+18,140.508746669136,54.9986204289973,22.9835,21.42924,20.59062,19.91889,19.6525,2074,301,6,147,9.227943379694017e+18,QSO,0.465699,8196,57346,246
1.2376543835904415e+18,142.426691377418,55.8879987595862,22.35862,21.90968,21.72484,21.39323,20.7246,2074,301,6,157,9.227877683874257e+18,QSO,1.275269,8196,57346,7
1.2376543835899825e+18,140.919490748892,55.329531345244,20.81431,20.05332,19.77157,19.64563,19.61996,2074,301,6,150,9.227911768734716e+18,QSO,2.619037,8196,57346,131
1.2376511908243704e+18,141.06380545616,56.6307114855802,17.99872,17.91327,18.26107,18.54571,18.85586,1331,301,3,237,9.228128922281206e+18,STAR,-5.324031e-05,8196,57346,921
1.237654383589786e+18,140.402619995433,55.0731821694431,21.5342,20.94209,20.99385,21.03781,21.01228,2074,301,6,147,9.227943654571926e+18,QSO,2.412592,8196,57346,247
1.237658204498822e+18,144.237821483802,42.0539682351078,22.8581,24.47181,22.05395,20.61844,19.83804,2964,301,3,128,9.344074622453438e+18,GALAXY,0.8334581,8299,57346,841
1.237651190823846e+18,139.242406673109,55.8539574993455,21.48494,21.47175,21.36653,21.43238,20.79077,1331,301,3,229,9.227970592606804e+18,QSO,1.755996,8196,57346,345
1.2376606370647905e+18,143.846038031992,40.6290444082479,21.79576,22.39598,21.66164,21.90294,21.44113,3530,301,6,187,9.343912444488342e+18,QSO,1.344465,8299,57346,251
1.2376511908241083e+18,140.192354865459,56.2140176819851,23.51382,21.48314,20.59963,20.17619,19.99019,1331,301,3,233,9.22794035603704e+18,STAR,-8.662097e-05,8196,57346,235
1.2376802838518167e+18,28.9100496793683,26.8945863617998,19.82411,18.64879,18.39714,18.31266,18.27268,8105,301,1,126,1.125911628966136e+19,STAR,-0.0002234538,10000,57346,426
1.2376582044987558e+18,144.077810954438,41.8179003448237,22.04539,22.36527,21.93789,21.84123,21.24759,2964,301,3,127,9.344068025383674e+18,QSO,1.473722,8299,57346,817
1.2376511913615035e+18,141.303932029229,57.3519353829957,21.64075,20.94917,20.58351,20.05482,19.89742,1331,301,4,241,9.228127822769578e+18,QSO,1.988815,8196,57346,917
1.2376543835897203e+18,140.248201628794,54.9591503464253,21.87121,21.02321,20.56939,20.37739,20.3126,2074,301,6,146,9.22795300042076e+18,STAR,-0.0001610175,8196,57346,281
1.2376582044981005e+18,142.354409468855,41.2195560789803,24.51466,22.5726,21.19232,18.87697,17.67144,2964,301,3,117,9.343976765918566e+18,STAR,-0.0001222941,8299,57346,485
1.237651190823978e+18,139.836409462064,56.1231437389245,24.02066,25.45568,21.80766,20.30192,19.18468,1331,301,3,231,9.227962896025407e+18,GALAXY,0.8254936,8196,57346,317
1.237654383589786e+18,140.233766948332,55.0453030615193,22.04413,21.47848,20.98654,20.76069,20.76194,2074,301,6,147,9.2279546496882e+18,QSO,1.502944,8196,57346,287
1.2376582044981663e+18,142.570792750676,41.2288547405551,25.60064,22.99993,21.30119,20.13038,19.42932,2964,301,3,118,9.343972642749962e+18,STAR,-5.791498e-05,8299,57346,470
1.237658205035365e+18,143.048921873541,41.9833252965992,25.7016,23.25307,21.35886,20.12763,19.45234,2964,301,4,123,9.344023495162749e+18,GALAXY,0.6476476,8299,57346,655
1.2376511908243704e+18,140.911387916637,56.6451601990862,20.40747,19.96609,19.4901,19.29034,19.28896,1331,301,3,237,9.228120401066088e+18,QSO,1.363577,8196,57346,890
1.2376576279060165e+18,143.795791002192,43.0247780467347,23.08152,23.04122,21.23911,19.96913,19.14055,2830,301,1,228,9.344058679534838e+18,GALAXY,0.7800846,8299,57346,783
1.2376582039614925e+18,143.354022139742,41.1375919600507,22.52324,22.82448,21.69696,20.67464,19.89215,2964,301,2,121,9.343926738139505e+18,QSO,1.019971,8299,57346,303
1.237651191361241e+18,140.578594478916,56.8900300970426,20.85393,20.75687,20.42365,20.31744,20.28952,1331,301,4,237,9.228107206926555e+18,QSO,1.126139,8196,57346,842
1.237658204498297e+18,142.908972465786,41.3988900374104,22.58205,21.967,21.93457,21.6746,21.26276,2964,301,3,120,9.343952851540662e+18,QSO,1.938337,8299,57346,398
1.2376511913605868e+18,138.560749217688,56.0446633477499,23.0969,21.93009,21.19808,20.96257,21.01436,1331,301,4,227,9.227993132595171e+18,STAR,-0.000349922,8196,57346,427
1.2376582034246863e+18,143.712898240452,40.8272133792693,23.99689,22.78956,21.47969,20.37897,19.70928,2964,301,1,122,9.343912994244155e+18,GALAXY,0.7124349,8299,57346,253
1.2376511913612416e+18,140.591333016741,56.9807786892545,25.28728,21.63645,20.55097,20.30254,20.08685,1331,301,4,237,9.228116827653298e+18,QSO,3.615129,8196,57346,877
1.2376582044992148e+18,145.328726529524,42.3773236896625,23.19462,21.84492,22.0361,21.65459,20.87985,2964,301,3,134,9.344113655116225e+18,QSO,2.278489,8299,57346,983
1.2376543835901135e+18,141.419279260265,55.6042595850856,20.80041,20.34906,20.23507,20.25392,20.26155,2074,301,6,152,9.22789280215914e+18,QSO,2.422411,8196,57346,62
1.2376511908242396e+18,140.66119498222,56.4154626236322,22.20053,21.78577,21.61649,21.41221,21.91467,1331,301,3,235,9.228111604973066e+18,QSO,1.316021,8196,57346,858
1.237651190824436e+18,141.328654665401,56.6677406336478,21.89536,21.4801,21.2353,20.88694,20.70447,1331,301,3,238,9.228133045449808e+18,QSO,1.848953,8196,57346,936
1.237651191361241e+18,140.499724954443,57.0790302128302,20.69475,20.58009,20.31177,20.37446,20.33197,1331,301,4,237,9.228105282781209e+18,QSO,0.9172469,8196,57346,835
1.2376511913610447e+18,139.821398645239,56.6913149526047,20.92136,20.76101,20.44271,20.53774,20.4811,1331,301,4,234,9.228076970356791e+18,QSO,1.216121,8196,57346,732
1.2376576279059505e+18,143.550057231723,43.0183820985856,23.05335,23.24266,21.51926,20.44629,19.78343,2830,301,1,227,9.344047134662744e+18,GALAXY,0.7222512,8299,57346,741
1.237654383591162e+18,144.735438921095,56.9554666443724,21.32341,20.96738,20.79526,20.42494,20.15613,2074,301,6,168,9.223612953181575e+18,QSO,1.871823,8192,57348,876
1.2376512504155348e+18,141.747160450404,56.6956238080084,22.91873,23.38963,21.32767,20.23593,19.50252,1345,301,2,214,9.22352526712926e+18,GALAXY,0.5780692,8192,57348,557
1.2376583032754017e+18,147.439242776946,53.8571537414737,23.74554,23.42536,21.31517,18.32548,16.43616,2987,301,3,11,9.218981810205384e+18,STAR,-0.0001897999,8188,57348,412
1.2376512504157967e+18,142.518668659349,57.0001088278693,23.67179,23.89727,21.19837,20.08446,19.39036,1345,301,2,218,9.223546707606e+18,GALAXY,0.6379976,8192,57348,635
1.2376543814434168e+18,145.802921632934,55.2334084583388,25.03296,25.35362,21.74633,20.60094,19.90998,2074,301,2,164,9.223386178908346e+18,GALAXY,0.914415,8192,57348,51
1.2376553692794724e+18,147.6525805585,56.1971665505674,24.3923,24.1159,21.95863,20.57854,19.78773,2304,301,2,66,9.21904035919956e+18,GALAXY,0.698614,8188,57348,625
1.2376583032763848e+18,150.771260487602,54.8810348068962,21.62616,21.63721,21.59348,21.37086,20.99076,2987,301,3,26,9.218877906356556e+18,QSO,1.708655,8188,57348,34
1.237658302738859e+18,148.913782127643,53.8796945502624,24.30141,23.49169,21.28378,20.18396,19.5257,2987,301,2,16,9.218936455350736e+18,GALAXY,0.7220572,8188,57348,247
1.2376583043502572e+18,150.466827251048,55.7486659486835,23.89126,21.95423,21.79447,21.80618,21.25164,2987,301,5,28,9.219128869885596e+18,QSO,2.258797,8188,57348,947
1.2376551083689907e+18,148.022014525211,54.3909969080287,22.77489,22.99022,21.51093,20.21503,19.45382,2243,301,4,200,9.218963393385616e+18,GALAXY,0.686686,8188,57348,345
1.2376543835913587e+18,145.616199495609,57.1201372020335,21.63862,21.46729,20.46214,19.94839,19.62881,2074,301,6,171,9.223631644879247e+18,QSO,1.47474,8192,57348,944
1.2376543835910963e+18,144.691697697508,56.7925034637012,22.07694,21.50583,21.26281,21.17597,20.60308,2074,301,6,167,9.223614052693205e+18,QSO,2.428995,8192,57348,880
1.2376543835910963e+18,144.816027317018,56.8420558099727,19.58949,19.7309,19.36038,19.47322,19.61312,2074,301,6,167,9.223624498053669e+18,QSO,1.270148,8192,57348,918
1.2376543835905068e+18,142.821867818248,56.0018031723736,20.62885,20.35993,20.28251,19.91765,19.93754,2074,301,6,158,9.223470566425778e+18,QSO,1.659514,8192,57348,358
1.2376583027390556e+18,149.55892611854,54.0967494874406,24.86942,23.34763,21.88924,20.4737,19.81639,2987,301,2,19,9.218917763653064e+18,GALAXY,0.7266044,8188,57348,179
1.237658304350192e+18,150.307479724115,55.7190236618201,20.85314,20.90514,20.9754,20.87054,21.14126,2987,301,5,27,9.219119798914668e+18,GALAXY,0.004300271,8188,57348,914
1.2376543835910963e+18,144.73454810809,56.7832625611314,21.30143,21.00102,20.65831,20.60954,20.67816,2074,301,6,167,9.223613777815296e+18,QSO,1.310632,8192,57348,879
1.2376551083695153e+18,149.941298384899,54.938806246963,23.26688,22.94207,22.23897,21.14454,19.78584,2243,301,4,208,9.219126121106528e+18,GALAXY,1.045814,8188,57348,937
1.2376543814435471e+18,146.016895929303,55.3841218453865,22.16526,22.0041,21.82272,21.89853,23.13892,2074,301,2,166,9.223388652809509e+18,STAR,0.003126379,8192,57348,60
1.2376543835905733e+18,143.032156960482,56.1530373416531,23.87852,23.22943,21.91691,20.81737,19.96153,2074,301,6,159,9.223564299792046e+18,GALAXY,0.893332,8192,57348,699
1.2376543835904407e+18,142.562127785645,55.8530412146996,21.90864,21.68522,21.78716,22.14138,22.84506,2074,301,6,157,9.223482111297868e+18,GALAXY,0.02518116,8192,57348,400
1.237651190824698e+18,142.221205735549,57.0718487712416,20.79732,20.78409,20.70544,20.58816,20.57125,1331,301,3,242,9.22353433810019e+18,QSO,0.9053087,8192,57348,590
1.2376543819797627e+18,143.578355820516,54.8324287955698,20.97528,20.95329,20.52719,20.5189,20.58319,2074,301,3,156,9.223427685472297e+18,QSO,1.131425,8192,57348,202
1.2376543814434824e+18,145.890139913467,55.304287241422,22.7516,22.92216,21.31791,20.25126,19.6064,2074,301,2,165,9.223387278419974e+18,GALAXY,0.6474977,8192,57348,55
1.2376583043500603e+18,149.699189427211,55.5582134121561,24.4176,24.70333,21.59633,20.52268,19.68768,2987,301,5,25,9.219109078676296e+18,GALAXY,0.6501591,8188,57348,875
1.2376543835906376e+18,143.220260321786,56.2620703661749,22.50104,20.64552,20.10698,19.9544,20.00239,2074,301,6,160,9.223574470274603e+18,STAR,-0.0004012332,8192,57348,736
1.2376543819797627e+18,143.611253194699,54.8954573553177,21.16431,21.02257,20.6446,20.50766,20.29927,2074,301,3,156,9.22342988449555e+18,QSO,0.9826922,8192,57348,210
1.237654383590769e+18,143.737938502904,56.3833699158831,21.66967,21.77484,21.24051,21.18052,21.32675,2074,301,6,162,9.223584640757162e+18,QSO,1.121585,8192,57348,773
1.237651250415469e+18,141.477895734817,56.5980725799451,22.51395,22.94397,21.6862,20.67322,19.98358,1345,301,2,213,9.223516471036236e+18,GALAXY,0.5827947,8192,57348,525
1.2376543835912937e+18,145.234924524418,57.1290301594805,26.51373,22.24742,21.44759,20.27682,19.51501,2074,301,6,170,9.223620374885065e+18,QSO,1.670277,8192,57348,903
1.2376583043494712e+18,147.664605407677,54.960028789335,25.71983,21.3213,21.06388,20.88006,20.46913,2987,301,5,16,9.21903870993212e+18,QSO,3.130615,8188,57348,619
1.237654383591031e+18,144.446177402856,56.6985040553058,20.23966,19.86617,19.68983,19.61133,19.6405,2074,301,6,166,9.22360443196646e+18,QSO,1.386577,8192,57348,845
1.2376802774043863e+18,352.214782658177,27.3502280655088,24.7355,23.69546,22.34178,20.5022,19.77962,8103,301,5,50,8.670761739317697e+18,GALAXY,0.712608,7701,57356,751
1.2376802768669248e+18,350.775066504081,26.9127356700435,21.73567,21.43644,21.00566,21.12274,22.14014,8103,301,4,41,8.670693844474681e+18,QSO,1.150547,7701,57356,504
1.2376802763310372e+18,353.333304207002,26.6198151966085,21.68848,20.57964,20.22305,20.19726,20.12715,8103,301,3,56,8.670825785870014e+18,STAR,-0.0008411365,7701,57356,984
1.2376802768677773e+18,352.983536115642,27.1935792697522,22.35949,21.86791,21.77442,21.5659,22.10098,8103,301,4,54,8.670805170026994e+18,GALAXY,1.626454,7701,57356,909
1.2376803064041313e+18,352.096394211657,26.715200683281,21.62493,21.36085,20.8295,20.88724,20.57878,8110,301,3,183,8.670754867370023e+18,QSO,1.116431,7701,57356,726
1.237680276867973e+18,353.504058756695,27.0929834114609,19.6549,19.61415,19.56968,19.30031,19.0921,8103,301,4,57,8.670816989776992e+18,QSO,2.039863,7701,57356,952
1.2376802768672525e+18,351.564190244047,26.9265050636132,20.3168,19.82395,19.7437,19.85893,19.53063,8103,301,4,46,8.670730678114211e+18,QSO,0.7894531,7701,57356,638
1.2376802768675804e+18,352.418056054819,26.9805384882142,22.85474,22.07594,21.58437,21.61958,21.76108,8103,301,4,51,8.670785928573508e+18,STAR,-0.0009462309,7701,57356,839
1.237680276330382e+18,351.70617362574,26.4626948207951,26.04419,23.85402,21.42382,20.05655,19.32797,8103,301,3,46,8.670734251527e+18,GALAXY,0.700781,7701,57356,651
1.2376803064043927e+18,352.811171896851,26.9610182027692,18.54311,17.53224,17.17092,17.02085,16.97137,8110,301,3,187,8.670794999544437e+18,STAR,-0.0007187752,7701,57356,872
1.23768027633071e+18,352.561937821439,26.6406794881823,27.24497,23.01625,22.02718,20.63678,19.41229,8103,301,3,51,8.670788677352578e+18,GALAXY,0.9305703,7701,57356,849
1.2376802763309064e+18,352.999170732228,26.5835268376397,25.55472,23.53966,22.87532,20.74438,18.99719,8103,301,3,54,8.670808468561877e+18,STAR,-8.346664e-05,7701,57356,921
1.2376802757941007e+18,353.248397867904,26.243961131268,21.6503,22.31304,21.96623,22.10825,22.7029,8103,301,2,55,8.670575646974696e+18,QSO,1.84668,7701,57356,74
1.2376802752570327e+18,352.730509887252,25.8045967601607,19.80427,19.39611,19.13966,18.86057,18.95221,8103,301,1,52,8.670595987939809e+18,QSO,1.627858,7701,57356,148
1.2376803053301276e+18,351.648252541605,25.8473811970573,22.24353,22.23322,21.52468,20.71206,20.82652,8110,301,1,179,8.670650413765384e+18,QSO,1.939208,7701,57356,346
1.2376802763307092e+18,352.494849031898,26.6253271302831,20.98752,21.06329,20.87229,20.90055,20.60149,8103,301,3,51,8.670778506870019e+18,QSO,1.246508,7701,57356,812
1.2376802757932488e+18,351.137652177867,25.9700076960786,21.18754,20.7985,20.68978,20.45347,21.227,8103,301,2,42,8.670686697649101e+18,QSO,2.009252,7701,57356,478
1.237680276867449e+18,352.180261075215,26.9293563274335,21.84385,20.7136,20.1449,19.98187,19.75783,8103,301,4,49,8.670798847835134e+18,GALAXY,0.0,7701,57356,886
1.2376802768669903e+18,350.89741600913,26.9374314773446,20.85451,19.53025,18.98034,18.71618,18.56217,8103,301,4,42,8.670708138125843e+18,STAR,-6.16196e-05,7701,57356,556
1.2376802763307753e+18,352.68542020216,26.7084686733968,22.80554,23.76069,22.00232,20.65235,19.97659,8103,301,3,52,8.670787577840949e+18,GALAXY,0.6914791,7701,57356,845
1.237680276867449e+18,352.103278598836,26.9792541028024,21.06733,21.23301,20.9894,20.73246,20.81013,8103,301,4,49,8.670762563951417e+18,QSO,1.94724,7701,57356,754
1.23768030640459e+18,353.285206259293,26.9647806861047,20.59261,20.55963,20.5893,20.42903,20.11829,8110,301,3,190,8.670818639044434e+18,QSO,1.801727,7701,57356,958
1.2376802763306442e+18,352.384035801599,26.5301771411864,26.43833,23.80697,22.28007,20.70275,19.9969,8103,301,3,50,8.670767786631649e+18,GALAXY,0.7359277,7701,57356,773
1.237680276867515e+18,352.298037260776,26.9504372544813,24.78762,22.06264,21.17949,21.15902,20.49327,8103,301,4,50,8.670775208335136e+18,QSO,2.492692,7701,57356,800
1.237680276867449e+18,352.160772872646,26.934309057902,24.69203,21.10819,20.23856,19.89166,19.7424,8103,301,4,49,8.670763663463045e+18,STAR,-0.0001675693,7701,57356,758
1.2376802768671217e+18,351.243715769283,26.89665413038,21.87011,21.60745,21.7128,21.33266,22.97665,8103,301,4,44,8.670720232753747e+18,QSO,1.632034,7701,57356,600
1.2376802768677768e+18,353.047977903236,27.1430126642942,18.87949,17.84102,17.49143,17.383,17.3214,8103,301,4,54,8.670805719782808e+18,STAR,-0.0001408548,7701,57356,911
1.2376802763310377e+18,353.424679308942,26.7710768578183,22.84475,23.72861,22.39259,20.93029,20.01629,8103,301,3,56,8.670825510992108e+18,GALAXY,0.695616,7701,57356,983
1.2376802763309711e+18,353.267273313846,26.7190658268131,25.64433,23.56155,21.61568,20.37692,19.54535,8103,301,3,55,8.670822212457224e+18,STAR,0.000135683,7701,57356,971
1.2376802763307745e+18,352.713221528702,26.6840249996576,21.13086,20.86302,21.72312,21.40402,20.63857,8103,301,3,52,8.670788127596763e+18,QSO,0.8525334,7701,57356,847
1.237680276867449e+18,352.130261624863,26.9085879452361,23.87126,22.59295,20.97624,20.19407,19.71927,8103,301,4,49,8.670763938340952e+18,STAR,-3.376264e-05,7701,57356,759
1.2376803058669327e+18,351.354183965598,26.243531890288,24.13421,21.8897,21.5008,21.4602,21.49267,8110,301,2,178,8.670714460317702e+18,GALAXY,0.6192861,7701,57356,579
1.237680306404328e+18,352.728893015412,26.7920193423949,23.6806,21.71658,20.98771,20.68216,20.39969,8110,301,3,186,8.670786753207228e+18,STAR,-0.0007342609,7701,57356,842
1.2376802752567053e+18,352.019564517088,25.7633517893109,20.87021,20.72939,20.70638,20.72448,20.77606,8103,301,1,47,8.670628423532829e+18,QSO,0.9138467,7701,57356,266
1.2376802757931174e+18,350.773953104285,26.1197903068852,25.58232,23.6341,21.58054,20.33357,19.32456,8103,301,2,40,8.670697967643284e+18,STAR,-0.0001272381,7701,57356,519
1.2376802763308408e+18,352.778668397374,26.6287307959105,22.02211,23.10808,21.53858,20.41541,19.51556,8103,301,3,53,8.670798572957227e+18,GALAXY,0.4977452,7701,57356,885
1.237680275257361e+18,353.558192214966,25.8427538383481,21.98005,21.67045,21.37601,21.37836,20.88312,8103,301,1,57,8.670562452835162e+18,QSO,0.9958825,7701,57356,26
1.237680275256836e+18,352.308851507309,25.8393327460916,20.82306,20.90606,22.81988,21.11013,19.0591,8103,301,1,49,8.67061660378283e+18,GALAXY,0.124198,7701,57356,223
1.2376802768673838e+18,351.950240601843,27.0379627327249,23.00774,21.70554,21.6252,21.79329,21.90019,8103,301,4,48,8.67075156883514e+18,QSO,3.11092,7701,57356,714
1.2376803064041969e+18,352.359202474758,26.7734013731106,21.45431,21.12008,20.71969,20.35406,20.68139,8110,301,3,184,8.670775483213044e+18,QSO,1.390256,7701,57356,801
1.2376802768672525e+18,351.692171739677,26.8796920184616,20.79581,20.28654,20.25079,20.25267,19.94446,8103,301,4,46,8.670742222986303e+18,QSO,2.205312,7701,57356,680
1.23768027525664e+18,351.779994071401,25.7745045398948,21.55629,21.43039,20.96318,20.80053,21.03681,8103,301,1,46,8.670651238399106e+18,QSO,1.300167,7701,57356,349
1.237680275256771e+18,352.114170330273,25.8135715100477,23.88171,22.57791,21.22857,19.96604,19.36581,8103,301,1,48,8.6706273240212e+18,STAR,-0.0001182564,7701,57356,262
1.2376802752567055e+18,352.014449588155,25.7436803281829,24.73037,26.0854,22.56556,21.23222,19.48732,8103,301,1,47,8.670628698410736e+18,STAR,0.0009298985,7701,57356,267
1.2376802763307753e+18,352.758643768763,26.5673606572707,26.61903,23.92137,22.2722,21.01226,19.81219,8103,301,3,52,8.67079912271304e+18,STAR,7.449697e-05,7701,57356,887
1.237680275793052e+18,350.650853469495,26.072678731545,21.31932,21.14929,21.1755,20.75228,20.05087,8103,301,2,39,8.670692744963053e+18,STAR,-0.0003872407,7701,57356,500
1.2376802768675804e+18,352.445382392836,26.9546270100772,22.43572,21.65426,21.44789,20.83802,21.58179,8103,301,4,51,8.6707856536956e+18,STAR,-7.883689e-05,7701,57356,838
1.2376803064041969e+18,352.368531155909,26.8974600507797,21.00857,20.58143,20.43875,20.50829,20.4117,8110,301,3,184,8.670774383701416e+18,STAR,0.0001285176,7701,57356,797
1.237680276867449e+18,352.103728945386,26.9146227442347,20.45095,20.27989,20.14867,20.33816,19.75937,8103,301,4,49,8.670752118590953e+18,QSO,0.78583,7701,57356,716
1.237680276866925e+18,350.795981649071,26.928483059517,22.93531,20.0706,19.38132,19.08785,18.95029,8103,301,4,41,8.670707588370029e+18,STAR,-3.340502e-06,7701,57356,554
1.237680305867195e+18,351.964580244455,26.443678953766,22.66211,23.82885,21.70204,20.63713,19.80987,8110,301,2,182,8.67075514224793e+18,GALAXY,0.5792306,7701,57356,727
1.2376802763309711e+18,353.20769545706,26.5885904412981,23.20993,22.59843,20.86094,21.30089,18.7922,8103,301,3,55,8.670820288311876e+18,STAR,4.686859e-05,7701,57356,964
1.2376802768669903e+18,350.881956476226,26.9574410401482,21.31551,20.8936,20.61241,20.41481,20.55564,8103,301,4,42,8.670707038614215e+18,QSO,1.639397,7701,57356,552
1.2376802768673183e+18,351.757744221909,27.0165221393057,21.88278,21.33954,21.1287,20.76386,21.20634,8103,301,4,47,8.670741123474676e+18,QSO,1.411325,7701,57356,676
1.237680276330972e+18,353.146135841249,26.6117205571971,27.1016,23.34029,21.53959,20.50651,19.72862,8103,301,3,55,8.670820563189783e+18,GALAXY,0.756358,7701,57356,965
1.2376803053306516e+18,352.965437489786,26.1147835164491,21.11906,20.91099,20.74354,20.40539,20.4588,8110,301,1,187,8.670593239160739e+18,QSO,1.718581,7701,57356,138
1.2376802774042552e+18,351.968357466706,27.4719440458899,22.52101,24.62447,23.27573,21.32134,20.00884,8103,301,5,48,8.670749094933977e+18,STAR,-0.0001572024,7701,57356,705
1.2376803058671296e+18,351.89287586551,26.3952650541015,26.0251,23.04974,21.96902,20.7418,19.92428,8110,301,2,181,8.670744696887466e+18,STAR,-0.0002944564,7701,57356,689
1.2376802768677112e+18,352.758864175903,26.9998165896354,20.91273,20.01694,19.60422,19.49557,19.15573,8103,301,4,53,8.670796099056065e+18,QSO,2.533541,7701,57356,876
1.237680276867777e+18,352.90579164159,27.1130168181515,21.65274,21.46117,21.4647,21.26481,21.12187,8103,301,4,54,8.670807094172342e+18,QSO,2.227836,7701,57356,916
1.2376802752570327e+18,352.734968669149,25.9002909628079,21.21014,20.93652,20.71918,20.37263,20.27264,8103,301,1,52,8.670597087451437e+18,QSO,1.466068,7701,57356,152
1.2376802774044516e+18,352.372144844334,27.4868590610436,26.29496,24.48668,23.07531,21.62802,19.98899,8103,301,5,51,8.670769985654906e+18,GALAXY,0.674352,7701,57356,781
1.23768027633012e+18,351.093837535583,26.4702092383944,22.83594,22.87921,21.11643,20.06904,19.12456,8103,301,3,42,8.670710612027e+18,STAR,-1.224506e-05,7701,57356,565
1.237680276867646e+18,352.644264935638,27.1160714788216,21.95507,20.86022,20.59174,20.46119,20.07085,8103,301,4,52,8.670796923689785e+18,STAR,3.914078e-07,7701,57356,879
1.237680276867449e+18,352.1694111469,27.044225207426,24.44066,21.24829,19.77983,19.1324,18.75134,8103,301,4,49,8.670759815172347e+18,STAR,-0.0003714669,7701,57356,744
1.2376802757936415e+18,352.059327205507,26.1815151503417,20.673,20.73028,20.31987,20.28509,20.12916,8103,301,2,48,8.670632271823526e+18,QSO,1.27377,7701,57356,280
1.237680276867515e+18,352.37094240955,26.959551917624,23.25899,21.89569,21.31043,21.42907,21.04735,8103,301,4,50,8.670774108823509e+18,STAR,0.002195176,7701,57356,796
1.2376802763309716e+18,353.231707129618,26.6380133585637,21.38509,21.41438,21.05127,20.63217,20.60825,8103,301,3,55,8.670823311968851e+18,QSO,1.886351,7701,57356,975
1.2376802752572298e+18,353.218756391449,25.9485357162111,21.62991,21.17039,20.89828,20.93422,20.86796,8103,301,1,55,8.670575097218882e+18,QSO,1.373975,7701,57356,72
1.237680276330054e+18,350.903766219698,26.5770988864903,20.20941,20.09273,19.81704,19.72096,19.64007,8103,301,3,41,8.670699891788634e+18,QSO,1.440199,7701,57356,526
1.2376803058674575e+18,352.633881323442,26.440797858165,24.74373,23.05107,21.30911,20.25566,19.48304,8110,301,2,186,8.670790876375832e+18,GALAXY,0.5392419,7701,57356,857
1.2376785422372055e+18,353.141635480574,25.3610335780021,25.80275,23.46884,21.71288,20.37049,19.65176,7699,301,5,44,8.670557230154929e+18,GALAXY,0.6572838,7701,57356,7
1.237680277404451e+18,352.393829979256,27.5533085818888,21.18035,20.86643,20.6304,20.60172,20.69404,8103,301,5,51,8.670782630038624e+18,QSO,1.223265,7701,57356,827
1.2376803064044588e+18,353.024776285419,26.9753447127726,21.61086,19.91471,19.24697,18.99919,18.87596,8110,301,3,188,8.670802971003738e+18,STAR,1.268882e-05,7701,57356,901
1.23768027579397e+18,352.871321580396,26.2110206799844,22.7353,23.0458,21.43052,20.34594,19.58632,8103,301,2,53,8.67080187149211e+18,GALAXY,0.5368499,7701,57356,897
1.2376802763305787e+18,352.187524287895,26.6174979370254,22.05629,23.73693,22.30365,20.90202,19.99899,8103,301,3,49,8.670766137364208e+18,GALAXY,0.8636996,7701,57356,767
1.237680276867777e+18,352.989836117849,27.171561593142,22.70997,20.75386,20.40648,20.27056,21.06953,8103,301,4,54,8.670805994660713e+18,STAR,-0.000776188,7701,57356,912
1.237680275793445e+18,351.626744680638,26.1104500864075,21.39859,21.52598,20.99179,21.0019,20.69807,8103,301,2,45,8.670665257172358e+18,QSO,1.055264,7701,57356,400
1.2376785798320627e+18,8.43569021588127,24.6464721701109,22.48678,23.34919,21.85153,20.7881,19.89283,7708,301,3,256,8.624448660305107e+18,GALAXY,0.6806383,7660,57357,201
1.237680276336542e+18,7.44298465633454,27.1570959534509,20.98754,20.96117,20.93073,20.80418,21.17303,8103,301,3,140,8.624565483415558e+18,QSO,1.92142,7660,57357,626
1.2376802757994747e+18,6.89659871866593,26.7122657319639,27.80917,23.03259,21.43746,20.41744,19.68741,8103,301,2,137,8.624543218305096e+18,GALAXY,0.5551069,7660,57357,545
1.2376802752633897e+18,8.91472861380083,26.3803895765877,20.5019,20.12485,19.9989,19.75319,19.70337,8103,301,1,149,8.624637501427177e+18,QSO,1.547643,7660,57357,888
1.2376802752635868e+18,9.41878959170327,26.3731645462041,21.64486,21.82988,21.32311,20.98506,20.73406,8103,301,1,152,8.624658941903918e+18,GALAXY,0.6451065,7660,57357,966
1.2376802758000645e+18,8.39622844946877,26.8003697717844,23.14109,23.1519,21.66803,20.62947,19.84992,8103,301,2,146,8.624609738758576e+18,STAR,-0.000108769,7660,57357,787
1.2376802758003924e+18,9.3217384837767,26.7444047324678,22.64974,23.04219,21.40016,20.2969,19.6035,8103,301,2,151,8.624652619712059e+18,GALAXY,0.5606273,7660,57357,943
1.23767858144261e+18,8.26501822595196,25.9405054674017,26.1383,23.57707,22.15118,20.74053,19.82361,7708,301,6,255,8.624617435339972e+18,GALAXY,0.7924318,7660,57357,815
1.2376802752626035e+18,6.92989809446931,26.2834473499867,24.66713,21.5496,20.19132,19.69621,19.13666,8103,301,1,137,8.624534147334167e+18,GALAXY,0.2078919,7660,57357,512
1.237680275800195e+18,8.78206576336174,26.7652764449541,21.39984,21.38144,21.45132,21.04601,21.1519,8103,301,2,148,8.624633103380665e+18,QSO,1.930369,7660,57357,872
1.237680275800196e+18,8.73578971111141,26.7699115481032,26.65423,24.00895,23.34316,21.79956,19.6004,8103,301,2,148,8.624631728991132e+18,GALAXY,0.9140629,7660,57357,867
1.237680275263456e+18,9.03332264975955,26.3529701196568,27.69898,22.98675,21.32057,20.19427,19.4877,8103,301,1,150,8.624637776305084e+18,GALAXY,0.7199418,7660,57357,889
1.2376802763367383e+18,7.93745473792302,27.073048998471,19.68928,19.30145,18.98733,18.6998,18.73562,8103,301,3,143,8.624586923892299e+18,QSO,1.518423,7660,57357,704
1.237680275263e+18,7.99822411593033,26.3086612335284,23.15298,21.28875,20.87355,21.11142,20.85927,8103,301,1,143,8.624592146572532e+18,QSO,2.780132,7660,57357,723
1.2376802752629312e+18,7.69786067697277,26.2912519641939,22.68748,21.94858,20.48613,19.83585,19.41099,8103,301,1,142,8.624581976089975e+18,GALAXY,0.2665661,7660,57357,686
1.2376802752629317e+18,7.81273440811873,26.4103378924785,27.14015,23.85798,22.59455,20.5527,19.84131,8103,301,1,142,8.624582800723696e+18,GALAXY,0.6163822,7660,57357,689
1.237680275263e+18,7.96601458569563,26.3314167250827,20.81224,20.54192,20.41339,20.32342,20.12168,8103,301,1,143,8.624592971206253e+18,QSO,0.9053891,7660,57357,726
1.2376802758000645e+18,8.50786091023804,26.6603844296207,24.97943,22.06538,23.38431,21.14002,22.12216,8103,301,2,146,8.624623207776016e+18,GALAXY,0.7236471,7660,57357,836
1.2376785814425444e+18,8.02655162800795,25.9102275323967,25.40816,24.75043,21.8263,20.8112,19.86845,7708,301,6,254,8.624470100781848e+18,GALAXY,0.5802898,7660,57357,279
1.2376802763371978e+18,9.06200439195129,27.0559620233061,25.75677,23.40824,22.39085,20.73299,19.63206,8103,301,3,150,8.624642724107409e+18,QSO,1.138711,7660,57357,907
1.2376802752634555e+18,9.15549339218251,26.3313879938971,18.77055,18.31045,17.94533,17.48212,17.3867,8103,301,1,150,8.624648496543456e+18,QSO,0.08257554,7660,57357,928
1.2376802758002606e+18,9.00603605305662,26.7139304361936,19.89199,19.914,19.69147,19.73506,19.52101,8103,301,2,149,8.624644373374851e+18,QSO,1.03953,7660,57357,913
1.237680275799671e+18,7.46320126982801,26.7955231177595,21.72301,20.98268,21.00883,20.69361,21.43816,8103,301,2,140,8.624566582927186e+18,QSO,2.169533,7660,57357,630
1.2376637847418967e+18,17.3678836454785,0.529220390177263,23.43787,22.51833,21.91142,21.73211,21.59555,4263,301,5,232,9.895710876304169e+18,STAR,-5.070126e-05,8789,57358,642
1.2376802752617516e+18,4.73478349382668,26.3294170084047,21.06683,20.23748,19.74068,19.52437,19.39627,8103,301,1,124,8.626823055682067e+18,STAR,-0.0007835505,7662,57358,647
1.237680275261948e+18,5.26212890564801,26.3811370890806,21.08656,21.47326,20.72358,21.02044,20.73366,8103,301,1,127,8.626845595670435e+18,QSO,1.364621,7662,57358,729
1.2376802752625377e+18,6.76409180820292,26.3948540044155,23.35451,21.17758,20.92784,20.42539,20.22236,8103,301,1,136,8.6269154146588e+18,QSO,0.6142873,7662,57358,983
1.2376802752622758e+18,6.0438191255223,26.2760847542306,19.78574,19.75197,19.37254,19.42882,19.4384,8103,301,1,132,8.626890950525082e+18,QSO,1.032682,7662,57358,894
1.2376663397267543e+18,18.6611109678587,0.316699243783454,24.81061,22.78231,21.99745,21.54642,20.90852,4858,301,4,479,9.895790316019278e+18,QSO,6.586975,8789,57358,931
1.2376794345201344e+18,3.81971786971695,-2.89251550642506,23.33229,23.26967,21.44134,20.30511,19.54785,7907,301,3,97,8.894803726185028e+18,GALAXY,0.6239326,7900,57358,707
1.2376663386523569e+18,17.1443456980734,-0.458447483121138,21.40377,20.33139,19.33775,18.92381,18.61498,4858,301,2,469,9.895650678042548e+18,GALAXY,0.2750108,8789,57358,423
1.2376802757988849e+18,5.42155363163323,26.8604032155358,23.18877,22.06434,21.138,20.04711,19.3312,8103,301,2,128,8.626864287368109e+18,GALAXY,0.602515,7662,57358,797
1.2376802757983608e+18,4.14935347362848,26.6619736035744,25.46198,22.55533,21.9418,20.72326,19.73963,8103,301,2,120,8.626797766914628e+18,GALAXY,0.6415159,7662,57358,555
1.2376663397266227e+18,18.3907417047796,0.26263879876642,22.60216,21.64881,20.42069,19.92475,19.60791,4858,301,4,477,9.895770249932069e+18,GALAXY,0.2595733,8789,57358,858
1.2376637831314153e+18,17.786680338193,-0.77362314383031,22.47062,21.53132,21.24279,21.3229,21.5455,4263,301,2,234,9.895603948798368e+18,GALAXY,1.475618,8789,57358,253
1.2376790791272535e+18,2.88928716502743,-4.2480500562944,21.99788,23.23224,21.59487,20.39127,19.41665,7824,301,5,336,8.894739129876896e+18,GALAXY,0.9126617,7900,57358,472
1.2376802763355594e+18,4.88417115739338,27.1893425132997,21.929,23.92229,22.22803,20.55229,19.88157,8103,301,3,125,8.626817558123928e+18,GALAXY,0.773611,7662,57358,627
1.23766633972623e+18,17.49646744733,0.230956572419016,24.07678,23.0073,22.43031,22.17204,21.74169,4858,301,4,471,9.895724895077423e+18,QSO,1.669472,8789,57358,693
1.2376788799486036e+18,3.96384616697534,-2.98812605757408,21.27081,21.31896,20.96941,20.95894,20.84171,7778,301,2,343,8.894816370568747e+18,QSO,1.430203,7900,57358,753
1.237678879948932e+18,4.70930663702249,-3.01757395584304,23.6626,24.36591,24.12824,21.48678,19.66662,7778,301,2,348,8.894859801278045e+18,STAR,1.231267e-05,7900,57358,911
1.2376637831317427e+18,18.4729673356708,-0.735943414293438,24.06018,23.25279,22.51231,22.50376,22.10792,4263,301,2,239,9.89557233783907e+18,QSO,1.22852,8789,57358,138
1.2376802763356905e+18,5.24623838947468,27.0992196856569,23.34324,24.16833,21.86616,20.49142,19.46087,8103,301,3,127,8.626851093228575e+18,GALAXY,0.8771982,7662,57358,749
1.2376785814414958e+18,5.4257688491561,26.0428580026327,22.81936,23.21632,21.7857,20.55877,19.76683,7708,301,6,238,8.62685769029834e+18,GALAXY,0.6378875,7662,57358,773
1.2376790791272535e+18,2.97905953648419,-4.27908949154466,22.46045,21.37453,20.94502,20.81201,20.98271,7824,301,5,336,8.894737480609454e+18,STAR,0.0003671429,7900,57358,466
1.2376794334469164e+18,4.9504456773294,-3.55337162894817,21.79418,20.50322,20.26374,20.18837,20.26521,7907,301,1,105,8.894867222981532e+18,STAR,-0.0002638859,7900,57358,938
1.2376794345206584e+18,4.964302063299,-2.91661053125301,22.8218,23.77666,21.19886,20.19951,19.51403,7907,301,3,105,8.894869696882694e+18,GALAXY,0.5514863,7900,57358,947
1.2376637852788987e+18,17.7816639193714,0.870259236705036,23.00329,21.2762,20.69109,20.62557,20.3497,4263,301,6,234,9.895741662629749e+18,STAR,-0.0004263542,8789,57358,754
1.2376637847421588e+18,18.0310749664532,0.487411584074706,24.16289,22.76586,22.31475,22.21911,21.60654,4263,301,5,236,9.895744686286723e+18,GALAXY,0.7519838,8789,57358,765
1.2376663397260992e+18,17.2295213589834,0.400285922558502,24.19123,22.36172,21.74667,21.60489,22.51122,4858,301,4,469,9.89570262996696e+18,STAR,-0.000663698,8789,57358,612
1.237680275261883e+18,5.09371008476336,26.3843093401262,22.10103,21.4485,20.98995,21.33527,21.15926,8103,301,1,126,8.626834600554158e+18,QSO,2.509301,7662,57358,689
1.2376663397262956e+18,17.5934347984075,0.330715243526629,24.11639,22.95491,22.58509,22.27245,22.10023,4858,301,4,472,9.895724620199516e+18,QSO,1.245075,8789,57358,692
1.237666339726361e+18,17.7396707665336,0.329565304499806,24.67985,22.45423,22.29498,22.32587,22.12299,4858,301,4,473,9.89573616507161e+18,QSO,3.342395,8789,57358,734
1.2376802757985574e+18,4.58819804633964,26.8485899694264,22.72437,23.17828,21.82097,20.3899,19.66839,8103,301,2,123,8.626808212275091e+18,GALAXY,0.6648742,7662,57358,593
1.237680275798754e+18,5.18130151614639,26.8648235479745,22.41644,23.15389,21.93305,20.84807,19.92359,8103,301,2,126,8.626840647868111e+18,GALAXY,0.6064324,7662,57358,711
1.2376793244612692e+18,10.4645251866746,-3.9969845994227,21.87819,21.28767,21.58179,21.26077,21.24411,7881,301,6,92,8.899117934934514e+18,QSO,2.105229,7904,57358,18
1.237666339726951e+18,19.08146150641,0.267994265843911,22.09409,20.60263,19.09402,18.55567,18.16422,4858,301,4,482,9.895807633327411e+18,QSO,0.344155,8789,57358,994
1.2376794334467853e+18,4.72640586125664,-3.6322521911838,21.54461,21.16445,21.09929,20.7782,20.89044,7907,301,1,103,8.894854853475718e+18,QSO,1.539174,7900,57358,893
1.2376663397265574e+18,18.2674685031171,0.321937727790297,22.76645,20.77464,19.60591,19.07014,18.72431,4858,301,4,476,9.895767226275092e+18,QSO,0.2415354,8789,57358,847
1.237663204921574e+18,16.8602021259714,0.79428923787967,23.71209,23.11664,22.46472,22.07254,21.98039,4128,301,5,236,9.895687786559984e+18,GALAXY,1.60657,8789,57358,558
1.237679324458779e+18,4.85669803040875,-4.07767670247295,21.11136,21.0957,20.9353,21.13232,22.06108,7881,301,6,54,8.894641548219932e+18,GALAXY,0.0207259,7900,57358,117
1.2376788794123884e+18,5.44849712330171,-3.53663213585988,25.66337,23.91907,21.23115,20.17778,19.53318,7778,301,1,353,8.894880691998971e+18,GALAXY,0.5469817,7900,57358,987
1.237678879411471e+18,3.40132902957203,-3.43430250826966,24.11121,25.49097,21.6943,20.58539,19.88172,7778,301,1,339,8.894775138882705e+18,GALAXY,0.7150424,7900,57358,603
1.2376793244603515e+18,8.35760278346056,-4.03789610809378,23.32222,22.17031,21.0498,20.03789,20.9079,7881,301,6,78,8.899232559021709e+18,GALAXY,0.3324195,7904,57358,435
1.237680275261817e+18,4.95387429157773,26.2857020579913,21.0456,20.62264,20.11115,19.95503,19.59753,8103,301,1,125,8.626835150309971e+18,QSO,2.538694,7662,57358,691
1.237666338652357e+18,17.2124917259668,-0.481064396922202,23.0217,22.86833,22.61644,21.86878,21.6214,4858,301,2,469,9.895639957804175e+18,GALAXY,0.6629668,8789,57358,384
1.237679322850263e+18,9.67302335245503,-5.32730132039717,20.05795,19.48558,19.25879,19.14024,18.69389,7881,301,3,86,8.899157517353114e+18,QSO,2.184431,7904,57358,162
1.2376663386530775e+18,18.9001478638989,-0.436396072191322,20.84268,19.6257,18.64035,18.06281,17.78645,4858,301,2,480,9.895534679565818e+18,GALAXY,0.1845138,8789,57358,1
1.237666339726754e+18,18.6541174720826,0.336722207021756,21.09256,19.55667,18.43311,17.92924,17.54952,4858,301,4,479,9.895787842118111e+18,GALAXY,0.2710486,8789,57358,922
1.2376793244578616e+18,2.72570670343663,-4.0425032370312,22.17905,21.86347,21.88184,21.79173,21.41725,7881,301,6,40,8.894746826458289e+18,QSO,2.129087,7900,57358,500
1.2376785809042317e+18,4.41577585505399,25.4553196797136,22.40627,23.2105,22.13235,21.02539,19.9425,7708,301,5,232,8.626763682054167e+18,QSO,0.9379871,7662,57358,431
1.2376802763356905e+18,5.29826676201344,27.135468768104,23.35855,23.06261,21.39258,20.11619,19.26993,8103,301,3,127,8.626851642984389e+18,STAR,-0.0002021884,7662,57358,751
1.2376663397262295e+18,17.5497867754631,0.336872638649944,20.89428,19.79743,18.85384,18.41691,18.04358,4858,301,4,471,9.895724070443702e+18,GALAXY,0.2531777,8789,57358,690
1.2376802757987535e+18,5.06271798565621,26.6651855545925,22.44145,23.03055,21.23668,20.21327,19.49679,8103,301,2,126,8.626841472501832e+18,GALAXY,0.5871161,7662,57358,714
1.237663783668221e+18,17.6261105371573,-0.262784712345437,21.48288,20.42896,19.30504,18.88415,18.66371,4263,301,3,233,9.895618517327438e+18,GALAXY,0.2710504,8789,57358,306
1.2376790791283023e+18,5.37467928588197,-4.17837709338279,25.66615,23.00729,21.56267,20.39944,19.75282,7824,301,5,352,8.894610212138539e+18,GALAXY,0.6036529,7900,57358,3
1.2376802752625382e+18,6.74802409979452,26.2948496157155,21.79428,21.37769,21.1347,20.74974,20.29306,8103,301,1,136,8.626916789048334e+18,QSO,1.606776,7662,57358,988
1.2376802752624724e+18,6.61242161818404,26.2871720601836,20.61213,20.18499,20.05757,19.80474,19.70814,8103,301,1,135,8.626913490513451e+18,QSO,1.66542,7662,57358,976
1.237663785278964e+18,17.8350365314478,0.991483261951551,22.63584,22.21988,22.20469,21.83064,21.57218,4263,301,6,235,9.895739738484398e+18,STAR,-0.0007979456,8789,57358,747
1.237680275798492e+18,4.42648547392361,26.8008577253607,25.69007,23.44519,21.58787,20.29657,19.62464,8103,301,2,122,8.626805463496022e+18,GALAXY,0.6804907,7662,57358,583
1.2376663397261642e+18,17.278528595191,0.218679724714361,23.24133,22.38506,22.46256,22.46844,21.57347,4858,301,4,470,9.89570345460068e+18,QSO,2.634214,8789,57358,615
1.237680275261752e+18,4.85001084309857,26.2617852749214,23.50576,23.18598,21.61815,20.40376,19.5676,8103,301,1,124,8.626824155193694e+18,GALAXY,0.6758693,7662,57358,651
1.2376637852787016e+18,17.3273690204246,0.905381698859785,20.16241,20.03882,19.6374,19.69473,19.68862,4263,301,6,231,9.895708677280911e+18,QSO,1.35573,8789,57358,634
1.2376802752624074e+18,6.45719092518164,26.3158891596143,26.10623,23.49861,21.59511,20.50336,19.82888,8103,301,1,134,8.626911016612289e+18,GALAXY,0.5940167,7662,57358,967
1.2376802752615547e+18,4.24012526767979,26.2958121410276,22.69494,21.93556,21.88609,21.69121,21.33181,8103,301,1,121,8.626786771798351e+18,QSO,2.273092,7662,57358,515
1.2376785814420198e+18,6.69168180188223,25.9561704145417,26.28299,22.91573,21.57089,20.53367,19.77297,7708,301,6,246,8.626654830403016e+18,GALAXY,0.5821242,7662,57358,35
1.2376637847417656e+18,17.1277625648668,0.614713113179408,23.70003,22.94299,21.54301,20.18929,19.46235,4263,301,5,230,9.895688886071611e+18,STAR,0.0001864492,8789,57358,562
1.2376802752624727e+18,6.56522331001975,26.3171039501387,22.56379,23.02584,22.02227,20.7401,19.78807,8103,301,1,135,8.626913765391358e+18,QSO,0.09375242,7662,57358,977
1.237666339726361e+18,17.7954097051108,0.285912411876519,22.10355,21.73517,20.12644,19.4719,19.03492,4858,301,4,473,9.895735615315794e+18,QSO,0.3607115,8789,57358,732
1.237666339726885e+18,18.9109671832496,0.413445680225405,24.28318,22.4729,22.06767,21.75075,21.74379,4858,301,4,481,9.8957952638216e+18,QSO,1.508704,8789,57358,949
1.2376793244609413e+18,9.72236848795794,-4.10264627770471,24.7801,22.18738,21.99846,20.76633,22.8269,7881,301,6,87,8.899155318329858e+18,QSO,1.170976,7904,57358,154
1.2376794334491443e+18,10.0958338828628,-3.67653415625516,24.92618,22.43836,21.52566,20.31457,19.7224,7907,301,1,139,8.899370272853088e+18,STAR,2.14274e-05,7904,57358,936
1.2376637852784394e+18,16.7323203978188,1.00469681837192,17.71486,16.6951,16.45313,16.3476,16.33632,4263,301,6,227,9.895683113635568e+18,STAR,-0.0001345954,8789,57358,541
1.237663783131808e+18,18.6305610237803,-0.801618109763767,21.68472,20.76438,20.60584,20.61922,20.76078,4263,301,2,240,9.895556669798371e+18,STAR,-0.000528081,8789,57358,81
1.2376802763355594e+18,4.98907770669763,27.1984726124964,21.44906,25.02941,22.33444,20.76303,19.84637,8103,301,3,125,8.626827178850671e+18,GALAXY,0.6774921,7662,57358,662
1.237663785278833e+18,17.5508030125489,0.889061850183962,22.64194,22.61187,21.94489,21.67456,21.04394,4263,301,6,233,9.895730942391376e+18,GALAXY,0.3217516,8789,57358,715
1.2376637852787676e+18,17.4306981182592,1.00346633377641,24.58125,22.53161,22.30119,22.25506,21.56607,4263,301,6,232,9.895718572885563e+18,STAR,-0.0006471761,8789,57358,670
1.2376794334485548e+18,8.79499120323857,-3.68313597430534,21.39381,21.18224,21.26093,20.79168,20.78607,7907,301,1,130,8.899308700201933e+18,QSO,1.823806,7904,57358,712
1.2376637852790295e+18,18.0580722745915,1.02550394300628,22.83241,22.84488,21.99432,21.55142,21.51467,4263,301,6,236,9.895750458722769e+18,GALAXY,0.2806738,8789,57358,786
1.2376663397262956e+18,17.5931496973047,0.348093698687022,22.14045,21.60793,21.54482,21.76954,21.97786,4858,301,4,472,9.895734790682071e+18,STAR,7.569019e-05,8789,57358,729
1.2376802752622103e+18,5.97272803927353,26.273925436745,22.34177,21.83516,21.54084,21.6108,21.54152,8103,301,1,131,8.62689012589136e+18,GALAXY,1.460053,7662,57358,891
1.237679079127319e+18,3.04095791226381,-4.23040431262184,25.61105,23.11627,21.5048,20.44829,19.72507,7824,301,5,337,8.894741054022244e+18,GALAXY,0.5761018,7900,57358,479
1.2376794345201344e+18,3.82333434075501,-2.84840914458475,25.15525,22.93115,21.74875,20.73022,19.72156,7907,301,3,97,8.894803176429213e+18,GALAXY,0.8662244,7900,57358,705
1.237680275262341e+18,6.21089769632385,26.3821848441442,21.29044,21.05076,20.73796,20.76973,21.76691,8103,301,1,133,8.626899746618104e+18,QSO,1.389474,7662,57358,926
1.2376794339855567e+18,9.09854268449779,-3.24359996995664,24.72883,21.8399,20.40736,19.90398,19.7061,7907,301,2,132,8.899321619463558e+18,GALAXY,0.309873,7904,57358,759
1.2376790791279086e+18,4.43690842437333,-4.26487432171952,21.58393,21.51284,21.24347,21.39046,21.17862,7824,301,5,346,8.894662713818765e+18,QSO,1.01785,7900,57358,194
1.23766633972682e+18,18.8202848661173,0.299177063943507,23.15578,22.14268,21.88121,21.69358,21.28273,4858,301,4,480,9.895795813577417e+18,GALAXY,0.4201878,8789,57358,951
1.2376802757985577e+18,4.68178854704479,26.7609657054099,22.41599,23.74643,22.53879,20.83914,19.81828,8103,301,2,123,8.626820306903e+18,GALAXY,0.9541966,7662,57358,637
1.2376663397266227e+18,18.3164839467014,0.271875312013556,23.12601,22.99529,22.07392,21.95748,21.43557,4858,301,4,477,9.89576832578672e+18,GALAXY,0.3052401,8789,57358,851
1.2376663397266227e+18,18.449208604684,0.346177172726356,21.93751,21.71177,21.05448,20.83603,20.61542,4858,301,4,477,9.895779870658812e+18,GALAXY,0.393803,8789,57358,893
1.2376790791273188e+18,3.14683446480385,-4.27331493102611,20.76345,20.25596,19.5205,19.22726,18.77679,7824,301,5,337,8.894725935737363e+18,GALAXY,0.3432425,7900,57358,424
1.2376785814412997e+18,4.97835376971489,25.9338962322063,23.56512,23.52074,22.09411,20.79204,19.90563,7708,301,6,235,8.626837349333228e+18,QSO,1.074187,7662,57358,699
1.237663785279226e+18,18.4341785552572,1.01263117842988,24.69711,22.07318,21.39481,21.02725,20.82723,4263,301,6,239,9.895772998711138e+18,STAR,0.0002296746,8789,57358,868
1.2376637852786363e+18,17.1193497614846,0.953500553300667,23.07754,22.36884,22.13726,21.72984,21.39899,4263,301,6,230,9.895707852647193e+18,QSO,2.858923,8789,57358,631
1.237663785279292e+18,18.6838869464271,0.967943563997472,22.5202,21.82538,21.39333,21.12729,21.52766,4263,301,6,240,9.895784268705323e+18,QSO,1.131265,8789,57358,909
1.237680277408449e+18,2.7955182717875,27.971678876228,23.76555,22.20953,21.72222,21.14871,21.35357,8103,301,5,112,8.66281749297944e+18,GALAXY,0.1716169,7694,57359,522
1.2376802768717087e+18,3.00777825582804,27.6265827769548,21.40239,20.94991,21.16235,20.86815,21.13316,8103,301,4,114,8.662804298839905e+18,QSO,2.188701,7694,57359,474
1.237680275797902e+18,2.96264937466179,26.828794912302,26.74355,23.85232,21.95305,20.74261,19.73049,8103,301,2,113,8.66277791056084e+18,GALAXY,0.0,7694,57359,378
1.2376803316454536e+18,13.9260478730733,28.9897679233914,23.85094,23.48997,21.78428,20.53221,19.8147,8116,301,2,311,8.640420166243736e+18,GALAXY,0.6983,7674,57359,961
1.2376802768717747e+18,3.32017863011447,27.5794851265602,22.27982,22.55559,21.78318,20.6081,19.61696,8103,301,4,115,8.662779284950374e+18,GALAXY,1.332117,7694,57359,383
1.2376802768723643e+18,4.77743320319018,27.6569992265278,21.08988,21.25347,21.34864,21.54111,21.68733,8103,301,4,124,8.662714688642244e+18,QSO,2.083111,7694,57359,148
1.237680276335494e+18,4.84798050742125,27.1564329292619,23.49747,23.25548,22.81749,21.61155,19.96872,8103,301,3,124,8.662708366450383e+18,GALAXY,0.6435516,7694,57359,125
1.2376802774093668e+18,5.08605047709852,27.9731199125357,26.25743,23.71651,22.11722,20.56566,19.78178,8103,301,5,126,8.662930467799194e+18,GALAXY,0.5742282,7694,57359,933
1.2376802763347727e+18,2.93426881555683,27.1439705309521,21.73201,21.51615,21.61932,21.27373,21.0436,8103,301,3,113,8.662806772741069e+18,QSO,2.051927,7694,57359,483
1.2376802774094323e+18,5.35866683304931,27.9478061361566,24.11755,24.42521,22.38237,20.82201,19.85733,8103,301,5,127,8.662943112182914e+18,GALAXY,0.721337,7694,57359,979
1.2376793223273516e+18,41.6646333296344,-4.71982893778101,20.61292,20.46609,20.23855,20.26769,19.99578,7881,301,2,299,8.8710644455244e+18,QSO,0.9386302,7879,57359,360
1.2376802774087767e+18,3.5075897546115,27.940549285882,22.31463,20.41741,19.91739,19.76661,19.7856,8103,301,5,117,8.662842506868972e+18,QSO,2.782624,7694,57359,613
1.237680277408646e+18,3.27380162073308,27.9443494376212,24.6806,22.66776,22.07477,20.68316,19.96471,8103,301,5,115,8.662841957113159e+18,GALAXY,0.8802038,7694,57359,611
1.2376793228638948e+18,40.9448670190636,-4.4238792707511,20.40202,20.11547,20.02388,19.79781,19.95233,7881,301,3,294,8.8711119994023e+18,QSO,0.539145,7879,57359,533
1.237680276872168e+18,4.20146779429945,27.6604404215466,22.28907,21.62424,20.73118,20.34168,19.77192,8103,301,4,121,8.662736953752706e+18,GALAXY,0.4683611,7694,57359,229
1.2376802768725612e+18,5.30257622021605,27.5586862388342,21.32253,20.94268,20.60256,20.10458,20.10582,8103,301,4,127,8.662681428415502e+18,QSO,1.725844,7694,57359,27
1.237680277409497e+18,5.40092142773915,28.0530914757218,19.39376,17.22701,16.17957,15.75248,15.37808,8103,301,5,128,8.662940638281751e+18,GALAXY,0.0947286,7694,57359,970
1.2376793217912676e+18,43.4066612253366,-5.16261334648511,24.96803,23.65924,21.61699,20.48818,19.63758,7881,301,1,311,8.870971261913946e+18,GALAXY,0.7476695,7879,57359,21
1.2376802768717087e+18,3.05714150459562,27.5304259475187,20.7168,21.0349,20.74998,20.59945,20.56938,8103,301,4,114,8.662805948107347e+18,QSO,1.308278,7694,57359,480
1.237680284382659e+18,13.5309391031143,29.2351633348563,22.33216,22.64041,21.89767,20.50996,19.84054,8105,301,2,34,8.640403673569319e+18,GALAXY,0.8135357,7674,57359,901
1.2376792546742769e+18,40.7992404982393,-3.84197588720806,23.68538,21.59795,21.18246,21.22307,21.05293,7865,301,4,187,8.871118871349974e+18,QSO,3.034073,7879,57359,558
1.2376802774093665e+18,5.02623463959412,28.0581557959817,19.75068,19.64277,19.36223,19.06267,18.9127,8103,301,5,126,8.662928543653845e+18,QSO,0.2440591,7694,57359,926
1.2376802774084493e+18,2.80206701257794,28.0831507662426,24.70588,24.02996,21.84566,20.44938,19.71898,8103,301,5,112,8.662818867368974e+18,GALAXY,0.8106354,7694,57359,527
1.237679254675194e+18,42.9009452168876,-3.55446912306206,21.30974,21.21774,21.27852,20.99371,20.87445,7865,301,4,201,8.87122717324531e+18,QSO,2.074435,7879,57359,952
1.237680331645191e+18,13.2159301731093,28.9547637027518,20.86729,20.55967,20.46472,20.12724,20.07096,8116,301,2,307,8.640384157237926e+18,QSO,1.782578,7674,57359,830
1.2376802774089736e+18,4.01603877390562,27.9415746746484,24.4135,23.26839,21.63172,20.41364,19.50997,8103,301,5,120,8.662874942461991e+18,GALAXY,0.7507319,7694,57359,731
1.237680276871578e+18,2.76798366563457,27.6733415084435,20.90096,20.15219,19.99617,19.83377,19.97292,8103,301,4,112,8.662822440781765e+18,QSO,2.293736,7694,57359,540
1.2376802774084485e+18,2.6976383211977,28.0113431837136,21.57082,21.16586,23.03745,21.50769,19.64904,8103,301,5,112,8.662820516636416e+18,GALAXY,0.324064,7694,57359,533
1.237673700208346e+18,42.8422341463675,-4.08219074414784,25.98906,23.23693,21.22125,20.20795,19.56307,6572,301,2,195,8.871231296413915e+18,GALAXY,0.5390908,7879,57359,967
1.2376802763356244e+18,5.0698484740293,27.2217523050734,20.95087,19.63202,19.12571,18.94975,18.98712,8103,301,3,126,8.662690499386431e+18,STAR,-0.0004225007,7694,57359,60
1.2376802774093668e+18,5.10611118945963,27.9648681369033,24.39693,22.88625,21.34975,20.34685,19.3432,8103,301,5,126,8.662931017555007e+18,GALAXY,0.5357366,7694,57359,935
1.2376802774094318e+18,5.35214386842051,28.0114876619108,20.84546,19.07143,18.13459,17.7319,17.35361,8103,301,5,127,8.662942012671285e+18,GALAXY,0.09542216,7694,57359,975
1.237680276872037e+18,3.92018937843909,27.594855979161,27.10148,23.08081,21.19484,20.11905,19.21258,8103,301,4,119,8.662760043496888e+18,GALAXY,0.9348903,7694,57359,313
1.2376793223271547e+18,41.1245855954341,-4.74865890069138,20.69975,20.68847,20.39932,20.56982,20.29451,7881,301,2,296,8.871097155995326e+18,QSO,1.322665,7879,57359,479
1.2376737002080837e+18,42.2670973850651,-4.45270636104947,24.78386,23.13228,21.69069,20.57041,19.85769,6572,301,2,191,8.87118951497206e+18,GALAXY,0.7339775,7879,57359,815
1.2376802768718405e+18,3.43940426779136,27.6603243403291,25.47071,24.76599,21.91052,20.77851,19.92713,8103,301,4,116,8.662780384462e+18,GALAXY,0.6261119,7694,57359,387
1.2376802774087764e+18,3.53391379468502,27.9482959681051,21.28159,21.07127,20.67586,20.74659,20.80021,8103,301,5,117,8.662850203450366e+18,QSO,1.244081,7694,57359,641
1.237680275798295e+18,3.88885989312416,26.8326393455037,24.83283,23.49124,21.54998,19.98981,19.15857,8103,301,2,119,8.662745200089913e+18,STAR,4.038383e-06,7694,57359,259
1.2376802768722332e+18,4.43032092501704,27.4978340211334,21.34814,21.2078,20.96066,20.83145,21.72952,8103,301,4,122,8.662737503508519e+18,GALAXY,0.9228579,7694,57359,231
1.2376802768722332e+18,4.36519052015296,27.5298968830299,25.80712,22.13994,20.69001,19.11986,18.46607,8103,301,4,122,8.662738603020147e+18,STAR,-5.919224e-05,7694,57359,235
1.2376802768715123e+18,2.58147786007623,27.5757586208553,21.11596,20.92621,20.90037,20.53036,20.47713,8103,301,4,111,8.662803749084092e+18,QSO,1.680143,7694,57359,472
1.2376802774085796e+18,3.02429476916012,27.908783838204,24.53586,23.91652,21.57561,20.29054,19.6026,8103,301,5,114,8.662821616148043e+18,GALAXY,0.6340213,7694,57359,537
1.23768027687243e+18,4.9665230924038,27.5779202979815,22.48079,21.48216,20.35747,19.85872,19.63251,8103,301,4,125,8.662702868892243e+18,STAR,-0.0003464938,7694,57359,105
1.2376802768724298e+18,4.91648163621841,27.6693619689264,21.33234,21.71683,21.41519,21.04468,20.79293,8103,301,4,125,8.662702044258523e+18,QSO,0.7548301,7694,57359,102
1.23768027687184e+18,3.36106394446665,27.6948032627411,19.29578,18.25849,17.97264,17.86844,17.84255,8103,301,4,116,8.66278148397363e+18,STAR,-0.0003373451,7694,57359,391
1.2376792546746698e+18,41.7728157050691,-3.6511918779766,21.69257,21.55252,21.28337,21.11802,21.24848,7865,301,4,193,8.871178244977875e+18,GALAXY,0.0,7879,57359,774
1.2376802774092357e+18,4.71272581494759,28.0656360271229,25.07732,23.9524,21.91736,20.83927,19.93167,8103,301,5,124,8.662908477566638e+18,GALAXY,0.8948895,7694,57359,853
1.237673700208346e+18,42.7491056739972,-3.92575996904135,22.85991,23.35504,21.74961,20.72932,19.98171,6572,301,2,195,8.87121920178601e+18,QSO,6.532517,7879,57359,923
1.2376802768722988e+18,4.53342157346958,27.5195024169884,21.68206,21.15235,20.72409,20.28001,20.34541,8103,301,4,123,8.662726783270147e+18,QSO,1.832203,7694,57359,192
1.2376793228644196e+18,42.1025740126202,-4.33267638578477,22.45285,20.62595,19.96722,19.71332,19.68234,7881,301,3,302,8.87117879473369e+18,STAR,1.850482e-05,7879,57359,776
1.2376802768724303e+18,5.01945909633992,27.5837853274254,23.24756,23.71911,23.06386,21.76224,19.8655,8103,301,4,125,8.662692973287594e+18,GALAXY,0.811777,7694,57359,69
1.2376793223271547e+18,41.2205462689917,-4.72354929621954,21.11004,20.4997,20.2103,20.08876,19.72663,7881,301,2,296,8.871124918663928e+18,STAR,-0.0001500388,7879,57359,580
1.237680277409039e+18,4.29078638932464,28.118936239269,23.31533,23.10752,21.59367,20.09761,19.41304,8103,301,5,121,8.662885937578269e+18,GALAXY,0.73593,7694,57359,771
1.23768027687243e+18,4.9207732160794,27.5695861750141,27.3126,22.85495,21.11194,20.10038,19.31262,8103,301,4,125,8.66270231913643e+18,GALAXY,0.5741926,7694,57359,103
1.2376737002081495e+18,42.528581014414,-4.36873675565709,26.46673,23.96162,21.97172,20.52098,19.57474,6572,301,2,192,8.871211505204614e+18,GALAXY,0.7812952,7879,57359,895
1.2376802774094976e+18,5.50995465267658,28.0640182365642,21.11597,19.39932,18.44417,18.03193,17.74632,8103,301,5,128,8.662948059985238e+18,GALAXY,0.09214478,7694,57359,997
1.2376802774090383e+18,4.33458208317268,28.0423657362234,21.35944,22.03209,21.74913,21.45478,20.81053,8103,301,5,121,8.662887311967803e+18,QSO,1.053103,7694,57359,776
1.2376802774084495e+18,2.72816839134765,28.1046871393106,22.85799,23.09493,21.94765,20.85138,19.86419,8103,301,5,112,8.662819417124789e+18,GALAXY,0.9269474,7694,57359,529
1.2376737002081492e+18,42.4367209424324,-4.41031025778284,25.64436,23.62509,21.68648,20.5613,19.72163,6572,301,2,192,8.87120105984415e+18,GALAXY,0.6287992,7879,57359,857
1.23768027687243e+18,4.92561570132523,27.5911936090234,24.5285,22.55291,20.67229,20.11106,19.65716,8103,301,4,125,8.662703693525965e+18,STAR,3.471975e-05,7694,57359,108
1.237680277409497e+18,5.40888145269895,28.1204332838189,19.89898,18.05212,17.04031,16.59816,16.20257,8103,301,5,128,8.662946410717796e+18,GALAXY,0.09435399,7694,57359,991
1.2376802768718395e+18,3.41360531269612,27.5348518653494,17.90094,17.71411,17.70846,17.69941,17.39151,8103,301,4,116,8.662782858363165e+18,QSO,0.396971,7694,57359,396
1.2376792546742766e+18,40.8737833582967,-3.73956036922687,21.33359,21.04825,20.9631,20.49228,20.16489,7865,301,4,187,8.871118321594161e+18,QSO,1.809921,7879,57359,556
1.2376792546751288e+18,42.7477171444068,-3.71834471156628,22.07092,21.6405,21.58312,21.41368,20.96841,7865,301,4,200,8.871227448123218e+18,QSO,2.792215,7879,57359,953
1.2376802768722335e+18,4.44700095603793,27.5742304565862,26.88658,23.74085,22.165,21.058,19.95501,8103,301,4,122,8.662725958636427e+18,STAR,4.318395e-05,7694,57359,189
1.2376802768724298e+18,4.89083813349998,27.5300975830651,21.77429,21.62444,21.46722,21.20398,22.10517,8103,301,4,125,8.662702594014338e+18,STAR,-0.0004041147,7694,57359,104
1.2376802774084493e+18,2.66114998159918,27.938406653455,23.54744,23.12793,21.65047,20.635,19.87675,8103,301,5,112,8.662817767857348e+18,STAR,1.124356e-05,7694,57359,523
1.2376737002076247e+18,41.565101717207,-5.22249778073228,23.67488,23.42078,21.67393,20.57051,19.91707,6572,301,2,184,8.87106087211161e+18,GALAXY,0.5835845,7879,57359,347
1.2376802763371978e+18,9.21060541367666,27.1010843769227,25.06192,23.87035,22.26503,20.63288,19.49168,8103,301,3,150,8.636892932958608e+18,GALAXY,0.6533515,7671,57360,417
1.237680276873871e+18,8.71533305417017,27.4542162193531,20.6985,20.79628,20.66166,20.31558,20.47254,8103,301,4,147,8.636913823679534e+18,QSO,1.858995,7671,57360,493
1.2376802758007196e+18,10.0577115691043,26.6475248319547,24.28254,23.30665,21.9547,20.56633,19.79264,8103,301,2,156,8.636845653958613e+18,STAR,-0.0001025521,7671,57360,245
1.2376663397259676e+18,16.9273321668676,0.262075266149664,22.53688,20.17668,18.9347,18.43952,18.09944,4858,301,4,467,9.894680908820404e+18,GALAXY,0.224396,8788,57360,991
1.2376802763372636e+18,9.28263786330155,27.0479322888575,22.14396,22.6386,21.77016,20.73183,19.91074,8103,301,3,151,8.636893482714421e+18,GALAXY,0.6458052,7671,57360,419
1.2376663397254438e+18,15.7442714415213,0.210470934427894,22.92841,21.77522,21.63414,21.48595,21.55873,4858,301,4,459,9.894630331285529e+18,STAR,-0.0003519089,8788,57360,807
1.23766320492046e+18,14.4264687306927,0.793959568809397,25.62925,24.01382,21.82409,21.00595,21.14345,4128,301,5,219,9.89455721376228e+18,GALAXY,0.4862283,8788,57360,541
1.2376637852780467e+18,15.7846252511428,1.02077202856544,24.33592,25.06996,24.52456,22.46255,22.48976,4263,301,6,221,9.894623184459946e+18,GALAXY,0.6531466,8788,57360,781
1.2376637842040425e+18,15.2474506779466,0.205056586126894,21.94645,20.88205,19.71099,19.31448,18.88112,4263,301,4,217,9.89461026519832e+18,QSO,0.3486307,8788,57360,734
1.2376632049212462e+18,16.1810582147523,0.695664406328828,23.50692,22.33486,21.89781,21.6221,21.6542,4128,301,5,231,9.894649572739013e+18,STAR,-0.001013552,8788,57360,877
1.2376802763374597e+18,9.76219059481446,27.1424108322594,20.5739,20.29494,19.9652,19.98136,19.95412,8103,301,3,154,8.6368530756621e+18,QSO,0.9768867,7671,57360,272
1.2376802768741335e+18,9.35048620789917,27.4733738336635,21.31213,21.05941,20.56682,20.43892,20.11953,8103,301,4,151,8.636885786133027e+18,GALAXY,0.8621973,7671,57360,391
1.23768027633746e+18,9.77667482410288,27.1061438467014,23.78164,23.39847,21.35696,19.59505,18.63015,8103,301,3,154,8.636860772243495e+18,STAR,-7.934051e-05,7671,57360,300
1.2376802768741335e+18,9.32376899342785,27.5287990573992,21.00463,20.92568,20.46642,20.33807,20.58827,8103,301,4,151,8.63688551125512e+18,QSO,1.963203,7671,57360,390
1.2376802758005883e+18,9.85018410115305,26.6222732983752,20.24072,20.0444,19.83692,19.63163,19.45007,8103,301,2,154,8.63685582444117e+18,QSO,0.6622238,7671,57360,282
1.2376663397251812e+18,15.0159742421598,0.303960320644061,22.66006,22.28445,22.133,22.00772,21.80901,4858,301,4,455,9.894588274965764e+18,QSO,2.024974,8788,57360,654
1.237680276873872e+18,8.64017244421268,27.6257475543516,26.00789,22.47585,20.93837,19.51101,18.69641,8103,301,4,147,8.636915472946976e+18,STAR,-0.0001210283,7671,57360,499
1.2376802768741345e+18,9.25272391270346,27.5930771625878,25.38361,23.97585,22.35969,20.93407,19.98488,8103,301,4,151,8.636886885644655e+18,GALAXY,0.6321102,7671,57360,395
1.2376802768740685e+18,9.09455780665746,27.4881620601682,22.26773,21.36876,20.97496,21.06607,20.85632,8103,301,4,150,8.636898155638838e+18,QSO,0.9040595,7671,57360,436
1.2376802768739372e+18,8.88479589955375,27.5748606498399,21.08845,20.67907,20.35942,19.90499,19.36785,8103,301,4,148,8.636909425633024e+18,QSO,0.4280173,7671,57360,477
1.2376637825934295e+18,15.1714339877466,-1.11439672415673,22.55928,20.59271,19.08126,18.52798,18.04249,4263,301,1,217,9.89449701550066e+18,GALAXY,0.29559,8788,57360,322
1.237680284382791e+18,13.8989369056611,29.2419965756591,24.23217,23.98495,22.06147,20.92305,19.68511,8105,301,2,36,8.693164838556555e+18,GALAXY,0.8112407,7721,57360,333
1.2376637852779812e+18,15.7049517159139,0.967680101544271,22.85036,22.55812,22.1397,21.93007,22.45285,4263,301,6,220,9.894625933239015e+18,STAR,0.001962121,8788,57360,791
1.237666338651112e+18,14.3336531990777,-0.53632361768096,22.2324,21.77727,21.12743,21.01624,20.5414,4858,301,2,450,9.894537422552982e+18,GALAXY,0.2887845,8788,57360,469
1.2376802768745272e+18,10.3836392634752,27.4550591438617,22.11223,21.56003,21.56783,21.45433,21.76093,8103,301,4,157,8.636829436162102e+18,QSO,2.104563,7671,57360,186
1.237663784204764e+18,16.8422870770728,0.174719105256224,22.79858,22.90299,22.97732,21.99989,21.67516,4263,301,4,228,9.894682558087844e+18,QSO,1.744734,8788,57360,997
1.2376802859937308e+18,14.9080436146475,30.2808478641042,22.49678,22.67948,21.77271,20.67163,19.96084,8105,301,5,41,8.693308324823981e+18,GALAXY,0.6959953,7721,57360,855
1.237663783130563e+18,15.8323181708272,-0.839048120729255,22.52798,21.34703,20.77868,20.54234,20.4634,4263,301,2,221,9.894465129663451e+18,STAR,-0.0006939106,8788,57360,206
1.2376802774106117e+18,8.30606332226154,27.9613377999916,22.62834,21.80103,21.81257,21.1867,20.78321,8103,301,5,145,8.636917397092324e+18,QSO,1.398754,7671,57360,506
1.2376663397258363e+18,16.5941788501183,0.368552244689987,21.97387,22.10432,21.80298,21.44331,22.11148,4858,301,4,465,9.8946767856518e+18,QSO,1.771467,8788,57360,976
1.2376663397255744e+18,15.9294459048593,0.403893043839557,23.86578,22.53287,22.0991,21.3706,21.32934,4858,301,4,461,9.894640226890177e+18,QSO,0.7915329,8788,57360,843
1.2376802774113329e+18,10.1736036307791,27.9104743075307,24.5109,24.39893,21.94912,20.79485,19.69046,8103,301,5,156,8.637003433877199e+18,GALAXY,0.8391594,7671,57360,819
1.2376663397253125e+18,15.3935494312447,0.345415827619576,22.47827,22.59159,22.02998,21.83585,21.54582,4858,301,4,457,9.894608615930876e+18,GALAXY,0.6970778,8788,57360,728
1.237680285993862e+18,15.1848171982784,30.3810846561475,23.14519,25.38788,22.38594,20.88977,19.89988,8105,301,5,43,8.693319869696072e+18,STAR,-0.0002666972,7721,57360,897
1.2376802768739372e+18,8.74958667494326,27.6052919403518,21.45911,21.11119,22.43815,21.49721,21.18435,8103,301,4,148,8.636913548801629e+18,STAR,-0.0007820653,7671,57360,492
1.2376802768741335e+18,9.39460254785604,27.4519881574428,19.05828,18.04428,17.71124,17.57939,17.5807,8103,301,4,151,8.636876165406283e+18,STAR,-0.0008007277,7671,57360,356
1.237680331645977e+18,15.31037322476,28.9228342525604,21.11909,20.96313,20.65218,20.62996,20.56843,8116,301,2,319,8.693099142736796e+18,QSO,1.162056,7721,57360,94
1.2376637852773916e+18,14.3560912442022,0.941704040019919,24.14969,24.23353,22.46367,22.45994,22.28628,4263,301,6,211,9.894557488640186e+18,GALAXY,0.4658284,8788,57360,542
1.2376663397259676e+18,16.9498197459605,0.225949985297657,21.33837,20.86573,20.64054,20.67772,20.21401,4858,301,4,467,9.894548967425071e+18,GALAXY,0.0,8788,57360,511
1.2376802774110707e+18,9.5763296571746,28.025481227815,23.36342,24.73019,21.7699,20.68194,19.98835,8103,301,5,152,8.636967699749296e+18,GALAXY,0.5448686,7671,57360,689
1.2376637852781128e+18,15.8832101914341,0.955290318367328,25.91377,24.78103,23.11737,21.99245,22.27318,4263,301,6,222,9.894636103721572e+18,GALAXY,0.5273524,8788,57360,828
1.2376637847415035e+18,16.5027462256274,0.473667855895116,25.02281,23.00764,22.36027,22.154,21.48849,4263,301,5,226,9.894663041756453e+18,QSO,2.117158,8788,57360,926
1.237680333793657e+18,15.8659404120046,30.4906956590805,23.37152,21.30158,19.90008,19.32057,19.011,8116,301,6,322,8.693345708219324e+18,GALAXY,0.2346958,7721,57360,991
1.2376663397253128e+18,15.4486471525104,0.261572711703984,23.17486,22.88454,22.22907,21.83928,20.99221,4858,301,4,457,9.894618786413437e+18,GALAXY,0.4561578,8788,57360,765
1.2376802758006548e+18,10.0162856317012,26.7619282499361,26.10933,23.55263,21.86469,20.61775,19.53173,8103,301,2,155,8.63684675347024e+18,GALAXY,0.6164278,7671,57360,249
1.2376802768742e+18,9.42983329365137,27.580001412959,27.66154,22.78422,21.42549,20.24782,19.1438,8103,301,4,152,8.636875340772563e+18,GALAXY,0.7187568,7671,57360,353
1.2376663397258368e+18,16.5658210358454,0.365786944258697,22.34778,21.94227,22.07694,22.13613,22.0037,4858,301,4,465,9.894663866390174e+18,STAR,-1.547312e-05,8788,57360,929
1.2376637852779151e+18,15.4234041077557,0.88810396617219,24.66757,22.90957,22.14024,21.69007,21.49541,4263,301,6,219,9.894614388366926e+18,STAR,-0.0001031404,8788,57360,749
1.237680331645387e+18,13.6262782816267,28.9848120392001,20.41236,20.15122,20.0066,19.72278,19.63382,8116,301,2,310,8.693184354887948e+18,QSO,1.61828,7721,57360,404
1.237663783130956e+18,16.6555254355552,-0.782824093194749,20.55794,20.77215,20.32149,20.38901,20.70134,4263,301,2,227,9.894420874320435e+18,QSO,1.219414,8788,57360,45
1.2376802843829873e+18,14.4225079211852,29.1821025511437,26.10124,23.22758,22.22006,20.89786,19.79364,8105,301,2,39,8.693141199056558e+18,GALAXY,0.7154956,7721,57360,247
1.2376802758007204e+18,10.0565377289238,26.7134650091792,22.55681,24.06457,21.97327,20.85858,19.8116,8103,301,2,156,8.636847303226055e+18,QSO,1.604675,7671,57360,251
1.2376802758005235e+18,9.70939630617943,26.766146276292,24.31653,24.53066,21.57928,20.5122,19.85986,8103,301,2,153,8.636857748586519e+18,GALAXY,0.7617668,7671,57360,289
1.2376663397259028e+18,16.8004880638406,0.262828643909233,25.60896,22.34826,20.95323,20.54521,20.1713,4858,301,4,466,9.894679809308776e+18,GALAXY,0.4343434,8788,57360,987
1.2376663386512433e+18,14.6291424915229,-0.458975899417683,22.57779,24.51846,22.65448,22.83424,22.69958,4858,301,2,452,9.894524228413446e+18,QSO,1.500298,8788,57360,421
1.237680285994124e+18,15.8330589611253,30.3224658059049,23.51236,23.47375,23.24541,21.54165,19.52259,8105,301,5,47,8.693347907242579e+18,GALAXY,-0.005675106,7721,57360,999
1.237680276874331e+18,9.85966405406435,27.5241987174732,22.14071,21.81155,21.52205,21.56517,22.29037,8103,301,4,154,8.636851151516752e+18,STAR,0.0004634158,7671,57360,265
1.237680277410874e+18,9.06036334474419,27.902014734085,23.26522,22.06715,22.50912,21.37829,19.8816,8103,301,5,149,8.636946809028368e+18,GALAXY,0.745776,7671,57360,613
1.2376663397249848e+18,14.6303769833326,0.307107370739892,23.0303,22.35789,21.70129,21.56705,21.9123,4858,301,4,452,9.894575355704136e+18,STAR,0.0004296947,8788,57360,607
1.237666338651112e+18,14.3057539540722,-0.534608582637594,24.27073,23.08035,22.4238,22.32583,21.9486,4858,301,2,450,9.894541270843677e+18,GALAXY,0.6919268,8788,57360,483
1.237663785277522e+18,14.5866734638419,0.988199956817485,21.87725,20.37553,19.7369,19.49269,19.3007,4263,301,6,213,9.894568758634371e+18,STAR,-0.0005665007,8788,57360,583
1.2376802859939927e+18,15.4945233548725,30.4166338512905,24.38979,22.6872,22.18545,20.56991,19.7137,8105,301,5,45,8.693331414568163e+18,GALAXY,0.5939725,7721,57360,939
1.2376802768741993e+18,9.56210203343414,27.5338747400683,20.49339,19.49648,19.17972,19.10119,18.99198,8103,301,4,152,8.636865720045819e+18,STAR,-0.0006458383,7671,57360,318
1.2376663397249196e+18,14.537770584398,0.384390995341455,23.4507,22.7842,21.90038,21.05632,20.6203,4858,301,4,451,9.89456408570995e+18,QSO,1.865381,8788,57360,566
1.2376802768740682e+18,9.19981937066291,27.5696465185198,21.19778,20.89088,20.95993,20.69382,21.2303,8103,301,4,150,8.636886610766748e+18,QSO,1.674758,7671,57360,394
1.237666338114765e+18,15.4905305833099,-0.869263627193084,21.64502,20.38468,19.37857,18.84271,18.63776,4858,301,1,458,9.894477499169264e+18,GALAXY,0.2408332,8788,57360,251
1.2376802768740685e+18,9.12384568760467,27.4473018884899,22.7406,22.10913,22.19376,21.74657,20.92901,8103,301,4,150,8.63689458222605e+18,QSO,0.9024916,7671,57360,423
1.2376637836669097e+18,14.569081693507,-0.226351809329919,23.16262,23.21545,22.02655,21.34043,20.71967,4263,301,3,213,9.894526152558797e+18,GALAXY,1.062555,8788,57360,428
1.23766378527844e+18,16.6369486996826,0.929083647463667,24.46899,22.92307,22.39931,22.02024,21.12756,4263,301,6,227,9.894670738337847e+18,GALAXY,0.0,8788,57360,954
1.237666339725706e+18,16.3330448741522,0.355018413540672,23.30063,22.6911,21.21483,20.20133,19.83397,4858,301,4,463,9.894652046640175e+18,GALAXY,0.6361426,8788,57360,886
1.237680276874396e+18,9.94951841532463,27.4587248311551,20.93321,21.0007,21.0645,20.59477,21.12001,8103,301,4,155,8.636851426394659e+18,QSO,1.999539,7671,57360,266
1.237680276874e+18,8.96789745593509,27.4657519005335,19.97805,19.59615,19.52196,19.31923,19.05255,8103,301,4,149,8.636908600999302e+18,QSO,2.176804,7671,57360,474
1.23768027687433e+18,9.8226781793698,27.5832024615251,18.66167,18.56709,18.51384,18.45939,17.9401,8103,301,4,154,8.636851976150472e+18,QSO,0.3728182,7671,57360,268
1.23766633972505e+18,14.7533967987003,0.359499240806157,21.77103,20.9942,20.64871,20.56984,20.54583,4858,301,4,453,9.894575630582045e+18,STAR,-0.000806142,8788,57360,608
1.2376802774108744e+18,8.94081251028604,27.9838385392749,22.11958,23.60022,22.25909,21.09435,19.751,8103,301,5,149,8.636935264156277e+18,GALAXY,0.7385502,7671,57360,571
1.23766378527785e+18,15.3876584567657,1.00270273703931,22.53638,22.74935,22.34123,21.93787,21.98629,4263,301,6,218,9.894613838611108e+18,GALAXY,1.192372,8788,57360,747
1.2376802763371315e+18,9.03828521823345,27.151757181542,22.86742,22.37117,21.92735,20.32777,20.40729,8103,301,3,149,8.636896506371399e+18,STAR,-0.0008343461,7671,57360,430
1.2376663397257713e+18,16.4195152900727,0.219070188858695,22.97078,22.91441,21.99237,21.60036,20.99973,4858,301,4,464,9.894665240779708e+18,QSO,0.9041755,8788,57360,934
1.237680285993469e+18,14.2004849063188,30.5198537060404,26.19168,23.00081,21.68578,20.50913,19.71552,8105,301,5,37,8.693273690207705e+18,GALAXY,0.7442223,7721,57360,729
1.237680277411202e+18,9.86711514002883,27.8661645072307,22.96514,23.3419,22.27759,21.06525,19.91054,8103,301,5,154,8.636980344133016e+18,GALAXY,0.6630616,7671,57360,735
1.2376637852777843e+18,15.1532969921383,0.941667943425451,23.5396,22.66987,22.04818,21.33229,20.41372,4263,301,6,217,9.894592673012275e+18,QSO,2.046492,8788,57360,670
1.2376663381146995e+18,15.4015649379994,-0.939389077221112,21.74467,21.31697,20.88735,20.64232,20.69718,4858,301,1,457,9.894488494285543e+18,QSO,1.169943,8788,57360,291
1.2376663397257715e+18,16.482682452424,0.278811203477453,22.48649,21.75182,20.96419,20.74666,20.26368,4858,301,4,464,9.894664691023897e+18,GALAXY,0.4594552,8788,57360,932
1.2376802768738063e+18,8.41793205247711,27.5515533903568,21.18967,20.679,20.43017,19.9817,19.87793,8103,301,4,146,8.636915198069071e+18,QSO,0.597454,7671,57360,498
1.237680276874396e+18,10.0645485265003,27.5796495629098,20.91487,21.19257,21.28392,21.06242,21.17822,8103,301,4,155,8.636843729813264e+18,QSO,1.784606,7671,57360,238
1.237680309623915e+18,14.1772114325328,31.0189484695282,22.95885,21.88441,20.53734,19.52037,18.55937,8111,301,1,161,8.693266543382125e+18,STAR,2.2392e-05,7721,57360,703
1.237680285993862e+18,15.283961570781,30.4169424517404,24.6034,23.52058,21.67224,20.46267,19.70964,8105,301,5,43,8.693330864812348e+18,GALAXY,0.7386897,7721,57360,937
1.237680276874e+18,8.94499904634489,27.5200434967089,24.56207,23.25572,21.96949,20.64628,19.63518,8103,301,4,149,8.63690887587721e+18,GALAXY,0.8860174,7671,57360,475
1.237666338651178e+18,14.5225648298843,-0.542542849610794,24.33753,24.30224,22.67563,22.13155,21.30721,4858,301,2,451,9.894527801826236e+18,QSO,2.940082,8788,57360,434
1.2376737061181855e+18,124.558449790107,43.0112028725263,21.87862,21.70244,21.2374,21.06887,20.89949,6573,301,5,260,9.337270020118698e+18,QSO,1.486157,8293,57361,662
1.2376802757990815e+18,5.93375763788816,26.8263533496303,22.96886,23.05159,21.85977,20.72733,19.87669,8103,301,2,131,8.661670977263132e+18,GALAXY,0.6496017,7693,57361,447
1.237680275799344e+18,6.62330249912441,26.7017786969024,24.14088,23.55089,21.52114,20.29366,19.59595,8103,301,2,135,8.66163771703639e+18,GALAXY,0.5650979,7693,57361,326
1.237673704507966e+18,125.822023665723,41.8923199575489,25.20177,22.78616,21.13341,20.04888,19.46293,6573,301,2,266,9.337310152293114e+18,GALAXY,0.0,8293,57361,808
1.2376802768730196e+18,6.51537024859687,27.6501794084105,21.0744,21.42289,20.89969,20.73366,21.27128,8103,301,4,134,8.661654759466621e+18,QSO,1.182733,7693,57361,388
1.237680277409956e+18,6.67893378666133,27.9406072146946,20.63912,20.70452,20.50313,20.48782,20.93651,8103,301,5,135,8.66173942186196e+18,QSO,1.096873,7693,57361,696
1.237680277409497e+18,5.41258091351875,28.0115898024824,20.88568,19.09999,18.122,17.67561,17.36776,8103,301,5,128,8.661689394082896e+18,GALAXY,0.09200647,7693,57361,514
1.2376802768730852e+18,6.7040528556393,27.6616406059328,22.28816,21.15522,20.13762,19.75467,19.40096,8103,301,4,135,8.661635518013135e+18,GALAXY,0.2692881,7693,57361,318
1.2376802774094976e+18,5.49986208431881,28.0837097701483,20.22719,18.55255,17.58235,17.13236,16.79315,8103,301,5,128,8.661687744815454e+18,GALAXY,0.09428792,7693,57361,508
1.2376802768730854e+18,6.63640175819341,27.5481432148398,24.42963,22.47177,22.56585,20.81883,19.76984,8103,301,4,135,8.661644588984064e+18,GALAXY,0.6657375,7693,57361,351
1.2376802757992783e+18,6.43848747823546,26.7123765678098,27.04177,24.0488,21.52845,20.52592,19.77574,8103,301,2,134,8.661648437274761e+18,GALAXY,0.5303318,7693,57361,365
1.2376802774094976e+18,5.47283162710363,27.9778061673522,20.51481,18.8344,17.80071,17.38955,16.99726,8103,301,5,128,8.661689943838711e+18,GALAXY,0.1354112,7693,57361,516
1.237680277410415e+18,7.81509116660902,28.0624297286612,25.49552,24.56806,22.16873,21.08851,19.88585,8103,301,5,142,8.661792473298e+18,GALAXY,0.8504235,7693,57361,889
1.237680277410022e+18,6.80405777622104,27.9689996730014,23.88727,23.69464,22.09777,20.95824,19.93926,8103,301,5,136,8.661738597228239e+18,GALAXY,0.530619,7693,57361,693
1.237680277410743e+18,8.58263586767396,27.8944987389515,22.04649,23.36393,21.92208,20.82633,19.94952,8103,301,5,147,8.661552230007331e+18,GALAXY,0.6375481,7693,57361,15
1.2376737050445092e+18,124.780597888891,42.3697356629164,22.32497,22.18051,21.78951,21.50525,21.55079,6573,301,3,261,9.337285688159392e+18,QSO,1.420926,8293,57361,719
1.2376802774095631e+18,5.56677568474095,28.0934514997291,24.24251,24.83266,22.42085,21.05386,19.98712,8103,301,5,129,8.661692417739872e+18,GALAXY,0.5710077,7693,57361,525
1.2376802768728236e+18,5.91837805512614,27.6507153647291,23.94425,23.77802,22.01945,20.7774,19.87401,8103,301,4,131,8.661679223600339e+18,GALAXY,0.8068047,7693,57361,477
1.2376802757992123e+18,6.26243031097539,26.8156110992586,23.59983,21.19224,20.93214,20.49994,20.63507,8103,301,2,133,8.66166025702476e+18,QSO,2.767038,7693,57361,408
1.2376802768732815e+18,7.19109756737566,27.5242784077464,20.72751,18.17645,17.08123,16.669,16.49481,8103,301,4,138,8.661621774117788e+18,STAR,1.672957e-05,7693,57361,268
1.2376802768738063e+18,8.5465712165967,27.5349469271159,21.33926,21.30259,21.33814,20.9992,21.08288,8103,301,4,146,8.661550305861982e+18,GALAXY,0.8628973,7693,57361,8
1.2376802768730196e+18,6.37680949372464,27.6281075315221,19.99959,20.00986,19.71002,19.71244,19.50129,8103,301,4,134,8.66165668361197e+18,QSO,1.244808,7693,57361,395
1.2376802768728888e+18,6.10358925877563,27.6352205713191,23.95054,21.77472,21.2382,21.14771,20.39647,8103,301,4,132,8.661668503361968e+18,STAR,-0.0007182201,7693,57361,438
1.2376737045082276e+18,126.748107402296,42.0761366981809,24.005,22.97089,20.50022,19.93037,19.32461,6573,301,2,270,9.337358530804732e+18,GALAXY,0.4332708,8293,57361,984
1.2376575962252582e+18,125.818519240294,40.5361224068041,22.19211,22.21748,21.67676,21.65825,22.1889,2822,301,6,146,9.33713423043267e+18,QSO,1.721713,8293,57361,168
1.2376802763364111e+18,7.03926150598784,27.0837996316433,22.58092,23.97372,22.78283,21.40456,19.4209,8103,301,3,138,8.661616551437556e+18,STAR,0.001484631,7693,57361,249
1.237673705044902e+18,125.91660143036,42.4196357958957,22.17806,21.66704,21.36929,21.06618,20.56824,6573,301,3,267,9.33732829423497e+18,QSO,0.732157,8293,57361,874
1.2376802774096287e+18,5.77955146679261,27.9812385062166,26.28806,22.79513,22.21903,20.68402,19.59726,8103,301,5,130,8.661695166518941e+18,GALAXY,1.068681,7693,57361,535
1.237680276336018e+18,6.1865274323057,27.0832648377299,26.3882,23.83579,22.19116,21.02665,19.83172,8103,301,3,132,8.661663280681736e+18,GALAXY,0.8150067,7693,57361,419
1.2376802774103498e+18,7.72124237023547,27.8942235122159,24.62979,23.21289,22.08153,20.70948,19.9722,8103,301,5,141,8.661794122565442e+18,GALAXY,0.7320514,7693,57361,895
1.2376802774104806e+18,7.99337458142031,27.9380732236516,23.23573,23.16907,21.58208,20.34885,19.42357,8103,301,5,143,8.661805667437533e+18,GALAXY,1.041867,7693,57361,937
1.2376802768736097e+18,7.94609074469577,27.6455275868285,27.12608,22.58602,21.15214,19.60819,18.83496,8103,301,4,143,8.66157751877477e+18,STAR,-9.451885e-05,7693,57361,107
1.2376802763364767e+18,7.25094090271239,27.2338791888666,23.89371,23.17018,22.13995,20.65713,19.79101,8103,301,3,139,8.661606106077091e+18,GALAXY,0.7121629,7693,57361,211
1.2376802768727575e+18,5.84313336850346,27.5668870017815,21.28164,21.20746,20.63291,20.60694,20.03998,8103,301,4,130,8.661678673844525e+18,QSO,1.230502,7693,57361,475
1.2376737045078351e+18,125.566917922262,42.0323588228486,22.20325,22.01333,21.66407,21.59577,21.53001,6573,301,2,264,9.33730932765939e+18,QSO,1.790321,8293,57361,805
1.237673705044771e+18,125.569578411155,42.2817069804391,20.06681,18.79469,18.2477,18.05615,17.93705,6573,301,3,265,9.33730850302567e+18,STAR,-0.0001263698,8293,57361,802
1.2376802774102185e+18,7.24184150785356,27.932187441549,25.20651,23.21247,21.40352,20.4012,19.69113,8103,301,5,139,8.661760587460793e+18,GALAXY,0.5285242,7693,57361,773
1.237680277410022e+18,6.78957744083687,28.1038719229068,24.25351,23.58445,22.25491,21.19439,19.85775,8103,301,5,136,8.661736947960797e+18,GALAXY,0.9859629,7693,57361,687
1.237680277409498e+18,5.49618563608362,28.0006423158358,21.70673,21.68101,21.61081,21.13553,21.69817,8103,301,5,128,8.661689119204989e+18,QSO,1.278269,7693,57361,513
1.2376737050450335e+18,126.479945636243,42.4397380283663,21.63684,21.47321,21.0925,20.85734,20.34246,6573,301,3,269,9.337350284467526e+18,QSO,0.9442289,8293,57361,954
1.237673705044378e+18,124.502675933183,42.1532068854407,22.0923,21.70961,21.62562,21.14169,21.36153,6573,301,3,259,9.337275517676837e+18,QSO,1.763776,8293,57361,682
1.237680331642635e+18,6.57663887401458,29.1888523898043,21.61987,21.33507,20.77173,20.57277,20.5256,8116,301,2,268,8.661720730164287e+18,QSO,1.325553,7693,57361,628
1.2376802774103498e+18,7.67960717341725,27.9454708115589,24.96149,24.37635,22.20926,20.98846,19.84259,8103,301,5,141,8.66178257769335e+18,GALAXY,0.7889725,7693,57361,853
1.237673703970374e+18,123.841757091443,41.3993090212111,23.60925,23.57171,21.98226,20.87179,18.43889,6573,301,1,255,9.337216418926844e+18,STAR,0.0001609976,8293,57361,467
1.237680277410612e+18,8.25024782505557,28.0153304855415,24.02412,24.01472,22.01085,20.68793,19.89466,8103,301,5,145,8.661816112798e+18,GALAXY,0.7400933,7693,57361,975
1.237680276873347e+18,7.3478541477557,27.5860811040331,21.00793,21.13107,20.9291,20.7257,21.81667,8103,301,4,139,8.661600883396859e+18,QSO,1.749674,7693,57361,192
1.2376802768726922e+18,5.65020386641413,27.5853184134736,22.56933,22.11373,20.5665,20.01047,19.42555,8103,301,4,129,8.661682797013129e+18,STAR,-7.101205e-06,7693,57361,490
1.237680276336346e+18,6.91622976410167,27.1420798417185,23.44545,23.06239,21.81947,20.47206,19.64075,8103,301,3,137,8.661630295332903e+18,GALAXY,0.6421753,7693,57361,299
1.2376575962256512e+18,126.536715047764,41.1212977597737,26.19357,22.90523,22.14899,20.57847,19.81905,2822,301,6,152,9.33710701751988e+18,GALAXY,0.9613336,8293,57361,69
1.23768027687361e+18,7.92449603746331,27.6719890765271,26.94761,23.44255,21.86592,20.66075,19.89074,8103,301,4,143,8.661579717798025e+18,GALAXY,0.5867984,7693,57361,115
1.2376802768729546e+18,6.34691369510819,27.6570929622073,21.84926,21.36635,21.02183,20.54515,20.18752,8103,301,4,133,8.661655309222435e+18,QSO,1.731232,7693,57361,390
1.237680277409497e+18,5.43291916824938,28.0647707248073,19.30837,17.17426,16.19069,15.75548,15.41756,8103,301,5,128,8.661688294571267e+18,GALAXY,0.09477753,7693,57361,510
1.237673704508162e+18,126.544708966411,41.9693407408013,22.30472,21.95655,21.92947,21.30479,21.06019,6573,301,2,269,9.337354407636128e+18,GALAXY,0.662667,8293,57361,969
1.2376737045073103e+18,123.787159481582,41.8161366643835,21.79168,21.28319,20.91653,20.99287,20.86279,6573,301,2,256,9.3372463806187e+18,QSO,1.0634,8293,57361,576
1.2376802859929446e+18,12.7374489090141,30.5225223301888,27.81124,23.02724,21.76445,20.70163,19.92164,8105,301,5,29,8.689836067137018e+18,GALAXY,0.0,7718,57362,511
1.237679079129351e+18,7.79572204145205,-4.34343215165782,21.93149,21.47985,21.7385,21.44706,22.19222,7824,301,5,368,8.896862012019333e+18,QSO,2.018019,7902,57362,3
1.237679433984443e+18,6.52548676467913,-3.31563696097067,23.91355,20.64224,19.43294,18.92603,18.57789,7907,301,2,115,8.897059924112333e+18,GALAXY,0.2155084,7902,57362,723
1.2376790791285645e+18,5.99720470734681,-4.18518922720037,24.34698,22.57975,21.46522,20.3135,19.54842,7824,301,5,356,8.896981309030947e+18,GALAXY,0.4784635,7902,57362,437
1.2376790791291543e+18,7.28380607049428,-4.17417501786812,26.25517,22.71384,22.48228,21.10727,19.60065,7824,301,5,365,8.896891149077469e+18,GALAXY,0.8799205,7902,57362,109
1.2376790791287608e+18,6.34276169933634,-4.17771559889539,23.17102,22.76063,21.55507,20.16573,19.4931,7824,301,5,359,8.896996152437922e+18,GALAXY,0.0,7902,57362,491
1.237679434521511e+18,6.98884651564343,-2.75439833232297,23.58598,24.35526,21.0325,20.02119,19.37748,7907,301,3,118,8.897089061170469e+18,GALAXY,0.5576359,7902,57362,829
1.2376790791290885e+18,7.21871544014854,-4.27459111962496,23.70695,24.50812,21.90019,20.74693,19.81706,7824,301,5,364,8.896900494926305e+18,GALAXY,0.6962034,7902,57362,143
1.2376794345211167e+18,6.06297606928565,-2.85617215546021,19.71499,17.98877,17.13501,16.7248,16.43501,7907,301,3,112,8.897032161443731e+18,GALAXY,0.06750073,7902,57362,622
1.2376788799492595e+18,5.48256689095197,-3.0568625380565,23.49288,22.7121,21.47195,20.47516,19.79148,7778,301,2,353,8.897014294379779e+18,GALAXY,0.5691048,7902,57362,557
1.2376794334478991e+18,7.19766340305434,-3.74314999382511,19.17878,18.88404,18.69431,18.73917,18.72853,7907,301,1,120,8.897108027746048e+18,QSO,0.893906,7902,57362,898
1.2376790791283023e+18,5.36482971767833,-4.17427105132844,26.44927,23.05311,21.94139,20.62259,19.92115,7824,301,5,352,8.896996702193736e+18,QSO,1.260227,7902,57362,493
1.237680331644338e+18,10.9482554774895,29.1708360122663,22.69362,20.81592,19.4526,18.92359,18.61451,8116,301,2,294,8.68979813398586e+18,GALAXY,0.2255024,7718,57362,373
1.2376663397270822e+18,19.4562167150651,0.33600386736868,22.64369,22.313,22.30742,22.42294,21.94638,4858,301,4,484,9.896838975318151e+18,QSO,2.097301,8790,57363,650
1.23766320492295e+18,20.0557565294603,0.789129378241055,22.61237,21.08805,20.55121,20.24476,20.11136,4128,301,5,257,9.896877733103032e+18,STAR,-6.404215e-05,8790,57363,791
1.2376637847424215e+18,18.6820814363274,0.439286930322585,24.28499,22.08084,21.38872,21.18793,20.96277,4263,301,5,240,9.89680049241118e+18,STAR,-0.0005984518,8790,57363,510
1.2376803316429627e+18,7.38657072334155,29.3230567913822,22.58142,21.72811,21.68564,21.36953,20.97192,8116,301,2,273,8.685317074363636e+18,QSO,2.290438,7714,57363,455
1.2376637852794227e+18,18.9107022635393,0.998631789790243,22.24033,21.04944,20.89503,20.79413,20.39125,4263,301,6,242,9.896810388015831e+18,STAR,-0.0004371847,8790,57363,546
1.2376786174265925e+18,20.0056066907794,1.21004279615049,22.60194,22.02138,21.62021,21.71735,21.92451,7717,301,1,463,9.896864813841404e+18,STAR,-0.0002686983,8790,57363,744
1.2376727961062607e+18,1.23590036289784,-3.22141732019986,20.42561,20.50975,20.41978,20.3287,20.18542,6361,301,6,20,8.892534609147091e+18,QSO,1.387066,7898,57363,644
1.237663784743535e+18,21.2108697932646,0.484812591517757,23.50583,22.72987,22.61283,22.90677,21.98857,4263,301,5,257,9.896931609172791e+18,QSO,2.76397,8790,57363,987
1.2376632049232778e+18,20.822235061915,0.717327189950854,22.51669,22.736,22.98715,22.31045,21.55549,4128,301,5,262,9.8969120928414e+18,QSO,1.967109,8790,57363,916
1.2376632049228844e+18,19.8872958798097,0.695479441527578,22.74327,22.34102,22.90328,22.38163,21.61064,4128,301,5,256,9.896868387254196e+18,QSO,1.733626,8790,57363,757
1.2376637852798812e+18,19.9358432116373,0.998717166364041,22.2526,20.21935,19.24736,18.89426,18.78228,4263,301,6,249,9.896866463108848e+18,STAR,-0.000205061,8790,57363,750
1.23766378527975e+18,19.6119931646132,0.96864487448263,22.21288,25.11437,21.25806,24.3618,20.80677,4263,301,6,247,9.896843648242571e+18,STAR,-0.0002392142,8790,57363,667
1.2376802843838387e+18,16.6317240565689,28.9904409979142,22.54899,22.03407,21.79076,21.86536,21.87625,8105,301,2,52,8.643783847258118e+18,QSO,1.443256,7677,57363,910
1.2376802843835113e+18,15.6655546273357,29.0080618571512,23.643,25.60601,22.32511,20.61917,19.76362,8105,301,2,47,8.643740691426728e+18,GALAXY,0.7981609,7677,57363,753
1.2376663381166656e+18,19.8763610597506,-1.03611842462301,21.50514,20.21378,19.40468,18.9323,18.67324,4858,301,1,487,9.89672847439956e+18,GALAXY,0.1776438,8790,57363,248
1.2376727961072435e+18,2.26718201462691,-5.08139946297432,19.94527,19.61365,19.46334,19.20374,19.19373,6361,301,6,35,8.892380952397109e+18,QSO,1.578759,7898,57363,85
1.2376637831327916e+18,20.9417444482165,-0.722693196066338,23.477,21.77529,21.06999,20.76225,20.61427,4263,301,2,255,9.896671574672824e+18,GALAXY,1.785806,8790,57363,41
1.2376727944961723e+18,0.619843825020695,-4.79546639220541,21.10776,20.97451,20.9159,20.62912,20.35796,6361,301,3,28,8.892480183321517e+18,QSO,1.959809,7898,57363,446
1.237679434519151e+18,1.61134050306431,-2.90177072277622,23.43492,24.6894,22.14796,20.83089,19.97329,7907,301,3,82,8.892564570838947e+18,GALAXY,0.6458479,7898,57363,753
1.237666339726689e+18,18.556932879273,0.269596977131032,22.59965,22.64254,22.43658,22.36261,22.69316,4858,301,4,478,9.896799942655367e+18,GALAXY,1.335877,8790,57363,508
1.2376727961065231e+18,1.46958024469731,-3.74932790168791,25.47439,22.13016,21.81238,22.02208,21.98116,6361,301,6,24,8.892560447670344e+18,QSO,2.878376,7898,57363,738
1.2376632049231465e+18,20.4371206364249,0.750814069464404,23.51839,22.91968,22.21448,22.13553,22.88474,4128,301,5,260,9.896889827730938e+18,GALAXY,0.2680843,8790,57363,835
1.2376632049228844e+18,19.8954376467175,0.639264284297766,23.30255,22.89992,22.97262,22.15356,23.25439,4128,301,5,256,9.896869211887915e+18,QSO,1.73432,8790,57363,760
1.237663785279619e+18,19.3168345004484,0.902792810347129,21.79121,21.04825,20.74685,20.70328,20.52675,4263,301,6,245,9.896832653126294e+18,STAR,0.0004199587,8790,57363,627
1.2376802843836424e+18,16.0246228675351,29.0566307080968,26.42181,23.42686,21.48447,20.40954,19.68591,8105,301,2,49,8.643762131903469e+18,GALAXY,0.618791,7677,57363,831
1.2376727944961065e+18,0.663324773916685,-4.58993940123517,18.97377,17.97432,17.61438,17.47351,17.42472,6361,301,3,27,8.89248073307733e+18,STAR,-0.000511714,7898,57363,448
1.2376637852800128e+18,20.265774162536,0.897927035773671,23.08388,22.23749,22.01803,21.5648,21.96383,4263,301,6,251,9.89688872821931e+18,STAR,-6.306564e-06,8790,57363,831
1.2376602231572398e+18,20.6476894772013,-0.332918064635968,22.26317,19.37124,18.21821,17.91333,17.30783,3434,301,3,491,9.896694664417008e+18,QSO,0.2886371,8790,57363,125
1.237666339727213e+18,19.7206123430051,0.403042866957169,23.7926,22.29757,21.07828,20.02285,19.24929,4858,301,4,486,9.89684914580071e+18,STAR,6.468876e-08,8790,57363,687
