obj_ID,alpha,delta,u,g,r,i,z,run_ID,rerun_ID,cam_col,field_ID,spec_obj_ID,class,redshift,plate,MJD,fiber_ID
1.2376650265149445e+18,182.907418072098,36.1696582755495,21.53807,20.92246,19.48995,19.0324,18.74691,4552,301,6,89,9.981212200155765e+18,GALAXY,0.3267486,8865,57426,398
1.2376619577570104e+18,198.471350132533,51.0406428887545,23.11125,22.05269,20.71134,20.0981,19.7866,3838,301,2,31,9.243785419447095e+18,STAR,-0.0005841439,8210,57426,535
1.237662301893886e+18,200.643272145773,51.416539254025,24.98538,24.30078,21.98885,20.63775,19.56633,3918,301,3,71,9.243859086726158e+18,STAR,-0.0004504533,8210,57426,803
1.2376619577577964e+18,201.293153560161,50.5675888274275,22.2184,21.51639,21.31206,21.3387,21.43511,3838,301,2,43,9.243666947069204e+18,STAR,-0.0006519255,8210,57426,104
1.2376648192880156e+18,184.446724378608,37.7967757137933,25.40906,23.8402,21.97389,20.78387,19.86445,4504,301,4,169,9.981355411545285e+18,GALAXY,0.6759121,8865,57426,919
1.2376648192832973e+18,171.021987966027,37.0386769720049,24.20165,23.38762,21.69559,20.68655,19.91334,4504,301,4,97,9.991369763451066e+18,QSO,6.50143,8874,57426,487
1.2376650265152724e+18,183.820544691453,36.1265560492961,25.26344,23.23229,22.27604,20.64483,19.84585,4552,301,6,94,9.981168219690654e+18,STAR,2.522448e-06,8865,57426,238
1.2376648176766817e+18,182.460437097911,36.6297523567727,21.27913,18.98855,18.09158,17.67779,17.34555,4504,301,1,158,9.98124023770227e+18,GALAXY,0.1377487,8865,57426,500
1.237661957757862e+18,201.497023301625,50.6466840506923,22.19398,20.71984,20.09379,19.86452,19.67758,3838,301,2,44,9.243659800243626e+18,STAR,-3.389801e-05,8210,57426,78
1.2376582061259494e+18,198.707439910403,50.3396428670349,22.39458,22.16361,21.61201,21.20221,21.17125,2964,301,6,380,9.243766177993611e+18,QSO,1.461306,8210,57426,465
1.2376619582943404e+18,200.371172402954,51.2359464826983,26.14873,22.65109,20.94034,20.22099,19.96383,3838,301,3,38,9.243850290633136e+18,GALAXY,0.4056322,8210,57426,771
1.2376619577574031e+18,199.962441385604,50.7313157683514,22.28861,21.64195,21.24913,21.2225,21.1112,3838,301,2,37,9.243724946307568e+18,STAR,-0.0002007367,8210,57426,315
1.237664817673274e+18,172.795864574092,35.8300933921256,23.88186,22.29918,20.40119,19.74042,19.21267,4504,301,1,106,9.99129114836968e+18,GALAXY,0.4026729,8874,57426,201
1.237658206126408e+18,200.360733879037,50.0954944730437,24.64677,21.45617,21.01938,20.96238,21.02283,2964,301,6,387,9.24370872851106e+18,QSO,3.356509,8210,57426,256
1.237661958294013e+18,199.11780285756,51.3853329071862,22.75037,22.91341,21.61563,20.52862,19.87533,3838,301,3,33,9.243805210656395e+18,QSO,6.2652,8210,57426,607
1.2376650265154035e+18,184.148104354374,36.0715830423388,22.61033,24.04789,22.0575,20.60023,19.89235,4552,301,6,96,9.98115145213833e+18,GALAXY,0.7419326,8865,57426,177
1.2376619582942095e+18,199.785116338472,51.2890647712576,26.63507,23.42352,21.8323,20.58193,19.87099,3838,301,3,36,9.24382665113314e+18,GALAXY,0.7622296,8210,57426,685
1.237664819287819e+18,184.0198164642,37.8635730420663,24.19823,22.54741,21.45926,20.43238,19.68374,4504,301,4,166,9.981332871556911e+18,GALAXY,0.7241731,8865,57426,837
1.2376583043541235e+18,165.617085173269,59.280659601322,24.63466,23.75071,21.82231,21.73886,22.38972,2987,301,5,87,9.2145639737936e+18,STAR,-0.0001123925,8184,57426,724
1.2376623013571464e+18,201.057545424569,50.891913145697,21.346,21.32238,21.15966,20.82302,20.89338,3918,301,2,73,9.243682340231991e+18,QSO,1.51621,8210,57426,160
1.2376650265154688e+18,184.376808037758,36.2170968103461,23.38679,22.51933,22.04875,21.8338,21.82889,4552,301,6,97,9.98114073189996e+18,QSO,3.190963,8865,57426,138
1.237661958293947e+18,198.902387871752,51.3912164560859,23.45493,21.75119,20.13585,19.46562,19.21007,3838,301,3,32,9.243794490418026e+18,GALAXY,0.3708608,8210,57426,568
1.2376623013567532e+18,199.657833796634,51.1406027312201,21.38226,20.9193,20.50419,20.20292,20.45425,3918,301,2,67,9.243818129918024e+18,GALAXY,0.1228409,8210,57426,654
1.2376623008197512e+18,199.132295100775,50.7315827094141,20.37276,19.20848,18.75928,18.54902,18.52984,3918,301,1,65,9.243757107022682e+18,STAR,-1.286739e-05,8210,57426,432
1.237658303279858e+18,163.964163377355,58.2571518754599,21.05987,20.89068,20.50054,20.52661,20.25676,2987,301,3,79,9.21449113114826e+18,QSO,1.105055,8184,57426,459
1.237661958293947e+18,198.882150105365,51.4031535914496,22.77798,22.30716,20.53866,19.99752,19.64021,3838,301,3,32,9.243793940662213e+18,GALAXY,0.3699947,8210,57426,566
1.237658206126605e+18,201.09271747347,50.0712938315561,23.90094,23.19997,21.68508,20.58021,19.93283,2964,301,6,390,9.2436628239006e+18,GALAXY,0.6395019,8210,57426,89
1.2376583032799887e+18,164.435728502133,58.3079731190758,22.55986,22.29792,21.97465,21.63728,21.32639,2987,301,3,81,9.214479311398264e+18,QSO,0.8388064,8184,57426,416
1.2376650259786632e+18,184.575724159645,35.8051495840009,24.54914,21.60189,20.165,19.57544,19.3399,4552,301,5,98,9.981126163370891e+18,GALAXY,0.2484719,8865,57426,85
1.2376623024309535e+18,201.661679164315,51.6912460360614,19.93142,19.12096,18.74878,18.56272,18.61747,3918,301,4,74,9.24390114304592e+18,STAR,-0.0007742362,8210,57426,956
1.237664337715463e+18,174.910297362193,36.7603430486663,23.27298,24.14624,21.56548,20.53853,19.81382,4392,301,3,179,9.990300488409831e+18,GALAXY,0.6714244,8873,57427,693
1.2376619593701783e+18,207.868985397245,50.7212088843909,24.40435,21.18599,20.57147,20.48156,20.48021,3838,301,5,70,9.242560288632623e+18,QSO,3.361457,8209,57427,174
1.2376582061226068e+18,186.649566621497,51.1871528123386,21.59397,21.13145,21.26197,21.29335,21.30195,2964,301,6,329,9.262944684455778e+18,STAR,-0.0001463065,8227,57427,604
1.2376582061229343e+18,187.957463906432,51.0885787126904,22.03065,21.8391,21.58539,21.49965,21.43859,2964,301,6,334,9.262988939798796e+18,QSO,2.128543,8227,57427,765
1.2376582045121912e+18,187.417249131273,49.9724344011307,24.81317,22.92167,21.72186,20.25002,19.31556,2964,301,3,332,9.262825387444165e+18,STAR,-5.112876e-06,8227,57427,170
1.237658206122738e+18,187.112236844813,51.0686771900831,21.08318,20.24069,19.9562,19.88835,19.85553,2964,301,6,331,9.262957328839496e+18,STAR,-0.0003579197,8227,57427,650
1.2376582045120596e+18,186.876019580413,49.9502630165032,21.69692,21.38811,21.65917,21.4851,21.14737,2964,301,3,330,9.262871841810438e+18,QSO,2.211852,8227,57427,339
1.2376582045121905e+18,187.284654457355,49.9742413307718,21.38764,20.38927,20.59964,20.59938,20.14127,2964,301,3,332,9.26283748207207e+18,QSO,2.329206,8227,57427,214
1.2376619588329147e+18,206.412193548449,50.6620546717024,21.63783,21.66593,21.11084,20.68581,21.35862,3838,301,4,64,9.242627083964013e+18,GALAXY,0.4435335,8209,57427,417
1.2376623035060065e+18,206.538604800498,51.7578063055574,23.55521,22.12214,21.06003,20.95891,20.83636,3918,301,6,94,9.242693604417493e+18,GALAXY,0.4927527,8209,57427,659
1.2376622251424484e+18,188.497199040602,39.9805444801847,22.37697,22.48665,21.97817,22.1443,21.98016,3900,301,4,393,9.94754515413004e+18,GALAXY,0.1174076,8835,57427,798
1.2376591316693158e+18,207.886327048908,52.1565283702364,21.22519,20.91258,20.44555,20.19516,20.13326,3180,301,2,43,9.242733461714e+18,QSO,1.468697,8209,57427,804
1.23765820451206e+18,186.975539437258,49.8539121094502,22.9832,21.06344,19.57939,19.05512,18.68492,2964,301,3,330,9.262858647670905e+18,GALAXY,0.2631721,8227,57427,291
1.2376622251426447e+18,189.076948118496,40.0862363301809,22.06921,21.34152,21.26156,21.38925,21.0959,3900,301,4,396,9.947578689234688e+18,QSO,2.50185,8835,57427,920
1.2376582061227377e+18,187.227042694972,51.0866888755502,21.97975,21.69649,21.33986,21.11047,21.759,2964,301,6,331,9.262966124932522e+18,QSO,1.556086,8227,57427,682
1.2376582045119283e+18,186.378197684236,49.9227730501921,20.12267,20.04627,20.03121,19.84776,19.77316,2964,301,3,328,9.2628941069209e+18,QSO,1.889561,8227,57427,420
1.2376623035060716e+18,206.718937771184,51.6337133204031,21.32721,20.53278,20.06926,19.8443,19.86314,3918,301,6,95,9.242611141045408e+18,GALAXY,0.1941617,8209,57427,359
1.237658206123197e+18,188.982329846713,51.0674308399179,21.8273,21.30227,21.21873,20.84434,21.13044,2964,301,6,338,9.26302274978135e+18,QSO,0.5712618,8227,57427,888
1.2376591316690537e+18,207.144608852869,52.4195755965196,21.49383,21.2052,21.42755,21.16493,21.04288,3180,301,2,39,9.242709272458189e+18,QSO,1.661671,8209,57427,716
1.2376582061229348e+18,187.962423457244,51.1297687942914,24.3079,22.73602,21.3977,20.26969,19.81649,2964,301,6,334,9.2629930629674e+18,STAR,-0.0001030524,8227,57427,780
1.237658205049062e+18,187.425145089531,50.2579791346986,26.51355,24.44902,22.24813,21.08048,19.87836,2964,301,4,332,9.262850401333697e+18,GALAXY,0.8939301,8227,57427,261
1.2376651296139515e+18,174.486429024475,35.5504256849204,22.60076,23.49376,22.10333,20.79931,19.93981,4576,301,6,391,9.990223522595887e+18,GALAXY,0.8250697,8873,57427,413
1.2376623035060065e+18,206.540973835284,51.6367468261197,23.62128,22.41583,21.58989,21.4504,21.45662,3918,301,6,94,9.242693329539586e+18,GALAXY,0.2601486,8209,57427,658
1.2376582061234588e+18,189.718422532557,50.9995922970939,22.58177,21.85285,21.09869,20.60393,20.37821,2964,301,6,342,9.263045564647629e+18,STAR,-0.0004132901,8227,57427,971
1.2376576284561902e+18,187.558746476311,51.7208034700976,22.74392,21.14956,20.89213,20.76216,20.87015,2830,301,2,431,9.262974646147635e+18,STAR,6.670883e-05,8227,57427,713
1.2376582061228692e+18,187.661747112559,51.0687505456157,25.35955,22.4698,21.13653,21.11218,20.9461,2964,301,6,333,9.262979319072051e+18,GALAXY,0.3180744,8227,57427,730
1.2376623024324613e+18,206.755645396873,50.7398896769741,23.32447,21.93334,21.69024,21.59862,21.69288,3918,301,4,97,9.242604543975643e+18,STAR,-0.0002891232,8209,57427,335
1.2376646743236943e+18,187.448991781424,38.3841290888208,25.18686,24.28765,21.92314,20.81575,19.80774,4470,301,6,29,9.947422283705637e+18,GALAXY,0.6230652,8835,57427,351
1.237659131669381e+18,208.278894189185,52.1326091748399,21.89009,21.29839,20.82046,20.3581,20.02704,3180,301,2,44,9.242747480487254e+18,QSO,1.731642,8209,57427,855
1.2376591316695124e+18,208.742094281244,52.1355403238728,21.36783,21.29187,20.90474,20.84324,20.94485,3180,301,2,46,9.242768371208182e+18,QSO,1.387662,8209,57427,931
1.2376582061232622e+18,189.193835265054,51.1083698789441,21.38845,19.37186,18.51937,18.19575,18.025,2964,301,6,339,9.263033744897628e+18,STAR,-0.0002646767,8227,57427,928
1.2376576279198433e+18,189.556376079148,51.3150175765206,24.24102,22.33448,21.11695,20.96843,19.39845,2830,301,1,439,9.263044190258092e+18,STAR,-0.000107835,8227,57427,966
1.2376576279197128e+18,188.956301985842,51.1886998612747,22.90864,23.26231,21.45545,20.33669,19.59088,2830,301,1,437,9.263021375391816e+18,GALAXY,0.6951208,8227,57427,883
1.237658206123066e+18,188.487215812607,51.1594594065986,21.58241,21.27901,21.24621,20.91867,20.92781,2964,301,6,336,9.263013403932514e+18,GALAXY,0.9115545,8227,57427,854
1.2376576279193193e+18,187.598591199721,51.3636616651582,21.53934,20.92558,19.6342,19.1411,18.69364,2830,301,1,431,9.262976570292986e+18,QSO,0.3430762,8227,57427,720
1.2376582045121907e+18,187.28349024067,49.9053315325142,21.3315,21.24245,21.06077,21.13484,21.20442,2964,301,3,332,9.262836382560442e+18,QSO,1.314981,8227,57427,210
1.2376582061233933e+18,189.515006664649,51.0139851081006,21.30378,20.83106,20.57669,20.57932,20.52972,2964,301,6,341,9.263045289769722e+18,QSO,1.05123,8227,57427,970
1.237664674323759e+18,187.515784258687,38.4852199631212,21.04121,20.90649,20.73674,20.54554,20.46836,4470,301,6,30,9.94742393297308e+18,QSO,1.684849,8835,57427,357
1.237664674323759e+18,187.552621793063,38.4424561844668,21.58567,21.95832,21.61701,21.41023,21.36744,4470,301,6,30,9.947423658095174e+18,QSO,2.083524,8835,57427,356
1.237662224068183e+18,187.050575297051,39.1687983904124,25.63545,24.07492,23.14831,20.37007,18.93016,3900,301,2,385,9.94745719319982e+18,STAR,-0.0001734919,8835,57427,478
1.23766466844636e+18,187.21850116503,39.8746260446564,23.87065,23.17364,22.16677,20.76941,19.94472,4469,301,3,460,9.947481107577725e+18,GALAXY,0.7224234,8835,57427,565
1.237659131669381e+18,208.212756761977,52.2343217694811,20.73017,21.16666,20.64651,20.73408,20.55709,3180,301,2,44,9.242744731708185e+18,QSO,1.354414,8209,57427,845
1.2376582061223444e+18,185.720171409281,51.1707401451061,17.77518,16.7915,16.49994,16.39262,16.36744,2964,301,6,325,9.262918296176712e+18,STAR,-0.0006080826,8227,57427,508
1.2376582050486031e+18,185.785840692435,50.2400929401358,24.66228,21.87897,20.45858,19.93951,19.69102,2964,301,4,325,9.26291307349648e+18,GALAXY,0.2627863,8227,57427,489
1.2376582061223447e+18,185.847511600462,51.1588444574193,21.63849,21.60535,21.29874,21.31839,20.95131,2964,301,6,325,9.262920770077874e+18,GALAXY,0.0,8227,57427,517
1.2376582061223447e+18,185.868588922101,51.0747180633738,21.95274,22.04356,21.66848,21.75892,21.56034,2964,301,6,325,9.26291747154299e+18,QSO,1.244997,8227,57427,505
1.2376646743235628e+18,187.097921891597,38.4480175711365,21.09768,21.42765,21.13864,20.98594,20.74084,4470,301,6,27,9.947443999060283e+18,QSO,1.367689,8835,57427,430
1.237658206123328e+18,189.44020612834,51.0904486928648,24.49343,23.13184,21.66604,20.22956,19.59139,2964,301,6,340,9.263035943920886e+18,STAR,-0.0003113685,8227,57427,936
1.2376582061226724e+18,186.895138808975,51.0625040580505,21.23299,21.04448,20.85683,20.91547,20.78144,2964,301,6,330,9.262956504205777e+18,QSO,2.2903,8227,57427,647
1.2376582061234588e+18,189.716582602573,50.9627021124883,22.42267,21.75601,21.15331,21.13066,20.8907,2964,301,6,342,9.263046664159257e+18,STAR,-0.0007329474,8227,57427,975
1.2376582061233275e+18,189.25296722622,51.0587409664824,20.9653,21.29581,20.98796,20.90875,20.6335,2964,301,6,340,9.26303456953135e+18,QSO,1.331918,8227,57427,931
1.2376582039751232e+18,186.76363887121,49.4680738531344,21.97319,19.75013,18.777,18.35419,17.98711,2964,301,2,329,9.26287898863602e+18,GALAXY,0.1206695,8227,57427,365
1.23766195937031e+18,208.513871362333,50.6910208653196,21.39962,21.16619,20.83006,20.67053,20.2625,3838,301,5,72,9.242526753527978e+18,QSO,0.9509653,8209,57427,52
1.2376646684467535e+18,188.447826297322,39.9089211847777,24.01135,23.33725,21.54359,20.54122,19.84046,4469,301,3,466,9.94754707827539e+18,GALAXY,0.4475923,8835,57427,805
1.23766195937031e+18,208.492028734148,50.6067061637665,21.18247,20.27927,19.89547,19.74561,19.74209,3838,301,5,72,9.24252565401635e+18,STAR,0.0001829718,8209,57427,48
1.237657627918992e+18,186.480585143417,51.3607301646886,24.39587,23.45713,22.03604,20.86841,19.91162,2830,301,1,426,9.262942210554618e+18,GALAXY,0.9579304,8227,57427,595
1.2376582045118636e+18,186.135821840112,49.7981230299972,25.88635,23.99525,21.92091,20.74397,19.90681,2964,301,3,327,9.262903727647646e+18,GALAXY,0.7326565,8227,57427,455
1.2376646737869537e+18,187.841836577525,38.0897762588287,23.95698,23.43828,21.73131,20.63733,19.90612,4470,301,5,31,9.947409639321915e+18,GALAXY,0.5751182,8835,57427,305
1.2376591316697093e+18,209.287068393604,51.9378514132692,23.76336,23.67681,21.59942,20.77202,20.56197,3180,301,2,49,9.24278733778376e+18,GALAXY,0.4460111,8209,57427,1000
1.2376582061226724e+18,187.005604252076,51.2151724668811,22.11209,21.64796,21.31143,20.8218,20.67084,2964,301,6,330,9.262957603717405e+18,QSO,0.4870696,8227,57427,651
1.2376582061228037e+18,187.329569127239,51.0541063627282,21.62693,20.4365,19.99403,19.88975,19.75128,2964,301,6,332,9.262970248101124e+18,STAR,-0.0007569055,8227,57427,697
1.2376591316692503e+18,207.685209170829,52.3581801032531,25.1983,22.40554,21.42031,21.27624,21.31495,3180,301,2,42,9.242731812446558e+18,GALAXY,0.2920698,8209,57427,798
1.2376582061233933e+18,189.627417297593,51.0031155526097,21.8322,20.72551,20.00462,19.74197,19.61323,2964,301,6,341,9.263045014891813e+18,STAR,-0.0004658178,8227,57427,969
1.2376613865295055e+18,207.51180293927,54.9577203921388,23.53892,23.48958,22.02786,20.03247,18.9876,3705,301,2,79,9.235859040156017e+18,STAR,-0.00014069,8203,57428,371
1.2376613537765133e+18,166.107514049694,56.5373719735355,18.35489,17.43409,17.05274,16.92303,16.86982,3697,301,5,20,9.20763677569426e+18,STAR,-0.0006324874,8178,57428,99
1.237659326015865e+18,208.657848347494,58.1642701139861,21.39335,21.81972,21.26867,21.43251,21.4527,3225,301,4,32,9.231294417633305e+18,QSO,1.360153,8199,57428,149
1.237664817676551e+18,182.014150347784,36.5574607574565,26.35615,23.55185,21.83785,20.66844,19.91965,4504,301,1,156,9.97997882302086e+18,GALAXY,0.6744919,8864,57428,7
1.2376614182107223e+18,206.635489781468,56.0890984258939,23.79842,26.29019,21.88522,20.74223,19.79787,3712,301,5,168,9.235911266958332e+18,GALAXY,0.7835297,8203,57428,561
1.2376593249419272e+18,207.213006565344,57.3949993130617,22.47371,21.34216,19.76122,19.14908,18.67326,3225,301,2,29,9.231354615894923e+18,GALAXY,0.3108914,8199,57428,368
1.2376613537765788e+18,166.271010848671,56.5629704687735,20.64029,20.65802,20.35184,20.41282,20.17276,3697,301,5,21,9.207636500816352e+18,QSO,1.330432,8178,57428,98
1.2376551067620475e+18,162.467067597487,56.7924295677182,22.06426,21.82575,22.03902,21.38199,21.37675,2243,301,1,256,9.207753049048895e+18,QSO,2.205745,8178,57428,522
1.2376650259769587e+18,179.790546982545,35.53559041936,24.36056,24.17501,22.20072,20.87391,19.8911,4552,301,5,72,9.980076679555734e+18,GALAXY,0.6439162,8864,57428,363
1.2376613537762511e+18,164.904162542696,56.2864335655961,21.56223,22.18056,21.44744,21.45063,21.43543,3697,301,5,16,9.207660690072164e+18,QSO,1.322994,8178,57428,186
1.2376613876031818e+18,207.482806725897,55.7704502076121,22.11243,22.09274,21.84163,21.52242,21.37644,3705,301,4,78,9.235864537714151e+18,GALAXY,0.8801197,8203,57428,391
1.2376593260157335e+18,208.217400686054,58.280973079824,20.3296,19.72952,19.76658,20.09644,20.01133,3225,301,4,30,9.231315583232135e+18,STAR,-0.0001687451,8199,57428,226
1.2376622246112136e+18,204.893838606996,37.9972970840367,23.7804,20.9531,20.62721,21.07471,20.85783,3900,301,3,479,9.959761278087223e+18,QSO,3.057378,8846,57428,184
1.23765932440558e+18,208.959506117027,56.6854177941906,21.01528,20.95172,20.87296,20.7369,21.02826,3225,301,1,37,9.235986308626928e+18,QSO,2.0557,8203,57428,834
1.2376576112628209e+18,166.237104831565,55.5672486144061,23.13156,22.08821,21.85796,21.57725,20.8134,2826,301,2,225,9.207611212048916e+18,QSO,2.87745,8178,57428,6
1.2376650259773527e+18,180.859547188671,35.7347055119684,22.93749,22.91131,21.99049,20.76768,19.77282,4552,301,5,78,9.980021703974345e+18,GALAXY,0.8253301,8864,57428,163
1.2376593265520806e+18,206.22006504899,59.0271853396661,21.74109,21.37925,21.05829,21.02663,21.03187,3225,301,5,22,9.231419212203055e+18,STAR,-0.0007447146,8199,57428,603
1.2376593260152753e+18,206.02586257296,58.5296387669402,21.93583,21.64173,21.48196,21.26198,22.09171,3225,301,4,23,9.231384852464687e+18,QSO,1.777946,8199,57428,478
1.2376648176759608e+18,180.39680287188,36.3930782911755,22.53616,23.20178,21.52697,20.30453,19.50783,4504,301,1,147,9.980049741520853e+18,GALAXY,0.6966183,8864,57428,265
1.2376648176757642e+18,179.858931221283,36.5295745562237,25.58833,22.70446,21.73393,20.52768,19.88303,4504,301,1,144,9.98008492589294e+18,GALAXY,0.615721,8864,57428,393
1.237661418210788e+18,206.802102002522,56.1257035407548,23.59158,22.91743,21.58328,20.44691,19.37588,3712,301,5,169,9.235912916225776e+18,GALAXY,0.8419516,8203,57428,567
1.237665026513765e+18,179.550671596363,36.0494546831432,23.12795,23.59255,21.54733,20.48759,19.79834,4552,301,6,71,9.980090973206897e+18,GALAXY,0.6445263,8864,57428,415
1.2376621945330732e+18,204.926756234814,40.5796812383848,20.02853,19.91743,19.99665,19.77999,19.98391,3893,301,3,275,9.959936650191854e+18,QSO,1.743798,8846,57428,822
1.2376622246109514e+18,204.167888204995,38.0862517225797,22.64582,21.82778,21.59921,21.64962,21.51795,3900,301,3,475,9.95979398855815e+18,QSO,2.573658,8846,57428,303
1.237659324942123e+18,207.948826826319,57.3538574172634,19.96968,19.12696,18.87816,18.76726,18.72958,3225,301,2,32,9.231332075906554e+18,STAR,-0.0007652913,8199,57428,286
1.2376593260156027e+18,207.391898749192,58.3373240156721,20.25533,20.02507,19.81424,19.8192,20.12407,3225,301,4,28,9.231350217848412e+18,QSO,0.9999731,8199,57428,352
1.2376648176753713e+18,178.794504962938,36.4840214255098,23.48527,23.86552,21.49329,20.46324,19.81022,4504,301,1,138,9.980111314172008e+18,GALAXY,0.6319285,8864,57428,489
1.2376613886773169e+18,209.638523299927,56.2412005523931,21.42759,21.65609,20.73335,20.46379,20.12844,3705,301,6,84,9.236018469342042e+18,GALAXY,0.326387,8203,57428,951
1.2376593265528013e+18,209.061476854082,58.5600102363932,22.04288,21.24611,22.25326,21.53016,20.62988,3225,301,5,33,9.23128562154028e+18,STAR,-0.0009158813,8199,57428,117
1.237662305112097e+18,204.201329594497,39.7098582793369,22.11395,21.7728,21.44338,21.09295,21.16099,3919,301,1,25,9.959899816552323e+18,QSO,1.43305,8846,57428,688
1.237661353776317e+18,165.214662321937,56.4832403618026,22.00481,22.17173,21.60926,21.58557,21.12253,3697,301,5,17,9.207651893979142e+18,STAR,0.0003116119,8178,57428,154
1.2376593260157343e+18,207.886043997503,58.2270022397166,22.38596,22.02844,21.89143,22.02288,21.7125,3225,301,4,30,9.231325753714694e+18,QSO,1.545772,8199,57428,263
1.237661387066049e+18,206.347579753647,55.578555820114,24.62929,23.65946,21.30165,20.15048,19.49973,3705,301,3,74,9.235891475749034e+18,GALAXY,0.6144309,8203,57428,489
1.2376593270893455e+18,208.101106969424,59.0756903276423,21.69628,22.761,22.01596,20.55767,18.30277,3225,301,6,28,9.231449998528633e+18,QSO,0.9452083,8199,57428,715
1.2376593244055803e+18,209.05984202262,56.7420944716294,21.89278,22.04007,21.08499,20.00524,19.31335,3225,301,1,37,9.235987683016464e+18,GALAXY,0.8764044,8203,57428,839
1.237661418210853e+18,207.022149170947,56.0194550093493,25.29868,24.85447,21.39022,20.27532,19.56187,3712,301,5,170,9.23592446109787e+18,GALAXY,0.6287235,8203,57428,609
1.237664295833502e+18,203.651935231414,39.2273708984385,21.27602,21.4808,21.15281,21.29904,21.10271,4382,301,5,87,9.959836594633724e+18,QSO,1.278881,8846,57428,458
1.2376593249422543e+18,208.486288815807,57.2045191884135,20.70509,20.36055,19.9611,19.67957,19.59182,3225,301,2,34,9.23596101985949e+18,QSO,1.518654,8203,57428,742
1.2376623051117038e+18,202.990751106769,39.8034302648698,21.42412,20.62364,19.89986,19.65401,19.36435,3919,301,1,19,9.959850338529071e+18,QSO,0.8251913,8846,57428,508
1.237664295833305e+18,203.118396110985,39.3278529213917,22.71173,21.28271,20.74206,20.63614,20.53833,4382,301,5,84,9.959859134622095e+18,STAR,-0.0001747432,8846,57428,540
1.237659326016e+18,209.078540330473,57.9197703474599,22.23164,21.74755,21.15517,21.18524,21.01984,3225,301,4,34,9.231281223493767e+18,QSO,1.154489,8199,57428,101
1.2376593249425823e+18,209.886710957122,56.8540549719968,25.79593,23.19929,21.65956,20.57022,19.84425,3225,301,2,39,9.236024516655997e+18,STAR,8.692695e-05,8203,57428,973
1.237661418210854e+18,207.011851211237,55.9549774030767,24.62186,23.7497,21.69381,20.54072,19.85669,3712,301,5,170,9.235914565493215e+18,GALAXY,0.773382,8203,57428,573
1.237659326015865e+18,208.671460890038,58.2064090782679,24.16671,22.03371,20.46242,19.45581,19.09414,3225,301,4,32,9.231294967389116e+18,STAR,4.768696e-05,8199,57428,151
1.237655106761917e+18,162.031575154937,56.6721977484682,20.91883,20.94659,20.82529,20.9365,20.91028,2243,301,1,254,9.207756897339596e+18,QSO,1.197162,8178,57428,536
1.2376650265139615e+18,180.054545612781,36.0949691208467,25.38462,25.1391,22.06933,20.88424,19.89818,4552,301,6,74,9.980070082485969e+18,GALAXY,0.7683218,8864,57428,339
1.237661388677317e+18,209.47760518772,56.255236785908,24.26878,23.60616,21.81656,20.56575,19.80143,3705,301,6,84,9.23601407129553e+18,GALAXY,0.6913914,8203,57428,935
1.2376576123363663e+18,165.090506765583,56.2045887987735,25.53552,22.9666,21.98507,20.68647,19.76613,2826,301,4,222,9.207661514705884e+18,STAR,6.023069e-05,8178,57428,189
1.2376593254793226e+18,209.513193681202,57.4307820180073,25.99547,23.90529,22.77628,20.77697,19.86346,3225,301,3,37,9.231264730819353e+18,QSO,1.027866,8199,57428,41
1.2376648176761577e+18,181.062918169561,36.4774644435001,23.96356,22.82663,21.00838,19.95565,19.2792,4504,301,1,150,9.98002665177667e+18,GALAXY,0.6827678,8864,57428,181
1.2376613865298993e+18,208.815377358533,54.4902555152829,26.48695,24.73743,21.4302,20.3272,19.53321,3705,301,2,85,9.235812310911834e+18,GALAXY,0.8051093,8203,57428,201
1.2376642958335675e+18,203.733506136278,39.1338114459244,24.491,23.66385,22.08885,20.85685,19.99372,4382,301,5,88,9.959835220244191e+18,STAR,-3.606551e-05,8846,57428,453
1.237664295833502e+18,203.49988725628,39.159340708093,22.17228,21.10262,20.94474,20.97504,20.89071,4382,301,5,87,9.959835495122098e+18,QSO,2.805411,8846,57428,454
1.2376642958338952e+18,204.816116538127,39.0434770368746,20.2607,19.64305,19.48176,19.13666,19.08721,4382,301,5,93,9.95976979930234e+18,QSO,2.297188,8846,57428,215
1.23766429583383e+18,204.62395118693,39.1596969393928,21.91459,21.07248,20.90278,20.61203,20.22205,4382,301,5,92,9.95979151465699e+18,QSO,2.266307,8846,57428,294
1.2376648176759608e+18,180.350799231352,36.4068080877949,23.6297,24.75442,22.0176,20.91114,19.91572,4504,301,1,147,9.98005084103248e+18,GALAXY,0.8405251,8864,57428,269
1.2376593260154716e+18,206.957747728859,58.3526165078297,17.03601,16.64157,16.70555,16.75216,16.84678,3225,301,4,26,9.231360663208876e+18,QSO,0.6456663,8199,57428,390
1.237659326016e+18,209.129216318431,57.9700467990642,21.16633,21.31419,21.07629,20.90205,21.20771,3225,301,4,34,9.231282597883306e+18,QSO,1.386323,8199,57428,106
1.2376648176762227e+18,181.152438890634,36.5604672123155,24.56705,23.19598,21.52843,20.53009,19.72294,4504,301,1,151,9.980016756172022e+18,GALAXY,0.6192099,8864,57428,145
1.23766141874779e+18,207.703729699725,56.3733252304761,25.75822,22.76418,21.27275,20.13282,19.13088,3712,301,6,171,9.235933257190887e+18,GALAXY,0.868734,8203,57428,641
1.2376613870669668e+18,209.856301151658,54.7878646381644,25.06124,23.95352,21.36632,20.37878,19.74027,3705,301,3,88,9.235768880202537e+18,GALAXY,0.5681641,8203,57428,43
1.237661418748249e+18,209.47774502152,56.0096126101426,23.32766,23.36845,21.89442,20.8399,19.89658,3712,301,6,178,9.236014621051345e+18,GALAXY,0.664337,8203,57428,937
1.237659326015079e+18,205.34750535048,58.6547984147581,22.50859,21.59106,21.15108,20.6761,20.61983,3225,301,4,20,9.23140162001701e+18,QSO,1.964536,8199,57428,539
1.2376593244050555e+18,206.969435603256,57.0837938881531,21.23058,21.31549,21.63951,22.03651,23.11275,3225,301,1,29,9.235916764516473e+18,STAR,3.091835e-05,8203,57428,581
1.2376623051128187e+18,206.374561297458,39.3641849746701,24.81082,22.92814,21.10887,20.09921,19.45089,3919,301,1,36,9.96092263726084e+18,GALAXY,0.5596868,8847,57429,313
1.2376619668875515e+18,167.703775914681,40.8367403055907,22.4282,22.03365,22.22623,22.07641,21.56501,3840,301,3,88,9.420514321476377e+18,QSO,2.260428,8367,57429,399
1.237661968498426e+18,167.997588989229,42.2884872045326,23.07012,21.26047,21.09739,20.99142,20.88718,3840,301,6,92,9.42059128729032e+18,QSO,3.283191,8367,57429,679
1.2376621950578204e+18,167.794800887122,41.5669623580388,22.11568,22.89731,21.15616,20.07001,19.28451,3893,301,4,90,9.42053026439498e+18,GALAXY,0.6536629,8367,57429,457
1.237662195595281e+18,169.497209146169,42.2914312185096,23.199,21.69856,21.33937,21.24679,20.91846,3893,301,5,99,9.42065698311008e+18,STAR,-0.0001180187,8367,57429,918
1.237658302742e+18,160.154255336507,56.9793914691051,25.2859,23.71822,21.7745,20.58772,19.88291,2987,301,2,64,9.208941346257392e+18,GALAXY,0.6733144,8179,57429,749
1.2376619684990157e+18,169.820032973632,42.4419781651746,18.84466,17.97656,17.63374,17.49477,17.47226,3840,301,6,101,9.420665779203105e+18,STAR,0.0002298519,8367,57429,950
1.2376621945216044e+18,170.016942849002,41.4757300614127,21.11094,20.78231,20.2137,20.11721,19.97663,3893,301,3,100,9.420413441284528e+18,QSO,1.024616,8367,57429,32
1.2376619593676884e+18,199.161790593075,52.0996046696889,21.93336,20.81848,20.20214,20.03352,19.84184,3838,301,5,32,9.2585455384666e+18,STAR,-9.108058e-05,8223,57429,984
1.2376619577568136e+18,197.814781023998,51.0950864235927,22.13173,21.74522,21.47073,21.06832,21.51167,3838,301,2,28,9.258315740536398e+18,GALAXY,0.9498602,8223,57429,148
1.237662195595084e+18,169.01987720444,42.0357324175095,21.8309,21.91875,21.76439,21.36003,21.52348,3893,301,5,96,9.420627571174038e+18,QSO,1.742614,8367,57429,811
1.237658302741808e+18,159.424738822589,56.7216091330137,22.19468,23.18694,21.72862,20.68381,19.87966,2987,301,2,61,9.208910010176e+18,GALAXY,0.6160734,8179,57429,635
1.2376582061250967e+18,195.740462012119,50.609557908197,19.19889,18.29918,17.97405,17.86427,17.8282,2964,301,6,367,9.258398478786386e+18,STAR,-0.0004508967,8223,57429,449
1.2376619684984916e+18,168.382172602059,42.1920831298021,21.72282,21.26277,21.12787,20.77261,20.86569,3840,301,6,93,9.420592661679856e+18,QSO,1.643467,8367,57429,684
1.2376575892486228e+18,180.97240293485,53.9648570330556,20.88227,21.05757,20.52429,20.61162,20.40757,2821,301,1,187,9.25392154231599e+18,QSO,1.287501,8219,57429,546
1.2376621945209492e+18,167.955846050246,41.2071696941871,22.33618,22.36278,21.58794,21.60406,21.33177,3893,301,3,90,9.42051679537754e+18,GALAXY,0.3401859,8367,57429,408
1.237655106761458e+18,160.051882901159,56.3059269872846,20.51282,20.52203,20.17608,20.2703,20.32521,2243,301,1,247,9.208925128460884e+18,QSO,1.318458,8179,57429,690
1.237662195595019e+18,168.738021792949,42.1924828773714,24.7674,23.83808,21.65163,20.25522,19.6168,3893,301,5,95,9.42061382727869e+18,GALAXY,0.6871957,8367,57429,761
1.237657589249016e+18,182.527664050751,53.9966060184976,22.68154,22.13968,21.8135,21.90436,21.68485,2821,301,1,193,9.253989162281095e+18,QSO,1.581391,8219,57429,792
1.2376623024301015e+18,198.540709714043,51.9924388455679,21.59298,20.95174,21.0026,21.11254,21.3992,3918,301,4,61,9.258530145303812e+18,GALAXY,0.03310121,8223,57429,928
1.2376623061872812e+18,208.653924288135,39.7149946809473,22.29551,20.93813,19.61719,19.09039,18.81063,3919,301,3,47,9.96084539656899e+18,GALAXY,0.2182627,8847,57429,32
1.2376623051128842e+18,206.512853298492,39.173421197082,25.20148,22.99479,21.61624,20.59392,19.88233,3919,301,1,37,9.960919338725958e+18,GALAXY,0.6213757,8847,57429,301
1.2376583027416768e+18,158.860352918076,56.6950488447979,24.4441,23.12583,21.35472,20.10851,19.36242,2987,301,2,59,9.208899564815536e+18,GALAXY,0.7490802,8179,57429,597
1.237661968498885e+18,169.433885699559,42.4065264276411,22.58473,21.96541,21.78923,21.37738,21.14206,3840,301,6,99,9.420655608720544e+18,QSO,1.544376,8367,57429,913
1.2376621945207524e+18,167.362324895191,41.0603964988797,22.14355,21.70422,21.56193,21.22179,21.1895,3893,301,3,87,9.420533013174049e+18,QSO,1.116863,8367,57429,467
1.2376621945212111e+18,168.805501913955,41.1887355801316,21.98001,22.28722,21.84782,21.95797,21.86858,3893,301,3,94,9.420476663203123e+18,QSO,0.7767982,8367,57429,262
1.2376551067615887e+18,160.701728116752,56.5003118760286,24.08795,22.7929,21.06664,20.17869,19.66497,2243,301,1,249,9.20895591478646e+18,STAR,7.876263e-05,8179,57429,802
1.23766230672389e+18,207.977770286384,40.1876838792871,25.26545,24.18609,21.70175,20.50681,19.46771,3919,301,4,43,9.96108976302826e+18,GALAXY,0.8173671,8847,57429,921
1.2376575892488197e+18,181.703646127573,53.9935086284746,20.84226,20.77086,20.56475,20.53121,20.61931,2821,301,1,190,9.253942707914824e+18,QSO,1.013368,8219,57429,623
1.2376619668875512e+18,167.666149381809,40.863348372139,21.00933,20.70047,20.68695,20.57534,20.38883,3840,301,3,88,9.420514596354286e+18,QSO,2.208253,8367,57429,400
1.2376621945207524e+18,167.327772554494,40.9635033634901,22.19423,22.30612,21.81054,22.20688,22.00065,3893,301,3,87,9.420533837807768e+18,QSO,1.392283,8367,57429,470
1.2376619668884032e+18,170.151619744946,41.1704546455912,21.0779,20.33642,20.0528,19.97566,19.84613,3840,301,3,101,9.420412066894991e+18,QSO,2.644175,8367,57429,27
1.2376619668877478e+18,168.226576088582,40.8887581469372,21.43726,20.97355,20.86346,20.52896,20.68788,3840,301,3,91,9.420474739057777e+18,QSO,1.544973,8367,57429,255
1.2376621945211456e+18,168.59535433293,41.1307049007466,21.44219,20.98274,20.72768,20.32012,20.07691,3893,301,3,93,9.420482985394985e+18,QSO,1.637134,8367,57429,285
1.2376582061255557e+18,197.368608413828,50.467503660536,20.02084,19.97742,19.71638,19.62225,19.6872,2964,301,6,374,9.258275333484075e+18,GALAXY,0.0,8223,57429,1
1.237662194521277e+18,169.001244134527,41.3521409792796,20.78447,20.67344,20.57625,20.43926,20.70195,3893,301,3,95,9.420462369551964e+18,QSO,1.912435,8367,57429,210
1.237661968498295e+18,167.828801119877,42.0662523601716,20.48862,20.30575,20.0729,20.01202,19.91553,3840,301,6,90,9.4205706714473e+18,QSO,1.162245,8367,57429,604
1.2376621945215383e+18,169.707738008927,41.3319643683588,20.13592,19.85184,19.81091,19.48497,19.44681,3893,301,3,99,9.420422787133364e+18,QSO,1.66084,8367,57429,66
1.237662194520818e+18,167.566408010763,41.0393608634083,21.67266,21.86445,21.95818,21.27844,21.36074,3893,301,3,88,9.420527240738e+18,QSO,1.969103,8367,57429,446
1.23765830274207e+18,160.300670077406,57.0951400280483,26.11234,22.88224,21.34328,20.35497,19.6896,2987,301,2,65,9.208939147234138e+18,GALAXY,0.579441,8179,57429,741
1.2376619668879444e+18,168.744010551998,41.1110344235143,19.63857,19.29703,19.3218,19.25308,19.42487,3840,301,3,94,9.420476388325218e+18,QSO,0.6125262,8367,57429,261
1.2376619684986225e+18,168.682439422837,42.2236925143479,19.8504,19.68569,19.37961,19.36574,19.36136,3840,301,6,95,9.420612178011249e+18,QSO,1.17088,8367,57429,755
1.237657589249016e+18,182.633716974077,54.1044241169161,21.75291,21.58005,21.08938,20.42518,20.1363,2821,301,1,193,9.253987513013656e+18,QSO,1.924299,8219,57429,786
1.2376621955948877e+18,168.336720338471,42.0077386844374,22.58201,21.12425,20.86848,20.68337,20.23572,3893,301,5,93,9.420593761191483e+18,QSO,2.521542,8367,57429,688
1.2376621945208832e+18,167.70196720139,41.1736535975982,20.30334,20.09288,20.08151,19.81985,19.92404,3893,301,3,89,9.42052834024963e+18,QSO,1.606995,8367,57429,450
1.2376621945214075e+18,169.367406745755,41.3031441033409,20.81228,20.75699,20.69934,20.2555,20.1614,3893,301,3,97,9.42044477736592e+18,QSO,1.90493,8367,57429,146
1.237662305112884e+18,206.415169724233,39.2173783181352,25.78012,22.26581,21.07696,19.96715,19.31127,3919,301,1,37,9.96092428652828e+18,GALAXY,0.6199426,8847,57429,319
1.2376619577566167e+18,197.08169068152,51.1497339306547,21.43488,21.27811,21.04862,20.97973,20.7597,3838,301,2,25,9.258349000763136e+18,QSO,1.497462,8223,57429,269
1.2376623051134075e+18,207.897882868388,38.8775619493456,22.22466,21.41405,20.69117,20.12833,19.8356,3919,301,1,45,9.960863538510844e+18,QSO,1.477172,8847,57429,98
1.2376621955951496e+18,169.170031474778,42.0927787435709,21.28992,21.3672,21.2841,21.03619,20.65615,3893,301,5,97,9.420636642144969e+18,QSO,1.826948,8367,57429,844
1.2376621945209487e+18,168.035865891449,41.1162352846953,22.06511,21.59959,21.4388,21.48139,21.17972,3893,301,3,90,9.420506075139168e+18,QSO,2.670588,8367,57429,369
1.237662194521342e+18,169.163936229336,41.3350070900116,18.75283,17.86375,17.60158,17.52102,17.50148,3893,301,3,96,9.42044752614499e+18,STAR,-0.0001028981,8367,57429,156
1.23766196688801e+18,169.119886315954,41.0940168627449,20.8685,20.71002,20.59575,20.4333,20.57288,3840,301,3,95,9.420454123214756e+18,QSO,1.683259,8367,57429,180
1.2376621955944945e+18,167.143030246968,41.9512254710865,22.34865,22.36531,21.95431,21.69438,21.12328,3893,301,5,87,9.420545932435675e+18,QSO,1.161129,8367,57429,514
1.2376551067615887e+18,160.710470537932,56.5257932106587,22.26322,22.03684,21.63848,21.28907,21.01923,2243,301,1,249,9.208953990641112e+18,QSO,0.9774114,8179,57429,795
1.2376577701760215e+18,161.014419945957,54.509867008768,24.02836,22.87071,21.50277,20.48191,19.68853,2863,301,2,216,9.208780267803924e+18,GALAXY,0.6306853,8179,57429,163
1.2376621955944292e+18,167.068770404403,41.8369918982864,25.40414,21.72803,21.18394,21.04345,21.38312,3893,301,5,86,9.420546482191487e+18,QSO,3.132399,8367,57429,516
1.2376619684982295e+18,167.546239708211,42.2260599810232,20.56109,20.1347,19.9824,19.77465,19.69646,3840,301,6,89,9.420559401453115e+18,QSO,2.182242,8367,57429,563
1.2376582061250314e+18,195.469388298044,50.5909802052602,18.7312,17.76678,17.43234,17.30902,17.27431,2964,301,6,366,9.25840067780964e+18,STAR,-0.000320413,8223,57429,457
1.2376621945339904e+18,207.560627607278,40.0970770956957,21.12571,20.63831,20.44493,20.22487,20.47977,3893,301,3,289,9.961069696941052e+18,QSO,1.527966,8847,57429,848
1.237661966887813e+18,168.358099668211,40.9274416507362,22.04967,21.86078,21.97517,21.95948,22.39694,3840,301,3,92,9.42047528881359e+18,STAR,-0.0001552489,8367,57429,257
1.2376621945210143e+18,168.212798431859,41.0762145983906,22.02366,21.40619,20.49195,20.13677,19.85955,3893,301,3,91,9.420504150993822e+18,GALAXY,0.382516,8367,57429,362
1.2376619588300974e+18,196.434613943458,52.0157876921588,24.69952,23.53644,21.58092,20.47886,19.75456,3838,301,4,21,9.25845180510033e+18,GALAXY,0.6216308,8223,57429,643
1.2376621939971205e+18,207.360870894144,39.7280548170067,25.42538,23.76874,22.41481,20.85711,19.81303,3893,301,2,289,9.961071621086405e+18,GALAXY,0.7514226,8847,57429,855
1.2376621945211456e+18,168.634929976131,41.2191468023288,21.39581,20.02259,19.37308,19.14075,19.05462,3893,301,3,93,9.420477487836846e+18,STAR,-0.0002457599,8367,57429,265
1.2376619582930296e+18,195.497352055625,51.6315482530036,23.92653,22.8672,21.38509,20.37984,19.71321,3838,301,3,18,9.258422668042197e+18,GALAXY,0.6458104,8223,57429,537
1.2376619684987535e+18,169.06111942813,42.238579461188,21.50189,20.95525,20.82495,20.941,20.51256,3840,301,6,97,9.420625647028689e+18,QSO,2.376027,8367,57429,804
1.2376619674242255e+18,167.004566090654,41.2396324195202,20.30169,20.43005,20.27204,20.24015,20.30511,3840,301,4,85,9.420540434877536e+18,QSO,1.410714,8367,57429,494
1.2376582061250314e+18,195.428475668447,50.7374669410608,20.30448,18.53857,17.76491,17.40499,17.262,2964,301,6,366,9.258407274879408e+18,STAR,-0.0002588374,8223,57429,481
1.2376621945215388e+18,169.706155047237,41.3618010845281,20.4751,20.36665,20.06701,19.90728,19.90623,3893,301,3,99,9.420423611767083e+18,QSO,1.445703,8367,57429,69
1.2376621955947569e+18,167.891124913407,42.0535589621978,25.20161,22.85459,21.74035,20.41135,19.68716,3893,301,5,91,9.42057149608102e+18,GALAXY,0.6559442,8367,57429,607
1.2376621955946253e+18,167.569542709309,41.8920723633104,22.21475,22.41079,21.9787,21.75554,21.35828,3893,301,5,89,9.420561325598464e+18,QSO,0.9588285,8367,57429,570
1.2376621945206213e+18,167.113366065898,40.9424106028506,21.30071,21.25743,20.93364,20.79911,20.7132,3893,301,3,85,9.420539060488e+18,QSO,1.103452,8367,57429,489
1.2376619577561582e+18,195.443760551829,51.3516775575733,21.27464,21.16953,21.09474,20.80262,21.12746,3838,301,2,18,9.25840617536778e+18,QSO,1.797926,8223,57429,477
1.237662194520818e+18,167.575201690324,41.1134927813326,21.06951,20.3312,19.89227,19.64117,19.31806,3893,301,3,88,9.420526416104282e+18,QSO,2.363977,8367,57429,443
1.2376619684986885e+18,168.832578238203,42.3240894286733,21.49336,21.11983,20.78151,20.57043,20.6112,3840,301,6,96,9.420611628255437e+18,QSO,2.245461,8367,57429,753
1.2376621945210148e+18,168.228840727162,41.2107960211468,22.54527,21.97131,21.91948,21.84383,21.12743,3893,301,3,91,9.420495354900795e+18,QSO,2.262722,8367,57429,330
1.2376621945209492e+18,168.06677389261,41.0526273839824,21.39571,21.48442,21.39675,21.2759,21.10391,3893,301,3,90,9.420505250505447e+18,QSO,2.063778,8367,57429,366
1.2376575892488847e+18,182.123595208232,53.9213041003644,21.14708,20.70369,20.73472,20.49891,20.57004,2821,301,1,191,9.253956176932266e+18,QSO,1.620495,8219,57429,672
1.237661958294012e+18,199.004550885097,51.3801612268471,23.61691,22.25566,21.12257,20.11529,19.46252,3838,301,3,33,9.258284129577095e+18,GALAXY,0.617386,8223,57429,33
1.2376619668882068e+18,169.629261313575,41.1507240520878,24.65369,22.76469,21.48665,20.81067,20.62488,3840,301,3,98,9.42042223737755e+18,STAR,-0.0001620878,8367,57429,64
1.2376619684988198e+18,169.359533552882,42.3252905993089,22.1615,21.90011,21.73475,21.62457,22.15782,3840,301,6,98,9.420645987993805e+18,QSO,1.55778,8367,57429,878
1.2376621945214075e+18,169.381036754267,41.3173588505492,21.93601,21.84292,21.3791,21.03669,20.73948,3893,301,3,97,9.42044587687755e+18,QSO,2.024164,8367,57429,150
1.2376623024299707e+18,198.024917144079,52.0466488244791,22.04208,21.44814,20.55952,21.50447,20.84566,3918,301,4,59,9.258517500920093e+18,GALAXY,0.2817833,8223,57429,882
1.2376621945208832e+18,167.83422481196,41.0108882657299,19.15521,18.26169,17.91911,17.80554,17.76138,3893,301,3,89,9.420515146110095e+18,STAR,-0.0005731662,8367,57429,402
1.2376621945211456e+18,168.643369077185,41.2442578672919,20.95547,19.58602,18.93393,18.67075,18.5503,3893,301,3,93,9.420478312470569e+18,STAR,9.881795e-05,8367,57429,268
1.237662194521277e+18,168.867786984432,41.2724596175231,21.17793,20.97112,20.86343,20.43287,20.56243,3893,301,3,95,9.420460720284522e+18,QSO,1.644382,8367,57429,204
1.2376619668873546e+18,167.033664662797,40.7879466418592,21.57166,21.37659,21.28922,21.074,20.80919,3840,301,3,85,9.420537686098469e+18,QSO,1.969085,8367,57429,484
1.237658206125753e+18,198.09359733342,50.380155806764,24.78688,23.61405,21.75266,20.29696,19.70543,2964,301,6,377,9.25830914346663e+18,STAR,-4.824801e-05,8223,57429,124
1.2376619668874204e+18,167.21814372736,40.8634085081159,25.95796,23.87254,21.72983,20.40997,19.6319,3840,301,3,86,9.420536861464746e+18,GALAXY,0.6248936,8367,57429,481
1.2376619668879444e+18,168.852803376171,40.9634949474403,20.74088,20.48072,20.36888,20.25511,20.21526,3840,301,3,94,9.42045907101708e+18,QSO,1.931121,8367,57429,198
1.2376621945214733e+18,169.484399083681,41.4298937127268,22.0559,21.69216,21.24797,21.06967,20.68891,3893,301,3,98,9.42043488176127e+18,GALAXY,0.2659644,8367,57429,110
1.237661966887617e+18,167.816404333312,40.8271025055404,21.42888,21.23516,21.26831,21.11319,21.09716,3840,301,3,89,9.420502501726378e+18,QSO,1.850637,8367,57429,356
1.2376575892486886e+18,181.332365203885,54.0222512267204,20.61302,20.40231,20.42953,20.12654,20.2877,2821,301,1,188,9.253933636943897e+18,QSO,1.500343,8219,57429,590
1.237661966888141e+18,169.372835202056,41.1277510290133,21.71455,21.17126,21.40196,21.49329,21.05838,3840,301,3,97,9.420443677854292e+18,QSO,2.237798,8367,57429,142
1.237661968498164e+18,167.355407634247,42.1959322644556,20.28692,19.88477,19.95298,19.84361,19.70417,3840,301,6,88,9.42054813145893e+18,QSO,2.225929,8367,57429,522
1.2376619684980987e+18,167.21376062223,42.0237908473134,22.31761,21.50533,21.51777,21.58362,21.39433,3840,301,6,87,9.420545107801954e+18,QSO,2.47422,8367,57429,511
1.2376619668875512e+18,167.735147229202,40.8452796370057,20.40145,20.32353,20.47849,20.2821,20.27458,3840,301,3,88,9.42050140221475e+18,QSO,1.687018,8367,57429,352
1.2376576295288184e+18,183.439411388475,52.6682082997289,23.9083,23.99564,21.82609,20.80748,19.79633,2830,301,4,414,9.253801970426468e+18,GALAXY,0.7942113,8219,57429,111
1.237657589249016e+18,182.591672509502,54.0738655704481,20.49552,20.03847,19.98475,19.78866,19.72349,2821,301,1,193,9.253987787891562e+18,QSO,0.6738856,8219,57429,787
1.2376623051136049e+18,208.563929077887,38.8230924285779,24.60756,22.85163,21.41535,19.63171,18.6867,3919,301,1,48,9.960850619249222e+18,STAR,-0.0001433366,8847,57429,51
1.2376623061864947e+18,206.400565650237,40.1837061401551,25.33546,23.33378,21.53851,20.53821,19.74554,3919,301,3,35,9.961021043551525e+18,GALAXY,0.5521447,8847,57429,671
1.2376619577561582e+18,195.476833917902,51.2728212230167,22.07115,21.62014,22.01938,21.29153,21.32257,3838,301,2,18,9.258406450245687e+18,QSO,1.898408,8223,57429,478
1.237661958293881e+18,198.547111488865,51.3537733737474,24.93225,23.62105,21.85629,20.62926,19.9029,3838,301,3,31,9.258295124693377e+18,GALAXY,0.7635955,8223,57429,73
1.237662195594822e+18,168.2541603364,41.9274915332163,21.03971,21.21647,20.88842,20.85649,21.10935,3893,301,5,92,9.420583590708926e+18,QSO,1.234302,8367,57429,651
1.2376619668874857e+18,167.400731117879,40.8873405221239,21.67544,21.25427,21.13005,21.49032,21.0971,3840,301,3,87,9.420531638784514e+18,QSO,2.640789,8367,57429,462
1.237661966887879e+18,168.757778890879,40.9149239711884,20.58985,20.60011,20.38399,20.46644,20.34612,3840,301,3,93,9.42045852126127e+18,QSO,1.387111,8367,57429,196
1.2376621945214733e+18,169.602889389455,41.4325764838843,19.92524,19.53254,19.27451,19.26828,19.36599,3893,301,3,98,9.420424986156622e+18,QSO,1.238334,8367,57429,74
1.2376575892489503e+18,182.318656071379,53.9957185301086,21.67444,21.8743,21.68437,21.63093,21.86832,2821,301,1,192,9.253965247903191e+18,QSO,2.044347,8219,57429,705
1.2376619582940785e+18,199.221612688017,51.2489955846918,25.0106,24.50027,23.45187,21.77091,19.91858,3838,301,3,34,9.25827753250733e+18,STAR,-0.0004476929,8223,57429,9
1.2376621945217354e+18,170.435299665408,41.4594970527714,22.04947,22.11426,21.75022,21.67448,21.1844,3893,301,3,102,9.420409043238015e+18,QSO,1.243781,8367,57429,16
1.2376619684985572e+18,168.601534574756,42.2759460778752,21.00722,20.94273,20.74799,20.76066,21.15462,3840,301,6,94,9.420613552400783e+18,QSO,1.375623,8367,57429,760
1.237661959904232e+18,198.11247716399,52.6310910106313,22.94604,23.55086,21.9352,20.65682,19.92171,3838,301,6,27,9.258522723600325e+18,GALAXY,0.7576316,8223,57429,901
1.2376619588308183e+18,199.118631828396,51.7865029152076,24.68877,22.85859,21.63994,20.50602,19.66608,3838,301,4,32,9.258545813344508e+18,GALAXY,0.7877594,8223,57429,985
1.2376577701764805e+18,162.579935455468,54.9821683499104,24.01263,24.59362,21.94296,20.5645,19.82939,2863,301,2,223,9.208737936606256e+18,GALAXY,0.7636994,8179,57429,9
1.2376576128715983e+18,158.632310646809,55.3421847011763,20.82512,20.82862,20.8032,20.61321,20.37644,2826,301,5,197,9.208864380443448e+18,QSO,2.016119,8179,57429,469
1.237662195594822e+18,168.161144869517,42.0431154053221,21.14475,20.70197,20.65179,20.34409,19.95905,3893,301,5,92,9.420583865586831e+18,QSO,0.4664596,8367,57429,652
1.2376575892490816e+18,182.862942589901,54.0472814992884,21.36856,20.48975,20.15027,20.08828,20.05801,2821,301,1,194,9.253999332763654e+18,STAR,-0.0001744852,8219,57429,829
1.2376621955946908e+18,167.713044244208,41.8299317273787,21.7321,21.44239,21.51293,21.36552,21.0705,3893,301,5,90,9.42056160047637e+18,QSO,1.788192,8367,57429,571
1.237662195595084e+18,168.966146219678,42.1236118603525,22.06641,21.80667,21.7256,21.37365,21.54179,3893,301,5,96,9.420625097272875e+18,QSO,1.694875,8367,57429,802
1.23766196688801e+18,168.931131992001,41.1430053352352,20.71243,20.58555,20.26614,20.1313,20.27486,3840,301,3,95,9.420461544918243e+18,QSO,1.462764,8367,57429,207
1.2376642958350748e+18,208.08252488548,38.4699398619323,22.61642,22.13578,21.93243,21.79376,21.99831,4382,301,5,111,9.96084869510387e+18,QSO,3.171035,8847,57429,44
1.2376575897852316e+18,179.906523124889,54.4128339497637,21.19274,21.22865,21.00375,20.95184,21.30767,2821,301,2,183,9.265142333372127e+18,QSO,1.297471,8229,57430,407
1.2376575908585152e+18,178.016306263472,55.2177349525607,26.24409,25.27987,22.34828,20.68784,19.5962,2821,301,4,176,9.266167078209214e+18,GALAXY,0.7670906,8230,57430,39
1.2376575897856904e+18,181.833257388151,54.5000646285679,21.56795,21.52187,21.13519,21.17609,20.66972,2821,301,2,190,9.265066192191904e+18,QSO,1.407133,8229,57430,130
1.237657591394337e+18,173.822790732829,55.121508910828,21.5806,20.18889,19.52631,19.35184,19.2931,2821,301,5,160,9.266291323023151e+18,STAR,0.0001045406,8230,57430,491
1.2376575897845112e+18,177.191816062789,54.2951446519737,23.44774,22.63062,21.60319,20.60859,19.79493,2821,301,2,172,9.266201163069678e+18,GALAXY,0.6970665,8230,57430,163
1.237657591396369e+18,181.983464711688,55.7809643346285,22.73883,22.16883,21.36118,20.51157,20.12544,2821,301,5,191,9.265284445250015e+18,GALAXY,0.7252527,8229,57430,924
1.2376619599061327e+18,204.888116013923,51.6865750582785,24.77596,23.21811,21.55953,20.52024,19.82937,3838,301,6,56,9.241413772933091e+18,GALAXY,0.6116062,8208,57430,99
1.2376575913955822e+18,178.741781325317,55.6180746801749,21.36567,21.27196,20.74629,20.64836,20.46494,2821,301,5,179,9.26642931173244e+18,QSO,1.124133,8230,57430,993
1.2376575913947302e+18,175.348874456074,55.4377536025296,20.41085,19.62138,19.25274,19.12613,19.08284,2821,301,5,166,9.266271256935946e+18,STAR,0.0001319149,8230,57430,418
1.2376619593692613e+18,204.864263194874,51.3708404445437,20.54007,20.4831,20.22873,20.19927,20.22953,3838,301,5,56,9.24142064488077e+18,QSO,1.222307,8208,57430,124
1.2376575897856904e+18,181.666341327567,54.4382841920801,21.60686,21.49624,21.45761,21.23923,21.28811,2821,301,2,190,9.265078836575623e+18,QSO,1.440303,8229,57430,176
1.2376575913945992e+18,174.66875516843,55.3250087065839,21.71055,21.05176,20.82491,20.82312,20.75545,2821,301,5,164,9.266287474732458e+18,QSO,2.128613,8230,57430,477
1.2376575908588426e+18,179.358727687013,55.0868368518055,24.48095,22.88983,21.40054,20.22147,19.34759,2821,301,4,181,9.265147830930266e+18,GALAXY,0.694356,8229,57430,427
1.237657591394468e+18,174.31602796921,55.2962808473429,21.81457,20.91845,20.7409,20.53831,20.36615,2821,301,5,162,9.266292147656874e+18,QSO,2.278839,8230,57430,494
1.2376575892484915e+18,180.523445983032,54.0608302856395,21.52749,21.74482,21.52881,21.35047,21.13561,2821,301,1,185,9.26511951850585e+18,QSO,1.187997,8229,57430,324
1.2376575913958444e+18,179.782527974435,55.697664788126,21.47281,21.63895,21.33498,21.34084,21.44173,2821,301,5,183,9.26519868334305e+18,QSO,2.163709,8229,57430,612
1.2376575897858214e+18,182.156779506287,54.3738648077701,22.53512,21.25476,20.93019,20.98465,20.92704,2821,301,2,192,9.265054097564e+18,QSO,3.209732,8229,57430,86
1.2376619588316703e+18,202.160249490522,51.3381035513909,23.24261,23.15899,21.43551,20.25923,19.58947,3838,301,4,45,9.241508330933082e+18,GALAXY,0.6778838,8208,57430,443
1.237661959368606e+18,202.444190042795,51.7536343540891,21.86076,20.89565,20.56648,20.5288,20.47935,3838,301,5,46,9.241501733863318e+18,STAR,-0.0001596318,8208,57430,419
1.2376575913957783e+18,179.533158441023,55.5400595649854,19.6352,19.50912,19.50367,19.28108,19.24911,2821,301,5,182,9.265200332610492e+18,QSO,1.606747,8229,57430,618
1.2376619593691302e+18,204.180811418275,51.3913753946189,21.76213,21.60615,21.50138,21.35568,20.84948,3838,301,5,54,9.2414338390203e+18,QSO,0.6862385,8208,57430,172
1.2376623035051543e+18,203.539598080362,52.307888698968,20.75668,20.49485,20.38645,20.05152,19.71211,3918,301,6,81,9.24146352583425e+18,QSO,0.487246,8208,57430,280
1.2376623018946724e+18,203.47412905182,50.9600002192322,20.53221,19.97182,19.60837,19.30519,18.94753,3918,301,3,83,9.241464350467971e+18,QSO,1.369125,8208,57430,283
1.237657610728113e+18,175.225899027003,56.2606743702573,22.72204,22.76597,21.96854,20.50143,19.47482,2826,301,1,258,9.266317161546404e+18,GALAXY,0.6950244,8230,57430,585
1.2376591316686605e+18,205.756713022454,52.7101506177359,21.96015,21.67198,21.39108,21.24125,21.1529,3180,301,2,33,9.241658139392369e+18,QSO,1.952018,8208,57430,988
1.2376575897856248e+18,181.407635532135,54.4684316973986,20.63578,20.41439,20.31782,20.00517,19.82034,2821,301,2,189,9.265076087796552e+18,QSO,1.69534,8229,57430,166
1.2376575913951237e+18,176.852642807468,55.4674676460154,21.30133,21.16073,21.01542,20.81817,20.23698,2821,301,5,172,9.266381757854536e+18,GALAXY,0.7720658,8230,57430,820
1.2376583027425943e+18,162.414136164378,57.5311225629023,24.77453,23.71144,21.69851,20.34118,19.51135,2987,301,2,73,9.215521923383188e+18,GALAXY,0.5917764,8185,57431,113
1.237662193985324e+18,171.855295736023,41.1357452508254,22.77338,22.86469,21.86078,20.69256,19.7605,3893,301,2,109,9.4216055868005e+18,GALAXY,0.8252388,8368,57431,273
1.237661966888862e+18,171.658761817852,41.316623173077,21.7407,21.38395,21.14025,20.97343,20.74693,3840,301,3,108,9.421604762166778e+18,QSO,1.127161,8368,57431,270
1.2376582061242455e+18,192.635195952283,50.9686671287387,22.36156,21.9896,21.77247,21.74026,21.56871,2964,301,6,354,9.257262958186357e+18,QSO,2.056771,8222,57431,414
1.2376623008183754e+18,194.108349220198,51.1243647036824,24.32087,22.46318,21.66216,20.62193,19.86822,3918,301,1,44,9.257198361878225e+18,GALAXY,0.796618,8222,57431,179
1.2376621945223913e+18,172.246537421014,41.7277617131909,23.29802,23.4512,21.81413,20.40516,19.75909,3893,301,3,112,9.421775736224895e+18,STAR,0.0001725971,8368,57431,892
1.2376621945223252e+18,172.087212329935,41.5897066092797,20.82704,20.69292,20.69646,20.33637,20.53427,3893,301,3,111,9.421574250719107e+18,QSO,1.668268,8368,57431,159
1.237658302742267e+18,161.219111935284,57.2838166397323,22.55869,25.70659,21.27297,20.1322,19.45384,2987,301,2,68,9.21556920238318e+18,GALAXY,0.8662005,8185,57431,285
1.2376582061297505e+18,211.549946435696,47.9596981938793,20.66743,20.57563,20.50879,20.31628,20.41644,2964,301,6,438,9.569233164771285e+18,QSO,1.918808,8499,57431,763
1.237658204519662e+18,212.632568967419,46.4655879559047,24.1342,22.92137,21.48046,19.84042,18.85521,2964,301,3,446,9.569049271451542e+18,STAR,7.992232e-06,8499,57431,94
1.2376619684995402e+18,171.597509780663,42.7140023357382,21.14602,21.07269,20.86964,20.8283,21.50985,3840,301,6,109,9.421747698678389e+18,QSO,1.323831,8368,57431,790
1.237661966888862e+18,171.592513354825,41.45854329446,21.15046,21.00268,21.01362,20.86563,20.63846,3840,301,3,108,9.421606411434222e+18,QSO,1.844725,8368,57431,276
1.2376611508468452e+18,212.879389180165,46.2601717215855,21.14089,21.17501,21.04438,20.78679,20.69334,3650,301,3,135,9.569035527556192e+18,QSO,1.640678,8499,57431,44
1.2376621945223252e+18,172.117169682019,41.6346593240674,20.36558,20.20617,19.88496,19.86569,19.74127,3893,301,3,111,9.421766940131877e+18,QSO,1.109916,8368,57431,860
1.23766219452167e+18,170.241655105848,41.3639886914769,21.42207,21.01834,20.79384,20.61173,20.34119,3893,301,3,101,9.421660562381887e+18,QSO,0.701416,8368,57431,473
1.2376582045192689e+18,211.283327979769,46.7484171274428,23.09001,21.86081,21.38076,21.1199,21.28721,2964,301,3,440,9.569108095323623e+18,STAR,-0.0006472376,8499,57431,308
1.2376611519196695e+18,210.467445300126,47.6371690904116,22.48553,22.10442,22.10153,21.78514,21.83246,3650,301,5,121,9.569181212846873e+18,QSO,2.341422,8499,57431,574
1.237661966889124e+18,172.41131877454,41.5654039250911,21.84117,21.7707,21.48457,21.43626,21.27924,3840,301,3,112,9.4215621560912e+18,QSO,0.9675143,8368,57431,115
1.237661966889124e+18,172.390051761766,41.4154372508912,21.83316,21.37384,21.02141,20.72959,20.11375,3840,301,3,112,9.421562980724922e+18,QSO,0.8958073,8368,57431,118
1.237658206129881e+18,211.907746747464,47.8813174442685,22.15072,22.07992,22.14577,21.72516,21.32302,2964,301,6,440,9.569246358910818e+18,QSO,1.746686,8499,57431,811
1.2376582045189407e+18,210.343962256362,47.0150808577063,22.2109,22.16148,21.84993,21.71088,22.42605,2964,301,3,435,9.5691545496899e+18,QSO,1.200814,8499,57431,477
1.237658206129881e+18,211.905493946873,47.9127379393578,21.44526,21.26734,21.2703,20.86702,20.72279,2964,301,6,440,9.569243610131749e+18,QSO,1.575942,8499,57431,801
1.2376583032795302e+18,162.589063857157,57.8663273208775,20.92208,20.64656,20.38778,20.10387,20.08475,2987,301,3,74,9.215524397284348e+18,QSO,1.450681,8185,57431,122
1.237658206129357e+18,210.190078994274,48.2915679252525,21.91104,21.2996,21.12163,20.86995,20.82572,2964,301,6,432,9.56917599016664e+18,QSO,2.016688,8499,57431,555
1.23766195776127e+18,212.977275743414,48.1766239814291,21.92539,21.73683,21.27677,20.99993,21.0727,3838,301,2,96,9.569285666451511e+18,QSO,1.602876,8499,57431,954
1.2376621945218665e+18,170.727399964481,41.3957618910418,20.86112,20.75164,20.63947,20.28311,20.09204,3893,301,3,104,9.42164324507375e+18,QSO,1.727465,8368,57431,410
1.2376619684990817e+18,170.105134897395,42.4791780743602,21.39803,20.93583,20.65787,20.54188,20.44827,3840,301,6,102,9.42168007871328e+18,QSO,0.9035915,8368,57431,544
1.237658206124114e+18,192.247466494147,50.9243341872658,22.03444,22.02817,21.71072,21.70602,21.82273,2964,301,6,352,9.257271479401468e+18,QSO,1.304383,8222,57431,445
1.2376582061240486e+18,192.000410418808,51.0088606894085,20.72956,20.98576,20.46244,20.5249,20.48236,2964,301,6,351,9.257273128668912e+18,QSO,1.203672,8222,57431,451
1.2376611513835855e+18,212.626669894066,46.7137457818265,23.73178,24.1852,21.56399,20.5624,19.76077,3650,301,4,133,9.569061091201538e+18,GALAXY,0.6052856,8499,57431,137
1.2376583032793992e+18,162.052312092886,57.6943190919232,22.26297,21.8945,21.88326,21.52513,21.56239,2987,301,3,72,9.215540340202952e+18,QSO,1.608528,8185,57431,180
1.2376583043529452e+18,160.647167838754,58.4028319027819,24.904,23.2613,21.58657,20.40841,19.6764,2987,301,5,69,9.215671456964564e+18,GALAXY,0.6245732,8185,57431,657
1.2376583032789404e+18,160.351146498862,57.3908595349479,22.29005,21.44506,20.9297,20.35511,19.98859,2987,301,3,65,9.215592017249456e+18,QSO,0.528814,8185,57431,368
1.2376621945217354e+18,170.33465708989,41.3657342842474,21.21506,21.16294,21.15935,20.95009,20.802,3893,301,3,102,9.4216611121377e+18,QSO,2.042197,8368,57431,475
1.2376621945224563e+18,172.559249821103,41.651531476236,20.8053,20.38849,20.2483,20.02945,20.20149,3893,301,3,113,9.42178893036443e+18,QSO,1.543148,8368,57431,940
1.2376576295315707e+18,193.716044396876,52.3755978665999,23.07452,23.4031,21.92718,20.66525,19.88351,2830,301,4,456,9.257359440331692e+18,GALAXY,0.6266584,8222,57431,765
1.2376619668884032e+18,170.160631739668,41.2901314508967,21.38994,20.82143,20.72394,20.73956,20.45327,3840,301,3,101,9.421662486527236e+18,QSO,2.75381,8368,57431,480
1.2376619668884687e+18,170.490358050973,41.2838507229143,21.71735,22.36006,21.90881,21.83916,22.08937,3840,301,3,102,9.42165478994584e+18,QSO,1.444664,8368,57431,452
1.2376621945218665e+18,170.692630291423,41.4893899513071,21.95965,21.10066,20.9297,20.72968,20.68113,3893,301,3,104,9.42165588945747e+18,QSO,2.652328,8368,57431,456
1.2376582045195308e+18,212.216333737876,46.5383833933948,20.9922,21.00671,21.16084,20.85902,20.78944,2964,301,3,444,9.56906906266084e+18,QSO,1.880287,8499,57431,166
1.2376621945218007e+18,170.619448774315,41.4881109750593,20.96399,20.90357,20.81339,20.44213,20.80722,3893,301,3,103,9.421656164335376e+18,QSO,1.637217,8368,57431,457
1.2376611508460588e+18,210.414839789704,46.8464389917353,21.97019,21.32952,21.24508,20.95006,20.60063,3650,301,3,123,9.569151526032925e+18,QSO,2.288536,8499,57431,466
1.237658206129357e+18,210.352680918024,48.2966504906815,21.91571,22.03563,21.65481,21.70146,21.22183,2964,301,6,432,9.569186710405014e+18,QSO,1.399025,8499,57431,594
1.237661959366312e+18,194.075989079707,52.6606353766142,21.18676,20.92465,20.52018,20.30432,20.30713,3838,301,5,11,9.257378681785178e+18,GALAXY,0.485673,8222,57431,835
1.237658206129488e+18,210.648554673152,48.2312945870331,21.8502,21.73167,21.71104,21.13923,21.56964,2964,301,6,434,9.569197980399196e+18,QSO,1.655001,8499,57431,635
1.2376582061292915e+18,210.015151415622,48.406440676425,23.01379,21.92508,21.5505,21.1412,21.09205,2964,301,6,431,9.569174615777106e+18,GALAXY,0.1191829,8499,57431,550
1.237661966889517e+18,173.548319396305,41.6529405974411,20.87268,20.41697,20.29139,20.25212,20.09725,3840,301,3,118,9.421536042690042e+18,QSO,2.470394,8368,57431,20
1.2376619668890583e+18,172.269497378604,41.4486229592152,22.04359,21.9696,21.54301,21.42027,20.8173,3840,301,3,111,9.4215739758412e+18,QSO,1.115553,8368,57431,158
1.237661966888665e+18,170.985640070261,41.3621890405312,21.52289,20.78554,20.61526,20.53319,20.398,3840,301,3,105,9.4216333494691e+18,QSO,2.607896,8368,57431,374
1.237661966888731e+18,171.191045352999,41.2754026643629,20.75728,20.79526,20.48403,20.44025,20.70585,3840,301,3,106,9.421631700201658e+18,QSO,1.093452,8368,57431,368
1.2376582061296855e+18,211.381327085927,48.0055841711725,23.29356,22.7058,21.97475,20.36228,19.50648,2964,301,6,437,9.569220520387566e+18,GALAXY,0.7783866,8499,57431,717
1.2376623008179817e+18,192.721458254533,51.3549259101669,20.85943,20.71691,20.73728,20.77304,20.59634,3918,301,1,38,9.25725608623868e+18,QSO,1.903656,8222,57431,389
1.2376621945215383e+18,169.801361861633,41.3451465840886,20.11959,19.86783,19.65078,19.59387,19.42496,3893,301,3,99,9.421665510184212e+18,QSO,0.9922768,8368,57431,491
1.2376619684992778e+18,170.672462677619,42.5835376494293,21.21918,19.1387,18.01121,17.53282,17.29177,3840,301,6,105,9.421691073829558e+18,STAR,-0.0003010566,8368,57431,584
1.237658206129357e+18,210.296955791726,48.2932200412029,20.86993,20.94128,20.49022,20.48241,20.55737,2964,301,6,432,9.569186160649198e+18,QSO,1.289026,8499,57431,592
1.237658303279268e+18,161.650571302167,57.6622329282747,22.01282,21.91181,21.76196,21.48975,21.06257,2987,301,3,70,9.21555133531923e+18,QSO,1.832685,8185,57431,220
1.2376619582977482e+18,211.937423151115,48.8443496501141,24.46953,23.57676,21.76145,20.48442,19.83298,3838,301,3,90,9.569249107689888e+18,GALAXY,0.6988617,8499,57431,821
1.2376619684992123e+18,170.612774473227,42.4912840520471,20.87769,21.23447,21.22779,20.91146,21.04897,3840,301,6,104,9.421692173341186e+18,QSO,1.83602,8368,57431,588
1.2376582061242455e+18,192.580700219004,50.852431612077,22.54498,22.27161,21.73971,21.42797,21.27455,2964,301,6,354,9.25726158379682e+18,GALAXY,0.1379768,8222,57431,409
1.237662194522522e+18,172.786282770503,41.7079578771369,21.4467,21.26605,21.22033,21.00576,21.29359,3893,301,3,114,9.421799375724894e+18,QSO,1.567621,8368,57431,978
1.2376621945223908e+18,172.408717127532,41.5954444370262,21.35129,21.12006,20.88565,20.91242,20.44037,3893,301,3,112,9.421788655486523e+18,QSO,0.9192601,8368,57431,939
1.2376619593676884e+18,199.137900239901,52.2852779398188,20.93784,21.11276,20.74453,20.75612,20.78524,3838,301,5,32,9.2403739098279e+18,QSO,1.218958,8207,57431,412
1.2376619668893207e+18,172.895655134416,41.5010474655728,21.53146,21.46026,21.11351,21.16899,21.35262,3840,301,3,115,9.42154154024818e+18,QSO,1.175803,8368,57431,40
1.2376582061302743e+18,213.244854772685,47.5542024360099,24.11459,21.81974,20.83508,20.63661,20.66329,2964,301,6,446,9.569297761079417e+18,STAR,-0.0009349213,8499,57431,998
1.2376619668884687e+18,170.46996977794,41.3431676817562,21.40098,21.09594,20.78275,20.47649,20.23558,3840,301,3,102,9.421659737748169e+18,QSO,1.963453,8368,57431,470
1.2376576279205642e+18,192.071119567596,51.1478052896345,22.93781,22.45877,21.78612,21.32515,20.76264,2830,301,1,450,9.257277251837518e+18,GALAXY,1.015907,8222,57431,466
1.237662195596264e+18,172.490058345072,42.5332506043208,25.62752,22.56433,21.66256,20.32955,19.80758,3893,301,5,114,9.421780409149315e+18,STAR,0.0002081128,8368,57431,909
1.2376582061247048e+18,194.224443477484,50.7057857918004,25.94582,23.19405,21.58494,20.27785,19.42619,2964,301,6,361,9.257193963831712e+18,STAR,-0.0002753349,8222,57431,163
1.2376582045193997e+18,211.86995858702,46.6814895425624,21.23314,20.92611,20.63716,20.37622,20.27572,2964,301,3,442,9.56908170704456e+18,QSO,1.741812,8499,57431,212
1.2376619577610734e+18,212.359729566774,48.4269863082242,21.6357,21.5343,21.34751,21.16879,21.33389,3838,301,2,93,9.569262576707328e+18,QSO,1.675517,8499,57431,870
1.2376619668884685e+18,170.405543596154,41.1492186092301,20.22729,20.00453,20.03012,19.75331,19.75557,3840,301,3,102,9.421659187992353e+18,QSO,1.790691,8368,57431,468
1.2376582061241797e+18,192.339584215261,50.9435087225012,20.66049,20.62963,20.62063,20.63621,20.35254,2964,301,6,353,9.257273678424726e+18,QSO,2.084715,8222,57431,453
1.237661966889124e+18,172.424366021124,41.4019553463058,21.63892,20.76389,20.90673,20.92103,20.29981,3840,301,3,112,9.42156160633539e+18,QSO,2.388651,8368,57431,113
1.2376619599047565e+18,200.033008876763,52.5910895495751,25.84101,22.58189,20.71955,19.72781,19.17109,3838,301,6,35,9.240333227897672e+18,GALAXY,0.5363663,8207,57431,264
1.2376583032792023e+18,161.303749775424,57.5652162229195,18.45135,17.53275,17.28062,17.16937,17.15561,2987,301,3,69,9.215573325551786e+18,STAR,0.0001235333,8185,57431,300
1.2376623029675635e+18,200.839004927018,52.2757527670111,24.28185,23.80652,22.63286,21.49444,19.95127,3918,301,5,70,9.240295569624422e+18,GALAXY,0.8829523,8207,57431,127
1.2376583032788751e+18,160.000194593643,57.3701716130292,21.16806,20.69329,20.63257,20.38416,20.17386,2987,301,3,64,9.215604111877364e+18,QSO,0.6649867,8185,57431,412
1.237661966889124e+18,172.297666722977,41.504836947069,21.90624,21.8488,21.67035,21.3053,21.27471,3840,301,3,112,9.421573426085386e+18,GALAXY,0.8106285,8368,57431,156
1.237658206129554e+18,211.004006673207,48.1214835500598,22.43629,22.12331,21.88021,21.68188,22.06454,2964,301,6,435,9.56920925039338e+18,QSO,1.851949,8499,57431,676
1.2376619593682127e+18,201.027940333717,52.003578022083,20.69426,20.50881,20.12481,19.9227,19.98898,3838,301,5,40,9.24029666913605e+18,QSO,1.468609,8207,57431,131
1.2376611508467791e+18,212.541953299132,46.1340861528539,21.97777,21.52497,21.30058,20.69641,20.54656,3650,301,3,134,9.569045972916656e+18,GALAXY,0.7755204,8499,57431,82
1.2376621945219315e+18,170.846887267604,41.602181485579,20.16447,20.08488,19.6908,19.79666,19.84122,3893,301,3,105,9.4216451692191e+18,QSO,1.300925,8368,57431,417
1.2376576284578284e+18,193.687685265932,51.5412636504774,20.2876,20.23498,20.28193,20.26526,20.11505,2830,301,2,456,9.257223375767757e+18,QSO,2.035854,8222,57431,270
1.237658303279137e+18,161.02029161865,57.604697382962,21.65278,21.58145,21.49277,21.18519,20.93476,2987,301,3,68,9.215584045790156e+18,QSO,1.766719,8185,57431,339
1.237662195595346e+18,169.843911942325,42.142154067863,20.87837,20.66968,20.68019,20.4582,20.49867,3893,301,5,100,9.421671282620258e+18,QSO,1.905622,8368,57431,512
1.2376623018919857e+18,193.849969078601,52.0349056280966,20.45413,20.39942,19.93933,19.94218,19.78138,3918,301,3,42,9.257362463988668e+18,QSO,1.218178,8222,57431,776
1.2376619663522537e+18,172.391155683783,41.0085111651204,25.3452,25.30505,21.68365,20.54839,19.77149,3840,301,2,112,9.421568203405154e+18,GALAXY,0.7403986,8368,57431,137
1.2376619599044288e+18,198.715937818611,52.728510851519,23.89897,23.05469,21.55227,20.26481,19.60701,3838,301,6,30,9.240389577868595e+18,GALAXY,0.6655591,8207,57431,469
1.2376621945214733e+18,169.659105578224,41.2802793801265,21.84802,21.49692,21.0986,20.98594,20.94194,3893,301,3,98,9.42166578506212e+18,QSO,1.525999,8368,57431,492
1.2376619684996713e+18,171.99998904539,42.6805954043231,21.64172,20.89793,20.58786,20.41868,20.21253,3840,301,6,111,9.421759793306294e+18,STAR,0.000522979,8368,57431,834
1.2376582061301435e+18,212.89394175502,47.6486397316299,21.04484,20.76879,20.78296,20.68196,20.70543,2964,301,6,444,9.569290339375927e+18,QSO,1.60734,8499,57431,971
1.2376619684994092e+18,171.081368202525,42.6821235573894,22.99292,20.76627,19.41993,18.65849,18.24647,3840,301,6,107,9.4217125143063e+18,STAR,0.0001344042,8368,57431,662
1.237661966888665e+18,171.03159886649,41.3997912322505,20.71946,20.75597,20.5282,20.45612,20.32751,3840,301,3,105,9.421632799713286e+18,QSO,1.200486,8368,57431,372
1.237662301355377e+18,194.597491109021,51.5084429814375,22.40355,21.91987,21.86446,21.68258,21.38954,3918,301,2,46,9.257178295791018e+18,QSO,2.51333,8222,57431,106
1.2376582061243763e+18,193.137569115048,50.945513287212,22.02871,22.02475,21.75082,21.78887,21.10469,2964,301,6,356,9.257251413314263e+18,QSO,1.106269,8222,57431,372
1.237661959904429e+18,198.863343555611,52.6565857098098,26.8944,24.3171,21.85401,20.74485,19.91092,3838,301,6,30,9.240376933484876e+18,GALAXY,0.8461796,8207,57431,423
1.2376619599048223e+18,200.272070873209,52.5666933746813,22.56198,25.20991,21.79879,20.81223,19.73134,3838,301,6,36,9.240331303752323e+18,GALAXY,0.7666681,8207,57431,257
1.2376621955955428e+18,170.435709644334,42.2518707410391,22.00838,21.31834,21.16904,20.92708,20.38204,3893,301,5,103,9.421684476759792e+18,QSO,2.057022,8368,57431,560
1.2376621945223905e+18,172.223288941447,41.7716611525332,19.81428,19.59414,19.26233,19.21959,19.28082,3893,301,3,112,9.421776560858618e+18,QSO,1.15549,8368,57431,895
1.2376619577612042e+18,212.83220540429,48.2881396189416,24.63465,22.44987,21.52172,20.56117,21.71393,3838,301,2,95,9.569285391573604e+18,STAR,-0.0002655136,8499,57431,953
1.2376582034453307e+18,210.442140263643,46.1883017933013,25.01451,24.88192,21.73731,20.51949,19.61626,2964,301,1,437,9.569144654085247e+18,GALAXY,0.6431325,8499,57431,441
1.237658302742397e+18,161.584782207734,57.3596264953139,21.86921,20.22861,24.80203,18.90442,22.8269,2987,301,2,70,9.21554858654016e+18,STAR,-2.881089e-06,8185,57431,210
1.2376582045194652e+18,211.946894408285,46.5365564310126,21.56541,21.4277,21.19087,21.2457,21.16149,2964,301,3,443,9.569071261684097e+18,QSO,1.131187,8499,57431,174
1.2376611513831273e+18,211.359903270163,47.0475310572234,24.67775,23.18378,21.76929,20.6253,19.94031,3650,301,4,126,9.569099024352696e+18,GALAXY,0.6122898,8499,57431,275
1.2376619668893207e+18,172.916070211179,41.4692554948725,21.55978,20.09234,19.52324,19.30659,19.19528,3840,301,3,115,9.42154071561446e+18,STAR,0.0001130627,8368,57431,37
1.2376623035041713e+18,200.031509699972,52.8082148378024,24.52484,22.67312,22.06372,21.86422,22.34253,3918,301,6,66,9.240334327409302e+18,GALAXY,0.1914915,8207,57431,268
1.2376583032792023e+18,161.214516156133,57.6932828577027,21.66734,21.0667,20.91914,20.86123,20.57165,2987,301,3,69,9.21557305067388e+18,QSO,2.585965,8185,57431,299
1.2376583032788751e+18,160.006806843208,57.3954037534326,20.67904,20.59649,20.5487,20.47919,20.11056,2987,301,3,64,9.215605211388991e+18,QSO,2.032746,8185,57431,416
1.2376582045195308e+18,212.249988325795,46.5656326931202,21.58782,21.70903,21.69683,21.38044,21.06251,2964,301,3,444,9.56906191583526e+18,QSO,1.990356,8499,57431,140
1.2376582061247693e+18,194.518434639218,50.8391405315478,22.76138,22.43554,21.66912,21.53543,21.12848,2964,301,6,362,9.257185442616596e+18,GALAXY,0.2992496,8222,57431,132
1.2376582045191375e+18,210.865627487794,46.8167802686028,25.17738,22.29337,20.7947,19.66489,19.00369,2964,301,3,438,9.569128161410832e+18,STAR,9.956739e-06,8499,57431,381
1.2376583032790715e+18,160.891493755139,57.4773677629602,20.04884,19.92399,19.84343,19.76639,19.6503,2987,301,3,67,9.215582946278528e+18,QSO,2.047559,8185,57431,335
1.2376619684996713e+18,171.91616343624,42.6042467817227,21.58811,21.30349,21.16981,20.83984,20.6878,3840,301,6,111,9.421756769649316e+18,QSO,1.694288,8368,57431,823
1.2376582061241797e+18,192.527154070519,50.8305230094764,21.08885,21.05129,20.7245,20.73082,20.74193,2964,301,6,353,9.257270929645656e+18,QSO,1.020429,8222,57431,443
1.237662195596198e+18,172.444884773538,42.5320274771074,23.58453,24.92205,21.82198,20.62051,19.93676,3893,301,5,113,9.4217798593935e+18,GALAXY,0.5826242,8368,57431,907
1.237662195595412e+18,169.993317831738,42.1629776352767,22.81523,21.18954,20.63138,20.45949,20.27419,3893,301,5,101,9.421670457986535e+18,STAR,0.000175487,8368,57431,509
1.2376619668883377e+18,170.039223566222,41.1492309735643,21.64706,21.34913,21.0827,21.06872,20.70374,3840,301,3,100,9.421666059940026e+18,GALAXY,0.6355174,8368,57431,493
1.2376619593680817e+18,200.589829015599,51.9849639760658,20.29224,20.08549,19.94351,20.04629,19.90731,3838,301,5,38,9.240318109612794e+18,QSO,0.9348719,8207,57431,209
1.2376582045196618e+18,212.599059402903,46.4767161368638,21.99125,22.26217,21.75153,21.82781,21.14955,2964,301,3,446,9.56904844681782e+18,QSO,1.191443,8499,57431,91
1.237662195595674e+18,170.701055376386,42.3361813062542,22.90913,21.46569,21.08949,21.17707,21.4892,3893,301,5,105,9.42169547187607e+18,QSO,3.221993,8368,57431,600
1.2376582045189412e+18,210.341414317055,46.9368383245308,24.37485,21.94833,20.91523,20.47767,20.20393,2964,301,3,435,9.56915262554455e+18,STAR,-0.0007125853,8499,57431,470
1.237662194522456e+18,172.574262775077,41.683862236796,19.06846,18.15541,17.78709,17.64132,17.58788,3893,301,3,113,9.421788380608616e+18,STAR,0.0003264833,8368,57431,938
1.237661966352122e+18,171.983089919052,41.1028060402056,23.15124,24.82232,21.89274,20.49262,19.83857,3840,301,2,110,9.4215857955912e+18,GALAXY,0.6084423,8368,57431,201
1.2376583032795955e+18,162.927505288282,57.9479616606734,21.71786,21.86322,21.53328,21.49548,20.67647,2987,301,3,75,9.215515051435514e+18,QSO,1.222693,8185,57431,88
1.2376621955956083e+18,170.536303524499,42.3908540781139,22.4616,22.30552,21.97866,22.05153,21.52071,3893,301,5,104,9.421693272852812e+18,QSO,1.214738,8368,57431,592
1.2376576289927992e+18,186.65454669062,52.1591332193783,22.50028,22.10028,21.01426,19.99951,19.1867,2830,301,3,427,9.254912477220854e+18,GALAXY,0.612078,8220,57432,55
1.2376621955936422e+18,164.63685176911,41.3172194294994,21.53252,21.38145,21.23862,21.00712,20.88132,3893,301,5,74,9.41938347381754e+18,QSO,1.913703,8366,57432,381
1.237662195594232e+18,166.457470687305,41.6723302718661,21.64005,21.32866,21.00616,20.83899,20.52924,3893,301,5,83,9.419536580811708e+18,QSO,1.228107,8366,57432,938
1.2376621955938388e+18,165.243709511872,41.6230049056374,19.94247,19.86167,19.61055,19.5332,19.55161,3893,301,5,77,9.419482154986134e+18,QSO,1.362219,8366,57432,740
1.2376582045205798e+18,215.473306991551,45.6491113569196,22.57792,22.04624,21.85695,21.89931,22.45093,2964,301,3,460,9.570154555532138e+18,QSO,2.673346,8500,57432,19
1.2376621955940357e+18,165.825055623308,41.5445454739751,20.43299,20.56802,20.45893,20.50905,20.64715,3893,301,5,80,9.419333720916384e+18,QSO,1.298045,8366,57432,200
1.237661966887224e+18,166.602554453831,40.7596147475955,26.50968,24.21874,21.74814,20.61529,19.85494,3840,301,3,83,9.419293313864065e+18,GALAXY,0.7868651,8366,57432,53
1.2376621955934456e+18,164.136095673164,41.3658795044438,20.58939,20.47168,20.36505,20.07079,20.0016,3893,301,5,71,9.419414260143118e+18,QSO,1.968603,8366,57432,493
1.237661210969834e+18,213.809545078113,45.847345981308,23.49041,22.2385,21.78996,21.65545,21.08351,3664,301,3,35,9.57037308346816e+18,QSO,5.468917,8500,57432,814
1.2376621945202936e+18,166.037070030147,40.7018174793621,20.61256,20.49481,20.54165,20.3133,20.29494,3893,301,3,80,9.419310356294294e+18,QSO,1.600548,8366,57432,115
1.237661210969703e+18,213.432112750637,46.0056596106787,22.41406,21.67143,21.61287,21.31062,21.27071,3664,301,3,33,9.57034861933444e+18,QSO,0.7491705,8500,57432,725
1.237662195594232e+18,166.308452548978,41.6930609952833,22.31952,21.14552,20.73051,20.67669,20.65506,3893,301,5,83,9.419524761061708e+18,STAR,-0.0005042367,8366,57432,895
1.2376582039834465e+18,214.318358071899,45.4350555082776,22.81239,22.35121,20.63486,20.11873,19.69997,2964,301,2,456,9.57018946502632e+18,GALAXY,0.4410287,8500,57432,146
1.237661968497967e+18,166.741470994545,41.9930895568338,21.03135,21.16719,20.83679,20.80716,20.77278,3840,301,6,85,9.419544827148917e+18,QSO,1.233307,8366,57432,968
1.2376618498523136e+18,164.787046573281,42.1556008430604,21.21379,20.97519,20.50761,20.43734,20.48159,3813,301,1,128,9.41945631646288e+18,QSO,1.214496,8366,57432,646
1.2376619668872236e+18,166.72224963371,40.7166983232677,21.87788,21.59232,21.43875,21.38245,21.59735,3840,301,3,83,9.419281219236155e+18,QSO,1.452953,8366,57432,9
1.2376582045199242e+18,213.409719783279,46.2502968764059,22.5649,21.57398,21.19861,20.78917,20.71102,2964,301,3,450,9.570347244944906e+18,GALAXY,0.1154445,8500,57432,720
1.2376613623754263e+18,214.0163831016,44.1529612173993,20.89667,20.90486,20.99537,20.60237,20.61501,3699,301,5,157,9.570195512340271e+18,QSO,1.835237,8500,57432,168
1.2376613623747707e+18,211.96202819832,44.727377016924,18.44008,17.51785,17.13129,16.99368,16.943,3699,301,5,147,9.570270828886778e+18,STAR,-0.0003752389,8500,57432,442
1.2376619668868308e+18,165.629306029502,40.5632676583193,22.97571,21.85584,21.4407,21.47195,21.01276,3840,301,3,77,9.419347189933824e+18,STAR,-0.000741802,8366,57432,249
1.237661362912166e+18,213.841951047395,44.6740606300772,22.07995,22.03884,21.62954,21.22713,22.31681,3699,301,6,155,9.57020650745655e+18,GALAXY,0.7102791,8500,57432,208
1.2376611503097774e+18,212.005182545638,45.8964936797547,24.12838,24.77401,21.51824,20.28515,19.61429,3650,301,2,132,9.570293643753052e+18,GALAXY,0.5674012,8500,57432,525
1.237658204520055e+18,213.786498224594,46.0820659196247,22.02796,21.43964,20.49483,20.18687,19.80918,2964,301,3,452,9.57032965275886e+18,GALAXY,0.0,8500,57432,656
1.2376621955938388e+18,165.227596779429,41.4285268060238,22.20171,21.06742,20.84709,20.73195,20.77062,3893,301,5,77,9.41936560675359e+18,QSO,1.346669,8366,57432,316
1.2376611379639757e+18,165.020562828742,40.6746675048502,26.34452,24.71314,22.23134,20.77841,19.93593,3647,301,3,166,9.419368080654752e+18,GALAXY,0.7753192,8366,57432,325
1.23766113796391e+18,164.894833972888,40.6202926348851,22.91928,23.54599,21.52524,20.25455,19.54994,3647,301,3,165,9.419369180166382e+18,GALAXY,0.7029237,8366,57432,329
1.2376621955934456e+18,164.136515625251,41.3297855144504,20.9796,20.67053,20.27461,20.18814,20.2413,3893,301,5,71,9.41941123648614e+18,QSO,1.403768,8366,57432,482
1.2376582045202516e+18,214.420772320033,45.8653368580352,20.69594,20.32226,20.20219,20.0001,19.64535,2964,301,3,455,9.570394798822808e+18,QSO,0.3960541,8500,57432,893
1.2376613623752302e+18,213.256228193251,44.3529905763163,23.84733,23.42835,21.6977,20.68843,19.85371,3699,301,5,154,9.570227673055384e+18,GALAXY,0.5621094,8500,57432,285
1.2376576295289495e+18,183.947119512496,52.6366515205573,23.99493,23.51431,21.89643,20.84907,19.96762,2830,301,4,416,9.25503342349991e+18,QSO,0.401126,8220,57432,495
1.2376619684978363e+18,166.362057983994,41.9046746801365,21.17161,20.72526,20.40228,20.32896,20.16616,3840,301,6,83,9.41953383203264e+18,QSO,2.766146,8366,57432,928
1.2376613623754926e+18,214.266322323411,44.2054680233559,23.51756,22.98835,21.53814,20.46318,19.82051,3699,301,5,158,9.570187540880974e+18,GALAXY,0.6057876,8500,57432,139
1.2376618498526415e+18,165.678129958814,42.4216516825664,21.11456,20.63159,20.36817,20.28768,20.06912,3813,301,1,133,9.419496448637297e+18,QSO,2.354783,8366,57432,792
1.2376582045199895e+18,213.573462533262,46.0819365760265,21.79554,21.54253,21.3675,21.03585,20.56011,2964,301,3,451,9.57035851493909e+18,QSO,1.090504,8500,57432,761
1.2376613623747054e+18,211.853935581875,44.7688728226977,21.39275,20.51975,20.40474,20.33077,20.08719,3699,301,5,146,9.57027467717747e+18,QSO,2.624118,8500,57432,456
1.2376611508469107e+18,213.026195696643,46.2077741067603,20.4494,19.62331,19.33588,19.25169,19.27447,3650,301,3,136,9.57033597495072e+18,STAR,0.0004365734,8500,57432,679
1.2376621955936422e+18,164.676693839437,41.5317327848372,20.95116,21.00847,21.08347,20.75159,20.60735,3893,301,5,74,9.419388421619864e+18,QSO,1.828873,8366,57432,399
1.2376613623754263e+18,213.999626467749,44.2337258815777,25.28887,22.49481,21.12284,19.88548,19.21879,3699,301,5,157,9.570193863072831e+18,STAR,6.646269e-05,8500,57432,162
1.2376621955939046e+18,165.508615829584,41.5126120631661,20.31499,20.16081,19.89949,19.82082,19.7401,3893,301,5,78,9.419344441154757e+18,QSO,1.380568,8366,57432,239
1.2376621955939046e+18,165.44319316335,41.6039187628232,20.44116,20.47853,20.29613,20.21991,20.18352,3893,301,5,78,9.419354886515218e+18,QSO,1.364844,8366,57432,277
1.2376611513837166e+18,213.144030697035,46.6082926624527,23.40525,22.49875,21.29814,19.93094,19.23758,3650,301,4,135,9.570333226171652e+18,GALAXY,0.6661498,8500,57432,669
1.2376621955933143e+18,163.742869748487,41.1729682465864,21.19757,21.16698,20.86367,20.72167,20.51329,3893,301,5,69,9.419413985265211e+18,QSO,1.381362,8366,57432,492
1.2376611503097774e+18,211.988824685953,45.9419458144396,24.94422,23.31226,21.39127,21.09736,21.51857,3650,301,2,132,9.570292544241424e+18,GALAXY,0.3930928,8500,57432,521
1.2376582045205135e+18,215.232979036488,45.6267309535064,22.03673,22.08859,21.92332,21.90357,21.53751,2964,301,3,459,9.570154280654232e+18,GALAXY,1.509706,8500,57432,18
1.2376582045203827e+18,214.809725918266,45.8729027658086,23.8856,22.31703,21.62618,21.45097,21.93446,2964,301,3,457,9.570411016619315e+18,GALAXY,0.2740274,8500,57432,952
1.2376612120434442e+18,213.941848597232,46.852746013308,21.16655,20.52956,20.43425,20.44104,20.27766,3664,301,5,33,9.570365386886765e+18,QSO,2.626568,8500,57432,786
1.2376613623749023e+18,212.430438258968,44.6991878519406,25.5146,23.08621,21.79417,20.49897,19.76777,3699,301,5,149,9.570263407183288e+18,GALAXY,0.6234722,8500,57432,415
1.2376576289927995e+18,186.749947852608,52.1574654902002,22.8839,23.76475,21.47408,20.394,19.633,2830,301,3,427,9.254932818185968e+18,GALAXY,0.7794825,8220,57432,129
1.2376582034464443e+18,213.712891640033,45.362459894511,22.62344,22.80333,21.71046,20.36079,19.64419,2964,301,1,454,9.570213929160038e+18,GALAXY,0.7919293,8500,57432,235
1.237662194520228e+18,165.870925204367,40.7111223440504,20.7502,20.61405,20.28611,20.29103,20.27051,3893,301,3,79,9.41930898190476e+18,QSO,1.347947,8366,57432,110
1.2376611379637783e+18,164.544581406772,40.5010998764748,20.64339,20.31739,19.97565,19.52376,19.51429,3647,301,3,163,9.419389246253586e+18,QSO,0.1547049,8366,57432,402
1.2376621955936422e+18,164.575095576681,41.3425529268162,24.80215,21.35078,20.014,19.08855,18.62361,3893,301,5,74,9.419397492590797e+18,STAR,7.298037e-05,8366,57432,432
1.2376621955939044e+18,165.41710418437,41.5263620609617,21.71273,21.39,21.11589,20.98513,21.11331,3893,301,5,78,9.419354061881496e+18,QSO,1.439161,8366,57432,274
1.237661137963909e+18,164.81461303188,40.5797960620984,20.70758,20.18734,19.89176,19.51055,19.09882,3647,301,3,165,9.419378800893125e+18,QSO,2.155393,8366,57432,364
1.2376576300666063e+18,187.081185905151,52.9928651656037,21.56174,20.77089,20.76243,20.73745,20.56796,2830,301,5,428,9.255143099784782e+18,QSO,2.489677,8220,57432,894
1.237661212043707e+18,214.811696193238,46.4731669645814,21.86543,21.38982,20.80542,20.88176,20.34048,3664,301,5,37,9.570414864910014e+18,QSO,2.446943,8500,57432,966
1.23766113796391e+18,164.858370544474,40.6969377536583,25.94209,23.76266,21.76213,20.28272,19.45339,3647,301,3,165,9.419369729922191e+18,GALAXY,0.6587882,8366,57432,331
1.2376621945204902e+18,166.567532348559,40.8340345464362,21.26856,21.14998,20.96333,20.68214,20.51636,3893,301,3,83,9.419295238009414e+18,QSO,1.432522,8366,57432,60
1.237657630066475e+18,186.403643025711,53.1222279222857,21.88584,21.00192,20.83589,20.78511,20.62691,2830,301,5,426,9.25512605735455e+18,QSO,2.435862,8220,57432,832
1.2376612109698335e+18,214.004937286381,45.9414536525482,21.66121,21.22561,20.84842,20.61341,20.60266,3664,301,3,35,9.570371983956531e+18,STAR,-9.308898e-05,8500,57432,810
1.23766219559397e+18,165.504396791574,41.6699867440709,20.77082,20.69721,20.31034,20.29094,20.39702,3893,301,5,79,9.419492600346595e+18,QSO,1.228051,8366,57432,778
1.2376582039827912e+18,212.385756646451,45.9514017796362,22.35626,23.30034,22.20657,20.72164,19.74596,2964,301,2,446,9.570315633985608e+18,GALAXY,0.8717517,8500,57432,605
1.237662195594429e+18,166.909775753669,41.7665565816191,21.67257,21.59124,21.48851,21.22237,20.89341,3893,301,5,86,9.419543727637289e+18,QSO,1.80772,8366,57432,964
1.2376613623752952e+18,213.546592754684,44.3446516058758,21.22492,20.6332,20.65975,20.64341,20.38336,3699,301,5,155,9.570216952817017e+18,QSO,2.367916,8500,57432,246
1.2376613623747052e+18,211.820237663153,44.8744258704666,19.90471,19.90075,19.88711,19.78827,19.72749,3699,301,5,146,9.57027412742166e+18,QSO,1.81972,8500,57432,454
1.2376621955939697e+18,165.638603346544,41.662406684667,21.83172,21.03651,20.83418,20.68013,20.63441,3893,301,5,79,9.419503870340782e+18,QSO,2.544277,8366,57432,819
1.237661362374902e+18,212.365496648682,44.635960953747,22.66036,22.50842,22.55484,20.88709,19.78428,3699,301,5,149,9.570261757915849e+18,GALAXY,0.9495564,8500,57432,409
1.2376613623747712e+18,212.036128397071,44.6795371495112,23.97098,22.36414,22.21542,21.91953,21.23443,3699,301,5,147,9.570272478154215e+18,QSO,0.8712256,8500,57432,448
1.2376618498527068e+18,165.932829378879,42.3542565275451,21.95908,22.12082,21.84713,21.6179,21.33174,3813,301,1,134,9.41951926350357e+18,QSO,1.401488,8366,57432,875
1.2376613623754263e+18,213.915463345417,44.2675526251981,24.21892,21.59624,20.3083,19.87722,19.30787,3699,301,5,157,9.570195237462366e+18,QSO,0.2814078,8500,57432,167
1.2376613623747054e+18,211.740517976923,44.8770053795948,23.47829,22.62812,21.41176,20.35074,19.69359,3699,301,5,146,9.570281824003054e+18,STAR,-0.0001245582,8500,57432,482
1.2376621955941015e+18,166.075945618166,41.6490793548646,22.35195,22.08827,21.9503,21.86584,21.81605,3893,301,5,81,9.419515140334969e+18,QSO,1.438998,8366,57432,860
1.2376619674240287e+18,166.421158823133,41.0640230676559,22.47707,19.98365,18.93211,18.48928,18.15397,3840,301,4,82,9.419302934590806e+18,GALAXY,0.1571158,8366,57432,88
1.237658204520252e+18,214.523239161824,46.0208685100465,23.76764,22.3916,22.1841,22.00073,22.00671,2964,301,3,455,9.570393149555364e+18,STAR,-0.0003394246,8500,57432,887
1.2376621955936422e+18,164.558540865093,41.4090656312698,21.2602,21.23291,20.98131,20.87412,21.07352,3893,301,5,74,9.419398592102425e+18,QSO,1.316318,8366,57432,436
1.2376611503100398e+18,212.878531428121,45.7228163005385,21.75,19.87231,19.08787,18.80017,18.66158,3650,301,2,136,9.57032910300305e+18,STAR,-0.0001087474,8500,57432,654
1.2376612109698335e+18,213.836512655077,45.9450111111099,22.2579,22.15604,21.80252,21.87388,21.10303,3664,301,3,35,9.570370884444903e+18,QSO,1.27159,8500,57432,806
1.2376582045198584e+18,213.19874512121,46.3905228719629,21.13367,20.89621,20.75019,20.43812,20.40156,2964,301,3,449,9.570334600561189e+18,QSO,2.081729,8500,57432,674
1.2376611503098432e+18,212.115961733818,45.8399310814547,21.50666,21.38832,21.13565,21.04104,20.87688,3650,301,2,133,9.570304089113516e+18,QSO,1.102717,8500,57432,563
1.2376619668872896e+18,166.91726974042,40.6317829235038,24.03899,24.67761,21.73371,20.63926,19.67087,3840,301,3,84,9.4192790202129e+18,GALAXY,0.8219097,8366,57432,1
1.237657630066279e+18,185.646716903236,53.0439420353977,22.56526,21.61546,21.69633,21.44921,21.46448,2830,301,5,423,9.255093346883625e+18,QSO,1.844476,8220,57432,713
1.2376612120435756e+18,214.399950254343,46.7212428685207,22.08619,21.0438,20.88399,20.79633,20.25159,3664,301,5,35,9.570387926875132e+18,QSO,2.589869,8500,57432,868
1.2376621955935767e+18,164.420939364003,41.3339432125471,21.57035,20.92969,20.75271,20.67037,20.36282,3893,301,5,73,9.419409037462886e+18,QSO,2.159985,8366,57432,474
1.237657609109701e+18,125.59528995916,40.0622134570081,21.3967,20.70151,20.83797,20.69458,20.19261,2825,301,6,139,9.938462088858196e+18,QSO,2.264007,8827,57444,522
1.2376576069626765e+18,128.137451742415,39.6258500224067,22.50824,21.75727,21.56581,21.64053,21.7598,2825,301,2,146,9.93856489319539e+18,QSO,2.41955,8827,57444,896
1.2376575940775777e+18,126.909068160267,38.9817536604458,21.21949,20.80087,20.43976,20.02662,19.70021,2822,301,2,143,9.938402715230296e+18,QSO,0.7582074,8827,57444,306
1.2376576069623483e+18,127.391694614661,39.0615066811983,21.26397,21.05051,20.67833,20.56101,20.63451,2825,301,2,141,9.938382924021e+18,QSO,1.15733,8827,57444,234
1.2376575940778396e+18,127.596543335915,39.4585196617701,20.87989,20.51575,20.3384,20.12907,20.16536,2822,301,2,147,9.938549500032604e+18,QSO,1.553007,8827,57444,840
1.237657594077906e+18,127.803338597934,39.5164196404138,23.55084,23.41842,21.76404,20.59855,19.77125,2822,301,2,148,9.938560220270977e+18,GALAXY,0.7835267,8827,57444,879
1.2376576069620864e+18,126.752148196265,38.6293022957646,21.70251,21.44277,21.1414,21.01249,20.95225,2825,301,2,137,9.938411511323318e+18,QSO,1.484922,8827,57444,338
1.2376575940780362e+18,127.806660789935,39.781372424518,22.09525,19.42489,17.97286,17.02203,16.49686,2822,301,2,150,9.938557196614e+18,STAR,-0.0002641157,8827,57444,868
1.237657606962414e+18,127.608751877695,39.1969615921869,20.72762,20.73309,20.39423,20.3759,20.23777,2825,301,2,142,9.938372478660532e+18,QSO,1.346884,8827,57444,196
1.2376575940781676e+18,128.233449497946,40.0004947595963,21.81331,21.31541,21.15092,20.72749,20.77617,2822,301,2,152,9.93857149026516e+18,QSO,1.898913,8827,57444,920
1.237657595688518e+18,126.515290158263,40.4761733698188,19.66834,19.54018,19.29939,19.33894,19.40105,2822,301,5,148,9.938484628846563e+18,QSO,1.18823,8827,57444,604
1.2376576069620209e+18,126.671077326012,38.5567134501332,21.23944,20.96312,20.68241,20.50635,20.68747,2825,301,2,136,9.938421956683782e+18,QSO,1.48583,8827,57444,376
1.2376576069625452e+18,127.822273736038,39.3480653511908,21.93484,21.96249,21.48005,21.37437,21.18014,2825,301,2,144,9.93836120866635e+18,QSO,1.280405,8827,57444,155
1.2376576069627415e+18,128.240635381313,39.7617882449195,21.75542,21.43185,21.44126,21.0913,20.885,2825,301,2,147,9.938574788800043e+18,QSO,1.742105,8827,57444,932
1.2376576080355656e+18,125.719062492939,38.7293450753113,18.56443,17.60324,17.27355,17.16364,17.12327,2825,301,4,133,9.938451643497732e+18,STAR,-0.0005646304,8827,57444,484
1.237657609109832e+18,125.979967864499,40.1637101795468,21.47814,21.33679,21.32579,20.93663,20.79509,2825,301,6,141,9.938457965689594e+18,QSO,1.827219,8827,57444,507
1.2376576069628728e+18,128.464230254563,39.9272325791349,21.2601,21.30207,20.93161,20.85109,20.76894,2825,301,2,149,9.938583584893063e+18,QSO,1.243814,8827,57444,964
1.237657606962807e+18,128.314495084225,39.7472866955329,21.06157,21.12193,20.7751,20.67309,20.57794,2825,301,2,148,9.938575338555857e+18,QSO,1.451029,8827,57444,934
1.2376575940777743e+18,127.508668724888,39.3171787721986,20.33733,20.1887,19.98408,19.92522,19.73638,2822,301,2,146,9.938373028416346e+18,QSO,0.957696,8827,57444,198
1.2376576069626104e+18,127.980669848619,39.4276252569782,22.26729,21.22455,21.19266,21.01865,20.72433,2825,301,2,145,9.938362033300068e+18,QSO,2.363701,8827,57444,158
1.2376575940778406e+18,127.531462528348,39.474840477517,24.04887,23.34286,21.77124,20.60682,19.90017,2822,301,2,147,9.938549225154695e+18,GALAXY,0.6323542,8827,57444,839
1.2376576085732232e+18,126.7540854639,40.3712925029839,21.33127,21.22881,20.89163,20.69721,20.83441,2825,301,5,145,9.938497273230285e+18,QSO,1.362699,8827,57444,650
1.237657594077446e+18,126.615422786213,38.7801462727327,19.11359,18.12746,17.81929,17.69706,17.66137,2822,301,2,141,9.938423331073317e+18,STAR,0.0004318611,8827,57444,381
1.2376575940773809e+18,126.45315572877,38.6579295572956,20.98232,20.86946,20.66101,20.62221,20.52653,2822,301,2,140,9.938434051311688e+18,QSO,1.133161,8827,57444,420
1.2376576069628073e+18,128.320063150021,39.7775153932268,20.56676,20.38727,20.10284,19.96146,19.85441,2825,301,2,148,9.938574513922136e+18,QSO,1.096517,8827,57444,931
1.2376576085729613e+18,126.413000060473,39.8997419231288,21.92019,21.62306,21.3284,21.11678,21.03497,2825,301,5,141,9.938490401282611e+18,QSO,1.26861,8827,57444,625
1.237657606961824e+18,126.324592788106,38.1297084678854,19.21155,18.27913,18.01466,17.89847,17.8588,2825,301,2,133,9.938430752776804e+18,STAR,4.648823e-05,8827,57444,408
1.2376575940777096e+18,127.167307422153,39.1788598166871,24.01424,23.71614,22.32417,20.78071,19.92237,2822,301,2,145,9.938393919137274e+18,STAR,-4.936104e-05,8827,57444,274
1.237657594077512e+18,126.868587054925,38.8630326438742,21.97983,21.38823,21.31996,21.56945,21.50965,2822,301,2,142,9.938402165474482e+18,STAR,0.0001410416,8827,57444,304
1.237658203423769e+18,141.398563207301,39.7419265042992,26.37312,22.89344,21.604,20.6181,19.77799,2964,301,1,108,9.944105057426629e+18,GALAXY,0.7594658,8832,57445,571
1.237657776615e+18,130.244104791157,38.5686659097726,19.10378,18.1284,17.88441,17.77667,17.80016,2864,301,6,163,9.939512672235311e+18,STAR,1.162901e-05,8828,57445,248
1.2376582034240315e+18,142.044180222337,40.0976443006629,23.38858,23.6411,21.18601,20.16084,19.41959,2964,301,1,112,9.944134194484765e+18,GALAXY,0.7637556,8832,57445,677
1.2376576300490437e+18,131.574789845477,38.5321505502748,24.70517,23.53531,21.9427,20.70183,19.96176,2830,301,5,160,9.939445327148112e+18,QSO,0.5497175,8828,57445,3
1.2376576069630694e+18,128.901813805589,40.2441193087057,21.56791,20.68351,20.40192,20.34054,19.8806,2825,301,2,152,9.939596784874838e+18,QSO,2.584692,8828,57445,554
1.2376582039610337e+18,142.272792652747,40.5446982792391,23.11489,22.70813,21.10156,19.94606,19.10723,2964,301,2,114,9.944141341310343e+18,GALAXY,0.7608445,8832,57445,703
1.2376577766155228e+18,131.592676120648,39.2668179546759,22.17586,21.89265,21.26886,21.31847,21.31619,2864,301,6,171,9.939471440549272e+18,QSO,1.289557,8828,57445,98
1.2376576069629384e+18,128.601089158522,40.052491832605,21.49589,21.19064,20.9294,20.89532,20.58155,2825,301,2,150,9.93958414049112e+18,QSO,1.048689,8828,57445,508
1.2376582034239007e+18,141.734211340904,39.9666588980234,26.64635,22.89771,21.852,20.73454,19.49425,2964,301,1,110,9.944114403275465e+18,GALAXY,0.9914657,8832,57445,605
1.2376577766151951e+18,130.686369832434,38.7851548642186,21.1883,21.52345,21.02069,21.07531,21.22115,2864,301,6,166,9.939492056392292e+18,QSO,1.353321,8828,57445,173
1.2376577766149327e+18,130.301588860795,38.3760560702829,21.4978,21.46711,21.08808,20.98953,20.62827,2864,301,6,162,9.9395121224795e+18,QSO,1.129301,8828,57445,246
1.2376576069632005e+18,129.234017717571,40.3502738357295,22.23372,21.50797,21.30089,20.74551,20.91785,2825,301,2,154,9.9396072302353e+18,QSO,0.5878998,8828,57445,592
1.237657776615523e+18,131.439596788222,39.2884300180267,22.4438,22.00888,21.89766,21.5996,21.49052,2864,301,6,171,9.93948133615392e+18,QSO,1.667774,8828,57445,134
1.2376576069632005e+18,129.264270796172,40.4165458450404,20.76095,20.27851,20.14924,19.83176,20.00106,2825,301,2,154,9.939606130723674e+18,QSO,0.5907845,8828,57445,588
1.2376577701646835e+18,128.643528541506,40.1573122683001,26.40739,22.94553,21.49925,20.47117,19.55282,2863,301,2,43,9.939595410485303e+18,GALAXY,0.6640638,8828,57445,549
1.2376603433990884e+18,143.868988655625,39.0411474715211,21.64447,21.40686,21.42314,21.16932,20.92745,3462,301,3,228,9.943953049944089e+18,QSO,1.620015,8832,57445,18
1.2376576069629384e+18,128.579614374103,40.0736632299153,21.49716,21.72524,21.52444,21.41503,21.6873,2825,301,2,150,9.93958304097949e+18,QSO,1.20076,8828,57445,504
1.2376607653825088e+18,148.879919771849,39.4294990688061,21.03386,19.85238,19.78729,19.78685,19.87847,3560,301,5,272,9.934046450194602e+18,STAR,0.0002497819,8823,57446,842
1.2376576300493056e+18,132.188760838742,38.8617079545379,24.34098,23.40568,21.27164,20.16754,19.49018,2830,301,5,164,9.940687225548462e+18,GALAXY,0.6681641,8829,57446,425
1.2376576300494367e+18,132.477752880163,39.1561802969266,24.8136,22.94125,21.08324,20.01122,19.30871,2830,301,5,166,9.940668533850788e+18,GALAXY,0.7627078,8829,57446,357
1.2376577766163092e+18,133.262075749735,40.4199756676621,21.64857,21.58701,21.76103,21.40663,21.421,2864,301,6,183,9.940786456472869e+18,QSO,1.69711,8829,57446,786
1.2376607648455726e+18,148.819240694064,39.0921898930001,25.56749,22.45044,21.49239,21.43157,21.66591,3560,301,4,271,9.934049473851578e+18,STAR,-0.0001363109,8823,57446,853
1.237660765382181e+18,147.835923532801,39.0737065263423,20.50938,20.66945,20.35633,20.3603,20.33838,3560,301,5,267,9.93399532290391e+18,QSO,1.175063,8823,57446,656
1.2376577766161787e+18,133.099338057675,40.218571397605,22.53937,21.55261,21.44872,21.44547,21.16152,2864,301,6,181,9.940778485013567e+18,QSO,2.709002,8829,57446,757
1.2376607648449823e+18,147.260156496458,38.3614318731368,22.26372,22.06264,21.72925,21.9202,22.97148,3560,301,4,262,9.933948043903916e+18,QSO,1.10764,8823,57446,484
1.2376577766163092e+18,133.232427020741,40.4519285024183,20.88459,20.60546,20.37024,20.09288,20.17704,2864,301,6,183,9.940789480129843e+18,QSO,1.502933,8829,57446,797
1.2376607648454413e+18,148.463824206722,38.8979446644185,21.02278,20.43967,20.2827,19.72014,19.45318,3560,301,4,269,9.933878224915552e+18,QSO,0.468355,8823,57446,230
1.2376618498470054e+18,149.76271102418,38.2690806160509,20.72519,20.76903,20.39973,20.25325,20.46567,3813,301,1,47,9.933831220793465e+18,QSO,1.156853,8823,57446,59
1.2376607648458345e+18,149.61592519636,39.2179682109075,21.0425,21.11469,21.14381,20.84979,21.46227,3560,301,4,275,9.93407118920623e+18,QSO,2.022175,8823,57446,932
1.2376618509210094e+18,150.045511728014,39.1863652358162,21.03165,20.85295,20.72843,20.50305,20.77716,3813,301,3,51,9.93408713212483e+18,QSO,1.585011,8823,57446,990
1.2376576300493711e+18,132.416988721559,38.9973883413986,25.69266,23.2448,21.81686,20.49726,19.83066,2830,301,5,165,9.940678979211254e+18,GALAXY,0.6984596,8829,57446,395
1.237660764845507e+18,148.692329108994,38.9572814293088,22.22789,22.22352,21.88658,21.67623,21.31307,3560,301,4,270,9.933868879066716e+18,QSO,1.501408,8823,57446,196
1.2376607653823782e+18,148.412681303884,39.3103728629967,24.41407,22.74835,21.40426,20.40896,19.70483,3560,301,5,270,9.934016488502743e+18,GALAXY,0.560574,8823,57446,733
1.2376607653821156e+18,147.781494221149,39.0995024486961,20.49615,20.29609,19.90183,19.63463,19.61717,3560,301,5,266,9.93399449827019e+18,QSO,1.481865,8823,57446,653
1.2376607648456376e+18,149.023574030607,39.0907042941333,21.14021,20.78041,20.60402,20.36783,20.12573,3560,301,4,272,9.93405112311902e+18,QSO,1.476862,8823,57446,859
1.2376607653825088e+18,148.730652829181,39.4115089791638,20.75358,20.69674,20.50581,20.5123,20.75664,3560,301,5,272,9.934038203857392e+18,QSO,1.163244,8823,57446,812
1.23766076538205e+18,147.629987129356,38.9473195251098,21.20254,21.11057,20.78262,20.16327,20.19201,3560,301,5,265,9.93398542729926e+18,QSO,1.862194,8823,57446,620
1.2376576300493706e+18,132.267846230989,39.0002881173891,21.76035,21.61128,21.45978,21.04825,20.95447,2830,301,5,165,9.940687500426367e+18,QSO,1.928558,8829,57446,426
1.2376607653825743e+18,148.868215112779,39.5980860457557,21.3111,21.41136,21.4381,21.15615,20.89632,3560,301,5,273,9.934047824584137e+18,GALAXY,0.8293641,8823,57446,847
1.2376577766154573e+18,131.425277488381,39.1459945853469,21.10066,20.88959,20.95638,20.68918,20.49868,2864,301,6,170,9.94070619212404e+18,QSO,1.9457,8829,57446,494
1.2376609629439263e+18,148.749537873762,39.7176264543578,21.84905,21.78371,21.26807,21.27505,21.88043,3606,301,5,164,9.93403160678763e+18,QSO,1.334938,8823,57446,788
1.2376607648458995e+18,149.627528575554,39.39845491338,17.86249,17.51179,17.30624,17.08473,17.01393,3560,301,4,276,9.934080535055063e+18,QSO,0.4910334,8823,57446,966
1.2376576300493711e+18,132.331806922473,39.0339084585203,23.01645,22.86672,21.59957,20.57466,19.89321,2830,301,5,165,9.940677329943812e+18,GALAXY,0.6672008,8829,57446,389
1.2376577766158502e+18,132.176506422083,39.7366248956604,20.88827,20.80954,20.67332,20.66359,20.64152,2864,301,6,176,9.940724608943806e+18,QSO,1.122936,8829,57446,561
1.2376607648455068e+18,148.649221719395,38.8998299208932,21.48894,21.55027,21.17863,20.88719,20.9725,3560,301,4,270,9.933867229799274e+18,QSO,0.8773161,8823,57446,190
1.2376607653819192e+18,147.207458421139,38.8984364515146,24.75946,24.47607,22.10231,20.76699,19.96526,3560,301,5,263,9.933941721712056e+18,GALAXY,0.7112244,8823,57446,461
1.2376577766159163e+18,132.410355908748,39.8819069182401,22.20695,20.9704,20.62742,20.58799,20.22904,2864,301,6,177,9.940749622833338e+18,QSO,2.361289,8829,57446,652
1.2376607653820495e+18,147.470479431963,39.034431438912,16.53671,16.44774,16.47947,16.57965,16.17858,3560,301,5,265,9.933974432182985e+18,QSO,0.365164,8823,57446,580
1.2376576284393477e+18,134.754517091997,38.8185983965439,21.23862,21.24504,20.69682,20.72639,20.78638,2830,301,2,174,9.940577824141498e+18,QSO,1.214027,8829,57446,27
1.2376609634807324e+18,148.34423431343,40.0546867222233,24.21583,23.03848,21.54083,20.475,19.67121,3606,301,6,163,9.934009341677165e+18,GALAXY,0.5754189,8823,57446,707
1.237657630049568e+18,132.839087966677,39.2649847143443,23.72467,23.06192,21.88223,20.5949,19.79552,2830,301,5,168,9.94065588946707e+18,GALAXY,0.6809888,8829,57446,311
1.2376607653827054e+18,149.191806714095,39.6849475132786,21.3946,21.15007,20.88423,20.82344,20.63454,3560,301,5,275,9.934056895555066e+18,QSO,1.276143,8823,57446,880
1.2376607653819187e+18,147.134240144482,38.918971719186,21.86167,21.88572,21.80682,21.42088,21.70586,3560,301,5,263,9.93396206267717e+18,QSO,1.254308,8823,57446,535
1.237660765382902e+18,149.779837310744,39.8970555625045,21.31061,21.27608,20.97127,20.86878,21.02113,3560,301,5,278,9.934075037496924e+18,QSO,1.002968,8823,57446,946
1.2376607653817887e+18,146.794434025766,38.7487716909362,23.55553,24.0836,22.3905,20.71198,19.65375,3560,301,5,261,9.93394144683415e+18,QSO,1.737475,8823,57446,460
1.2376607659191836e+18,148.089814329637,39.6513356892821,24.86169,24.27589,22.49822,20.70185,19.89358,3560,301,6,269,9.93400164509577e+18,GALAXY,0.7861218,8823,57446,679
1.2376607648459003e+18,149.736506788633,39.3756778641005,23.57222,21.59411,21.25626,21.3269,22.56278,3560,301,4,276,9.93408355871204e+18,QSO,2.963343,8823,57446,977
1.2376607653821156e+18,147.808988368152,39.0261933258179,20.63759,20.09477,20.14478,20.13091,19.96362,3560,301,5,266,9.933995048026e+18,QSO,2.304775,8823,57446,655
1.2376607648451144e+18,147.616527782017,38.5101349214833,25.8428,23.50982,21.24672,20.23534,19.43957,3560,301,4,264,9.933935674398104e+18,GALAXY,0.7138765,8823,57446,439
1.237660765382902e+18,149.726239760503,39.8596302617677,22.49394,21.3118,20.96561,20.5888,20.30764,3560,301,5,278,9.934075862130645e+18,QSO,2.226027,8823,57446,949
1.2376607653823775e+18,148.414156403825,39.2795513026789,21.29531,21.01595,20.53559,20.41611,20.00102,3560,301,5,270,9.934014564357396e+18,QSO,1.106568,8823,57446,726
1.237657776616178e+18,132.941561883175,40.289835593307,21.9209,21.65171,21.21861,20.99364,21.37159,2864,301,6,181,9.940765015996127e+18,QSO,1.486887,8829,57446,708
1.237660764845376e+18,148.284107712706,38.8492697869583,22.28208,21.93776,21.62373,21.23575,20.93991,3560,301,4,268,9.933899665392292e+18,QSO,1.206349,8823,57446,308
1.2376607653820503e+18,147.561428533,39.0512846509099,25.8626,24.11454,21.62367,20.59141,19.79027,3560,301,5,265,9.933985152421351e+18,GALAXY,0.6619455,8823,57446,619
1.237657629512631e+18,132.941484221662,38.8249013520187,25.26918,22.71507,21.54568,20.54526,19.65252,2830,301,4,167,9.94065259093219e+18,GALAXY,0.5489363,8829,57446,299
1.2376609629435983e+18,147.872321386369,39.3837718692097,20.06916,19.93126,19.90462,19.74775,19.70303,3606,301,5,159,9.933991199735306e+18,QSO,1.639306,8823,57446,641
1.2376609629439268e+18,148.811198286469,39.6077041452153,22.67321,21.53589,20.86117,20.81367,20.55704,3606,301,5,164,9.93404480092716e+18,STAR,0.0004913234,8823,57446,836
1.2376607653823775e+18,148.480946234346,39.3901716446079,21.72182,21.17521,20.87823,20.31223,19.98955,3560,301,5,270,9.93402500971786e+18,QSO,0.7235588,8823,57446,764
1.2376576284396751e+18,135.520517362142,39.3053602750632,21.53924,21.15856,21.17403,20.76242,20.80852,2830,301,2,179,9.941794708652317e+18,QSO,0.6376743,8830,57447,358
1.2376576284404616e+18,137.33670625217,40.3074851843872,21.33897,21.47882,21.13106,21.14251,21.00143,2830,301,2,191,9.94194644125695e+18,QSO,1.19937,8830,57447,910
1.2376582018125665e+18,135.39452134052,39.0456010705896,20.61917,20.34874,20.10492,19.73763,19.47389,2963,301,6,99,9.94179525840813e+18,QSO,1.945598,8830,57447,360
1.2376576295137454e+18,135.614140427763,40.3154807726768,22.56697,22.97853,21.50078,20.30783,19.65749,2830,301,4,184,9.94188074543719e+18,GALAXY,0.8050309,8830,57447,671
1.237657627903e+18,136.184839527786,39.3127806169476,23.56184,23.33728,21.87275,20.66448,19.90091,2830,301,1,182,9.941761448425576e+18,GALAXY,0.7940384,8830,57447,237
1.2376582018130253e+18,136.521476419801,39.6469008577325,23.70549,22.09678,21.76668,21.35711,20.88893,2963,301,6,106,9.941927749559278e+18,QSO,0.9949962,8830,57447,842
1.2376582018127631e+18,135.88034670984,39.3287002731537,20.78769,20.56462,20.40373,20.27421,20.16248,2963,301,6,102,9.941780415001158e+18,QSO,1.461348,8830,57447,306
1.2376576295138107e+18,135.801567211157,40.4571346182382,25.49553,25.00025,21.86005,20.6748,19.69715,2830,301,4,185,9.94189064104184e+18,GALAXY,0.8110252,8830,57447,707
1.2376582018130253e+18,136.567802986287,39.7374713567215,21.98167,21.43987,20.87044,20.52637,20.43473,2963,301,6,106,9.941929123948812e+18,GALAXY,0.5187367,8830,57447,847
1.2376582018124357e+18,135.130253190656,38.8870131973869,22.01514,21.69833,21.43569,20.96464,20.85731,2963,301,6,97,9.941812025960454e+18,QSO,0.6528466,8830,57447,421
1.23765820181296e+18,136.402757444759,39.5982256863062,22.66785,21.8888,21.78046,21.52929,21.32206,2963,301,6,105,9.94191950322207e+18,QSO,2.009099,8830,57447,812
1.2376576279032635e+18,136.805741603581,39.6023350527054,26.32494,22.56885,21.61502,20.16575,19.305,2830,301,1,186,9.941932422483696e+18,GALAXY,0.8791028,8830,57447,859
1.2376582018130903e+18,136.591795610983,39.8166924527761,21.93055,21.55815,20.97694,20.7667,20.6851,2963,301,6,107,9.94192939882672e+18,QSO,1.307146,8830,57447,848
1.2376543814461038e+18,155.511213548134,58.2233977505877,25.83618,23.86609,21.85436,20.74227,19.68481,2074,301,2,205,9.220107986667852e+18,GALAXY,0.8095526,8189,57448,413
1.237654383593128e+18,152.230092526439,59.3010929639917,21.77101,21.88249,21.83834,21.47327,21.49565,2074,301,6,198,9.221346861394452e+18,QSO,1.550604,8190,57448,824
1.2376543819829094e+18,154.669910174525,58.6574099180934,23.94295,23.44245,21.89179,20.76678,19.91832,2074,301,3,204,9.220121180807388e+18,GALAXY,0.608263,8189,57448,461
1.2376543819825812e+18,153.539682895965,58.3556872841173,21.08583,20.99125,20.82095,20.80623,20.74699,2074,301,3,199,9.221138503940988e+18,QSO,2.22589,8190,57448,66
1.237658203960378e+18,140.5894142787,39.7215460853868,24.96295,23.81066,22.13013,20.77056,19.90695,2964,301,2,104,9.943079213128243e+18,GALAXY,0.7937126,8831,57448,935
1.2376543835933908e+18,153.260825287055,59.6394180595606,24.10076,22.82529,21.26813,20.12962,19.44344,2074,301,6,202,9.221371325528168e+18,STAR,2.1825e-05,8190,57448,913
1.2376543835924728e+18,149.742566044522,58.5061138603696,22.04373,21.14408,21.04268,21.06621,20.80177,2074,301,6,188,9.221257251196788e+18,QSO,2.430095,8190,57448,498
1.237654380909232e+18,155.703651768395,57.9447087939632,22.84522,22.32587,23.36166,21.73875,18.73129,2074,301,1,205,9.220105787644598e+18,STAR,-4.96188e-05,8189,57448,405
1.2376543814464973e+18,157.161918637931,58.6207538148211,23.20021,22.79333,21.97239,20.86649,19.88704,2074,301,2,211,9.22005521010972e+18,GALAXY,1.061153,8189,57448,221
1.2376583043524198e+18,158.528480448902,57.9185929946111,19.19197,18.21197,17.93185,17.83582,17.82185,2987,301,5,61,9.220009855255076e+18,STAR,0.0003859294,8189,57448,56
1.237658205034055e+18,139.788085839196,40.3558060625557,24.62252,23.4759,21.44102,20.40199,19.746,2964,301,4,103,9.943051725337549e+18,GALAXY,0.6322785,8831,57448,835
1.2376543819825162e+18,153.284218070772,58.2427424787499,24.65148,26.14017,22.77906,21.64249,19.80809,2074,301,3,198,9.221149224179356e+18,QSO,1.00657,8190,57448,105
1.2376543835934556e+18,153.51827156706,59.5751494050346,18.67975,17.77309,17.51309,17.44534,17.39822,2074,301,6,203,9.221372425039796e+18,STAR,0.0003146572,8190,57448,917
1.2376553692822904e+18,158.475140308939,59.2941033738934,25.7683,23.3821,21.68992,20.67752,19.74298,2304,301,2,109,9.220241027574816e+18,GALAXY,0.6507862,8189,57448,897
1.2376543819823188e+18,152.56562098132,57.890795372051,20.97904,19.86096,19.20588,18.85843,18.83276,2074,301,3,195,9.221167640999124e+18,GALAXY,0.2004957,8190,57448,172
1.2376553692815035e+18,155.105802585254,58.5006408323457,22.56618,22.99732,21.69219,20.53374,19.70849,2304,301,2,97,9.220112384714364e+18,GALAXY,0.8465057,8189,57448,429
1.237654381445645e+18,153.751337342812,57.8355584052055,24.01323,23.9727,22.07802,20.8552,19.95413,2074,301,2,198,9.22113383101657e+18,GALAXY,0.8451856,8190,57448,49
1.2376543835928655e+18,151.236446445397,58.9932605083197,20.59034,20.60165,20.63896,20.52752,20.61934,2074,301,6,194,9.221316624824688e+18,QSO,1.949131,8190,57448,714
1.2376543835929316e+18,151.397142899575,59.1415500736853,21.54969,21.22917,20.7756,20.85987,20.74411,2074,301,6,195,9.221314425801432e+18,QSO,1.093299,8190,57448,706
1.237654383593325e+18,152.77612991376,59.5638597849019,23.45664,23.30761,22.0278,20.67811,19.92286,2074,301,6,201,9.221344662371196e+18,STAR,4.421339e-05,8190,57448,816
1.2376543819828436e+18,154.514532244733,58.5517582865102,24.16999,24.89533,22.40524,20.82885,19.90337,2074,301,3,203,9.22012722812134e+18,GALAXY,0.8187506,8189,57448,483
1.237654383592866e+18,151.129316096272,58.8912546720649,21.0477,20.83789,20.84912,20.71221,20.80342,2074,301,6,194,9.221306729220036e+18,QSO,1.950832,8190,57448,678
1.2376543835937836e+18,154.750003627568,59.8911902294556,21.3684,21.25222,20.9517,20.91662,21.0135,2074,301,6,208,9.220145919819012e+18,QSO,1.142197,8189,57448,551
1.2376543835925386e+18,149.76066672983,58.6118958900606,22.38605,21.81725,21.35798,20.99916,20.46283,2074,301,6,189,9.22125697631888e+18,GALAXY,0.8904597,8190,57448,497
1.2376543819825157e+18,153.214133086295,58.1691857320277,21.07884,21.00373,21.07473,20.76036,20.74102,2074,301,3,198,9.221148399545636e+18,QSO,2.081381,8190,57448,102
1.237654383593e+18,151.81505473988,59.1118271721439,25.02992,22.28069,21.68014,20.85529,20.4156,2074,301,6,196,9.221321022871196e+18,GALAXY,0.503673,8190,57448,730
1.2376583043520276e+18,156.998292071624,57.703999245322,25.13461,23.40632,22.7102,21.40669,19.82787,2987,301,5,55,9.220071702784136e+18,QSO,1.163464,8189,57448,281
1.2376543819820567e+18,151.478541576858,57.6664370702441,25.85017,24.0391,21.39557,20.33423,19.56761,2074,301,3,191,9.221198702202608e+18,GALAXY,0.5623054,8190,57448,285
1.237654381446366e+18,156.506544077234,58.5389450036597,25.30513,23.23411,21.88145,20.70554,19.65715,2074,301,2,209,9.22007775009809e+18,GALAXY,0.7330931,8189,57448,303
1.2376543835928005e+18,150.791509791918,58.9229320154372,21.18812,21.06738,20.84567,20.62481,20.18202,2074,301,6,193,9.221295459225852e+18,QSO,1.954947,8190,57448,637
1.2376543819834332e+18,156.852109969517,59.014011826043,24.07855,22.12517,21.07158,20.56419,20.04049,2074,301,3,212,9.220219312220166e+18,STAR,-0.0003420497,8189,57448,818
1.2376583043524864e+18,158.85549704264,58.0905454826402,25.98469,24.09011,22.3876,20.70866,19.86629,2987,301,5,62,9.2200068315981e+18,GALAXY,0.7219745,8189,57448,45
1.237654380909298e+18,156.077512117908,58.0329328769515,21.14415,20.76224,20.80136,20.71828,21.09769,2074,301,1,206,9.220096716673668e+18,QSO,1.396922,8189,57448,372
1.2376543835933903e+18,153.125652169935,59.5723502633835,25.03277,23.93675,21.07382,20.0499,19.29585,2074,301,6,202,9.221354283097938e+18,GALAXY,0.7115775,8190,57448,851
1.2376543835929313e+18,151.188290877835,59.1245440388482,18.62391,17.61731,17.31029,17.19754,17.20507,2074,301,6,195,9.221314150923524e+18,STAR,0.000159755,8190,57448,705
1.2376543835932593e+18,152.518419186946,59.5050934969911,21.37738,20.60294,20.6756,20.73844,20.32903,2074,301,6,200,9.221345761882824e+18,QSO,2.30733,8190,57448,820
1.2376543835929316e+18,151.149159657677,59.1207170483402,21.71349,21.58697,20.98981,20.9602,20.78258,2074,301,6,195,9.22130453019678e+18,QSO,1.416255,8190,57448,670
1.2376543835928005e+18,150.825578869816,58.9327491179063,21.65917,21.63443,21.335,21.13008,20.67307,2074,301,6,193,9.221306179464224e+18,QSO,1.03352,8190,57448,676
1.2376543819825157e+18,153.325115122477,58.1819095982166,21.67592,21.39264,21.32604,20.9038,21.59345,2074,301,3,198,9.22114812466773e+18,QSO,1.557898,8190,57448,101
1.2376543819833016e+18,156.528913415941,58.9594559714488,22.33394,20.74912,20.72044,19.99847,22.23887,2074,301,3,210,9.220081598388788e+18,STAR,0.0001311954,8189,57448,317
1.2376543835928008e+18,150.749805530613,58.9298316353855,24.96024,24.86539,21.5983,20.42895,19.72586,2074,301,6,193,9.221294909470038e+18,GALAXY,0.6089488,8190,57448,635
1.237655370892313e+18,154.936674515275,59.7744934177903,24.7331,22.9232,21.80913,20.58867,19.80148,2304,301,5,100,9.220158564202732e+18,GALAXY,0.7074214,8189,57448,597
1.2376553708921162e+18,154.184337854637,59.5398083073479,23.23478,22.22029,20.38471,19.77596,19.485,2304,301,5,97,9.221380121621192e+18,GALAXY,0.2830119,8190,57448,945
1.237654383593128e+18,152.053679166689,59.2671433309422,21.17257,20.85019,20.51899,20.37186,20.41598,2074,301,6,198,9.221336690911892e+18,QSO,1.42388,8190,57448,787
1.2376582034229832e+18,139.416868111493,38.7651383851897,25.20704,23.08353,21.50364,20.43654,19.7843,2964,301,1,96,9.94288075127943e+18,GALAXY,0.5583671,8831,57448,213
1.2376543819833674e+18,156.475125760587,59.1072558660552,21.53863,21.28767,21.01294,20.63239,20.59765,2074,301,3,211,9.220195122964356e+18,QSO,1.585577,8189,57448,730
1.2376543819826463e+18,153.779964509264,58.4214039749838,20.30553,20.45542,20.05212,20.01482,19.98774,2074,301,3,200,9.2211390536968e+18,QSO,1.356328,8190,57448,68
1.23765438359339e+18,153.0576577353,59.5839538895716,21.5564,19.1515,18.16337,17.81633,17.54567,2074,301,6,202,9.221356207243288e+18,STAR,-0.0001572762,8190,57448,858
1.237654380909691e+18,157.524891518901,58.3820097179145,22.65066,20.4462,19.98798,19.69067,19.64221,2074,301,1,212,9.220045039627164e+18,QSO,3.432543,8189,57448,184
1.2376576279037875e+18,138.092230431778,40.3669830940043,23.49835,23.9113,21.51554,20.45897,19.51989,2830,301,1,194,9.942972560500349e+18,GALAXY,0.911091,8831,57448,547
1.2376582034229824e+18,139.414130446691,38.8078165999666,21.39779,19.55591,18.41605,17.97965,17.57758,2964,301,1,96,9.942884874448032e+18,GALAXY,0.14479,8831,57448,228
1.2376543819827784e+18,154.300661098136,58.462500744104,24.12256,23.38439,21.95913,20.56757,19.59067,2074,301,3,202,9.221123385656106e+18,GALAXY,1.471378,8190,57448,11
1.2376582034233108e+18,140.301119118962,39.0951026026514,24.18225,23.66224,22.06545,20.78433,19.95596,2964,301,1,101,9.942846116663157e+18,GALAXY,0.8032658,8831,57448,87
1.2376543835933248e+18,152.841200108955,59.589015020084,20.40561,20.38729,20.34575,20.03226,20.09326,2074,301,6,201,9.2213567569991e+18,QSO,1.854264,8190,57448,860
1.237654381982123e+18,151.774523979135,57.7933922191883,25.34656,24.5224,22.1626,20.79467,19.44699,2074,301,3,192,9.2211904558654e+18,GALAXY,1.086686,8190,57448,255
1.2376543819831055e+18,155.59085883404,58.6807921960238,24.76925,23.65637,21.91699,20.45989,19.80026,2074,301,3,207,9.22010029008646e+18,GALAXY,0.7519075,8189,57448,385
1.237654383593849e+18,155.190784971227,59.9983219106101,21.68252,20.75104,20.50896,20.39138,20.61161,2074,301,6,209,9.220155540545756e+18,STAR,-0.0005642786,8189,57448,586
1.237658304352289e+18,157.97478739416,57.9457202554905,21.97316,21.97989,21.5702,21.51215,20.92568,2987,301,5,59,9.22002909670856e+18,QSO,0.8905638,8189,57448,126
1.2376571189466893e+18,126.816708521345,37.8199177241284,22.45833,20.2822,19.01255,18.4702,18.13645,2711,301,5,141,9.972348762432231e+18,GALAXY,0.2069788,8857,57449,921
1.2376611374208128e+18,147.839969629328,35.5719089581089,22.62988,22.07546,21.88742,21.80013,21.34843,3647,301,2,70,9.966522725194551e+18,QSO,1.309377,8852,57449,206
1.237661849845498e+18,145.888565471664,36.6749594854883,21.34409,21.20296,21.06923,20.99336,20.71743,3813,301,1,24,9.966608761979429e+18,QSO,1.211837,8852,57449,519
1.2376613559269455e+18,162.970660117002,44.2297387567849,19.73596,19.58291,19.42982,19.34716,19.43993,3698,301,1,65,9.41157364301066e+18,QSO,1.115607,8359,57449,641
1.2376646695123692e+18,164.308956799455,38.9250809925168,25.06787,23.79669,21.78651,20.76843,19.8194,4469,301,5,342,9.930543681076746e+18,GALAXY,0.6323623,8820,57449,387
1.2376611379574868e+18,147.151316253609,35.7051945959117,23.66993,23.00729,21.35416,20.03016,19.39821,3647,301,3,67,9.966568629805013e+18,GALAXY,0.6671412,8852,57449,373
1.2376611379574868e+18,147.2004599491,35.8458367805654,22.11756,21.60681,21.31569,21.5037,21.52017,3647,301,3,67,9.966558459322456e+18,QSO,1.173468,8852,57449,336
1.2376611390316224e+18,147.809805554431,36.8397227642809,22.25216,22.91178,21.47339,20.36761,19.59433,3647,301,5,73,9.966689576084068e+18,GALAXY,1.010419,8852,57449,813
1.2376611379582075e+18,149.028825481348,36.5518452370957,21.17949,20.9325,20.70599,20.56036,20.52789,3647,301,3,78,9.966485616677116e+18,QSO,1.444999,8852,57449,71
1.2376611379576837e+18,147.595381561277,35.9304716365807,22.27285,22.27485,21.9501,21.92262,21.24494,3647,301,3,70,9.966535919334089e+18,QSO,1.176847,8852,57449,254
1.237657606961169e+18,125.042385637347,37.1239261584684,20.85007,20.27582,19.99699,19.63933,19.41483,2825,301,2,123,9.972205551042712e+18,QSO,0.4635426,8857,57449,400
1.2376575940771187e+18,125.989026912796,38.2784902350667,22.01081,21.62408,21.28805,21.18848,20.93736,2822,301,2,136,9.972301758310144e+18,QSO,2.045448,8857,57449,750
1.2376611374210747e+18,148.480897310857,35.8609448383923,22.62688,21.93652,21.18136,20.66582,20.25356,3647,301,2,74,9.966476545706189e+18,GALAXY,0.0,8852,57449,38
1.2376611379577487e+18,147.798858725067,35.9176675011602,20.73231,20.48588,20.42319,20.19867,20.41445,3647,301,3,71,9.966526023729437e+18,QSO,1.561359,8852,57449,218
1.237661139031819e+18,148.267245912553,37.0498329001146,23.81132,23.80839,22.32988,20.55099,19.87961,3647,301,5,76,9.966709367293368e+18,GALAXY,0.703508,8852,57449,885
1.237661355927208e+18,163.786107308117,44.3328685036261,21.94199,20.96173,20.05015,19.50866,19.21411,3698,301,1,69,9.41160717811531e+18,QSO,0.4141564,8359,57449,763
1.237661137420944e+18,148.212923898559,35.6576867510017,26.17711,23.98612,22.45441,20.663,19.69666,3647,301,2,72,9.966513379345715e+18,STAR,0.0002221686,8852,57449,172
1.2376575940769226e+18,125.607859244131,37.8962198598802,22.8864,22.20228,21.97988,21.98641,21.5705,2822,301,2,133,9.972280867589216e+18,QSO,0.2876233,8857,57449,674
1.2376619668865032e+18,164.662888048335,40.364602078533,25.20169,23.31555,21.58311,20.4474,19.80515,3840,301,3,72,9.930626694204643e+18,GALAXY,0.679569,8820,57449,689
1.237661137957946e+18,148.284993568581,36.2868275980301,22.32194,27.01122,23.26955,21.31212,19.36328,3647,301,3,74,9.966507057153855e+18,GALAXY,0.9057476,8852,57449,149
1.2376611384942925e+18,146.737999444679,36.1871931745193,24.62919,24.42245,21.50284,20.38381,19.52323,3647,301,4,66,9.966573577607338e+18,GALAXY,0.7834709,8852,57449,391
1.2376622251349115e+18,166.373085870543,38.508263618343,22.32952,22.14449,21.82381,21.85509,21.21371,3900,301,4,278,9.930450497466292e+18,QSO,2.333619,8820,57449,48
1.2376611379572902e+18,146.673325470958,35.6480541930743,21.36124,21.27369,20.8113,20.99981,20.70699,3647,301,3,64,9.966578250531756e+18,QSO,1.037593,8852,57449,408
1.2376613559273393e+18,164.050824716326,44.4508992655209,20.34882,20.09278,19.94207,19.89994,19.69032,3698,301,1,71,9.411617898353678e+18,QSO,0.7565043,8359,57449,802
1.237660634386334e+18,161.719010028565,44.0052334809812,21.52965,21.38554,20.99615,20.99699,20.64709,3530,301,1,277,9.411539283272292e+18,QSO,1.053931,8359,57449,516
1.237661137420551e+18,147.169928680662,35.2583611004264,23.3742,24.19159,22.48483,20.79121,19.66766,3647,301,2,66,9.966555160787573e+18,STAR,7.224429e-05,8852,57449,324
1.2376611374213368e+18,149.134126105438,36.1319127540542,21.24457,21.17173,21.44615,21.24135,21.49725,3647,301,2,78,9.966472697415487e+18,QSO,1.719474,8852,57449,24
1.2376613827736376e+18,148.904292046762,36.2579057179864,21.16239,21.13025,20.90002,21.26821,20.7799,3704,301,3,113,9.966490839357348e+18,GALAXY,0.3560631,8852,57449,90
1.237661137957421e+18,147.048437562576,35.786946430788,18.91283,17.9668,17.62737,17.55005,17.53681,3647,301,3,66,9.966568904682922e+18,STAR,-0.0004103605,8852,57449,374
1.237661137963648e+18,164.085915996943,40.3809301039204,22.42568,23.34487,22.10041,20.78229,19.47059,3647,301,3,161,9.930602504948832e+18,GALAXY,0.8487364,8820,57449,601
1.2376611379576837e+18,147.702214224829,35.9755457195935,22.32366,21.53322,21.25131,21.19477,20.75434,3647,301,3,70,9.966537568601528e+18,QSO,2.704571,8852,57449,260
1.2376611390320814e+18,149.005954644019,37.3038427544519,26.26178,23.51871,22.02259,20.52386,19.75962,3647,301,5,80,9.966730807770108e+18,GALAXY,0.7130393,8852,57449,963
1.2376611379579456e+18,148.258936636046,36.2503899699326,22.13052,21.70716,21.67073,21.26723,20.63032,3647,301,3,74,9.966507332031764e+18,QSO,1.672067,8852,57449,150
1.2376613827729165e+18,147.07959222335,35.6021937420237,21.30738,20.19094,19.57958,19.34569,19.06411,3704,301,3,102,9.966568354927106e+18,QSO,2.242618,8852,57449,372
1.2376611379582733e+18,149.148009811423,36.434814453422,22.1461,22.18384,22.04379,21.83536,22.27613,3647,301,3,79,9.96647544619456e+18,QSO,2.824346,8852,57449,34
1.237664669512434e+18,164.574668565589,39.0290518249421,23.85316,23.24383,21.41436,20.35501,19.61922,4469,301,5,343,9.93053158644884e+18,GALAXY,0.5300237,8820,57449,343
1.2376613564644068e+18,164.584415510103,44.9735352509,22.31355,21.90158,21.81275,21.59311,21.6124,3698,301,2,74,9.411634940783909e+18,QSO,1.622044,8359,57449,864
1.2376611379578803e+18,148.129314357639,36.1624869921216,22.13047,21.65602,21.34501,21.5153,21.30094,3647,301,3,73,9.9665166778806e+18,QSO,2.588602,8852,57449,184
1.237661849845498e+18,145.933554714691,36.7331905482503,21.92377,21.89407,21.98894,21.78308,20.86752,3813,301,1,24,9.96660848710152e+18,QSO,2.117628,8852,57449,518
1.2376611379572902e+18,146.585616484317,35.5549404774129,22.56172,21.4812,21.027,20.92892,20.66487,3647,301,3,64,9.966587321502683e+18,STAR,-0.0002528593,8852,57449,441
1.2376611379574868e+18,147.162644952863,35.6847413384323,20.8323,20.74741,20.78924,20.67654,20.32153,3647,301,3,67,9.966567805171292e+18,QSO,2.035496,8852,57449,370
1.2376611379583388e+18,149.33755291584,36.533307250987,21.4197,19.37968,18.4848,18.1355,17.98116,3647,301,3,80,9.966475995950373e+18,STAR,9.826608e-07,8852,57449,36
1.2376611379636467e+18,164.094263109707,40.5509761432145,22.24555,21.80881,21.37676,21.36339,21.41835,3647,301,3,161,9.93060360446046e+18,GALAXY,0.2834363,8820,57449,605
1.2376613827732444e+18,148.05919440346,35.765694435674,22.13564,21.86322,21.56272,21.46836,20.89611,3704,301,3,107,9.96651310446781e+18,GALAXY,1.011555,8852,57449,171
1.2376619668870927e+18,166.343629933006,40.5597066799922,23.02624,22.09141,21.85539,21.66166,21.4029,3840,301,3,81,9.930685243198822e+18,QSO,2.53247,8820,57449,902
1.23766138277888e+18,163.312106641967,40.011828252349,20.0207,20.07206,19.5172,19.51026,19.54067,3704,301,3,193,9.930581889105814e+18,QSO,1.251421,8820,57449,526
1.237661137963516e+18,163.684731566611,40.4845850323614,20.75262,18.84367,17.86164,17.46845,17.13994,3647,301,3,159,9.930576391547673e+18,GALAXY,0.1161939,8820,57449,506
1.237664669513286e+18,166.938607323047,39.2401555840753,24.96583,22.94675,21.58915,20.5873,19.31832,4469,301,5,356,9.93043977722792e+18,GALAXY,0.9131051,8820,57449,9
1.23766076377052e+18,145.874028245752,36.8657887031807,24.27212,24.92429,22.31107,21.05064,19.67567,3560,301,2,251,9.966608212223613e+18,GALAXY,0.9024942,8852,57449,517
1.2376611379574868e+18,147.214072433997,35.6978114240349,20.88775,20.81209,20.70377,20.58505,20.3484,3647,301,3,67,9.966557909566642e+18,QSO,1.997029,8852,57449,334
1.2376613559265528e+18,161.739998868212,43.9337615529766,18.37593,18.23765,18.10421,18.15947,18.06026,3698,301,1,59,9.411540107906011e+18,QSO,0.9203849,8359,57449,519
1.2376613827733752e+18,148.308411045266,35.9958165600486,21.91086,22.09649,21.84804,21.63975,21.35809,3704,301,3,109,9.966498261060835e+18,QSO,1.486629,8852,57449,117
1.2376618509257935e+18,163.729707494073,42.9803713769141,21.9547,21.70405,21.48186,21.27371,21.92748,3813,301,3,124,9.41147935988858e+18,QSO,1.92962,8359,57449,298
1.237661137957618e+18,147.479254246561,35.8494419697533,25.11233,24.70418,22.2731,21.06683,19.91999,3647,301,3,69,9.966547739084083e+18,GALAXY,0.8354924,8852,57449,297
1.2376619663500257e+18,165.919666321458,40.1108927689294,24.53905,22.9324,21.12971,20.01614,19.37145,3840,301,2,78,9.930660779065104e+18,GALAXY,0.5878514,8820,57449,813
1.2376611374269727e+18,164.831445010545,40.258454148335,20.59495,20.63101,20.28591,20.23856,20.39128,3647,301,2,164,9.930641537611618e+18,QSO,1.15786,8820,57449,743
1.2376611379637133e+18,164.217402438658,40.4213841269842,23.83052,23.17891,21.53695,20.38559,19.62132,3647,301,3,162,9.930616798599991e+18,GALAXY,0.6534207,8820,57449,653
1.237661966350287e+18,166.570163967238,40.1841048031152,25.77547,21.75566,20.29403,19.74637,19.46615,3840,301,2,82,9.930700911239518e+18,GALAXY,0.3132935,8820,57449,959
1.2376611379635817e+18,163.865388457469,40.3568052861689,21.28311,20.63566,20.51658,20.63576,20.44261,3647,301,3,160,9.930594258611626e+18,QSO,2.889845,8820,57449,571
1.2376611379635814e+18,163.84457002237,40.4094880897274,19.0849,18.17081,17.85426,17.76166,17.74526,3647,301,3,160,9.93059178471046e+18,STAR,-0.0006311843,8820,57449,562
1.237661137420616e+18,147.405465278237,35.3739877817835,21.71576,21.50977,21.3813,21.051,20.96527,3647,301,2,67,9.966543890793388e+18,QSO,1.796065,8852,57449,283
1.237661137963516e+18,163.590875881807,40.4051063826836,21.97276,21.72033,21.26615,20.75773,21.01716,3647,301,3,159,9.930578040815114e+18,GALAXY,0.4644036,8820,57449,512
1.237657401340724e+18,127.444586298314,37.3514053113025,24.94631,24.65136,22.10608,20.49779,19.71922,2777,301,3,140,9.972368003885718e+18,GALAXY,0.7400057,8857,57449,991
1.2376575940771195e+18,126.185967091722,38.2183729444104,23.14118,21.99028,21.00353,20.53793,19.9213,2822,301,2,136,9.972323748542702e+18,QSO,0.9612216,8857,57449,830
1.237661137963582e+18,163.956280573059,40.4444823838513,21.83221,22.22183,21.83341,21.81925,21.13356,3647,301,3,160,9.93060442909418e+18,QSO,1.991576,8820,57449,608
1.2376611384947512e+18,147.902969827289,36.5343727827014,26.03633,23.70613,21.35763,20.05275,19.4179,3647,301,4,73,9.966519701537577e+18,GALAXY,0.7285445,8852,57449,195
1.237661137957618e+18,147.472275636479,35.8671983643298,20.83395,20.64755,20.43969,20.50532,20.28849,3647,301,3,69,9.966547464206178e+18,QSO,1.034481,8852,57449,296
1.2376611379574863e+18,147.157069039876,35.822474585363,19.17506,18.88949,18.94287,18.80624,18.6083,3647,301,3,67,9.9665680800492e+18,QSO,0.546726,8852,57449,371
1.2376646695125655e+18,164.862774596481,38.962397835074,22.94902,22.91423,21.59099,20.49094,19.82784,4469,301,5,345,9.930509596216283e+18,GALAXY,0.844646,8820,57449,263
1.2376576069616932e+18,126.114699589607,37.9067345714867,21.4552,20.9495,20.98421,20.94554,20.79502,2825,301,2,131,9.972314402693863e+18,QSO,2.452994,8857,57449,796
1.2376611379580772e+18,148.617359991439,36.4122591019161,26.18769,24.96647,21.84237,20.77625,19.84944,3647,301,3,76,9.966502109351533e+18,GALAXY,0.8170401,8852,57449,131
1.2376611379639754e+18,165.089470046792,40.5867545158473,24.12775,22.98898,21.68491,20.40038,19.50846,3647,301,3,166,9.930646485413943e+18,GALAXY,0.775579,8820,57449,761
1.2376575940762665e+18,124.326867657853,36.7542512648656,21.16949,20.52003,20.16119,19.91194,19.90539,2822,301,2,123,9.972232489077594e+18,QSO,1.449753,8857,57449,498
1.2376611379637788e+18,164.510473524924,40.4607621971795,26.72866,23.31512,21.24227,20.117,19.38797,3647,301,3,163,9.930615149332552e+18,GALAXY,0.6889098,8820,57449,647
1.2376571178722929e+18,126.365177036871,36.1856909075148,23.23928,24.14087,22.23415,20.76188,19.8005,2711,301,3,131,9.972141779368305e+18,STAR,8.032291e-05,8857,57449,168
1.23765759407725e+18,126.279513150142,38.5256697597412,20.88676,20.90845,20.59035,20.72421,21.0785,2822,301,2,138,9.972321274641535e+18,QSO,1.334563,8857,57449,821
1.2376613827731784e+18,147.849695996957,35.7135918397804,17.89083,17.76029,17.86325,17.81222,17.42378,3704,301,3,106,9.966525473973625e+18,QSO,0.3987912,8852,57449,216
1.2376613559268147e+18,162.570332309671,44.0633572251602,21.12438,20.99836,20.7463,20.74748,20.64117,3698,301,1,63,9.411563197650196e+18,QSO,1.217079,8359,57449,603
1.2376618509261212e+18,164.74308526852,43.0225449712701,24.24191,23.48325,21.78643,21.15619,21.94651,3813,301,3,129,9.411422185283934e+18,GALAXY,0.4803701,8359,57449,90
1.2376609613327237e+18,148.070860741714,37.9485894390088,20.25648,21.14074,21.08854,21.58523,21.32436,3606,301,2,155,9.966703594857322e+18,STAR,0.0003359106,8852,57449,864
1.2376611379572902e+18,146.599118125294,35.580357611575,20.49312,20.49374,20.54372,20.21541,20.07721,3647,301,3,64,9.96658869589222e+18,QSO,1.76883,8852,57449,446
1.2376611368840074e+18,148.18119483709,35.3227180063973,24.78191,23.34759,21.91541,20.78691,19.93849,3647,301,1,71,9.96651035568874e+18,GALAXY,0.6543446,8852,57449,161
1.237660763771111e+18,147.443265834125,37.6160726798788,26.64257,22.87815,21.79293,20.58483,19.4667,3560,301,2,260,9.966670884386396e+18,GALAXY,0.9505208,8852,57449,745
1.2376611379637135e+18,164.359643934112,40.4879520670944,25.48295,24.05674,21.56836,20.2736,19.60445,3647,301,3,162,9.930616248844182e+18,GALAXY,0.7592828,8820,57449,651
1.2376576069608412e+18,124.3421300404,36.557602419328,21.22874,20.6355,20.34473,19.93612,19.7657,2825,301,2,118,9.972228091031083e+18,QSO,1.843204,8857,57449,482
1.2376611379635817e+18,163.798069326603,40.5067006151421,21.16934,21.12043,20.89028,20.79749,21.10617,3647,301,3,160,9.930591509832554e+18,QSO,1.36695,8820,57449,561
1.2376619668870267e+18,166.170004588008,40.5325636935518,21.05202,21.09501,20.71369,20.71305,21.332,3840,301,3,80,9.930669025402313e+18,QSO,1.399333,8820,57449,843
1.2376613843834644e+18,146.202938746738,36.6100256184766,22.47185,22.81507,21.57288,20.47504,19.72831,3704,301,6,101,9.966597217107335e+18,GALAXY,0.7772645,8852,57449,477
1.2376611374269071e+18,164.559439764762,40.051252242596,20.95311,20.73496,20.55695,20.23557,20.09629,3647,301,2,163,9.930629717861622e+18,QSO,0.7764392,8820,57449,700
1.2376611374269071e+18,164.655259548533,40.0690551794006,21.36755,21.12258,21.10037,20.70517,20.3882,3647,301,2,163,9.930629168105804e+18,QSO,1.777328,8820,57449,698
1.2376576069613655e+18,125.436304460874,37.5144703964365,21.08846,20.93559,20.9081,20.53482,20.53682,2825,301,2,126,9.972283066612474e+18,QSO,1.71852,8857,57449,682
1.237661384384185e+18,148.118107312845,37.1810731041355,25.94789,23.91712,21.85304,20.70457,19.90514,3704,301,6,112,9.966697822421277e+18,GALAXY,0.7227963,8852,57449,843
1.2376607637710449e+18,147.16555005727,37.5611089462227,24.02546,25.90129,21.84067,20.72471,19.72906,3560,301,2,259,9.96665164293291e+18,GALAXY,0.854985,8852,57449,675
1.2376607632344356e+18,148.039869066207,37.3851562625838,25.76526,25.45552,21.53531,20.54674,19.60993,3560,301,1,263,9.966707718025929e+18,GALAXY,0.7380472,8852,57449,879
1.2376613827729823e+18,147.234389696522,35.5934113275064,21.57222,21.41094,21.184,20.886,20.81949,3704,301,3,103,9.966555985421294e+18,QSO,1.938554,8852,57449,327
1.2376611379572247e+18,146.603161317792,35.4845100941775,20.70633,20.52892,20.35513,20.28909,20.03237,3647,301,3,63,9.966588146136406e+18,QSO,0.7420105,8852,57449,444
1.2376613559268147e+18,162.626497605629,44.1124744277991,20.82594,20.34507,20.08918,19.70664,19.73963,3698,301,1,63,9.411564297161824e+18,QSO,1.616271,8359,57449,607
1.2376619668870927e+18,166.256648109114,40.5710285177442,25.51413,24.02568,21.6156,20.37377,19.52296,3840,301,3,81,9.930684968320918e+18,GALAXY,0.7727389,8820,57449,901
1.2376611374211405e+18,148.678932603355,35.8416603232815,22.79798,22.01366,21.94977,21.73616,22.09685,3647,301,2,75,9.96647984424107e+18,QSO,2.34932,8852,57449,50
1.237661137957945e+18,148.281823928401,36.1664474429891,19.2956,18.73025,18.61279,18.5518,18.3771,3647,301,3,74,9.966505682764325e+18,QSO,2.422206,8852,57449,144
1.2376576069618895e+18,126.570937599143,38.2633782391217,20.45765,20.16564,19.58854,19.19825,19.18893,2825,301,2,134,9.972335568292698e+18,QSO,1.483463,8857,57449,873
1.2376613827788147e+18,163.268088270591,40.0266734034252,21.98993,21.45609,21.33823,20.93115,20.90577,3704,301,3,192,9.93058133935e+18,QSO,0.6786394,8820,57449,524
1.2376576069616932e+18,126.004436600417,38.0041010335364,21.65521,21.37818,21.20997,20.74121,20.88692,2825,301,2,131,9.972313303182238e+18,QSO,1.909992,8857,57449,792
1.2376611379581422e+18,148.924811177347,36.42418905365,22.0829,21.84365,21.3097,21.55503,21.06417,3647,301,3,77,9.966487540822465e+18,GALAXY,0.2676248,8852,57449,78
1.2376611379637783e+18,164.49319502406,40.4277499858973,23.11775,21.65243,21.40532,21.12213,21.46166,3647,301,3,163,9.930614874454645e+18,STAR,-0.0002948632,8820,57449,646
1.237657606961169e+18,125.035961862732,37.0632319780495,21.68085,21.22633,20.74194,20.46372,20.14618,2825,301,2,123,9.972205001286902e+18,QSO,2.155482,8857,57449,398
1.2376646695128271e+18,165.690031301622,39.0645899137615,24.09714,23.06283,21.63315,20.56767,19.81248,4469,301,5,349,9.93047771037908e+18,GALAXY,0.578753,8820,57449,147
1.2376611379574213e+18,146.935019882839,35.6876514082944,20.34314,20.20504,19.92462,19.93095,20.08773,3647,301,3,66,9.966579350043386e+18,QSO,1.363485,8852,57449,412
1.2376576069616937e+18,126.050169549319,37.9413049873148,24.67135,25.08213,22.60672,21.11408,19.9661,2825,301,2,131,9.972313578060145e+18,STAR,-0.0001778666,8857,57449,793
1.2376607637705203e+18,145.931870597834,37.0139887415719,26.05098,24.0895,22.18586,21.05868,19.85653,3560,301,2,251,9.966606013200355e+18,GALAXY,0.7970755,8852,57449,509
1.237661137957421e+18,146.964352935022,35.6883509528522,20.23007,19.9167,19.67402,19.47075,19.335,3647,301,3,66,9.966579899799198e+18,QSO,1.980632,8852,57449,414
1.2376621955925937e+18,161.604376973777,40.7419397328557,21.92867,21.99409,21.53961,21.53176,22.36117,3893,301,5,58,9.41825647470106e+18,QSO,1.178277,8365,57450,377
1.2376611379587315e+18,150.387927937565,36.8461066633253,20.0135,19.68038,19.63243,19.67777,19.27357,3647,301,3,86,9.968920210315696e+18,QSO,0.7473821,8854,57450,736
1.237657611266032e+18,179.485520120257,56.9038225338784,18.39059,17.49919,17.28213,17.16304,17.15083,2826,301,2,274,9.27068854523608e+18,STAR,0.0001959963,8234,57450,104
1.237657613413581e+18,179.301936920508,58.557001957373,21.21103,21.16574,20.91175,20.79988,20.60395,2826,301,6,275,9.270897452445358e+18,QSO,1.084026,8234,57450,864
1.237661384389231e+18,162.186241995251,41.1831475091456,23.37322,24.05138,21.89427,20.75238,19.76781,3704,301,6,189,9.41823668349176e+18,GALAXY,0.8198314,8365,57450,305
1.2376613827744238e+18,151.000568979162,36.9033262297216,21.67349,21.90561,21.59198,21.50295,21.0382,3704,301,3,125,9.968952096152902e+18,QSO,1.400494,8854,57450,852
1.2376613537798556e+18,179.762428284144,58.0009550966669,24.54542,22.16095,20.6442,19.86725,19.64423,3697,301,5,71,9.27091229585233e+18,STAR,8.038169e-05,8234,57450,918
1.2376613537797243e+18,179.447139100658,57.8971883182388,21.77005,20.87401,20.31184,19.90574,19.76481,3697,301,5,69,9.27089992634652e+18,GALAXY,0.1269365,8234,57450,873
1.237661137958404e+18,149.525367931955,36.5326861920547,18.48439,17.54649,17.22295,17.08535,17.08793,3647,301,3,81,9.968849841571518e+18,STAR,-0.0003715919,8854,57450,480
1.237662195593249e+18,163.517050019832,41.3204202573719,21.69088,21.60494,21.37138,21.01578,20.92775,3893,301,5,68,9.418177034985951e+18,QSO,1.773918,8365,57450,88
1.2376611379591252e+18,151.371169416347,37.219985392418,21.7775,21.59729,21.33531,21.18659,20.72751,3647,301,3,92,9.968970238094762e+18,QSO,0.8373544,8854,57450,918
1.237661354316071e+18,176.984197006832,58.1839573354502,22.13131,19.95849,18.97168,18.48506,18.30429,3697,301,6,61,9.270820211753509e+18,STAR,-0.0001684252,8234,57450,583
1.237657630047995e+18,129.202152304291,36.963451102796,22.86894,23.46555,21.89439,20.76394,19.9257,2830,301,5,144,9.973274551239596e+18,GALAXY,0.7906203,8858,57450,193
1.2376577766142116e+18,128.695653067018,37.2822492133449,17.91817,17.65179,17.61537,17.47407,17.49183,2864,301,6,151,9.973424909454694e+18,QSO,0.5741003,8858,57450,740
1.237662195592528e+18,161.329758754446,40.6984601969154,22.66726,22.31295,21.8619,21.6764,20.69833,3893,301,5,57,9.41826719493943e+18,QSO,2.179651,8365,57450,416
1.2376613537791345e+18,176.831357298604,57.8410730216664,23.10448,22.09816,21.79874,21.73783,21.60588,3697,301,5,60,9.270813339805831e+18,GALAXY,0.05072561,8234,57450,558
1.237661382774489e+18,151.164759977512,36.9630548616562,21.18066,20.26368,19.78095,19.56782,19.56289,3704,301,3,126,9.968962541513366e+18,QSO,2.814833,8854,57450,890
1.237657611265442e+18,176.80410494432,56.7801036770444,25.25878,22.58831,21.12479,20.65478,20.04493,2826,301,2,265,9.27078750128258e+18,GALAXY,0.2949333,8234,57450,464
1.2376613537792655e+18,177.309150425728,57.6987481984372,22.98527,22.24976,21.96982,21.69117,21.39877,3697,301,5,62,9.27082543443374e+18,QSO,1.551095,8234,57450,602
1.2376621955926592e+18,161.799865502176,40.7984714949968,22.4326,22.93105,21.75163,20.5023,19.83276,3893,301,5,59,9.418255375189432e+18,STAR,-0.0002278075,8365,57450,373
1.237661137958732e+18,150.458843837585,36.8851804614156,21.5867,21.67507,21.50481,21.1789,20.7982,3647,301,3,86,9.968929556164532e+18,QSO,2.018269,8854,57450,770
1.2376613537791347e+18,176.973323733077,57.6753513809667,22.51824,21.55469,20.62972,20.31792,20.36591,3697,301,5,60,9.270814164439554e+18,QSO,1.809568,8234,57450,561
1.2376613537797243e+18,179.381182280229,57.8932934602598,21.32015,20.91299,20.53387,20.48297,20.53268,3697,301,5,69,9.270901300736055e+18,GALAXY,1.777797,8234,57450,878
1.2376613537795277e+18,178.608040628426,57.8968230611825,22.57614,21.75468,21.29772,20.98199,20.66065,3697,301,5,66,9.270867765631408e+18,QSO,0.5820826,8234,57450,756
1.2376622251358948e+18,169.218324914666,39.1288833895131,21.90226,21.47532,21.23581,21.23315,21.41436,3900,301,4,293,9.92936500462855e+18,STAR,-0.0002380019,8819,57450,195
1.237657776614277e+18,128.760103271475,37.4141690654355,22.24681,22.19627,21.75934,21.64336,22.40789,2864,301,6,152,9.97342078628609e+18,QSO,1.120276,8858,57450,725
1.2376611379586662e+18,150.12151687565,36.8951144188869,20.34646,20.12498,19.89093,19.9594,19.98985,3647,301,3,85,9.968906741298256e+18,QSO,1.086634,8854,57450,687
1.237661382774162e+18,150.292584240401,36.7339790680249,21.02413,20.73687,20.58343,20.34656,20.21248,3704,301,3,121,9.96892076007151e+18,QSO,0.7790792,8854,57450,738
1.2376576128763167e+18,177.806286878112,57.9383329816999,21.9332,21.58651,21.67102,21.40174,21.18303,2826,301,5,269,9.270845775398853e+18,QSO,0.6600852,8234,57450,676
1.237657612876055e+18,176.663069939047,57.9870374228032,22.78523,22.05976,21.86341,21.89106,21.52365,2826,301,5,265,9.27081279005002e+18,QSO,2.71354,8234,57450,556
1.2376611368847283e+18,150.015747087563,35.9456135299159,23.78387,22.95789,21.59177,20.43169,19.71745,3647,301,1,82,9.968810534030823e+18,GALAXY,0.7889182,8854,57450,337
1.2376613827748823e+18,152.212305698096,37.2137092200279,20.72645,20.5456,20.28546,20.2254,20.33549,3704,301,3,132,9.968988929792432e+18,QSO,1.163167,8854,57450,986
1.237662195593052e+18,162.930610759237,41.1000805101259,21.66967,21.84427,22.1776,22.16199,22.07658,3893,301,5,65,9.418192977904556e+18,GALAXY,0.02197805,8365,57450,146
1.237661137422058e+18,151.117115140518,36.7983640833191,23.98505,22.43071,21.28691,20.10477,19.61381,3647,301,2,89,9.968963366147086e+18,STAR,-7.002924e-06,8854,57450,893
1.2376613537792655e+18,177.345741708337,57.85680105286,20.48637,20.43933,20.25207,20.22887,20.05228,3697,301,5,62,9.270835330038389e+18,QSO,0.9548427,8234,57450,638
1.2376618509248105e+18,160.867470557164,42.2440667736753,22.37576,21.35778,20.75006,20.61856,20.70698,3813,301,3,109,9.41829633199757e+18,STAR,0.0002989708,8365,57450,522
1.2376613843893627e+18,162.549014142616,41.2139818590935,23.76721,22.63742,21.2393,20.05407,19.18974,3704,301,6,191,9.418216342526646e+18,GALAXY,0.7293876,8365,57450,231
1.2376611379592563e+18,151.718430926813,37.3935064841644,21.94994,21.75486,21.73897,21.3414,22.25411,3647,301,3,94,9.968980683455226e+18,QSO,1.64443,8854,57450,956
1.2376613537793316e+18,177.685679548805,57.7202076271976,22.99162,20.84763,20.09068,19.77551,19.57365,3697,301,5,63,9.270837254183735e+18,STAR,-0.001231963,8234,57450,645
1.237661353779331e+18,177.623234466789,57.7311430046326,22.00434,21.3614,20.95371,20.32124,19.82627,3697,301,5,63,9.270836704427926e+18,QSO,0.5101277,8234,57450,643
1.2376576300481907e+18,129.585688425005,37.2540484076929,20.77395,20.55458,20.43256,20.26737,20.10504,2830,301,5,147,9.973455420902363e+18,QSO,2.024148,8858,57450,851
1.23766222620944e+18,168.302611968076,39.7918855332915,24.27049,23.98389,21.41018,20.27099,19.41965,3900,301,6,290,9.929498595291322e+18,GALAXY,0.7424224,8819,57450,681
1.2376576300483228e+18,129.921910209731,37.5410281482049,25.47685,23.58855,21.50462,20.40564,19.69422,2830,301,5,149,9.9734647667512e+18,GALAXY,0.6391456,8858,57450,885
1.2376613543167263e+18,179.832524513078,58.4204896439255,21.31527,18.84152,17.45328,16.25918,15.59962,3697,301,6,71,9.270907622927915e+18,STAR,-2.980751e-05,8234,57450,901
1.2376621955931835e+18,163.282576322153,41.1153125692599,21.94291,21.43831,21.22106,21.12724,20.72905,3893,301,5,67,9.418191053759207e+18,QSO,2.305322,8365,57450,139
1.237662195592528e+18,161.389760278199,40.6892065875916,21.03438,20.2592,20.2254,20.15583,19.91213,3893,301,5,57,9.418266645183615e+18,QSO,2.285691,8365,57450,414
1.237657629511255e+18,129.874308628079,36.7541152586384,25.89903,23.63441,22.0857,20.72923,19.8548,2830,301,4,146,9.973249262472155e+18,GALAXY,0.6799195,8858,57450,101
1.2376611379591252e+18,151.517474341862,37.259804470868,21.75002,21.05391,20.1882,19.78859,19.70653,3647,301,3,92,9.968968863705223e+18,GALAXY,0.5435281,8854,57450,913
1.237657613413581e+18,179.314685675868,58.5385222648753,21.42339,21.3605,21.14922,21.11147,21.36045,2826,301,6,275,9.270896902689544e+18,QSO,1.866412,8234,57450,862
1.2376613827742272e+18,150.542946932062,36.7437062903786,22.08946,21.28702,21.18798,21.07557,21.01681,3704,301,3,122,9.96893175518779e+18,STAR,0.000222723,8854,57450,778
1.2376611379590597e+18,151.173716603618,37.2181253034162,25.13272,23.44333,21.6358,20.56742,19.85444,3647,301,3,91,9.96895951785639e+18,STAR,-0.0001187486,8854,57450,879
1.2376611379589286e+18,150.90363552858,36.9715596764551,20.75997,20.7408,20.67093,20.55567,20.19725,3647,301,3,89,9.968949347373832e+18,QSO,1.939433,8854,57450,842
1.237657776614277e+18,128.782140155494,37.3946301935278,21.57388,21.42954,21.5708,21.05882,20.96489,2864,301,6,152,9.973420511408183e+18,QSO,1.777892,8858,57450,724
1.2376611379588636e+18,150.695707014924,37.0394895934,25.51138,23.34596,21.88546,20.58262,19.8059,3647,301,3,88,9.968939726647087e+18,GALAXY,0.7009475,8854,57450,807
1.2376621955935112e+18,164.140890907216,41.4026612215015,19.11236,18.13251,17.8574,17.72336,17.74083,3893,301,5,72,9.41816356596851e+18,STAR,-0.0002376941,8365,57450,39
1.2376571178734065e+18,128.525558202105,37.9372643794495,24.99583,22.79621,21.46731,20.12869,19.27439,2711,301,3,148,9.973419411896558e+18,STAR,8.854559e-05,8858,57450,720
1.237661137421992e+18,150.938583635642,36.526589309064,20.02741,19.6851,19.69782,19.34302,19.26847,3647,301,2,88,9.968770401856414e+18,QSO,0.4765254,8854,57450,191
1.2376619684970496e+18,164.07960825249,41.4348252382394,20.23172,20.30857,20.2911,20.10856,20.04755,3840,301,6,71,9.418159442799909e+18,QSO,1.949888,8365,57450,24
1.2376611379591252e+18,151.422159503628,37.1839159633017,19.3639,18.96955,18.97849,19.11656,19.26493,3647,301,3,92,9.96897106272848e+18,STAR,0.0001074456,8854,57450,921
1.2376621955934456e+18,164.137966680843,41.2233063610893,22.26829,21.47245,21.15698,21.04055,21.22352,3893,301,5,71,9.418161916701071e+18,STAR,0.000273348,8365,57450,33
1.2376621955925284e+18,161.459947629785,40.767387633766,24.89228,22.07862,21.67246,21.36884,21.26196,3893,301,5,57,9.41826637030571e+18,QSO,3.099034,8365,57450,413
1.237661137958863e+18,150.648347279481,37.0612103028611,21.37998,21.42333,21.47067,21.74479,22.04419,3647,301,3,88,9.968928731530811e+18,STAR,0.002874692,8854,57450,767
1.2376611379586007e+18,150.085370732466,36.8007628089892,21.45787,20.80803,20.59959,20.70848,20.06067,3647,301,3,84,9.968909764955232e+18,QSO,2.272426,8854,57450,698
1.237661353779e+18,176.17987949313,57.7750692754147,21.12048,21.04991,20.92537,20.78533,20.69468,3697,301,5,58,9.270812515172112e+18,QSO,1.493167,8234,57450,555
1.237657776614736e+18,129.718845482632,38.1260561950441,21.34118,20.91567,20.8501,20.71768,20.33393,2864,301,6,159,9.973458719437249e+18,QSO,2.244739,8858,57450,863
1.237661137958732e+18,150.332231872944,36.8819808952701,22.56666,22.3258,22.68657,21.56312,21.1435,3647,301,3,86,9.968919110804068e+18,QSO,0.6475532,8854,57450,732
1.237661353778938e+18,175.866278983385,57.7252137108193,21.47968,21.47165,21.58158,21.0848,21.33113,3697,301,5,57,9.270797946643044e+18,QSO,1.729169,8234,57450,502
1.2376613537797248e+18,179.326641578069,57.8724889846858,22.13296,21.41234,20.41555,20.06418,19.74565,3697,301,5,69,9.27090185049187e+18,STAR,-0.0008897307,8234,57450,880
1.2376571178730788e+18,127.969132547304,37.4667430084143,21.58946,21.32142,20.99133,20.74328,21.06289,2711,301,3,143,9.973389725082606e+18,QSO,1.509294,8858,57450,612
1.237662195592528e+18,161.435020839348,40.8470126522853,21.23825,21.41829,21.54636,21.04874,21.055,3893,301,5,57,9.418267744695245e+18,QSO,1.748004,8365,57450,418
1.2376621955931835e+18,163.373470594618,41.168526082911,22.18242,22.36975,21.96741,22.05912,21.89681,3893,301,5,67,9.41818638083479e+18,STAR,0.001266459,8365,57450,122
1.237661137421927e+18,150.850273165437,36.5695071461233,19.59588,19.52327,19.63233,19.42943,19.55299,3647,301,2,87,9.968772051123851e+18,QSO,1.668799,8854,57450,197
1.237661382774817e+18,152.072247942863,37.2481649020998,21.03448,20.91015,20.69261,20.68251,20.57083,3704,301,3,131,9.968988380036618e+18,QSO,1.118823,8854,57450,984
1.2376621955924623e+18,161.291326657366,40.6568092944448,21.25704,20.36652,20.33726,20.19304,19.88798,3893,301,5,56,9.418264171282457e+18,QSO,2.341374,8365,57450,405
1.23765777661395e+18,128.065512926086,36.8688863725445,21.46355,21.45329,21.44014,21.11106,20.71531,2864,301,6,147,9.973329251943076e+18,QSO,1.54148,8858,57450,392
1.237661850925138e+18,161.793888407478,42.5418827579178,21.76567,21.11791,20.46025,20.41585,20.26966,3813,301,3,114,9.41833921295105e+18,QSO,1.155306,8365,57450,678
1.2376611374215987e+18,149.924865506606,36.3937929230433,21.38379,21.21635,21.19966,21.07529,20.75846,3647,301,2,82,9.968816031588964e+18,QSO,1.756484,8854,57450,357
1.2376611379591908e+18,151.702271775157,37.2741114111774,21.02324,20.807,20.52551,20.37963,20.09153,3647,301,3,93,9.968981782966854e+18,QSO,0.9789523,8854,57450,960
1.2376577766138844e+18,127.83918786876,36.9205809574869,21.84732,21.72495,21.38819,21.33521,20.80521,2864,301,6,146,9.973339697303542e+18,QSO,1.013086,8858,57450,430
1.23766113795847e+18,149.643404714455,36.6864030112798,21.73348,21.70883,21.86546,21.91416,22.08719,3647,301,3,82,9.968877329362213e+18,GALAXY,1.429271,8854,57450,580
1.2376621955931835e+18,163.24911246085,41.242749041387,20.92147,21.18076,20.87389,20.90858,20.93369,3893,301,5,67,9.418186930590603e+18,QSO,1.239922,8365,57450,124
1.2376621955927247e+18,161.934426237766,40.9514836352299,21.47897,20.87391,20.25166,20.046,19.77061,3893,301,5,60,9.418244380073157e+18,QSO,0.9887304,8365,57450,333
1.2376621955932495e+18,163.578534391493,41.1861001962827,22.53092,21.42345,20.85151,20.65355,20.61814,3893,301,5,68,9.41817648523014e+18,STAR,-0.0008245273,8365,57450,86
1.2376613537795937e+18,178.816615865155,57.785479779256,21.93557,21.91957,21.37854,21.38364,20.9372,3697,301,5,67,9.270869140020945e+18,QSO,1.089387,8234,57450,761
1.2376613537796593e+18,178.934112880478,57.886108003723,24.44381,23.61533,22.19068,20.79437,19.92107,3697,301,5,68,9.27087848586978e+18,STAR,-0.0001559503,8234,57450,795
1.2376571178732751e+18,128.401983305109,37.7602951328311,20.65365,20.41323,20.11814,20.20345,20.33115,2711,301,3,146,9.973412265070977e+18,QSO,1.028751,8858,57450,694
1.237661849851462e+18,162.253832845812,41.7572247101107,20.48061,20.38242,20.03172,19.80315,19.68333,3813,301,1,115,9.41835625538128e+18,QSO,1.457761,8365,57450,740
1.237657776614081e+18,128.209348823379,37.1848814352457,20.38843,20.28687,20.17391,20.04754,19.79929,2864,301,6,149,9.973331176088426e+18,QSO,2.061331,8858,57450,399
1.2376611379586007e+18,149.943511699515,36.8260698030886,20.52924,20.48198,20.27941,20.14941,20.10628,3647,301,3,84,9.968898769838954e+18,QSO,1.043312,8854,57450,658
1.2376574013410516e+18,128.13867254168,37.7498525630406,23.3101,23.31003,21.77994,20.59361,19.9317,2777,301,3,145,9.973402094588418e+18,GALAXY,0.7933978,8858,57450,657
1.237661137958798e+18,150.500181150449,37.0434958883812,22.90981,23.82085,21.91215,20.61257,19.9395,3647,301,3,87,9.968928181775e+18,GALAXY,0.7434133,8854,57450,765
1.23766113795847e+18,149.752968910755,36.697035470014,21.51704,20.6566,20.66885,20.60836,20.01243,3647,301,3,82,9.968887774722677e+18,QSO,2.315005,8854,57450,618
1.237661354316268e+18,177.905349597162,58.256370882102,22.22064,22.4742,22.19468,22.42054,22.6893,3697,301,6,64,9.270843576375595e+18,QSO,2.05255,8234,57450,668
1.237661353779331e+18,177.677017483678,57.8246599418486,21.80751,21.85524,21.56405,21.30319,21.2022,3697,301,5,63,9.270845500520944e+18,QSO,1.025221,8234,57450,675
1.2376576112661627e+18,179.9052028045,56.8748318689956,21.88268,21.18897,20.72613,20.5201,20.51775,2826,301,2,276,9.270677824997708e+18,STAR,-0.000172458,8234,57450,65
1.2376613543167263e+18,179.953186413102,58.3389157747981,22.12729,21.6879,20.95723,20.6741,20.77318,3697,301,6,71,9.270919167800009e+18,QSO,1.27997,8234,57450,943
1.2376576112659663e+18,179.050266168622,56.9036716975812,21.17339,20.04368,19.99232,20.02199,20.23322,2826,301,2,273,9.270717132538405e+18,STAR,-0.0008446289,8234,57450,208
1.237661353779659e+18,178.964528667478,57.7917786124864,25.49067,22.80103,21.32727,20.24572,19.58009,3697,301,5,68,9.270877936113963e+18,STAR,4.792907e-05,8234,57450,793
1.2376621955928558e+18,162.316040304615,40.9880484125518,21.80873,22.04492,21.59051,21.67124,21.45819,3893,301,5,62,9.418234759346414e+18,QSO,1.207054,8365,57450,298
1.2376613827736376e+18,148.960630556056,36.1322077293765,23.11005,21.1364,19.87285,19.34171,19.02516,3704,301,3,113,9.968852040594774e+18,GALAXY,0.2117241,8854,57450,488
1.2376621934469455e+18,167.37248900644,40.1134113764172,25.12213,24.08813,21.97878,20.61129,19.79089,3893,301,1,86,9.929462861163422e+18,QSO,1.143142,8819,57450,551
1.237661137958994e+18,151.04503467788,37.034333413252,20.48335,19.96826,19.75568,19.72364,19.55452,3647,301,3,90,9.968951821274997e+18,QSO,2.297585,8854,57450,851
1.2376611379586665e+18,150.141044155371,36.9242921753542,21.50553,22.10951,21.42322,21.59465,21.52261,3647,301,3,85,9.968908665443604e+18,QSO,1.220668,8854,57450,694
1.237657776614343e+18,128.871770896981,37.4632519820835,18.25534,17.28028,17.00411,16.87666,16.86194,2864,301,6,153,9.973433705547717e+18,STAR,-0.0007605029,8858,57450,772
1.2376613537792005e+18,177.239887423289,57.7481156997173,21.18859,20.23823,19.86539,19.65609,19.57764,3697,301,5,61,9.27082433492211e+18,STAR,-0.0007622343,8234,57450,598
1.2376611374223854e+18,151.986865986981,36.9031228088236,21.52512,21.48143,21.23049,21.13939,21.16332,3647,301,2,94,9.96899085393778e+18,QSO,0.9864028,8854,57450,993
1.237661137958732e+18,150.364802368582,36.829909988031,21.85227,21.9435,21.93974,21.89919,21.50414,3647,301,3,86,9.968919660559882e+18,QSO,2.097027,8854,57450,734
1.2376646695073226e+18,150.469259594467,35.4224682246887,24.07924,23.83726,21.75636,20.63423,19.65928,4469,301,5,265,9.9687857950192e+18,GALAXY,0.7408277,8854,57450,247
1.2376613537792005e+18,177.118404149374,57.7072869537406,21.53604,21.52975,21.37277,20.95881,20.59395,3697,301,5,61,9.270824884677925e+18,QSO,0.7568995,8234,57450,600
1.2376576128765133e+18,178.536382176239,58.103463966848,22.33251,20.63021,21.68705,21.23901,19.82219,2826,301,5,272,9.270866116363966e+18,STAR,0.0004282504,8234,57450,750
1.2376621955927905e+18,162.185276705166,40.9398967982075,21.902,21.86005,21.91875,21.37307,21.83202,3893,301,5,61,9.418235309102223e+18,QSO,1.866641,8365,57450,300
1.237662195592921e+18,162.581132083911,41.0403385646343,22.00929,21.87332,21.95285,21.94169,21.83897,3893,301,5,63,9.41821084496851e+18,QSO,2.135116,8365,57450,211
1.2376576112659663e+18,179.105951219776,56.7380489605182,23.13359,21.53978,20.81795,20.61414,20.70123,2826,301,2,273,9.27071548327096e+18,STAR,-0.0004682913,8234,57450,202
1.2376611368851215e+18,151.121883063759,36.2497964034296,26.24937,24.52201,21.59865,20.38163,19.57766,3647,301,1,88,9.9687462126006e+18,GALAXY,0.6711493,8854,57450,103
1.2376621955927905e+18,162.148117437045,40.8389133552511,21.59975,21.09591,20.94947,20.94436,20.67505,3893,301,5,61,9.418234484468505e+18,QSO,2.5157,8365,57450,297
1.237662195592921e+18,162.444887827325,41.0052941406566,21.3985,21.36032,21.27178,21.04286,20.84467,3893,301,5,63,9.418222664718506e+18,QSO,1.786404,8365,57450,254
1.2376618509256625e+18,163.237090608782,42.8456307487052,23.01262,20.46522,19.37003,19.22469,19.16371,3813,301,3,122,9.418400785602206e+18,QSO,3.510296,8365,57450,902
1.237657613413253e+18,178.014353446881,58.523769077975,21.48096,21.64737,21.33747,21.39495,22.61141,2826,301,6,270,9.27085319710234e+18,QSO,1.200119,8234,57450,703
1.237661354316005e+18,176.611854731524,58.1684516335611,20.69201,19.01701,18.37081,18.16048,17.98873,3697,301,6,60,9.270809766393045e+18,STAR,-0.0002897443,8234,57450,545
1.2376621955933143e+18,163.749774051553,41.282571015331,20.48372,20.60099,20.23978,20.235,20.401,3893,301,5,69,9.418161641823164e+18,QSO,1.335128,8365,57450,32
1.2376611374220575e+18,151.022809087087,36.7148801136555,23.65581,21.71529,20.83083,20.58058,20.32125,3647,301,2,89,9.968952645908718e+18,STAR,-0.0001390969,8854,57450,854
1.237661353779725e+18,179.260399476423,57.9318717202846,23.26569,24.28414,22.4792,20.85262,19.84095,3697,301,5,69,9.27088673220699e+18,STAR,6.51814e-05,8234,57450,825
1.2376611379591252e+18,151.503750133043,37.3107132716451,21.93654,22.01582,22.118,21.57098,22.47843,3647,301,3,92,9.968968588827318e+18,QSO,1.782156,8854,57450,912
1.237657613413581e+18,179.482997488188,58.4495258109064,20.92409,20.74237,20.72469,20.23939,20.46752,2826,301,6,275,9.270897727323263e+18,QSO,1.541999,8234,57450,865
1.2376607728827763e+18,151.112752596099,39.2893275068717,20.45974,19.97786,19.88872,19.41683,19.439,3562,301,3,29,9.936254819382876e+18,QSO,0.6249917,8825,57451,684
1.2376619668900416e+18,175.146588915039,41.7646091267141,21.30151,20.9967,20.70393,20.55805,20.38373,3840,301,3,126,9.422883494525424e+18,QSO,0.861176,8369,57451,826
1.2376619668899103e+18,174.845210909268,41.7172762855852,22.08815,21.3798,20.77753,20.33304,20.05032,3840,301,3,124,9.4228587555138e+18,QSO,0.4976179,8369,57451,736
1.2376619674273715e+18,176.470920856893,42.2522105037795,25.33423,24.11372,22.14317,20.83154,19.76795,3840,301,4,133,9.422928849380071e+18,GALAXY,0.775857,8369,57451,991
1.2376609586403092e+18,114.776883929114,19.6948565873091,25.29225,22.71567,22.1048,22.07703,21.19068,3605,301,5,32,1.0082558035598e+19,GALAXY,0.6765592,8955,57451,452
1.2376611379593871e+18,152.115436990964,37.3660561240879,18.57195,17.5934,17.33231,17.23876,17.24752,3647,301,3,96,9.936111333115451e+18,STAR,-0.0002603065,8825,57451,162
1.237661137959781e+18,153.171436580733,37.8957242247746,22.53882,23.89123,21.61249,20.4502,19.80666,3647,301,3,102,9.936067627528247e+18,GALAXY,0.6646083,8825,57451,3
1.2376609581043553e+18,116.753343891691,20.8407318454033,25.82264,23.10774,22.98325,23.19886,22.07787,3605,301,4,46,1.0082679256755e+19,GALAXY,0.5625037,8955,57451,893
1.2376609586407025e+18,115.420317864232,20.3271479523836,22.37303,22.56205,22.11584,21.60932,20.69764,3605,301,5,38,1.0082531097563124e+19,GALAXY,0.8519712,8955,57451,354
1.2376607632354186e+18,150.712899907071,38.385117091138,22.09725,21.73586,21.51198,21.03644,21.45933,3560,301,1,278,9.936174280156142e+18,GALAXY,0.6426974,8825,57451,391
1.2376607728829727e+18,151.600542025461,39.4947326666495,24.78454,23.50172,21.98197,20.45582,19.51715,3562,301,3,32,9.936286430342177e+18,STAR,5.81707e-05,8825,57451,799
1.2376611379593871e+18,152.106012002889,37.5334794837587,22.15247,22.2874,21.79986,21.52862,22.40889,3647,301,3,96,9.93611353213871e+18,GALAXY,0.5635727,8825,57451,170
1.2376609575666332e+18,115.529001100373,19.2422226274311,22.67167,23.01498,22.26526,21.92492,21.11477,3605,301,3,33,1.0082522301470104e+19,QSO,0.7729975,8955,57451,322
1.2376619668899103e+18,174.67836495459,41.7185533681596,20.46418,20.17466,20.06288,19.80384,19.62562,3840,301,3,124,9.422856281612638e+18,QSO,0.5587922,8369,57451,727
1.237660765368092e+18,116.792494866747,21.0258760263492,24.01811,23.37565,21.7119,21.18049,21.58057,3560,301,5,52,1.0082688877481712e+19,GALAXY,0.6155064,8955,57451,928
1.2376619668895828e+18,173.69220822139,41.7244887558906,22.36125,22.05636,21.83155,21.67337,21.6565,3840,301,3,119,9.422816424316131e+18,QSO,2.843753,8369,57451,582
1.2376607734198444e+18,151.430947805346,39.9902942801443,24.15055,23.3971,21.90358,20.83429,19.64178,3562,301,4,32,9.9362715869352e+18,GALAXY,0.8747407,8825,57451,745
1.2376607653673713e+18,115.452678088154,19.9235752113312,22.33932,23.01419,21.88874,21.33188,20.50266,3560,301,5,41,1.0082525600005e+19,GALAXY,0.8472723,8955,57451,334
1.23766076536724e+18,115.198248876557,19.7674853873285,23.58792,22.42637,21.96509,21.60169,22.17259,3560,301,5,39,1.0082547315359635e+19,GALAXY,0.1304187,8955,57451,413
1.2376607734200412e+18,152.047167940751,40.0101591959328,22.64458,22.77489,21.97338,20.76274,19.9066,3562,301,4,35,9.93630567179566e+18,GALAXY,0.6489729,8825,57451,869
1.2376607653673715e+18,115.387664060582,19.9483392949724,22.7313,22.63556,21.96876,20.71301,20.38014,3560,301,5,41,1.0082538244388706e+19,GALAXY,0.8947773,8955,57451,380
1.2376611379594527e+18,152.231962861946,37.5604980151719,21.6552,21.92857,21.23782,21.22565,21.0865,3647,301,3,97,9.936100063121269e+18,QSO,1.285864,8825,57451,121
1.2376607648304335e+18,115.685409753678,19.5579860551505,18.70387,17.71171,17.33304,17.20051,17.18034,3560,301,4,40,1.0082525050249173e+19,STAR,0.0006028302,8955,57451,332
1.2376607632352215e+18,150.101682573844,38.0798183538985,22.26322,22.09381,21.90415,21.58332,21.98025,3560,301,1,275,9.9362003935573e+18,QSO,1.529058,8825,57451,486
1.2376607728827108e+18,150.91864267569,39.2590560766375,21.71939,21.33695,21.10161,20.58588,20.4442,3562,301,3,28,9.936242999632878e+18,QSO,1.54403,8825,57451,641
1.2376621945231117e+18,174.493675765003,41.8229220095117,21.63007,21.18748,21.02863,20.72814,20.71766,3893,301,3,123,9.422858205757989e+18,QSO,1.603672,8369,57451,734
1.2376619668895828e+18,173.758525858287,41.5418086565236,19.79805,19.86822,19.48969,19.41703,19.41862,3840,301,3,119,9.422818898217292e+18,QSO,1.382776,8369,57451,591
1.2376619668902382e+18,175.673564688464,41.8883093190129,21.50187,21.41357,21.33887,20.97146,20.7661,3840,301,3,129,9.422909882804492e+18,QSO,1.631636,8369,57451,922
1.237660765367502e+18,115.728511676692,20.2188318152667,23.28754,22.68649,22.65931,21.49635,21.24642,3560,301,5,43,1.0082517628545683e+19,GALAXY,0.7903337,8955,57451,305
1.2376607659041766e+18,115.060072821525,20.0531831808886,22.97214,23.17186,22.4278,21.35648,20.57368,3560,301,6,40,1.0082551713406149e+19,GALAXY,0.7855008,8955,57451,429
1.237660772883366e+18,152.694201204051,39.8043605681882,22.23376,22.26422,21.95855,22.11439,21.09198,3562,301,3,38,9.936330410807286e+18,QSO,1.44788,8825,57451,959
1.2376609581037007e+18,115.634157819696,19.8295275671836,23.00877,22.53203,21.7117,21.11638,21.86583,3605,301,4,36,1.0082526424638708e+19,GALAXY,0.5355323,8955,57451,337
1.2376607728832353e+18,152.36297505392,39.7532349335217,24.21925,23.01302,21.82183,20.37772,19.75963,3562,301,3,36,9.936318041301471e+18,STAR,3.019569e-05,8825,57451,914
1.237660772883235e+18,152.32301288256,39.8187377124349,21.21264,21.13095,21.25303,21.04273,21.20811,3562,301,3,36,9.936317766423566e+18,QSO,1.787006,8825,57451,913
1.237660772883366e+18,152.693578777209,39.8318978618702,20.01408,19.88981,19.7851,19.64879,19.78564,3562,301,3,38,9.936330685685193e+18,QSO,1.457791,8825,57451,960
1.2376607728829732e+18,151.723564346681,39.4977436727916,21.32814,21.108,21.24127,20.96487,20.69385,3562,301,3,32,9.93628670522008e+18,QSO,1.996137,8825,57451,800
1.237660958641489e+18,116.940897314337,21.5896447817161,24.6461,22.70661,22.07188,21.30919,21.04308,3605,301,5,50,1.0082702346499152e+19,GALAXY,0.7505847,8955,57451,977
1.2376607728829727e+18,151.682658461917,39.4735777785682,22.25135,21.75265,21.53622,21.19667,21.61207,3562,301,3,32,9.936276809615432e+18,QSO,1.942765,8825,57451,764
1.237660765367175e+18,115.167621775433,19.6676260764247,23.56433,22.77266,22.54326,21.86298,21.26768,3560,301,5,38,1.00825459409701e+19,GALAXY,0.2962187,8955,57451,408
1.237661966890173e+18,175.446749713857,41.8786640415956,22.04216,20.92753,20.84338,20.65638,20.35069,3840,301,3,128,9.422900536955656e+18,QSO,2.678547,8369,57451,888
1.237660765367568e+18,115.765280588578,20.2109805458852,24.44403,22.52105,21.69282,21.22768,20.94366,3560,301,5,44,1.00825181783015e+19,GALAXY,0.8323668,8955,57451,307
1.2376607728829071e+18,151.379210551833,39.5146502461446,20.68084,20.31975,20.1975,20.0332,19.96854,3562,301,3,31,9.936274060836362e+18,QSO,1.767992,8825,57451,754
1.2376621945233738e+18,175.322460424046,41.9865627844705,20.70047,20.7719,20.32899,20.40118,20.47352,3893,301,3,127,9.422899437444028e+18,QSO,1.189847,8369,57451,884
1.2376621955967882e+18,174.165407935952,42.7630512959854,23.02039,21.61929,20.8762,20.17993,19.67883,3893,301,5,122,9.422826045042874e+18,QSO,2.25358,8369,57451,617
1.2376607728834317e+18,152.978954503966,39.8656024120842,21.51475,21.19591,20.95894,20.87402,20.78312,3562,301,3,39,9.936326562516589e+18,QSO,1.024965,8825,57451,945
1.237660765367437e+18,115.517754870906,20.1292338142646,22.97873,23.87115,22.51802,21.76759,22.13041,3560,301,5,42,1.0082527524150335e+19,GALAXY,0.7041366,8955,57451,341
1.2376621945233083e+18,175.117387319146,42.0263238740057,22.74971,21.97644,21.53849,21.3511,21.59414,3893,301,3,126,9.422882395013796e+18,STAR,0.000293036,8369,57451,822
1.2376619674271096e+18,175.780983739369,42.2425514269562,26.24104,23.11961,21.44545,20.04728,19.17852,3840,301,4,129,9.422922252310305e+18,QSO,0.085493,8369,57451,967
1.237660765367174e+18,115.013711088808,19.6500617980033,24.86013,22.14553,21.96891,21.48714,20.50823,3560,301,5,38,1.0082557485842192e+19,GALAXY,0.7128811,8955,57451,450
1.2376619668901724e+18,175.501124726056,41.775570735121,19.81247,19.70267,19.49682,19.44381,19.45731,3840,301,3,128,9.422899987199842e+18,QSO,1.165724,8369,57451,886
1.2376609581038968e+18,115.989707908363,20.0426615903716,24.71977,23.23023,22.47399,21.54438,21.80791,3605,301,4,39,1.0082505808795689e+19,GALAXY,0.7579935,8955,57451,262
1.2376619658163003e+18,175.196091024449,40.9330396861448,27.48693,23.4155,21.96486,20.70036,19.59562,3840,301,1,126,9.422703449496375e+18,GALAXY,0.890969,8369,57451,171
1.2376607648304348e+18,115.543335043553,19.5528340494338,23.57867,22.95762,21.93338,21.5831,20.39089,3560,301,4,40,1.0082523126103824e+19,GALAXY,0.7781165,8955,57451,325
1.2376607728829071e+18,151.472212697251,39.4878084567,22.07233,21.51314,21.68437,21.18129,21.53336,3562,301,3,31,9.936275710103804e+18,QSO,1.620794,8825,57451,760
1.237662194523767e+18,176.450964354235,42.0607050890726,21.38184,21.28669,21.20548,20.86023,20.72994,3893,301,3,133,9.422929124257978e+18,QSO,1.780177,8369,57451,992
1.2376619674272407e+18,176.03022190063,42.2718123497277,25.90236,23.52246,21.4223,20.30071,19.50847,3840,301,4,131,9.42293104840333e+18,GALAXY,0.6740115,8369,57451,999
1.2376609581035044e+18,115.1856117712,19.4393806381811,22.40646,22.19466,21.36908,20.45064,20.34781,3605,301,4,33,1.0082544841458473e+19,GALAXY,0.7788246,8955,57451,404
1.2376619668902382e+18,175.720026157531,41.8179945444481,21.99062,20.99516,20.43274,20.14895,20.0364,3840,301,3,129,9.422913181339376e+18,STAR,-5.110841e-05,8369,57451,934
1.2376621955971156e+18,175.098160813474,42.8891963455066,24.86457,23.16776,21.75116,20.45457,19.80793,3893,301,5,127,9.422879921112635e+18,GALAXY,0.5770614,8369,57451,813
1.237660772883366e+18,152.689889267272,39.9464675611384,21.56348,21.46865,21.07466,20.80508,20.53964,3562,301,3,38,9.936326012760777e+18,GALAXY,0.5386458,8825,57451,943
1.2376607728829727e+18,151.561626748283,39.5615572154937,20.21391,20.01007,19.82406,19.62133,19.66173,3562,301,3,32,9.936274610592176e+18,QSO,1.587052,8825,57451,756
1.2376619668903035e+18,175.986952636068,41.8879493035138,21.60533,21.31589,21.3117,21.10876,20.6304,3840,301,3,130,9.422921427676586e+18,QSO,2.520146,8369,57451,964
1.237660772882842e+18,151.261612899824,39.4360921899182,21.46531,21.29838,21.27254,21.05673,20.89368,3562,301,3,30,9.93626526474334e+18,QSO,1.792486,8825,57451,722
1.237660772882908e+18,151.47829208274,39.5311244443547,25.14037,22.98984,21.80896,20.71674,19.95667,3562,301,3,31,9.936275435225897e+18,GALAXY,0.5702972,8825,57451,759
1.237660958641489e+18,116.963739463167,21.4149053327379,23.78631,22.65127,22.00941,21.35023,21.6344,3605,301,5,50,1.0082701796743336e+19,GALAXY,0.809584,8955,57451,975
1.237660772883235e+18,152.363465090912,39.8665428487384,20.5691,20.3926,20.37941,20.22952,20.42105,3562,301,3,36,9.93631749154566e+18,QSO,1.789577,8825,57451,912
1.2376611379594527e+18,152.290472340908,37.4564962473853,21.07928,20.90223,20.6286,20.4475,20.95539,3647,301,3,97,9.9361014375108e+18,QSO,1.489969,8825,57451,126
1.2376607728831695e+18,152.182473163127,39.6044533004771,20.91158,20.69337,20.68575,20.38659,20.55668,3562,301,3,35,9.936319415691008e+18,QSO,1.822737,8825,57451,919
1.2376621945235052e+18,175.734823910942,42.0744176479916,22.64322,21.92006,20.99227,20.31006,20.09912,3893,301,3,129,9.42292527596728e+18,QSO,6.279166,8369,57451,978
1.2376621945232428e+18,174.979872258375,41.9095005595628,21.22136,21.12368,21.23445,21.27629,21.07624,3893,301,3,125,9.42288486891496e+18,QSO,2.045061,8369,57451,831
1.2376621945233083e+18,175.159753546362,42.0032729628768,21.06719,20.87888,20.84933,20.4721,20.64141,3893,301,3,126,9.422883769403333e+18,QSO,1.816329,8369,57451,827
1.2376607728829727e+18,151.534924125809,39.6002743889617,22.06914,22.21581,21.4593,21.43253,20.8644,3562,301,3,32,9.936274885470083e+18,QSO,1.161455,8825,57451,757
1.2376607728830385e+18,151.822004400927,39.5097604035508,22.20571,22.04634,21.44597,21.40054,21.217,3562,301,3,33,9.936297425458452e+18,QSO,1.193633,8825,57451,839
1.237662194523439e+18,175.42688210935,42.0648427815687,22.03489,21.48417,21.31198,20.90043,20.46965,3893,301,3,128,9.42291098231612e+18,QSO,2.214759,8369,57451,926
1.2376607728830385e+18,151.717586877055,39.6155472551903,21.29862,21.18793,20.8386,20.71314,20.36973,3562,301,3,33,9.936285605708452e+18,QSO,1.481053,8825,57451,796
1.2376609586413576e+18,116.808329669701,21.2198056972402,23.24606,22.82621,22.11209,21.68281,22.15993,3605,301,5,48,1.0082688327725896e+19,GALAXY,0.6450319,8955,57451,926
1.237660958103963e+18,116.07898037662,20.2776393002363,23.39605,22.82535,22.55029,21.72483,21.06927,3605,301,4,40,1.0082497287580572e+19,GALAXY,0.637477,8955,57451,231
1.23766076536724e+18,115.284667654016,19.7881630461496,23.06949,22.60421,21.95352,21.76965,21.41337,3560,301,5,39,1.0082536869999172e+19,GALAXY,0.2571899,8955,57451,375
1.2376607728833006e+18,152.502188738537,39.8194636007597,20.46324,20.35585,20.20489,20.32441,20.39503,3562,301,3,37,9.936316941789846e+18,QSO,0.9656917,8825,57451,910
1.2376607728829076e+18,151.34506084703,39.4843953473403,25.19779,23.00332,21.74993,20.62693,19.87779,3562,301,3,31,9.93626444010962e+18,GALAXY,0.7190275,8825,57451,719
1.2376621945231117e+18,174.572346141172,41.9858892710897,19.65238,19.52965,19.33784,19.40935,19.43689,3893,301,3,123,9.422874698432406e+18,QSO,0.9810551,8369,57451,794
1.2376607728827763e+18,151.103071164027,39.2421333601692,22.07665,21.98942,21.8075,21.58916,21.31738,3562,301,3,29,9.93625536913869e+18,QSO,1.129703,8825,57451,686
1.237660772883104e+18,151.872975657571,39.6905791030163,21.56765,21.16754,21.04275,20.89798,21.32852,3562,301,3,34,9.936297150580543e+18,QSO,0.8071938,8825,57451,838
